country,chip,parcel_id,px_x_m,px_y_m,width_published_m,width_ground_m,ratio
india,g0_0030.tif,150,6.0727,6.0586,42.47,42.52,1.0012
india,g0_0030.tif,151,6.0727,6.0586,67.75,67.65,0.9985
india,g0_0030.tif,152,6.0727,6.0586,21.07,21.09,1.0009
india,g0_0030.tif,153,6.0727,6.0586,21.07,21.09,1.0009
india,g0_0030.tif,154,6.0727,6.0586,37.68,37.7,1.0005
india,g0_0073.tif,365,6.0591,6.0574,30.34,30.3,0.9987
india,g0_0073.tif,366,6.0591,6.0574,30.34,30.29,0.9984
india,g0_0073.tif,367,6.0591,6.0574,32.31,32.25,0.9981
india,g0_0073.tif,368,6.0591,6.0574,30.34,30.29,0.9984
india,g0_0073.tif,369,6.0591,6.0574,30.34,30.29,0.9984
india,g0_0091.tif,455,6.0497,6.0618,21.07,21.02,0.9976
india,g0_0091.tif,456,6.0497,6.0618,28.25,28.21,0.9986
india,g0_0091.tif,457,6.0497,6.0618,28.25,28.21,0.9986
india,g0_0091.tif,458,6.0497,6.0618,37.68,37.6,0.9979
india,g0_0091.tif,459,6.0497,6.0618,28.25,28.21,0.9986
india,g0_0140.tif,701,6.0686,6.0608,59.28,59.23,0.9992
india,g0_0140.tif,702,6.0686,6.0608,105.81,105.7,0.999
india,g0_0140.tif,703,6.0686,6.0608,78.88,78.9,1.0003
india,g0_0140.tif,704,6.0686,6.0608,91.77,91.79,1.0002
india,g0_0140.tif,705,6.0686,6.0608,43.97,43.92,0.9989
india,g0_0159.tif,796,6.0394,6.0208,42.47,42.15,0.9925
india,g0_0159.tif,797,6.0394,6.0208,18.2,18.06,0.9923
india,g0_0159.tif,798,6.0394,6.0208,42.47,42.15,0.9925
india,g0_0159.tif,799,6.0394,6.0208,54.61,54.37,0.9956
india,g0_0159.tif,800,6.0394,6.0208,54.61,54.37,0.9956
india,g0_0194.tif,971,6.0236,6.0573,42.47,42.16,0.9927
india,g0_0194.tif,972,6.0236,6.0573,42.47,42.16,0.9927
india,g0_0194.tif,973,6.0236,6.0573,78.88,78.31,0.9928
india,g0_0194.tif,974,6.0236,6.0573,30.34,30.12,0.9927
india,g0_0194.tif,975,6.0236,6.0573,30.34,30.12,0.9927
india,g0_0206.tif,1031,6.1031,6.0978,30.34,30.52,1.0059
india,g0_0206.tif,1032,6.1031,6.0978,45.42,45.67,1.0055
india,g0_0206.tif,1033,6.1031,6.0978,43.97,44.19,1.005
india,g0_0206.tif,1034,6.1031,6.0978,91.77,92.25,1.0052
india,g0_0206.tif,1035,6.1031,6.0978,54.61,54.93,1.0059
india,g0_0258.tif,1291,6.042,6.0208,21.07,20.92,0.9929
india,g0_0258.tif,1292,6.042,6.0208,42.47,42.15,0.9925
india,g0_0258.tif,1293,6.042,6.0208,28.25,28.1,0.9947
india,g0_0258.tif,1294,6.042,6.0208,55.81,55.39,0.9925
india,g0_0258.tif,1295,6.042,6.0208,59.28,58.86,0.9929
india,g0_0259.tif,1296,6.0258,6.0609,81.44,81.23,0.9974
india,g0_0259.tif,1297,6.0258,6.0609,86.35,85.84,0.9941
india,g0_0259.tif,1298,6.0258,6.0609,189.6,189.15,0.9976
india,g0_0259.tif,1299,6.0258,6.0609,183.87,183.49,0.9979
india,g0_0259.tif,1300,6.0258,6.0609,129.6,128.87,0.9944
india,g0_0426.tif,2131,6.115,6.0976,11.09,11.17,1.0072
india,g0_0426.tif,2132,6.115,6.0976,18.2,18.29,1.0049
india,g0_0426.tif,2133,6.115,6.0976,11.09,11.17,1.0072
india,g0_0426.tif,2134,6.115,6.0976,18.2,18.29,1.0049
india,g0_0426.tif,2135,6.115,6.0976,42.47,42.68,1.0049
india,g0_0449.tif,2246,6.058,6.0574,30.34,30.29,0.9984
india,g0_0449.tif,2247,6.058,6.0574,30.34,30.29,0.9984
india,g0_0449.tif,2248,6.058,6.0574,30.34,30.29,0.9984
india,g0_0449.tif,2249,6.058,6.0574,30.34,30.29,0.9984
india,g0_0449.tif,2250,6.058,6.0574,42.47,42.41,0.9986
india,g0_0476.tif,2381,6.0307,6.0608,71.63,71.35,0.9961
india,g0_0476.tif,2382,6.0307,6.0608,37.68,37.52,0.9958
india,g0_0476.tif,2383,6.0307,6.0608,37.68,37.61,0.9981
india,g0_0476.tif,2384,6.0307,6.0608,43.97,43.93,0.9991
india,g0_0476.tif,2385,6.0307,6.0608,37.68,37.61,0.9981
india,g0_0516.tif,2581,6.0991,6.0616,48.2,48.42,1.0046
india,g0_0516.tif,2582,6.0991,6.0616,37.68,37.73,1.0013
india,g0_0516.tif,2583,6.0991,6.0616,18.2,18.33,1.0071
india,g0_0516.tif,2584,6.0991,6.0616,28.25,28.33,1.0028
india,g0_0516.tif,2585,6.0991,6.0616,30.34,30.31,0.999
india,g0_0566.tif,2831,6.0975,6.0965,30.34,30.49,1.0049
india,g0_0566.tif,2832,6.0975,6.0965,21.07,21.17,1.0047
india,g0_0566.tif,2833,6.0975,6.0965,28.25,28.39,1.005
india,g0_0566.tif,2834,6.0975,6.0965,28.25,28.39,1.005
india,g0_0566.tif,2835,6.0975,6.0965,28.25,28.39,1.005
india,g0_0586.tif,2931,6.0545,6.0604,30.34,30.27,0.9977
india,g0_0586.tif,2932,6.0545,6.0604,43.97,43.87,0.9977
india,g0_0586.tif,2933,6.0545,6.0604,66.74,66.6,0.9979
india,g0_0586.tif,2934,6.0545,6.0604,30.34,30.27,0.9977
india,g0_0586.tif,2935,6.0545,6.0604,42.47,42.38,0.9979
india,g0_0590.tif,2951,6.068,6.1026,32.31,32.33,1.0006
india,g0_0590.tif,2952,6.068,6.1026,66.74,66.75,1.0001
india,g0_0590.tif,2953,6.068,6.1026,91.01,91.02,1.0001
india,g0_0590.tif,2954,6.068,6.1026,78.88,79.37,1.0062
india,g0_0590.tif,2955,6.068,6.1026,82.27,82.75,1.0058
india,g0_0628.tif,3142,6.0646,6.0224,78.88,78.88,1.0
india,g0_0628.tif,3143,6.0646,6.0224,54.61,54.2,0.9925
india,g0_0628.tif,3144,6.0646,6.0224,42.47,42.49,1.0005
india,g0_0628.tif,3145,6.0646,6.0224,55.81,55.81,1.0
india,g0_0628.tif,3146,6.0646,6.0224,54.61,54.2,0.9925
india,g0_0629.tif,3147,6.0787,6.0613,21.07,21.06,0.9995
india,g0_0629.tif,3148,6.0787,6.0613,32.31,32.28,0.9991
india,g0_0629.tif,3149,6.0787,6.0613,28.25,28.28,1.0011
india,g0_0629.tif,3150,6.0787,6.0613,28.25,28.28,1.0011
india,g0_0629.tif,3151,6.0787,6.0613,30.34,30.31,0.999
india,g0_0633.tif,3167,6.0158,6.0604,42.47,42.11,0.9915
india,g0_0633.tif,3168,6.0158,6.0604,54.61,54.59,0.9996
india,g0_0633.tif,3169,6.0158,6.0604,115.88,115.79,0.9992
india,g0_0633.tif,3170,6.0158,6.0604,42.47,42.11,0.9915
india,g0_0633.tif,3171,6.0158,6.0604,42.47,42.11,0.9915
india,g0_0650.tif,3252,6.0484,6.0598,28.25,28.2,0.9982
india,g0_0650.tif,3253,6.0484,6.0598,21.07,21.04,0.9986
india,g0_0650.tif,3254,6.0484,6.0598,30.34,30.31,0.999
india,g0_0650.tif,3255,6.0484,6.0598,32.31,32.27,0.9988
india,g0_0650.tif,3256,6.0484,6.0598,32.31,32.27,0.9988
india,g0_0696.tif,3482,6.0458,6.0584,30.34,30.23,0.9964
india,g0_0696.tif,3483,6.0458,6.0584,32.31,32.26,0.9985
india,g0_0696.tif,3484,6.0458,6.0584,11.09,11.07,0.9982
india,g0_0696.tif,3485,6.0458,6.0584,30.34,30.3,0.9987
india,g0_0696.tif,3486,6.0458,6.0584,18.2,18.19,0.9995
india,g0_0705.tif,3527,6.0654,6.0978,21.07,21.09,1.0009
india,g0_0705.tif,3528,6.0654,6.0978,18.2,18.2,1.0
india,g0_0705.tif,3529,6.0654,6.0978,28.25,28.34,1.0032
india,g0_0705.tif,3530,6.0654,6.0978,18.2,18.33,1.0071
india,g0_0705.tif,3531,6.0654,6.0978,18.2,18.33,1.0071
india,g0_0710.tif,3552,6.0301,6.021,30.34,30.16,0.9941
india,g0_0710.tif,3553,6.0301,6.021,30.34,30.11,0.9924
india,g0_0710.tif,3554,6.0301,6.021,28.25,28.06,0.9933
india,g0_0710.tif,3555,6.0301,6.021,30.34,30.16,0.9941
india,g0_0710.tif,3556,6.0301,6.021,30.34,30.11,0.9924
india,g0_0724.tif,3622,6.0675,6.0181,42.47,42.52,1.0012
india,g0_0724.tif,3623,6.0675,6.0181,54.61,54.16,0.9918
india,g0_0724.tif,3624,6.0675,6.0181,42.47,42.13,0.992
india,g0_0724.tif,3625,6.0675,6.0181,43.97,43.99,1.0005
india,g0_0724.tif,3626,6.0675,6.0181,42.47,42.13,0.992
india,g0_0737.tif,3687,6.0519,6.0597,75.33,75.16,0.9977
india,g0_0737.tif,3688,6.0519,6.0597,48.2,48.09,0.9977
india,g0_0737.tif,3689,6.0519,6.0597,48.2,48.09,0.9977
india,g0_0737.tif,3690,6.0519,6.0597,59.28,59.14,0.9976
india,g0_0737.tif,3691,6.0519,6.0597,59.28,59.14,0.9976
india,g0_0773.tif,3867,6.066,6.0608,103.15,103.13,0.9998
india,g0_0773.tif,3868,6.066,6.0608,115.28,115.26,0.9998
india,g0_0773.tif,3869,6.066,6.0608,66.74,66.67,0.999
india,g0_0773.tif,3870,6.066,6.0608,55.81,55.75,0.9989
india,g0_0773.tif,3871,6.066,6.0608,75.33,75.31,0.9997
india,g0_0792.tif,3957,6.1039,6.0963,42.47,42.67,1.0047
india,g0_0792.tif,3958,6.1039,6.0963,30.34,30.48,1.0046
india,g0_0792.tif,3959,6.1039,6.0963,30.34,30.48,1.0046
india,g0_0792.tif,3960,6.1039,6.0963,32.31,32.47,1.005
india,g0_0792.tif,3961,6.1039,6.0963,30.34,30.53,1.0063
india,g0_0803.tif,4012,6.0562,6.0582,21.07,21.04,0.9986
india,g0_0803.tif,4013,6.0562,6.0582,30.34,30.29,0.9984
india,g0_0803.tif,4014,6.0562,6.0582,30.34,30.28,0.998
india,g0_0803.tif,4015,6.0562,6.0582,30.34,30.29,0.9984
india,g0_0803.tif,4016,6.0562,6.0582,37.68,37.63,0.9987
india,g0_0807.tif,4032,6.0574,6.0617,28.25,28.22,0.9989
india,g0_0807.tif,4033,6.0574,6.0617,11.09,11.08,0.9991
india,g0_0807.tif,4034,6.0574,6.0617,21.07,21.04,0.9986
india,g0_0807.tif,4035,6.0574,6.0617,18.2,18.17,0.9984
india,g0_0807.tif,4036,6.0574,6.0617,21.07,21.04,0.9986
india,g0_0808.tif,4037,6.0448,6.0598,78.88,78.79,0.9989
india,g0_0808.tif,4038,6.0448,6.0598,66.74,66.67,0.999
india,g0_0808.tif,4039,6.0448,6.0598,64.69,64.58,0.9983
india,g0_0808.tif,4040,6.0448,6.0598,67.75,67.67,0.9988
india,g0_0808.tif,4041,6.0448,6.0598,59.28,59.08,0.9966
india,g0_0879.tif,4392,6.0624,6.0635,54.61,54.56,0.9991
india,g0_0879.tif,4393,6.0624,6.0635,105.81,105.72,0.9991
india,g0_0879.tif,4394,6.0624,6.0635,78.88,78.83,0.9994
india,g0_0879.tif,4395,6.0624,6.0635,42.47,42.45,0.9995
india,g0_0879.tif,4396,6.0624,6.0635,91.01,90.95,0.9993
india,g0_0943.tif,4712,6.05,6.0597,54.61,54.51,0.9982
india,g0_0943.tif,4713,6.05,6.0597,32.31,32.22,0.9972
india,g0_0943.tif,4714,6.05,6.0597,66.74,66.55,0.9972
india,g0_0943.tif,4715,6.05,6.0597,48.2,48.13,0.9985
india,g0_0943.tif,4716,6.05,6.0597,54.61,54.51,0.9982
india,g0_0957.tif,4782,6.0373,6.06,54.61,54.42,0.9965
india,g0_0957.tif,4783,6.0373,6.06,37.68,37.55,0.9965
india,g0_0957.tif,4784,6.0373,6.06,54.61,54.42,0.9965
india,g0_0957.tif,4785,6.0373,6.06,59.28,59.02,0.9956
india,g0_0957.tif,4786,6.0373,6.06,37.68,37.55,0.9965
india,g0_0979.tif,4892,6.0363,6.06,78.88,78.8,0.999
india,g0_0979.tif,4893,6.0363,6.06,66.74,66.4,0.9949
india,g0_0979.tif,4894,6.0363,6.06,82.27,82.17,0.9988
india,g0_0979.tif,4895,6.0363,6.06,78.88,78.8,0.999
india,g0_0979.tif,4896,6.0363,6.06,66.74,66.68,0.9991
india,g0_1005.tif,5022,6.0712,6.0607,67.75,67.67,0.9988
india,g0_1005.tif,5023,6.0712,6.0607,70.68,70.62,0.9992
india,g0_1005.tif,5024,6.0712,6.0607,94.0,93.91,0.999
india,g0_1005.tif,5025,6.0712,6.0607,103.15,103.03,0.9988
india,g0_1005.tif,5026,6.0712,6.0607,103.15,103.03,0.9988
india,g0_1180.tif,5897,6.0623,6.0635,54.61,54.56,0.9991
india,g0_1180.tif,5898,6.0623,6.0635,55.81,55.76,0.9991
india,g0_1180.tif,5899,6.0623,6.0635,66.74,66.68,0.9991
india,g0_1180.tif,5900,6.0623,6.0635,163.82,163.72,0.9994
india,g0_1180.tif,5901,6.0623,6.0635,147.43,147.31,0.9992
india,g0_1210.tif,6047,6.0486,6.0605,48.2,48.07,0.9973
india,g0_1210.tif,6048,6.0486,6.0605,21.07,21.01,0.9972
india,g0_1210.tif,6049,6.0486,6.0605,37.68,37.59,0.9976
india,g0_1210.tif,6050,6.0486,6.0605,45.42,45.33,0.998
india,g0_1210.tif,6051,6.0486,6.0605,32.31,32.21,0.9969
india,g0_1234.tif,6167,6.0243,6.0602,37.68,37.5,0.9952
india,g0_1234.tif,6168,6.0243,6.0602,32.31,32.28,0.9991
india,g0_1234.tif,6169,6.0243,6.0602,28.25,28.16,0.9968
india,g0_1234.tif,6170,6.0243,6.0602,37.68,37.6,0.9979
india,g0_1234.tif,6171,6.0243,6.0602,81.44,81.22,0.9973
india,g0_1243.tif,6212,6.0329,6.0608,42.47,42.45,0.9995
india,g0_1243.tif,6213,6.0329,6.0608,64.69,64.41,0.9957
india,g0_1243.tif,6214,6.0329,6.0608,70.68,70.31,0.9948
india,g0_1243.tif,6215,6.0329,6.0608,28.25,28.17,0.9972
india,g0_1243.tif,6216,6.0329,6.0608,18.2,18.1,0.9945
india,g0_1245.tif,6222,6.0749,6.1367,18.2,18.47,1.0148
india,g0_1245.tif,6223,6.0749,6.1367,18.2,18.47,1.0148
india,g0_1245.tif,6224,6.0749,6.1367,18.2,18.47,1.0148
india,g0_1245.tif,6225,6.0749,6.1367,18.2,18.22,1.0011
india,g0_1245.tif,6226,6.0749,6.1367,28.25,28.47,1.0078
india,g0_1263.tif,6312,6.0099,6.0207,37.68,37.38,0.992
india,g0_1263.tif,6313,6.0099,6.0207,43.97,43.63,0.9923
india,g0_1263.tif,6314,6.0099,6.0207,59.28,58.82,0.9922
india,g0_1263.tif,6315,6.0099,6.0207,54.61,54.13,0.9912
india,g0_1263.tif,6316,6.0099,6.0207,64.69,64.11,0.991
india,g0_1316.tif,6577,6.0505,6.0583,30.34,30.25,0.997
india,g0_1316.tif,6578,6.0505,6.0583,18.2,18.15,0.9973
india,g0_1316.tif,6579,6.0505,6.0583,18.2,18.15,0.9973
india,g0_1316.tif,6580,6.0505,6.0583,42.47,42.35,0.9972
india,g0_1316.tif,6581,6.0505,6.0583,18.2,18.15,0.9973
india,g0_1343.tif,6712,6.1009,6.0635,54.61,54.57,0.9993
india,g0_1343.tif,6713,6.1009,6.0635,91.01,91.55,1.0059
india,g0_1343.tif,6714,6.1009,6.0635,103.15,103.08,0.9993
india,g0_1343.tif,6715,6.1009,6.0635,120.62,121.26,1.0053
india,g0_1343.tif,6716,6.1009,6.0635,115.28,115.21,0.9994
india,g0_1367.tif,6832,6.0908,6.0617,42.47,42.43,0.9991
india,g0_1367.tif,6833,6.0908,6.0617,43.97,44.15,1.0041
india,g0_1367.tif,6834,6.0908,6.0617,55.81,56.04,1.0041
india,g0_1367.tif,6835,6.0908,6.0617,37.68,37.8,1.0032
india,g0_1367.tif,6836,6.0908,6.0617,30.34,30.31,0.999
india,g0_1399.tif,6993,6.0616,6.0602,86.35,86.25,0.9988
india,g0_1399.tif,6994,6.0616,6.0602,59.28,59.22,0.999
india,g0_1399.tif,6995,6.0616,6.0602,66.74,66.68,0.9991
india,g0_1399.tif,6996,6.0616,6.0602,54.61,54.56,0.9991
india,g0_1399.tif,6997,6.0616,6.0602,97.61,97.5,0.9989
india,g0_1402.tif,7008,6.0698,6.0608,66.74,66.78,1.0006
india,g0_1402.tif,7009,6.0698,6.0608,42.47,42.43,0.9991
india,g0_1402.tif,7010,6.0698,6.0608,30.34,30.3,0.9987
india,g0_1402.tif,7011,6.0698,6.0608,37.68,37.66,0.9995
india,g0_1402.tif,7012,6.0698,6.0608,78.88,78.79,0.9989
india,g0_1460.tif,7298,6.0133,6.0597,42.47,42.09,0.9911
india,g0_1460.tif,7299,6.0133,6.0597,32.31,32.28,0.9991
india,g0_1460.tif,7300,6.0133,6.0597,42.47,42.09,0.9911
india,g0_1460.tif,7301,6.0133,6.0597,30.34,30.07,0.9911
india,g0_1460.tif,7302,6.0133,6.0597,66.74,66.15,0.9912
india,g0_1489.tif,7443,6.0628,6.0211,48.2,48.13,0.9985
india,g0_1489.tif,7444,6.0628,6.0211,66.74,66.73,0.9999
india,g0_1489.tif,7445,6.0628,6.0211,78.88,78.27,0.9923
india,g0_1489.tif,7446,6.0628,6.0211,54.61,54.61,1.0
india,g0_1489.tif,7447,6.0628,6.0211,55.81,55.4,0.9927
india,g0_1494.tif,7468,6.0436,6.0997,54.61,54.39,0.996
india,g0_1494.tif,7469,6.0436,6.0997,78.88,79.35,1.006
india,g0_1494.tif,7470,6.0436,6.0997,54.61,54.39,0.996
india,g0_1494.tif,7471,6.0436,6.0997,88.71,88.72,1.0001
india,g0_1494.tif,7472,6.0436,6.0997,78.88,78.57,0.9961
india,g0_1504.tif,7518,6.1256,6.0974,30.34,30.66,1.0105
india,g0_1504.tif,7519,6.1256,6.0974,42.47,42.91,1.0104
india,g0_1504.tif,7520,6.1256,6.0974,48.2,48.49,1.006
india,g0_1504.tif,7521,6.1256,6.0974,30.34,30.66,1.0105
india,g0_1504.tif,7522,6.1256,6.0974,30.34,30.66,1.0105
india,g0_1507.tif,7533,6.1086,6.0977,21.07,21.18,1.0052
india,g0_1507.tif,7534,6.1086,6.0977,28.25,28.43,1.0064
india,g0_1507.tif,7535,6.1086,6.0977,28.25,28.43,1.0064
india,g0_1507.tif,7536,6.1086,6.0977,18.2,18.34,1.0077
india,g0_1507.tif,7537,6.1086,6.0977,28.25,28.43,1.0064
india,g0_1539.tif,7693,6.065,6.0609,64.69,64.63,0.9991
india,g0_1539.tif,7694,6.065,6.0609,54.61,54.56,0.9991
india,g0_1539.tif,7695,6.065,6.0609,86.35,86.31,0.9995
india,g0_1539.tif,7696,6.065,6.0609,135.97,135.83,0.999
india,g0_1539.tif,7697,6.065,6.0609,79.74,79.71,0.9996
india,g0_1550.tif,7748,6.059,6.0603,43.97,43.91,0.9986
india,g0_1550.tif,7749,6.059,6.0603,48.2,48.14,0.9988
india,g0_1550.tif,7750,6.059,6.0603,42.47,42.42,0.9988
india,g0_1550.tif,7751,6.059,6.0603,54.61,54.53,0.9985
india,g0_1550.tif,7752,6.059,6.0603,30.34,30.3,0.9987
india,g0_1607.tif,8033,6.0524,6.0604,103.15,103.03,0.9988
india,g0_1607.tif,8034,6.0524,6.0604,91.01,90.91,0.9989
india,g0_1607.tif,8035,6.0524,6.0604,115.28,115.16,0.999
india,g0_1607.tif,8036,6.0524,6.0604,78.88,78.79,0.9989
india,g0_1607.tif,8037,6.0524,6.0604,91.01,90.91,0.9989
india,g0_1635.tif,8173,6.0577,6.0603,54.61,54.55,0.9989
india,g0_1635.tif,8174,6.0577,6.0603,54.61,54.52,0.9984
india,g0_1635.tif,8175,6.0577,6.0603,32.31,32.27,0.9988
india,g0_1635.tif,8176,6.0577,6.0603,32.31,32.27,0.9988
india,g0_1635.tif,8177,6.0577,6.0603,48.2,48.14,0.9988
india,g0_1651.tif,8253,6.0794,6.1024,67.75,68.15,1.0059
india,g0_1651.tif,8254,6.0794,6.1024,64.69,65.02,1.0051
india,g0_1651.tif,8255,6.0794,6.1024,67.75,68.15,1.0059
india,g0_1651.tif,8256,6.0794,6.1024,59.28,59.61,1.0056
india,g0_1651.tif,8257,6.0794,6.1024,55.81,56.14,1.0059
india,g0_1687.tif,8433,6.034,6.0216,43.97,43.73,0.9945
india,g0_1687.tif,8434,6.034,6.0216,28.25,28.08,0.994
india,g0_1687.tif,8435,6.034,6.0216,21.07,20.92,0.9929
india,g0_1687.tif,8436,6.034,6.0216,42.47,42.25,0.9948
india,g0_1687.tif,8437,6.034,6.0216,21.07,20.92,0.9929
india,g0_1721.tif,8603,6.0617,6.0964,21.07,21.17,1.0047
india,g0_1721.tif,8604,6.0617,6.0964,42.47,42.71,1.0057
india,g0_1721.tif,8605,6.0617,6.0964,42.47,42.71,1.0057
india,g0_1721.tif,8606,6.0617,6.0964,42.47,42.71,1.0057
india,g0_1721.tif,8607,6.0617,6.0964,54.61,54.56,0.9991
india,g0_1762.tif,8808,6.0145,6.0597,45.42,45.21,0.9954
india,g0_1762.tif,8809,6.0145,6.0597,37.68,37.58,0.9973
india,g0_1762.tif,8810,6.0145,6.0597,37.68,37.46,0.9942
india,g0_1762.tif,8811,6.0145,6.0597,37.68,37.46,0.9942
india,g0_1762.tif,8812,6.0145,6.0597,43.97,43.93,0.9991
india,g0_1776.tif,8878,6.036,6.06,32.31,32.15,0.995
india,g0_1776.tif,8879,6.036,6.06,30.34,30.18,0.9947
india,g0_1776.tif,8880,6.036,6.06,37.68,37.54,0.9963
india,g0_1776.tif,8881,6.036,6.06,37.68,37.54,0.9963
india,g0_1776.tif,8882,6.036,6.06,30.34,30.32,0.9993
india,g0_1794.tif,8968,6.0433,6.0208,32.31,32.07,0.9926
india,g0_1794.tif,8969,6.0433,6.0208,28.25,28.1,0.9947
india,g0_1794.tif,8970,6.0433,6.0208,32.31,32.19,0.9963
india,g0_1794.tif,8971,6.0433,6.0208,21.07,20.93,0.9934
india,g0_1794.tif,8972,6.0433,6.0208,28.25,28.1,0.9947
india,g0_1806.tif,9028,6.0967,6.061,86.35,86.72,1.0043
india,g0_1806.tif,9029,6.0967,6.061,75.33,75.64,1.0041
india,g0_1806.tif,9030,6.0967,6.061,43.97,44.2,1.0052
india,g0_1806.tif,9031,6.0967,6.061,30.34,30.52,1.0059
india,g0_1806.tif,9032,6.0967,6.061,59.28,59.27,0.9998
india,g0_1820.tif,9098,6.0567,6.0617,18.2,18.19,0.9995
india,g0_1820.tif,9099,6.0567,6.0617,30.34,30.28,0.998
india,g0_1820.tif,9100,6.0567,6.0617,21.07,21.05,0.9991
india,g0_1820.tif,9101,6.0567,6.0617,28.25,28.22,0.9989
india,g0_1820.tif,9102,6.0567,6.0617,30.34,30.28,0.998
india,g0_1822.tif,9108,6.0854,6.0598,42.47,42.62,1.0035
india,g0_1822.tif,9109,6.0854,6.0598,30.34,30.45,1.0036
india,g0_1822.tif,9110,6.0854,6.0598,30.34,30.45,1.0036
india,g0_1822.tif,9111,6.0854,6.0598,32.31,32.41,1.0031
india,g0_1822.tif,9112,6.0854,6.0598,30.34,30.45,1.0036
india,g0_1839.tif,9193,6.1012,6.102,18.2,18.31,1.006
india,g0_1839.tif,9194,6.1012,6.102,70.68,71.07,1.0055
india,g0_1839.tif,9195,6.1012,6.102,37.68,37.9,1.0058
india,g0_1839.tif,9196,6.1012,6.102,91.01,91.52,1.0056
india,g0_1839.tif,9197,6.1012,6.102,91.01,91.52,1.0056
india,g0_1845.tif,9223,6.0533,6.0597,32.31,32.27,0.9988
india,g0_1845.tif,9224,6.0533,6.0597,28.25,28.21,0.9986
india,g0_1845.tif,9225,6.0533,6.0597,43.97,43.91,0.9986
india,g0_1845.tif,9226,6.0533,6.0597,28.25,28.21,0.9986
india,g0_1845.tif,9227,6.0533,6.0597,45.42,45.34,0.9982
india,g0_1850.tif,9248,6.0214,6.0603,42.47,42.46,0.9998
india,g0_1850.tif,9249,6.0214,6.0603,18.2,18.22,1.0011
india,g0_1850.tif,9250,6.0214,6.0603,42.47,42.15,0.9925
india,g0_1850.tif,9251,6.0214,6.0603,30.34,30.34,1.0
india,g0_1850.tif,9252,6.0214,6.0603,21.07,21.05,0.9991
india,g0_1869.tif,9343,6.0496,6.0597,54.61,54.48,0.9976
india,g0_1869.tif,9344,6.0496,6.0597,75.33,75.22,0.9985
india,g0_1869.tif,9345,6.0496,6.0597,37.68,37.63,0.9987
india,g0_1869.tif,9346,6.0496,6.0597,79.74,79.58,0.998
india,g0_1869.tif,9347,6.0496,6.0597,59.28,59.2,0.9987
india,g0_1901.tif,9503,6.0532,6.0604,42.47,42.43,0.9991
india,g0_1901.tif,9504,6.0532,6.0604,42.47,42.43,0.9991
india,g0_1901.tif,9505,6.0532,6.0604,66.74,66.59,0.9978
india,g0_1901.tif,9506,6.0532,6.0604,70.68,70.52,0.9977
india,g0_1901.tif,9507,6.0532,6.0604,54.61,54.55,0.9989
india,g0_1922.tif,9608,6.0639,6.0609,42.47,42.43,0.9991
india,g0_1922.tif,9609,6.0639,6.0609,78.88,78.79,0.9989
india,g0_1922.tif,9610,6.0639,6.0609,42.47,42.45,0.9995
india,g0_1922.tif,9611,6.0639,6.0609,91.01,90.91,0.9989
india,g0_1922.tif,9612,6.0639,6.0609,42.47,42.45,0.9995
india,g0_1938.tif,9688,6.0728,6.0216,54.61,54.19,0.9923
india,g0_1938.tif,9689,6.0728,6.0216,42.47,42.15,0.9925
india,g0_1938.tif,9690,6.0728,6.0216,54.61,54.71,1.0018
india,g0_1938.tif,9691,6.0728,6.0216,37.68,37.66,0.9995
india,g0_1938.tif,9692,6.0728,6.0216,66.74,66.24,0.9925
india,g0_1951.tif,9753,6.1022,6.0573,37.68,37.85,1.0045
india,g0_1951.tif,9754,6.1022,6.0573,30.34,30.29,0.9984
india,g0_1951.tif,9755,6.1022,6.0573,42.47,42.4,0.9984
india,g0_1951.tif,9756,6.1022,6.0573,28.25,28.34,1.0032
india,g0_1951.tif,9757,6.1022,6.0573,30.34,30.56,1.0073
india,g0_1985.tif,9923,6.0627,6.0609,82.27,82.21,0.9993
india,g0_1985.tif,9924,6.0627,6.0609,115.28,115.19,0.9992
india,g0_1985.tif,9925,6.0627,6.0609,30.34,30.3,0.9987
india,g0_1985.tif,9926,6.0627,6.0609,32.31,32.27,0.9988
india,g0_1985.tif,9927,6.0627,6.0609,48.2,48.15,0.999
india,g1_0255.tif,1276,6.0929,6.1001,18.2,18.31,1.006
india,g1_0255.tif,1277,6.0929,6.1001,18.2,18.31,1.006
india,g1_0255.tif,1278,6.0929,6.1001,18.2,18.31,1.006
india,g1_0255.tif,1279,6.0929,6.1001,18.2,18.31,1.006
india,g1_0255.tif,1280,6.0929,6.1001,18.2,18.31,1.006
india,g1_0263.tif,1317,6.0703,6.0614,30.34,30.31,0.999
india,g1_0263.tif,1318,6.0703,6.0614,55.81,55.76,0.9991
india,g1_0263.tif,1319,6.0703,6.0614,21.07,21.05,0.9991
india,g1_0263.tif,1320,6.0703,6.0614,21.07,21.05,0.9991
india,g1_0264.tif,1321,6.1195,6.1003,30.34,30.62,1.0092
india,g1_0264.tif,1322,6.1195,6.1003,18.2,18.38,1.0099
india,g1_0264.tif,1323,6.1195,6.1003,30.34,30.5,1.0053
india,g1_0264.tif,1324,6.1195,6.1003,21.07,21.2,1.0062
india,g1_0264.tif,1325,6.1195,6.1003,32.31,32.49,1.0056
india,g1_0474.tif,2371,6.076,6.1004,18.2,18.23,1.0016
india,g1_0474.tif,2372,6.076,6.1004,30.34,30.38,1.0013
india,g1_0474.tif,2373,6.076,6.1004,28.25,28.36,1.0039
india,g1_0474.tif,2374,6.076,6.1004,18.2,18.23,1.0016
india,g1_0474.tif,2375,6.076,6.1004,18.2,18.33,1.0071
india,g1_0482.tif,2411,6.133,6.1008,28.25,28.5,1.0088
india,g1_0482.tif,2412,6.133,6.1008,21.07,21.21,1.0066
india,g1_0482.tif,2413,6.133,6.1008,45.42,45.8,1.0084
india,g1_0482.tif,2414,6.133,6.1008,43.97,44.22,1.0057
india,g1_0482.tif,2415,6.133,6.1008,48.2,48.7,1.0104
india,g1_0530.tif,2651,6.088,6.0631,42.47,42.64,1.004
india,g1_0530.tif,2652,6.088,6.0631,28.25,28.31,1.0021
india,g1_0530.tif,2653,6.088,6.0631,18.2,18.29,1.0049
india,g1_0530.tif,2654,6.088,6.0631,18.2,18.19,0.9995
india,g1_0530.tif,2655,6.088,6.0631,37.68,37.78,1.0027
india,g1_0589.tif,2946,6.1086,6.1396,32.31,32.55,1.0074
india,g1_0589.tif,2947,6.1086,6.1396,32.31,32.7,1.0121
india,g1_0589.tif,2948,6.1086,6.1396,37.68,38.01,1.0088
india,g1_0589.tif,2949,6.1086,6.1396,32.31,32.55,1.0074
india,g1_0589.tif,2950,6.1086,6.1396,30.34,30.73,1.0129
india,g1_0730.tif,3652,6.0759,6.0633,42.47,42.44,0.9993
india,g1_0730.tif,3653,6.0759,6.0633,30.34,30.39,1.0016
india,g1_0730.tif,3654,6.0759,6.0633,37.68,37.72,1.0011
india,g1_0730.tif,3655,6.0759,6.0633,32.31,32.36,1.0015
india,g1_0730.tif,3656,6.0759,6.0633,43.97,43.94,0.9993
india,g1_0775.tif,3877,6.1424,6.1019,42.47,42.71,1.0057
india,g1_0775.tif,3878,6.1424,6.1019,37.68,37.99,1.0082
india,g1_0775.tif,3879,6.1424,6.1019,42.47,42.71,1.0057
india,g1_0775.tif,3880,6.1424,6.1019,28.25,28.53,1.0099
india,g1_0775.tif,3881,6.1424,6.1019,32.31,32.52,1.0065
india,g1_0817.tif,4082,6.1194,6.1003,42.47,42.7,1.0054
india,g1_0817.tif,4083,6.1194,6.1003,42.47,42.7,1.0054
india,g1_0817.tif,4084,6.1194,6.1003,32.31,32.49,1.0056
india,g1_0817.tif,4085,6.1194,6.1003,43.97,44.21,1.0055
india,g1_0817.tif,4086,6.1194,6.1003,43.97,44.35,1.0086
india,g1_0890.tif,4447,6.1093,6.0634,37.68,37.76,1.0021
india,g1_0890.tif,4448,6.1093,6.0634,37.68,37.76,1.0021
india,g1_0890.tif,4449,6.1093,6.0634,45.42,45.58,1.0035
india,g1_0890.tif,4450,6.1093,6.0634,28.25,28.37,1.0042
india,g1_0890.tif,4451,6.1093,6.0634,28.25,28.37,1.0042
india,g1_1012.tif,5057,6.106,6.1006,37.68,37.92,1.0064
india,g1_1012.tif,5058,6.106,6.1006,32.31,32.49,1.0056
india,g1_1012.tif,5059,6.106,6.1006,30.34,30.54,1.0066
india,g1_1012.tif,5060,6.106,6.1006,30.34,30.54,1.0066
india,g1_1012.tif,5061,6.106,6.1006,42.47,42.7,1.0054
india,g1_1072.tif,5357,6.105,6.0628,28.25,28.35,1.0035
india,g1_1072.tif,5358,6.105,6.0628,18.2,18.36,1.0088
india,g1_1072.tif,5359,6.105,6.0628,18.2,18.36,1.0088
india,g1_1072.tif,5360,6.105,6.0628,21.07,21.2,1.0062
india,g1_1072.tif,5361,6.105,6.0628,21.07,21.2,1.0062
india,g1_1136.tif,5677,6.0866,6.1002,37.68,37.83,1.004
india,g1_1136.tif,5678,6.0866,6.1002,54.61,54.87,1.0048
india,g1_1136.tif,5679,6.0866,6.1002,43.97,44.11,1.0032
india,g1_1136.tif,5680,6.0866,6.1002,42.47,42.61,1.0033
india,g1_1136.tif,5681,6.0866,6.1002,42.47,42.72,1.0059
india,g1_1191.tif,5952,6.1002,6.0629,28.25,28.34,1.0032
india,g1_1191.tif,5953,6.1002,6.0629,11.09,11.14,1.0045
india,g1_1191.tif,5954,6.1002,6.0629,18.2,18.34,1.0077
india,g1_1191.tif,5955,6.1002,6.0629,18.2,18.34,1.0077
india,g1_1191.tif,5956,6.1002,6.0629,18.2,18.34,1.0077
india,g1_1248.tif,6237,6.0969,6.1007,32.31,32.47,1.005
india,g1_1248.tif,6238,6.0969,6.1007,28.25,28.4,1.0053
india,g1_1248.tif,6239,6.0969,6.1007,32.31,32.47,1.005
india,g1_1248.tif,6240,6.0969,6.1007,37.68,37.88,1.0053
india,g1_1248.tif,6241,6.0969,6.1007,42.47,42.71,1.0057
india,g1_1530.tif,7648,6.0916,6.0617,28.25,28.31,1.0021
india,g1_1530.tif,7649,6.0916,6.0617,21.07,21.07,1.0
india,g1_1530.tif,7650,6.0916,6.0617,21.07,21.07,1.0
india,g1_1530.tif,7651,6.0916,6.0617,30.34,30.31,0.999
india,g1_1530.tif,7652,6.0916,6.0617,30.34,30.49,1.0049
india,g1_1556.tif,7778,6.0988,6.1007,30.34,30.49,1.0049
india,g1_1556.tif,7779,6.0988,6.1007,42.47,42.69,1.0052
india,g1_1556.tif,7780,6.0988,6.1007,30.34,30.49,1.0049
india,g1_1556.tif,7781,6.0988,6.1007,42.47,42.69,1.0052
india,g1_1556.tif,7782,6.0988,6.1007,54.61,54.89,1.0051
india,g1_1578.tif,7888,6.0886,6.1022,18.2,18.27,1.0038
india,g1_1578.tif,7889,6.0886,6.1022,18.2,18.27,1.0038
india,g1_1578.tif,7890,6.0886,6.1022,37.68,37.85,1.0045
india,g1_1578.tif,7891,6.0886,6.1022,42.47,42.62,1.0035
india,g1_1578.tif,7892,6.0886,6.1022,18.2,18.27,1.0038
india,g1_1703.tif,8513,6.1303,6.1001,32.31,32.5,1.0059
india,g1_1703.tif,8514,6.1303,6.1001,30.34,30.68,1.0112
india,g1_1703.tif,8515,6.1303,6.1001,18.2,18.42,1.0121
india,g1_1703.tif,8516,6.1303,6.1001,28.25,28.49,1.0085
india,g1_1703.tif,8517,6.1303,6.1001,30.34,30.5,1.0053
india,g1_1747.tif,8733,6.1373,6.102,30.34,30.72,1.0125
india,g1_1747.tif,8734,6.1373,6.102,37.68,38.08,1.0106
india,g1_1747.tif,8735,6.1373,6.102,21.07,21.22,1.0071
india,g1_1747.tif,8736,6.1373,6.102,30.34,30.72,1.0125
india,g1_1747.tif,8737,6.1373,6.102,18.2,18.45,1.0137
india,g1_1828.tif,9138,6.0688,6.1019,18.2,18.21,1.0005
india,g1_1828.tif,9139,6.0688,6.1019,11.09,11.14,1.0045
india,g1_1828.tif,9140,6.0688,6.1019,11.09,11.14,1.0045
india,g1_1828.tif,9141,6.0688,6.1019,21.07,21.1,1.0014
india,g1_1828.tif,9142,6.0688,6.1019,11.09,11.14,1.0045
india,g1_1874.tif,9368,6.1054,6.1006,48.2,48.5,1.0062
india,g1_1874.tif,9369,6.1054,6.1006,37.68,37.92,1.0064
india,g1_1874.tif,9370,6.1054,6.1006,54.61,54.92,1.0057
india,g1_1874.tif,9371,6.1054,6.1006,43.97,44.21,1.0055
india,g1_1874.tif,9372,6.1054,6.1006,30.34,30.53,1.0063
india,g1_1880.tif,9398,6.1066,6.1019,30.34,30.51,1.0056
india,g1_1880.tif,9399,6.1066,6.1019,43.97,44.22,1.0057
india,g1_1880.tif,9400,6.1066,6.1019,45.42,45.69,1.0059
india,g1_1880.tif,9401,6.1066,6.1019,42.47,42.71,1.0057
india,g1_1880.tif,9402,6.1066,6.1019,32.31,32.52,1.0065
india,g1_1927.tif,9633,6.1109,6.1005,97.61,98.3,1.0071
india,g1_1927.tif,9634,6.1109,6.1005,42.47,42.79,1.0075
india,g1_1927.tif,9635,6.1109,6.1005,32.31,32.54,1.0071
india,g1_1927.tif,9636,6.1109,6.1005,18.2,18.3,1.0055
india,g1_1927.tif,9637,6.1109,6.1005,18.2,18.3,1.0055
india,g1_1932.tif,9658,6.1207,6.1003,37.68,37.93,1.0066
india,g1_1932.tif,9659,6.1207,6.1003,21.07,21.25,1.0085
india,g1_1932.tif,9660,6.1207,6.1003,28.25,28.47,1.0078
india,g1_1932.tif,9661,6.1207,6.1003,28.25,28.47,1.0078
india,g1_1932.tif,9662,6.1207,6.1003,18.2,18.38,1.0099
india,g1_1946.tif,9728,6.0892,6.1009,37.68,37.85,1.0045
india,g1_1946.tif,9729,6.0892,6.1009,18.2,18.31,1.006
india,g1_1946.tif,9730,6.0892,6.1009,28.25,28.39,1.005
india,g1_1946.tif,9731,6.0892,6.1009,37.68,37.85,1.0045
india,g1_1946.tif,9732,6.0892,6.1009,28.25,28.39,1.005
india,g1_1962.tif,9808,6.0994,6.0616,18.2,18.18,0.9989
india,g1_1962.tif,9809,6.0994,6.0616,18.2,18.18,0.9989
india,g1_1962.tif,9810,6.0994,6.0616,21.07,21.08,1.0005
india,g1_1962.tif,9811,6.0994,6.0616,21.07,21.18,1.0052
india,g1_1962.tif,9812,6.0994,6.0616,21.07,21.08,1.0005
india,g1_1975.tif,9873,6.1086,6.0627,43.97,43.95,0.9995
india,g1_1975.tif,9874,6.1086,6.0627,28.25,28.36,1.0039
india,g1_1975.tif,9875,6.1086,6.0627,32.31,32.31,1.0
india,g1_1975.tif,9876,6.1086,6.0627,28.25,28.36,1.0039
india,g1_1975.tif,9877,6.1086,6.0627,30.34,30.31,0.999
india,g2_0000.tif,1,6.1388,6.1062,55.81,56.18,1.0066
india,g2_0000.tif,2,6.1388,6.1062,37.68,38.09,1.0109
india,g2_0000.tif,3,6.1388,6.1062,48.2,48.74,1.0112
india,g2_0000.tif,4,6.1388,6.1062,43.97,44.5,1.0121
india,g2_0002.tif,10,6.091,6.107,42.47,42.64,1.004
india,g2_0002.tif,11,6.091,6.107,42.47,42.64,1.004
india,g2_0002.tif,12,6.091,6.107,54.61,54.82,1.0038
india,g2_0002.tif,13,6.091,6.107,28.25,28.41,1.0057
india,g2_0002.tif,14,6.091,6.107,28.25,28.41,1.0057
india,g2_0006.tif,30,6.0476,6.0265,43.97,43.68,0.9934
india,g2_0006.tif,31,6.0476,6.0265,37.68,37.54,0.9963
india,g2_0006.tif,32,6.0476,6.0265,48.2,47.91,0.994
india,g2_0006.tif,33,6.0476,6.0265,43.97,43.83,0.9968
india,g2_0006.tif,34,6.0476,6.0265,64.69,64.43,0.996
india,g2_0007.tif,35,6.1311,6.1075,67.75,68.47,1.0106
india,g2_0007.tif,36,6.1311,6.1075,37.68,37.99,1.0082
india,g2_0007.tif,37,6.1311,6.1075,37.68,37.99,1.0082
india,g2_0007.tif,38,6.1311,6.1075,48.2,48.56,1.0075
india,g2_0007.tif,39,6.1311,6.1075,43.97,44.27,1.0068
india,g2_0010.tif,50,6.0722,6.067,48.2,48.23,1.0006
india,g2_0010.tif,51,6.0722,6.067,18.2,18.22,1.0011
india,g2_0010.tif,52,6.0722,6.067,42.47,42.51,1.0009
india,g2_0010.tif,53,6.0722,6.067,54.61,54.6,0.9998
india,g2_0010.tif,54,6.0722,6.067,66.74,66.8,1.0009
india,g2_0011.tif,55,6.0334,6.0301,105.81,105.16,0.9939
india,g2_0011.tif,56,6.0334,6.0301,62.58,62.21,0.9941
india,g2_0011.tif,57,6.0334,6.0301,64.69,64.32,0.9943
india,g2_0011.tif,58,6.0334,6.0301,86.35,85.86,0.9943
india,g2_0011.tif,59,6.0334,6.0301,48.2,47.91,0.994
india,g2_0013.tif,65,6.0974,6.1069,48.2,48.46,1.0054
india,g2_0013.tif,66,6.0974,6.1069,102.47,103.01,1.0053
india,g2_0013.tif,67,6.0974,6.1069,91.77,92.22,1.0049
india,g2_0013.tif,68,6.0974,6.1069,79.74,80.2,1.0058
india,g2_0013.tif,69,6.0974,6.1069,48.2,48.46,1.0054
india,g2_0017.tif,85,6.095,6.0661,30.34,30.33,0.9997
india,g2_0017.tif,86,6.095,6.0661,103.15,103.12,0.9997
india,g2_0017.tif,87,6.095,6.0661,42.47,42.69,1.0052
india,g2_0017.tif,88,6.095,6.0661,78.88,78.86,0.9997
india,g2_0017.tif,89,6.095,6.0661,86.35,86.7,1.0041
india,g2_0018.tif,90,6.0734,6.0676,42.47,42.52,1.0012
india,g2_0018.tif,91,6.0734,6.0676,54.61,54.67,1.0011
india,g2_0018.tif,92,6.0734,6.0676,43.97,43.97,1.0
india,g2_0018.tif,93,6.0734,6.0676,42.47,42.52,1.0012
india,g2_0018.tif,94,6.0734,6.0676,42.47,42.52,1.0012
india,g2_0022.tif,110,6.0591,6.0642,30.34,30.3,0.9987
india,g2_0022.tif,111,6.0591,6.0642,42.47,42.41,0.9986
india,g2_0022.tif,112,6.0591,6.0642,32.31,32.27,0.9988
india,g2_0022.tif,113,6.0591,6.0642,32.31,32.27,0.9988
india,g2_0022.tif,114,6.0591,6.0642,32.31,32.27,0.9988
india,g2_0060.tif,300,6.0742,6.0664,54.61,54.65,1.0007
india,g2_0060.tif,301,6.0742,6.0664,55.81,55.88,1.0013
india,g2_0060.tif,302,6.0742,6.0664,54.61,54.65,1.0007
india,g2_0060.tif,303,6.0742,6.0664,70.68,70.76,1.0011
india,g2_0060.tif,304,6.0742,6.0664,86.35,86.43,1.0009
india,g2_0062.tif,310,6.1023,6.1062,30.34,30.51,1.0056
india,g2_0062.tif,311,6.1023,6.1062,30.34,30.51,1.0056
india,g2_0062.tif,312,6.1023,6.1062,37.68,37.92,1.0064
india,g2_0062.tif,313,6.1023,6.1062,32.31,32.51,1.0062
india,g2_0062.tif,314,6.1023,6.1062,32.31,32.49,1.0056
india,g2_0065.tif,325,6.0932,6.1058,21.07,21.2,1.0062
india,g2_0065.tif,326,6.0932,6.1058,28.25,28.41,1.0057
india,g2_0065.tif,327,6.0932,6.1058,21.07,21.2,1.0062
india,g2_0065.tif,328,6.0932,6.1058,48.2,48.43,1.0048
india,g2_0065.tif,329,6.0932,6.1058,28.25,28.41,1.0057
india,g2_0071.tif,355,6.1302,6.1069,18.2,18.32,1.0066
india,g2_0071.tif,356,6.1302,6.1069,18.2,18.32,1.0066
india,g2_0071.tif,357,6.1302,6.1069,32.31,32.65,1.0105
india,g2_0071.tif,358,6.1302,6.1069,18.2,18.32,1.0066
india,g2_0071.tif,359,6.1302,6.1069,54.61,55.11,1.0092
india,g2_0072.tif,360,6.0789,6.0657,120.62,120.84,1.0018
india,g2_0072.tif,361,6.0789,6.0657,120.62,120.84,1.0018
india,g2_0072.tif,362,6.0789,6.0657,124.63,124.84,1.0017
india,g2_0072.tif,363,6.0789,6.0657,115.88,115.86,0.9998
india,g2_0072.tif,364,6.0789,6.0657,103.82,104.02,1.0019
india,g2_0075.tif,375,6.079,6.068,94.0,94.02,1.0002
india,g2_0075.tif,376,6.079,6.068,103.15,103.16,1.0001
india,g2_0075.tif,377,6.079,6.068,54.61,54.61,1.0
india,g2_0075.tif,378,6.079,6.068,55.81,55.92,1.002
india,g2_0075.tif,379,6.079,6.068,54.61,54.61,1.0
india,g2_0077.tif,385,6.0254,6.0308,54.61,54.28,0.994
india,g2_0077.tif,386,6.0254,6.0308,115.28,114.59,0.994
india,g2_0077.tif,387,6.0254,6.0308,54.61,54.28,0.994
india,g2_0077.tif,388,6.0254,6.0308,54.61,54.28,0.994
india,g2_0077.tif,389,6.0254,6.0308,54.61,54.28,0.994
india,g2_0098.tif,490,6.1588,6.1842,105.81,107.85,1.0193
india,g2_0098.tif,491,6.1588,6.1842,109.05,111.13,1.0191
india,g2_0098.tif,492,6.1588,6.1842,102.47,104.1,1.0159
india,g2_0098.tif,493,6.1588,6.1842,70.68,71.78,1.0156
india,g2_0098.tif,494,6.1588,6.1842,118.87,121.06,1.0184
india,g2_0101.tif,505,6.0491,6.0701,54.61,54.65,1.0007
india,g2_0101.tif,506,6.0491,6.0701,78.88,78.93,1.0006
india,g2_0101.tif,507,6.0491,6.0701,66.74,66.54,0.997
india,g2_0101.tif,508,6.0491,6.0701,103.15,103.21,1.0006
india,g2_0101.tif,509,6.0491,6.0701,91.77,91.82,1.0005
india,g2_0105.tif,525,6.1473,6.1813,30.34,30.94,1.0198
india,g2_0105.tif,526,6.1473,6.1813,30.34,30.94,1.0198
india,g2_0105.tif,527,6.1473,6.1813,42.47,43.3,1.0195
india,g2_0105.tif,528,6.1473,6.1813,32.31,32.75,1.0136
india,g2_0105.tif,529,6.1473,6.1813,30.34,30.94,1.0198
india,g2_0112.tif,560,6.0215,6.0667,18.2,18.06,0.9923
india,g2_0112.tif,561,6.0215,6.0667,21.07,20.95,0.9943
india,g2_0112.tif,562,6.0215,6.0667,54.61,54.19,0.9923
india,g2_0112.tif,563,6.0215,6.0667,30.34,30.38,1.0013
india,g2_0112.tif,564,6.0215,6.0667,42.47,42.15,0.9925
india,g2_0115.tif,575,6.2244,6.1843,97.61,99.58,1.0202
india,g2_0115.tif,576,6.2244,6.1843,132.29,135.18,1.0218
india,g2_0115.tif,578,6.2244,6.1843,168.94,173.0,1.024
india,g2_0115.tif,579,6.2244,6.1843,113.45,116.29,1.025
india,g2_0134.tif,671,6.0825,6.0668,67.75,67.74,0.9999
india,g2_0134.tif,672,6.0825,6.0668,70.68,70.69,1.0001
india,g2_0134.tif,673,6.0825,6.0668,75.33,75.37,1.0005
india,g2_0134.tif,674,6.0825,6.0668,75.33,75.37,1.0005
india,g2_0134.tif,675,6.0825,6.0668,71.63,71.75,1.0017
india,g2_0135.tif,676,6.0512,6.0701,54.61,54.65,1.0007
india,g2_0135.tif,677,6.0512,6.0701,67.75,67.57,0.9973
india,g2_0135.tif,678,6.0512,6.0701,70.68,70.51,0.9976
india,g2_0135.tif,679,6.0512,6.0701,42.47,42.51,1.0009
india,g2_0135.tif,680,6.0512,6.0701,37.68,37.68,1.0
india,g2_0137.tif,686,6.0942,6.0636,55.81,55.79,0.9996
india,g2_0137.tif,687,6.0942,6.0636,62.58,62.71,1.0021
india,g2_0137.tif,688,6.0942,6.0636,103.15,103.08,0.9993
india,g2_0137.tif,689,6.0942,6.0636,55.81,56.07,1.0047
india,g2_0137.tif,690,6.0942,6.0636,151.68,152.27,1.0039
india,g2_0139.tif,696,6.0457,6.0691,37.68,37.6,0.9979
india,g2_0139.tif,697,6.0457,6.0691,32.31,32.32,1.0003
india,g2_0139.tif,698,6.0457,6.0691,70.68,70.46,0.9969
india,g2_0139.tif,699,6.0457,6.0691,62.58,62.49,0.9986
india,g2_0139.tif,700,6.0457,6.0691,64.69,64.66,0.9995
india,g2_0143.tif,716,6.1453,6.1429,109.05,110.41,1.0125
india,g2_0143.tif,717,6.1453,6.1429,91.77,92.91,1.0124
india,g2_0143.tif,718,6.1453,6.1429,182.31,184.65,1.0128
india,g2_0143.tif,719,6.1453,6.1429,140.05,141.82,1.0126
india,g2_0143.tif,720,6.1453,6.1429,75.33,76.3,1.0129
india,g2_0149.tif,746,6.1502,6.1422,32.31,32.75,1.0136
india,g2_0149.tif,747,6.1502,6.1422,152.15,154.23,1.0137
india,g2_0149.tif,748,6.1502,6.1422,200.22,202.69,1.0123
india,g2_0149.tif,749,6.1502,6.1422,120.62,122.12,1.0124
india,g2_0149.tif,750,6.1502,6.1422,144.03,145.99,1.0136
india,g2_0165.tif,826,6.1854,6.1422,32.31,32.73,1.013
india,g2_0165.tif,827,6.1854,6.1422,37.68,38.37,1.0183
india,g2_0165.tif,828,6.1854,6.1422,43.97,44.84,1.0198
india,g2_0165.tif,829,6.1854,6.1422,43.97,44.53,1.0127
india,g2_0165.tif,830,6.1854,6.1422,48.2,48.87,1.0139
india,g2_0166.tif,831,6.1491,6.1474,45.42,46.02,1.0132
india,g2_0166.tif,832,6.1491,6.1474,45.42,46.02,1.0132
india,g2_0166.tif,833,6.1491,6.1474,59.28,60.08,1.0135
india,g2_0166.tif,834,6.1491,6.1474,45.42,46.02,1.0132
india,g2_0166.tif,835,6.1491,6.1474,37.68,38.19,1.0135
india,g2_0187.tif,936,6.1406,6.1032,54.61,55.3,1.0126
india,g2_0187.tif,937,6.1406,6.1032,66.74,67.14,1.006
india,g2_0187.tif,938,6.1406,6.1032,54.61,54.93,1.0059
india,g2_0187.tif,939,6.1406,6.1032,54.61,54.93,1.0059
india,g2_0187.tif,940,6.1406,6.1032,43.97,44.24,1.0061
india,g2_0205.tif,1026,6.0675,6.105,54.61,54.85,1.0044
india,g2_0205.tif,1027,6.0675,6.105,64.69,64.81,1.0019
india,g2_0205.tif,1028,6.0675,6.105,59.28,59.34,1.001
india,g2_0205.tif,1029,6.0675,6.105,30.34,30.34,1.0
india,g2_0205.tif,1030,6.0675,6.105,54.61,54.98,1.0068
india,g2_0215.tif,1076,6.0483,6.0304,54.61,54.45,0.9971
india,g2_0215.tif,1077,6.0483,6.0304,91.01,90.46,0.994
india,g2_0215.tif,1078,6.0483,6.0304,42.47,42.21,0.9939
india,g2_0215.tif,1079,6.0483,6.0304,30.34,30.26,0.9974
india,g2_0215.tif,1080,6.0483,6.0304,54.61,54.27,0.9938
india,g2_0237.tif,1186,6.0483,6.0656,30.34,30.35,1.0003
india,g2_0237.tif,1187,6.0483,6.0656,30.34,30.24,0.9967
india,g2_0237.tif,1188,6.0483,6.0656,28.25,28.22,0.9989
india,g2_0237.tif,1189,6.0483,6.0656,42.47,42.34,0.9969
india,g2_0237.tif,1190,6.0483,6.0656,28.25,28.22,0.9989
india,g2_0239.tif,1196,6.1382,6.1481,37.68,38.15,1.0125
india,g2_0239.tif,1197,6.1382,6.1481,37.68,38.17,1.013
india,g2_0239.tif,1198,6.1382,6.1481,81.44,82.43,1.0122
india,g2_0239.tif,1199,6.1382,6.1481,54.61,55.28,1.0123
india,g2_0239.tif,1200,6.1382,6.1481,48.2,48.83,1.0131
india,g2_0243.tif,1216,6.1018,6.0671,54.61,54.6,0.9998
india,g2_0243.tif,1217,6.1018,6.0671,37.68,37.86,1.0048
india,g2_0243.tif,1218,6.1018,6.0671,67.75,67.75,1.0
india,g2_0243.tif,1219,6.1018,6.0671,113.45,113.55,1.0009
india,g2_0243.tif,1220,6.1018,6.0671,54.61,54.83,1.004
india,g2_0272.tif,1361,6.108,6.1078,30.34,30.54,1.0066
india,g2_0272.tif,1362,6.108,6.1078,30.34,30.54,1.0066
india,g2_0272.tif,1363,6.108,6.1078,54.61,54.97,1.0066
india,g2_0272.tif,1364,6.108,6.1078,66.74,67.19,1.0067
india,g2_0272.tif,1365,6.108,6.1078,54.61,54.97,1.0066
india,g2_0275.tif,1376,6.1129,6.1037,30.34,30.57,1.0076
india,g2_0275.tif,1377,6.1129,6.1037,78.88,79.48,1.0076
india,g2_0275.tif,1378,6.1129,6.1037,30.34,30.57,1.0076
india,g2_0275.tif,1379,6.1129,6.1037,30.34,30.57,1.0076
india,g2_0275.tif,1380,6.1129,6.1037,42.47,42.8,1.0078
india,g2_0276.tif,1381,6.098,6.1069,79.74,80.2,1.0058
india,g2_0276.tif,1382,6.098,6.1069,62.58,62.94,1.0058
india,g2_0276.tif,1383,6.098,6.1069,71.63,72.04,1.0057
india,g2_0276.tif,1384,6.098,6.1069,79.74,80.2,1.0058
india,g2_0276.tif,1385,6.098,6.1069,37.68,37.89,1.0056
india,g2_0282.tif,1411,6.1237,6.1065,37.68,37.97,1.0077
india,g2_0282.tif,1412,6.1237,6.1065,37.68,38.01,1.0088
india,g2_0282.tif,1413,6.1237,6.1065,54.61,55.02,1.0075
india,g2_0282.tif,1414,6.1237,6.1065,45.42,45.78,1.0079
india,g2_0282.tif,1415,6.1237,6.1065,79.74,80.37,1.0079
india,g2_0291.tif,1456,6.1055,6.1067,88.71,89.27,1.0063
india,g2_0291.tif,1457,6.1055,6.1067,96.9,97.52,1.0064
india,g2_0291.tif,1458,6.1055,6.1067,71.63,72.09,1.0064
india,g2_0291.tif,1459,6.1055,6.1067,88.71,89.27,1.0063
india,g2_0291.tif,1460,6.1055,6.1067,54.61,54.95,1.0062
india,g2_0298.tif,1491,6.0415,6.0658,37.68,37.65,0.9992
india,g2_0298.tif,1492,6.0415,6.0658,37.68,37.65,0.9992
india,g2_0298.tif,1493,6.0415,6.0658,70.68,70.41,0.9962
india,g2_0298.tif,1494,6.0415,6.0658,30.34,30.35,1.0003
india,g2_0298.tif,1495,6.0415,6.0658,32.31,32.18,0.996
india,g2_0307.tif,1536,6.0658,6.0256,28.25,28.17,0.9972
india,g2_0307.tif,1537,6.0658,6.0256,54.61,54.23,0.993
india,g2_0307.tif,1538,6.0658,6.0256,42.47,42.18,0.9932
india,g2_0307.tif,1539,6.0658,6.0256,37.68,37.63,0.9987
india,g2_0307.tif,1540,6.0658,6.0256,42.47,42.5,1.0007
india,g2_0314.tif,1571,6.0853,6.1029,42.47,42.74,1.0064
india,g2_0314.tif,1572,6.0853,6.1029,32.31,32.5,1.0059
india,g2_0314.tif,1573,6.0853,6.1029,42.47,42.74,1.0064
india,g2_0314.tif,1574,6.0853,6.1029,42.47,42.6,1.0031
india,g2_0314.tif,1575,6.0853,6.1029,54.61,54.94,1.006
india,g2_0315.tif,1576,6.1553,6.1473,21.07,21.35,1.0133
india,g2_0315.tif,1577,6.1553,6.1473,45.42,46.05,1.0139
india,g2_0315.tif,1578,6.1553,6.1473,37.68,38.2,1.0138
india,g2_0315.tif,1579,6.1553,6.1473,21.07,21.37,1.0142
india,g2_0315.tif,1580,6.1553,6.1473,28.25,28.65,1.0142
india,g2_0326.tif,1631,6.0726,6.1037,30.34,30.55,1.0069
india,g2_0326.tif,1632,6.0726,6.1037,30.34,30.55,1.0069
india,g2_0326.tif,1633,6.0726,6.1037,30.34,30.55,1.0069
india,g2_0326.tif,1634,6.0726,6.1037,30.34,30.55,1.0069
india,g2_0326.tif,1635,6.0726,6.1037,30.34,30.55,1.0069
india,g2_0335.tif,1676,6.0623,6.0666,37.68,37.66,0.9995
india,g2_0335.tif,1677,6.0623,6.0666,32.31,32.28,0.9991
india,g2_0335.tif,1678,6.0623,6.0666,37.68,37.66,0.9995
india,g2_0335.tif,1679,6.0623,6.0666,37.68,37.66,0.9995
india,g2_0335.tif,1680,6.0623,6.0666,37.68,37.66,0.9995
india,g2_0336.tif,1681,6.0914,6.0689,78.88,79.21,1.0042
india,g2_0336.tif,1682,6.0914,6.0689,78.88,79.21,1.0042
india,g2_0336.tif,1683,6.0914,6.0689,91.01,91.39,1.0042
india,g2_0336.tif,1684,6.0914,6.0689,42.47,42.48,1.0002
india,g2_0336.tif,1685,6.0914,6.0689,124.63,125.08,1.0036
india,g2_0338.tif,1691,6.1684,6.1852,37.68,38.4,1.0191
india,g2_0338.tif,1692,6.1684,6.1852,42.47,43.31,1.0198
india,g2_0338.tif,1693,6.1684,6.1852,42.47,43.31,1.0198
india,g2_0338.tif,1694,6.1684,6.1852,37.68,38.35,1.0178
india,g2_0338.tif,1695,6.1684,6.1852,32.31,32.85,1.0167
india,g2_0340.tif,1701,6.0851,6.1065,81.44,81.77,1.0041
india,g2_0340.tif,1702,6.0851,6.1065,45.42,45.64,1.0048
india,g2_0340.tif,1703,6.0851,6.1065,75.33,75.61,1.0037
india,g2_0340.tif,1704,6.0851,6.1065,135.97,136.42,1.0033
india,g2_0340.tif,1705,6.0851,6.1065,75.33,75.61,1.0037
india,g2_0344.tif,1721,6.0712,6.0659,18.2,18.2,1.0
india,g2_0344.tif,1722,6.0712,6.0659,21.07,21.07,1.0
india,g2_0344.tif,1723,6.0712,6.0659,18.2,18.2,1.0
india,g2_0344.tif,1724,6.0712,6.0659,21.07,21.07,1.0
india,g2_0344.tif,1725,6.0712,6.0659,21.07,21.07,1.0
india,g2_0345.tif,1726,6.0695,6.0647,42.47,42.45,0.9995
india,g2_0345.tif,1727,6.0695,6.0647,54.61,54.58,0.9995
india,g2_0345.tif,1728,6.0695,6.0647,54.61,54.58,0.9995
india,g2_0345.tif,1729,6.0695,6.0647,30.34,30.32,0.9993
india,g2_0345.tif,1730,6.0695,6.0647,30.34,30.32,0.9993
india,g2_0348.tif,1741,6.1005,6.1079,66.74,67.1,1.0054
india,g2_0348.tif,1742,6.1005,6.1079,66.74,67.1,1.0054
india,g2_0348.tif,1743,6.1005,6.1079,66.74,67.19,1.0067
india,g2_0348.tif,1744,6.1005,6.1079,66.74,67.19,1.0067
india,g2_0348.tif,1745,6.1005,6.1079,66.74,67.1,1.0054
india,g2_0358.tif,1791,6.0821,6.103,79.74,80.08,1.0043
india,g2_0358.tif,1792,6.0821,6.103,62.58,62.85,1.0043
india,g2_0358.tif,1793,6.0821,6.103,75.33,75.57,1.0032
india,g2_0358.tif,1794,6.0821,6.103,55.81,56.15,1.0061
india,g2_0358.tif,1795,6.0821,6.103,91.01,91.23,1.0024
india,g2_0367.tif,1836,6.0957,6.0654,28.25,28.33,1.0028
india,g2_0367.tif,1837,6.0957,6.0654,59.28,59.54,1.0044
india,g2_0367.tif,1838,6.0957,6.0654,21.07,21.17,1.0047
india,g2_0367.tif,1839,6.0957,6.0654,21.07,21.17,1.0047
india,g2_0367.tif,1840,6.0957,6.0654,28.25,28.33,1.0028
india,g2_0368.tif,1841,6.0528,6.0258,75.33,75.11,0.9971
india,g2_0368.tif,1842,6.0528,6.0258,78.88,78.34,0.9932
india,g2_0368.tif,1843,6.0528,6.0258,43.97,43.68,0.9934
india,g2_0368.tif,1844,6.0528,6.0258,66.74,66.28,0.9931
india,g2_0368.tif,1845,6.0528,6.0258,37.68,37.49,0.995
india,g2_0373.tif,1866,6.0495,6.0293,42.47,42.37,0.9976
india,g2_0373.tif,1867,6.0495,6.0293,42.47,42.37,0.9976
india,g2_0373.tif,1868,6.0495,6.0293,30.34,30.15,0.9937
india,g2_0373.tif,1869,6.0495,6.0293,42.47,42.21,0.9939
india,g2_0373.tif,1870,6.0495,6.0293,59.28,59.1,0.997
india,g2_0385.tif,1926,6.142,6.1089,42.47,43.03,1.0132
india,g2_0385.tif,1927,6.142,6.1089,48.2,48.59,1.0081
india,g2_0385.tif,1928,6.142,6.1089,43.97,44.28,1.0071
india,g2_0385.tif,1929,6.142,6.1089,59.28,59.99,1.012
india,g2_0385.tif,1930,6.142,6.1089,55.81,56.51,1.0125
india,g2_0386.tif,1931,6.0985,6.0688,42.47,42.48,1.0002
india,g2_0386.tif,1932,6.0985,6.0688,55.81,55.83,1.0004
india,g2_0386.tif,1933,6.0985,6.0688,54.61,54.92,1.0057
india,g2_0386.tif,1934,6.0985,6.0688,30.34,30.34,1.0
india,g2_0386.tif,1935,6.0985,6.0688,81.44,81.59,1.0018
india,g2_0388.tif,1941,6.0616,6.0648,18.2,18.18,0.9989
india,g2_0388.tif,1942,6.0616,6.0648,18.2,18.18,0.9989
india,g2_0388.tif,1943,6.0616,6.0648,30.34,30.33,0.9997
india,g2_0388.tif,1944,6.0616,6.0648,28.25,28.24,0.9996
india,g2_0388.tif,1945,6.0616,6.0648,21.07,21.05,0.9991
india,g2_0399.tif,1996,6.1616,6.1426,37.68,38.19,1.0135
india,g2_0399.tif,1997,6.1616,6.1426,42.47,43.15,1.016
india,g2_0399.tif,1998,6.1616,6.1426,64.69,65.66,1.015
india,g2_0399.tif,1999,6.1616,6.1426,42.47,43.0,1.0125
india,g2_0399.tif,2000,6.1616,6.1426,48.2,48.93,1.0151
india,g2_0400.tif,2001,6.0628,6.0666,43.97,43.96,0.9998
india,g2_0400.tif,2002,6.0628,6.0666,32.31,32.3,0.9997
india,g2_0400.tif,2003,6.0628,6.0666,54.61,54.59,0.9996
india,g2_0400.tif,2004,6.0628,6.0666,37.68,37.68,1.0
india,g2_0400.tif,2005,6.0628,6.0666,43.97,43.96,0.9998
india,g2_0406.tif,2031,6.1375,6.1481,59.28,60.06,1.0132
india,g2_0406.tif,2032,6.1375,6.1481,37.68,38.14,1.0122
india,g2_0406.tif,2033,6.1375,6.1481,37.68,38.14,1.0122
india,g2_0406.tif,2034,6.1375,6.1481,32.31,32.74,1.0133
india,g2_0406.tif,2035,6.1375,6.1481,45.42,45.99,1.0125
india,g2_0410.tif,2051,6.1567,6.1812,67.75,69.03,1.0189
india,g2_0410.tif,2052,6.1567,6.1812,79.74,81.25,1.0189
india,g2_0410.tif,2053,6.1567,6.1812,64.69,65.85,1.0179
india,g2_0410.tif,2054,6.1567,6.1812,54.61,55.65,1.019
india,g2_0410.tif,2055,6.1567,6.1812,67.75,69.03,1.0189
india,g2_0418.tif,2091,6.0294,6.0256,66.74,66.28,0.9931
india,g2_0418.tif,2092,6.0294,6.0256,59.28,58.91,0.9938
india,g2_0418.tif,2093,6.0294,6.0256,54.61,54.27,0.9938
india,g2_0418.tif,2094,6.0294,6.0256,66.74,66.28,0.9931
india,g2_0418.tif,2095,6.0294,6.0256,54.61,54.23,0.993
india,g2_0429.tif,2146,6.0432,6.0663,18.2,18.22,1.0011
india,g2_0429.tif,2147,6.0432,6.0663,28.25,28.21,0.9986
india,g2_0429.tif,2148,6.0432,6.0663,18.2,18.22,1.0011
india,g2_0429.tif,2149,6.0432,6.0663,21.07,21.07,1.0
india,g2_0429.tif,2150,6.0432,6.0663,21.07,21.0,0.9967
india,g2_0439.tif,2196,6.0516,6.065,30.34,30.34,1.0
india,g2_0439.tif,2197,6.0516,6.065,37.68,37.65,0.9992
india,g2_0439.tif,2198,6.0516,6.065,42.47,42.36,0.9974
india,g2_0439.tif,2199,6.0516,6.065,66.74,66.73,0.9999
india,g2_0439.tif,2200,6.0516,6.065,42.47,42.47,1.0
india,g2_0454.tif,2271,6.0695,6.067,64.69,64.69,1.0
india,g2_0454.tif,2272,6.0695,6.067,91.01,91.04,1.0003
india,g2_0454.tif,2273,6.0695,6.067,64.69,64.69,1.0
india,g2_0454.tif,2274,6.0695,6.067,71.63,71.65,1.0003
india,g2_0454.tif,2275,6.0695,6.067,64.69,64.69,1.0
india,g2_0458.tif,2291,6.0512,6.0293,59.28,58.94,0.9943
india,g2_0458.tif,2292,6.0512,6.0293,102.47,101.9,0.9944
india,g2_0458.tif,2293,6.0512,6.0293,96.9,96.48,0.9957
india,g2_0458.tif,2294,6.0512,6.0293,30.34,30.15,0.9937
india,g2_0458.tif,2295,6.0512,6.0293,18.2,18.09,0.994
india,g2_0463.tif,2316,6.0711,6.1073,48.2,48.49,1.006
india,g2_0463.tif,2317,6.0711,6.1073,54.61,55.0,1.0071
india,g2_0463.tif,2318,6.0711,6.1073,48.2,48.49,1.006
india,g2_0463.tif,2319,6.0711,6.1073,18.2,18.21,1.0005
india,g2_0463.tif,2320,6.0711,6.1073,18.2,18.21,1.0005
india,g2_0470.tif,2351,6.0452,6.0271,42.47,42.19,0.9934
india,g2_0470.tif,2352,6.0452,6.0271,42.47,42.33,0.9967
india,g2_0470.tif,2353,6.0452,6.0271,21.07,20.99,0.9962
india,g2_0470.tif,2354,6.0452,6.0271,32.31,32.19,0.9963
india,g2_0470.tif,2355,6.0452,6.0271,45.42,45.19,0.9949
india,g2_0475.tif,2376,6.0757,6.1031,78.88,78.98,1.0013
india,g2_0475.tif,2377,6.0757,6.1031,54.61,54.68,1.0013
india,g2_0475.tif,2378,6.0757,6.1031,42.47,42.53,1.0014
india,g2_0475.tif,2379,6.0757,6.1031,43.97,44.04,1.0016
india,g2_0475.tif,2380,6.0757,6.1031,66.74,66.83,1.0013
india,g2_0493.tif,2466,6.0307,6.0274,30.34,30.16,0.9941
india,g2_0493.tif,2467,6.0307,6.0274,37.68,37.45,0.9939
india,g2_0493.tif,2468,6.0307,6.0274,48.2,47.89,0.9936
india,g2_0493.tif,2469,6.0307,6.0274,28.25,28.08,0.994
india,g2_0493.tif,2470,6.0307,6.0274,32.31,32.11,0.9938
india,g2_0506.tif,2531,6.0939,6.1052,70.68,71.12,1.0062
india,g2_0506.tif,2532,6.0939,6.1052,67.75,68.04,1.0043
india,g2_0506.tif,2533,6.0939,6.1052,66.74,67.17,1.0064
india,g2_0506.tif,2534,6.0939,6.1052,30.34,30.54,1.0066
india,g2_0506.tif,2535,6.0939,6.1052,66.74,67.17,1.0064
india,g2_0509.tif,2546,6.0381,6.0261,30.34,30.13,0.9931
india,g2_0509.tif,2547,6.0381,6.0261,66.74,66.43,0.9954
india,g2_0509.tif,2548,6.0381,6.0261,30.34,30.2,0.9954
india,g2_0509.tif,2549,6.0381,6.0261,54.61,54.36,0.9954
india,g2_0509.tif,2550,6.0381,6.0261,54.61,54.36,0.9954
india,g2_0517.tif,2586,6.1072,6.1038,30.34,30.52,1.0059
india,g2_0517.tif,2587,6.1072,6.1038,30.34,30.52,1.0059
india,g2_0517.tif,2588,6.1072,6.1038,54.61,54.93,1.0059
india,g2_0517.tif,2589,6.1072,6.1038,59.28,59.67,1.0066
india,g2_0517.tif,2590,6.1072,6.1038,54.61,54.97,1.0066
india,g2_0518.tif,2591,6.0377,6.0301,30.34,30.2,0.9954
india,g2_0518.tif,2592,6.0377,6.0301,30.34,30.2,0.9954
india,g2_0518.tif,2593,6.0377,6.0301,30.34,30.2,0.9954
india,g2_0518.tif,2594,6.0377,6.0301,42.47,42.27,0.9953
india,g2_0518.tif,2595,6.0377,6.0301,54.61,54.35,0.9952
india,g2_0521.tif,2606,6.018,6.0304,48.2,47.83,0.9923
india,g2_0521.tif,2607,6.018,6.0304,54.61,54.16,0.9918
india,g2_0521.tif,2608,6.018,6.0304,54.61,54.16,0.9918
india,g2_0521.tif,2609,6.018,6.0304,42.47,42.13,0.992
india,g2_0521.tif,2610,6.018,6.0304,42.47,42.13,0.992
india,g2_0523.tif,2616,6.0896,6.1035,21.07,21.19,1.0057
india,g2_0523.tif,2617,6.0896,6.1035,28.25,28.4,1.0053
india,g2_0523.tif,2618,6.0896,6.1035,28.25,28.4,1.0053
india,g2_0523.tif,2619,6.0896,6.1035,30.34,30.53,1.0063
india,g2_0523.tif,2620,6.0896,6.1035,21.07,21.19,1.0057
india,g2_0556.tif,2781,6.0535,6.027,54.61,54.24,0.9932
india,g2_0556.tif,2782,6.0535,6.027,21.07,20.95,0.9943
india,g2_0556.tif,2783,6.0535,6.027,32.31,32.11,0.9938
india,g2_0556.tif,2784,6.0535,6.027,55.81,55.7,0.998
india,g2_0556.tif,2785,6.0535,6.027,70.68,70.24,0.9938
india,g2_0559.tif,2796,6.0767,6.0639,79.74,79.87,1.0016
india,g2_0559.tif,2797,6.0767,6.0639,102.47,102.46,0.9999
india,g2_0559.tif,2798,6.0767,6.0639,105.81,105.97,1.0015
india,g2_0559.tif,2799,6.0767,6.0639,66.74,66.86,1.0018
india,g2_0559.tif,2800,6.0767,6.0639,103.82,103.99,1.0016
india,g2_0563.tif,2816,6.1657,6.1526,30.34,30.84,1.0165
india,g2_0563.tif,2817,6.1657,6.1526,30.34,30.84,1.0165
india,g2_0563.tif,2818,6.1657,6.1526,28.25,28.69,1.0156
india,g2_0563.tif,2819,6.1657,6.1526,18.2,18.51,1.017
india,g2_0563.tif,2820,6.1657,6.1526,28.25,28.69,1.0156
india,g2_0567.tif,2836,6.0788,6.1055,54.61,54.88,1.0049
india,g2_0567.tif,2837,6.0788,6.1055,70.68,70.85,1.0024
india,g2_0567.tif,2838,6.0788,6.1055,54.61,54.88,1.0049
india,g2_0567.tif,2839,6.0788,6.1055,45.42,45.61,1.0042
india,g2_0567.tif,2840,6.0788,6.1055,64.69,64.89,1.0031
india,g2_0575.tif,2876,6.1177,6.103,124.63,125.4,1.0062
india,g2_0575.tif,2877,6.1177,6.103,127.41,128.16,1.0059
india,g2_0575.tif,2878,6.1177,6.103,125.19,126.15,1.0077
india,g2_0575.tif,2879,6.1177,6.103,88.71,89.36,1.0073
india,g2_0575.tif,2880,6.1177,6.103,132.29,133.38,1.0082
india,g2_0576.tif,2881,6.0795,6.103,30.34,30.54,1.0066
india,g2_0576.tif,2882,6.0795,6.103,30.34,30.54,1.0066
india,g2_0576.tif,2883,6.0795,6.103,18.2,18.33,1.0071
india,g2_0576.tif,2884,6.0795,6.103,28.25,28.38,1.0046
india,g2_0576.tif,2885,6.0795,6.103,42.47,42.74,1.0064
india,g2_0588.tif,2941,6.1491,6.1066,86.35,87.45,1.0127
india,g2_0588.tif,2942,6.1491,6.1066,81.44,82.39,1.0117
india,g2_0588.tif,2943,6.1491,6.1066,45.42,45.89,1.0103
india,g2_0588.tif,2944,6.1491,6.1066,45.42,45.89,1.0103
india,g2_0588.tif,2945,6.1491,6.1066,54.61,55.11,1.0092
india,g2_0594.tif,2971,6.0961,6.1033,66.74,67.06,1.0048
india,g2_0594.tif,2972,6.0961,6.1033,42.47,42.67,1.0047
india,g2_0594.tif,2973,6.0961,6.1033,43.97,44.18,1.0048
india,g2_0594.tif,2974,6.0961,6.1033,66.74,67.14,1.006
india,g2_0594.tif,2975,6.0961,6.1033,32.31,32.5,1.0059
india,g2_0608.tif,3042,6.1081,6.105,78.88,79.36,1.0061
india,g2_0608.tif,3043,6.1081,6.105,37.68,37.93,1.0066
india,g2_0608.tif,3044,6.1081,6.105,64.69,65.12,1.0066
india,g2_0608.tif,3045,6.1081,6.105,78.88,79.36,1.0061
india,g2_0608.tif,3046,6.1081,6.105,48.2,48.51,1.0064
india,g2_0611.tif,3057,6.1875,6.1819,32.31,32.92,1.0189
india,g2_0611.tif,3058,6.1875,6.1819,37.68,38.41,1.0194
india,g2_0611.tif,3059,6.1875,6.1819,37.68,38.41,1.0194
india,g2_0611.tif,3060,6.1875,6.1819,109.05,111.12,1.019
india,g2_0611.tif,3061,6.1875,6.1819,64.69,65.96,1.0196
india,g2_0617.tif,3087,6.1511,6.1813,54.61,55.47,1.0157
india,g2_0617.tif,3088,6.1511,6.1813,37.68,38.27,1.0157
india,g2_0617.tif,3089,6.1511,6.1813,62.58,63.61,1.0165
india,g2_0617.tif,3090,6.1511,6.1813,37.68,38.27,1.0157
india,g2_0617.tif,3091,6.1511,6.1813,43.97,44.81,1.0191
india,g2_0631.tif,3157,6.0781,6.0657,21.07,21.11,1.0019
india,g2_0631.tif,3158,6.0781,6.0657,18.2,18.25,1.0027
india,g2_0631.tif,3159,6.0781,6.0657,11.09,11.11,1.0018
india,g2_0631.tif,3160,6.0781,6.0657,21.07,21.11,1.0019
india,g2_0631.tif,3161,6.0781,6.0657,21.07,21.07,1.0
india,g2_0640.tif,3202,6.0594,6.0666,75.33,75.31,0.9997
india,g2_0640.tif,3203,6.0594,6.0666,67.75,67.74,0.9999
india,g2_0640.tif,3204,6.0594,6.0666,30.34,30.3,0.9987
india,g2_0640.tif,3205,6.0594,6.0666,30.34,30.3,0.9987
india,g2_0640.tif,3206,6.0594,6.0666,32.31,32.27,0.9988
india,g2_0648.tif,3242,6.1257,6.1461,145.98,147.78,1.0123
india,g2_0648.tif,3243,6.1257,6.1461,135.45,137.1,1.0122
india,g2_0648.tif,3244,6.1257,6.1461,158.98,161.02,1.0128
india,g2_0648.tif,3245,6.1257,6.1461,91.77,92.65,1.0096
india,g2_0648.tif,3246,6.1257,6.1461,91.77,92.65,1.0096
india,g2_0667.tif,3337,6.0462,6.0657,30.34,30.23,0.9964
india,g2_0667.tif,3338,6.0462,6.0657,18.2,18.22,1.0011
india,g2_0667.tif,3339,6.0462,6.0657,30.34,30.23,0.9964
india,g2_0667.tif,3340,6.0462,6.0657,28.25,28.21,0.9986
india,g2_0667.tif,3341,6.0462,6.0657,42.47,42.32,0.9965
india,g2_0671.tif,3357,6.0478,6.0691,91.01,90.72,0.9968
india,g2_0671.tif,3358,6.0478,6.0691,54.61,54.43,0.9967
india,g2_0671.tif,3359,6.0478,6.0691,64.69,64.55,0.9978
india,g2_0671.tif,3360,6.0478,6.0691,91.01,90.72,0.9968
india,g2_0671.tif,3361,6.0478,6.0691,91.01,90.72,0.9968
india,g2_0694.tif,3472,6.0903,6.1028,28.25,28.4,1.0053
india,g2_0694.tif,3473,6.0903,6.1028,18.2,18.27,1.0038
india,g2_0694.tif,3474,6.0903,6.1028,21.07,21.16,1.0043
india,g2_0694.tif,3475,6.0903,6.1028,21.07,21.16,1.0043
india,g2_0694.tif,3476,6.0903,6.1028,30.34,30.45,1.0036
india,g2_0698.tif,3492,6.0797,6.0675,64.69,64.73,1.0006
india,g2_0698.tif,3493,6.0797,6.0675,59.28,59.3,1.0003
india,g2_0698.tif,3494,6.0797,6.0675,54.61,54.61,1.0
india,g2_0698.tif,3495,6.0797,6.0675,55.81,55.93,1.0022
india,g2_0698.tif,3496,6.0797,6.0675,54.61,54.61,1.0
india,g2_0702.tif,3512,6.1514,6.1457,43.97,44.54,1.013
india,g2_0702.tif,3513,6.1514,6.1457,67.75,68.69,1.0139
india,g2_0702.tif,3514,6.1514,6.1457,43.97,44.58,1.0139
india,g2_0702.tif,3515,6.1514,6.1457,78.88,79.89,1.0128
india,g2_0702.tif,3516,6.1514,6.1457,48.2,48.86,1.0137
india,g2_0714.tif,3572,6.1369,6.1424,37.68,38.14,1.0122
india,g2_0714.tif,3573,6.1369,6.1424,70.68,71.55,1.0123
india,g2_0714.tif,3574,6.1369,6.1424,64.69,65.45,1.0117
india,g2_0714.tif,3575,6.1369,6.1424,64.69,65.48,1.0122
india,g2_0714.tif,3576,6.1369,6.1424,55.81,56.45,1.0115
india,g2_0729.tif,3647,6.1093,6.1055,42.47,42.74,1.0064
india,g2_0729.tif,3648,6.1093,6.1055,43.97,44.24,1.0061
india,g2_0729.tif,3649,6.1093,6.1055,43.97,44.27,1.0068
india,g2_0729.tif,3650,6.1093,6.1055,43.97,44.24,1.0061
india,g2_0729.tif,3651,6.1093,6.1055,54.61,54.95,1.0062
india,g2_0733.tif,3667,6.0653,6.0688,66.74,66.76,1.0003
india,g2_0733.tif,3668,6.0653,6.0688,55.81,55.79,0.9996
india,g2_0733.tif,3669,6.0653,6.0688,42.47,42.46,0.9998
india,g2_0733.tif,3670,6.0653,6.0688,37.68,37.68,1.0
india,g2_0733.tif,3671,6.0653,6.0688,42.47,42.46,0.9998
india,g2_0756.tif,3782,6.0328,6.0665,32.31,32.31,1.0
india,g2_0756.tif,3783,6.0328,6.0665,30.34,30.16,0.9941
india,g2_0756.tif,3784,6.0328,6.0665,37.68,37.55,0.9965
india,g2_0756.tif,3785,6.0328,6.0665,28.25,28.19,0.9979
india,g2_0756.tif,3786,6.0328,6.0665,37.68,37.55,0.9965
india,g2_0769.tif,3847,6.0349,6.0687,82.27,81.87,0.9951
india,g2_0769.tif,3848,6.0349,6.0687,42.47,42.51,1.0009
india,g2_0769.tif,3849,6.0349,6.0687,78.88,78.93,1.0006
india,g2_0769.tif,3850,6.0349,6.0687,66.74,66.38,0.9946
india,g2_0769.tif,3851,6.0349,6.0687,66.74,66.38,0.9946
india,g2_0782.tif,3912,6.0632,6.0274,30.34,30.35,1.0003
india,g2_0782.tif,3913,6.0632,6.0274,21.07,21.06,0.9995
india,g2_0782.tif,3914,6.0632,6.0274,42.47,42.19,0.9934
india,g2_0782.tif,3915,6.0632,6.0274,32.31,32.3,0.9997
india,g2_0782.tif,3916,6.0632,6.0274,75.33,75.22,0.9985
india,g2_0810.tif,4047,6.0243,6.0263,42.47,42.17,0.9929
india,g2_0810.tif,4048,6.0243,6.0263,42.47,42.17,0.9929
india,g2_0810.tif,4049,6.0243,6.0263,30.34,30.12,0.9927
india,g2_0810.tif,4050,6.0243,6.0263,66.74,66.27,0.993
india,g2_0810.tif,4051,6.0243,6.0263,105.81,105.09,0.9932
india,g2_0812.tif,4057,6.0665,6.0307,42.47,42.21,0.9939
india,g2_0812.tif,4058,6.0665,6.0307,54.61,54.63,1.0004
india,g2_0812.tif,4059,6.0665,6.0307,66.74,66.34,0.994
india,g2_0812.tif,4060,6.0665,6.0307,54.61,54.28,0.994
india,g2_0812.tif,4061,6.0665,6.0307,43.97,43.72,0.9943
india,g2_0818.tif,4087,6.0073,6.0272,42.47,42.05,0.9901
india,g2_0818.tif,4088,6.0073,6.0272,45.42,45.05,0.9919
india,g2_0818.tif,4089,6.0073,6.0272,28.25,28.03,0.9922
india,g2_0818.tif,4090,6.0073,6.0272,54.61,54.14,0.9914
india,g2_0818.tif,4091,6.0073,6.0272,45.42,45.05,0.9919
india,g2_0821.tif,4102,6.0817,6.0685,43.97,43.98,1.0002
india,g2_0821.tif,4103,6.0817,6.0685,43.97,43.98,1.0002
india,g2_0821.tif,4104,6.0817,6.0685,30.34,30.34,1.0
india,g2_0821.tif,4105,6.0817,6.0685,32.31,32.32,1.0003
india,g2_0821.tif,4106,6.0817,6.0685,42.47,42.48,1.0002
india,g2_0831.tif,4152,6.0581,6.0303,115.28,114.58,0.9939
india,g2_0831.tif,4153,6.0581,6.0303,156.74,155.93,0.9948
india,g2_0831.tif,4154,6.0581,6.0303,105.81,105.19,0.9941
india,g2_0831.tif,4155,6.0581,6.0303,78.88,78.78,0.9987
india,g2_0831.tif,4156,6.0581,6.0303,191.47,190.33,0.994
india,g2_0847.tif,4232,6.0634,6.066,78.88,78.86,0.9997
india,g2_0847.tif,4233,6.0634,6.066,78.88,78.82,0.9992
india,g2_0847.tif,4234,6.0634,6.066,79.74,79.69,0.9994
india,g2_0847.tif,4235,6.0634,6.066,113.45,113.38,0.9994
india,g2_0847.tif,4236,6.0634,6.066,54.61,54.6,0.9998
india,g2_0850.tif,4247,6.1324,6.1425,86.35,87.4,1.0122
india,g2_0850.tif,4248,6.1324,6.1425,91.01,92.15,1.0125
india,g2_0850.tif,4249,6.1324,6.1425,66.74,67.46,1.0108
india,g2_0850.tif,4250,6.1324,6.1425,66.74,67.58,1.0126
india,g2_0850.tif,4251,6.1324,6.1425,139.55,141.05,1.0107
india,g2_0851.tif,4252,6.1003,6.1074,32.31,32.52,1.0065
india,g2_0851.tif,4253,6.1003,6.1074,21.07,21.21,1.0066
india,g2_0851.tif,4254,6.1003,6.1074,21.07,21.21,1.0066
india,g2_0851.tif,4255,6.1003,6.1074,21.07,21.21,1.0066
india,g2_0851.tif,4256,6.1003,6.1074,28.25,28.43,1.0064
india,g2_0855.tif,4272,6.1589,6.145,54.61,55.44,1.0152
india,g2_0855.tif,4273,6.1589,6.145,103.15,104.71,1.0151
india,g2_0855.tif,4274,6.1589,6.145,66.74,67.6,1.0129
india,g2_0855.tif,4275,6.1589,6.145,54.61,55.31,1.0128
india,g2_0855.tif,4276,6.1589,6.145,66.74,67.76,1.0153
india,g2_0857.tif,4282,6.014,6.0265,70.68,70.2,0.9932
india,g2_0857.tif,4283,6.014,6.0265,64.69,64.23,0.9929
india,g2_0857.tif,4284,6.014,6.0265,75.33,74.71,0.9918
india,g2_0857.tif,4285,6.014,6.0265,42.47,42.2,0.9936
india,g2_0857.tif,4286,6.014,6.0265,30.34,30.14,0.9934
india,g2_0859.tif,4292,6.0479,6.0265,37.68,37.54,0.9963
india,g2_0859.tif,4293,6.0479,6.0265,37.68,37.54,0.9963
india,g2_0859.tif,4294,6.0479,6.0265,66.74,66.55,0.9972
india,g2_0859.tif,4295,6.0479,6.0265,30.34,30.13,0.9931
india,g2_0859.tif,4296,6.0479,6.0265,54.61,54.45,0.9971
india,g2_0870.tif,4347,6.1417,6.1089,37.68,38.02,1.009
india,g2_0870.tif,4348,6.1417,6.1089,37.68,38.02,1.009
india,g2_0870.tif,4349,6.1417,6.1089,21.07,21.24,1.0081
india,g2_0870.tif,4350,6.1417,6.1089,21.07,21.33,1.0123
india,g2_0870.tif,4351,6.1417,6.1089,21.07,21.33,1.0123
india,g2_0876.tif,4377,6.0764,6.0652,21.07,21.07,1.0
india,g2_0876.tif,4378,6.0764,6.0652,18.2,18.24,1.0022
india,g2_0876.tif,4379,6.0764,6.0652,11.09,11.11,1.0018
india,g2_0876.tif,4380,6.0764,6.0652,18.2,18.24,1.0022
india,g2_0876.tif,4381,6.0764,6.0652,28.25,28.28,1.0011
india,g2_0882.tif,4407,6.0438,6.0266,75.33,74.87,0.9939
india,g2_0882.tif,4408,6.0438,6.0266,70.68,70.4,0.996
india,g2_0882.tif,4409,6.0438,6.0266,105.81,105.4,0.9961
india,g2_0882.tif,4410,6.0438,6.0266,91.77,91.42,0.9962
india,g2_0882.tif,4411,6.0438,6.0266,70.68,70.4,0.996
india,g2_0895.tif,4472,6.0713,6.0664,18.2,18.2,1.0
india,g2_0895.tif,4473,6.0713,6.0664,21.07,21.07,1.0
india,g2_0895.tif,4474,6.0713,6.0664,18.2,18.2,1.0
india,g2_0895.tif,4475,6.0713,6.0664,30.34,30.33,0.9997
india,g2_0895.tif,4476,6.0713,6.0664,30.34,30.33,0.9997
india,g2_0897.tif,4482,6.0683,6.0665,21.07,21.07,1.0
india,g2_0897.tif,4483,6.0683,6.0665,18.2,18.2,1.0
india,g2_0897.tif,4484,6.0683,6.0665,11.09,11.09,1.0
india,g2_0897.tif,4485,6.0683,6.0665,18.2,18.21,1.0005
india,g2_0897.tif,4486,6.0683,6.0665,30.34,30.33,0.9997
india,g2_0900.tif,4497,6.0197,6.0264,42.47,42.19,0.9934
india,g2_0900.tif,4498,6.0197,6.0264,42.47,42.14,0.9922
india,g2_0900.tif,4499,6.0197,6.0264,30.34,30.14,0.9934
india,g2_0900.tif,4500,6.0197,6.0264,66.74,66.22,0.9922
india,g2_0900.tif,4501,6.0197,6.0264,45.42,45.09,0.9927
india,g2_0901.tif,4502,6.1822,6.182,48.2,49.11,1.0189
india,g2_0901.tif,4503,6.1822,6.182,30.34,30.91,1.0188
india,g2_0901.tif,4504,6.1822,6.182,18.2,18.55,1.0192
india,g2_0901.tif,4505,6.1822,6.182,55.81,56.86,1.0188
india,g2_0901.tif,4506,6.1822,6.182,54.61,55.64,1.0189
india,g2_0914.tif,4567,6.1614,6.142,42.47,43.15,1.016
india,g2_0914.tif,4568,6.1614,6.142,18.2,18.5,1.0165
india,g2_0914.tif,4569,6.1614,6.142,42.47,42.99,1.0122
india,g2_0914.tif,4570,6.1614,6.142,18.2,18.5,1.0165
india,g2_0914.tif,4571,6.1614,6.142,30.34,30.71,1.0122
india,g2_0924.tif,4617,6.0929,6.1461,113.45,114.8,1.0119
india,g2_0924.tif,4618,6.0929,6.1461,70.68,71.58,1.0127
india,g2_0924.tif,4619,6.0929,6.1461,42.47,42.65,1.0042
india,g2_0924.tif,4620,6.0929,6.1461,66.74,67.02,1.0042
india,g2_0924.tif,4621,6.0929,6.1461,117.68,119.22,1.0131
india,g2_0942.tif,4707,6.086,6.0656,18.2,18.28,1.0044
india,g2_0942.tif,4708,6.086,6.0656,11.09,11.12,1.0027
india,g2_0942.tif,4709,6.086,6.0656,18.2,18.2,1.0
india,g2_0942.tif,4710,6.086,6.0656,18.2,18.2,1.0
india,g2_0942.tif,4711,6.086,6.0656,18.2,18.2,1.0
india,g2_0947.tif,4732,6.0419,6.0657,37.68,37.65,0.9992
india,g2_0947.tif,4733,6.0419,6.0657,30.34,30.35,1.0003
india,g2_0947.tif,4734,6.0419,6.0657,18.2,18.22,1.0011
india,g2_0947.tif,4735,6.0419,6.0657,30.34,30.21,0.9957
india,g2_0947.tif,4736,6.0419,6.0657,37.68,37.58,0.9973
india,g2_0949.tif,4742,6.0188,6.0264,70.68,70.12,0.9921
india,g2_0949.tif,4743,6.0188,6.0264,54.61,54.25,0.9934
india,g2_0949.tif,4744,6.0188,6.0264,66.74,66.21,0.9921
india,g2_0949.tif,4745,6.0188,6.0264,48.2,47.87,0.9932
india,g2_0949.tif,4746,6.0188,6.0264,66.74,66.21,0.9921
india,g2_0953.tif,4762,6.1082,6.1453,42.47,43.05,1.0137
india,g2_0953.tif,4763,6.1082,6.1453,54.61,54.97,1.0066
india,g2_0953.tif,4764,6.1082,6.1453,30.34,30.76,1.0138
india,g2_0953.tif,4765,6.1082,6.1453,42.47,43.05,1.0137
india,g2_0953.tif,4766,6.1082,6.1453,45.42,45.88,1.0101
india,g2_0971.tif,4852,6.0817,6.0701,42.47,42.49,1.0005
india,g2_0971.tif,4853,6.0817,6.0701,42.47,42.49,1.0005
india,g2_0971.tif,4854,6.0817,6.0701,54.61,54.63,1.0004
india,g2_0971.tif,4855,6.0817,6.0701,78.88,78.91,1.0004
india,g2_0971.tif,4856,6.0817,6.0701,78.88,78.91,1.0004
india,g2_0976.tif,4877,6.0381,6.0261,78.88,78.34,0.9932
india,g2_0976.tif,4878,6.0381,6.0261,67.75,67.29,0.9932
india,g2_0976.tif,4879,6.0381,6.0261,48.2,47.96,0.995
india,g2_0976.tif,4880,6.0381,6.0261,54.61,54.31,0.9945
india,g2_0976.tif,4881,6.0381,6.0261,32.31,32.15,0.995
india,g2_0995.tif,4972,6.0808,6.1036,30.34,30.4,1.002
india,g2_0995.tif,4973,6.0808,6.1036,32.31,32.51,1.0062
india,g2_0995.tif,4974,6.0808,6.1036,30.34,30.4,1.002
india,g2_0995.tif,4975,6.0808,6.1036,30.34,30.4,1.002
india,g2_0995.tif,4976,6.0808,6.1036,21.07,21.19,1.0057
india,g2_1001.tif,5002,6.13,6.1069,28.25,28.5,1.0088
india,g2_1001.tif,5003,6.13,6.1069,21.07,21.29,1.0104
india,g2_1001.tif,5004,6.13,6.1069,37.68,37.98,1.008
india,g2_1001.tif,5005,6.13,6.1069,28.25,28.5,1.0088
india,g2_1001.tif,5006,6.13,6.1069,30.34,30.67,1.0109
india,g2_1016.tif,5077,6.0943,6.1069,54.61,54.89,1.0051
india,g2_1016.tif,5078,6.0943,6.1069,21.07,21.17,1.0047
india,g2_1016.tif,5079,6.0943,6.1069,18.2,18.33,1.0071
india,g2_1016.tif,5080,6.0943,6.1069,45.42,45.67,1.0055
india,g2_1016.tif,5081,6.0943,6.1069,59.28,59.56,1.0047
india,g2_1017.tif,5082,6.0585,6.0275,37.68,37.59,0.9976
india,g2_1017.tif,5083,6.0585,6.0275,32.31,32.11,0.9938
india,g2_1017.tif,5084,6.0585,6.0275,59.28,58.94,0.9943
india,g2_1017.tif,5085,6.0585,6.0275,30.34,30.14,0.9934
india,g2_1017.tif,5086,6.0585,6.0275,59.28,58.94,0.9943
india,g2_1022.tif,5107,6.1672,6.1816,91.77,93.28,1.0165
india,g2_1022.tif,5108,6.1672,6.1816,54.61,55.65,1.019
india,g2_1022.tif,5109,6.1672,6.1816,75.33,76.73,1.0186
india,g2_1022.tif,5110,6.1672,6.1816,37.68,38.34,1.0175
india,g2_1022.tif,5111,6.1672,6.1816,37.68,38.38,1.0186
india,g2_1030.tif,5147,6.1661,6.1852,32.31,32.84,1.0164
india,g2_1030.tif,5148,6.1661,6.1852,28.25,28.77,1.0184
india,g2_1030.tif,5149,6.1661,6.1852,28.25,28.77,1.0184
india,g2_1030.tif,5150,6.1661,6.1852,30.34,30.83,1.0162
india,g2_1030.tif,5151,6.1661,6.1852,48.2,49.12,1.0191
india,g2_1043.tif,5212,6.0748,6.1067,59.28,59.4,1.002
india,g2_1043.tif,5213,6.0748,6.1067,55.81,56.19,1.0068
india,g2_1043.tif,5214,6.0748,6.1067,54.61,54.67,1.0011
india,g2_1043.tif,5215,6.0748,6.1067,59.28,59.4,1.002
india,g2_1043.tif,5216,6.0748,6.1067,55.81,55.89,1.0014
india,g2_1053.tif,5262,6.0287,6.0256,71.63,71.16,0.9934
india,g2_1053.tif,5263,6.0287,6.0256,37.68,37.43,0.9934
india,g2_1053.tif,5264,6.0287,6.0256,59.28,58.9,0.9936
india,g2_1053.tif,5265,6.0287,6.0256,37.68,37.44,0.9936
india,g2_1053.tif,5266,6.0287,6.0256,32.31,32.09,0.9932
india,g2_1056.tif,5277,6.0523,6.0656,32.31,32.3,0.9997
india,g2_1056.tif,5278,6.0523,6.0656,18.2,18.16,0.9978
india,g2_1056.tif,5279,6.0523,6.0656,18.2,18.21,1.0005
india,g2_1056.tif,5280,6.0523,6.0656,21.07,21.06,0.9995
india,g2_1056.tif,5281,6.0523,6.0656,18.2,18.21,1.0005
india,g2_1060.tif,5297,6.1371,6.1068,42.47,42.75,1.0066
india,g2_1060.tif,5298,6.1371,6.1068,32.31,32.69,1.0118
india,g2_1060.tif,5299,6.1371,6.1068,42.47,42.75,1.0066
india,g2_1060.tif,5300,6.1371,6.1068,32.31,32.69,1.0118
india,g2_1060.tif,5301,6.1371,6.1068,43.97,44.49,1.0118
india,g2_1062.tif,5307,6.0924,6.0637,140.56,140.59,1.0002
india,g2_1062.tif,5308,6.0924,6.0637,115.28,115.79,1.0044
india,g2_1062.tif,5309,6.0924,6.0637,127.41,127.97,1.0044
india,g2_1062.tif,5310,6.0924,6.0637,32.31,32.45,1.0043
india,g2_1062.tif,5311,6.0924,6.0637,102.47,102.82,1.0034
india,g2_1073.tif,5362,6.0615,6.0677,43.97,43.93,0.9991
india,g2_1073.tif,5363,6.0615,6.0677,37.68,37.66,0.9995
india,g2_1073.tif,5364,6.0615,6.0677,42.47,42.43,0.9991
india,g2_1073.tif,5365,6.0615,6.0677,32.31,32.28,0.9991
india,g2_1073.tif,5366,6.0615,6.0677,43.97,43.93,0.9991
india,g2_1090.tif,5447,6.0341,6.0665,59.28,59.0,0.9953
india,g2_1090.tif,5448,6.0341,6.0665,48.2,47.99,0.9956
india,g2_1090.tif,5449,6.0341,6.0665,43.97,43.74,0.9948
india,g2_1090.tif,5450,6.0341,6.0665,97.61,97.15,0.9953
india,g2_1090.tif,5451,6.0341,6.0665,113.45,112.93,0.9954
india,g2_1092.tif,5457,6.1558,6.1842,32.31,32.8,1.0152
india,g2_1092.tif,5458,6.1558,6.1842,42.47,43.32,1.02
india,g2_1092.tif,5459,6.1558,6.1842,32.31,32.8,1.0152
india,g2_1092.tif,5460,6.1558,6.1842,37.68,38.3,1.0165
india,g2_1092.tif,5461,6.1558,6.1842,37.68,38.3,1.0165
india,g2_1111.tif,5552,6.0888,6.1059,45.42,45.65,1.0051
india,g2_1111.tif,5553,6.0888,6.1059,43.97,44.13,1.0036
india,g2_1111.tif,5554,6.0888,6.1059,54.61,54.86,1.0046
india,g2_1111.tif,5555,6.0888,6.1059,59.28,59.65,1.0062
india,g2_1111.tif,5556,6.0888,6.1059,32.31,32.52,1.0065
india,g2_1120.tif,5597,6.1636,6.181,54.61,55.47,1.0157
india,g2_1120.tif,5598,6.1636,6.181,91.01,92.45,1.0158
india,g2_1120.tif,5599,6.1636,6.181,42.47,43.15,1.016
india,g2_1120.tif,5600,6.1636,6.181,30.34,30.92,1.0191
india,g2_1120.tif,5601,6.1636,6.181,30.34,30.92,1.0191
india,g2_1145.tif,5722,6.1431,6.1475,37.68,38.17,1.013
india,g2_1145.tif,5723,6.1431,6.1475,28.25,28.62,1.0131
india,g2_1145.tif,5724,6.1431,6.1475,37.68,38.17,1.013
india,g2_1145.tif,5725,6.1431,6.1475,37.68,38.17,1.013
india,g2_1145.tif,5726,6.1431,6.1475,37.68,38.17,1.013
india,g2_1148.tif,5737,6.1336,6.1033,91.77,92.79,1.0111
india,g2_1148.tif,5738,6.1336,6.1033,86.35,87.25,1.0104
india,g2_1148.tif,5739,6.1336,6.1033,103.15,103.76,1.0059
india,g2_1148.tif,5740,6.1336,6.1033,66.74,67.14,1.006
india,g2_1148.tif,5741,6.1336,6.1033,43.97,44.24,1.0061
india,g2_1149.tif,5742,6.102,6.0677,28.25,28.35,1.0035
india,g2_1149.tif,5743,6.102,6.0677,32.31,32.33,1.0006
india,g2_1149.tif,5744,6.102,6.0677,28.25,28.35,1.0035
india,g2_1149.tif,5745,6.102,6.0677,21.07,21.1,1.0014
india,g2_1149.tif,5746,6.102,6.0677,30.34,30.34,1.0
india,g2_1154.tif,5767,6.0731,6.0658,18.2,18.2,1.0
india,g2_1154.tif,5768,6.0731,6.0658,18.2,18.23,1.0016
india,g2_1154.tif,5769,6.0731,6.0658,18.2,18.23,1.0016
india,g2_1154.tif,5770,6.0731,6.0658,18.2,18.23,1.0016
india,g2_1154.tif,5771,6.0731,6.0658,18.2,18.23,1.0016
india,g2_1175.tif,5872,6.0315,6.0302,103.15,102.54,0.9941
india,g2_1175.tif,5873,6.0315,6.0302,115.28,114.6,0.9941
india,g2_1175.tif,5874,6.0315,6.0302,42.47,42.22,0.9941
india,g2_1175.tif,5875,6.0315,6.0302,43.97,43.7,0.9939
india,g2_1175.tif,5876,6.0315,6.0302,91.01,90.45,0.9938
india,g2_1178.tif,5887,6.0647,6.1063,78.88,78.84,0.9995
india,g2_1178.tif,5888,6.0647,6.1063,32.31,32.32,1.0003
india,g2_1178.tif,5889,6.0647,6.1063,37.68,37.76,1.0021
india,g2_1178.tif,5890,6.0647,6.1063,37.68,37.76,1.0021
india,g2_1178.tif,5891,6.0647,6.1063,42.47,42.79,1.0075
india,g2_1197.tif,5982,6.0534,6.0276,32.31,32.24,0.9978
india,g2_1197.tif,5983,6.0534,6.0276,32.31,32.24,0.9978
india,g2_1197.tif,5984,6.0534,6.0276,30.34,30.29,0.9984
india,g2_1197.tif,5985,6.0534,6.0276,37.68,37.5,0.9952
india,g2_1197.tif,5986,6.0534,6.0276,28.25,28.14,0.9961
india,g2_1198.tif,5987,6.0516,6.0258,21.07,20.95,0.9943
india,g2_1198.tif,5988,6.0516,6.0258,28.25,28.13,0.9958
india,g2_1198.tif,5989,6.0516,6.0258,28.25,28.13,0.9958
india,g2_1198.tif,5990,6.0516,6.0258,43.97,43.86,0.9975
india,g2_1198.tif,5991,6.0516,6.0258,28.25,28.13,0.9958
india,g2_1201.tif,6002,6.0177,6.0264,30.34,30.14,0.9934
india,g2_1201.tif,6003,6.0177,6.0264,30.34,30.14,0.9934
india,g2_1201.tif,6004,6.0177,6.0264,32.31,32.09,0.9932
india,g2_1201.tif,6005,6.0177,6.0264,54.61,54.16,0.9918
india,g2_1201.tif,6006,6.0177,6.0264,30.34,30.14,0.9934
india,g2_1206.tif,6027,6.1341,6.109,54.61,55.07,1.0084
india,g2_1206.tif,6028,6.1341,6.109,32.31,32.67,1.0111
india,g2_1206.tif,6029,6.1341,6.109,45.42,45.83,1.009
india,g2_1206.tif,6030,6.1341,6.109,28.25,28.52,1.0096
india,g2_1206.tif,6031,6.1341,6.109,37.68,38.0,1.0085
india,g2_1207.tif,6032,6.0571,6.07,42.47,42.4,0.9984
india,g2_1207.tif,6033,6.0571,6.07,42.47,42.4,0.9984
india,g2_1207.tif,6034,6.0571,6.07,103.15,102.97,0.9983
india,g2_1207.tif,6035,6.0571,6.07,91.01,91.06,1.0005
india,g2_1207.tif,6036,6.0571,6.07,103.15,103.2,1.0005
india,g2_1211.tif,6052,6.0641,6.0286,64.69,64.58,0.9983
india,g2_1211.tif,6053,6.0641,6.0286,82.27,82.23,0.9995
india,g2_1211.tif,6054,6.0641,6.0286,64.69,64.58,0.9983
india,g2_1211.tif,6055,6.0641,6.0286,42.47,42.48,1.0002
india,g2_1211.tif,6056,6.0641,6.0286,78.88,78.87,0.9999
india,g2_1217.tif,6082,6.1221,6.1029,42.47,42.72,1.0059
india,g2_1217.tif,6083,6.1221,6.1029,42.47,42.72,1.0059
india,g2_1217.tif,6084,6.1221,6.1029,18.2,18.39,1.0104
india,g2_1217.tif,6085,6.1221,6.1029,64.69,65.23,1.0083
india,g2_1217.tif,6086,6.1221,6.1029,55.81,56.32,1.0091
india,g2_1233.tif,6162,6.0585,6.0245,79.74,79.18,0.993
india,g2_1233.tif,6163,6.0585,6.0245,42.47,42.17,0.9929
india,g2_1233.tif,6164,6.0585,6.0245,43.97,43.67,0.9932
india,g2_1233.tif,6165,6.0585,6.0245,78.88,78.79,0.9989
india,g2_1233.tif,6166,6.0585,6.0245,78.88,78.32,0.9929
india,g2_1241.tif,6202,6.0501,6.0259,43.97,43.68,0.9934
india,g2_1241.tif,6203,6.0501,6.0259,54.61,54.48,0.9976
india,g2_1241.tif,6204,6.0501,6.0259,42.47,42.18,0.9932
india,g2_1241.tif,6205,6.0501,6.0259,32.31,32.22,0.9972
india,g2_1241.tif,6206,6.0501,6.0259,43.97,43.85,0.9973
india,g2_1252.tif,6257,6.0835,6.1029,54.61,54.88,1.0049
india,g2_1252.tif,6258,6.0835,6.1029,43.97,44.23,1.0059
india,g2_1252.tif,6259,6.0835,6.1029,32.31,32.4,1.0028
india,g2_1252.tif,6260,6.0835,6.1029,32.31,32.4,1.0028
india,g2_1252.tif,6261,6.0835,6.1029,32.31,32.4,1.0028
india,g2_1264.tif,6317,6.0531,6.0656,30.34,30.34,1.0
india,g2_1264.tif,6318,6.0531,6.0656,18.2,18.16,0.9978
india,g2_1264.tif,6319,6.0531,6.0656,21.07,21.03,0.9981
india,g2_1264.tif,6320,6.0531,6.0656,18.2,18.16,0.9978
india,g2_1264.tif,6321,6.0531,6.0656,18.2,18.16,0.9978
india,g2_1265.tif,6322,6.1505,6.1479,62.58,63.42,1.0134
india,g2_1265.tif,6323,6.1505,6.1479,37.68,38.2,1.0138
india,g2_1265.tif,6324,6.1505,6.1479,59.28,60.09,1.0137
india,g2_1265.tif,6325,6.1505,6.1479,54.61,55.34,1.0134
india,g2_1265.tif,6326,6.1505,6.1479,62.58,63.42,1.0134
india,g2_1268.tif,6337,6.0807,6.0674,48.2,48.23,1.0006
india,g2_1268.tif,6338,6.0807,6.0674,43.97,43.97,1.0
india,g2_1268.tif,6339,6.0807,6.0674,54.61,54.65,1.0007
india,g2_1268.tif,6340,6.0807,6.0674,43.97,43.97,1.0
india,g2_1268.tif,6341,6.0807,6.0674,37.68,37.71,1.0008
india,g2_1274.tif,6367,6.1292,6.1069,142.06,143.35,1.0091
india,g2_1274.tif,6368,6.1292,6.1069,43.97,44.26,1.0066
india,g2_1274.tif,6369,6.1292,6.1069,103.15,104.22,1.0104
india,g2_1274.tif,6370,6.1292,6.1069,175.95,177.53,1.009
india,g2_1274.tif,6371,6.1292,6.1069,114.06,115.03,1.0085
india,g2_1287.tif,6432,6.1015,6.1068,43.97,44.25,1.0064
india,g2_1287.tif,6433,6.1015,6.1068,96.9,97.49,1.0061
india,g2_1287.tif,6434,6.1015,6.1068,37.68,37.91,1.0061
india,g2_1287.tif,6435,6.1015,6.1068,54.61,54.93,1.0059
india,g2_1287.tif,6436,6.1015,6.1068,91.77,92.35,1.0063
india,g2_1290.tif,6447,6.039,6.0272,59.28,58.91,0.9938
india,g2_1290.tif,6448,6.039,6.0272,102.47,101.83,0.9938
india,g2_1290.tif,6449,6.039,6.0272,82.27,81.74,0.9936
india,g2_1290.tif,6450,6.039,6.0272,94.0,93.56,0.9953
india,g2_1290.tif,6451,6.039,6.0272,200.22,199.21,0.995
india,g2_1293.tif,6462,6.1921,6.1427,67.75,69.17,1.021
india,g2_1293.tif,6463,6.1921,6.1427,66.74,68.16,1.0213
india,g2_1293.tif,6464,6.1921,6.1427,43.97,44.9,1.0212
india,g2_1293.tif,6465,6.1921,6.1427,67.75,68.6,1.0125
india,g2_1293.tif,6466,6.1921,6.1427,43.97,44.9,1.0212
india,g2_1299.tif,6492,6.1142,6.1458,75.33,76.0,1.0089
india,g2_1299.tif,6493,6.1142,6.1458,42.47,43.05,1.0137
india,g2_1299.tif,6494,6.1142,6.1458,32.31,32.74,1.0133
india,g2_1299.tif,6495,6.1142,6.1458,108.41,109.68,1.0117
india,g2_1299.tif,6496,6.1142,6.1458,59.28,59.78,1.0084
india,g2_1300.tif,6497,6.0953,6.0655,18.2,18.2,1.0
india,g2_1300.tif,6498,6.0953,6.0655,18.2,18.2,1.0
india,g2_1300.tif,6499,6.0953,6.0655,18.2,18.32,1.0066
india,g2_1300.tif,6500,6.0953,6.0655,18.2,18.32,1.0066
india,g2_1300.tif,6501,6.0953,6.0655,18.2,18.32,1.0066
india,g2_1305.tif,6522,6.0437,6.0669,91.77,91.78,1.0001
india,g2_1305.tif,6523,6.0437,6.0669,135.97,135.92,0.9996
india,g2_1305.tif,6524,6.0437,6.0669,42.47,42.31,0.9962
india,g2_1305.tif,6525,6.0437,6.0669,55.81,55.82,1.0002
india,g2_1305.tif,6526,6.0437,6.0669,45.42,45.34,0.9982
india,g2_1307.tif,6532,6.0213,6.0258,67.75,67.28,0.9931
india,g2_1307.tif,6533,6.0213,6.0258,54.61,54.19,0.9923
india,g2_1307.tif,6534,6.0213,6.0258,32.31,32.06,0.9923
india,g2_1307.tif,6535,6.0213,6.0258,42.47,42.18,0.9932
india,g2_1307.tif,6536,6.0213,6.0258,59.28,58.87,0.9931
india,g2_1309.tif,6542,6.0944,6.0683,54.61,54.61,1.0
india,g2_1309.tif,6543,6.0944,6.0683,32.31,32.33,1.0006
india,g2_1309.tif,6544,6.0944,6.0683,64.69,64.78,1.0014
india,g2_1309.tif,6545,6.0944,6.0683,64.69,64.92,1.0036
india,g2_1309.tif,6546,6.0944,6.0683,113.45,113.89,1.0039
india,g2_1310.tif,6547,6.0761,6.0652,18.2,18.24,1.0022
india,g2_1310.tif,6548,6.0761,6.0652,18.2,18.2,1.0
india,g2_1310.tif,6549,6.0761,6.0652,18.2,18.2,1.0
india,g2_1310.tif,6550,6.0761,6.0652,18.2,18.2,1.0
india,g2_1310.tif,6551,6.0761,6.0652,18.2,18.24,1.0022
india,g2_1321.tif,6602,6.102,6.1032,66.74,67.12,1.0057
india,g2_1321.tif,6603,6.102,6.1032,94.0,94.54,1.0057
india,g2_1321.tif,6604,6.102,6.1032,91.01,91.53,1.0057
india,g2_1321.tif,6605,6.102,6.1032,91.01,91.55,1.0059
india,g2_1321.tif,6606,6.102,6.1032,82.27,82.75,1.0058
india,g2_1330.tif,6647,6.0537,6.0661,28.25,28.23,0.9993
india,g2_1330.tif,6648,6.0537,6.0661,42.47,42.38,0.9979
india,g2_1330.tif,6649,6.0537,6.0661,37.68,37.63,0.9987
india,g2_1330.tif,6650,6.0537,6.0661,48.2,48.11,0.9981
india,g2_1330.tif,6651,6.0537,6.0661,48.2,48.11,0.9981
india,g2_1340.tif,6697,6.0573,6.0661,54.61,54.57,0.9993
india,g2_1340.tif,6698,6.0573,6.0661,59.28,59.2,0.9987
india,g2_1340.tif,6699,6.0573,6.0661,70.68,70.66,0.9997
india,g2_1340.tif,6700,6.0573,6.0661,54.61,54.6,0.9998
india,g2_1340.tif,6701,6.0573,6.0661,78.88,78.75,0.9984
india,g2_1346.tif,6727,6.1039,6.1062,75.33,75.81,1.0064
india,g2_1346.tif,6728,6.1039,6.1062,75.33,75.79,1.0061
india,g2_1346.tif,6729,6.1039,6.1062,118.87,119.59,1.0061
india,g2_1346.tif,6730,6.1039,6.1062,97.61,98.2,1.006
india,g2_1346.tif,6731,6.1039,6.1062,113.45,114.14,1.0061
india,g2_1348.tif,6737,6.0622,6.0269,32.31,32.11,0.9938
india,g2_1348.tif,6738,6.0622,6.0269,42.47,42.47,1.0
india,g2_1348.tif,6739,6.0622,6.0269,42.47,42.47,1.0
india,g2_1348.tif,6740,6.0622,6.0269,42.47,42.47,1.0
india,g2_1348.tif,6741,6.0622,6.0269,37.68,37.61,0.9981
india,g2_1352.tif,6757,6.0366,6.0658,64.69,64.45,0.9963
india,g2_1352.tif,6758,6.0366,6.0658,64.69,64.45,0.9963
india,g2_1352.tif,6759,6.0366,6.0658,64.69,64.61,0.9988
india,g2_1352.tif,6760,6.0366,6.0658,79.74,79.54,0.9975
india,g2_1352.tif,6761,6.0366,6.0658,32.31,32.16,0.9954
india,g2_1364.tif,6817,6.0341,6.0665,48.2,47.99,0.9956
india,g2_1364.tif,6818,6.0341,6.0665,21.07,20.98,0.9957
india,g2_1364.tif,6819,6.0341,6.0665,28.25,28.19,0.9979
india,g2_1364.tif,6820,6.0341,6.0665,30.34,30.17,0.9944
india,g2_1364.tif,6821,6.0341,6.0665,43.97,43.74,0.9948
india,g2_1368.tif,6837,6.1097,6.1089,28.25,28.45,1.0071
india,g2_1368.tif,6838,6.1097,6.1089,21.07,21.21,1.0066
india,g2_1368.tif,6839,6.1097,6.1089,21.07,21.21,1.0066
india,g2_1368.tif,6840,6.1097,6.1089,21.07,21.21,1.0066
india,g2_1368.tif,6841,6.1097,6.1089,21.07,21.21,1.0066
india,g2_1374.tif,6867,6.1575,6.145,30.34,30.73,1.0129
india,g2_1374.tif,6868,6.1575,6.145,30.34,30.73,1.0129
india,g2_1374.tif,6869,6.1575,6.145,28.25,28.65,1.0142
india,g2_1374.tif,6870,6.1575,6.145,30.34,30.73,1.0129
india,g2_1374.tif,6871,6.1575,6.145,30.34,30.8,1.0152
india,g2_1376.tif,6877,6.0475,6.0657,37.68,37.65,0.9992
india,g2_1376.tif,6878,6.0475,6.0657,67.75,67.74,0.9999
india,g2_1376.tif,6879,6.0475,6.0657,70.68,70.47,0.997
india,g2_1376.tif,6880,6.0475,6.0657,59.28,59.11,0.9971
india,g2_1376.tif,6881,6.0475,6.0657,108.41,108.3,0.999
india,g2_1380.tif,6897,6.1171,6.1087,62.58,63.05,1.0075
india,g2_1380.tif,6898,6.1171,6.1087,55.81,56.27,1.0082
india,g2_1380.tif,6899,6.1171,6.1087,64.69,65.2,1.0079
india,g2_1380.tif,6900,6.1171,6.1087,54.61,55.06,1.0082
india,g2_1380.tif,6901,6.1171,6.1087,64.69,65.2,1.0079
india,g2_1384.tif,6917,6.0973,6.0642,151.68,151.6,0.9995
india,g2_1384.tif,6918,6.0973,6.0642,30.34,30.52,1.0059
india,g2_1384.tif,6919,6.0973,6.0642,91.77,91.85,1.0009
india,g2_1384.tif,6920,6.0973,6.0642,115.28,115.88,1.0052
india,g2_1384.tif,6921,6.0973,6.0642,103.15,103.09,0.9994
india,g2_1386.tif,6927,6.1162,6.1066,48.2,48.53,1.0068
india,g2_1386.tif,6928,6.1162,6.1066,45.42,45.75,1.0073
india,g2_1386.tif,6929,6.1162,6.1066,45.42,45.75,1.0073
india,g2_1386.tif,6930,6.1162,6.1066,54.61,55.02,1.0075
india,g2_1386.tif,6931,6.1162,6.1066,55.81,56.26,1.0081
india,g2_1393.tif,6962,6.0955,6.1052,48.2,48.44,1.005
india,g2_1393.tif,6963,6.0955,6.1052,48.2,48.44,1.005
india,g2_1393.tif,6964,6.0955,6.1052,32.31,32.46,1.0046
india,g2_1393.tif,6965,6.0955,6.1052,37.68,37.88,1.0053
india,g2_1393.tif,6966,6.0955,6.1052,59.28,59.57,1.0049
india,g2_1395.tif,6972,6.0482,6.065,18.2,18.21,1.0005
india,g2_1395.tif,6973,6.0482,6.065,28.25,28.21,0.9986
india,g2_1395.tif,6974,6.0482,6.065,42.47,42.47,1.0
india,g2_1395.tif,6975,6.0482,6.065,28.25,28.21,0.9986
india,g2_1395.tif,6976,6.0482,6.065,21.07,21.06,0.9995
india,g2_1398.tif,6987,6.1269,6.107,102.47,103.42,1.0093
india,g2_1398.tif,6988,6.1269,6.107,78.88,79.67,1.01
india,g2_1398.tif,6989,6.1269,6.107,91.01,91.92,1.01
india,g2_1398.tif,6990,6.1269,6.107,55.81,56.37,1.01
india,g2_1398.tif,6991,6.1269,6.107,167.68,168.8,1.0067
india,g2_1398.tif,6992,6.1269,6.107,102.47,103.21,1.0072
india,g2_1404.tif,7018,6.0663,6.1057,37.68,37.88,1.0053
india,g2_1404.tif,7019,6.0663,6.1057,48.2,48.26,1.0012
india,g2_1404.tif,7020,6.0663,6.1057,42.47,42.78,1.0073
india,g2_1404.tif,7021,6.0663,6.1057,42.47,42.46,0.9998
india,g2_1404.tif,7022,6.0663,6.1057,37.68,37.77,1.0024
india,g2_1418.tif,7088,6.0819,6.0674,59.28,59.42,1.0024
india,g2_1418.tif,7089,6.0819,6.0674,54.61,54.66,1.0009
india,g2_1418.tif,7090,6.0819,6.0674,30.34,30.34,1.0
india,g2_1418.tif,7091,6.0819,6.0674,43.97,43.97,1.0
india,g2_1418.tif,7092,6.0819,6.0674,45.42,45.48,1.0013
india,g2_1433.tif,7163,6.0064,6.026,30.34,30.15,0.9937
india,g2_1433.tif,7164,6.0064,6.026,32.31,32.09,0.9932
india,g2_1433.tif,7165,6.0064,6.026,42.47,42.04,0.9899
india,g2_1433.tif,7166,6.0064,6.026,30.34,30.15,0.9937
india,g2_1433.tif,7167,6.0064,6.026,42.47,42.04,0.9899
india,g2_1439.tif,7193,6.0581,6.0661,45.42,45.38,0.9991
india,g2_1439.tif,7194,6.0581,6.0661,37.68,37.67,0.9997
india,g2_1439.tif,7195,6.0581,6.0661,37.68,37.67,0.9997
india,g2_1439.tif,7196,6.0581,6.0661,32.31,32.3,0.9997
india,g2_1439.tif,7197,6.0581,6.0661,32.31,32.3,0.9997
india,g2_1451.tif,7253,6.1216,6.1065,43.97,44.37,1.0091
india,g2_1451.tif,7254,6.1216,6.1065,45.42,45.77,1.0077
india,g2_1451.tif,7255,6.1216,6.1065,30.34,30.62,1.0092
india,g2_1451.tif,7256,6.1216,6.1065,59.28,59.68,1.0067
india,g2_1451.tif,7257,6.1216,6.1065,66.74,67.35,1.0091
india,g2_1467.tif,7333,6.1002,6.1068,32.31,32.48,1.0053
india,g2_1467.tif,7334,6.1002,6.1068,37.68,37.92,1.0064
india,g2_1467.tif,7335,6.1002,6.1068,43.97,44.25,1.0064
india,g2_1467.tif,7336,6.1002,6.1068,43.97,44.21,1.0055
india,g2_1467.tif,7337,6.1002,6.1068,43.97,44.25,1.0064
india,g2_1471.tif,7353,6.0478,6.0259,30.34,30.26,0.9974
india,g2_1471.tif,7354,6.0478,6.0259,37.68,37.48,0.9947
india,g2_1471.tif,7355,6.0478,6.0259,30.34,30.26,0.9974
india,g2_1471.tif,7356,6.0478,6.0259,30.34,30.13,0.9931
india,g2_1471.tif,7357,6.0478,6.0259,30.34,30.13,0.9931
india,g2_1474.tif,7368,6.0271,6.0291,37.68,37.44,0.9936
india,g2_1474.tif,7369,6.0271,6.0291,42.47,42.19,0.9934
india,g2_1474.tif,7370,6.0271,6.0291,32.31,32.1,0.9935
india,g2_1474.tif,7371,6.0271,6.0291,28.25,28.07,0.9936
india,g2_1474.tif,7372,6.0271,6.0291,32.31,32.1,0.9935
india,g2_1475.tif,7373,6.1053,6.1032,67.75,68.17,1.0062
india,g2_1475.tif,7374,6.1053,6.1032,66.74,67.16,1.0063
india,g2_1475.tif,7375,6.1053,6.1032,66.74,67.16,1.0063
india,g2_1475.tif,7376,6.1053,6.1032,67.75,68.17,1.0062
india,g2_1475.tif,7377,6.1053,6.1032,70.68,71.12,1.0062
india,g2_1478.tif,7388,6.1605,6.1426,48.2,48.83,1.0131
india,g2_1478.tif,7389,6.1605,6.1426,37.68,38.24,1.0149
india,g2_1478.tif,7390,6.1605,6.1426,28.25,28.66,1.0145
india,g2_1478.tif,7391,6.1605,6.1426,37.68,38.24,1.0149
india,g2_1478.tif,7392,6.1605,6.1426,21.07,21.34,1.0128
india,g2_1488.tif,7438,6.0462,6.0271,54.61,54.24,0.9932
india,g2_1488.tif,7439,6.0462,6.0271,54.61,54.24,0.9932
india,g2_1488.tif,7440,6.0462,6.0271,67.75,67.3,0.9934
india,g2_1488.tif,7441,6.0462,6.0271,30.34,30.25,0.997
india,g2_1488.tif,7442,6.0462,6.0271,64.69,64.32,0.9943
india,g2_1500.tif,7498,6.0646,6.0683,21.07,21.06,0.9995
india,g2_1500.tif,7499,6.0646,6.0683,43.97,43.95,0.9995
india,g2_1500.tif,7500,6.0646,6.0683,32.31,32.31,1.0
india,g2_1500.tif,7501,6.0646,6.0683,37.68,37.68,1.0
india,g2_1500.tif,7502,6.0646,6.0683,94.0,93.96,0.9996
india,g2_1511.tif,7553,6.0719,6.1031,78.88,79.37,1.0062
india,g2_1511.tif,7554,6.0719,6.1031,151.68,152.49,1.0053
india,g2_1511.tif,7555,6.0719,6.1031,132.29,132.44,1.0011
india,g2_1511.tif,7556,6.0719,6.1031,163.82,164.82,1.0061
india,g2_1511.tif,7557,6.0719,6.1031,102.47,102.66,1.0019
india,g2_1516.tif,7578,6.0474,6.0288,18.2,18.09,0.994
india,g2_1516.tif,7579,6.0474,6.0288,18.2,18.09,0.994
india,g2_1516.tif,7580,6.0474,6.0288,30.34,30.14,0.9934
india,g2_1516.tif,7581,6.0474,6.0288,30.34,30.14,0.9934
india,g2_1516.tif,7582,6.0474,6.0288,30.34,30.14,0.9934
india,g2_1517.tif,7583,6.0763,6.0664,70.68,70.68,1.0
india,g2_1517.tif,7584,6.0763,6.0664,70.68,70.78,1.0014
india,g2_1517.tif,7585,6.0763,6.0664,54.61,54.63,1.0004
india,g2_1517.tif,7586,6.0763,6.0664,88.71,88.78,1.0008
india,g2_1517.tif,7587,6.0763,6.0664,108.41,108.53,1.0011
india,g2_1521.tif,7603,6.0725,6.0664,32.31,32.3,0.9997
india,g2_1521.tif,7604,6.0725,6.0664,28.25,28.27,1.0007
india,g2_1521.tif,7605,6.0725,6.0664,54.61,54.6,0.9998
india,g2_1521.tif,7606,6.0725,6.0664,28.25,28.27,1.0007
india,g2_1521.tif,7607,6.0725,6.0664,30.34,30.33,0.9997
india,g2_1523.tif,7613,6.0655,6.0659,30.34,30.33,0.9997
india,g2_1523.tif,7614,6.0655,6.0659,30.34,30.33,0.9997
india,g2_1523.tif,7615,6.0655,6.0659,32.31,32.3,0.9997
india,g2_1523.tif,7616,6.0655,6.0659,21.07,21.06,0.9995
india,g2_1523.tif,7617,6.0655,6.0659,28.25,28.25,1.0
india,g2_1527.tif,7633,6.0984,6.1033,127.96,128.73,1.006
india,g2_1527.tif,7634,6.0984,6.1033,78.88,79.35,1.006
india,g2_1527.tif,7635,6.0984,6.1033,117.68,118.38,1.0059
india,g2_1527.tif,7636,6.0984,6.1033,124.63,125.36,1.0059
india,g2_1527.tif,7637,6.0984,6.1033,42.47,42.73,1.0061
india,g2_1535.tif,7673,6.0626,6.0297,42.47,42.21,0.9939
india,g2_1535.tif,7674,6.0626,6.0297,30.34,30.15,0.9937
india,g2_1535.tif,7675,6.0626,6.0297,66.74,66.72,0.9997
india,g2_1535.tif,7676,6.0626,6.0297,54.61,54.27,0.9938
india,g2_1535.tif,7677,6.0626,6.0297,30.34,30.35,1.0003
india,g2_1538.tif,7688,6.0518,6.0304,54.61,54.49,0.9978
india,g2_1538.tif,7689,6.0518,6.0304,48.2,48.06,0.9971
india,g2_1538.tif,7690,6.0518,6.0304,48.2,48.06,0.9971
india,g2_1538.tif,7691,6.0518,6.0304,42.47,42.21,0.9939
india,g2_1538.tif,7692,6.0518,6.0304,54.61,54.27,0.9938
india,g2_1554.tif,7768,6.112,6.1072,42.47,42.75,1.0066
india,g2_1554.tif,7769,6.112,6.1072,30.34,30.56,1.0073
india,g2_1554.tif,7770,6.112,6.1072,42.47,42.75,1.0066
india,g2_1554.tif,7771,6.112,6.1072,30.34,30.54,1.0066
india,g2_1554.tif,7772,6.112,6.1072,54.61,54.98,1.0068
india,g2_1557.tif,7783,6.0532,6.0649,21.07,21.03,0.9981
india,g2_1557.tif,7784,6.0532,6.0649,21.07,21.06,0.9995
india,g2_1557.tif,7785,6.0532,6.0649,37.68,37.62,0.9984
india,g2_1557.tif,7786,6.0532,6.0649,30.34,30.34,1.0
india,g2_1557.tif,7787,6.0532,6.0649,32.31,32.24,0.9978
india,g2_1568.tif,7838,6.0165,6.0264,32.31,32.09,0.9932
india,g2_1568.tif,7839,6.0165,6.0264,30.34,30.08,0.9914
india,g2_1568.tif,7840,6.0165,6.0264,37.68,37.39,0.9923
india,g2_1568.tif,7841,6.0165,6.0264,30.34,30.08,0.9914
india,g2_1568.tif,7842,6.0165,6.0264,30.34,30.08,0.9914
india,g2_1602.tif,8008,6.0378,6.0273,21.07,20.94,0.9938
india,g2_1602.tif,8009,6.0378,6.0273,21.07,20.94,0.9938
india,g2_1602.tif,8010,6.0378,6.0273,30.34,30.2,0.9954
india,g2_1602.tif,8011,6.0378,6.0273,43.97,43.76,0.9952
india,g2_1602.tif,8012,6.0378,6.0273,32.31,32.15,0.995
india,g2_1604.tif,8018,6.1325,6.1816,30.34,30.66,1.0105
india,g2_1604.tif,8019,6.1325,6.1816,18.2,18.4,1.011
india,g2_1604.tif,8020,6.1325,6.1816,18.2,18.4,1.011
india,g2_1604.tif,8021,6.1325,6.1816,28.25,28.7,1.0159
india,g2_1604.tif,8022,6.1325,6.1816,30.34,30.66,1.0105
india,g2_1614.tif,8068,6.0387,6.0273,42.47,42.19,0.9934
india,g2_1614.tif,8069,6.0387,6.0273,42.47,42.19,0.9934
india,g2_1614.tif,8070,6.0387,6.0273,37.68,37.46,0.9942
india,g2_1614.tif,8071,6.0387,6.0273,42.47,42.19,0.9934
india,g2_1614.tif,8072,6.0387,6.0273,54.61,54.25,0.9934
india,g2_1626.tif,8128,6.0551,6.0655,42.47,42.39,0.9981
india,g2_1626.tif,8129,6.0551,6.0655,18.2,18.21,1.0005
india,g2_1626.tif,8130,6.0551,6.0655,18.2,18.21,1.0005
india,g2_1626.tif,8131,6.0551,6.0655,30.34,30.28,0.998
india,g2_1626.tif,8132,6.0551,6.0655,37.68,37.63,0.9987
india,g2_1638.tif,8188,6.0645,6.0307,18.2,18.23,1.0016
india,g2_1638.tif,8189,6.0645,6.0307,42.47,42.49,1.0005
india,g2_1638.tif,8190,6.0645,6.0307,66.74,66.34,0.994
india,g2_1638.tif,8191,6.0645,6.0307,30.34,30.15,0.9937
india,g2_1638.tif,8192,6.0645,6.0307,54.61,54.28,0.994
india,g2_1646.tif,8228,6.0708,6.0664,18.2,18.2,1.0
india,g2_1646.tif,8229,6.0708,6.0664,30.34,30.36,1.0007
india,g2_1646.tif,8230,6.0708,6.0664,18.2,18.2,1.0
india,g2_1646.tif,8231,6.0708,6.0664,21.07,21.08,1.0005
india,g2_1646.tif,8232,6.0708,6.0664,18.2,18.22,1.0011
india,g2_1659.tif,8293,5.9987,6.0261,78.88,78.37,0.9935
india,g2_1659.tif,8294,5.9987,6.0261,37.68,37.4,0.9926
india,g2_1659.tif,8295,5.9987,6.0261,37.68,37.4,0.9926
india,g2_1659.tif,8296,5.9987,6.0261,43.97,43.68,0.9934
india,g2_1659.tif,8297,5.9987,6.0261,42.47,42.21,0.9939
india,g2_1670.tif,8348,6.1338,6.1454,88.71,89.75,1.0117
india,g2_1670.tif,8349,6.1338,6.1454,79.74,80.69,1.0119
india,g2_1670.tif,8350,6.1338,6.1454,45.42,45.96,1.0119
india,g2_1670.tif,8351,6.1338,6.1454,54.61,55.2,1.0108
india,g2_1670.tif,8352,6.1338,6.1454,59.28,60.04,1.0128
india,g2_1674.tif,8368,6.0834,6.0668,48.2,48.23,1.0006
india,g2_1674.tif,8369,6.0834,6.0668,42.47,42.6,1.0031
india,g2_1674.tif,8370,6.0834,6.0668,43.97,43.97,1.0
india,g2_1674.tif,8371,6.0834,6.0668,86.35,86.38,1.0003
india,g2_1674.tif,8372,6.0834,6.0668,82.27,82.49,1.0027
india,g2_1676.tif,8379,6.0605,6.0654,28.25,28.24,0.9996
india,g2_1676.tif,8380,6.0605,6.0654,30.34,30.33,0.9997
india,g2_1676.tif,8381,6.0605,6.0654,28.25,28.24,0.9996
india,g2_1676.tif,8382,6.0605,6.0654,21.07,21.05,0.9991
india,g2_1681.tif,8403,6.0643,6.1063,64.69,64.79,1.0015
india,g2_1681.tif,8404,6.0643,6.1063,81.44,81.58,1.0017
india,g2_1681.tif,8405,6.0643,6.1063,70.68,71.12,1.0062
india,g2_1681.tif,8406,6.0643,6.1063,129.6,130.29,1.0053
india,g2_1681.tif,8407,6.0643,6.1063,81.44,81.82,1.0047
india,g2_1688.tif,8438,6.1038,6.1084,155.83,156.88,1.0067
india,g2_1688.tif,8439,6.1038,6.1084,102.47,103.15,1.0066
india,g2_1688.tif,8440,6.1038,6.1084,227.35,228.85,1.0066
india,g2_1688.tif,8441,6.1038,6.1084,129.6,130.38,1.006
india,g2_1688.tif,8442,6.1038,6.1084,158.98,160.05,1.0067
india,g2_1689.tif,8443,6.1406,6.1481,45.42,46.0,1.0128
india,g2_1689.tif,8444,6.1406,6.1481,28.25,28.62,1.0131
india,g2_1689.tif,8445,6.1406,6.1481,48.2,48.84,1.0133
india,g2_1689.tif,8446,6.1406,6.1481,28.25,28.62,1.0131
india,g2_1689.tif,8447,6.1406,6.1481,21.07,21.33,1.0123
india,g2_1695.tif,8473,6.0306,6.0291,54.61,54.27,0.9938
india,g2_1695.tif,8474,6.0306,6.0291,75.33,74.88,0.994
india,g2_1695.tif,8475,6.0306,6.0291,54.61,54.28,0.994
india,g2_1695.tif,8476,6.0306,6.0291,91.77,91.19,0.9937
india,g2_1695.tif,8477,6.0306,6.0291,48.2,47.91,0.994
india,g2_1699.tif,8493,6.0501,6.0701,42.47,42.51,1.0009
india,g2_1699.tif,8494,6.0501,6.0701,54.61,54.45,0.9971
india,g2_1699.tif,8495,6.0501,6.0701,54.61,54.65,1.0007
india,g2_1699.tif,8496,6.0501,6.0701,54.61,54.45,0.9971
india,g2_1699.tif,8497,6.0501,6.0701,91.01,91.07,1.0007
india,g2_1700.tif,8498,6.0305,6.0285,66.74,66.31,0.9936
india,g2_1700.tif,8499,6.0305,6.0285,103.15,102.49,0.9936
india,g2_1700.tif,8500,6.0305,6.0285,78.88,78.4,0.9939
india,g2_1700.tif,8501,6.0305,6.0285,78.88,78.4,0.9939
india,g2_1700.tif,8502,6.0305,6.0285,91.01,90.46,0.994
india,g2_1707.tif,8533,6.1003,6.1033,48.2,48.47,1.0056
india,g2_1707.tif,8534,6.1003,6.1033,42.47,42.73,1.0061
india,g2_1707.tif,8535,6.1003,6.1033,43.97,44.21,1.0055
india,g2_1707.tif,8536,6.1003,6.1033,30.34,30.52,1.0059
india,g2_1707.tif,8537,6.1003,6.1033,30.34,30.52,1.0059
india,g2_1722.tif,8608,6.0441,6.0283,59.28,59.05,0.9961
india,g2_1722.tif,8609,6.0441,6.0283,48.2,48.0,0.9959
india,g2_1722.tif,8610,6.0441,6.0283,54.61,54.31,0.9945
india,g2_1722.tif,8611,6.0441,6.0283,54.61,54.36,0.9954
india,g2_1722.tif,8612,6.0441,6.0283,62.58,62.26,0.9949
india,g2_1733.tif,8663,6.1313,6.1034,117.68,118.4,1.0061
india,g2_1733.tif,8664,6.1313,6.1034,54.61,55.03,1.0077
india,g2_1733.tif,8665,6.1313,6.1034,115.28,116.52,1.0108
india,g2_1733.tif,8666,6.1313,6.1034,105.81,106.46,1.0061
india,g2_1733.tif,8667,6.1313,6.1034,59.28,59.89,1.0103
india,g2_1737.tif,8683,6.0202,6.0276,37.68,37.41,0.9928
india,g2_1737.tif,8684,6.0202,6.0276,21.07,20.93,0.9934
india,g2_1737.tif,8685,6.0202,6.0276,30.34,30.15,0.9937
india,g2_1737.tif,8686,6.0202,6.0276,32.31,32.06,0.9923
india,g2_1737.tif,8687,6.0202,6.0276,37.68,37.43,0.9934
india,g2_1752.tif,8758,6.0435,6.068,30.34,30.36,1.0007
india,g2_1752.tif,8759,6.0435,6.068,30.34,30.36,1.0007
india,g2_1752.tif,8760,6.0435,6.068,30.34,30.36,1.0007
india,g2_1752.tif,8761,6.0435,6.068,30.34,30.36,1.0007
india,g2_1752.tif,8762,6.0435,6.068,48.2,48.05,0.9969
india,g2_1759.tif,8793,6.1619,6.1483,21.07,21.36,1.0138
india,g2_1759.tif,8794,6.1619,6.1483,21.07,21.36,1.0138
india,g2_1759.tif,8795,6.1619,6.1483,21.07,21.36,1.0138
india,g2_1759.tif,8796,6.1619,6.1483,21.07,21.36,1.0138
india,g2_1759.tif,8797,6.1619,6.1483,37.68,38.22,1.0143
india,g2_1766.tif,8828,6.0398,6.0664,37.68,37.57,0.9971
india,g2_1766.tif,8829,6.0398,6.0664,32.31,32.18,0.996
india,g2_1766.tif,8830,6.0398,6.0664,28.25,28.2,0.9982
india,g2_1766.tif,8831,6.0398,6.0664,45.42,45.32,0.9978
india,g2_1766.tif,8832,6.0398,6.0664,28.25,28.2,0.9982
india,g2_1769.tif,8843,6.1078,6.1481,37.68,38.03,1.0093
india,g2_1769.tif,8844,6.1078,6.1481,37.68,38.03,1.0093
india,g2_1769.tif,8845,6.1078,6.1481,37.68,38.14,1.0122
india,g2_1769.tif,8846,6.1078,6.1481,37.68,38.14,1.0122
india,g2_1769.tif,8847,6.1078,6.1481,43.97,44.57,1.0136
india,g2_1771.tif,8853,6.0539,6.069,78.88,78.91,1.0004
india,g2_1771.tif,8854,6.0539,6.069,66.74,66.59,0.9978
india,g2_1771.tif,8855,6.0539,6.069,55.81,55.69,0.9978
india,g2_1771.tif,8856,6.0539,6.069,91.77,91.8,1.0003
india,g2_1771.tif,8857,6.0539,6.069,42.47,42.38,0.9979
india,g2_1800.tif,8998,6.0287,6.0654,64.69,64.59,0.9985
india,g2_1800.tif,8999,6.0287,6.0654,54.61,54.49,0.9978
india,g2_1800.tif,9000,6.0287,6.0654,48.2,48.16,0.9992
india,g2_1800.tif,9001,6.0287,6.0654,37.68,37.63,0.9987
india,g2_1800.tif,9002,6.0287,6.0654,32.31,32.31,1.0
india,g2_1823.tif,9113,6.0456,6.031,115.28,114.88,0.9965
india,g2_1823.tif,9114,6.0456,6.031,75.33,75.04,0.9962
india,g2_1823.tif,9115,6.0456,6.031,115.28,114.88,0.9965
india,g2_1823.tif,9116,6.0456,6.031,54.61,54.28,0.994
india,g2_1823.tif,9117,6.0456,6.031,115.28,114.88,0.9965
india,g2_1844.tif,9218,6.1278,6.1425,30.34,30.64,1.0099
india,g2_1844.tif,9219,6.1278,6.1425,30.34,30.73,1.0129
india,g2_1844.tif,9220,6.1278,6.1425,42.47,42.89,1.0099
india,g2_1844.tif,9221,6.1278,6.1425,42.47,42.89,1.0099
india,g2_1844.tif,9222,6.1278,6.1425,42.47,43.01,1.0127
india,g2_1852.tif,9258,6.0378,6.0652,32.31,32.17,0.9957
india,g2_1852.tif,9259,6.0378,6.0652,18.2,18.22,1.0011
india,g2_1852.tif,9260,6.0378,6.0652,18.2,18.11,0.9951
india,g2_1852.tif,9261,6.0378,6.0652,21.07,20.99,0.9962
india,g2_1852.tif,9262,6.0378,6.0652,21.07,20.99,0.9962
india,g2_1856.tif,9278,6.0395,6.0306,18.2,18.13,0.9962
india,g2_1856.tif,9279,6.0395,6.0306,6.07,6.03,0.9934
india,g2_1856.tif,9280,6.0395,6.0306,18.2,18.09,0.994
india,g2_1856.tif,9281,6.0395,6.0306,18.2,18.09,0.994
india,g2_1856.tif,9282,6.0395,6.0306,18.2,18.13,0.9962
india,g2_1867.tif,9333,6.1495,6.1819,82.27,83.42,1.014
india,g2_1867.tif,9334,6.1495,6.1819,32.31,32.93,1.0192
india,g2_1867.tif,9335,6.1495,6.1819,59.28,60.38,1.0186
india,g2_1867.tif,9336,6.1495,6.1819,55.81,56.88,1.0192
india,g2_1867.tif,9337,6.1495,6.1819,96.9,98.49,1.0164
india,g2_1878.tif,9388,6.1362,6.1068,62.58,63.15,1.0091
india,g2_1878.tif,9389,6.1362,6.1068,54.61,55.07,1.0084
india,g2_1878.tif,9390,6.1362,6.1068,54.61,55.15,1.0099
india,g2_1878.tif,9391,6.1362,6.1068,32.31,32.53,1.0068
india,g2_1878.tif,9392,6.1362,6.1068,28.25,28.52,1.0096
india,g2_1881.tif,9403,6.1725,6.1459,43.97,44.55,1.0132
india,g2_1881.tif,9404,6.1725,6.1459,43.97,44.55,1.0132
india,g2_1881.tif,9405,6.1725,6.1459,42.47,43.02,1.013
india,g2_1881.tif,9406,6.1725,6.1459,43.97,44.55,1.0132
india,g2_1881.tif,9407,6.1725,6.1459,42.47,43.23,1.0179
india,g2_1883.tif,9413,6.076,6.0697,115.88,116.05,1.0015
india,g2_1883.tif,9414,6.076,6.0697,37.68,37.73,1.0013
india,g2_1883.tif,9415,6.076,6.0697,54.61,54.69,1.0015
india,g2_1883.tif,9416,6.076,6.0697,54.61,54.69,1.0015
india,g2_1883.tif,9417,6.076,6.0697,91.01,91.05,1.0004
india,g2_1884.tif,9418,6.0609,6.0672,45.42,45.39,0.9993
india,g2_1884.tif,9419,6.0609,6.0672,48.2,48.16,0.9992
india,g2_1884.tif,9420,6.0609,6.0672,48.2,48.19,0.9998
india,g2_1884.tif,9421,6.0609,6.0672,79.74,79.74,1.0
india,g2_1884.tif,9422,6.0609,6.0672,54.61,54.59,0.9996
india,g2_1889.tif,9443,6.1261,6.1086,70.68,71.18,1.0071
india,g2_1889.tif,9444,6.1261,6.1086,21.07,21.23,1.0076
india,g2_1889.tif,9445,6.1261,6.1086,11.09,11.19,1.009
india,g2_1889.tif,9446,6.1261,6.1086,30.34,30.65,1.0102
india,g2_1889.tif,9447,6.1261,6.1086,70.68,71.36,1.0096
india,g2_1898.tif,9488,6.0805,6.0657,91.77,91.74,0.9997
india,g2_1898.tif,9489,6.0805,6.0657,54.61,54.59,0.9996
india,g2_1898.tif,9490,6.0805,6.0657,127.96,127.93,0.9998
india,g2_1898.tif,9491,6.0805,6.0657,42.47,42.58,1.0026
india,g2_1898.tif,9492,6.0805,6.0657,48.2,48.29,1.0019
india,g2_1899.tif,9493,6.1129,6.1428,48.2,48.78,1.012
india,g2_1899.tif,9494,6.1129,6.1428,30.34,30.74,1.0132
india,g2_1899.tif,9495,6.1129,6.1428,37.68,38.03,1.0093
india,g2_1899.tif,9496,6.1129,6.1428,42.47,42.79,1.0075
india,g2_1899.tif,9497,6.1129,6.1428,18.2,18.34,1.0077
india,g2_1910.tif,9548,6.1365,6.1424,37.68,38.13,1.0119
india,g2_1910.tif,9549,6.1365,6.1424,30.34,30.68,1.0112
india,g2_1910.tif,9550,6.1365,6.1424,32.31,32.68,1.0115
india,g2_1910.tif,9551,6.1365,6.1424,28.25,28.59,1.012
india,g2_1910.tif,9552,6.1365,6.1424,32.31,32.68,1.0115
india,g2_1928.tif,9638,6.0237,6.0648,21.07,21.06,0.9995
india,g2_1928.tif,9639,6.0237,6.0648,30.34,30.37,1.001
india,g2_1928.tif,9640,6.0237,6.0648,42.47,42.5,1.0007
india,g2_1928.tif,9641,6.0237,6.0648,18.2,18.24,1.0022
india,g2_1928.tif,9642,6.0237,6.0648,18.2,18.24,1.0022
india,g2_1930.tif,9648,6.077,6.103,30.34,30.39,1.0016
india,g2_1930.tif,9649,6.077,6.103,30.34,30.39,1.0016
india,g2_1930.tif,9650,6.077,6.103,30.34,30.39,1.0016
india,g2_1930.tif,9651,6.077,6.103,28.25,28.37,1.0042
india,g2_1930.tif,9652,6.077,6.103,30.34,30.39,1.0016
india,g2_1940.tif,9698,6.1555,6.1842,81.44,82.75,1.0161
india,g2_1940.tif,9699,6.1555,6.1842,103.82,105.84,1.0195
india,g2_1940.tif,9700,6.1555,6.1842,91.77,93.56,1.0195
india,g2_1940.tif,9701,6.1555,6.1842,105.81,107.85,1.0193
india,g2_1940.tif,9702,6.1555,6.1842,127.96,130.45,1.0195
india,g2_1982.tif,9908,6.0719,6.105,32.31,32.52,1.0065
india,g2_1982.tif,9909,6.0719,6.105,48.2,48.47,1.0056
india,g2_1982.tif,9910,6.0719,6.105,43.97,44.26,1.0066
india,g2_1982.tif,9911,6.0719,6.105,48.2,48.47,1.0056
india,g2_1982.tif,9912,6.0719,6.105,43.97,44.26,1.0066
india,g3_0020.tif,100,6.087,6.1035,30.34,30.43,1.003
india,g3_0020.tif,101,6.087,6.1035,18.2,18.33,1.0071
india,g3_0020.tif,102,6.087,6.1035,18.2,18.33,1.0071
india,g3_0020.tif,103,6.087,6.1035,18.2,18.26,1.0033
india,g3_0020.tif,104,6.087,6.1035,28.25,28.39,1.005
india,g3_0079.tif,395,6.16,6.1426,18.2,18.43,1.0126
india,g3_0079.tif,396,6.16,6.1426,28.25,28.65,1.0142
india,g3_0079.tif,397,6.16,6.1426,18.2,18.43,1.0126
india,g3_0079.tif,398,6.16,6.1426,18.2,18.43,1.0126
india,g3_0079.tif,399,6.16,6.1426,21.07,21.34,1.0128
india,g3_0096.tif,480,6.1414,6.1839,30.34,30.96,1.0204
india,g3_0096.tif,481,6.1414,6.1839,42.47,43.33,1.0202
india,g3_0096.tif,482,6.1414,6.1839,42.47,42.99,1.0122
india,g3_0096.tif,483,6.1414,6.1839,42.47,43.33,1.0202
india,g3_0096.tif,484,6.1414,6.1839,18.2,18.59,1.0214
india,g3_0119.tif,595,6.113,6.0639,37.68,37.77,1.0024
india,g3_0119.tif,596,6.113,6.0639,42.47,42.84,1.0087
india,g3_0119.tif,597,6.113,6.0639,43.97,44.32,1.008
india,g3_0119.tif,598,6.113,6.0639,30.34,30.61,1.0089
india,g3_0119.tif,599,6.113,6.0639,30.34,30.61,1.0089
india,g3_0158.tif,791,6.149,6.1825,18.2,18.58,1.0209
india,g3_0158.tif,792,6.149,6.1825,11.09,11.29,1.018
india,g3_0158.tif,793,6.149,6.1825,28.25,28.73,1.017
india,g3_0158.tif,794,6.149,6.1825,11.09,11.29,1.018
india,g3_0158.tif,795,6.149,6.1825,18.2,18.58,1.0209
india,g3_0284.tif,1421,6.1739,6.1839,37.68,38.4,1.0191
india,g3_0284.tif,1422,6.1739,6.1839,32.31,32.93,1.0192
india,g3_0284.tif,1423,6.1739,6.1839,42.47,43.3,1.0195
india,g3_0284.tif,1424,6.1739,6.1839,45.42,46.26,1.0185
india,g3_0284.tif,1425,6.1739,6.1839,43.97,44.74,1.0175
india,g3_0312.tif,1561,6.1732,6.1815,30.34,30.87,1.0175
india,g3_0312.tif,1562,6.1732,6.1815,30.34,30.87,1.0175
india,g3_0312.tif,1563,6.1732,6.1815,30.34,30.87,1.0175
india,g3_0312.tif,1564,6.1732,6.1815,42.47,43.21,1.0174
india,g3_0312.tif,1565,6.1732,6.1815,30.34,30.87,1.0175
india,g3_0397.tif,1986,6.0798,6.1036,55.81,55.93,1.0022
india,g3_0397.tif,1987,6.0798,6.1036,32.31,32.39,1.0025
india,g3_0397.tif,1988,6.0798,6.1036,54.61,54.8,1.0035
india,g3_0397.tif,1989,6.0798,6.1036,32.31,32.39,1.0025
india,g3_0397.tif,1990,6.0798,6.1036,32.31,32.39,1.0025
india,g3_0403.tif,2016,6.1935,6.1836,21.07,21.48,1.0195
india,g3_0403.tif,2017,6.1935,6.1836,18.2,18.59,1.0214
india,g3_0403.tif,2018,6.1935,6.1836,18.2,18.55,1.0192
india,g3_0403.tif,2019,6.1935,6.1836,18.2,18.59,1.0214
india,g3_0403.tif,2020,6.1935,6.1836,28.25,28.82,1.0202
india,g3_0492.tif,2461,6.1019,6.0647,18.2,18.19,0.9995
india,g3_0492.tif,2462,6.1019,6.0647,11.09,11.14,1.0045
india,g3_0492.tif,2463,6.1019,6.0647,18.2,18.19,0.9995
india,g3_0492.tif,2464,6.1019,6.0647,11.09,11.14,1.0045
india,g3_0492.tif,2465,6.1019,6.0647,21.07,21.09,1.0009
india,g3_0519.tif,2596,6.0938,6.104,28.25,28.41,1.0057
india,g3_0519.tif,2597,6.0938,6.104,28.25,28.41,1.0057
india,g3_0519.tif,2598,6.0938,6.104,18.2,18.32,1.0066
india,g3_0519.tif,2599,6.0938,6.104,32.31,32.45,1.0043
india,g3_0519.tif,2600,6.0938,6.104,18.2,18.32,1.0066
india,g3_0551.tif,2756,6.1718,6.184,28.25,28.78,1.0188
india,g3_0551.tif,2757,6.1718,6.184,18.2,18.52,1.0176
india,g3_0551.tif,2758,6.1718,6.184,30.34,30.86,1.0171
india,g3_0551.tif,2759,6.1718,6.184,42.47,43.2,1.0172
india,g3_0551.tif,2760,6.1718,6.184,28.25,28.78,1.0188
india,g3_0583.tif,2916,6.1633,6.1835,21.07,21.42,1.0166
india,g3_0583.tif,2917,6.1633,6.1835,21.07,21.42,1.0166
india,g3_0583.tif,2918,6.1633,6.1835,21.07,21.42,1.0166
india,g3_0583.tif,2919,6.1633,6.1835,21.07,21.47,1.019
india,g3_0583.tif,2920,6.1633,6.1835,28.25,28.76,1.0181
india,g3_0610.tif,3052,6.1664,6.1431,21.07,21.35,1.0133
india,g3_0610.tif,3053,6.1664,6.1431,18.2,18.43,1.0126
india,g3_0610.tif,3054,6.1664,6.1431,21.07,21.35,1.0133
india,g3_0610.tif,3055,6.1664,6.1431,28.25,28.67,1.0149
india,g3_0610.tif,3056,6.1664,6.1431,30.34,30.72,1.0125
india,g3_0672.tif,3362,6.1491,6.1434,28.25,28.63,1.0135
india,g3_0672.tif,3363,6.1491,6.1434,37.68,38.17,1.013
india,g3_0672.tif,3364,6.1491,6.1434,32.31,32.74,1.0133
india,g3_0672.tif,3365,6.1491,6.1434,43.97,44.52,1.0125
india,g3_0672.tif,3366,6.1491,6.1434,28.25,28.63,1.0135
india,g3_0688.tif,3442,6.116,6.1054,18.2,18.36,1.0088
india,g3_0688.tif,3443,6.116,6.1054,30.34,30.53,1.0063
india,g3_0688.tif,3444,6.116,6.1054,18.2,18.36,1.0088
india,g3_0688.tif,3445,6.116,6.1054,18.2,18.32,1.0066
india,g3_0688.tif,3446,6.116,6.1054,18.2,18.32,1.0066
india,g3_0713.tif,3567,6.1019,6.1051,30.34,30.53,1.0063
india,g3_0713.tif,3568,6.1019,6.1051,37.68,37.92,1.0064
india,g3_0713.tif,3569,6.1019,6.1051,30.34,30.53,1.0063
india,g3_0713.tif,3570,6.1019,6.1051,30.34,30.51,1.0056
india,g3_0713.tif,3571,6.1019,6.1051,18.2,18.31,1.006
india,g3_0741.tif,3707,6.1662,6.1449,30.34,30.72,1.0125
india,g3_0741.tif,3708,6.1662,6.1449,30.34,30.72,1.0125
india,g3_0741.tif,3709,6.1662,6.1449,30.34,30.85,1.0168
india,g3_0741.tif,3710,6.1662,6.1449,30.34,30.72,1.0125
india,g3_0741.tif,3711,6.1662,6.1449,30.34,30.72,1.0125
india,g3_0781.tif,3907,6.1042,6.1032,18.2,18.31,1.006
india,g3_0781.tif,3908,6.1042,6.1032,55.81,56.14,1.0059
india,g3_0781.tif,3909,6.1042,6.1032,42.47,42.72,1.0059
india,g3_0781.tif,3910,6.1042,6.1032,18.2,18.31,1.006
india,g3_0781.tif,3911,6.1042,6.1032,21.07,21.19,1.0057
india,g3_0783.tif,3917,6.1627,6.145,42.47,43.01,1.0127
india,g3_0783.tif,3918,6.1627,6.145,43.97,44.54,1.013
india,g3_0783.tif,3919,6.1627,6.145,37.68,38.26,1.0154
india,g3_0783.tif,3920,6.1627,6.145,42.47,43.16,1.0162
india,g3_0783.tif,3921,6.1627,6.145,48.2,48.85,1.0135
india,g3_0926.tif,4627,6.0774,6.103,28.25,28.37,1.0042
india,g3_0926.tif,4628,6.0774,6.103,18.2,18.33,1.0071
india,g3_0926.tif,4629,6.0774,6.103,11.09,11.15,1.0054
india,g3_0926.tif,4630,6.0774,6.103,18.2,18.33,1.0071
india,g3_0926.tif,4631,6.0774,6.103,21.07,21.19,1.0057
india,g3_0955.tif,4772,6.1558,6.1445,18.2,18.48,1.0154
india,g3_0955.tif,4773,6.1558,6.1445,30.34,30.79,1.0148
india,g3_0955.tif,4774,6.1558,6.1445,30.34,30.79,1.0148
india,g3_0955.tif,4775,6.1558,6.1445,30.34,30.72,1.0125
india,g3_0955.tif,4776,6.1558,6.1445,30.34,30.79,1.0148
india,g3_1003.tif,5012,6.0775,6.103,30.34,30.39,1.0016
india,g3_1003.tif,5013,6.0775,6.103,21.07,21.12,1.0024
india,g3_1003.tif,5014,6.0775,6.103,28.25,28.37,1.0042
india,g3_1003.tif,5015,6.0775,6.103,28.25,28.37,1.0042
india,g3_1003.tif,5016,6.0775,6.103,28.25,28.37,1.0042
india,g3_1098.tif,5487,6.2037,6.1828,18.2,18.55,1.0192
india,g3_1098.tif,5488,6.2037,6.1828,21.07,21.49,1.0199
india,g3_1174.tif,5867,6.1603,6.142,18.2,18.43,1.0126
india,g3_1174.tif,5868,6.1603,6.142,6.07,6.14,1.0115
india,g3_1174.tif,5869,6.1603,6.142,11.09,11.26,1.0153
india,g3_1174.tif,5870,6.1603,6.142,18.2,18.43,1.0126
india,g3_1174.tif,5871,6.1603,6.142,6.07,6.18,1.0181
india,g3_1318.tif,6587,6.138,6.1815,28.25,28.71,1.0163
india,g3_1318.tif,6588,6.138,6.1815,28.25,28.71,1.0163
india,g3_1318.tif,6589,6.138,6.1815,30.34,30.69,1.0115
india,g3_1318.tif,6590,6.138,6.1815,18.2,18.41,1.0115
india,g3_1318.tif,6591,6.138,6.1815,18.2,18.41,1.0115
india,g3_1347.tif,6732,6.1545,6.1445,30.34,30.72,1.0125
india,g3_1347.tif,6733,6.1545,6.1445,18.2,18.43,1.0126
india,g3_1347.tif,6734,6.1545,6.1445,42.47,43.01,1.0127
india,g3_1347.tif,6735,6.1545,6.1445,28.25,28.64,1.0138
india,g3_1347.tif,6736,6.1545,6.1445,30.34,30.72,1.0125
india,g3_1351.tif,6752,6.1037,6.105,32.31,32.5,1.0059
india,g3_1351.tif,6753,6.1037,6.105,21.07,21.2,1.0062
india,g3_1351.tif,6754,6.1037,6.105,18.2,18.31,1.006
india,g3_1351.tif,6755,6.1037,6.105,18.2,18.32,1.0066
india,g3_1351.tif,6756,6.1037,6.105,28.25,28.43,1.0064
india,g3_1440.tif,7198,6.1602,6.1824,37.68,38.31,1.0167
india,g3_1440.tif,7199,6.1602,6.1824,37.68,38.31,1.0167
india,g3_1440.tif,7200,6.1602,6.1824,43.97,44.65,1.0155
india,g3_1440.tif,7201,6.1602,6.1824,28.25,28.75,1.0177
india,g3_1440.tif,7202,6.1602,6.1824,32.31,32.81,1.0155
india,g3_1487.tif,7433,6.1764,6.1839,28.25,28.78,1.0188
india,g3_1487.tif,7434,6.1764,6.1839,18.2,18.53,1.0181
india,g3_1487.tif,7435,6.1764,6.1839,21.07,21.47,1.019
india,g3_1487.tif,7436,6.1764,6.1839,28.25,28.78,1.0188
india,g3_1487.tif,7437,6.1764,6.1839,28.25,28.78,1.0188
india,g3_1515.tif,7573,6.0908,6.0661,42.47,42.46,0.9998
india,g3_1515.tif,7574,6.0908,6.0661,42.47,42.46,0.9998
india,g3_1515.tif,7575,6.0908,6.0661,54.61,54.6,0.9998
india,g3_1515.tif,7576,6.0908,6.0661,18.2,18.3,1.0055
india,g3_1515.tif,7577,6.0908,6.0661,21.07,21.15,1.0038
india,g3_1748.tif,8738,6.1898,6.1831,30.34,30.92,1.0191
india,g3_1748.tif,8739,6.1898,6.1831,30.34,30.92,1.0191
india,g3_1748.tif,8740,6.1898,6.1831,30.34,30.92,1.0191
india,g3_1748.tif,8741,6.1898,6.1831,42.47,43.28,1.0191
india,g3_1748.tif,8742,6.1898,6.1831,42.47,43.28,1.0191
india,g3_1770.tif,8848,6.1643,6.1817,30.34,30.82,1.0158
india,g3_1770.tif,8849,6.1643,6.1817,21.07,21.42,1.0166
india,g3_1770.tif,8850,6.1643,6.1817,21.07,21.42,1.0166
india,g3_1770.tif,8851,6.1643,6.1817,21.07,21.42,1.0166
india,g3_1770.tif,8852,6.1643,6.1817,32.31,32.83,1.0161
india,g3_1785.tif,8923,6.1956,6.1836,21.07,21.51,1.0209
india,g3_1785.tif,8924,6.1956,6.1836,43.97,44.81,1.0191
india,g3_1785.tif,8925,6.1956,6.1836,18.2,18.6,1.022
india,g3_1785.tif,8926,6.1956,6.1836,28.25,28.83,1.0205
india,g3_1785.tif,8927,6.1956,6.1836,32.31,32.99,1.021
india,g3_1836.tif,9178,6.0809,6.0645,18.2,18.19,0.9995
india,g3_1836.tif,9179,6.0809,6.0645,18.2,18.19,0.9995
india,g3_1836.tif,9180,6.0809,6.0645,18.2,18.19,0.9995
india,g3_1836.tif,9181,6.0809,6.0645,18.2,18.19,0.9995
india,g3_1836.tif,9182,6.0809,6.0645,30.34,30.32,0.9993
india,g3_1854.tif,9268,6.1654,6.1443,30.34,30.72,1.0125
india,g3_1854.tif,9269,6.1654,6.1443,21.07,21.41,1.0161
india,g3_1854.tif,9270,6.1654,6.1443,18.2,18.52,1.0176
india,g3_1854.tif,9271,6.1654,6.1443,30.34,30.72,1.0125
india,g3_1854.tif,9272,6.1654,6.1443,18.2,18.52,1.0176
india,g3_1911.tif,9553,6.185,6.1422,30.34,30.97,1.0208
india,g3_1911.tif,9554,6.185,6.1422,42.47,43.0,1.0125
india,g3_1911.tif,9555,6.185,6.1422,32.31,32.73,1.013
india,g3_1911.tif,9556,6.185,6.1422,30.34,30.71,1.0122
india,g3_1911.tif,9557,6.185,6.1422,18.2,18.6,1.022
india,g3_1925.tif,9623,6.105,6.1044,11.09,11.16,1.0063
india,g3_1925.tif,9624,6.105,6.1044,18.2,18.31,1.006
india,g3_1925.tif,9625,6.105,6.1044,18.2,18.31,1.006
india,g3_1925.tif,9627,6.105,6.1044,28.25,28.43,1.0064
india,g3_1964.tif,9818,6.119,6.1427,32.31,32.72,1.0127
india,g3_1964.tif,9819,6.119,6.1427,30.34,30.74,1.0132
india,g3_1964.tif,9820,6.119,6.1427,37.68,38.12,1.0117
india,g3_1964.tif,9821,6.119,6.1427,43.97,44.52,1.0125
india,g3_1964.tif,9822,6.119,6.1427,48.2,48.78,1.012
