country,chip,parcel_id,full_px,hectares,native_10m_px,best_iou,found,width_native_px
india,g0_0030.tif,150,96,0.3534,35.34,0.4242,0,4.247
india,g0_0030.tif,151,192,0.7068,70.68,0.1646,0,6.775
india,g0_0030.tif,152,24,0.0884,8.84,0.055,0,2.107
india,g0_0030.tif,153,32,0.1178,11.78,0.0556,0,2.107
india,g0_0030.tif,154,67,0.2466,24.66,0.1508,0,3.768
india,g0_0073.tif,365,44,0.162,16.2,0.1694,0,3.034
india,g0_0073.tif,366,37,0.1362,13.62,0.3333,0,3.034
india,g0_0073.tif,367,81,0.2982,29.82,0.319,0,3.231
india,g0_0073.tif,368,56,0.2062,20.62,0.1604,0,3.034
india,g0_0073.tif,369,64,0.2356,23.56,0.2512,0,3.034
india,g0_0091.tif,455,67,0.2466,24.66,0.2361,0,2.107
india,g0_0091.tif,456,78,0.2871,28.71,0.1283,0,2.825
india,g0_0091.tif,457,48,0.1767,17.67,0.1987,0,2.825
india,g0_0091.tif,458,92,0.3387,33.87,0.0769,0,3.768
india,g0_0091.tif,459,43,0.1583,15.83,0.1892,0,2.825
india,g0_0140.tif,701,160,0.589,58.9,0.3994,0,5.928
india,g0_0140.tif,702,414,1.5241,152.41,0.5145,1,10.581
india,g0_0140.tif,703,331,1.2185,121.85,0.7456,1,7.888
india,g0_0140.tif,704,373,1.3731,137.31,0.4933,0,9.177
india,g0_0140.tif,705,121,0.4454,44.54,0.1137,0,4.397
india,g0_0159.tif,796,55,0.2025,20.25,0.354,0,4.247
india,g0_0159.tif,797,30,0.1104,11.04,0.1217,0,1.82
india,g0_0159.tif,798,57,0.2098,20.98,0.5645,1,4.247
india,g0_0159.tif,799,180,0.6626,66.26,0.4308,0,5.461
india,g0_0159.tif,800,177,0.6516,65.16,0.2705,0,5.461
india,g0_0194.tif,971,105,0.3865,38.65,0.1419,0,4.247
india,g0_0194.tif,972,129,0.4749,47.49,0.4676,0,4.247
india,g0_0194.tif,973,234,0.8614,86.14,0.1386,0,7.888
india,g0_0194.tif,974,83,0.3055,30.55,0.0861,0,3.034
india,g0_0194.tif,975,90,0.3313,33.13,0.1358,0,3.034
india,g0_0206.tif,1031,55,0.2025,20.25,0.0889,0,3.034
india,g0_0206.tif,1032,80,0.2945,29.45,0.1582,0,4.542
india,g0_0206.tif,1033,94,0.346,34.6,0.1224,0,4.397
india,g0_0206.tif,1034,324,1.1927,119.27,0.5989,1,9.177
india,g0_0206.tif,1035,158,0.5816,58.16,0.2797,0,5.461
india,g0_0258.tif,1291,21,0.0773,7.73,0.2152,0,2.107
india,g0_0258.tif,1292,71,0.2614,26.14,0.4314,0,4.247
india,g0_0258.tif,1293,38,0.1399,13.99,0.0101,0,2.825
india,g0_0258.tif,1294,126,0.4638,46.38,0.0218,0,5.581
india,g0_0258.tif,1295,220,0.8099,80.99,0.0563,0,5.928
india,g0_0259.tif,1296,471,1.7339,173.39,0.1999,0,8.144
india,g0_0259.tif,1297,279,1.0271,102.71,0.2292,0,8.635
india,g0_0259.tif,1298,1984,7.3037,730.37,0.8163,1,18.96
india,g0_0259.tif,1299,1856,6.8325,683.25,0.7028,1,18.387
india,g0_0259.tif,1300,795,2.9266,292.66,0.672,1,12.96
india,g0_0426.tif,2131,15,0.0552,5.52,0.0231,0,1.109
india,g0_0426.tif,2132,16,0.0589,5.89,0.0265,0,1.82
india,g0_0426.tif,2133,10,0.0368,3.68,0.0149,0,1.109
india,g0_0426.tif,2134,18,0.0663,6.63,0.0179,0,1.82
india,g0_0426.tif,2135,55,0.2025,20.25,0.046,0,4.247
india,g0_0449.tif,2246,30,0.1104,11.04,0.0739,0,3.034
india,g0_0449.tif,2247,62,0.2282,22.82,0.1387,0,3.034
india,g0_0449.tif,2248,45,0.1657,16.57,0.1,0,3.034
india,g0_0449.tif,2249,35,0.1288,12.88,0.0328,0,3.034
india,g0_0449.tif,2250,96,0.3534,35.34,0.4508,0,4.247
india,g0_0476.tif,2381,189,0.6958,69.58,0.1833,0,7.163
india,g0_0476.tif,2382,92,0.3387,33.87,0.0423,0,3.768
india,g0_0476.tif,2383,106,0.3902,39.02,0.0626,0,3.768
india,g0_0476.tif,2384,96,0.3534,35.34,0.1664,0,4.397
india,g0_0476.tif,2385,91,0.335,33.5,0.1439,0,3.768
india,g0_0516.tif,2581,92,0.3387,33.87,0.2161,0,4.82
india,g0_0516.tif,2582,67,0.2466,24.66,0.0527,0,3.768
india,g0_0516.tif,2583,28,0.1031,10.31,0.0798,0,1.82
india,g0_0516.tif,2584,29,0.1068,10.68,0.1274,0,2.825
india,g0_0516.tif,2585,48,0.1767,17.67,0.2025,0,3.034
india,g0_0566.tif,2831,46,0.1693,16.93,0.0171,0,3.034
india,g0_0566.tif,2832,27,0.0994,9.94,0.0103,0,2.107
india,g0_0566.tif,2833,31,0.1141,11.41,0.0099,0,2.825
india,g0_0566.tif,2834,34,0.1252,12.52,0.0125,0,2.825
india,g0_0566.tif,2835,33,0.1215,12.15,0.0087,0,2.825
india,g0_0586.tif,2931,52,0.1914,19.14,0.1206,0,3.034
india,g0_0586.tif,2932,152,0.5596,55.96,0.279,0,4.397
india,g0_0586.tif,2933,258,0.9498,94.98,0.3448,0,6.674
india,g0_0586.tif,2934,61,0.2246,22.46,0.1091,0,3.034
india,g0_0586.tif,2935,156,0.5743,57.43,0.5855,1,4.247
india,g0_0590.tif,2951,221,0.8136,81.36,0.1423,0,3.231
india,g0_0590.tif,2952,319,1.1743,117.43,0.2665,0,6.674
india,g0_0590.tif,2953,627,2.3082,230.82,0.3668,0,9.101
india,g0_0590.tif,2954,288,1.0602,106.02,0.4965,0,7.888
india,g0_0590.tif,2955,345,1.27,127.0,0.5743,1,8.227
india,g0_0628.tif,3142,295,1.086,108.6,0.1305,0,7.888
india,g0_0628.tif,3143,179,0.6589,65.89,0.2836,0,5.461
india,g0_0628.tif,3144,93,0.3424,34.24,0.0883,0,4.247
india,g0_0628.tif,3145,147,0.5411,54.11,0.3243,0,5.581
india,g0_0628.tif,3146,117,0.4307,43.07,0.0282,0,5.461
india,g0_0629.tif,3147,25,0.092,9.2,0.0505,0,2.107
india,g0_0629.tif,3148,49,0.1804,18.04,0.0808,0,3.231
india,g0_0629.tif,3149,32,0.1178,11.78,0.1159,0,2.825
india,g0_0629.tif,3150,33,0.1215,12.15,0.0615,0,2.825
india,g0_0629.tif,3151,64,0.2356,23.56,0.0642,0,3.034
india,g0_0633.tif,3167,65,0.2393,23.93,0.076,0,4.247
india,g0_0633.tif,3168,165,0.6074,60.74,0.1854,0,5.461
india,g0_0633.tif,3169,540,1.9879,198.79,0.3072,0,11.588
india,g0_0633.tif,3170,145,0.5338,53.38,0.1442,0,4.247
india,g0_0633.tif,3171,90,0.3313,33.13,0.0788,0,4.247
india,g0_0650.tif,3252,35,0.1288,12.88,0.0526,0,2.825
india,g0_0650.tif,3253,28,0.1031,10.31,0.0462,0,2.107
india,g0_0650.tif,3254,46,0.1693,16.93,0.0467,0,3.034
india,g0_0650.tif,3255,44,0.162,16.2,0.0984,0,3.231
india,g0_0650.tif,3256,50,0.1841,18.41,0.0681,0,3.231
india,g0_0696.tif,3482,37,0.1362,13.62,0.2041,0,3.034
india,g0_0696.tif,3483,48,0.1767,17.67,0.1677,0,3.231
india,g0_0696.tif,3484,10,0.0368,3.68,0.049,0,1.109
india,g0_0696.tif,3485,45,0.1657,16.57,0.3121,0,3.034
india,g0_0696.tif,3486,23,0.0847,8.47,0.156,0,1.82
india,g0_0705.tif,3527,28,0.1031,10.31,0.0647,0,2.107
india,g0_0705.tif,3528,18,0.0663,6.63,0.0395,0,1.82
india,g0_0705.tif,3529,31,0.1141,11.41,0.5,1,2.825
india,g0_0705.tif,3530,31,0.1141,11.41,0.0326,0,1.82
india,g0_0705.tif,3531,21,0.0773,7.73,0.0408,0,1.82
india,g0_0710.tif,3552,49,0.1804,18.04,0.0635,0,3.034
india,g0_0710.tif,3553,36,0.1325,13.25,0.0499,0,3.034
india,g0_0710.tif,3554,29,0.1068,10.68,0.3387,0,2.825
india,g0_0710.tif,3555,45,0.1657,16.57,0.0922,0,3.034
india,g0_0710.tif,3556,41,0.1509,15.09,0.072,0,3.034
india,g0_0724.tif,3622,72,0.2651,26.51,0.2372,0,4.247
india,g0_0724.tif,3623,82,0.3019,30.19,0.1745,0,5.461
india,g0_0724.tif,3624,69,0.254,25.4,0.281,0,4.247
india,g0_0724.tif,3625,82,0.3019,30.19,0.2189,0,4.397
india,g0_0724.tif,3626,108,0.3976,39.76,0.2017,0,4.247
india,g0_0737.tif,3687,297,1.0933,109.33,0.0558,0,7.533
india,g0_0737.tif,3688,215,0.7915,79.15,0.0311,0,4.82
india,g0_0737.tif,3689,181,0.6663,66.63,0.0967,0,4.82
india,g0_0737.tif,3690,278,1.0234,102.34,0.1738,0,5.928
india,g0_0737.tif,3691,274,1.0087,100.87,0.1516,0,5.928
india,g0_0773.tif,3867,374,1.3768,137.68,0.6497,1,10.315
india,g0_0773.tif,3868,433,1.594,159.4,0.4249,0,11.528
india,g0_0773.tif,3869,193,0.7105,71.05,0.466,0,6.674
india,g0_0773.tif,3870,162,0.5964,59.64,0.3333,0,5.581
india,g0_0773.tif,3871,285,1.0492,104.92,0.4444,0,7.533
india,g0_0792.tif,3957,66,0.243,24.3,0.0736,0,4.247
india,g0_0792.tif,3958,39,0.1436,14.36,0.1111,0,3.034
india,g0_0792.tif,3959,39,0.1436,14.36,0.1143,0,3.034
india,g0_0792.tif,3960,50,0.1841,18.41,0.1449,0,3.231
india,g0_0792.tif,3961,46,0.1693,16.93,0.1476,0,3.034
india,g0_0803.tif,4012,34,0.1252,12.52,0.0491,0,2.107
india,g0_0803.tif,4013,46,0.1693,16.93,0.0822,0,3.034
india,g0_0803.tif,4014,40,0.1473,14.73,0.064,0,3.034
india,g0_0803.tif,4015,46,0.1693,16.93,0.1216,0,3.034
india,g0_0803.tif,4016,46,0.1693,16.93,0.0647,0,3.768
india,g0_0807.tif,4032,37,0.1362,13.62,0.1854,0,2.825
india,g0_0807.tif,4033,18,0.0663,6.63,0.1034,0,1.109
india,g0_0807.tif,4034,28,0.1031,10.31,0.1348,0,2.107
india,g0_0807.tif,4035,18,0.0663,6.63,0.0085,0,1.82
india,g0_0807.tif,4036,21,0.0773,7.73,0.0106,0,2.107
india,g0_0808.tif,4037,356,1.3105,131.05,0.6056,1,7.888
india,g0_0808.tif,4038,233,0.8577,85.77,0.0557,0,6.674
india,g0_0808.tif,4039,240,0.8835,88.35,0.0621,0,6.469
india,g0_0808.tif,4040,195,0.7178,71.78,0.0752,0,6.775
india,g0_0808.tif,4041,128,0.4712,47.12,0.0419,0,5.928
india,g0_0879.tif,4392,183,0.6737,67.37,0.0242,0,5.461
india,g0_0879.tif,4393,382,1.4062,140.62,0.3848,0,10.581
india,g0_0879.tif,4394,339,1.248,124.8,0.0273,0,7.888
india,g0_0879.tif,4395,170,0.6258,62.58,0.0172,0,4.247
india,g0_0879.tif,4396,380,1.3989,139.89,0.4809,0,9.101
india,g0_0943.tif,4712,147,0.5411,54.11,0.1517,0,5.461
india,g0_0943.tif,4713,69,0.254,25.4,0.0932,0,3.231
india,g0_0943.tif,4714,144,0.5301,53.01,0.2059,0,6.674
india,g0_0943.tif,4715,239,0.8798,87.98,0.1873,0,4.82
india,g0_0943.tif,4716,147,0.5411,54.11,0.0796,0,5.461
india,g0_0957.tif,4782,160,0.589,58.9,0.0817,0,5.461
india,g0_0957.tif,4783,128,0.4712,47.12,0.0932,0,3.768
india,g0_0957.tif,4784,183,0.6737,67.37,0.151,0,5.461
india,g0_0957.tif,4785,202,0.7436,74.36,0.1594,0,5.928
india,g0_0957.tif,4786,141,0.5191,51.91,0.0821,0,3.768
india,g0_0979.tif,4892,210,0.7731,77.31,0.1177,0,7.888
india,g0_0979.tif,4893,179,0.6589,65.89,0.0908,0,6.674
india,g0_0979.tif,4894,316,1.1633,116.33,0.0718,0,8.227
india,g0_0979.tif,4895,216,0.7952,79.52,0.1563,0,7.888
india,g0_0979.tif,4896,174,0.6405,64.05,0.1538,0,6.674
india,g0_1005.tif,5022,208,0.7657,76.57,0.1752,0,6.775
india,g0_1005.tif,5023,238,0.8761,87.61,0.1481,0,7.068
india,g0_1005.tif,5024,313,1.1522,115.22,0.3994,0,9.4
india,g0_1005.tif,5025,315,1.1596,115.96,0.2298,0,10.315
india,g0_1005.tif,5026,327,1.2038,120.38,0.4104,0,10.315
india,g0_1180.tif,5897,317,1.167,116.7,0.1997,0,5.461
india,g0_1180.tif,5898,264,0.9719,97.19,0.3485,0,5.581
india,g0_1180.tif,5899,177,0.6516,65.16,0.1416,0,6.674
india,g0_1180.tif,5900,862,3.1733,317.33,0.3765,0,16.382
india,g0_1180.tif,5901,848,3.1217,312.17,0.4538,0,14.743
india,g0_1210.tif,6047,88,0.324,32.4,0.0872,0,4.82
india,g0_1210.tif,6048,39,0.1436,14.36,0.0376,0,2.107
india,g0_1210.tif,6049,48,0.1767,17.67,0.0363,0,3.768
india,g0_1210.tif,6050,123,0.4528,45.28,0.0501,0,4.542
india,g0_1210.tif,6051,57,0.2098,20.98,0.0507,0,3.231
india,g0_1234.tif,6167,167,0.6148,61.48,0.1543,0,3.768
india,g0_1234.tif,6168,147,0.5411,54.11,0.1094,0,3.231
india,g0_1234.tif,6169,105,0.3865,38.65,0.0991,0,2.825
india,g0_1234.tif,6170,101,0.3718,37.18,0.2323,0,3.768
india,g0_1234.tif,6171,229,0.843,84.3,0.0795,0,8.144
india,g0_1243.tif,6212,262,0.9645,96.45,0.201,0,4.247
india,g0_1243.tif,6213,315,1.1596,115.96,0.213,0,6.469
india,g0_1243.tif,6214,217,0.7988,79.88,0.1066,0,7.068
india,g0_1243.tif,6215,78,0.2871,28.71,0.0636,0,2.825
india,g0_1243.tif,6216,56,0.2062,20.62,0.0457,0,1.82
india,g0_1245.tif,6222,18,0.0663,6.63,0.0272,0,1.82
india,g0_1245.tif,6223,21,0.0773,7.73,0.0208,0,1.82
india,g0_1245.tif,6224,22,0.081,8.1,0.0288,0,1.82
india,g0_1245.tif,6225,16,0.0589,5.89,0.0209,0,1.82
india,g0_1245.tif,6226,24,0.0884,8.84,0.0314,0,2.825
india,g0_1263.tif,6312,98,0.3608,36.08,0.3939,0,3.768
india,g0_1263.tif,6313,121,0.4454,44.54,0.0697,0,4.397
india,g0_1263.tif,6314,145,0.5338,53.38,0.0877,0,5.928
india,g0_1263.tif,6315,214,0.7878,78.78,0.0725,0,5.461
india,g0_1263.tif,6316,205,0.7547,75.47,0.6679,1,6.469
india,g0_1316.tif,6577,43,0.1583,15.83,0.0923,0,3.034
india,g0_1316.tif,6578,28,0.1031,10.31,0.0299,0,1.82
india,g0_1316.tif,6579,32,0.1178,11.78,0.065,0,1.82
india,g0_1316.tif,6580,82,0.3019,30.19,0.5077,1,4.247
india,g0_1316.tif,6581,38,0.1399,13.99,0.0769,0,1.82
india,g0_1343.tif,6712,182,0.67,67.0,0.6526,1,5.461
india,g0_1343.tif,6713,344,1.2664,126.64,0.5513,1,9.101
india,g0_1343.tif,6714,340,1.2516,125.16,0.343,0,10.315
india,g0_1343.tif,6715,482,1.7744,177.44,0.5228,1,12.062
india,g0_1343.tif,6716,616,2.2677,226.77,0.6591,1,11.528
india,g0_1367.tif,6832,71,0.2614,26.14,0.0094,0,4.247
india,g0_1367.tif,6833,76,0.2798,27.98,0.0087,0,4.397
india,g0_1367.tif,6834,157,0.578,57.8,0.014,0,5.581
india,g0_1367.tif,6835,107,0.3939,39.39,0.0124,0,3.768
india,g0_1367.tif,6836,82,0.3019,30.19,0.0079,0,3.034
india,g0_1399.tif,6993,331,1.2185,121.85,0.3652,0,8.635
india,g0_1399.tif,6994,219,0.8062,80.62,0.1623,0,5.928
india,g0_1399.tif,6995,214,0.7878,78.78,0.0548,0,6.674
india,g0_1399.tif,6996,192,0.7068,70.68,0.0534,0,5.461
india,g0_1399.tif,6997,418,1.5388,153.88,0.3991,0,9.761
india,g0_1402.tif,7008,161,0.5927,59.27,0.3304,0,6.674
india,g0_1402.tif,7009,110,0.4049,40.49,0.5727,1,4.247
india,g0_1402.tif,7010,89,0.3276,32.76,0.3475,0,3.034
india,g0_1402.tif,7011,106,0.3902,39.02,0.5097,1,3.768
india,g0_1402.tif,7012,215,0.7915,79.15,0.4698,0,7.888
india,g0_1460.tif,7298,115,0.4233,42.33,0.3981,0,4.247
india,g0_1460.tif,7299,98,0.3608,36.08,0.1435,0,3.231
india,g0_1460.tif,7300,118,0.4344,43.44,0.1412,0,4.247
india,g0_1460.tif,7301,101,0.3718,37.18,0.2139,0,3.034
india,g0_1460.tif,7302,202,0.7436,74.36,0.2228,0,6.674
india,g0_1489.tif,7443,147,0.5411,54.11,0.0765,0,4.82
india,g0_1489.tif,7444,194,0.7142,71.42,0.1301,0,6.674
india,g0_1489.tif,7445,257,0.9461,94.61,0.1403,0,7.888
india,g0_1489.tif,7446,255,0.9387,93.87,0.4729,0,5.461
india,g0_1489.tif,7447,184,0.6774,67.74,0.2743,0,5.581
india,g0_1494.tif,7468,130,0.4786,47.86,0.0934,0,5.461
india,g0_1494.tif,7469,227,0.8357,83.57,0.4161,0,7.888
india,g0_1494.tif,7470,91,0.335,33.5,0.3172,0,5.461
india,g0_1494.tif,7471,257,0.9461,94.61,0.4134,0,8.871
india,g0_1494.tif,7472,382,1.4062,140.62,0.5025,1,7.888
india,g0_1504.tif,7518,48,0.1767,17.67,0.5085,1,3.034
india,g0_1504.tif,7519,76,0.2798,27.98,0.1165,0,4.247
india,g0_1504.tif,7520,79,0.2908,29.08,0.2635,0,4.82
india,g0_1504.tif,7521,36,0.1325,13.25,0.0714,0,3.034
india,g0_1504.tif,7522,43,0.1583,15.83,0.0569,0,3.034
india,g0_1507.tif,7533,23,0.0847,8.47,0.0287,0,2.107
india,g0_1507.tif,7534,27,0.0994,9.94,0.0337,0,2.825
india,g0_1507.tif,7535,41,0.1509,15.09,0.0498,0,2.825
india,g0_1507.tif,7536,23,0.0847,8.47,0.0287,0,1.82
india,g0_1507.tif,7537,38,0.1399,13.99,0.0358,0,2.825
india,g0_1539.tif,7693,158,0.5816,58.16,0.2591,0,6.469
india,g0_1539.tif,7694,128,0.4712,47.12,0.5926,1,5.461
india,g0_1539.tif,7695,352,1.2958,129.58,0.3428,0,8.635
india,g0_1539.tif,7696,929,3.4199,341.99,0.3198,0,13.597
india,g0_1539.tif,7697,329,1.2111,121.11,0.2625,0,7.974
india,g0_1550.tif,7748,108,0.3976,39.76,0.2732,0,4.397
india,g0_1550.tif,7749,99,0.3644,36.44,0.7417,1,4.82
india,g0_1550.tif,7750,80,0.2945,29.45,0.1493,0,4.247
india,g0_1550.tif,7751,128,0.4712,47.12,0.156,0,5.461
india,g0_1550.tif,7752,64,0.2356,23.56,0.1235,0,3.034
india,g0_1607.tif,8033,354,1.3032,130.32,0.5642,1,10.315
india,g0_1607.tif,8034,300,1.1044,110.44,0.5134,1,9.101
india,g0_1607.tif,8035,562,2.0689,206.89,0.3483,0,11.528
india,g0_1607.tif,8036,245,0.9019,90.19,0.1849,0,7.888
india,g0_1607.tif,8037,361,1.3289,132.89,0.5718,1,9.101
india,g0_1635.tif,8173,160,0.589,58.9,0.091,0,5.461
india,g0_1635.tif,8174,110,0.4049,40.49,0.0792,0,5.461
india,g0_1635.tif,8175,114,0.4197,41.97,0.0826,0,3.231
india,g0_1635.tif,8176,108,0.3976,39.76,0.0614,0,3.231
india,g0_1635.tif,8177,162,0.5964,59.64,0.1044,0,4.82
india,g0_1651.tif,8253,343,1.2627,126.27,0.2896,0,6.775
india,g0_1651.tif,8254,317,1.167,116.7,0.3246,0,6.469
india,g0_1651.tif,8255,352,1.2958,129.58,0.2467,0,6.775
india,g0_1651.tif,8256,344,1.2664,126.64,0.2183,0,5.928
india,g0_1651.tif,8257,343,1.2627,126.27,0.2212,0,5.581
india,g0_1687.tif,8433,96,0.3534,35.34,0.1263,0,4.397
india,g0_1687.tif,8434,60,0.2209,22.09,0.1315,0,2.825
india,g0_1687.tif,8435,52,0.1914,19.14,0.096,0,2.107
india,g0_1687.tif,8436,102,0.3755,37.55,0.1086,0,4.247
india,g0_1687.tif,8437,59,0.2172,21.72,0.1558,0,2.107
india,g0_1721.tif,8603,100,0.3681,36.81,0.0935,0,2.107
india,g0_1721.tif,8604,100,0.3681,36.81,0.3032,0,4.247
india,g0_1721.tif,8605,83,0.3055,30.55,0.2741,0,4.247
india,g0_1721.tif,8606,135,0.497,49.7,0.069,0,4.247
india,g0_1721.tif,8607,231,0.8504,85.04,0.0948,0,5.461
india,g0_1762.tif,8808,119,0.4381,43.81,0.0189,0,4.542
india,g0_1762.tif,8809,94,0.346,34.6,0.4741,0,3.768
india,g0_1762.tif,8810,77,0.2835,28.35,0.0592,0,3.768
india,g0_1762.tif,8811,101,0.3718,37.18,0.0753,0,3.768
india,g0_1762.tif,8812,91,0.335,33.5,0.1041,0,4.397
india,g0_1776.tif,8878,78,0.2871,28.71,0.0415,0,3.231
india,g0_1776.tif,8879,69,0.254,25.4,0.0362,0,3.034
india,g0_1776.tif,8880,61,0.2246,22.46,0.2679,0,3.768
india,g0_1776.tif,8881,115,0.4233,42.33,0.0257,0,3.768
india,g0_1776.tif,8882,51,0.1877,18.77,0.661,1,3.034
india,g0_1794.tif,8968,50,0.1841,18.41,0.0299,0,3.231
india,g0_1794.tif,8969,41,0.1509,15.09,0.0416,0,2.825
india,g0_1794.tif,8970,71,0.2614,26.14,0.0202,0,3.231
india,g0_1794.tif,8971,39,0.1436,14.36,0.1074,0,2.107
india,g0_1794.tif,8972,43,0.1583,15.83,0.0712,0,2.825
india,g0_1806.tif,9028,254,0.935,93.5,0.3462,0,8.635
india,g0_1806.tif,9029,209,0.7694,76.94,0.3244,0,7.533
india,g0_1806.tif,9030,208,0.7657,76.57,0.3079,0,4.397
india,g0_1806.tif,9031,133,0.4896,48.96,0.2788,0,3.034
india,g0_1806.tif,9032,120,0.4418,44.18,0.0917,0,5.928
india,g0_1820.tif,9098,19,0.0699,6.99,0.0611,0,1.82
india,g0_1820.tif,9099,38,0.1399,13.99,0.1413,0,3.034
india,g0_1820.tif,9100,28,0.1031,10.31,0.0162,0,2.107
india,g0_1820.tif,9101,38,0.1399,13.99,0.037,0,2.825
india,g0_1820.tif,9102,44,0.162,16.2,0.0307,0,3.034
india,g0_1822.tif,9108,111,0.4086,40.86,0.0113,0,4.247
india,g0_1822.tif,9109,88,0.324,32.4,0.0111,0,3.034
india,g0_1822.tif,9110,83,0.3055,30.55,0.0127,0,3.034
india,g0_1822.tif,9111,97,0.3571,35.71,0.0162,0,3.231
india,g0_1822.tif,9112,101,0.3718,37.18,0.0152,0,3.034
india,g0_1839.tif,9193,47,0.173,17.3,0.0326,0,1.82
india,g0_1839.tif,9194,183,0.6737,67.37,0.1872,0,7.068
india,g0_1839.tif,9195,81,0.2982,29.82,0.2776,0,3.768
india,g0_1839.tif,9196,251,0.924,92.4,0.498,0,9.101
india,g0_1839.tif,9197,267,0.9829,98.29,0.2952,0,9.101
india,g0_1845.tif,9223,87,0.3203,32.03,0.0815,0,3.231
india,g0_1845.tif,9224,70,0.2577,25.77,0.1495,0,2.825
india,g0_1845.tif,9225,123,0.4528,45.28,0.3598,0,4.397
india,g0_1845.tif,9226,74,0.2724,27.24,0.0766,0,2.825
india,g0_1845.tif,9227,117,0.4307,43.07,0.0469,0,4.542
india,g0_1850.tif,9248,64,0.2356,23.56,0.0952,0,4.247
india,g0_1850.tif,9249,35,0.1288,12.88,0.0827,0,1.82
india,g0_1850.tif,9250,120,0.4418,44.18,0.0948,0,4.247
india,g0_1850.tif,9251,54,0.1988,19.88,0.1224,0,3.034
india,g0_1850.tif,9252,76,0.2798,27.98,0.129,0,2.107
india,g0_1869.tif,9343,119,0.4381,43.81,0.0252,0,5.461
india,g0_1869.tif,9344,243,0.8946,89.46,0.1077,0,7.533
india,g0_1869.tif,9345,67,0.2466,24.66,0.0556,0,3.768
india,g0_1869.tif,9346,237,0.8725,87.25,0.1759,0,7.974
india,g0_1869.tif,9347,176,0.6479,64.79,0.2289,0,5.928
india,g0_1901.tif,9503,88,0.324,32.4,0.1234,0,4.247
india,g0_1901.tif,9504,77,0.2835,28.35,0.0263,0,4.247
india,g0_1901.tif,9505,273,1.005,100.5,0.2859,0,6.674
india,g0_1901.tif,9506,195,0.7178,71.78,0.0951,0,7.068
india,g0_1901.tif,9507,204,0.751,75.1,0.5775,1,5.461
india,g0_1922.tif,9608,60,0.2209,22.09,0.061,0,4.247
india,g0_1922.tif,9609,213,0.7841,78.41,0.0767,0,7.888
india,g0_1922.tif,9610,104,0.3829,38.29,0.1269,0,4.247
india,g0_1922.tif,9611,263,0.9682,96.82,0.0889,0,9.101
india,g0_1922.tif,9612,80,0.2945,29.45,0.0934,0,4.247
india,g0_1938.tif,9688,138,0.508,50.8,0.2847,0,5.461
india,g0_1938.tif,9689,100,0.3681,36.81,0.1255,0,4.247
india,g0_1938.tif,9690,213,0.7841,78.41,0.3302,0,5.461
india,g0_1938.tif,9691,87,0.3203,32.03,0.5104,1,3.768
india,g0_1938.tif,9692,163,0.6,60.0,0.6514,1,6.674
india,g0_1951.tif,9753,63,0.2319,23.19,0.084,0,3.768
india,g0_1951.tif,9754,60,0.2209,22.09,0.0522,0,3.034
india,g0_1951.tif,9755,81,0.2982,29.82,0.0647,0,4.247
india,g0_1951.tif,9756,33,0.1215,12.15,0.1417,0,2.825
india,g0_1951.tif,9757,43,0.1583,15.83,0.3243,0,3.034
india,g0_1985.tif,9923,273,1.005,100.5,0.0648,0,8.227
india,g0_1985.tif,9924,414,1.5241,152.41,0.1661,0,11.528
india,g0_1985.tif,9925,45,0.1657,16.57,0.0464,0,3.034
india,g0_1985.tif,9926,74,0.2724,27.24,0.0617,0,3.231
india,g0_1985.tif,9927,128,0.4712,47.12,0.0968,0,4.82
india,g1_0255.tif,1276,27,0.0994,9.94,0.0237,0,1.82
india,g1_0255.tif,1277,13,0.0479,4.79,0.0114,0,1.82
india,g1_0255.tif,1278,32,0.1178,11.78,0.0281,0,1.82
india,g1_0255.tif,1279,29,0.1068,10.68,0.0254,0,1.82
india,g1_0255.tif,1280,19,0.0699,6.99,0.0167,0,1.82
india,g1_0263.tif,1317,34,0.1252,12.52,0.0588,0,3.034
india,g1_0263.tif,1318,122,0.4491,44.91,0.3586,0,5.581
india,g1_0263.tif,1319,21,0.0773,7.73,0.0578,0,2.107
india,g1_0263.tif,1320,20,0.0736,7.36,0.0735,0,2.107
india,g1_0264.tif,1321,55,0.2025,20.25,0.1514,0,3.034
india,g1_0264.tif,1322,27,0.0994,9.94,0.132,0,1.82
india,g1_0264.tif,1323,38,0.1399,13.99,0.1642,0,3.034
india,g1_0264.tif,1324,30,0.1104,11.04,0.028,0,2.107
india,g1_0264.tif,1325,46,0.1693,16.93,0.0388,0,3.231
india,g1_0474.tif,2371,10,0.0368,3.68,0.0059,0,1.82
india,g1_0474.tif,2372,38,0.1399,13.99,0.0223,0,3.034
india,g1_0474.tif,2373,30,0.1104,11.04,0.0176,0,2.825
india,g1_0474.tif,2374,17,0.0626,6.26,0.01,0,1.82
india,g1_0474.tif,2375,21,0.0773,7.73,0.0111,0,1.82
india,g1_0482.tif,2411,51,0.1877,18.77,0.3289,0,2.825
india,g1_0482.tif,2412,37,0.1362,13.62,0.1304,0,2.107
india,g1_0482.tif,2413,123,0.4528,45.28,0.4182,0,4.542
india,g1_0482.tif,2414,120,0.4418,44.18,0.4439,0,4.397
india,g1_0482.tif,2415,124,0.4565,45.65,0.0557,0,4.82
india,g1_0530.tif,2651,85,0.3129,31.29,0.3172,0,4.247
india,g1_0530.tif,2652,46,0.1693,16.93,0.1504,0,2.825
india,g1_0530.tif,2653,23,0.0847,8.47,0.0628,0,1.82
india,g1_0530.tif,2654,33,0.1215,12.15,0.1382,0,1.82
india,g1_0530.tif,2655,65,0.2393,23.93,0.1424,0,3.768
india,g1_0589.tif,2946,38,0.1399,13.99,0.007,0,3.231
india,g1_0589.tif,2947,43,0.1583,15.83,0.0061,0,3.231
india,g1_0589.tif,2948,67,0.2466,24.66,0.0123,0,3.768
india,g1_0589.tif,2949,71,0.2614,26.14,0.0075,0,3.231
india,g1_0589.tif,2950,44,0.162,16.2,0.039,0,3.034
india,g1_0730.tif,3652,104,0.3829,38.29,0.3481,0,4.247
india,g1_0730.tif,3653,82,0.3019,30.19,0.2403,0,3.034
india,g1_0730.tif,3654,68,0.2503,25.03,0.2587,0,3.768
india,g1_0730.tif,3655,64,0.2356,23.56,0.1914,0,3.231
india,g1_0730.tif,3656,114,0.4197,41.97,0.2563,0,4.397
india,g1_0775.tif,3877,58,0.2135,21.35,0.2179,0,4.247
india,g1_0775.tif,3878,56,0.2062,20.62,0.2273,0,3.768
india,g1_0775.tif,3879,61,0.2246,22.46,0.5647,1,4.247
india,g1_0775.tif,3880,36,0.1325,13.25,0.1613,0,2.825
india,g1_0775.tif,3881,61,0.2246,22.46,0.2857,0,3.231
india,g1_0817.tif,4082,75,0.2761,27.61,0.2369,0,4.247
india,g1_0817.tif,4083,62,0.2282,22.82,0.1943,0,4.247
india,g1_0817.tif,4084,61,0.2246,22.46,0.1929,0,3.231
india,g1_0817.tif,4085,87,0.3203,32.03,0.3373,0,4.397
india,g1_0817.tif,4086,81,0.2982,29.82,0.3497,0,4.397
india,g1_0890.tif,4447,72,0.2651,26.51,0.0409,0,3.768
india,g1_0890.tif,4448,75,0.2761,27.61,0.1273,0,3.768
india,g1_0890.tif,4449,75,0.2761,27.61,0.0548,0,4.542
india,g1_0890.tif,4450,37,0.1362,13.62,0.4634,0,2.825
india,g1_0890.tif,4451,37,0.1362,13.62,0.061,0,2.825
india,g1_1012.tif,5057,50,0.1841,18.41,0.0414,0,3.768
india,g1_1012.tif,5058,40,0.1473,14.73,0.037,0,3.231
india,g1_1012.tif,5059,44,0.162,16.2,0.0302,0,3.034
india,g1_1012.tif,5060,44,0.162,16.2,0.0369,0,3.034
india,g1_1012.tif,5061,63,0.2319,23.19,0.0486,0,4.247
india,g1_1072.tif,5357,32,0.1178,11.78,0.0369,0,2.825
india,g1_1072.tif,5358,21,0.0773,7.73,0.0279,0,1.82
india,g1_1072.tif,5359,19,0.0699,6.99,0.0252,0,1.82
india,g1_1072.tif,5360,29,0.1068,10.68,0.0289,0,2.107
india,g1_1072.tif,5361,30,0.1104,11.04,0.0398,0,2.107
india,g1_1136.tif,5677,56,0.2062,20.62,0.0132,0,3.768
india,g1_1136.tif,5678,103,0.3792,37.92,0.0253,0,5.461
india,g1_1136.tif,5679,101,0.3718,37.18,0.0106,0,4.397
india,g1_1136.tif,5680,72,0.2651,26.51,0.058,0,4.247
india,g1_1136.tif,5681,66,0.243,24.3,0.0485,0,4.247
india,g1_1191.tif,5952,26,0.0957,9.57,0.01,0,2.825
india,g1_1191.tif,5953,17,0.0626,6.26,0.0065,0,1.109
india,g1_1191.tif,5954,26,0.0957,9.57,0.01,0,1.82
india,g1_1191.tif,5955,23,0.0847,8.47,0.008,0,1.82
india,g1_1191.tif,5956,25,0.092,9.2,0.0096,0,1.82
india,g1_1248.tif,6237,49,0.1804,18.04,0.0297,0,3.231
india,g1_1248.tif,6238,32,0.1178,11.78,0.0322,0,2.825
india,g1_1248.tif,6239,61,0.2246,22.46,0.0602,0,3.231
india,g1_1248.tif,6240,61,0.2246,22.46,0.1443,0,3.768
india,g1_1248.tif,6241,70,0.2577,25.77,0.036,0,4.247
india,g1_1530.tif,7648,27,0.0994,9.94,0.03,0,2.825
india,g1_1530.tif,7649,26,0.0957,9.57,0.0369,0,2.107
india,g1_1530.tif,7650,30,0.1104,11.04,0.0467,0,2.107
india,g1_1530.tif,7651,31,0.1141,11.41,0.061,0,3.034
india,g1_1530.tif,7652,42,0.1546,15.46,0.068,0,3.034
india,g1_1556.tif,7778,64,0.2356,23.56,0.0225,0,3.034
india,g1_1556.tif,7779,99,0.3644,36.44,0.0406,0,4.247
india,g1_1556.tif,7780,65,0.2393,23.93,0.0464,0,3.034
india,g1_1556.tif,7781,86,0.3166,31.66,0.3232,0,4.247
india,g1_1556.tif,7782,221,0.8136,81.36,0.1871,0,5.461
india,g1_1578.tif,7888,39,0.1436,14.36,0.0469,0,1.82
india,g1_1578.tif,7889,38,0.1399,13.99,0.0556,0,1.82
india,g1_1578.tif,7890,64,0.2356,23.56,0.1119,0,3.768
india,g1_1578.tif,7891,74,0.2724,27.24,0.4156,0,4.247
india,g1_1578.tif,7892,24,0.0884,8.84,0.0556,0,1.82
india,g1_1703.tif,8513,36,0.1325,13.25,0.0392,0,3.231
india,g1_1703.tif,8514,42,0.1546,15.46,0.0292,0,3.034
india,g1_1703.tif,8515,33,0.1215,12.15,0.0493,0,1.82
india,g1_1703.tif,8516,41,0.1509,15.09,0.0437,0,2.825
india,g1_1703.tif,8517,49,0.1804,18.04,0.0646,0,3.034
india,g1_1747.tif,8733,50,0.1841,18.41,0.0476,0,3.034
india,g1_1747.tif,8734,81,0.2982,29.82,0.068,0,3.768
india,g1_1747.tif,8735,38,0.1399,13.99,0.0216,0,2.107
india,g1_1747.tif,8736,51,0.1877,18.77,0.3403,0,3.034
india,g1_1747.tif,8737,32,0.1178,11.78,0.0615,0,1.82
india,g1_1828.tif,9138,10,0.0368,3.68,0.0147,0,1.82
india,g1_1828.tif,9139,14,0.0515,5.15,0.0146,0,1.109
india,g1_1828.tif,9140,9,0.0331,3.31,0.0098,0,1.109
india,g1_1828.tif,9141,39,0.1436,14.36,0.0587,0,2.107
india,g1_1828.tif,9142,19,0.0699,6.99,0.0278,0,1.109
india,g1_1874.tif,9368,91,0.335,33.5,0.2724,0,4.82
india,g1_1874.tif,9369,63,0.2319,23.19,0.1291,0,3.768
india,g1_1874.tif,9370,95,0.3497,34.97,0.0752,0,5.461
india,g1_1874.tif,9371,63,0.2319,23.19,0.1987,0,4.397
india,g1_1874.tif,9372,52,0.1914,19.14,0.1389,0,3.034
india,g1_1880.tif,9398,44,0.162,16.2,0.4615,0,3.034
india,g1_1880.tif,9399,81,0.2982,29.82,0.1608,0,4.397
india,g1_1880.tif,9400,81,0.2982,29.82,0.1408,0,4.542
india,g1_1880.tif,9401,87,0.3203,32.03,0.1213,0,4.247
india,g1_1880.tif,9402,48,0.1767,17.67,0.0317,0,3.231
india,g1_1927.tif,9633,378,1.3915,139.15,0.1341,0,9.761
india,g1_1927.tif,9634,82,0.3019,30.19,0.0999,0,4.247
india,g1_1927.tif,9635,53,0.1951,19.51,0.0762,0,3.231
india,g1_1927.tif,9636,23,0.0847,8.47,0.0283,0,1.82
india,g1_1927.tif,9637,24,0.0884,8.84,0.0207,0,1.82
india,g1_1932.tif,9658,86,0.3166,31.66,0.0592,0,3.768
india,g1_1932.tif,9659,62,0.2282,22.82,0.0311,0,2.107
india,g1_1932.tif,9660,59,0.2172,21.72,0.0393,0,2.825
india,g1_1932.tif,9661,40,0.1473,14.73,0.0254,0,2.825
india,g1_1932.tif,9662,20,0.0736,7.36,0.0132,0,1.82
india,g1_1946.tif,9728,73,0.2687,26.87,0.1073,0,3.768
india,g1_1946.tif,9729,20,0.0736,7.36,0.0049,0,1.82
india,g1_1946.tif,9730,33,0.1215,12.15,0.0039,0,2.825
india,g1_1946.tif,9731,62,0.2282,22.82,0.1228,0,3.768
india,g1_1946.tif,9732,56,0.2062,20.62,0.1109,0,2.825
india,g1_1962.tif,9808,13,0.0479,4.79,0.0298,0,1.82
india,g1_1962.tif,9809,21,0.0773,7.73,0.0485,0,1.82
india,g1_1962.tif,9810,25,0.092,9.2,0.0481,0,2.107
india,g1_1962.tif,9811,33,0.1215,12.15,0.0899,0,2.107
india,g1_1962.tif,9812,28,0.1031,10.31,0.0647,0,2.107
india,g1_1975.tif,9873,69,0.254,25.4,0.6143,1,4.397
india,g1_1975.tif,9874,35,0.1288,12.88,0.1961,0,2.825
india,g1_1975.tif,9875,48,0.1767,17.67,0.0836,0,3.231
india,g1_1975.tif,9876,28,0.1031,10.31,0.0389,0,2.825
india,g1_1975.tif,9877,57,0.2098,20.98,0.2931,0,3.034
india,g2_0000.tif,1,173,0.6369,63.69,0.3873,0,5.581
india,g2_0000.tif,2,63,0.2319,23.19,0.1466,0,3.768
india,g2_0000.tif,3,171,0.6295,62.95,0.1677,0,4.82
india,g2_0000.tif,4,183,0.6737,67.37,0.2525,0,4.397
india,g2_0002.tif,10,51,0.1877,18.77,0.1984,0,4.247
india,g2_0002.tif,11,62,0.2282,22.82,0.0791,0,4.247
india,g2_0002.tif,12,97,0.3571,35.71,0.138,0,5.461
india,g2_0002.tif,13,40,0.1473,14.73,0.0358,0,2.825
india,g2_0002.tif,14,61,0.2246,22.46,0.1703,0,2.825
india,g2_0006.tif,30,67,0.2466,24.66,0.0343,0,4.397
india,g2_0006.tif,31,55,0.2025,20.25,0.0305,0,3.768
india,g2_0006.tif,32,132,0.4859,48.59,0.0597,0,4.82
india,g2_0006.tif,33,121,0.4454,44.54,0.0636,0,4.397
india,g2_0006.tif,34,165,0.6074,60.74,0.0441,0,6.469
india,g2_0007.tif,35,177,0.6516,65.16,0.6595,1,6.775
india,g2_0007.tif,36,75,0.2761,27.61,0.0801,0,3.768
india,g2_0007.tif,37,78,0.2871,28.71,0.3004,0,3.768
india,g2_0007.tif,38,105,0.3865,38.65,0.2899,0,4.82
india,g2_0007.tif,39,99,0.3644,36.44,0.1674,0,4.397
india,g2_0010.tif,50,109,0.4013,40.13,0.3265,0,4.82
india,g2_0010.tif,51,53,0.1951,19.51,0.0573,0,1.82
india,g2_0010.tif,52,123,0.4528,45.28,0.1446,0,4.247
india,g2_0010.tif,53,110,0.4049,40.49,0.0559,0,5.461
india,g2_0010.tif,54,149,0.5485,54.85,0.1182,0,6.674
india,g2_0011.tif,55,452,1.6639,166.39,0.2207,0,10.581
india,g2_0011.tif,56,293,1.0786,107.86,0.1602,0,6.258
india,g2_0011.tif,57,275,1.0124,101.24,0.331,0,6.469
india,g2_0011.tif,58,512,1.8848,188.48,0.2836,0,8.635
india,g2_0011.tif,59,177,0.6516,65.16,0.1278,0,4.82
india,g2_0013.tif,65,109,0.4013,40.13,0.093,0,4.82
india,g2_0013.tif,66,376,1.3842,138.42,0.2002,0,10.247
india,g2_0013.tif,67,373,1.3731,137.31,0.4286,0,9.177
india,g2_0013.tif,68,209,0.7694,76.94,0.5154,1,7.974
india,g2_0013.tif,69,142,0.5227,52.27,0.0587,0,4.82
india,g2_0017.tif,85,45,0.1657,16.57,0.2596,0,3.034
india,g2_0017.tif,86,414,1.5241,152.41,0.6783,1,10.315
india,g2_0017.tif,87,82,0.3019,30.19,0.2615,0,4.247
india,g2_0017.tif,88,349,1.2848,128.48,0.3743,0,7.888
india,g2_0017.tif,89,236,0.8688,86.88,0.3498,0,8.635
india,g2_0018.tif,90,75,0.2761,27.61,0.0812,0,4.247
india,g2_0018.tif,91,112,0.4123,41.23,0.4308,0,5.461
india,g2_0018.tif,92,78,0.2871,28.71,0.0587,0,4.397
india,g2_0018.tif,93,77,0.2835,28.35,0.0574,0,4.247
india,g2_0018.tif,94,91,0.335,33.5,0.0577,0,4.247
india,g2_0022.tif,110,65,0.2393,23.93,0.2522,0,3.034
india,g2_0022.tif,111,74,0.2724,27.24,0.4038,0,4.247
india,g2_0022.tif,112,60,0.2209,22.09,0.3141,0,3.231
india,g2_0022.tif,113,58,0.2135,21.35,0.3839,0,3.231
india,g2_0022.tif,114,58,0.2135,21.35,0.0411,0,3.231
india,g2_0060.tif,300,149,0.5485,54.85,0.3311,0,5.461
india,g2_0060.tif,301,166,0.6111,61.11,0.0856,0,5.581
india,g2_0060.tif,302,154,0.5669,56.69,0.4,0,5.461
india,g2_0060.tif,303,240,0.8835,88.35,0.1401,0,7.068
india,g2_0060.tif,304,303,1.1154,111.54,0.2235,0,8.635
india,g2_0062.tif,310,29,0.1068,10.68,0.1437,0,3.034
india,g2_0062.tif,311,38,0.1399,13.99,0.162,0,3.034
india,g2_0062.tif,312,64,0.2356,23.56,0.1214,0,3.768
india,g2_0062.tif,313,42,0.1546,15.46,0.1065,0,3.231
india,g2_0062.tif,314,44,0.162,16.2,0.2273,0,3.231
india,g2_0065.tif,325,35,0.1288,12.88,0.0204,0,2.107
india,g2_0065.tif,326,47,0.173,17.3,0.0373,0,2.825
india,g2_0065.tif,327,35,0.1288,12.88,0.0329,0,2.107
india,g2_0065.tif,328,130,0.4786,47.86,0.1086,0,4.82
india,g2_0065.tif,329,44,0.162,16.2,0.0414,0,2.825
india,g2_0071.tif,355,33,0.1215,12.15,0.2115,0,1.82
india,g2_0071.tif,356,30,0.1104,11.04,0.0231,0,1.82
india,g2_0071.tif,357,67,0.2466,24.66,0.4286,0,3.231
india,g2_0071.tif,358,34,0.1252,12.52,0.0248,0,1.82
india,g2_0071.tif,359,121,0.4454,44.54,0.0771,0,5.461
india,g2_0072.tif,360,599,2.2051,220.51,0.4958,0,12.062
india,g2_0072.tif,361,592,2.1793,217.93,0.1195,0,12.062
india,g2_0072.tif,362,474,1.7449,174.49,0.427,0,12.463
india,g2_0072.tif,363,432,1.5903,159.03,0.5225,1,11.588
india,g2_0072.tif,364,378,1.3915,139.15,0.4187,0,10.382
india,g2_0075.tif,375,359,1.3216,132.16,0.3048,0,9.4
india,g2_0075.tif,376,349,1.2848,128.48,0.2815,0,10.315
india,g2_0075.tif,377,187,0.6884,68.84,0.0765,0,5.461
india,g2_0075.tif,378,207,0.762,76.2,0.3916,0,5.581
india,g2_0075.tif,379,175,0.6442,64.42,0.0804,0,5.461
india,g2_0077.tif,385,231,0.8504,85.04,0.1484,0,5.461
india,g2_0077.tif,386,420,1.5461,154.61,0.5435,1,11.528
india,g2_0077.tif,387,210,0.7731,77.31,0.6429,1,5.461
india,g2_0077.tif,388,207,0.762,76.2,0.368,0,5.461
india,g2_0077.tif,389,196,0.7215,72.15,0.2849,0,5.461
india,g2_0098.tif,490,437,1.6087,160.87,0.2328,0,10.581
india,g2_0098.tif,491,591,2.1756,217.56,0.2988,0,10.905
india,g2_0098.tif,492,406,1.4946,149.46,0.1606,0,10.247
india,g2_0098.tif,493,263,0.9682,96.82,0.1347,0,7.068
india,g2_0098.tif,494,494,1.8186,181.86,0.4005,0,11.887
india,g2_0101.tif,505,225,0.8283,82.83,0.1809,0,5.461
india,g2_0101.tif,506,371,1.3658,136.58,0.4798,0,7.888
india,g2_0101.tif,507,286,1.0528,105.28,0.5455,1,6.674
india,g2_0101.tif,508,561,2.0652,206.52,0.5854,1,10.315
india,g2_0101.tif,509,300,1.1044,110.44,0.4233,0,9.177
india,g2_0105.tif,525,56,0.2062,20.62,0.0965,0,3.034
india,g2_0105.tif,526,51,0.1877,18.77,0.0548,0,3.034
india,g2_0105.tif,527,85,0.3129,31.29,0.5045,1,4.247
india,g2_0105.tif,528,45,0.1657,16.57,0.0765,0,3.231
india,g2_0105.tif,529,58,0.2135,21.35,0.3492,0,3.034
india,g2_0112.tif,560,21,0.0773,7.73,0.0095,0,1.82
india,g2_0112.tif,561,28,0.1031,10.31,0.0179,0,2.107
india,g2_0112.tif,562,186,0.6847,68.47,0.1361,0,5.461
india,g2_0112.tif,563,38,0.1399,13.99,0.0318,0,3.034
india,g2_0112.tif,564,51,0.1877,18.77,0.0443,0,4.247
india,g2_0115.tif,575,618,2.275,227.5,0.1342,0,9.761
india,g2_0115.tif,576,655,2.4112,241.12,0.1619,0,13.229
india,g2_0115.tif,578,1828,6.7294,672.94,0.2033,0,16.894
india,g2_0115.tif,579,554,2.0394,203.94,0.1255,0,11.345
india,g2_0134.tif,671,319,1.1743,117.43,0.1379,0,6.775
india,g2_0134.tif,672,188,0.6921,69.21,0.4071,0,7.068
india,g2_0134.tif,673,273,1.005,100.5,0.1436,0,7.533
india,g2_0134.tif,674,191,0.7031,70.31,0.6335,1,7.533
india,g2_0134.tif,675,217,0.7988,79.88,0.6119,1,7.163
india,g2_0135.tif,676,149,0.5485,54.85,0.1949,0,5.461
india,g2_0135.tif,677,172,0.6332,63.32,0.3403,0,6.775
india,g2_0135.tif,678,220,0.8099,80.99,0.2683,0,7.068
india,g2_0135.tif,679,162,0.5964,59.64,0.3765,0,4.247
india,g2_0135.tif,680,153,0.5632,56.32,0.6484,1,3.768
india,g2_0137.tif,686,240,0.8835,88.35,0.1921,0,5.581
india,g2_0137.tif,687,228,0.8393,83.93,0.3445,0,6.258
india,g2_0137.tif,688,544,2.0026,200.26,0.1524,0,10.315
india,g2_0137.tif,689,164,0.6037,60.37,0.0963,0,5.581
india,g2_0137.tif,690,678,2.4959,249.59,0.1812,0,15.168
india,g2_0139.tif,696,45,0.1657,16.57,0.6078,1,3.768
india,g2_0139.tif,697,58,0.2135,21.35,0.4681,0,3.231
india,g2_0139.tif,698,149,0.5485,54.85,0.0653,0,7.068
india,g2_0139.tif,699,149,0.5485,54.85,0.1325,0,6.258
india,g2_0139.tif,700,165,0.6074,60.74,0.2411,0,6.469
india,g2_0143.tif,716,422,1.5535,155.35,0.6293,1,10.905
india,g2_0143.tif,717,385,1.4173,141.73,0.5345,1,9.177
india,g2_0143.tif,718,1265,4.6568,465.68,0.2577,0,18.231
india,g2_0143.tif,719,857,3.1549,315.49,0.2616,0,14.005
india,g2_0143.tif,720,300,1.1044,110.44,0.2695,0,7.533
india,g2_0149.tif,746,123,0.4528,45.28,0.169,0,3.231
india,g2_0149.tif,747,810,2.9818,298.18,0.2432,0,15.215
india,g2_0149.tif,748,1468,5.4041,540.41,0.3372,0,20.022
india,g2_0149.tif,749,656,2.4149,241.49,0.6387,1,12.062
india,g2_0149.tif,750,855,3.1475,314.75,0.4608,0,14.403
india,g2_0165.tif,826,56,0.2062,20.62,0.0879,0,3.231
india,g2_0165.tif,827,58,0.2135,21.35,0.0795,0,3.768
india,g2_0165.tif,828,137,0.5043,50.43,0.2143,0,4.397
india,g2_0165.tif,829,100,0.3681,36.81,0.13,0,4.397
india,g2_0165.tif,830,88,0.324,32.4,0.137,0,4.82
india,g2_0166.tif,831,97,0.3571,35.71,0.4783,0,4.542
india,g2_0166.tif,832,92,0.3387,33.87,0.2209,0,4.542
india,g2_0166.tif,833,121,0.4454,44.54,0.435,0,5.928
india,g2_0166.tif,834,123,0.4528,45.28,0.0821,0,4.542
india,g2_0166.tif,835,70,0.2577,25.77,0.1368,0,3.768
india,g2_0187.tif,936,111,0.4086,40.86,0.0794,0,5.461
india,g2_0187.tif,937,147,0.5411,54.11,0.1251,0,6.674
india,g2_0187.tif,938,112,0.4123,41.23,0.127,0,5.461
india,g2_0187.tif,939,104,0.3829,38.29,0.0704,0,5.461
india,g2_0187.tif,940,105,0.3865,38.65,0.0393,0,4.397
india,g2_0205.tif,1026,166,0.6111,61.11,0.093,0,5.461
india,g2_0205.tif,1027,271,0.9976,99.76,0.1491,0,6.469
india,g2_0205.tif,1028,280,1.0308,103.08,0.4013,0,5.928
india,g2_0205.tif,1029,158,0.5816,58.16,0.388,0,3.034
india,g2_0205.tif,1030,153,0.5632,56.32,0.3052,0,5.461
india,g2_0215.tif,1076,170,0.6258,62.58,0.2016,0,5.461
india,g2_0215.tif,1077,563,2.0726,207.26,0.3435,0,9.101
india,g2_0215.tif,1078,96,0.3534,35.34,0.0632,0,4.247
india,g2_0215.tif,1079,45,0.1657,16.57,0.151,0,3.034
india,g2_0215.tif,1080,250,0.9203,92.03,0.1149,0,5.461
india,g2_0237.tif,1186,33,0.1215,12.15,0.1703,0,3.034
india,g2_0237.tif,1187,34,0.1252,12.52,0.1568,0,3.034
india,g2_0237.tif,1188,32,0.1178,11.78,0.0872,0,2.825
india,g2_0237.tif,1189,63,0.2319,23.19,0.5,1,4.247
india,g2_0237.tif,1190,41,0.1509,15.09,0.4051,0,2.825
india,g2_0239.tif,1196,80,0.2945,29.45,0.3801,0,3.768
india,g2_0239.tif,1197,115,0.4233,42.33,0.3272,0,3.768
india,g2_0239.tif,1198,348,1.2811,128.11,0.5412,1,8.144
india,g2_0239.tif,1199,140,0.5154,51.54,0.1947,0,5.461
india,g2_0239.tif,1200,111,0.4086,40.86,0.2265,0,4.82
india,g2_0243.tif,1216,184,0.6774,67.74,0.052,0,5.461
india,g2_0243.tif,1217,94,0.346,34.6,0.5579,1,3.768
india,g2_0243.tif,1218,162,0.5964,59.64,0.0453,0,6.775
india,g2_0243.tif,1219,381,1.4026,140.26,0.0817,0,11.345
india,g2_0243.tif,1220,170,0.6258,62.58,0.0482,0,5.461
india,g2_0272.tif,1361,60,0.2209,22.09,0.2092,0,3.034
india,g2_0272.tif,1362,62,0.2282,22.82,0.4235,0,3.034
india,g2_0272.tif,1363,113,0.416,41.6,0.3873,0,5.461
india,g2_0272.tif,1364,120,0.4418,44.18,0.3229,0,6.674
india,g2_0272.tif,1365,120,0.4418,44.18,0.4583,0,5.461
india,g2_0275.tif,1376,93,0.3424,34.24,0.4382,0,3.034
india,g2_0275.tif,1377,259,0.9535,95.35,0.4194,0,7.888
india,g2_0275.tif,1378,92,0.3387,33.87,0.301,0,3.034
india,g2_0275.tif,1379,106,0.3902,39.02,0.0204,0,3.034
india,g2_0275.tif,1380,173,0.6369,63.69,0.3123,0,4.247
india,g2_0276.tif,1381,251,0.924,92.4,0.4704,0,7.974
india,g2_0276.tif,1382,162,0.5964,59.64,0.2417,0,6.258
india,g2_0276.tif,1383,207,0.762,76.2,0.3151,0,7.163
india,g2_0276.tif,1384,229,0.843,84.3,0.4636,0,7.974
india,g2_0276.tif,1385,76,0.2798,27.98,0.1543,0,3.768
india,g2_0282.tif,1411,69,0.254,25.4,0.4396,0,3.768
india,g2_0282.tif,1412,63,0.2319,23.19,0.4133,0,3.768
india,g2_0282.tif,1413,106,0.3902,39.02,0.3535,0,5.461
india,g2_0282.tif,1414,239,0.8798,87.98,0.1441,0,4.542
india,g2_0282.tif,1415,286,1.0528,105.28,0.3038,0,7.974
india,g2_0291.tif,1456,472,1.7376,173.76,0.3431,0,8.871
india,g2_0291.tif,1457,434,1.5977,159.77,0.1752,0,9.69
india,g2_0291.tif,1458,263,0.9682,96.82,0.0958,0,7.163
india,g2_0291.tif,1459,393,1.4467,144.67,0.1793,0,8.871
india,g2_0291.tif,1460,137,0.5043,50.43,0.0646,0,5.461
india,g2_0298.tif,1491,62,0.2282,22.82,0.2594,0,3.768
india,g2_0298.tif,1492,65,0.2393,23.93,0.1489,0,3.768
india,g2_0298.tif,1493,250,0.9203,92.03,0.2325,0,7.068
india,g2_0298.tif,1494,75,0.2761,27.61,0.0365,0,3.034
india,g2_0298.tif,1495,45,0.1657,16.57,0.0452,0,3.231
india,g2_0307.tif,1536,33,0.1215,12.15,0.0154,0,2.825
india,g2_0307.tif,1537,118,0.4344,43.44,0.1788,0,5.461
india,g2_0307.tif,1538,83,0.3055,30.55,0.0837,0,4.247
india,g2_0307.tif,1539,85,0.3129,31.29,0.352,0,3.768
india,g2_0307.tif,1540,65,0.2393,23.93,0.25,0,4.247
india,g2_0314.tif,1571,165,0.6074,60.74,0.2169,0,4.247
india,g2_0314.tif,1572,140,0.5154,51.54,0.0475,0,3.231
india,g2_0314.tif,1573,101,0.3718,37.18,0.0717,0,4.247
india,g2_0314.tif,1574,65,0.2393,23.93,0.1024,0,4.247
india,g2_0314.tif,1575,108,0.3976,39.76,0.15,0,5.461
india,g2_0315.tif,1576,16,0.0589,5.89,0.093,0,2.107
india,g2_0315.tif,1577,68,0.2503,25.03,0.0686,0,4.542
india,g2_0315.tif,1578,69,0.254,25.4,0.0803,0,3.768
india,g2_0315.tif,1579,43,0.1583,15.83,0.0699,0,2.107
india,g2_0315.tif,1580,44,0.162,16.2,0.1648,0,2.825
india,g2_0326.tif,1631,112,0.4123,41.23,0.1578,0,3.034
india,g2_0326.tif,1632,123,0.4528,45.28,0.1622,0,3.034
india,g2_0326.tif,1633,104,0.3829,38.29,0.1405,0,3.034
india,g2_0326.tif,1634,118,0.4344,43.44,0.3333,0,3.034
india,g2_0326.tif,1635,78,0.2871,28.71,0.0689,0,3.034
india,g2_0335.tif,1676,53,0.1951,19.51,0.0695,0,3.768
india,g2_0335.tif,1677,47,0.173,17.3,0.1022,0,3.231
india,g2_0335.tif,1678,52,0.1914,19.14,0.1244,0,3.768
india,g2_0335.tif,1679,50,0.1841,18.41,0.0781,0,3.768
india,g2_0335.tif,1680,50,0.1841,18.41,0.0747,0,3.768
india,g2_0336.tif,1681,350,1.2884,128.84,0.1917,0,7.888
india,g2_0336.tif,1682,287,1.0565,105.65,0.3859,0,7.888
india,g2_0336.tif,1683,313,1.1522,115.22,0.1135,0,9.101
india,g2_0336.tif,1684,60,0.2209,22.09,0.2578,0,4.247
india,g2_0336.tif,1685,477,1.756,175.6,0.3355,0,12.463
india,g2_0338.tif,1691,86,0.3166,31.66,0.366,0,3.768
india,g2_0338.tif,1692,86,0.3166,31.66,0.2184,0,4.247
india,g2_0338.tif,1693,71,0.2614,26.14,0.2167,0,4.247
india,g2_0338.tif,1694,91,0.335,33.5,0.3586,0,3.768
india,g2_0338.tif,1695,75,0.2761,27.61,0.1688,0,3.231
india,g2_0340.tif,1701,235,0.8651,86.51,0.4182,0,8.144
india,g2_0340.tif,1702,167,0.6148,61.48,0.2194,0,4.542
india,g2_0340.tif,1703,331,1.2185,121.85,0.4376,0,7.533
india,g2_0340.tif,1704,555,2.0431,204.31,0.5279,1,13.597
india,g2_0340.tif,1705,260,0.9571,95.71,0.2907,0,7.533
india,g2_0344.tif,1721,12,0.0442,4.42,0.0131,0,1.82
india,g2_0344.tif,1722,17,0.0626,6.26,0.0186,0,2.107
india,g2_0344.tif,1723,14,0.0515,5.15,0.0153,0,1.82
india,g2_0344.tif,1724,24,0.0884,8.84,0.0263,0,2.107
india,g2_0344.tif,1725,26,0.0957,9.57,0.0285,0,2.107
india,g2_0345.tif,1726,79,0.2908,29.08,0.234,0,4.247
india,g2_0345.tif,1727,100,0.3681,36.81,0.1532,0,5.461
india,g2_0345.tif,1728,89,0.3276,32.76,0.1339,0,5.461
india,g2_0345.tif,1729,55,0.2025,20.25,0.1039,0,3.034
india,g2_0345.tif,1730,110,0.4049,40.49,0.2012,0,3.034
india,g2_0348.tif,1741,234,0.8614,86.14,0.4107,0,6.674
india,g2_0348.tif,1742,141,0.5191,51.91,0.1348,0,6.674
india,g2_0348.tif,1743,155,0.5706,57.06,0.6875,1,6.674
india,g2_0348.tif,1744,178,0.6553,65.53,0.2814,0,6.674
india,g2_0348.tif,1745,178,0.6553,65.53,0.19,0,6.674
india,g2_0358.tif,1791,363,1.3363,133.63,0.1568,0,7.974
india,g2_0358.tif,1792,322,1.1854,118.54,0.3469,0,6.258
india,g2_0358.tif,1793,256,0.9424,94.24,0.2236,0,7.533
india,g2_0358.tif,1794,166,0.6111,61.11,0.0965,0,5.581
india,g2_0358.tif,1795,486,1.7891,178.91,0.221,0,9.101
india,g2_0367.tif,1836,39,0.1436,14.36,0.1901,0,2.825
india,g2_0367.tif,1837,196,0.7215,72.15,0.1955,0,5.928
india,g2_0367.tif,1838,35,0.1288,12.88,0.2406,0,2.107
india,g2_0367.tif,1839,24,0.0884,8.84,0.0769,0,2.107
india,g2_0367.tif,1840,29,0.1068,10.68,0.0329,0,2.825
india,g2_0368.tif,1841,234,0.8614,86.14,0.2017,0,7.533
india,g2_0368.tif,1842,303,1.1154,111.54,0.4244,0,7.888
india,g2_0368.tif,1843,74,0.2724,27.24,0.2612,0,4.397
india,g2_0368.tif,1844,250,0.9203,92.03,0.2524,0,6.674
india,g2_0368.tif,1845,64,0.2356,23.56,0.0807,0,3.768
india,g2_0373.tif,1866,68,0.2503,25.03,0.2593,0,4.247
india,g2_0373.tif,1867,64,0.2356,23.56,0.1325,0,4.247
india,g2_0373.tif,1868,72,0.2651,26.51,0.0228,0,3.034
india,g2_0373.tif,1869,187,0.6884,68.84,0.0912,0,4.247
india,g2_0373.tif,1870,156,0.5743,57.43,0.0823,0,5.928
india,g2_0385.tif,1926,76,0.2798,27.98,0.1329,0,4.247
india,g2_0385.tif,1927,113,0.416,41.6,0.2587,0,4.82
india,g2_0385.tif,1928,138,0.508,50.8,0.1748,0,4.397
india,g2_0385.tif,1929,127,0.4675,46.75,0.1374,0,5.928
india,g2_0385.tif,1930,117,0.4307,43.07,0.1377,0,5.581
india,g2_0386.tif,1931,71,0.2614,26.14,0.1245,0,4.247
india,g2_0386.tif,1932,225,0.8283,82.83,0.3147,0,5.581
india,g2_0386.tif,1933,109,0.4013,40.13,0.2936,0,5.461
india,g2_0386.tif,1934,97,0.3571,35.71,0.1758,0,3.034
india,g2_0386.tif,1935,285,1.0492,104.92,0.3394,0,8.144
india,g2_0388.tif,1941,22,0.081,8.1,0.3333,0,1.82
india,g2_0388.tif,1942,18,0.0663,6.63,0.0964,0,1.82
india,g2_0388.tif,1943,37,0.1362,13.62,0.114,0,3.034
india,g2_0388.tif,1944,30,0.1104,11.04,0.1685,0,2.825
india,g2_0388.tif,1945,32,0.1178,11.78,0.1667,0,2.107
india,g2_0399.tif,1996,83,0.3055,30.55,0.0285,0,3.768
india,g2_0399.tif,1997,110,0.4049,40.49,0.0351,0,4.247
india,g2_0399.tif,1998,172,0.6332,63.32,0.0519,0,6.469
india,g2_0399.tif,1999,69,0.254,25.4,0.4748,0,4.247
india,g2_0399.tif,2000,125,0.4602,46.02,0.0411,0,4.82
india,g2_0400.tif,2001,73,0.2687,26.87,0.4887,0,4.397
india,g2_0400.tif,2002,67,0.2466,24.66,0.0718,0,3.231
india,g2_0400.tif,2003,97,0.3571,35.71,0.0952,0,5.461
india,g2_0400.tif,2004,80,0.2945,29.45,0.5,1,3.768
india,g2_0400.tif,2005,75,0.2761,27.61,0.1395,0,4.397
india,g2_0406.tif,2031,130,0.4786,47.86,0.1209,0,5.928
india,g2_0406.tif,2032,92,0.3387,33.87,0.3427,0,3.768
india,g2_0406.tif,2033,135,0.497,49.7,0.124,0,3.768
india,g2_0406.tif,2034,72,0.2651,26.51,0.0853,0,3.231
india,g2_0406.tif,2035,258,0.9498,94.98,0.1736,0,4.542
india,g2_0410.tif,2051,190,0.6994,69.94,0.4437,0,6.775
india,g2_0410.tif,2052,324,1.1927,119.27,0.2716,0,7.974
india,g2_0410.tif,2053,204,0.751,75.1,0.3854,0,6.469
india,g2_0410.tif,2054,117,0.4307,43.07,0.2625,0,5.461
india,g2_0410.tif,2055,245,0.9019,90.19,0.5605,1,6.775
india,g2_0418.tif,2091,144,0.5301,53.01,0.2258,0,6.674
india,g2_0418.tif,2092,130,0.4786,47.86,0.3643,0,5.928
india,g2_0418.tif,2093,110,0.4049,40.49,0.5603,1,5.461
india,g2_0418.tif,2094,188,0.6921,69.21,0.2593,0,6.674
india,g2_0418.tif,2095,107,0.3939,39.39,0.1573,0,5.461
india,g2_0429.tif,2146,18,0.0663,6.63,0.1531,0,1.82
india,g2_0429.tif,2147,26,0.0957,9.57,0.2222,0,2.825
india,g2_0429.tif,2148,20,0.0736,7.36,0.1856,0,1.82
india,g2_0429.tif,2149,24,0.0884,8.84,0.2321,0,2.107
india,g2_0429.tif,2150,21,0.0773,7.73,0.2941,0,2.107
india,g2_0439.tif,2196,61,0.2246,22.46,0.0135,0,3.034
india,g2_0439.tif,2197,54,0.1988,19.88,0.0199,0,3.768
india,g2_0439.tif,2198,63,0.2319,23.19,0.4409,0,4.247
india,g2_0439.tif,2199,155,0.5706,57.06,0.0799,0,6.674
india,g2_0439.tif,2200,65,0.2393,23.93,0.0165,0,4.247
india,g2_0454.tif,2271,333,1.2259,122.59,0.1558,0,6.469
india,g2_0454.tif,2272,409,1.5056,150.56,0.2895,0,9.101
india,g2_0454.tif,2273,147,0.5411,54.11,0.1265,0,6.469
india,g2_0454.tif,2274,206,0.7583,75.83,0.1367,0,7.163
india,g2_0454.tif,2275,166,0.6111,61.11,0.1396,0,6.469
india,g2_0458.tif,2291,283,1.0418,104.18,0.4621,0,5.928
india,g2_0458.tif,2292,519,1.9106,191.06,0.3384,0,10.247
india,g2_0458.tif,2293,594,2.1867,218.67,0.3139,0,9.69
india,g2_0458.tif,2294,35,0.1288,12.88,0.2911,0,3.034
india,g2_0458.tif,2295,17,0.0626,6.26,0.1831,0,1.82
india,g2_0463.tif,2316,177,0.6516,65.16,0.1628,0,4.82
india,g2_0463.tif,2317,204,0.751,75.1,0.2926,0,5.461
india,g2_0463.tif,2318,163,0.6,60.0,0.2496,0,4.82
india,g2_0463.tif,2319,52,0.1914,19.14,0.199,0,1.82
india,g2_0463.tif,2320,48,0.1767,17.67,0.1324,0,1.82
india,g2_0470.tif,2351,58,0.2135,21.35,0.0192,0,4.247
india,g2_0470.tif,2352,83,0.3055,30.55,0.1173,0,4.247
india,g2_0470.tif,2353,37,0.1362,13.62,0.1316,0,2.107
india,g2_0470.tif,2354,69,0.254,25.4,0.2832,0,3.231
india,g2_0470.tif,2355,72,0.2651,26.51,0.2795,0,4.542
india,g2_0475.tif,2376,213,0.7841,78.41,0.3067,0,7.888
india,g2_0475.tif,2377,147,0.5411,54.11,0.3789,0,5.461
india,g2_0475.tif,2378,122,0.4491,44.91,0.5665,1,4.247
india,g2_0475.tif,2379,144,0.5301,53.01,0.5145,1,4.397
india,g2_0475.tif,2380,198,0.7289,72.89,0.2879,0,6.674
india,g2_0493.tif,2466,69,0.254,25.4,0.0441,0,3.034
india,g2_0493.tif,2467,98,0.3608,36.08,0.1132,0,3.768
india,g2_0493.tif,2468,96,0.3534,35.34,0.0991,0,4.82
india,g2_0493.tif,2469,48,0.1767,17.67,0.0286,0,2.825
india,g2_0493.tif,2470,60,0.2209,22.09,0.0351,0,3.231
india,g2_0506.tif,2531,289,1.0639,106.39,0.3819,0,7.068
india,g2_0506.tif,2532,296,1.0897,108.97,0.3322,0,6.775
india,g2_0506.tif,2533,250,0.9203,92.03,0.5747,1,6.674
india,g2_0506.tif,2534,90,0.3313,33.13,0.3333,0,3.034
india,g2_0506.tif,2535,151,0.5559,55.59,0.2423,0,6.674
india,g2_0509.tif,2546,43,0.1583,15.83,0.1236,0,3.034
india,g2_0509.tif,2547,180,0.6626,66.26,0.375,0,6.674
india,g2_0509.tif,2548,89,0.3276,32.76,0.1615,0,3.034
india,g2_0509.tif,2549,129,0.4749,47.49,0.4895,0,5.461
india,g2_0509.tif,2550,138,0.508,50.8,0.4928,0,5.461
india,g2_0517.tif,2586,70,0.2577,25.77,0.4113,0,3.034
india,g2_0517.tif,2587,79,0.2908,29.08,0.1923,0,3.034
india,g2_0517.tif,2588,125,0.4602,46.02,0.2293,0,5.461
india,g2_0517.tif,2589,138,0.508,50.8,0.318,0,5.928
india,g2_0517.tif,2590,157,0.578,57.8,0.2784,0,5.461
india,g2_0518.tif,2591,40,0.1473,14.73,0.1579,0,3.034
india,g2_0518.tif,2592,65,0.2393,23.93,0.1309,0,3.034
india,g2_0518.tif,2593,55,0.2025,20.25,0.1667,0,3.034
india,g2_0518.tif,2594,80,0.2945,29.45,0.1014,0,4.247
india,g2_0518.tif,2595,159,0.5853,58.53,0.0822,0,5.461
india,g2_0521.tif,2606,114,0.4197,41.97,0.09,0,4.82
india,g2_0521.tif,2607,153,0.5632,56.32,0.0854,0,5.461
india,g2_0521.tif,2608,159,0.5853,58.53,0.1496,0,5.461
india,g2_0521.tif,2609,143,0.5264,52.64,0.1029,0,4.247
india,g2_0521.tif,2610,80,0.2945,29.45,0.312,0,4.247
india,g2_0523.tif,2616,28,0.1031,10.31,0.24,0,2.107
india,g2_0523.tif,2617,30,0.1104,11.04,0.0364,0,2.825
india,g2_0523.tif,2618,31,0.1141,11.41,0.0325,0,2.825
india,g2_0523.tif,2619,41,0.1509,15.09,0.0562,0,3.034
india,g2_0523.tif,2620,28,0.1031,10.31,0.0278,0,2.107
india,g2_0556.tif,2781,119,0.4381,43.81,0.1074,0,5.461
india,g2_0556.tif,2782,47,0.173,17.3,0.0887,0,2.107
india,g2_0556.tif,2783,94,0.346,34.6,0.0586,0,3.231
india,g2_0556.tif,2784,155,0.5706,57.06,0.1315,0,5.581
india,g2_0556.tif,2785,159,0.5853,58.53,0.3024,0,7.068
india,g2_0559.tif,2796,232,0.8541,85.41,0.2237,0,7.974
india,g2_0559.tif,2797,445,1.6382,163.82,0.3668,0,10.247
india,g2_0559.tif,2798,669,2.4628,246.28,0.2695,0,10.581
india,g2_0559.tif,2799,196,0.7215,72.15,0.1442,0,6.674
india,g2_0559.tif,2800,357,1.3142,131.42,0.2498,0,10.382
india,g2_0563.tif,2816,65,0.2393,23.93,0.0445,0,3.034
india,g2_0563.tif,2817,51,0.1877,18.77,0.1972,0,3.034
india,g2_0563.tif,2818,38,0.1399,13.99,0.2171,0,2.825
india,g2_0563.tif,2819,17,0.0626,6.26,0.018,0,1.82
india,g2_0563.tif,2820,31,0.1141,11.41,0.0328,0,2.825
india,g2_0567.tif,2836,126,0.4638,46.38,0.223,0,5.461
india,g2_0567.tif,2837,177,0.6516,65.16,0.0439,0,7.068
india,g2_0567.tif,2838,136,0.5007,50.07,0.0398,0,5.461
india,g2_0567.tif,2839,128,0.4712,47.12,0.1152,0,4.542
india,g2_0567.tif,2840,151,0.5559,55.59,0.1653,0,6.469
india,g2_0575.tif,2876,660,2.4296,242.96,0.2949,0,12.463
india,g2_0575.tif,2877,708,2.6063,260.63,0.3026,0,12.741
india,g2_0575.tif,2878,643,2.3671,236.71,0.2696,0,12.519
india,g2_0575.tif,2879,385,1.4173,141.73,0.2757,0,8.871
india,g2_0575.tif,2880,668,2.4591,245.91,0.4266,0,13.229
india,g2_0576.tif,2881,121,0.4454,44.54,0.106,0,3.034
india,g2_0576.tif,2882,46,0.1693,16.93,0.0996,0,3.034
india,g2_0576.tif,2883,39,0.1436,14.36,0.1875,0,1.82
india,g2_0576.tif,2884,54,0.1988,19.88,0.1696,0,2.825
india,g2_0576.tif,2885,198,0.7289,72.89,0.2648,0,4.247
india,g2_0588.tif,2941,283,1.0418,104.18,0.0852,0,8.635
india,g2_0588.tif,2942,245,0.9019,90.19,0.0497,0,8.144
india,g2_0588.tif,2943,294,1.0823,108.23,0.097,0,4.542
india,g2_0588.tif,2944,252,0.9277,92.77,0.093,0,4.542
india,g2_0588.tif,2945,301,1.1081,110.81,0.1636,0,5.461
india,g2_0594.tif,2971,163,0.6,60.0,0.6667,1,6.674
india,g2_0594.tif,2972,243,0.8946,89.46,0.4596,0,4.247
india,g2_0594.tif,2973,241,0.8872,88.72,0.524,1,4.397
india,g2_0594.tif,2974,159,0.5853,58.53,0.2426,0,6.674
india,g2_0594.tif,2975,197,0.7252,72.52,0.4253,0,3.231
india,g2_0608.tif,3042,226,0.832,83.2,0.0872,0,7.888
india,g2_0608.tif,3043,96,0.3534,35.34,0.0523,0,3.768
india,g2_0608.tif,3044,163,0.6,60.0,0.096,0,6.469
india,g2_0608.tif,3045,237,0.8725,87.25,0.5143,1,7.888
india,g2_0608.tif,3046,147,0.5411,54.11,0.0867,0,4.82
india,g2_0611.tif,3057,106,0.3902,39.02,0.4286,0,3.231
india,g2_0611.tif,3058,127,0.4675,46.75,0.3116,0,3.768
india,g2_0611.tif,3059,130,0.4786,47.86,0.35,0,3.768
india,g2_0611.tif,3060,378,1.3915,139.15,0.2845,0,10.905
india,g2_0611.tif,3061,477,1.756,175.6,0.2717,0,6.469
india,g2_0617.tif,3087,141,0.5191,51.91,0.1088,0,5.461
india,g2_0617.tif,3088,84,0.3092,30.92,0.1307,0,3.768
india,g2_0617.tif,3089,137,0.5043,50.43,0.1031,0,6.258
india,g2_0617.tif,3090,93,0.3424,34.24,0.0467,0,3.768
india,g2_0617.tif,3091,93,0.3424,34.24,0.1953,0,4.397
india,g2_0631.tif,3157,25,0.092,9.2,0.0208,0,2.107
india,g2_0631.tif,3158,15,0.0552,5.52,0.0142,0,1.82
india,g2_0631.tif,3159,14,0.0515,5.15,0.0132,0,1.109
india,g2_0631.tif,3160,26,0.0957,9.57,0.0236,0,2.107
india,g2_0631.tif,3161,29,0.1068,10.68,0.0274,0,2.107
india,g2_0640.tif,3202,289,1.0639,106.39,0.3269,0,7.533
india,g2_0640.tif,3203,270,0.9939,99.39,0.2601,0,6.775
india,g2_0640.tif,3204,68,0.2503,25.03,0.2073,0,3.034
india,g2_0640.tif,3205,67,0.2466,24.66,0.265,0,3.034
india,g2_0640.tif,3206,120,0.4418,44.18,0.1518,0,3.231
india,g2_0648.tif,3242,1218,4.4838,448.38,0.2753,0,14.598
india,g2_0648.tif,3243,652,2.4002,240.02,0.2608,0,13.545
india,g2_0648.tif,3244,887,3.2653,326.53,0.1618,0,15.898
india,g2_0648.tif,3245,447,1.6455,164.55,0.303,0,9.177
india,g2_0648.tif,3246,450,1.6566,165.66,0.1619,0,9.177
india,g2_0667.tif,3337,44,0.162,16.2,0.1329,0,3.034
india,g2_0667.tif,3338,25,0.092,9.2,0.0253,0,1.82
india,g2_0667.tif,3339,35,0.1288,12.88,0.0581,0,3.034
india,g2_0667.tif,3340,37,0.1362,13.62,0.0634,0,2.825
india,g2_0667.tif,3341,48,0.1767,17.67,0.0694,0,4.247
india,g2_0671.tif,3357,320,1.178,117.8,0.3205,0,9.101
india,g2_0671.tif,3358,312,1.1486,114.86,0.0886,0,5.461
india,g2_0671.tif,3359,331,1.2185,121.85,0.2218,0,6.469
india,g2_0671.tif,3360,354,1.3032,130.32,0.3115,0,9.101
india,g2_0671.tif,3361,419,1.5425,154.25,0.2257,0,9.101
india,g2_0694.tif,3472,47,0.173,17.3,0.0417,0,2.825
india,g2_0694.tif,3473,34,0.1252,12.52,0.0408,0,1.82
india,g2_0694.tif,3474,44,0.162,16.2,0.0713,0,2.107
india,g2_0694.tif,3475,48,0.1767,17.67,0.057,0,2.107
india,g2_0694.tif,3476,64,0.2356,23.56,0.32,0,3.034
india,g2_0698.tif,3492,172,0.6332,63.32,0.5667,1,6.469
india,g2_0698.tif,3493,150,0.5522,55.22,0.0221,0,5.928
india,g2_0698.tif,3494,215,0.7915,79.15,0.0358,0,5.461
india,g2_0698.tif,3495,322,1.1854,118.54,0.0526,0,5.581
india,g2_0698.tif,3496,164,0.6037,60.37,0.1018,0,5.461
india,g2_0702.tif,3512,223,0.8209,82.09,0.1626,0,4.397
india,g2_0702.tif,3513,180,0.6626,66.26,0.3103,0,6.775
india,g2_0702.tif,3514,122,0.4491,44.91,0.222,0,4.397
india,g2_0702.tif,3515,286,1.0528,105.28,0.1827,0,7.888
india,g2_0702.tif,3516,92,0.3387,33.87,0.0783,0,4.82
india,g2_0714.tif,3572,71,0.2614,26.14,0.3238,0,3.768
india,g2_0714.tif,3573,203,0.7473,74.73,0.384,0,7.068
india,g2_0714.tif,3574,147,0.5411,54.11,0.2392,0,6.469
india,g2_0714.tif,3575,170,0.6258,62.58,0.3085,0,6.469
india,g2_0714.tif,3576,161,0.5927,59.27,0.1529,0,5.581
india,g2_0729.tif,3647,92,0.3387,33.87,0.1298,0,4.247
india,g2_0729.tif,3648,104,0.3829,38.29,0.4861,0,4.397
india,g2_0729.tif,3649,77,0.2835,28.35,0.0296,0,4.397
india,g2_0729.tif,3650,88,0.324,32.4,0.1413,0,4.397
india,g2_0729.tif,3651,114,0.4197,41.97,0.0464,0,5.461
india,g2_0733.tif,3667,144,0.5301,53.01,0.3301,0,6.674
india,g2_0733.tif,3668,159,0.5853,58.53,0.2161,0,5.581
india,g2_0733.tif,3669,126,0.4638,46.38,0.1289,0,4.247
india,g2_0733.tif,3670,151,0.5559,55.59,0.1387,0,3.768
india,g2_0733.tif,3671,154,0.5669,56.69,0.286,0,4.247
india,g2_0756.tif,3782,56,0.2062,20.62,0.0105,0,3.231
india,g2_0756.tif,3783,84,0.3092,30.92,0.1613,0,3.034
india,g2_0756.tif,3784,63,0.2319,23.19,0.1283,0,3.768
india,g2_0756.tif,3785,65,0.2393,23.93,0.118,0,2.825
india,g2_0756.tif,3786,89,0.3276,32.76,0.1746,0,3.768
india,g2_0769.tif,3847,238,0.8761,87.61,0.1231,0,8.227
india,g2_0769.tif,3848,85,0.3129,31.29,0.1313,0,4.247
india,g2_0769.tif,3849,243,0.8946,89.46,0.0896,0,7.888
india,g2_0769.tif,3850,232,0.8541,85.41,0.2608,0,6.674
india,g2_0769.tif,3851,217,0.7988,79.88,0.3146,0,6.674
india,g2_0782.tif,3912,46,0.1693,16.93,0.1236,0,3.034
india,g2_0782.tif,3913,38,0.1399,13.99,0.381,0,2.107
india,g2_0782.tif,3914,106,0.3902,39.02,0.3586,0,4.247
india,g2_0782.tif,3915,84,0.3092,30.92,0.1133,0,3.231
india,g2_0782.tif,3916,233,0.8577,85.77,0.4887,0,7.533
india,g2_0810.tif,4047,103,0.3792,37.92,0.0881,0,4.247
india,g2_0810.tif,4048,96,0.3534,35.34,0.4522,0,4.247
india,g2_0810.tif,4049,90,0.3313,33.13,0.0829,0,3.034
india,g2_0810.tif,4050,180,0.6626,66.26,0.2012,0,6.674
india,g2_0810.tif,4051,445,1.6382,163.82,0.4755,0,10.581
india,g2_0812.tif,4057,79,0.2908,29.08,0.2951,0,4.247
india,g2_0812.tif,4058,132,0.4859,48.59,0.2958,0,5.461
india,g2_0812.tif,4059,132,0.4859,48.59,0.1035,0,6.674
india,g2_0812.tif,4060,330,1.2148,121.48,0.3131,0,5.461
india,g2_0812.tif,4061,101,0.3718,37.18,0.3262,0,4.397
india,g2_0818.tif,4087,70,0.2577,25.77,0.0566,0,4.247
india,g2_0818.tif,4088,72,0.2651,26.51,0.0478,0,4.542
india,g2_0818.tif,4089,54,0.1988,19.88,0.0389,0,2.825
india,g2_0818.tif,4090,100,0.3681,36.81,0.2771,0,5.461
india,g2_0818.tif,4091,95,0.3497,34.97,0.1522,0,4.542
india,g2_0821.tif,4102,79,0.2908,29.08,0.0856,0,4.397
india,g2_0821.tif,4103,78,0.2871,28.71,0.4087,0,4.397
india,g2_0821.tif,4104,56,0.2062,20.62,0.3462,0,3.034
india,g2_0821.tif,4105,63,0.2319,23.19,0.1137,0,3.231
india,g2_0821.tif,4106,79,0.2908,29.08,0.181,0,4.247
india,g2_0831.tif,4152,591,2.1756,217.56,0.3248,0,11.528
india,g2_0831.tif,4153,886,3.2616,326.16,0.3244,0,15.674
india,g2_0831.tif,4154,420,1.5461,154.61,0.5632,1,10.581
india,g2_0831.tif,4155,245,0.9019,90.19,0.559,1,7.888
india,g2_0831.tif,4156,1303,4.7967,479.67,0.3157,0,19.147
india,g2_0847.tif,4232,333,1.2259,122.59,0.246,0,7.888
india,g2_0847.tif,4233,259,0.9535,95.35,0.2973,0,7.888
india,g2_0847.tif,4234,273,1.005,100.5,0.304,0,7.974
india,g2_0847.tif,4235,422,1.5535,155.35,0.3848,0,11.345
india,g2_0847.tif,4236,208,0.7657,76.57,0.5917,1,5.461
india,g2_0850.tif,4247,581,2.1388,213.88,0.2334,0,8.635
india,g2_0850.tif,4248,412,1.5167,151.67,0.5,1,9.101
india,g2_0850.tif,4249,198,0.7289,72.89,0.139,0,6.674
india,g2_0850.tif,4250,476,1.7523,175.23,0.3803,0,6.674
india,g2_0850.tif,4251,691,2.5438,254.38,0.251,0,13.955
india,g2_0851.tif,4252,53,0.1951,19.51,0.3571,0,3.231
india,g2_0851.tif,4253,54,0.1988,19.88,0.3165,0,2.107
india,g2_0851.tif,4254,51,0.1877,18.77,0.0279,0,2.107
india,g2_0851.tif,4255,53,0.1951,19.51,0.0351,0,2.107
india,g2_0851.tif,4256,58,0.2135,21.35,0.0278,0,2.825
india,g2_0855.tif,4272,183,0.6737,67.37,0.4946,0,5.461
india,g2_0855.tif,4273,375,1.3805,138.05,0.3897,0,10.315
india,g2_0855.tif,4274,299,1.1007,110.07,0.2264,0,6.674
india,g2_0855.tif,4275,87,0.3203,32.03,0.0652,0,5.461
india,g2_0855.tif,4276,181,0.6663,66.63,0.206,0,6.674
india,g2_0857.tif,4282,242,0.8909,89.09,0.0441,0,7.068
india,g2_0857.tif,4283,167,0.6148,61.48,0.3882,0,6.469
india,g2_0857.tif,4284,304,1.1191,111.91,0.0567,0,7.533
india,g2_0857.tif,4285,102,0.3755,37.55,0.3546,0,4.247
india,g2_0857.tif,4286,75,0.2761,27.61,0.0114,0,3.034
india,g2_0859.tif,4292,58,0.2135,21.35,0.4286,0,3.768
india,g2_0859.tif,4293,110,0.4049,40.49,0.507,1,3.768
india,g2_0859.tif,4294,212,0.7804,78.04,0.0605,0,6.674
india,g2_0859.tif,4295,41,0.1509,15.09,0.0409,0,3.034
india,g2_0859.tif,4296,204,0.751,75.1,0.1988,0,5.461
india,g2_0870.tif,4347,118,0.4344,43.44,0.2335,0,3.768
india,g2_0870.tif,4348,98,0.3608,36.08,0.0721,0,3.768
india,g2_0870.tif,4349,18,0.0663,6.63,0.0204,0,2.107
india,g2_0870.tif,4350,22,0.081,8.1,0.025,0,2.107
india,g2_0870.tif,4351,30,0.1104,11.04,0.0247,0,2.107
india,g2_0876.tif,4377,25,0.092,9.2,0.016,0,2.107
india,g2_0876.tif,4378,19,0.0699,6.99,0.0093,0,1.82
india,g2_0876.tif,4379,17,0.0626,6.26,0.3333,0,1.109
india,g2_0876.tif,4380,19,0.0699,6.99,0.0076,0,1.82
india,g2_0876.tif,4381,42,0.1546,15.46,0.1485,0,2.825
india,g2_0882.tif,4407,202,0.7436,74.36,0.2247,0,7.533
india,g2_0882.tif,4408,194,0.7142,71.42,0.2094,0,7.068
india,g2_0882.tif,4409,525,1.9327,193.27,0.3762,0,10.581
india,g2_0882.tif,4410,352,1.2958,129.58,0.6193,1,9.177
india,g2_0882.tif,4411,228,0.8393,83.93,0.2207,0,7.068
india,g2_0895.tif,4472,34,0.1252,12.52,0.0688,0,1.82
india,g2_0895.tif,4473,28,0.1031,10.31,0.1649,0,2.107
india,g2_0895.tif,4474,24,0.0884,8.84,0.1596,0,1.82
india,g2_0895.tif,4475,33,0.1215,12.15,0.2041,0,3.034
india,g2_0895.tif,4476,32,0.1178,11.78,0.3,0,3.034
india,g2_0897.tif,4482,29,0.1068,10.68,0.1636,0,2.107
india,g2_0897.tif,4483,21,0.0773,7.73,0.1667,0,1.82
india,g2_0897.tif,4484,10,0.0368,3.68,0.086,0,1.109
india,g2_0897.tif,4485,13,0.0479,4.79,0.0732,0,1.82
india,g2_0897.tif,4486,43,0.1583,15.83,0.2615,0,3.034
india,g2_0900.tif,4497,115,0.4233,42.33,0.1643,0,4.247
india,g2_0900.tif,4498,136,0.5007,50.07,0.2,0,4.247
india,g2_0900.tif,4499,99,0.3644,36.44,0.3028,0,3.034
india,g2_0900.tif,4500,224,0.8246,82.46,0.3361,0,6.674
india,g2_0900.tif,4501,152,0.5596,55.96,0.4272,0,4.542
india,g2_0901.tif,4502,81,0.2982,29.82,0.3016,0,4.82
india,g2_0901.tif,4503,116,0.427,42.7,0.3507,0,3.034
india,g2_0901.tif,4504,35,0.1288,12.88,0.187,0,1.82
india,g2_0901.tif,4505,114,0.4197,41.97,0.3084,0,5.581
india,g2_0901.tif,4506,157,0.578,57.8,0.1611,0,5.461
india,g2_0914.tif,4567,106,0.3902,39.02,0.1468,0,4.247
india,g2_0914.tif,4568,32,0.1178,11.78,0.1582,0,1.82
india,g2_0914.tif,4569,89,0.3276,32.76,0.1547,0,4.247
india,g2_0914.tif,4570,32,0.1178,11.78,0.1264,0,1.82
india,g2_0914.tif,4571,53,0.1951,19.51,0.0126,0,3.034
india,g2_0924.tif,4617,547,2.0137,201.37,0.3021,0,11.345
india,g2_0924.tif,4618,232,0.8541,85.41,0.3836,0,7.068
india,g2_0924.tif,4619,141,0.5191,51.91,0.0875,0,4.247
india,g2_0924.tif,4620,228,0.8393,83.93,0.2847,0,6.674
india,g2_0924.tif,4621,962,3.5414,354.14,0.2249,0,11.768
india,g2_0942.tif,4707,15,0.0552,5.52,0.0326,0,1.82
india,g2_0942.tif,4708,8,0.0295,2.95,0.0219,0,1.109
india,g2_0942.tif,4709,9,0.0331,3.31,0.0072,0,1.82
india,g2_0942.tif,4710,17,0.0626,6.26,0.0154,0,1.82
india,g2_0942.tif,4711,16,0.0589,5.89,0.0242,0,1.82
india,g2_0947.tif,4732,53,0.1951,19.51,0.1771,0,3.768
india,g2_0947.tif,4733,39,0.1436,14.36,0.1277,0,3.034
india,g2_0947.tif,4734,22,0.081,8.1,0.1143,0,1.82
india,g2_0947.tif,4735,38,0.1399,13.99,0.1105,0,3.034
india,g2_0947.tif,4736,55,0.2025,20.25,0.0954,0,3.768
india,g2_0949.tif,4742,170,0.6258,62.58,0.0994,0,7.068
india,g2_0949.tif,4743,126,0.4638,46.38,0.2428,0,5.461
india,g2_0949.tif,4744,188,0.6921,69.21,0.209,0,6.674
india,g2_0949.tif,4745,120,0.4418,44.18,0.2467,0,4.82
india,g2_0949.tif,4746,158,0.5816,58.16,0.1079,0,6.674
india,g2_0953.tif,4762,72,0.2651,26.51,0.1514,0,4.247
india,g2_0953.tif,4763,103,0.3792,37.92,0.0849,0,5.461
india,g2_0953.tif,4764,38,0.1399,13.99,0.1128,0,3.034
india,g2_0953.tif,4765,73,0.2687,26.87,0.1831,0,4.247
india,g2_0953.tif,4766,110,0.4049,40.49,0.4269,0,4.542
india,g2_0971.tif,4852,200,0.7363,73.63,0.2207,0,4.247
india,g2_0971.tif,4853,136,0.5007,50.07,0.5575,1,4.247
india,g2_0971.tif,4854,144,0.5301,53.01,0.5535,1,5.461
india,g2_0971.tif,4855,364,1.34,134.0,0.1284,0,7.888
india,g2_0971.tif,4856,260,0.9571,95.71,0.2906,0,7.888
india,g2_0976.tif,4877,264,0.9719,97.19,0.4604,0,7.888
india,g2_0976.tif,4878,223,0.8209,82.09,0.4304,0,6.775
india,g2_0976.tif,4879,118,0.4344,43.44,0.1442,0,4.82
india,g2_0976.tif,4880,120,0.4418,44.18,0.0829,0,5.461
india,g2_0976.tif,4881,83,0.3055,30.55,0.1491,0,3.231
india,g2_0995.tif,4972,51,0.1877,18.77,0.6081,1,3.034
india,g2_0995.tif,4973,62,0.2282,22.82,0.0686,0,3.231
india,g2_0995.tif,4974,26,0.0957,9.57,0.02,0,3.034
india,g2_0995.tif,4975,29,0.1068,10.68,0.0199,0,3.034
india,g2_0995.tif,4976,23,0.0847,8.47,0.0868,0,2.107
india,g2_1001.tif,5002,55,0.2025,20.25,0.2296,0,2.825
india,g2_1001.tif,5003,42,0.1546,15.46,0.2143,0,2.107
india,g2_1001.tif,5004,57,0.2098,20.98,0.0454,0,3.768
india,g2_1001.tif,5005,51,0.1877,18.77,0.2656,0,2.825
india,g2_1001.tif,5006,55,0.2025,20.25,0.6471,1,3.034
india,g2_1016.tif,5077,130,0.4786,47.86,0.3096,0,5.461
india,g2_1016.tif,5078,31,0.1141,11.41,0.0905,0,2.107
india,g2_1016.tif,5079,30,0.1104,11.04,0.1321,0,1.82
india,g2_1016.tif,5080,144,0.5301,53.01,0.5419,1,4.542
india,g2_1016.tif,5081,167,0.6148,61.48,0.6279,1,5.928
india,g2_1017.tif,5082,81,0.2982,29.82,0.4554,0,3.768
india,g2_1017.tif,5083,72,0.2651,26.51,0.125,0,3.231
india,g2_1017.tif,5084,144,0.5301,53.01,0.2751,0,5.928
india,g2_1017.tif,5085,61,0.2246,22.46,0.2376,0,3.034
india,g2_1017.tif,5086,153,0.5632,56.32,0.3935,0,5.928
india,g2_1022.tif,5107,267,0.9829,98.29,0.5353,1,9.177
india,g2_1022.tif,5108,189,0.6958,69.58,0.5026,1,5.461
india,g2_1022.tif,5109,220,0.8099,80.99,0.4409,0,7.533
india,g2_1022.tif,5110,95,0.3497,34.97,0.125,0,3.768
india,g2_1022.tif,5111,104,0.3829,38.29,0.1425,0,3.768
india,g2_1030.tif,5147,74,0.2724,27.24,0.0454,0,3.231
india,g2_1030.tif,5148,58,0.2135,21.35,0.0364,0,2.825
india,g2_1030.tif,5149,52,0.1914,19.14,0.205,0,2.825
india,g2_1030.tif,5150,51,0.1877,18.77,0.184,0,3.034
india,g2_1030.tif,5151,92,0.3387,33.87,0.4842,0,4.82
india,g2_1043.tif,5212,126,0.4638,46.38,0.2396,0,5.928
india,g2_1043.tif,5213,120,0.4418,44.18,0.3453,0,5.581
india,g2_1043.tif,5214,119,0.4381,43.81,0.6692,1,5.461
india,g2_1043.tif,5215,138,0.508,50.8,0.3896,0,5.928
india,g2_1043.tif,5216,129,0.4749,47.49,0.2197,0,5.581
india,g2_1053.tif,5262,169,0.6221,62.21,0.5314,1,7.163
india,g2_1053.tif,5263,176,0.6479,64.79,0.0827,0,3.768
india,g2_1053.tif,5264,157,0.578,57.8,0.2396,0,5.928
india,g2_1053.tif,5265,127,0.4675,46.75,0.5918,1,3.768
india,g2_1053.tif,5266,176,0.6479,64.79,0.1908,0,3.231
india,g2_1056.tif,5277,48,0.1767,17.67,0.0504,0,3.231
india,g2_1056.tif,5278,13,0.0479,4.79,0.0566,0,1.82
india,g2_1056.tif,5279,21,0.0773,7.73,0.1355,0,1.82
india,g2_1056.tif,5280,27,0.0994,9.94,0.0338,0,2.107
india,g2_1056.tif,5281,28,0.1031,10.31,0.1806,0,1.82
india,g2_1060.tif,5297,62,0.2282,22.82,0.0681,0,4.247
india,g2_1060.tif,5298,64,0.2356,23.56,0.0539,0,3.231
india,g2_1060.tif,5299,94,0.346,34.6,0.1243,0,4.247
india,g2_1060.tif,5300,63,0.2319,23.19,0.3784,0,3.231
india,g2_1060.tif,5301,79,0.2908,29.08,0.2662,0,4.397
india,g2_1062.tif,5307,761,2.8015,280.15,0.5228,1,14.056
india,g2_1062.tif,5308,569,2.0946,209.46,0.6281,1,11.528
india,g2_1062.tif,5309,716,2.6358,263.58,0.6298,1,12.741
india,g2_1062.tif,5310,98,0.3608,36.08,0.3517,0,3.231
india,g2_1062.tif,5311,484,1.7817,178.17,0.6384,1,10.247
india,g2_1073.tif,5362,76,0.2798,27.98,0.1496,0,4.397
india,g2_1073.tif,5363,61,0.2246,22.46,0.2414,0,3.768
india,g2_1073.tif,5364,77,0.2835,28.35,0.1806,0,4.247
india,g2_1073.tif,5365,67,0.2466,24.66,0.0808,0,3.231
india,g2_1073.tif,5366,79,0.2908,29.08,0.1182,0,4.397
india,g2_1090.tif,5447,437,1.6087,160.87,0.2188,0,5.928
india,g2_1090.tif,5448,298,1.097,109.7,0.1646,0,4.82
india,g2_1090.tif,5449,272,1.0013,100.13,0.1531,0,4.397
india,g2_1090.tif,5450,534,1.9658,196.58,0.3033,0,9.761
india,g2_1090.tif,5451,476,1.7523,175.23,0.4765,0,11.345
india,g2_1092.tif,5457,46,0.1693,16.93,0.4151,0,3.231
india,g2_1092.tif,5458,65,0.2393,23.93,0.2547,0,4.247
india,g2_1092.tif,5459,55,0.2025,20.25,0.0604,0,3.231
india,g2_1092.tif,5460,59,0.2172,21.72,0.25,0,3.768
india,g2_1092.tif,5461,65,0.2393,23.93,0.1616,0,3.768
india,g2_1111.tif,5552,69,0.254,25.4,0.0657,0,4.542
india,g2_1111.tif,5553,74,0.2724,27.24,0.0633,0,4.397
india,g2_1111.tif,5554,108,0.3976,39.76,0.0401,0,5.461
india,g2_1111.tif,5555,160,0.589,58.9,0.0567,0,5.928
india,g2_1111.tif,5556,115,0.4233,42.33,0.0526,0,3.231
india,g2_1120.tif,5597,150,0.5522,55.22,0.7083,1,5.461
india,g2_1120.tif,5598,326,1.2001,120.01,0.3045,0,9.101
india,g2_1120.tif,5599,94,0.346,34.6,0.0965,0,4.247
india,g2_1120.tif,5600,65,0.2393,23.93,0.1586,0,3.034
india,g2_1120.tif,5601,67,0.2466,24.66,0.1545,0,3.034
india,g2_1145.tif,5722,57,0.2098,20.98,0.36,0,3.768
india,g2_1145.tif,5723,46,0.1693,16.93,0.4789,0,2.825
india,g2_1145.tif,5724,59,0.2172,21.72,0.3881,0,3.768
india,g2_1145.tif,5725,83,0.3055,30.55,0.1583,0,3.768
india,g2_1145.tif,5726,56,0.2062,20.62,0.0752,0,3.768
india,g2_1148.tif,5737,324,1.1927,119.27,0.6221,1,9.177
india,g2_1148.tif,5738,393,1.4467,144.67,0.6793,1,8.635
india,g2_1148.tif,5739,350,1.2884,128.84,0.4758,0,10.315
india,g2_1148.tif,5740,312,1.1486,114.86,0.5198,1,6.674
india,g2_1148.tif,5741,289,1.0639,106.39,0.3104,0,4.397
india,g2_1149.tif,5742,32,0.1178,11.78,0.0589,0,2.825
india,g2_1149.tif,5743,39,0.1436,14.36,0.0603,0,3.231
india,g2_1149.tif,5744,33,0.1215,12.15,0.0655,0,2.825
india,g2_1149.tif,5745,25,0.092,9.2,0.0531,0,2.107
india,g2_1149.tif,5746,34,0.1252,12.52,0.0499,0,3.034
india,g2_1154.tif,5767,12,0.0442,4.42,0.0158,0,1.82
india,g2_1154.tif,5768,18,0.0663,6.63,0.0223,0,1.82
india,g2_1154.tif,5769,24,0.0884,8.84,0.0261,0,1.82
india,g2_1154.tif,5770,23,0.0847,8.47,0.0302,0,1.82
india,g2_1154.tif,5771,22,0.081,8.1,0.0289,0,1.82
india,g2_1175.tif,5872,370,1.3621,136.21,0.4531,0,10.315
india,g2_1175.tif,5873,431,1.5866,158.66,0.2297,0,11.528
india,g2_1175.tif,5874,78,0.2871,28.71,0.0558,0,4.247
india,g2_1175.tif,5875,249,0.9166,91.66,0.0915,0,4.397
india,g2_1175.tif,5876,277,1.0197,101.97,0.2089,0,9.101
india,g2_1178.tif,5887,285,1.0492,104.92,0.3224,0,7.888
india,g2_1178.tif,5888,151,0.5559,55.59,0.1875,0,3.231
india,g2_1178.tif,5889,168,0.6185,61.85,0.0471,0,3.768
india,g2_1178.tif,5890,76,0.2798,27.98,0.0502,0,3.768
india,g2_1178.tif,5891,98,0.3608,36.08,0.0239,0,4.247
india,g2_1197.tif,5982,48,0.1767,17.67,0.1356,0,3.231
india,g2_1197.tif,5983,48,0.1767,17.67,0.1321,0,3.231
india,g2_1197.tif,5984,91,0.335,33.5,0.24,0,3.034
india,g2_1197.tif,5985,64,0.2356,23.56,0.0601,0,3.768
india,g2_1197.tif,5986,35,0.1288,12.88,0.4043,0,2.825
india,g2_1198.tif,5987,37,0.1362,13.62,0.0487,0,2.107
india,g2_1198.tif,5988,43,0.1583,15.83,0.0498,0,2.825
india,g2_1198.tif,5989,48,0.1767,17.67,0.0368,0,2.825
india,g2_1198.tif,5990,96,0.3534,35.34,0.161,0,4.397
india,g2_1198.tif,5991,40,0.1473,14.73,0.056,0,2.825
india,g2_1201.tif,6002,39,0.1436,14.36,0.1355,0,3.034
india,g2_1201.tif,6003,35,0.1288,12.88,0.1701,0,3.034
india,g2_1201.tif,6004,60,0.2209,22.09,0.3776,0,3.231
india,g2_1201.tif,6005,106,0.3902,39.02,0.2789,0,5.461
india,g2_1201.tif,6006,38,0.1399,13.99,0.25,0,3.034
india,g2_1206.tif,6027,125,0.4602,46.02,0.32,0,5.461
india,g2_1206.tif,6028,49,0.1804,18.04,0.0754,0,3.231
india,g2_1206.tif,6029,79,0.2908,29.08,0.4148,0,4.542
india,g2_1206.tif,6030,69,0.254,25.4,0.0621,0,2.825
india,g2_1206.tif,6031,131,0.4822,48.22,0.299,0,3.768
india,g2_1207.tif,6032,96,0.3534,35.34,0.1319,0,4.247
india,g2_1207.tif,6033,112,0.4123,41.23,0.5088,1,4.247
india,g2_1207.tif,6034,297,1.0933,109.33,0.2963,0,10.315
india,g2_1207.tif,6035,309,1.1375,113.75,0.3364,0,9.101
india,g2_1207.tif,6036,338,1.2443,124.43,0.4608,0,10.315
india,g2_1211.tif,6052,185,0.681,68.1,0.1304,0,6.469
india,g2_1211.tif,6053,305,1.1228,112.28,0.2084,0,8.227
india,g2_1211.tif,6054,145,0.5338,53.38,0.2332,0,6.469
india,g2_1211.tif,6055,77,0.2835,28.35,0.1708,0,4.247
india,g2_1211.tif,6056,282,1.0381,103.81,0.284,0,7.888
india,g2_1217.tif,6082,237,0.8725,87.25,0.3333,0,4.247
india,g2_1217.tif,6083,244,0.8982,89.82,0.4567,0,4.247
india,g2_1217.tif,6084,93,0.3424,34.24,0.1861,0,1.82
india,g2_1217.tif,6085,271,0.9976,99.76,0.4953,0,6.469
india,g2_1217.tif,6086,269,0.9903,99.03,0.6387,1,5.581
india,g2_1233.tif,6162,378,1.3915,139.15,0.2662,0,7.974
india,g2_1233.tif,6163,101,0.3718,37.18,0.1957,0,4.247
india,g2_1233.tif,6164,166,0.6111,61.11,0.2922,0,4.397
india,g2_1233.tif,6165,309,1.1375,113.75,0.1952,0,7.888
india,g2_1233.tif,6166,400,1.4725,147.25,0.2703,0,7.888
india,g2_1241.tif,6202,138,0.508,50.8,0.2013,0,4.397
india,g2_1241.tif,6203,148,0.5448,54.48,0.319,0,5.461
india,g2_1241.tif,6204,79,0.2908,29.08,0.2563,0,4.247
india,g2_1241.tif,6205,122,0.4491,44.91,0.0685,0,3.231
india,g2_1241.tif,6206,81,0.2982,29.82,0.0507,0,4.397
india,g2_1252.tif,6257,112,0.4123,41.23,0.1297,0,5.461
india,g2_1252.tif,6258,147,0.5411,54.11,0.5067,1,4.397
india,g2_1252.tif,6259,79,0.2908,29.08,0.5696,1,3.231
india,g2_1252.tif,6260,51,0.1877,18.77,0.0822,0,3.231
india,g2_1252.tif,6261,70,0.2577,25.77,0.0563,0,3.231
india,g2_1264.tif,6317,44,0.162,16.2,0.0428,0,3.034
india,g2_1264.tif,6318,31,0.1141,11.41,0.219,0,1.82
india,g2_1264.tif,6319,79,0.2908,29.08,0.1646,0,2.107
india,g2_1264.tif,6320,68,0.2503,25.03,0.1348,0,1.82
india,g2_1264.tif,6321,67,0.2466,24.66,0.0871,0,1.82
india,g2_1265.tif,6322,118,0.4344,43.44,0.4141,0,6.258
india,g2_1265.tif,6323,74,0.2724,27.24,0.0693,0,3.768
india,g2_1265.tif,6324,169,0.6221,62.21,0.0568,0,5.928
india,g2_1265.tif,6325,99,0.3644,36.44,0.2708,0,5.461
india,g2_1265.tif,6326,131,0.4822,48.22,0.4504,0,6.258
india,g2_1268.tif,6337,107,0.3939,39.39,0.6574,1,4.82
india,g2_1268.tif,6338,110,0.4049,40.49,0.3455,0,4.397
india,g2_1268.tif,6339,131,0.4822,48.22,0.1145,0,5.461
india,g2_1268.tif,6340,112,0.4123,41.23,0.3812,0,4.397
india,g2_1268.tif,6341,97,0.3571,35.71,0.2571,0,3.768
india,g2_1274.tif,6367,737,2.7131,271.31,0.1789,0,14.206
india,g2_1274.tif,6368,88,0.324,32.4,0.0715,0,4.397
india,g2_1274.tif,6369,564,2.0762,207.62,0.2863,0,10.315
india,g2_1274.tif,6370,988,3.6371,363.71,0.3639,0,17.595
india,g2_1274.tif,6371,492,1.8112,181.12,0.4015,0,11.406
india,g2_1287.tif,6432,158,0.5816,58.16,0.2906,0,4.397
india,g2_1287.tif,6433,318,1.1706,117.06,0.2476,0,9.69
india,g2_1287.tif,6434,53,0.1951,19.51,0.0684,0,3.768
india,g2_1287.tif,6435,167,0.6148,61.48,0.6897,1,5.461
india,g2_1287.tif,6436,398,1.4651,146.51,0.537,1,9.177
india,g2_1290.tif,6447,143,0.5264,52.64,0.0333,0,5.928
india,g2_1290.tif,6448,481,1.7707,177.07,0.0796,0,10.247
india,g2_1290.tif,6449,248,0.913,91.3,0.6124,1,8.227
india,g2_1290.tif,6450,599,2.2051,220.51,0.7802,1,9.4
india,g2_1290.tif,6451,1357,4.9955,499.55,0.2424,0,20.022
india,g2_1293.tif,6462,163,0.6,60.0,0.3103,0,6.775
india,g2_1293.tif,6463,163,0.6,60.0,0.4016,0,6.674
india,g2_1293.tif,6464,91,0.335,33.5,0.3415,0,4.397
india,g2_1293.tif,6465,172,0.6332,63.32,0.4322,0,6.775
india,g2_1293.tif,6466,85,0.3129,31.29,0.6706,1,4.397
india,g2_1299.tif,6492,255,0.9387,93.87,0.4114,0,7.533
india,g2_1299.tif,6493,84,0.3092,30.92,0.3571,0,4.247
india,g2_1299.tif,6494,64,0.2356,23.56,0.3604,0,3.231
india,g2_1299.tif,6495,536,1.9732,197.32,0.3862,0,10.841
india,g2_1299.tif,6496,115,0.4233,42.33,0.2494,0,5.928
india,g2_1300.tif,6497,14,0.0515,5.15,0.0104,0,1.82
india,g2_1300.tif,6498,15,0.0552,5.52,0.0104,0,1.82
india,g2_1300.tif,6499,26,0.0957,9.57,0.038,0,1.82
india,g2_1300.tif,6500,23,0.0847,8.47,0.0171,0,1.82
india,g2_1300.tif,6501,25,0.092,9.2,0.0156,0,1.82
india,g2_1305.tif,6522,417,1.5351,153.51,0.2102,0,9.177
india,g2_1305.tif,6523,825,3.0371,303.71,0.6242,1,13.597
india,g2_1305.tif,6524,86,0.3166,31.66,0.3512,0,4.247
india,g2_1305.tif,6525,240,0.8835,88.35,0.0854,0,5.581
india,g2_1305.tif,6526,96,0.3534,35.34,0.1096,0,4.542
india,g2_1307.tif,6532,265,0.9755,97.55,0.2904,0,6.775
india,g2_1307.tif,6533,136,0.5007,50.07,0.3364,0,5.461
india,g2_1307.tif,6534,74,0.2724,27.24,0.3902,0,3.231
india,g2_1307.tif,6535,81,0.2982,29.82,0.4947,0,4.247
india,g2_1307.tif,6536,260,0.9571,95.71,0.235,0,5.928
india,g2_1309.tif,6542,142,0.5227,52.27,0.1281,0,5.461
india,g2_1309.tif,6543,64,0.2356,23.56,0.0552,0,3.231
india,g2_1309.tif,6544,248,0.913,91.3,0.2483,0,6.469
india,g2_1309.tif,6545,163,0.6,60.0,0.1651,0,6.469
india,g2_1309.tif,6546,414,1.5241,152.41,0.4396,0,11.345
india,g2_1310.tif,6547,17,0.0626,6.26,0.0014,0,1.82
india,g2_1310.tif,6548,17,0.0626,6.26,0.0024,0,1.82
india,g2_1310.tif,6549,17,0.0626,6.26,0.0016,0,1.82
india,g2_1310.tif,6550,17,0.0626,6.26,0.0024,0,1.82
india,g2_1310.tif,6551,20,0.0736,7.36,0.0027,0,1.82
india,g2_1321.tif,6602,274,1.0087,100.87,0.2421,0,6.674
india,g2_1321.tif,6603,368,1.3547,135.47,0.1901,0,9.4
india,g2_1321.tif,6604,423,1.5572,155.72,0.5035,1,9.101
india,g2_1321.tif,6605,262,0.9645,96.45,0.3951,0,9.101
india,g2_1321.tif,6606,361,1.3289,132.89,0.3046,0,8.227
india,g2_1330.tif,6647,39,0.1436,14.36,0.0437,0,2.825
india,g2_1330.tif,6648,72,0.2651,26.51,0.0999,0,4.247
india,g2_1330.tif,6649,67,0.2466,24.66,0.069,0,3.768
india,g2_1330.tif,6650,106,0.3902,39.02,0.0721,0,4.82
india,g2_1330.tif,6651,96,0.3534,35.34,0.0983,0,4.82
india,g2_1340.tif,6697,102,0.3755,37.55,0.0374,0,5.461
india,g2_1340.tif,6698,314,1.1559,115.59,0.4381,0,5.928
india,g2_1340.tif,6699,181,0.6663,66.63,0.6732,1,7.068
india,g2_1340.tif,6700,119,0.4381,43.81,0.563,1,5.461
india,g2_1340.tif,6701,255,0.9387,93.87,0.7558,1,7.888
india,g2_1346.tif,6727,254,0.935,93.5,0.4873,0,7.533
india,g2_1346.tif,6728,457,1.6823,168.23,0.637,1,7.533
india,g2_1346.tif,6729,462,1.7008,170.08,0.4438,0,11.887
india,g2_1346.tif,6730,310,1.1412,114.12,0.296,0,9.761
india,g2_1346.tif,6731,582,2.1425,214.25,0.4144,0,11.345
india,g2_1348.tif,6737,88,0.324,32.4,0.1661,0,3.231
india,g2_1348.tif,6738,85,0.3129,31.29,0.2424,0,4.247
india,g2_1348.tif,6739,83,0.3055,30.55,0.236,0,4.247
india,g2_1348.tif,6740,76,0.2798,27.98,0.3667,0,4.247
india,g2_1348.tif,6741,69,0.254,25.4,0.1915,0,3.768
india,g2_1352.tif,6757,222,0.8172,81.72,0.5292,1,6.469
india,g2_1352.tif,6758,221,0.8136,81.36,0.2494,0,6.469
india,g2_1352.tif,6759,224,0.8246,82.46,0.1745,0,6.469
india,g2_1352.tif,6760,228,0.8393,83.93,0.1536,0,7.974
india,g2_1352.tif,6761,40,0.1473,14.73,0.0943,0,3.231
india,g2_1364.tif,6817,89,0.3276,32.76,0.125,0,4.82
india,g2_1364.tif,6818,40,0.1473,14.73,0.0468,0,2.107
india,g2_1364.tif,6819,45,0.1657,16.57,0.0449,0,2.825
india,g2_1364.tif,6820,36,0.1325,13.25,0.1013,0,3.034
india,g2_1364.tif,6821,71,0.2614,26.14,0.1713,0,4.397
india,g2_1368.tif,6837,49,0.1804,18.04,0.0239,0,2.825
india,g2_1368.tif,6838,67,0.2466,24.66,0.0198,0,2.107
india,g2_1368.tif,6839,69,0.254,25.4,0.0281,0,2.107
india,g2_1368.tif,6840,88,0.324,32.4,0.024,0,2.107
india,g2_1368.tif,6841,68,0.2503,25.03,0.3918,0,2.107
india,g2_1374.tif,6867,40,0.1473,14.73,0.0391,0,3.034
india,g2_1374.tif,6868,38,0.1399,13.99,0.0434,0,3.034
india,g2_1374.tif,6869,41,0.1509,15.09,0.0475,0,2.825
india,g2_1374.tif,6870,36,0.1325,13.25,0.0435,0,3.034
india,g2_1374.tif,6871,53,0.1951,19.51,0.0541,0,3.034
india,g2_1376.tif,6877,184,0.6774,67.74,0.1008,0,3.768
india,g2_1376.tif,6878,284,1.0455,104.55,0.2012,0,6.775
india,g2_1376.tif,6879,380,1.3989,139.89,0.169,0,7.068
india,g2_1376.tif,6880,192,0.7068,70.68,0.1941,0,5.928
india,g2_1376.tif,6881,469,1.7265,172.65,0.4534,0,10.841
india,g2_1380.tif,6897,130,0.4786,47.86,0.3885,0,6.258
india,g2_1380.tif,6898,127,0.4675,46.75,0.0791,0,5.581
india,g2_1380.tif,6899,129,0.4749,47.49,0.1116,0,6.469
india,g2_1380.tif,6900,119,0.4381,43.81,0.4252,0,5.461
india,g2_1380.tif,6901,128,0.4712,47.12,0.3476,0,6.469
india,g2_1384.tif,6917,642,2.3634,236.34,0.3071,0,15.168
india,g2_1384.tif,6918,64,0.2356,23.56,0.0619,0,3.034
india,g2_1384.tif,6919,588,2.1646,216.46,0.479,0,9.177
india,g2_1384.tif,6920,510,1.8775,187.75,0.3365,0,11.528
india,g2_1384.tif,6921,577,2.1241,212.41,0.2911,0,10.315
india,g2_1386.tif,6927,194,0.7142,71.42,0.1689,0,4.82
india,g2_1386.tif,6928,140,0.5154,51.54,0.3946,0,4.542
india,g2_1386.tif,6929,120,0.4418,44.18,0.1953,0,4.542
india,g2_1386.tif,6930,148,0.5448,54.48,0.6067,1,5.461
india,g2_1386.tif,6931,189,0.6958,69.58,0.2755,0,5.581
india,g2_1393.tif,6962,103,0.3792,37.92,0.1661,0,4.82
india,g2_1393.tif,6963,115,0.4233,42.33,0.1469,0,4.82
india,g2_1393.tif,6964,71,0.2614,26.14,0.299,0,3.231
india,g2_1393.tif,6965,86,0.3166,31.66,0.0062,0,3.768
india,g2_1393.tif,6966,166,0.6111,61.11,0.0242,0,5.928
india,g2_1395.tif,6972,27,0.0994,9.94,0.0117,0,1.82
india,g2_1395.tif,6973,28,0.1031,10.31,0.011,0,2.825
india,g2_1395.tif,6974,79,0.2908,29.08,0.0541,0,4.247
india,g2_1395.tif,6975,32,0.1178,11.78,0.0208,0,2.825
india,g2_1395.tif,6976,46,0.1693,16.93,0.0319,0,2.107
india,g2_1398.tif,6987,417,1.5351,153.51,0.4079,0,10.247
india,g2_1398.tif,6988,503,1.8517,185.17,0.0887,0,7.888
india,g2_1398.tif,6989,521,1.9179,191.79,0.0704,0,9.101
india,g2_1398.tif,6990,207,0.762,76.2,0.2812,0,5.581
india,g2_1398.tif,6991,1397,5.1427,514.27,0.5755,1,16.768
india,g2_1398.tif,6992,420,1.5461,154.61,0.4423,0,10.247
india,g2_1404.tif,7018,87,0.3203,32.03,0.061,0,3.768
india,g2_1404.tif,7019,112,0.4123,41.23,0.4906,0,4.82
india,g2_1404.tif,7020,98,0.3608,36.08,0.4741,0,4.247
india,g2_1404.tif,7021,88,0.324,32.4,0.6415,1,4.247
india,g2_1404.tif,7022,88,0.324,32.4,0.0448,0,3.768
india,g2_1418.tif,7088,144,0.5301,53.01,0.1505,0,5.928
india,g2_1418.tif,7089,103,0.3792,37.92,0.1297,0,5.461
india,g2_1418.tif,7090,43,0.1583,15.83,0.2667,0,3.034
india,g2_1418.tif,7091,90,0.3313,33.13,0.1032,0,4.397
india,g2_1418.tif,7092,78,0.2871,28.71,0.369,0,4.542
india,g2_1433.tif,7163,94,0.346,34.6,0.0896,0,3.034
india,g2_1433.tif,7164,97,0.3571,35.71,0.093,0,3.231
india,g2_1433.tif,7165,96,0.3534,35.34,0.1423,0,4.247
india,g2_1433.tif,7166,75,0.2761,27.61,0.119,0,3.034
india,g2_1433.tif,7167,142,0.5227,52.27,0.1693,0,4.247
india,g2_1439.tif,7193,83,0.3055,30.55,0.179,0,4.542
india,g2_1439.tif,7194,62,0.2282,22.82,0.0089,0,3.768
india,g2_1439.tif,7195,78,0.2871,28.71,0.0159,0,3.768
india,g2_1439.tif,7196,50,0.1841,18.41,0.0183,0,3.231
india,g2_1439.tif,7197,72,0.2651,26.51,0.027,0,3.231
india,g2_1451.tif,7253,116,0.427,42.7,0.4194,0,4.397
india,g2_1451.tif,7254,111,0.4086,40.86,0.3704,0,4.542
india,g2_1451.tif,7255,55,0.2025,20.25,0.1291,0,3.034
india,g2_1451.tif,7256,131,0.4822,48.22,0.295,0,5.928
india,g2_1451.tif,7257,154,0.5669,56.69,0.3538,0,6.674
india,g2_1467.tif,7333,62,0.2282,22.82,0.2222,0,3.231
india,g2_1467.tif,7334,61,0.2246,22.46,0.1498,0,3.768
india,g2_1467.tif,7335,161,0.5927,59.27,0.3799,0,4.397
india,g2_1467.tif,7336,111,0.4086,40.86,0.0749,0,4.397
india,g2_1467.tif,7337,74,0.2724,27.24,0.0717,0,4.397
india,g2_1471.tif,7353,42,0.1546,15.46,0.0374,0,3.034
india,g2_1471.tif,7354,47,0.173,17.3,0.046,0,3.768
india,g2_1471.tif,7355,48,0.1767,17.67,0.0575,0,3.034
india,g2_1471.tif,7356,38,0.1399,13.99,0.0452,0,3.034
india,g2_1471.tif,7357,43,0.1583,15.83,0.0437,0,3.034
india,g2_1474.tif,7368,62,0.2282,22.82,0.2222,0,3.768
india,g2_1474.tif,7369,65,0.2393,23.93,0.1722,0,4.247
india,g2_1474.tif,7370,61,0.2246,22.46,0.1132,0,3.231
india,g2_1474.tif,7371,45,0.1657,16.57,0.187,0,2.825
india,g2_1474.tif,7372,58,0.2135,21.35,0.0277,0,3.231
india,g2_1475.tif,7373,314,1.1559,115.59,0.1494,0,6.775
india,g2_1475.tif,7374,301,1.1081,110.81,0.5488,1,6.674
india,g2_1475.tif,7375,424,1.5609,156.09,0.2476,0,6.674
india,g2_1475.tif,7376,427,1.5719,157.19,0.267,0,6.775
india,g2_1475.tif,7377,312,1.1486,114.86,0.2758,0,7.068
india,g2_1478.tif,7388,87,0.3203,32.03,0.0744,0,4.82
india,g2_1478.tif,7389,70,0.2577,25.77,0.2865,0,3.768
india,g2_1478.tif,7390,35,0.1288,12.88,0.08,0,2.825
india,g2_1478.tif,7391,59,0.2172,21.72,0.0329,0,3.768
india,g2_1478.tif,7392,24,0.0884,8.84,0.1163,0,2.107
india,g2_1488.tif,7438,103,0.3792,37.92,0.1661,0,5.461
india,g2_1488.tif,7439,98,0.3608,36.08,0.0808,0,5.461
india,g2_1488.tif,7440,176,0.6479,64.79,0.0538,0,6.775
india,g2_1488.tif,7441,100,0.3681,36.81,0.0303,0,3.034
india,g2_1488.tif,7442,166,0.6111,61.11,0.2513,0,6.469
india,g2_1500.tif,7498,21,0.0773,7.73,0.0093,0,2.107
india,g2_1500.tif,7499,72,0.2651,26.51,0.0503,0,4.397
india,g2_1500.tif,7500,47,0.173,17.3,0.0609,0,3.231
india,g2_1500.tif,7501,52,0.1914,19.14,0.1346,0,3.768
india,g2_1500.tif,7502,395,1.4541,145.41,0.5842,1,9.4
india,g2_1511.tif,7553,320,1.178,117.8,0.0558,0,7.888
india,g2_1511.tif,7554,712,2.6211,262.11,0.2376,0,15.168
india,g2_1511.tif,7555,545,2.0063,200.63,0.2434,0,13.229
india,g2_1511.tif,7556,1430,5.2642,526.42,0.8064,1,16.382
india,g2_1511.tif,7557,557,2.0505,205.05,0.1631,0,10.247
india,g2_1516.tif,7578,24,0.0884,8.84,0.0466,0,1.82
india,g2_1516.tif,7579,26,0.0957,9.57,0.0344,0,1.82
india,g2_1516.tif,7580,25,0.092,9.2,0.0445,0,3.034
india,g2_1516.tif,7581,32,0.1178,11.78,0.034,0,3.034
india,g2_1516.tif,7582,30,0.1104,11.04,0.23,0,3.034
india,g2_1517.tif,7583,167,0.6148,61.48,0.0343,0,7.068
india,g2_1517.tif,7584,173,0.6369,63.69,0.033,0,7.068
india,g2_1517.tif,7585,247,0.9093,90.93,0.0321,0,5.461
india,g2_1517.tif,7586,471,1.7339,173.39,0.099,0,8.871
india,g2_1517.tif,7587,590,2.172,217.2,0.1476,0,10.841
india,g2_1521.tif,7603,63,0.2319,23.19,0.0703,0,3.231
india,g2_1521.tif,7604,54,0.1988,19.88,0.0293,0,2.825
india,g2_1521.tif,7605,103,0.3792,37.92,0.4118,0,5.461
india,g2_1521.tif,7606,51,0.1877,18.77,0.1054,0,2.825
india,g2_1521.tif,7607,42,0.1546,15.46,0.0998,0,3.034
india,g2_1523.tif,7613,35,0.1288,12.88,0.0095,0,3.034
india,g2_1523.tif,7614,33,0.1215,12.15,0.0187,0,3.034
india,g2_1523.tif,7615,40,0.1473,14.73,0.0146,0,3.231
india,g2_1523.tif,7616,29,0.1068,10.68,0.0164,0,2.107
india,g2_1523.tif,7617,33,0.1215,12.15,0.0176,0,2.825
india,g2_1527.tif,7633,525,1.9327,193.27,0.6229,1,12.796
india,g2_1527.tif,7634,554,2.0394,203.94,0.3639,0,7.888
india,g2_1527.tif,7635,441,1.6234,162.34,0.3191,0,11.768
india,g2_1527.tif,7636,513,1.8885,188.85,0.3128,0,12.463
india,g2_1527.tif,7637,133,0.4896,48.96,0.3056,0,4.247
india,g2_1535.tif,7673,56,0.2062,20.62,0.3478,0,4.247
india,g2_1535.tif,7674,52,0.1914,19.14,0.1016,0,3.034
india,g2_1535.tif,7675,173,0.6369,63.69,0.0795,0,6.674
india,g2_1535.tif,7676,89,0.3276,32.76,0.2554,0,5.461
india,g2_1535.tif,7677,58,0.2135,21.35,0.0465,0,3.034
india,g2_1538.tif,7688,209,0.7694,76.94,0.1661,0,5.461
india,g2_1538.tif,7689,208,0.7657,76.57,0.2848,0,4.82
india,g2_1538.tif,7690,210,0.7731,77.31,0.2556,0,4.82
india,g2_1538.tif,7691,137,0.5043,50.43,0.1949,0,4.247
india,g2_1538.tif,7692,164,0.6037,60.37,0.2805,0,5.461
india,g2_1554.tif,7768,66,0.243,24.3,0.2108,0,4.247
india,g2_1554.tif,7769,48,0.1767,17.67,0.2514,0,3.034
india,g2_1554.tif,7770,67,0.2466,24.66,0.181,0,4.247
india,g2_1554.tif,7771,33,0.1215,12.15,0.0918,0,3.034
india,g2_1554.tif,7772,101,0.3718,37.18,0.2603,0,5.461
india,g2_1557.tif,7783,22,0.081,8.1,0.1515,0,2.107
india,g2_1557.tif,7784,41,0.1509,15.09,0.6538,1,2.107
india,g2_1557.tif,7785,70,0.2577,25.77,0.1563,0,3.768
india,g2_1557.tif,7786,48,0.1767,17.67,0.0483,0,3.034
india,g2_1557.tif,7787,59,0.2172,21.72,0.0613,0,3.231
india,g2_1568.tif,7838,47,0.173,17.3,0.0444,0,3.231
india,g2_1568.tif,7839,42,0.1546,15.46,0.029,0,3.034
india,g2_1568.tif,7840,51,0.1877,18.77,0.0926,0,3.768
india,g2_1568.tif,7841,38,0.1399,13.99,0.314,0,3.034
india,g2_1568.tif,7842,44,0.162,16.2,0.0396,0,3.034
india,g2_1602.tif,8008,28,0.1031,10.31,0.1011,0,2.107
india,g2_1602.tif,8009,27,0.0994,9.94,0.0629,0,2.107
india,g2_1602.tif,8010,67,0.2466,24.66,0.2611,0,3.034
india,g2_1602.tif,8011,91,0.335,33.5,0.2038,0,4.397
india,g2_1602.tif,8012,66,0.243,24.3,0.3264,0,3.231
india,g2_1604.tif,8018,28,0.1031,10.31,0.2553,0,3.034
india,g2_1604.tif,8019,15,0.0552,5.52,0.2857,0,1.82
india,g2_1604.tif,8020,15,0.0552,5.52,0.034,0,1.82
india,g2_1604.tif,8021,24,0.0884,8.84,0.0646,0,2.825
india,g2_1604.tif,8022,42,0.1546,15.46,0.1414,0,3.034
india,g2_1614.tif,8068,131,0.4822,48.22,0.0556,0,4.247
india,g2_1614.tif,8069,101,0.3718,37.18,0.0597,0,4.247
india,g2_1614.tif,8070,84,0.3092,30.92,0.0494,0,3.768
india,g2_1614.tif,8071,147,0.5411,54.11,0.0752,0,4.247
india,g2_1614.tif,8072,148,0.5448,54.48,0.0939,0,5.461
india,g2_1626.tif,8128,66,0.243,24.3,0.1898,0,4.247
india,g2_1626.tif,8129,22,0.081,8.1,0.1163,0,1.82
india,g2_1626.tif,8130,26,0.0957,9.57,0.1385,0,1.82
india,g2_1626.tif,8131,47,0.173,17.3,0.1497,0,3.034
india,g2_1626.tif,8132,104,0.3829,38.29,0.356,0,3.768
india,g2_1638.tif,8188,24,0.0884,8.84,0.08,0,1.82
india,g2_1638.tif,8189,63,0.2319,23.19,0.4853,0,4.247
india,g2_1638.tif,8190,132,0.4859,48.59,0.4497,0,6.674
india,g2_1638.tif,8191,69,0.254,25.4,0.2242,0,3.034
india,g2_1638.tif,8192,126,0.4638,46.38,0.3018,0,5.461
india,g2_1646.tif,8228,17,0.0626,6.26,0.2222,0,1.82
india,g2_1646.tif,8229,45,0.1657,16.57,0.0164,0,3.034
india,g2_1646.tif,8230,14,0.0515,5.15,0.1277,0,1.82
india,g2_1646.tif,8231,21,0.0773,7.73,0.1078,0,2.107
india,g2_1646.tif,8232,22,0.081,8.1,0.0411,0,1.82
india,g2_1659.tif,8293,265,0.9755,97.55,0.0623,0,7.888
india,g2_1659.tif,8294,68,0.2503,25.03,0.0134,0,3.768
india,g2_1659.tif,8295,76,0.2798,27.98,0.017,0,3.768
india,g2_1659.tif,8296,77,0.2835,28.35,0.0219,0,4.397
india,g2_1659.tif,8297,76,0.2798,27.98,0.0188,0,4.247
india,g2_1670.tif,8348,272,1.0013,100.13,0.2129,0,8.871
india,g2_1670.tif,8349,219,0.8062,80.62,0.2648,0,7.974
india,g2_1670.tif,8350,255,0.9387,93.87,0.2085,0,4.542
india,g2_1670.tif,8351,121,0.4454,44.54,0.1374,0,5.461
india,g2_1670.tif,8352,183,0.6737,67.37,0.3383,0,5.928
india,g2_1674.tif,8368,91,0.335,33.5,0.3235,0,4.82
india,g2_1674.tif,8369,157,0.578,57.8,0.2277,0,4.247
india,g2_1674.tif,8370,91,0.335,33.5,0.4062,0,4.397
india,g2_1674.tif,8371,247,0.9093,90.93,0.1514,0,8.635
india,g2_1674.tif,8372,244,0.8982,89.82,0.8307,1,8.227
india,g2_1676.tif,8379,33,0.1215,12.15,0.1444,0,2.825
india,g2_1676.tif,8380,52,0.1914,19.14,0.0821,0,3.034
india,g2_1676.tif,8381,56,0.2062,20.62,0.0815,0,2.825
india,g2_1676.tif,8382,58,0.2135,21.35,0.078,0,2.107
india,g2_1681.tif,8403,188,0.6921,69.21,0.1001,0,6.469
india,g2_1681.tif,8404,231,0.8504,85.04,0.1122,0,8.144
india,g2_1681.tif,8405,200,0.7363,73.63,0.2257,0,7.068
india,g2_1681.tif,8406,698,2.5695,256.95,0.3712,0,12.96
india,g2_1681.tif,8407,308,1.1338,113.38,0.0983,0,8.144
india,g2_1688.tif,8438,853,3.1401,314.01,0.4481,0,15.583
india,g2_1688.tif,8439,340,1.2516,125.16,0.4211,0,10.247
india,g2_1688.tif,8440,1853,6.8214,682.14,0.3421,0,22.735
india,g2_1688.tif,8441,867,3.1917,319.17,0.3608,0,12.96
india,g2_1688.tif,8442,1561,5.7465,574.65,0.5301,1,15.898
india,g2_1689.tif,8443,118,0.4344,43.44,0.2255,0,4.542
india,g2_1689.tif,8444,42,0.1546,15.46,0.1053,0,2.825
india,g2_1689.tif,8445,129,0.4749,47.49,0.1454,0,4.82
india,g2_1689.tif,8446,27,0.0994,9.94,0.0507,0,2.825
india,g2_1689.tif,8447,35,0.1288,12.88,0.0699,0,2.107
india,g2_1695.tif,8473,109,0.4013,40.13,0.264,0,5.461
india,g2_1695.tif,8474,316,1.1633,116.33,0.4644,0,7.533
india,g2_1695.tif,8475,235,0.8651,86.51,0.2358,0,5.461
india,g2_1695.tif,8476,349,1.2848,128.48,0.3036,0,9.177
india,g2_1695.tif,8477,177,0.6516,65.16,0.1167,0,4.82
india,g2_1699.tif,8493,72,0.2651,26.51,0.1281,0,4.247
india,g2_1699.tif,8494,153,0.5632,56.32,0.416,0,5.461
india,g2_1699.tif,8495,408,1.502,150.2,0.3995,0,5.461
india,g2_1699.tif,8496,92,0.3387,33.87,0.2376,0,5.461
india,g2_1699.tif,8497,664,2.4444,244.44,0.2937,0,9.101
india,g2_1700.tif,8498,232,0.8541,85.41,0.1128,0,6.674
india,g2_1700.tif,8499,471,1.7339,173.39,0.2665,0,10.315
india,g2_1700.tif,8500,209,0.7694,76.94,0.2492,0,7.888
india,g2_1700.tif,8501,228,0.8393,83.93,0.1998,0,7.888
india,g2_1700.tif,8502,242,0.8909,89.09,0.4447,0,9.101
india,g2_1707.tif,8533,95,0.3497,34.97,0.5053,1,4.82
india,g2_1707.tif,8534,71,0.2614,26.14,0.2016,0,4.247
india,g2_1707.tif,8535,89,0.3276,32.76,0.1798,0,4.397
india,g2_1707.tif,8536,33,0.1215,12.15,0.139,0,3.034
india,g2_1707.tif,8537,35,0.1288,12.88,0.1584,0,3.034
india,g2_1722.tif,8608,125,0.4602,46.02,0.1128,0,5.928
india,g2_1722.tif,8609,115,0.4233,42.33,0.0693,0,4.82
india,g2_1722.tif,8610,120,0.4418,44.18,0.1179,0,5.461
india,g2_1722.tif,8611,139,0.5117,51.17,0.14,0,5.461
india,g2_1722.tif,8612,155,0.5706,57.06,0.3029,0,6.258
india,g2_1733.tif,8663,733,2.6984,269.84,0.3141,0,11.768
india,g2_1733.tif,8664,131,0.4822,48.22,0.1704,0,5.461
india,g2_1733.tif,8665,473,1.7412,174.12,0.4902,0,11.528
india,g2_1733.tif,8666,959,3.5303,353.03,0.2732,0,10.581
india,g2_1733.tif,8667,147,0.5411,54.11,0.1854,0,5.928
india,g2_1737.tif,8683,55,0.2025,20.25,0.1307,0,3.768
india,g2_1737.tif,8684,61,0.2246,22.46,0.2164,0,2.107
india,g2_1737.tif,8685,69,0.254,25.4,0.2145,0,3.034
india,g2_1737.tif,8686,64,0.2356,23.56,0.041,0,3.231
india,g2_1737.tif,8687,77,0.2835,28.35,0.0407,0,3.768
india,g2_1752.tif,8758,65,0.2393,23.93,0.1466,0,3.034
india,g2_1752.tif,8759,58,0.2135,21.35,0.0944,0,3.034
india,g2_1752.tif,8760,67,0.2466,24.66,0.1804,0,3.034
india,g2_1752.tif,8761,59,0.2172,21.72,0.0586,0,3.034
india,g2_1752.tif,8762,93,0.3424,34.24,0.1555,0,4.82
india,g2_1759.tif,8793,52,0.1914,19.14,0.0368,0,2.107
india,g2_1759.tif,8794,46,0.1693,16.93,0.6087,1,2.107
india,g2_1759.tif,8795,54,0.1988,19.88,0.0232,0,2.107
india,g2_1759.tif,8796,46,0.1693,16.93,0.1871,0,2.107
india,g2_1759.tif,8797,107,0.3939,39.39,0.0324,0,3.768
india,g2_1766.tif,8828,93,0.3424,34.24,0.2857,0,3.768
india,g2_1766.tif,8829,67,0.2466,24.66,0.0639,0,3.231
india,g2_1766.tif,8830,83,0.3055,30.55,0.1047,0,2.825
india,g2_1766.tif,8831,124,0.4565,45.65,0.1586,0,4.542
india,g2_1766.tif,8832,77,0.2835,28.35,0.1327,0,2.825
india,g2_1769.tif,8843,65,0.2393,23.93,0.5159,1,3.768
india,g2_1769.tif,8844,91,0.335,33.5,0.0454,0,3.768
india,g2_1769.tif,8845,70,0.2577,25.77,0.0346,0,3.768
india,g2_1769.tif,8846,96,0.3534,35.34,0.0265,0,3.768
india,g2_1769.tif,8847,113,0.416,41.6,0.0268,0,4.397
india,g2_1771.tif,8853,392,1.4431,144.31,0.4592,0,7.888
india,g2_1771.tif,8854,202,0.7436,74.36,0.4163,0,6.674
india,g2_1771.tif,8855,160,0.589,58.9,0.2301,0,5.581
india,g2_1771.tif,8856,327,1.2038,120.38,0.3587,0,9.177
india,g2_1771.tif,8857,133,0.4896,48.96,0.059,0,4.247
india,g2_1800.tif,8998,173,0.6369,63.69,0.0896,0,6.469
india,g2_1800.tif,8999,122,0.4491,44.91,0.0941,0,5.461
india,g2_1800.tif,9000,101,0.3718,37.18,0.096,0,4.82
india,g2_1800.tif,9001,64,0.2356,23.56,0.1856,0,3.768
india,g2_1800.tif,9002,77,0.2835,28.35,0.0364,0,3.231
india,g2_1823.tif,9113,568,2.091,209.1,0.6039,1,11.528
india,g2_1823.tif,9114,239,0.8798,87.98,0.5975,1,7.533
india,g2_1823.tif,9115,411,1.513,151.3,0.2701,0,11.528
india,g2_1823.tif,9116,130,0.4786,47.86,0.5769,1,5.461
india,g2_1823.tif,9117,455,1.675,167.5,0.3397,0,11.528
india,g2_1844.tif,9218,37,0.1362,13.62,0.0411,0,3.034
india,g2_1844.tif,9219,39,0.1436,14.36,0.041,0,3.034
india,g2_1844.tif,9220,49,0.1804,18.04,0.0858,0,4.247
india,g2_1844.tif,9221,49,0.1804,18.04,0.0473,0,4.247
india,g2_1844.tif,9222,62,0.2282,22.82,0.0693,0,4.247
india,g2_1852.tif,9258,74,0.2724,27.24,0.1002,0,3.231
india,g2_1852.tif,9259,40,0.1473,14.73,0.0344,0,1.82
india,g2_1852.tif,9260,28,0.1031,10.31,0.25,0,1.82
india,g2_1852.tif,9261,46,0.1693,16.93,0.2155,0,2.107
india,g2_1852.tif,9262,44,0.162,16.2,0.3467,0,2.107
india,g2_1856.tif,9278,24,0.0884,8.84,0.0256,0,1.82
india,g2_1856.tif,9279,8,0.0295,2.95,0.0103,0,0.607
india,g2_1856.tif,9280,11,0.0405,4.05,0.0142,0,1.82
india,g2_1856.tif,9281,12,0.0442,4.42,0.0155,0,1.82
india,g2_1856.tif,9282,21,0.0773,7.73,0.0271,0,1.82
india,g2_1867.tif,9333,275,1.0124,101.24,0.4694,0,8.227
india,g2_1867.tif,9334,73,0.2687,26.87,0.2085,0,3.231
india,g2_1867.tif,9335,142,0.5227,52.27,0.3258,0,5.928
india,g2_1867.tif,9336,141,0.5191,51.91,0.2387,0,5.581
india,g2_1867.tif,9337,542,1.9953,199.53,0.5236,1,9.69
india,g2_1878.tif,9388,125,0.4602,46.02,0.2133,0,6.258
india,g2_1878.tif,9389,130,0.4786,47.86,0.2601,0,5.461
india,g2_1878.tif,9390,137,0.5043,50.43,0.2539,0,5.461
india,g2_1878.tif,9391,48,0.1767,17.67,0.0946,0,3.231
india,g2_1878.tif,9392,29,0.1068,10.68,0.28,0,2.825
india,g2_1881.tif,9403,59,0.2172,21.72,0.0873,0,4.397
india,g2_1881.tif,9404,109,0.4013,40.13,0.352,0,4.397
india,g2_1881.tif,9405,57,0.2098,20.98,0.0813,0,4.247
india,g2_1881.tif,9406,121,0.4454,44.54,0.3471,0,4.397
india,g2_1881.tif,9407,83,0.3055,30.55,0.172,0,4.247
india,g2_1883.tif,9413,554,2.0394,203.94,0.0944,0,11.588
india,g2_1883.tif,9414,116,0.427,42.7,0.0343,0,3.768
india,g2_1883.tif,9415,163,0.6,60.0,0.0721,0,5.461
india,g2_1883.tif,9416,152,0.5596,55.96,0.0589,0,5.461
india,g2_1883.tif,9417,325,1.1964,119.64,0.1347,0,9.101
india,g2_1884.tif,9418,106,0.3902,39.02,0.3333,0,4.542
india,g2_1884.tif,9419,117,0.4307,43.07,0.455,0,4.82
india,g2_1884.tif,9420,137,0.5043,50.43,0.3592,0,4.82
india,g2_1884.tif,9421,249,0.9166,91.66,0.0507,0,7.974
india,g2_1884.tif,9422,119,0.4381,43.81,0.2453,0,5.461
india,g2_1889.tif,9443,184,0.6774,67.74,0.1313,0,7.068
india,g2_1889.tif,9444,39,0.1436,14.36,0.0479,0,2.107
india,g2_1889.tif,9445,24,0.0884,8.84,0.027,0,1.109
india,g2_1889.tif,9446,52,0.1914,19.14,0.0626,0,3.034
india,g2_1889.tif,9447,338,1.2443,124.43,0.2693,0,7.068
india,g2_1898.tif,9488,549,2.021,202.1,0.4245,0,9.177
india,g2_1898.tif,9489,82,0.3019,30.19,0.2981,0,5.461
india,g2_1898.tif,9490,574,2.1131,211.31,0.5322,1,12.796
india,g2_1898.tif,9491,148,0.5448,54.48,0.1576,0,4.247
india,g2_1898.tif,9492,91,0.335,33.5,0.2899,0,4.82
india,g2_1899.tif,9493,96,0.3534,35.34,0.1824,0,4.82
india,g2_1899.tif,9494,95,0.3497,34.97,0.1468,0,3.034
india,g2_1899.tif,9495,83,0.3055,30.55,0.0455,0,3.768
india,g2_1899.tif,9496,105,0.3865,38.65,0.234,0,4.247
india,g2_1899.tif,9497,64,0.2356,23.56,0.2883,0,1.82
india,g2_1910.tif,9548,67,0.2466,24.66,0.1145,0,3.768
india,g2_1910.tif,9549,47,0.173,17.3,0.0429,0,3.034
india,g2_1910.tif,9550,42,0.1546,15.46,0.0957,0,3.231
india,g2_1910.tif,9551,38,0.1399,13.99,0.0671,0,2.825
india,g2_1910.tif,9552,40,0.1473,14.73,0.0644,0,3.231
india,g2_1928.tif,9638,34,0.1252,12.52,0.2326,0,2.107
india,g2_1928.tif,9639,44,0.162,16.2,0.4255,0,3.034
india,g2_1928.tif,9640,77,0.2835,28.35,0.4268,0,4.247
india,g2_1928.tif,9641,63,0.2319,23.19,0.2208,0,1.82
india,g2_1928.tif,9642,62,0.2282,22.82,0.2025,0,1.82
india,g2_1930.tif,9648,61,0.2246,22.46,0.3165,0,3.034
india,g2_1930.tif,9649,60,0.2209,22.09,0.0886,0,3.034
india,g2_1930.tif,9650,57,0.2098,20.98,0.0434,0,3.034
india,g2_1930.tif,9651,102,0.3755,37.55,0.1213,0,2.825
india,g2_1930.tif,9652,127,0.4675,46.75,0.0631,0,3.034
india,g2_1940.tif,9698,439,1.6161,161.61,0.2335,0,8.144
india,g2_1940.tif,9699,573,2.1094,210.94,0.6038,1,10.382
india,g2_1940.tif,9700,336,1.2369,123.69,0.1989,0,9.177
india,g2_1940.tif,9701,397,1.4615,146.15,0.3041,0,10.581
india,g2_1940.tif,9702,743,2.7352,273.52,0.4367,0,12.796
india,g2_1982.tif,9908,55,0.2025,20.25,0.017,0,3.231
india,g2_1982.tif,9909,122,0.4491,44.91,0.1922,0,4.82
india,g2_1982.tif,9910,261,0.9608,96.08,0.0957,0,4.397
india,g2_1982.tif,9911,136,0.5007,50.07,0.4371,0,4.82
india,g2_1982.tif,9912,81,0.2982,29.82,0.1266,0,4.397
india,g3_0020.tif,100,38,0.1399,13.99,0.1339,0,3.034
india,g3_0020.tif,101,19,0.0699,6.99,0.0021,0,1.82
india,g3_0020.tif,102,27,0.0994,9.94,0.0034,0,1.82
india,g3_0020.tif,103,28,0.1031,10.31,0.0038,0,1.82
india,g3_0020.tif,104,37,0.1362,13.62,0.0043,0,2.825
india,g3_0079.tif,395,18,0.0663,6.63,0.005,0,1.82
india,g3_0079.tif,396,31,0.1141,11.41,0.1974,0,2.825
india,g3_0079.tif,397,17,0.0626,6.26,0.0028,0,1.82
india,g3_0079.tif,398,19,0.0699,6.99,0.2941,0,1.82
india,g3_0079.tif,399,28,0.1031,10.31,0.0918,0,2.107
india,g3_0096.tif,480,58,0.2135,21.35,0.0321,0,3.034
india,g3_0096.tif,481,63,0.2319,23.19,0.0949,0,4.247
india,g3_0096.tif,482,59,0.2172,21.72,0.0921,0,4.247
india,g3_0096.tif,483,84,0.3092,30.92,0.1176,0,4.247
india,g3_0096.tif,484,64,0.2356,23.56,0.0372,0,1.82
india,g3_0119.tif,595,52,0.1914,19.14,0.5213,1,3.768
india,g3_0119.tif,596,94,0.346,34.6,0.2591,0,4.247
india,g3_0119.tif,597,106,0.3902,39.02,0.2888,0,4.397
india,g3_0119.tif,598,48,0.1767,17.67,0.0726,0,3.034
india,g3_0119.tif,599,47,0.173,17.3,0.0866,0,3.034
india,g3_0158.tif,791,35,0.1288,12.88,0.0615,0,1.82
india,g3_0158.tif,792,23,0.0847,8.47,0.0405,0,1.109
india,g3_0158.tif,793,49,0.1804,18.04,0.1168,0,2.825
india,g3_0158.tif,794,11,0.0405,4.05,0.0287,0,1.109
india,g3_0158.tif,795,23,0.0847,8.47,0.0632,0,1.82
india,g3_0284.tif,1421,66,0.243,24.3,0.2805,0,3.768
india,g3_0284.tif,1422,88,0.324,32.4,0.0664,0,3.231
india,g3_0284.tif,1423,89,0.3276,32.76,0.2865,0,4.247
india,g3_0284.tif,1424,71,0.2614,26.14,0.3515,0,4.542
india,g3_0284.tif,1425,71,0.2614,26.14,0.0205,0,4.397
india,g3_0312.tif,1561,51,0.1877,18.77,0.0408,0,3.034
india,g3_0312.tif,1562,68,0.2503,25.03,0.0403,0,3.034
india,g3_0312.tif,1563,70,0.2577,25.77,0.0537,0,3.034
india,g3_0312.tif,1564,79,0.2908,29.08,0.0628,0,4.247
india,g3_0312.tif,1565,42,0.1546,15.46,0.0343,0,3.034
india,g3_0397.tif,1986,127,0.4675,46.75,0.254,0,5.581
india,g3_0397.tif,1987,40,0.1473,14.73,0.0146,0,3.231
india,g3_0397.tif,1988,106,0.3902,39.02,0.0401,0,5.461
india,g3_0397.tif,1989,70,0.2577,25.77,0.0321,0,3.231
india,g3_0397.tif,1990,70,0.2577,25.77,0.0275,0,3.231
india,g3_0403.tif,2016,26,0.0957,9.57,0.1066,0,2.107
india,g3_0403.tif,2017,19,0.0699,6.99,0.0275,0,1.82
india,g3_0403.tif,2018,21,0.0773,7.73,0.0474,0,1.82
india,g3_0403.tif,2019,23,0.0847,8.47,0.0244,0,1.82
india,g3_0403.tif,2020,40,0.1473,14.73,0.0564,0,2.825
india,g3_0492.tif,2461,13,0.0479,4.79,0.0404,0,1.82
india,g3_0492.tif,2462,13,0.0479,4.79,0.0443,0,1.109
india,g3_0492.tif,2463,15,0.0552,5.52,0.0556,0,1.82
india,g3_0492.tif,2464,11,0.0405,4.05,0.0407,0,1.109
india,g3_0492.tif,2465,30,0.1104,11.04,0.0676,0,2.107
india,g3_0519.tif,2596,31,0.1141,11.41,0.1449,0,2.825
india,g3_0519.tif,2597,30,0.1104,11.04,0.0332,0,2.825
india,g3_0519.tif,2598,17,0.0626,6.26,0.0202,0,1.82
india,g3_0519.tif,2599,37,0.1362,13.62,0.1571,0,3.231
india,g3_0519.tif,2600,17,0.0626,6.26,0.0421,0,1.82
india,g3_0551.tif,2756,112,0.4123,41.23,0.1359,0,2.825
india,g3_0551.tif,2757,64,0.2356,23.56,0.1938,0,1.82
india,g3_0551.tif,2758,104,0.3829,38.29,0.1217,0,3.034
india,g3_0551.tif,2759,81,0.2982,29.82,0.0999,0,4.247
india,g3_0551.tif,2760,52,0.1914,19.14,0.1111,0,2.825
india,g3_0583.tif,2916,28,0.1031,10.31,0.2979,0,2.107
india,g3_0583.tif,2917,28,0.1031,10.31,0.0178,0,2.107
india,g3_0583.tif,2918,51,0.1877,18.77,0.0657,0,2.107
india,g3_0583.tif,2919,55,0.2025,20.25,0.0653,0,2.107
india,g3_0583.tif,2920,60,0.2209,22.09,0.0713,0,2.825
india,g3_0610.tif,3052,28,0.1031,10.31,0.1429,0,2.107
india,g3_0610.tif,3053,22,0.081,8.1,0.0964,0,1.82
india,g3_0610.tif,3054,23,0.0847,8.47,0.1366,0,2.107
india,g3_0610.tif,3055,34,0.1252,12.52,0.1345,0,2.825
india,g3_0610.tif,3056,35,0.1288,12.88,0.1607,0,3.034
india,g3_0672.tif,3362,32,0.1178,11.78,0.1027,0,2.825
india,g3_0672.tif,3363,47,0.173,17.3,0.1774,0,3.768
india,g3_0672.tif,3364,57,0.2098,20.98,0.32,0,3.231
india,g3_0672.tif,3365,76,0.2798,27.98,0.3191,0,4.397
india,g3_0672.tif,3366,44,0.162,16.2,0.0262,0,2.825
india,g3_0688.tif,3442,23,0.0847,8.47,0.0411,0,1.82
india,g3_0688.tif,3443,30,0.1104,11.04,0.048,0,3.034
india,g3_0688.tif,3444,20,0.0736,7.36,0.0296,0,1.82
india,g3_0688.tif,3445,16,0.0589,5.89,0.0299,0,1.82
india,g3_0688.tif,3446,12,0.0442,4.42,0.0224,0,1.82
india,g3_0713.tif,3567,39,0.1436,14.36,0.0273,0,3.034
india,g3_0713.tif,3568,61,0.2246,22.46,0.4857,0,3.768
india,g3_0713.tif,3569,41,0.1509,15.09,0.0466,0,3.034
india,g3_0713.tif,3570,32,0.1178,11.78,0.0379,0,3.034
india,g3_0713.tif,3571,16,0.0589,5.89,0.0203,0,1.82
india,g3_0741.tif,3707,39,0.1436,14.36,0.1265,0,3.034
india,g3_0741.tif,3708,33,0.1215,12.15,0.0984,0,3.034
india,g3_0741.tif,3709,61,0.2246,22.46,0.1204,0,3.034
india,g3_0741.tif,3710,48,0.1767,17.67,0.2381,0,3.034
india,g3_0741.tif,3711,54,0.1988,19.88,0.2174,0,3.034
india,g3_0781.tif,3907,41,0.1509,15.09,0.0849,0,1.82
india,g3_0781.tif,3908,115,0.4233,42.33,0.171,0,5.581
india,g3_0781.tif,3909,70,0.2577,25.77,0.0879,0,4.247
india,g3_0781.tif,3910,26,0.0957,9.57,0.0324,0,1.82
india,g3_0781.tif,3911,34,0.1252,12.52,0.0386,0,2.107
india,g3_0783.tif,3917,82,0.3019,30.19,0.195,0,4.247
india,g3_0783.tif,3918,73,0.2687,26.87,0.0721,0,4.397
india,g3_0783.tif,3919,71,0.2614,26.14,0.0964,0,3.768
india,g3_0783.tif,3920,105,0.3865,38.65,0.6126,1,4.247
india,g3_0783.tif,3921,162,0.5964,59.64,0.1414,0,4.82
india,g3_0926.tif,4627,37,0.1362,13.62,0.045,0,2.825
india,g3_0926.tif,4628,26,0.0957,9.57,0.0644,0,1.82
india,g3_0926.tif,4629,12,0.0442,4.42,0.0168,0,1.109
india,g3_0926.tif,4630,38,0.1399,13.99,0.086,0,1.82
india,g3_0926.tif,4631,37,0.1362,13.62,0.0782,0,2.107
india,g3_0955.tif,4772,28,0.1031,10.31,0.2029,0,1.82
india,g3_0955.tif,4773,37,0.1362,13.62,0.0152,0,3.034
india,g3_0955.tif,4774,35,0.1288,12.88,0.3235,0,3.034
india,g3_0955.tif,4775,67,0.2466,24.66,0.0611,0,3.034
india,g3_0955.tif,4776,104,0.3829,38.29,0.0772,0,3.034
india,g3_1003.tif,5012,35,0.1288,12.88,0.0448,0,3.034
india,g3_1003.tif,5013,22,0.081,8.1,0.0237,0,2.107
india,g3_1003.tif,5014,31,0.1141,11.41,0.0377,0,2.825
india,g3_1003.tif,5015,30,0.1104,11.04,0.0421,0,2.825
india,g3_1003.tif,5016,35,0.1288,12.88,0.0492,0,2.825
india,g3_1098.tif,5487,10,0.0368,3.68,0.0337,0,1.82
india,g3_1098.tif,5488,19,0.0699,6.99,0.0927,0,2.107
india,g3_1174.tif,5867,9,0.0331,3.31,0.01,0,1.82
india,g3_1174.tif,5868,6,0.0221,2.21,0.0066,0,0.607
india,g3_1174.tif,5869,8,0.0295,2.95,0.0055,0,1.109
india,g3_1174.tif,5870,9,0.0331,3.31,0.01,0,1.82
india,g3_1174.tif,5871,7,0.0258,2.58,0.0055,0,0.607
india,g3_1318.tif,6587,31,0.1141,11.41,0.0482,0,2.825
india,g3_1318.tif,6588,27,0.0994,9.94,0.0733,0,2.825
india,g3_1318.tif,6589,32,0.1178,11.78,0.2069,0,3.034
india,g3_1318.tif,6590,15,0.0552,5.52,0.2703,0,1.82
india,g3_1318.tif,6591,19,0.0699,6.99,0.2439,0,1.82
india,g3_1347.tif,6732,48,0.1767,17.67,0.0215,0,3.034
india,g3_1347.tif,6733,38,0.1399,13.99,0.0152,0,1.82
india,g3_1347.tif,6734,63,0.2319,23.19,0.1875,0,4.247
india,g3_1347.tif,6735,24,0.0884,8.84,0.1188,0,2.825
india,g3_1347.tif,6736,64,0.2356,23.56,0.3738,0,3.034
india,g3_1351.tif,6752,44,0.162,16.2,0.0336,0,3.231
india,g3_1351.tif,6753,21,0.0773,7.73,0.0599,0,2.107
india,g3_1351.tif,6754,19,0.0699,6.99,0.086,0,1.82
india,g3_1351.tif,6755,18,0.0663,6.63,0.0145,0,1.82
india,g3_1351.tif,6756,28,0.1031,10.31,0.1018,0,2.825
india,g3_1440.tif,7198,74,0.2724,27.24,0.1222,0,3.768
india,g3_1440.tif,7199,61,0.2246,22.46,0.1156,0,3.768
india,g3_1440.tif,7200,100,0.3681,36.81,0.2484,0,4.397
india,g3_1440.tif,7201,61,0.2246,22.46,0.2459,0,2.825
india,g3_1440.tif,7202,56,0.2062,20.62,0.1176,0,3.231
india,g3_1487.tif,7433,40,0.1473,14.73,0.0511,0,2.825
india,g3_1487.tif,7434,26,0.0957,9.57,0.0901,0,1.82
india,g3_1487.tif,7435,22,0.081,8.1,0.0269,0,2.107
india,g3_1487.tif,7436,45,0.1657,16.57,0.1,0,2.825
india,g3_1487.tif,7437,32,0.1178,11.78,0.0409,0,2.825
india,g3_1515.tif,7573,91,0.335,33.5,0.656,1,4.247
india,g3_1515.tif,7574,95,0.3497,34.97,0.4569,0,4.247
india,g3_1515.tif,7575,136,0.5007,50.07,0.1267,0,5.461
india,g3_1515.tif,7576,32,0.1178,11.78,0.2642,0,1.82
india,g3_1515.tif,7577,37,0.1362,13.62,0.2636,0,2.107
india,g3_1748.tif,8738,48,0.1767,17.67,0.0158,0,3.034
india,g3_1748.tif,8739,34,0.1252,12.52,0.0071,0,3.034
india,g3_1748.tif,8740,41,0.1509,15.09,0.0115,0,3.034
india,g3_1748.tif,8741,55,0.2025,20.25,0.0218,0,4.247
india,g3_1748.tif,8742,59,0.2172,21.72,0.017,0,4.247
india,g3_1770.tif,8848,27,0.0994,9.94,0.0366,0,3.034
india,g3_1770.tif,8849,37,0.1362,13.62,0.0522,0,2.107
india,g3_1770.tif,8850,29,0.1068,10.68,0.0511,0,2.107
india,g3_1770.tif,8851,39,0.1436,14.36,0.0668,0,2.107
india,g3_1770.tif,8852,51,0.1877,18.77,0.0403,0,3.231
india,g3_1785.tif,8923,20,0.0736,7.36,0.4333,0,2.107
india,g3_1785.tif,8924,72,0.2651,26.51,0.2836,0,4.397
india,g3_1785.tif,8925,20,0.0736,7.36,0.1961,0,1.82
india,g3_1785.tif,8926,30,0.1104,11.04,0.449,0,2.825
india,g3_1785.tif,8927,63,0.2319,23.19,0.1847,0,3.231
india,g3_1836.tif,9178,16,0.0589,5.89,0.0264,0,1.82
india,g3_1836.tif,9179,17,0.0626,6.26,0.0281,0,1.82
india,g3_1836.tif,9180,15,0.0552,5.52,0.0248,0,1.82
india,g3_1836.tif,9181,12,0.0442,4.42,0.0198,0,1.82
india,g3_1836.tif,9182,33,0.1215,12.15,0.0545,0,3.034
india,g3_1854.tif,9268,31,0.1141,11.41,0.0049,0,3.034
india,g3_1854.tif,9269,39,0.1436,14.36,0.2464,0,2.107
india,g3_1854.tif,9270,20,0.0736,7.36,0.0082,0,1.82
india,g3_1854.tif,9271,34,0.1252,12.52,0.0207,0,3.034
india,g3_1854.tif,9272,21,0.0773,7.73,0.1585,0,1.82
india,g3_1911.tif,9553,40,0.1473,14.73,0.0811,0,3.034
india,g3_1911.tif,9554,72,0.2651,26.51,0.0472,0,4.247
india,g3_1911.tif,9555,40,0.1473,14.73,0.3038,0,3.231
india,g3_1911.tif,9556,27,0.0994,9.94,0.0619,0,3.034
india,g3_1911.tif,9557,20,0.0736,7.36,0.5909,1,1.82
india,g3_1925.tif,9623,11,0.0405,4.05,0.0193,0,1.109
india,g3_1925.tif,9624,12,0.0442,4.42,0.0334,0,1.82
india,g3_1925.tif,9625,23,0.0847,8.47,0.0793,0,1.82
india,g3_1925.tif,9627,31,0.1141,11.41,0.1396,0,2.825
india,g3_1964.tif,9818,51,0.1877,18.77,0.0529,0,3.231
india,g3_1964.tif,9819,39,0.1436,14.36,0.0019,0,3.034
india,g3_1964.tif,9820,59,0.2172,21.72,0.0025,0,3.768
india,g3_1964.tif,9821,99,0.3644,36.44,0.0089,0,4.397
india,g3_1964.tif,9822,90,0.3313,33.13,0.0055,0,4.82
