chip,season,scene,date,baseline,tile_cloud,chip_cloud,tried,file
g0_0030.tif,2016-17,S2A_MSIL2A_20170223T050811_R019_T44PKA_20210208T160644,2017-02-23,2.12,0.005975,0.0,1,data/rabi/india/2016-17/g0_0030.tif
g0_0073.tif,2016-17,S2A_MSIL2A_20170101T050212_R119_T44PLT_20210529T105259,2017-01-01,3.0,24.453518,0.0427,4,data/rabi/india/2016-17/g0_0073.tif
g0_0091.tif,2016-17,S2A_MSIL2A_20170131T050031_R119_T44QPG_20210208T014909,2017-01-31,2.12,0.02935,0.0005,1,data/rabi/india/2016-17/g0_0091.tif
g0_0140.tif,2016-17,S2A_MSIL2A_20170216T051901_R062_T43QFV_20210208T131242,2017-02-16,2.12,0.011466,0.0002,1,data/rabi/india/2016-17/g0_0140.tif
g0_0159.tif,2016-17,S2A_MSIL2A_20161222T050222_R119_T44QMD_20210213T232906,2016-12-22,2.12,0.047455,0.0,1,data/rabi/india/2016-17/g0_0159.tif
g0_0194.tif,2016-17,S2A_MSIL2A_20170210T045931_R119_T44PLT_20210208T094917,2017-02-10,2.12,12.32442,0.0,1,data/rabi/india/2016-17/g0_0194.tif
g0_0206.tif,2016-17,S2A_MSIL2A_20170223T050811_R019_T43PHR_20210208T160641,2017-02-23,2.12,0.004801,0.0,1,data/rabi/india/2016-17/g0_0206.tif
g0_0258.tif,2016-17,S2A_MSIL2A_20161222T050222_R119_T44QMD_20210213T232906,2016-12-22,2.12,0.047455,0.0,1,data/rabi/india/2016-17/g0_0258.tif
g0_0259.tif,2016-17,S2A_MSIL2A_20170216T051901_R062_T43QEV_20210208T131234,2017-02-16,2.12,0.022698,0.0,1,data/rabi/india/2016-17/g0_0259.tif
g0_0426.tif,2016-17,S2A_MSIL2A_20170223T050811_R019_T43PHR_20210208T160641,2017-02-23,2.12,0.004801,0.0002,1,data/rabi/india/2016-17/g0_0426.tif
g0_0449.tif,2016-17,S2A_MSIL2A_20170223T050811_R019_T44PKT_20210208T160638,2017-02-23,2.12,0.015244,0.0005,1,data/rabi/india/2016-17/g0_0449.tif
g0_0476.tif,2016-17,S2A_MSIL2A_20170130T053041_R105_T43QEV_20210208T004658,2017-01-30,2.12,0.00827,0.0,1,data/rabi/india/2016-17/g0_0476.tif
g0_0516.tif,2016-17,S2A_MSIL2A_20170131T050031_R119_T44QPG_20210208T014909,2017-01-31,2.12,0.02935,0.0036,1,data/rabi/india/2016-17/g0_0516.tif
g0_0566.tif,2016-17,S2A_MSIL2A_20170223T050811_R019_T43PHN_20210208T160634,2017-02-23,2.12,0.011125,0.0,1,data/rabi/india/2016-17/g0_0566.tif
g0_0586.tif,2016-17,S2A_MSIL2A_20161228T052222_R062_T43QFU_20210215T085106,2016-12-28,2.12,0.00998,0.0,1,data/rabi/india/2016-17/g0_0586.tif
g0_0590.tif,2016-17,S2A_MSIL2A_20170215T054921_R048_T42QXK_20210208T124422,2017-02-15,2.12,0.064622,0.0,1,data/rabi/india/2016-17/g0_0590.tif
g0_0628.tif,2016-17,S2A_MSIL2A_20170210T045931_R119_T44QNF_20210208T095008,2017-02-10,2.12,0.012721,0.0,1,data/rabi/india/2016-17/g0_0628.tif
g0_0629.tif,2016-17,S2A_MSIL2A_20170131T050031_R119_T44QPF_20210208T014904,2017-01-31,2.12,0.032369,0.0,1,data/rabi/india/2016-17/g0_0629.tif
g0_0633.tif,2016-17,S2A_MSIL2A_20170130T053041_R105_T43QEU_20210208T004654,2017-01-30,2.12,0.006256,0.0,1,data/rabi/india/2016-17/g0_0633.tif
g0_0650.tif,2016-17,S2A_MSIL2A_20170223T050811_R019_T44PLC_20210208T160640,2017-02-23,2.12,0.014263,0.0,1,data/rabi/india/2016-17/g0_0650.tif
g0_0696.tif,2016-17,S2A_MSIL2A_20170223T050811_R019_T44PLV_20210208T160634,2017-02-23,2.12,0.016843,0.0008,1,data/rabi/india/2016-17/g0_0696.tif
g0_0705.tif,2016-17,S2A_MSIL2A_20170223T050811_R019_T43PHR_20210208T160641,2017-02-23,2.12,0.004801,0.0,1,data/rabi/india/2016-17/g0_0705.tif
g0_0710.tif,2016-17,S2A_MSIL2A_20161222T050222_R119_T44QMD_20210213T232906,2016-12-22,2.12,0.047455,0.0009,1,data/rabi/india/2016-17/g0_0710.tif
g0_0724.tif,2016-17,S2A_MSIL2A_20161222T050222_R119_T44PLS_20210213T232903,2016-12-22,2.12,7.076688,0.0022,1,data/rabi/india/2016-17/g0_0724.tif
g0_0737.tif,2016-17,S2A_MSIL2A_20170223T050811_R019_T44PLC_20210208T160640,2017-02-23,2.12,0.014263,0.0,1,data/rabi/india/2016-17/g0_0737.tif
g0_0773.tif,2016-17,S2A_MSIL2A_20170216T051901_R062_T43QFV_20210208T131242,2017-02-16,2.12,0.011466,0.0,1,data/rabi/india/2016-17/g0_0773.tif
g0_0792.tif,2016-17,S2A_MSIL2A_20170223T050811_R019_T43PHN_20210208T160634,2017-02-23,2.12,0.011125,0.0,1,data/rabi/india/2016-17/g0_0792.tif
g0_0803.tif,2016-17,S2A_MSIL2A_20170210T045931_R119_T44PLV_20210208T094923,2017-02-10,2.12,1.958678,0.0,1,data/rabi/india/2016-17/g0_0803.tif
g0_0807.tif,2016-17,S2A_MSIL2A_20170131T050031_R119_T44QNG_20210208T014857,2017-01-31,2.12,0.01561,0.0013,1,data/rabi/india/2016-17/g0_0807.tif
g0_0808.tif,2016-17,S2A_MSIL2A_20170223T050811_R019_T44PLC_20210208T160640,2017-02-23,2.12,0.014263,0.0,1,data/rabi/india/2016-17/g0_0808.tif
g0_0879.tif,2016-17,S2A_MSIL2A_20170215T054921_R048_T42QXK_20210208T124422,2017-02-15,2.12,0.064622,0.0002,1,data/rabi/india/2016-17/g0_0879.tif
g0_0943.tif,2016-17,S2A_MSIL2A_20161222T050222_R119_T44PMC_20210213T232857,2016-12-22,2.12,0.044396,0.0,1,data/rabi/india/2016-17/g0_0943.tif
g0_0957.tif,2016-17,S2A_MSIL2A_20170223T050811_R019_T44QMD_20210208T160644,2017-02-23,2.12,0.00814,0.0,1,data/rabi/india/2016-17/g0_0957.tif
g0_0979.tif,2016-17,S2A_MSIL2A_20161222T050222_R119_T44QMD_20210213T232906,2016-12-22,2.12,0.047455,0.0,1,data/rabi/india/2016-17/g0_0979.tif
g0_1005.tif,2016-17,S2A_MSIL2A_20170216T051901_R062_T43QFV_20210208T131242,2017-02-16,2.12,0.011466,0.0,1,data/rabi/india/2016-17/g0_1005.tif
g0_1180.tif,2016-17,S2A_MSIL2A_20170215T054921_R048_T42QXK_20210208T124422,2017-02-15,2.12,0.064622,0.0,1,data/rabi/india/2016-17/g0_1180.tif
g0_1210.tif,2016-17,S2A_MSIL2A_20170130T053041_R105_T43QEV_20210208T004658,2017-01-30,2.12,0.00827,0.0,1,data/rabi/india/2016-17/g0_1210.tif
g0_1234.tif,2016-17,S2A_MSIL2A_20170130T053041_R105_T43QEU_20210208T004654,2017-01-30,2.12,0.006256,0.0042,1,data/rabi/india/2016-17/g0_1234.tif
g0_1243.tif,2016-17,S2A_MSIL2A_20170216T051901_R062_T43QFV_20210208T131242,2017-02-16,2.12,0.011466,0.0,1,data/rabi/india/2016-17/g0_1243.tif
g0_1245.tif,2016-17,S2A_MSIL2A_20170223T050811_R019_T43PHR_20210208T160641,2017-02-23,2.12,0.004801,0.0,1,data/rabi/india/2016-17/g0_1245.tif
g0_1263.tif,2016-17,S2A_MSIL2A_20161222T050222_R119_T44PMC_20210213T232857,2016-12-22,2.12,0.044396,0.0,1,data/rabi/india/2016-17/g0_1263.tif
g0_1316.tif,2016-17,S2A_MSIL2A_20170223T050811_R019_T44PLV_20210208T160634,2017-02-23,2.12,0.016843,0.0,1,data/rabi/india/2016-17/g0_1316.tif
g0_1343.tif,2016-17,S2A_MSIL2A_20170215T054921_R048_T42QXK_20210208T124422,2017-02-15,2.12,0.064622,0.0,1,data/rabi/india/2016-17/g0_1343.tif
g0_1367.tif,2016-17,S2A_MSIL2A_20170131T050031_R119_T44QPG_20210208T014909,2017-01-31,2.12,0.02935,0.0005,1,data/rabi/india/2016-17/g0_1367.tif
g0_1399.tif,2016-17,S2A_MSIL2A_20161228T052222_R062_T43QFU_20210215T085106,2016-12-28,2.12,0.00998,0.0,1,data/rabi/india/2016-17/g0_1399.tif
g0_1402.tif,2016-17,S2A_MSIL2A_20170216T051901_R062_T43QFV_20210208T131242,2017-02-16,2.12,0.011466,0.0,1,data/rabi/india/2016-17/g0_1402.tif
g0_1460.tif,2016-17,S2A_MSIL2A_20161222T050222_R119_T44PMC_20210213T232857,2016-12-22,2.12,0.044396,0.0,1,data/rabi/india/2016-17/g0_1460.tif
g0_1489.tif,2016-17,S2A_MSIL2A_20170130T053041_R105_T43QEU_20210208T004654,2017-01-30,2.12,0.006256,0.0,1,data/rabi/india/2016-17/g0_1489.tif
g0_1494.tif,2016-17,S2A_MSIL2A_20170216T051901_R062_T43QFV_20210208T131242,2017-02-16,2.12,0.011466,0.0,1,data/rabi/india/2016-17/g0_1494.tif
g0_1504.tif,2016-17,S2A_MSIL2A_20170223T050811_R019_T44PKV_20210208T160644,2017-02-23,2.12,0.014389,0.0,1,data/rabi/india/2016-17/g0_1504.tif
g0_1507.tif,2016-17,S2A_MSIL2A_20170223T050811_R019_T43PHR_20210208T160641,2017-02-23,2.12,0.004801,0.0,1,data/rabi/india/2016-17/g0_1507.tif
g0_1539.tif,2016-17,S2A_MSIL2A_20170216T051901_R062_T43QFV_20210208T131242,2017-02-16,2.12,0.011466,0.0,1,data/rabi/india/2016-17/g0_1539.tif
g0_1550.tif,2016-17,S2A_MSIL2A_20161228T052222_R062_T43QEU_20210215T084459,2016-12-28,2.12,0.025307,0.0014,1,data/rabi/india/2016-17/g0_1550.tif
g0_1607.tif,2016-17,S2A_MSIL2A_20170216T051901_R062_T43QEV_20210208T131234,2017-02-16,2.12,0.022698,0.0,1,data/rabi/india/2016-17/g0_1607.tif
g0_1635.tif,2016-17,S2A_MSIL2A_20161228T052222_R062_T43QEU_20210215T084459,2016-12-28,2.12,0.025307,0.0,1,data/rabi/india/2016-17/g0_1635.tif
g0_1651.tif,2016-17,S2A_MSIL2A_20170215T054921_R048_T42QXJ_20210208T124424,2017-02-15,2.12,0.017488,0.0,1,data/rabi/india/2016-17/g0_1651.tif
g0_1687.tif,2016-17,S2A_MSIL2A_20170130T053041_R105_T43QEV_20210208T004658,2017-01-30,2.12,0.00827,0.0,1,data/rabi/india/2016-17/g0_1687.tif
g0_1721.tif,2016-17,S2A_MSIL2A_20170223T050811_R019_T43PHN_20210208T160634,2017-02-23,2.12,0.011125,0.0,1,data/rabi/india/2016-17/g0_1721.tif
g0_1762.tif,2016-17,S2A_MSIL2A_20161222T050222_R119_T44PMC_20210213T232857,2016-12-22,2.12,0.044396,0.0001,1,data/rabi/india/2016-17/g0_1762.tif
g0_1776.tif,2016-17,S2A_MSIL2A_20170223T050811_R019_T44QLD_20210208T160643,2017-02-23,2.12,0.021719,0.0,1,data/rabi/india/2016-17/g0_1776.tif
g0_1794.tif,2016-17,S2A_MSIL2A_20161222T050222_R119_T44PMC_20210213T232857,2016-12-22,2.12,0.044396,0.0002,1,data/rabi/india/2016-17/g0_1794.tif
g0_1806.tif,2016-17,S2A_MSIL2A_20170216T051901_R062_T43QFV_20210208T131242,2017-02-16,2.12,0.011466,0.0,1,data/rabi/india/2016-17/g0_1806.tif
g0_1820.tif,2016-17,S2A_MSIL2A_20170131T050031_R119_T44QNG_20210208T014857,2017-01-31,2.12,0.01561,0.0,1,data/rabi/india/2016-17/g0_1820.tif
g0_1822.tif,2016-17,S2A_MSIL2A_20170223T050811_R019_T44PLC_20210208T160640,2017-02-23,2.12,0.014263,0.0,1,data/rabi/india/2016-17/g0_1822.tif
g0_1839.tif,2016-17,S2A_MSIL2A_20170215T054921_R048_T42QXJ_20210208T124424,2017-02-15,2.12,0.017488,0.0,1,data/rabi/india/2016-17/g0_1839.tif
g0_1845.tif,2016-17,S2A_MSIL2A_20161222T050222_R119_T44PMC_20210213T232857,2016-12-22,2.12,0.044396,0.001,1,data/rabi/india/2016-17/g0_1845.tif
g0_1850.tif,2016-17,S2A_MSIL2A_20161228T052222_R062_T43QEU_20210215T084459,2016-12-28,2.12,0.025307,0.0,1,data/rabi/india/2016-17/g0_1850.tif
g0_1869.tif,2016-17,S2A_MSIL2A_20161222T050222_R119_T44PMC_20210213T232857,2016-12-22,2.12,0.044396,0.0,1,data/rabi/india/2016-17/g0_1869.tif
g0_1901.tif,2016-17,S2A_MSIL2A_20170130T053041_R105_T43QEU_20210208T004654,2017-01-30,2.12,0.006256,0.0,1,data/rabi/india/2016-17/g0_1901.tif
g0_1922.tif,2016-17,S2A_MSIL2A_20170130T053041_R105_T43QEV_20210208T004658,2017-01-30,2.12,0.00827,0.0,1,data/rabi/india/2016-17/g0_1922.tif
g0_1938.tif,2016-17,S2A_MSIL2A_20170216T051901_R062_T43QEV_20210208T131234,2017-02-16,2.12,0.022698,0.0,1,data/rabi/india/2016-17/g0_1938.tif
g0_1951.tif,2016-17,S2A_MSIL2A_20170223T050811_R019_T43PHN_20210208T160634,2017-02-23,2.12,0.011125,0.0,1,data/rabi/india/2016-17/g0_1951.tif
g0_1985.tif,2016-17,S2A_MSIL2A_20170216T051901_R062_T43QFV_20210208T131242,2017-02-16,2.12,0.011466,0.0,1,data/rabi/india/2016-17/g0_1985.tif
g1_0209.tif,2016-17,S2A_MSIL2A_20170207T044931_R076_T44QQG_20210208T075916,2017-02-07,2.12,0.007964,0.0,1,data/rabi/india/2016-17/g1_0209.tif
g1_0255.tif,2016-17,S2A_MSIL2A_20170217T044841_R076_T44QQF_20210208T133708,2017-02-17,2.12,0.026439,0.0,1,data/rabi/india/2016-17/g1_0255.tif
g1_0263.tif,2016-17,S2A_MSIL2A_20170131T050031_R119_T44QPF_20210208T014904,2017-01-31,2.12,0.032369,0.0004,1,data/rabi/india/2016-17/g1_0263.tif
g1_0264.tif,2016-17,S2A_MSIL2A_20170217T044841_R076_T44QQF_20210208T133708,2017-02-17,2.12,0.026439,0.0,1,data/rabi/india/2016-17/g1_0264.tif
g1_0474.tif,2016-17,S2A_MSIL2A_20170217T044841_R076_T44QQF_20210208T133708,2017-02-17,2.12,0.026439,0.0,1,data/rabi/india/2016-17/g1_0474.tif
g1_0482.tif,2016-17,S2A_MSIL2A_20170207T044931_R076_T44QQG_20210208T075916,2017-02-07,2.12,0.007964,0.0023,1,data/rabi/india/2016-17/g1_0482.tif
g1_0530.tif,2016-17,S2A_MSIL2A_20170210T045931_R119_T44QPJ_20210208T095006,2017-02-10,2.12,0.030053,0.0,1,data/rabi/india/2016-17/g1_0530.tif
g1_0589.tif,2016-17,S2A_MSIL2A_20170217T044841_R076_T44QQF_20210208T133708,2017-02-17,2.12,0.026439,0.0,1,data/rabi/india/2016-17/g1_0589.tif
g1_0730.tif,2016-17,S2A_MSIL2A_20170210T045931_R119_T44QPJ_20210208T095006,2017-02-10,2.12,0.030053,0.0005,1,data/rabi/india/2016-17/g1_0730.tif
g1_0775.tif,2016-17,S2A_MSIL2A_20170210T045931_R119_T44QQJ_20210208T095006,2017-02-10,2.12,0.015739,0.0,1,data/rabi/india/2016-17/g1_0775.tif
g1_0817.tif,2016-17,S2A_MSIL2A_20170217T044841_R076_T44QQF_20210208T133708,2017-02-17,2.12,0.026439,0.0,1,data/rabi/india/2016-17/g1_0817.tif
g1_0890.tif,2016-17,S2A_MSIL2A_20170210T045931_R119_T44QPJ_20210208T095006,2017-02-10,2.12,0.030053,0.0,1,data/rabi/india/2016-17/g1_0890.tif
g1_1012.tif,2016-17,S2A_MSIL2A_20170217T044841_R076_T44QQF_20210208T133708,2017-02-17,2.12,0.026439,0.0001,1,data/rabi/india/2016-17/g1_1012.tif
g1_1072.tif,2016-17,S2A_MSIL2A_20170210T045931_R119_T44QPJ_20210208T095006,2017-02-10,2.12,0.030053,0.0002,1,data/rabi/india/2016-17/g1_1072.tif
g1_1136.tif,2016-17,S2A_MSIL2A_20170217T044841_R076_T44QQF_20210208T133708,2017-02-17,2.12,0.026439,0.0,1,data/rabi/india/2016-17/g1_1136.tif
g1_1191.tif,2016-17,S2A_MSIL2A_20170210T045931_R119_T44QPJ_20210208T095006,2017-02-10,2.12,0.030053,0.0017,1,data/rabi/india/2016-17/g1_1191.tif
g1_1248.tif,2016-17,S2A_MSIL2A_20170131T050031_R119_T44QPG_20210208T014909,2017-01-31,2.12,0.02935,0.0014,1,data/rabi/india/2016-17/g1_1248.tif
g1_1530.tif,2016-17,S2A_MSIL2A_20170131T050031_R119_T44QPG_20210208T014909,2017-01-31,2.12,0.02935,0.0,1,data/rabi/india/2016-17/g1_1530.tif
g1_1556.tif,2016-17,S2A_MSIL2A_20170207T044931_R076_T44QQG_20210208T075916,2017-02-07,2.12,0.007964,0.0,1,data/rabi/india/2016-17/g1_1556.tif
g1_1578.tif,2016-17,S2A_MSIL2A_20170210T045931_R119_T44QPJ_20210208T095006,2017-02-10,2.12,0.030053,0.0,1,data/rabi/india/2016-17/g1_1578.tif
g1_1703.tif,2016-17,S2A_MSIL2A_20170217T044841_R076_T44QQF_20210208T133708,2017-02-17,2.12,0.026439,0.0005,1,data/rabi/india/2016-17/g1_1703.tif
g1_1747.tif,2016-17,S2A_MSIL2A_20170210T045931_R119_T44QQJ_20210208T095006,2017-02-10,2.12,0.015739,0.0,1,data/rabi/india/2016-17/g1_1747.tif
g1_1828.tif,2016-17,S2A_MSIL2A_20170210T045931_R119_T44QPJ_20210208T095006,2017-02-10,2.12,0.030053,0.0,1,data/rabi/india/2016-17/g1_1828.tif
g1_1874.tif,2016-17,S2A_MSIL2A_20170217T044841_R076_T44QQF_20210208T133708,2017-02-17,2.12,0.026439,0.0,1,data/rabi/india/2016-17/g1_1874.tif
g1_1880.tif,2016-17,S2A_MSIL2A_20170210T045931_R119_T44QQJ_20210208T095006,2017-02-10,2.12,0.015739,0.0002,1,data/rabi/india/2016-17/g1_1880.tif
g1_1927.tif,2016-17,S2A_MSIL2A_20170217T044841_R076_T44QQF_20210208T133708,2017-02-17,2.12,0.026439,0.0,1,data/rabi/india/2016-17/g1_1927.tif
g1_1932.tif,2016-17,S2A_MSIL2A_20170217T044841_R076_T44QRF_20210208T133709,2017-02-17,2.12,0.025886,0.0,1,data/rabi/india/2016-17/g1_1932.tif
g1_1946.tif,2016-17,S2A_MSIL2A_20170131T050031_R119_T44QPG_20210208T014909,2017-01-31,2.12,0.02935,0.0003,1,data/rabi/india/2016-17/g1_1946.tif
g1_1962.tif,2016-17,S2A_MSIL2A_20170131T050031_R119_T44QPG_20210208T014909,2017-01-31,2.12,0.02935,0.0,1,data/rabi/india/2016-17/g1_1962.tif
g1_1975.tif,2016-17,S2A_MSIL2A_20170131T050031_R119_T44QPH_20210208T014909,2017-01-31,2.12,0.01707,0.0,1,data/rabi/india/2016-17/g1_1975.tif
g2_0000.tif,2016-17,S2A_MSIL2A_20161224T054232_R005_T43RCK_20210214T001114,2016-12-24,2.12,0.036921,0.0003,1,data/rabi/india/2016-17/g2_0000.tif
g2_0002.tif,2016-17,S2A_MSIL2A_20170130T053041_R105_T43RFL_20210208T004718,2017-01-30,2.12,0.064144,0.0,1,data/rabi/india/2016-17/g2_0002.tif
g2_0006.tif,2016-17,S2A_MSIL2A_20170223T050811_R019_T44RNN_20210208T160658,2017-02-23,2.12,0.011742,0.0,1,data/rabi/india/2016-17/g2_0006.tif
g2_0007.tif,2016-17,S2A_MSIL2A_20170130T053041_R105_T43RFL_20210208T004718,2017-01-30,2.12,0.064144,0.0,1,data/rabi/india/2016-17/g2_0007.tif
g2_0010.tif,2016-17,S2A_MSIL2A_20161211T053222_R105_T43REK_20210213T195115,2016-12-11,2.12,0.260842,0.0,1,data/rabi/india/2016-17/g2_0010.tif
g2_0011.tif,2016-17,S2A_MSIL2A_20161224T054232_R005_T43RDM_20210214T001115,2016-12-24,2.12,0.001914,0.0,1,data/rabi/india/2016-17/g2_0011.tif
g2_0013.tif,2016-17,S2A_MSIL2A_20161224T054232_R005_T43RCL_20210214T001103,2016-12-24,2.12,0.008577,0.0,1,data/rabi/india/2016-17/g2_0013.tif
g2_0017.tif,2016-17,S2A_MSIL2A_20170130T053041_R105_T43RFH_20210208T004717,2017-01-30,2.12,0.05135,0.0,1,data/rabi/india/2016-17/g2_0017.tif
g2_0018.tif,2016-17,S2A_MSIL2A_20161201T054122_R105_T43REK_20210213T165030,2016-12-01,2.12,0.136424,0.0006,1,data/rabi/india/2016-17/g2_0018.tif
g2_0022.tif,2016-17,S2A_MSIL2A_20161214T054232_R005_T43QCF_20210213T204759,2016-12-14,2.12,0.017837,0.0,1,data/rabi/india/2016-17/g2_0022.tif
g2_0060.tif,2016-17,S2A_MSIL2A_20161211T053222_R105_T43RFJ_20210213T195118,2016-12-11,2.12,0.294982,0.0,1,data/rabi/india/2016-17/g2_0060.tif
g2_0062.tif,2016-17,S2A_MSIL2A_20161221T053232_R105_T43RFK_20210213T230914,2016-12-21,2.12,0.8194,0.0004,1,data/rabi/india/2016-17/g2_0062.tif
g2_0065.tif,2016-17,S2A_MSIL2A_20170223T050811_R019_T44RPP_20210208T160701,2017-02-23,2.12,0.024225,0.0,1,data/rabi/india/2016-17/g2_0065.tif
g2_0071.tif,2016-17,S2A_MSIL2A_20161221T053232_R105_T43RGL_20210213T230922,2016-12-21,2.12,0.041821,0.0,1,data/rabi/india/2016-17/g2_0071.tif
g2_0072.tif,2016-17,S2A_MSIL2A_20161231T053222_R105_T43REH_20210214T020432,2016-12-31,2.12,0.024091,0.0,1,data/rabi/india/2016-17/g2_0072.tif
g2_0075.tif,2016-17,S2A_MSIL2A_20161211T053222_R105_T43REL_20210213T195114,2016-12-11,2.12,0.019461,0.0,1,data/rabi/india/2016-17/g2_0075.tif
g2_0077.tif,2016-17,S2A_MSIL2A_20170212T053931_R005_T43REN_20210208T110514,2017-02-12,2.12,0.030838,0.0045,1,data/rabi/india/2016-17/g2_0077.tif
g2_0098.tif,2016-17,S2A_MSIL2A_20161214T054232_R005_T42RZP_20210213T204750,2016-12-14,2.12,0.047697,0.0,1,data/rabi/india/2016-17/g2_0098.tif
g2_0101.tif,2016-17,S2A_MSIL2A_20170212T053931_R005_T43RDN_20210208T110513,2017-02-12,2.12,0.067664,0.0,1,data/rabi/india/2016-17/g2_0101.tif
g2_0105.tif,2016-17,S2A_MSIL2A_20161224T054232_R005_T43QBE_20210214T001052,2016-12-24,2.12,0.22331,0.0,1,data/rabi/india/2016-17/g2_0105.tif
g2_0112.tif,2016-17,S2A_MSIL2A_20170223T050811_R019_T44RNP_20210208T160708,2017-02-23,2.12,0.047193,0.0002,1,data/rabi/india/2016-17/g2_0112.tif
g2_0115.tif,2016-17,S2A_MSIL2A_20161214T054232_R005_T42RZP_20210213T204750,2016-12-14,2.12,0.047697,0.0,1,data/rabi/india/2016-17/g2_0115.tif
g2_0134.tif,2016-17,S2A_MSIL2A_20161211T053222_R105_T43REJ_20210213T195114,2016-12-11,2.12,0.034283,0.0,1,data/rabi/india/2016-17/g2_0134.tif
g2_0135.tif,2016-17,S2A_MSIL2A_20170212T053931_R005_T43RDN_20210208T110513,2017-02-12,2.12,0.067664,0.0,1,data/rabi/india/2016-17/g2_0135.tif
g2_0137.tif,2016-17,S2A_MSIL2A_20170215T054921_R048_T42QXK_20210208T124422,2017-02-15,2.12,0.064622,0.0,1,data/rabi/india/2016-17/g2_0137.tif
g2_0139.tif,2016-17,S2A_MSIL2A_20170216T051901_R062_T44RMS_20210208T131303,2017-02-16,2.12,22.571099,0.0,1,data/rabi/india/2016-17/g2_0139.tif
g2_0143.tif,2016-17,S2A_MSIL2A_20161214T054232_R005_T42QZL_20210213T204750,2016-12-14,2.12,0.103819,0.0002,1,data/rabi/india/2016-17/g2_0143.tif
g2_0149.tif,2016-17,S2A_MSIL2A_20161224T054232_R005_T42QZK_20210214T001050,2016-12-24,2.12,0.247418,0.0,1,data/rabi/india/2016-17/g2_0149.tif
g2_0165.tif,2016-17,S2A_MSIL2A_20161224T054232_R005_T43QBE_20210214T001052,2016-12-24,2.12,0.22331,0.0,1,data/rabi/india/2016-17/g2_0165.tif
g2_0166.tif,2016-17,S2A_MSIL2A_20161221T053232_R105_T44RKS_20210213T230922,2016-12-21,2.12,0.047606,0.0004,1,data/rabi/india/2016-17/g2_0166.tif
g2_0187.tif,2016-17,S2A_MSIL2A_20161214T054232_R005_T43QBF_20210213T204755,2016-12-14,2.12,0.092219,0.0,1,data/rabi/india/2016-17/g2_0187.tif
g2_0205.tif,2016-17,S2A_MSIL2A_20170130T053041_R105_T43RFH_20210208T004717,2017-01-30,2.12,0.05135,0.0,1,data/rabi/india/2016-17/g2_0205.tif
g2_0215.tif,2016-17,S2A_MSIL2A_20170212T053931_R005_T43RDN_20210208T110513,2017-02-12,2.12,0.067664,0.0,1,data/rabi/india/2016-17/g2_0215.tif
g2_0237.tif,2016-17,S2A_MSIL2A_20170223T050811_R019_T44RNN_20210208T160658,2017-02-23,2.12,0.011742,0.0,1,data/rabi/india/2016-17/g2_0237.tif
g2_0239.tif,2016-17,S2A_MSIL2A_20161221T053232_R105_T44RKT_20210213T230922,2016-12-21,2.12,0.451004,0.0,1,data/rabi/india/2016-17/g2_0239.tif
g2_0243.tif,2016-17,S2A_MSIL2A_20161201T054122_R105_T43REK_20210213T165030,2016-12-01,2.12,0.136424,0.0,1,data/rabi/india/2016-17/g2_0243.tif
g2_0272.tif,2016-17,S2A_MSIL2A_20161221T053232_R105_T43RFM_20210213T230914,2016-12-21,2.12,0.291877,0.0009,1,data/rabi/india/2016-17/g2_0272.tif
g2_0275.tif,2016-17,S2A_MSIL2A_20161208T052212_R062_T43QGF_20210213T185431,2016-12-08,2.12,0.022684,0.0,1,data/rabi/india/2016-17/g2_0275.tif
g2_0276.tif,2016-17,S2A_MSIL2A_20161224T054232_R005_T43RCL_20210214T001103,2016-12-24,2.12,0.008577,0.0,1,data/rabi/india/2016-17/g2_0276.tif
g2_0282.tif,2016-17,S2A_MSIL2A_20161221T053232_R105_T43RFK_20210213T230914,2016-12-21,2.12,0.8194,0.0008,1,data/rabi/india/2016-17/g2_0282.tif
g2_0291.tif,2016-17,S2A_MSIL2A_20161224T054232_R005_T43RCK_20210214T001114,2016-12-24,2.12,0.036921,0.0,1,data/rabi/india/2016-17/g2_0291.tif
g2_0298.tif,2016-17,S2A_MSIL2A_20170223T050811_R019_T44RNN_20210208T160658,2017-02-23,2.12,0.011742,0.0,1,data/rabi/india/2016-17/g2_0298.tif
g2_0307.tif,2016-17,S2A_MSIL2A_20170209T052951_R105_T43QDF_20210208T091709,2017-02-09,2.12,0.007001,0.0,1,data/rabi/india/2016-17/g2_0307.tif
g2_0314.tif,2016-17,S2A_MSIL2A_20170202T054031_R005_T43QCE_20210208T040306,2017-02-02,2.12,0.030225,0.0,1,data/rabi/india/2016-17/g2_0314.tif
g2_0315.tif,2016-17,S2A_MSIL2A_20161221T053232_R105_T44RKS_20210213T230922,2016-12-21,2.12,0.047606,0.0,1,data/rabi/india/2016-17/g2_0315.tif
g2_0326.tif,2016-17,S2A_MSIL2A_20161214T054232_R005_T43QCF_20210213T204759,2016-12-14,2.12,0.017837,0.0,1,data/rabi/india/2016-17/g2_0326.tif
g2_0335.tif,2016-17,S2A_MSIL2A_20161211T053222_R105_T43REJ_20210213T195114,2016-12-11,2.12,0.034283,0.0,1,data/rabi/india/2016-17/g2_0335.tif
g2_0336.tif,2016-17,S2A_MSIL2A_20161211T053222_R105_T43REM_20210213T195113,2016-12-11,2.12,0.017462,0.0,1,data/rabi/india/2016-17/g2_0336.tif
g2_0338.tif,2016-17,S2A_MSIL2A_20170226T053111_R062_T43RGK_20210208T171738,2017-02-26,2.12,0.021332,0.0,1,data/rabi/india/2016-17/g2_0338.tif
g2_0340.tif,2016-17,S2A_MSIL2A_20161221T053232_R105_T43RFK_20210213T230914,2016-12-21,2.12,0.8194,0.0003,1,data/rabi/india/2016-17/g2_0340.tif
g2_0344.tif,2016-17,S2A_MSIL2A_20161228T052222_R062_T44RLN_20210215T093115,2016-12-28,2.12,0.004204,0.0,1,data/rabi/india/2016-17/g2_0344.tif
g2_0345.tif,2016-17,S2A_MSIL2A_20170202T054031_R005_T43QDF_20210208T040304,2017-02-02,2.12,0.002856,0.0,1,data/rabi/india/2016-17/g2_0345.tif
g2_0348.tif,2016-17,S2A_MSIL2A_20161221T053232_R105_T43RFM_20210213T230914,2016-12-21,2.12,0.291877,0.0002,1,data/rabi/india/2016-17/g2_0348.tif
g2_0358.tif,2016-17,S2A_MSIL2A_20161208T052212_R062_T43QGE_20210213T185428,2016-12-08,2.12,0.002465,0.0,1,data/rabi/india/2016-17/g2_0358.tif
g2_0367.tif,2016-17,S2A_MSIL2A_20170210T045931_R119_T44RPN_20210208T095011,2017-02-10,2.12,0.061813,0.0,1,data/rabi/india/2016-17/g2_0367.tif
g2_0368.tif,2016-17,S2A_MSIL2A_20161231T053222_R105_T43QDG_20210214T020426,2016-12-31,2.12,0.022951,0.0,1,data/rabi/india/2016-17/g2_0368.tif
g2_0373.tif,2016-17,S2A_MSIL2A_20161224T054232_R005_T43REL_20210214T001106,2016-12-24,2.12,0.009455,0.0,1,data/rabi/india/2016-17/g2_0373.tif
g2_0385.tif,2016-17,S2A_MSIL2A_20161208T052212_R062_T44RLT_20210213T185442,2016-12-08,2.12,23.858716,0.0,1,data/rabi/india/2016-17/g2_0385.tif
g2_0386.tif,2016-17,S2A_MSIL2A_20161221T053232_R105_T43RFM_20210213T230914,2016-12-21,2.12,0.291877,0.0006,1,data/rabi/india/2016-17/g2_0386.tif
g2_0388.tif,2016-17,S2A_MSIL2A_20161214T054232_R005_T43QDG_20210213T204754,2016-12-14,2.12,0.0129,0.0,1,data/rabi/india/2016-17/g2_0388.tif
g2_0399.tif,2016-17,S2A_MSIL2A_20161214T054232_R005_T43QBF_20210213T204755,2016-12-14,2.12,0.092219,0.0,1,data/rabi/india/2016-17/g2_0399.tif
g2_0400.tif,2016-17,S2A_MSIL2A_20161211T053222_R105_T43REJ_20210213T195114,2016-12-11,2.12,0.034283,0.0,1,data/rabi/india/2016-17/g2_0400.tif
g2_0406.tif,2016-17,S2A_MSIL2A_20161221T053232_R105_T44RKT_20210213T230922,2016-12-21,2.12,0.451004,0.0,1,data/rabi/india/2016-17/g2_0406.tif
g2_0410.tif,2016-17,S2A_MSIL2A_20161224T054232_R005_T43QBE_20210214T001052,2016-12-24,2.12,0.22331,0.0014,1,data/rabi/india/2016-17/g2_0410.tif
g2_0418.tif,2016-17,S2A_MSIL2A_20170209T052951_R105_T43QDF_20210208T091709,2017-02-09,2.12,0.007001,0.0,1,data/rabi/india/2016-17/g2_0418.tif
g2_0429.tif,2016-17,S2A_MSIL2A_20170223T050811_R019_T44RNP_20210208T160708,2017-02-23,2.12,0.047193,0.0,1,data/rabi/india/2016-17/g2_0429.tif
g2_0439.tif,2016-17,S2A_MSIL2A_20170223T050811_R019_T44QNM_20210208T160655,2017-02-23,2.12,0.018965,0.0002,1,data/rabi/india/2016-17/g2_0439.tif
g2_0454.tif,2016-17,S2A_MSIL2A_20161224T054232_R005_T43RCK_20210214T001114,2016-12-24,2.12,0.036921,0.0013,1,data/rabi/india/2016-17/g2_0454.tif
g2_0458.tif,2016-17,S2A_MSIL2A_20161224T054232_R005_T43REL_20210214T001106,2016-12-24,2.12,0.009455,0.0,1,data/rabi/india/2016-17/g2_0458.tif
g2_0463.tif,2016-17,S2A_MSIL2A_20161211T053222_R105_T43REL_20210213T195114,2016-12-11,2.12,0.019461,0.0,1,data/rabi/india/2016-17/g2_0463.tif
g2_0470.tif,2016-17,S2A_MSIL2A_20161211T053222_R105_T43REJ_20210213T195114,2016-12-11,2.12,0.034283,0.0,1,data/rabi/india/2016-17/g2_0470.tif
g2_0475.tif,2016-17,S2A_MSIL2A_20170216T051901_R062_T43QFE_20210208T131237,2017-02-16,2.12,0.005882,0.0,1,data/rabi/india/2016-17/g2_0475.tif
g2_0493.tif,2016-17,S2A_MSIL2A_20170223T050811_R019_T44RMP_20210208T160700,2017-02-23,2.12,0.031861,0.0,1,data/rabi/india/2016-17/g2_0493.tif
g2_0506.tif,2016-17,S2A_MSIL2A_20170130T053041_R105_T43RFH_20210208T004717,2017-01-30,2.12,0.05135,0.0,1,data/rabi/india/2016-17/g2_0506.tif
g2_0509.tif,2016-17,S2A_MSIL2A_20161231T053222_R105_T43QEG_20210214T020426,2016-12-31,2.12,0.021294,0.0,1,data/rabi/india/2016-17/g2_0509.tif
g2_0517.tif,2016-17,S2A_MSIL2A_20161214T054232_R005_T43QCF_20210213T204759,2016-12-14,2.12,0.017837,0.0,1,data/rabi/india/2016-17/g2_0517.tif
g2_0518.tif,2016-17,S2A_MSIL2A_20161224T054232_R005_T43RDM_20210214T001115,2016-12-24,2.12,0.001914,0.0,1,data/rabi/india/2016-17/g2_0518.tif
g2_0521.tif,2016-17,S2A_MSIL2A_20170212T053931_R005_T43REN_20210208T110514,2017-02-12,2.12,0.030838,0.0003,1,data/rabi/india/2016-17/g2_0521.tif
g2_0523.tif,2016-17,S2A_MSIL2A_20161214T054232_R005_T43QCF_20210213T204759,2016-12-14,2.12,0.017837,0.0,1,data/rabi/india/2016-17/g2_0523.tif
g2_0556.tif,2016-17,S2A_MSIL2A_20170223T050811_R019_T44RNN_20210208T160658,2017-02-23,2.12,0.011742,0.0001,1,data/rabi/india/2016-17/g2_0556.tif
g2_0559.tif,2016-17,S2A_MSIL2A_20170216T051901_R062_T43QFE_20210208T131237,2017-02-16,2.12,0.005882,0.0,1,data/rabi/india/2016-17/g2_0559.tif
g2_0563.tif,2016-17,S2A_MSIL2A_20161221T053232_R105_T43SGT_20210213T230926,2016-12-21,2.12,32.437272,0.0222,1,data/rabi/india/2016-17/g2_0563.tif
g2_0567.tif,2016-17,S2A_MSIL2A_20161228T052222_R062_T44RLP_20210215T090604,2016-12-28,2.12,0.174988,0.0001,1,data/rabi/india/2016-17/g2_0567.tif
g2_0575.tif,2016-17,S2A_MSIL2A_20161208T052212_R062_T43QGE_20210213T185428,2016-12-08,2.12,0.002465,0.0,1,data/rabi/india/2016-17/g2_0575.tif
g2_0576.tif,2016-17,S2A_MSIL2A_20161227T055232_R048_T42QYK_20210214T010622,2016-12-27,2.12,0.03398,0.0,1,data/rabi/india/2016-17/g2_0576.tif
g2_0588.tif,2016-17,S2A_MSIL2A_20170205T055021_R048_T43RBK_20210208T064420,2017-02-05,2.12,0.00877,0.0,1,data/rabi/india/2016-17/g2_0588.tif
g2_0594.tif,2016-17,S2A_MSIL2A_20161214T054232_R005_T43QCF_20210213T204759,2016-12-14,2.12,0.017837,0.0,1,data/rabi/india/2016-17/g2_0594.tif
g2_0608.tif,2016-17,S2A_MSIL2A_20170130T053041_R105_T43RFH_20210208T004717,2017-01-30,2.12,0.05135,0.0,1,data/rabi/india/2016-17/g2_0608.tif
g2_0611.tif,2016-17,S2A_MSIL2A_20161214T054232_R005_T43QBF_20210213T204755,2016-12-14,2.12,0.092219,0.003,1,data/rabi/india/2016-17/g2_0611.tif
g2_0617.tif,2016-17,S2A_MSIL2A_20161224T054232_R005_T43QBE_20210214T001052,2016-12-24,2.12,0.22331,0.004,1,data/rabi/india/2016-17/g2_0617.tif
g2_0631.tif,2016-17,S2A_MSIL2A_20170223T050811_R019_T44RPN_20210208T160654,2017-02-23,2.12,0.01084,0.0022,1,data/rabi/india/2016-17/g2_0631.tif
g2_0640.tif,2016-17,S2A_MSIL2A_20161211T053222_R105_T43REJ_20210213T195114,2016-12-11,2.12,0.034283,0.0,1,data/rabi/india/2016-17/g2_0640.tif
g2_0648.tif,2016-17,S2A_MSIL2A_20161224T054232_R005_T43RBL_20210214T001056,2016-12-24,2.12,0.009567,0.0,1,data/rabi/india/2016-17/g2_0648.tif
g2_0667.tif,2016-17,S2A_MSIL2A_20170223T050811_R019_T44RNN_20210208T160658,2017-02-23,2.12,0.011742,0.0,1,data/rabi/india/2016-17/g2_0667.tif
g2_0671.tif,2016-17,S2A_MSIL2A_20161224T054232_R005_T43RDM_20210214T001115,2016-12-24,2.12,0.001914,0.0,1,data/rabi/india/2016-17/g2_0671.tif
g2_0694.tif,2016-17,S2A_MSIL2A_20161208T052212_R062_T43QGE_20210213T185428,2016-12-08,2.12,0.002465,0.0,1,data/rabi/india/2016-17/g2_0694.tif
g2_0698.tif,2016-17,S2A_MSIL2A_20161224T054232_R005_T43RCK_20210214T001114,2016-12-24,2.12,0.036921,0.0,1,data/rabi/india/2016-17/g2_0698.tif
g2_0702.tif,2016-17,S2A_MSIL2A_20170226T053111_R062_T43RGK_20210208T171738,2017-02-26,2.12,0.021332,0.0004,1,data/rabi/india/2016-17/g2_0702.tif
g2_0714.tif,2016-17,S2A_MSIL2A_20170216T051901_R062_T44QKL_20210208T131254,2017-02-16,2.12,0.002183,0.0005,1,data/rabi/india/2016-17/g2_0714.tif
g2_0729.tif,2016-17,S2A_MSIL2A_20161228T052222_R062_T44RLP_20210215T090604,2016-12-28,2.12,0.174988,0.0,1,data/rabi/india/2016-17/g2_0729.tif
g2_0733.tif,2016-17,S2A_MSIL2A_20161211T053222_R105_T43REM_20210213T195113,2016-12-11,2.12,0.017462,0.0,1,data/rabi/india/2016-17/g2_0733.tif
g2_0756.tif,2016-17,S2A_MSIL2A_20170223T050811_R019_T44RMP_20210208T160700,2017-02-23,2.12,0.031861,0.0001,1,data/rabi/india/2016-17/g2_0756.tif
g2_0769.tif,2016-17,S2A_MSIL2A_20161211T053222_R105_T43REM_20210213T195113,2016-12-11,2.12,0.017462,0.0002,1,data/rabi/india/2016-17/g2_0769.tif
g2_0782.tif,2016-17,S2A_MSIL2A_20170223T050811_R019_T44RNP_20210208T160708,2017-02-23,2.12,0.047193,0.0,1,data/rabi/india/2016-17/g2_0782.tif
g2_0810.tif,2016-17,S2A_MSIL2A_20161231T053222_R105_T43QEG_20210214T020426,2016-12-31,2.12,0.021294,0.0,1,data/rabi/india/2016-17/g2_0810.tif
g2_0812.tif,2016-17,S2A_MSIL2A_20170212T053931_R005_T43RDN_20210208T110513,2017-02-12,2.12,0.067664,0.0001,1,data/rabi/india/2016-17/g2_0812.tif
g2_0818.tif,2016-17,S2A_MSIL2A_20161211T053222_R105_T43REJ_20210213T195114,2016-12-11,2.12,0.034283,0.0,1,data/rabi/india/2016-17/g2_0818.tif
g2_0821.tif,2016-17,S2A_MSIL2A_20170130T053041_R105_T43RFL_20210208T004718,2017-01-30,2.12,0.064144,0.0,1,data/rabi/india/2016-17/g2_0821.tif
g2_0831.tif,2016-17,S2A_MSIL2A_20170212T053931_R005_T43RDN_20210208T110513,2017-02-12,2.12,0.067664,0.0,1,data/rabi/india/2016-17/g2_0831.tif
g2_0847.tif,2016-17,S2A_MSIL2A_20161231T053222_R105_T43REH_20210214T020432,2016-12-31,2.12,0.024091,0.0,1,data/rabi/india/2016-17/g2_0847.tif
g2_0850.tif,2016-17,S2A_MSIL2A_20170202T054031_R005_T42QYL_20210208T040230,2017-02-02,2.12,0.169305,0.0,1,data/rabi/india/2016-17/g2_0850.tif
g2_0851.tif,2016-17,S2A_MSIL2A_20170130T053041_R105_T43RFL_20210208T004718,2017-01-30,2.12,0.064144,0.0,1,data/rabi/india/2016-17/g2_0851.tif
g2_0855.tif,2016-17,S2A_MSIL2A_20161228T052222_R062_T43RGJ_20210215T084045,2016-12-28,2.12,0.003754,0.0,1,data/rabi/india/2016-17/g2_0855.tif
g2_0857.tif,2016-17,S2A_MSIL2A_20161231T053222_R105_T43RDH_20210214T020427,2016-12-31,2.12,0.032997,0.0,1,data/rabi/india/2016-17/g2_0857.tif
g2_0859.tif,2016-17,S2A_MSIL2A_20161224T054232_R005_T43RDH_20210214T001110,2016-12-24,2.12,0.018819,0.0,1,data/rabi/india/2016-17/g2_0859.tif
g2_0870.tif,2016-17,S2A_MSIL2A_20161208T052212_R062_T44RLT_20210213T185442,2016-12-08,2.12,23.858716,0.0004,1,data/rabi/india/2016-17/g2_0870.tif
g2_0876.tif,2016-17,S2A_MSIL2A_20170131T050031_R119_T44QNM_20210208T014849,2017-01-31,2.12,0.017976,0.0,1,data/rabi/india/2016-17/g2_0876.tif
g2_0882.tif,2016-17,S2A_MSIL2A_20170223T050811_R019_T44RNN_20210208T160658,2017-02-23,2.12,0.011742,0.0,1,data/rabi/india/2016-17/g2_0882.tif
g2_0895.tif,2016-17,S2A_MSIL2A_20170223T050811_R019_T44RPP_20210208T160701,2017-02-23,2.12,0.024225,0.0,1,data/rabi/india/2016-17/g2_0895.tif
g2_0897.tif,2016-17,S2A_MSIL2A_20170223T050811_R019_T44RNP_20210208T160708,2017-02-23,2.12,0.047193,0.0,1,data/rabi/india/2016-17/g2_0897.tif
g2_0900.tif,2016-17,S2A_MSIL2A_20161224T054232_R005_T43RDH_20210214T001110,2016-12-24,2.12,0.018819,0.0,1,data/rabi/india/2016-17/g2_0900.tif
g2_0901.tif,2016-17,S2A_MSIL2A_20161214T054232_R005_T43QBF_20210213T204755,2016-12-14,2.12,0.092219,0.0095,1,data/rabi/india/2016-17/g2_0901.tif
g2_0914.tif,2016-17,S2A_MSIL2A_20170216T051901_R062_T44QKK_20210208T131252,2017-02-16,2.12,0.004623,0.0044,1,data/rabi/india/2016-17/g2_0914.tif
g2_0924.tif,2016-17,S2A_MSIL2A_20161224T054232_R005_T43RBL_20210214T001056,2016-12-24,2.12,0.009567,0.0,1,data/rabi/india/2016-17/g2_0924.tif
g2_0942.tif,2016-17,S2A_MSIL2A_20170223T050811_R019_T44RPN_20210208T160654,2017-02-23,2.12,0.01084,0.0,1,data/rabi/india/2016-17/g2_0942.tif
g2_0947.tif,2016-17,S2A_MSIL2A_20170223T050811_R019_T44RNN_20210208T160658,2017-02-23,2.12,0.011742,0.0,1,data/rabi/india/2016-17/g2_0947.tif
g2_0949.tif,2016-17,S2A_MSIL2A_20161231T053222_R105_T43REH_20210214T020432,2016-12-31,2.12,0.024091,0.0,1,data/rabi/india/2016-17/g2_0949.tif
g2_0953.tif,2016-17,S2A_MSIL2A_20161221T053232_R105_T43RGK_20210213T230914,2016-12-21,2.12,0.165046,0.0,1,data/rabi/india/2016-17/g2_0953.tif
g2_0971.tif,2016-17,S2A_MSIL2A_20170212T053931_R005_T43RDN_20210208T110513,2017-02-12,2.12,0.067664,0.0,1,data/rabi/india/2016-17/g2_0971.tif
g2_0976.tif,2016-17,S2A_MSIL2A_20161231T053222_R105_T43QEG_20210214T020426,2016-12-31,2.12,0.021294,0.0002,1,data/rabi/india/2016-17/g2_0976.tif
g2_0995.tif,2016-17,S2A_MSIL2A_20161214T054232_R005_T43QCF_20210213T204759,2016-12-14,2.12,0.017837,0.0,1,data/rabi/india/2016-17/g2_0995.tif
g2_1001.tif,2016-17,S2A_MSIL2A_20161221T053232_R105_T43RGL_20210213T230922,2016-12-21,2.12,0.041821,0.0003,1,data/rabi/india/2016-17/g2_1001.tif
g2_1016.tif,2016-17,S2A_MSIL2A_20161221T053232_R105_T43RGL_20210213T230922,2016-12-21,2.12,0.041821,0.0,1,data/rabi/india/2016-17/g2_1016.tif
g2_1017.tif,2016-17,S2A_MSIL2A_20170223T050811_R019_T44RNP_20210208T160708,2017-02-23,2.12,0.047193,0.0,1,data/rabi/india/2016-17/g2_1017.tif
g2_1022.tif,2016-17,S2A_MSIL2A_20161214T054232_R005_T43QBF_20210213T204755,2016-12-14,2.12,0.092219,0.0,1,data/rabi/india/2016-17/g2_1022.tif
g2_1030.tif,2016-17,S2A_MSIL2A_20161221T053232_R105_T43RGL_20210213T230922,2016-12-21,2.12,0.041821,0.0,1,data/rabi/india/2016-17/g2_1030.tif
g2_1043.tif,2016-17,S2A_MSIL2A_20161221T053232_R105_T43RFK_20210213T230914,2016-12-21,2.12,0.8194,0.0008,1,data/rabi/india/2016-17/g2_1043.tif
g2_1053.tif,2016-17,S2A_MSIL2A_20161231T053222_R105_T43QEG_20210214T020426,2016-12-31,2.12,0.021294,0.0,1,data/rabi/india/2016-17/g2_1053.tif
g2_1056.tif,2016-17,S2A_MSIL2A_20170223T050811_R019_T44RPN_20210208T160654,2017-02-23,2.12,0.01084,0.0,1,data/rabi/india/2016-17/g2_1056.tif
g2_1060.tif,2016-17,S2A_MSIL2A_20161221T053232_R105_T43RGK_20210213T230914,2016-12-21,2.12,0.165046,0.0011,1,data/rabi/india/2016-17/g2_1060.tif
g2_1062.tif,2016-17,S2A_MSIL2A_20170215T054921_R048_T42QXK_20210208T124422,2017-02-15,2.12,0.064622,0.0,1,data/rabi/india/2016-17/g2_1062.tif
g2_1073.tif,2016-17,S2A_MSIL2A_20161211T053222_R105_T43REL_20210213T195114,2016-12-11,2.12,0.019461,0.0,1,data/rabi/india/2016-17/g2_1073.tif
g2_1090.tif,2016-17,S2A_MSIL2A_20170223T050811_R019_T44RMP_20210208T160700,2017-02-23,2.12,0.031861,0.0,1,data/rabi/india/2016-17/g2_1090.tif
g2_1092.tif,2016-17,S2A_MSIL2A_20161228T052222_R062_T43RHJ_20210215T090012,2016-12-28,2.12,0.010375,0.0,1,data/rabi/india/2016-17/g2_1092.tif
g2_1111.tif,2016-17,S2A_MSIL2A_20161211T053222_R105_T43RFJ_20210213T195118,2016-12-11,2.12,0.294982,0.0,1,data/rabi/india/2016-17/g2_1111.tif
g2_1120.tif,2016-17,S2A_MSIL2A_20161224T054232_R005_T43QBE_20210214T001052,2016-12-24,2.12,0.22331,0.0,1,data/rabi/india/2016-17/g2_1120.tif
g2_1145.tif,2016-17,S2A_MSIL2A_20161228T052222_R062_T44RKS_20210215T085147,2016-12-28,2.12,29.275672,0.0297,1,data/rabi/india/2016-17/g2_1145.tif
g2_1148.tif,2016-17,S2A_MSIL2A_20170202T054031_R005_T42QYL_20210208T040230,2017-02-02,2.12,0.169305,0.0,1,data/rabi/india/2016-17/g2_1148.tif
g2_1149.tif,2016-17,S2A_MSIL2A_20161201T054122_R105_T43REK_20210213T165030,2016-12-01,2.12,0.136424,0.0,1,data/rabi/india/2016-17/g2_1149.tif
g2_1154.tif,2016-17,S2A_MSIL2A_20170130T053041_R105_T43RFH_20210208T004717,2017-01-30,2.12,0.05135,0.0,1,data/rabi/india/2016-17/g2_1154.tif
g2_1175.tif,2016-17,S2A_MSIL2A_20161224T054232_R005_T43REM_20210214T001110,2016-12-24,2.12,0.029655,0.0,1,data/rabi/india/2016-17/g2_1175.tif
g2_1178.tif,2016-17,S2A_MSIL2A_20161224T054232_R005_T43RCK_20210214T001114,2016-12-24,2.12,0.036921,0.0004,1,data/rabi/india/2016-17/g2_1178.tif
g2_1197.tif,2016-17,S2A_MSIL2A_20170223T050811_R019_T44RNP_20210208T160708,2017-02-23,2.12,0.047193,0.0,1,data/rabi/india/2016-17/g2_1197.tif
g2_1198.tif,2016-17,S2A_MSIL2A_20161231T053222_R105_T43QDG_20210214T020426,2016-12-31,2.12,0.022951,0.0,1,data/rabi/india/2016-17/g2_1198.tif
g2_1201.tif,2016-17,S2A_MSIL2A_20161231T053222_R105_T43REH_20210214T020432,2016-12-31,2.12,0.024091,0.0011,1,data/rabi/india/2016-17/g2_1201.tif
g2_1206.tif,2016-17,S2A_MSIL2A_20161228T052222_R062_T44RKT_20210215T091529,2016-12-28,2.12,14.751113,0.0,1,data/rabi/india/2016-17/g2_1206.tif
g2_1207.tif,2016-17,S2A_MSIL2A_20170212T053931_R005_T43RDN_20210208T110513,2017-02-12,2.12,0.067664,0.0,1,data/rabi/india/2016-17/g2_1207.tif
g2_1211.tif,2016-17,S2A_MSIL2A_20161211T053222_R105_T43REL_20210213T195114,2016-12-11,2.12,0.019461,0.0,1,data/rabi/india/2016-17/g2_1211.tif
g2_1217.tif,2016-17,S2A_MSIL2A_20161227T055232_R048_T42QYK_20210214T010622,2016-12-27,2.12,0.03398,0.0,1,data/rabi/india/2016-17/g2_1217.tif
g2_1233.tif,2016-17,S2A_MSIL2A_20161227T055232_R048_T42QWK_20210214T010621,2016-12-27,2.12,0.177793,0.0,1,data/rabi/india/2016-17/g2_1233.tif
g2_1241.tif,2016-17,S2A_MSIL2A_20161231T053222_R105_T43QEG_20210214T020426,2016-12-31,2.12,0.021294,0.0011,1,data/rabi/india/2016-17/g2_1241.tif
g2_1252.tif,2016-17,S2A_MSIL2A_20161227T055232_R048_T42QYK_20210214T010622,2016-12-27,2.12,0.03398,0.0,1,data/rabi/india/2016-17/g2_1252.tif
g2_1264.tif,2016-17,S2A_MSIL2A_20161224T054232_R005_T43RDH_20210214T001110,2016-12-24,2.12,0.018819,0.0,1,data/rabi/india/2016-17/g2_1264.tif
g2_1265.tif,2016-17,S2A_MSIL2A_20161221T053232_R105_T44RKT_20210213T230922,2016-12-21,2.12,0.451004,0.0,1,data/rabi/india/2016-17/g2_1265.tif
g2_1268.tif,2016-17,S2A_MSIL2A_20161221T053232_R105_T43RFK_20210213T230914,2016-12-21,2.12,0.8194,0.0,1,data/rabi/india/2016-17/g2_1268.tif
g2_1274.tif,2016-17,S2A_MSIL2A_20161224T054232_R005_T43RBL_20210214T001056,2016-12-24,2.12,0.009567,0.0,1,data/rabi/india/2016-17/g2_1274.tif
g2_1287.tif,2016-17,S2A_MSIL2A_20170205T055021_R048_T43RBK_20210208T064420,2017-02-05,2.12,0.00877,0.0,1,data/rabi/india/2016-17/g2_1287.tif
g2_1290.tif,2016-17,S2A_MSIL2A_20170223T050811_R019_T44RMP_20210208T160700,2017-02-23,2.12,0.031861,0.0,1,data/rabi/india/2016-17/g2_1290.tif
g2_1293.tif,2016-17,S2A_MSIL2A_20161214T054232_R005_T43QBF_20210213T204755,2016-12-14,2.12,0.092219,0.0,1,data/rabi/india/2016-17/g2_1293.tif
g2_1299.tif,2016-17,S2A_MSIL2A_20170205T055021_R048_T43RBK_20210208T064420,2017-02-05,2.12,0.00877,0.0,1,data/rabi/india/2016-17/g2_1299.tif
g2_1300.tif,2016-17,S2A_MSIL2A_20170223T050811_R019_T44RPN_20210208T160654,2017-02-23,2.12,0.01084,0.0,1,data/rabi/india/2016-17/g2_1300.tif
g2_1305.tif,2016-17,S2A_MSIL2A_20161211T053222_R105_T43REJ_20210213T195114,2016-12-11,2.12,0.034283,0.0011,1,data/rabi/india/2016-17/g2_1305.tif
g2_1307.tif,2016-17,S2A_MSIL2A_20161231T053222_R105_T43QDG_20210214T020426,2016-12-31,2.12,0.022951,0.0,1,data/rabi/india/2016-17/g2_1307.tif
g2_1309.tif,2016-17,S2A_MSIL2A_20170130T053041_R105_T43RFL_20210208T004718,2017-01-30,2.12,0.064144,0.0001,1,data/rabi/india/2016-17/g2_1309.tif
g2_1310.tif,2016-17,S2A_MSIL2A_20170223T050811_R019_T44QPM_20210208T160649,2017-02-23,2.12,0.02286,0.0044,1,data/rabi/india/2016-17/g2_1310.tif
g2_1321.tif,2016-17,S2A_MSIL2A_20161208T052212_R062_T43QFF_20210213T185422,2016-12-08,2.12,0.009918,0.0,1,data/rabi/india/2016-17/g2_1321.tif
g2_1330.tif,2016-17,S2A_MSIL2A_20170223T050811_R019_T44RNN_20210208T160658,2017-02-23,2.12,0.011742,0.0,1,data/rabi/india/2016-17/g2_1330.tif
g2_1340.tif,2016-17,S2A_MSIL2A_20161231T053222_R105_T43REH_20210214T020432,2016-12-31,2.12,0.024091,0.0,1,data/rabi/india/2016-17/g2_1340.tif
g2_1346.tif,2016-17,S2A_MSIL2A_20161221T053232_R105_T43RFK_20210213T230914,2016-12-21,2.12,0.8194,0.0001,1,data/rabi/india/2016-17/g2_1346.tif
g2_1348.tif,2016-17,S2A_MSIL2A_20170223T050811_R019_T44RNN_20210208T160658,2017-02-23,2.12,0.011742,0.0,1,data/rabi/india/2016-17/g2_1348.tif
g2_1352.tif,2016-17,S2A_MSIL2A_20170223T050811_R019_T44RNN_20210208T160658,2017-02-23,2.12,0.011742,0.0,1,data/rabi/india/2016-17/g2_1352.tif
g2_1364.tif,2016-17,S2A_MSIL2A_20170223T050811_R019_T44RNP_20210208T160708,2017-02-23,2.12,0.047193,0.0003,1,data/rabi/india/2016-17/g2_1364.tif
g2_1368.tif,2016-17,S2A_MSIL2A_20161208T052212_R062_T44RLT_20210213T185442,2016-12-08,2.12,23.858716,0.0,1,data/rabi/india/2016-17/g2_1368.tif
g2_1374.tif,2016-17,S2A_MSIL2A_20161228T052222_R062_T43RGJ_20210215T084045,2016-12-28,2.12,0.003754,0.0,1,data/rabi/india/2016-17/g2_1374.tif
g2_1376.tif,2016-17,S2A_MSIL2A_20170223T050811_R019_T44RNN_20210208T160658,2017-02-23,2.12,0.011742,0.0,1,data/rabi/india/2016-17/g2_1376.tif
g2_1380.tif,2016-17,S2A_MSIL2A_20161228T052222_R062_T44RLT_20210215T090002,2016-12-28,2.12,28.714228,0.0,2,data/rabi/india/2016-17/g2_1380.tif
g2_1384.tif,2016-17,S2A_MSIL2A_20170209T052951_R105_T43QFF_20210208T091726,2017-02-09,2.12,0.008641,0.0,1,data/rabi/india/2016-17/g2_1384.tif
g2_1386.tif,2016-17,S2A_MSIL2A_20161224T054232_R005_T43RCK_20210214T001114,2016-12-24,2.12,0.036921,0.0,1,data/rabi/india/2016-17/g2_1386.tif
g2_1393.tif,2016-17,S2A_MSIL2A_20170223T050811_R019_T44RPN_20210208T160654,2017-02-23,2.12,0.01084,0.0,1,data/rabi/india/2016-17/g2_1393.tif
g2_1395.tif,2016-17,S2A_MSIL2A_20170223T050811_R019_T44QNM_20210208T160655,2017-02-23,2.12,0.018965,0.0,1,data/rabi/india/2016-17/g2_1395.tif
g2_1398.tif,2016-17,S2A_MSIL2A_20161224T054232_R005_T43RBL_20210214T001056,2016-12-24,2.12,0.009567,0.0,1,data/rabi/india/2016-17/g2_1398.tif
g2_1404.tif,2016-17,S2A_MSIL2A_20161228T052222_R062_T44RLP_20210215T090604,2016-12-28,2.12,0.174988,0.0,1,data/rabi/india/2016-17/g2_1404.tif
g2_1418.tif,2016-17,S2A_MSIL2A_20161201T054122_R105_T43REK_20210213T165030,2016-12-01,2.12,0.136424,0.0032,1,data/rabi/india/2016-17/g2_1418.tif
g2_1433.tif,2016-17,S2A_MSIL2A_20161231T053222_R105_T43QEG_20210214T020426,2016-12-31,2.12,0.021294,0.0006,1,data/rabi/india/2016-17/g2_1433.tif
g2_1439.tif,2016-17,S2A_MSIL2A_20170223T050811_R019_T44RNN_20210208T160658,2017-02-23,2.12,0.011742,0.0,1,data/rabi/india/2016-17/g2_1439.tif
g2_1451.tif,2016-17,S2A_MSIL2A_20161221T053232_R105_T43RFK_20210213T230914,2016-12-21,2.12,0.8194,0.0,1,data/rabi/india/2016-17/g2_1451.tif
g2_1467.tif,2016-17,S2A_MSIL2A_20161221T053232_R105_T43RFK_20210213T230914,2016-12-21,2.12,0.8194,0.0,1,data/rabi/india/2016-17/g2_1467.tif
g2_1471.tif,2016-17,S2A_MSIL2A_20161214T054232_R005_T43QDG_20210213T204754,2016-12-14,2.12,0.0129,0.0,1,data/rabi/india/2016-17/g2_1471.tif
g2_1474.tif,2016-17,S2A_MSIL2A_20161224T054232_R005_T43REL_20210214T001106,2016-12-24,2.12,0.009455,0.0,1,data/rabi/india/2016-17/g2_1474.tif
g2_1475.tif,2016-17,S2A_MSIL2A_20161227T055232_R048_T42QYK_20210214T010622,2016-12-27,2.12,0.03398,0.0002,1,data/rabi/india/2016-17/g2_1475.tif
g2_1478.tif,2016-17,S2A_MSIL2A_20161214T054232_R005_T43QBF_20210213T204755,2016-12-14,2.12,0.092219,0.0,1,data/rabi/india/2016-17/g2_1478.tif
g2_1488.tif,2016-17,S2A_MSIL2A_20170223T050811_R019_T44RMP_20210208T160700,2017-02-23,2.12,0.031861,0.0,1,data/rabi/india/2016-17/g2_1488.tif
g2_1500.tif,2016-17,S2A_MSIL2A_20170130T053041_R105_T43RFL_20210208T004718,2017-01-30,2.12,0.064144,0.0409,1,data/rabi/india/2016-17/g2_1500.tif
g2_1511.tif,2016-17,S2A_MSIL2A_20170202T054031_R005_T43QCE_20210208T040306,2017-02-02,2.12,0.030225,0.0,1,data/rabi/india/2016-17/g2_1511.tif
g2_1516.tif,2016-17,S2A_MSIL2A_20161224T054232_R005_T43REL_20210214T001106,2016-12-24,2.12,0.009455,0.0,1,data/rabi/india/2016-17/g2_1516.tif
g2_1517.tif,2016-17,S2A_MSIL2A_20170223T050811_R019_T44RLP_20210208T160649,2017-02-23,2.12,0.04128,0.0,1,data/rabi/india/2016-17/g2_1517.tif
g2_1521.tif,2016-17,S2A_MSIL2A_20170223T050811_R019_T44RPP_20210208T160701,2017-02-23,2.12,0.024225,0.0,1,data/rabi/india/2016-17/g2_1521.tif
g2_1523.tif,2016-17,S2A_MSIL2A_20170223T050811_R019_T44RNN_20210208T160658,2017-02-23,2.12,0.011742,0.0,1,data/rabi/india/2016-17/g2_1523.tif
g2_1527.tif,2016-17,S2A_MSIL2A_20161208T052212_R062_T43QFF_20210213T185422,2016-12-08,2.12,0.009918,0.0,1,data/rabi/india/2016-17/g2_1527.tif
g2_1535.tif,2016-17,S2A_MSIL2A_20161224T054232_R005_T43REM_20210214T001110,2016-12-24,2.12,0.029655,0.0,1,data/rabi/india/2016-17/g2_1535.tif
g2_1538.tif,2016-17,S2A_MSIL2A_20170212T053931_R005_T43RDN_20210208T110513,2017-02-12,2.12,0.067664,0.0,1,data/rabi/india/2016-17/g2_1538.tif
g2_1554.tif,2016-17,S2A_MSIL2A_20170130T053041_R105_T43RFL_20210208T004718,2017-01-30,2.12,0.064144,0.0,1,data/rabi/india/2016-17/g2_1554.tif
g2_1557.tif,2016-17,S2A_MSIL2A_20161214T054232_R005_T43QCG_20210213T204758,2016-12-14,2.12,0.013421,0.0,1,data/rabi/india/2016-17/g2_1557.tif
g2_1568.tif,2016-17,S2A_MSIL2A_20170223T050811_R019_T44RMN_20210208T160700,2017-02-23,2.12,0.009841,0.0,1,data/rabi/india/2016-17/g2_1568.tif
g2_1602.tif,2016-17,S2A_MSIL2A_20170223T050811_R019_T44RNP_20210208T160708,2017-02-23,2.12,0.047193,0.0,1,data/rabi/india/2016-17/g2_1602.tif
g2_1604.tif,2016-17,S2A_MSIL2A_20161214T054232_R005_T43QBF_20210213T204755,2016-12-14,2.12,0.092219,0.0,1,data/rabi/india/2016-17/g2_1604.tif
g2_1614.tif,2016-17,S2A_MSIL2A_20170223T050811_R019_T44RMP_20210208T160700,2017-02-23,2.12,0.031861,0.0,1,data/rabi/india/2016-17/g2_1614.tif
g2_1626.tif,2016-17,S2A_MSIL2A_20170223T050811_R019_T44RNN_20210208T160658,2017-02-23,2.12,0.011742,0.0,1,data/rabi/india/2016-17/g2_1626.tif
g2_1638.tif,2016-17,S2A_MSIL2A_20170212T053931_R005_T43RDN_20210208T110513,2017-02-12,2.12,0.067664,0.0,1,data/rabi/india/2016-17/g2_1638.tif
g2_1646.tif,2016-17,S2A_MSIL2A_20170223T050811_R019_T44RPP_20210208T160701,2017-02-23,2.12,0.024225,0.0,1,data/rabi/india/2016-17/g2_1646.tif
g2_1659.tif,2016-17,S2A_MSIL2A_20161231T053222_R105_T43QEG_20210214T020426,2016-12-31,2.12,0.021294,0.0029,1,data/rabi/india/2016-17/g2_1659.tif
g2_1670.tif,2016-17,S2A_MSIL2A_20170205T055021_R048_T43RBK_20210208T064420,2017-02-05,2.12,0.00877,0.0,1,data/rabi/india/2016-17/g2_1670.tif
g2_1674.tif,2016-17,S2A_MSIL2A_20161211T053222_R105_T43RFJ_20210213T195118,2016-12-11,2.12,0.294982,0.0,1,data/rabi/india/2016-17/g2_1674.tif
g2_1676.tif,2016-17,S2A_MSIL2A_20161214T054232_R005_T43QCG_20210213T204758,2016-12-14,2.12,0.013421,0.0003,1,data/rabi/india/2016-17/g2_1676.tif
g2_1681.tif,2016-17,S2A_MSIL2A_20161221T053232_R105_T43RFK_20210213T230914,2016-12-21,2.12,0.8194,0.0,1,data/rabi/india/2016-17/g2_1681.tif
g2_1688.tif,2016-17,S2A_MSIL2A_20161224T054232_R005_T43RDM_20210214T001115,2016-12-24,2.12,0.001914,0.0,1,data/rabi/india/2016-17/g2_1688.tif
g2_1689.tif,2016-17,S2A_MSIL2A_20161221T053232_R105_T44RKT_20210213T230922,2016-12-21,2.12,0.451004,0.0,1,data/rabi/india/2016-17/g2_1689.tif
g2_1695.tif,2016-17,S2A_MSIL2A_20161224T054232_R005_T43REL_20210214T001106,2016-12-24,2.12,0.009455,0.0,1,data/rabi/india/2016-17/g2_1695.tif
g2_1699.tif,2016-17,S2A_MSIL2A_20170212T053931_R005_T43RDN_20210208T110513,2017-02-12,2.12,0.067664,0.0,1,data/rabi/india/2016-17/g2_1699.tif
g2_1700.tif,2016-17,S2A_MSIL2A_20161201T054122_R105_T43REK_20210213T165030,2016-12-01,2.12,0.136424,0.0,1,data/rabi/india/2016-17/g2_1700.tif
g2_1707.tif,2016-17,S2A_MSIL2A_20161214T054232_R005_T43QCF_20210213T204759,2016-12-14,2.12,0.017837,0.0,1,data/rabi/india/2016-17/g2_1707.tif
g2_1722.tif,2016-17,S2A_MSIL2A_20161201T054122_R105_T43REK_20210213T165030,2016-12-01,2.12,0.136424,0.0,1,data/rabi/india/2016-17/g2_1722.tif
g2_1733.tif,2016-17,S2A_MSIL2A_20161208T052212_R062_T43QGF_20210213T185431,2016-12-08,2.12,0.022684,0.0,1,data/rabi/india/2016-17/g2_1733.tif
g2_1737.tif,2016-17,S2A_MSIL2A_20170223T050811_R019_T44RMP_20210208T160700,2017-02-23,2.12,0.031861,0.001,1,data/rabi/india/2016-17/g2_1737.tif
g2_1752.tif,2016-17,S2A_MSIL2A_20161211T053222_R105_T43REL_20210213T195114,2016-12-11,2.12,0.019461,0.0,1,data/rabi/india/2016-17/g2_1752.tif
g2_1759.tif,2016-17,S2A_MSIL2A_20161221T053232_R105_T44RKT_20210213T230922,2016-12-21,2.12,0.451004,0.0,1,data/rabi/india/2016-17/g2_1759.tif
g2_1766.tif,2016-17,S2A_MSIL2A_20170223T050811_R019_T44RMP_20210208T160700,2017-02-23,2.12,0.031861,0.0,1,data/rabi/india/2016-17/g2_1766.tif
g2_1769.tif,2016-17,S2A_MSIL2A_20161208T052212_R062_T44RLT_20210213T185442,2016-12-08,2.12,23.858716,0.0001,1,data/rabi/india/2016-17/g2_1769.tif
g2_1771.tif,2016-17,S2A_MSIL2A_20161211T053222_R105_T43REM_20210213T195113,2016-12-11,2.12,0.017462,0.0,1,data/rabi/india/2016-17/g2_1771.tif
g2_1800.tif,2016-17,S2A_MSIL2A_20161214T054232_R005_T43QDG_20210213T204754,2016-12-14,2.12,0.0129,0.0,1,data/rabi/india/2016-17/g2_1800.tif
g2_1823.tif,2016-17,S2A_MSIL2A_20170212T053931_R005_T43REN_20210208T110514,2017-02-12,2.12,0.030838,0.0,1,data/rabi/india/2016-17/g2_1823.tif
g2_1844.tif,2016-17,S2A_MSIL2A_20170216T051901_R062_T43QHF_20210208T131255,2017-02-16,2.12,0.002472,0.0,1,data/rabi/india/2016-17/g2_1844.tif
g2_1852.tif,2016-17,S2A_MSIL2A_20161214T054232_R005_T43QDG_20210213T204754,2016-12-14,2.12,0.0129,0.0,1,data/rabi/india/2016-17/g2_1852.tif
g2_1856.tif,2016-17,S2A_MSIL2A_20170212T053931_R005_T43RDN_20210208T110513,2017-02-12,2.12,0.067664,0.0009,1,data/rabi/india/2016-17/g2_1856.tif
g2_1867.tif,2016-17,S2A_MSIL2A_20161214T054232_R005_T43QBF_20210213T204755,2016-12-14,2.12,0.092219,0.0006,1,data/rabi/india/2016-17/g2_1867.tif
g2_1878.tif,2016-17,S2A_MSIL2A_20161221T053232_R105_T43RGK_20210213T230914,2016-12-21,2.12,0.165046,0.0,1,data/rabi/india/2016-17/g2_1878.tif
g2_1881.tif,2016-17,S2A_MSIL2A_20170226T053111_R062_T44RKQ_20210208T171745,2017-02-26,2.12,0.025225,0.0,1,data/rabi/india/2016-17/g2_1881.tif
g2_1883.tif,2016-17,S2A_MSIL2A_20170212T053931_R005_T43RDN_20210208T110513,2017-02-12,2.12,0.067664,0.0,1,data/rabi/india/2016-17/g2_1883.tif
g2_1884.tif,2016-17,S2A_MSIL2A_20161201T054122_R105_T43REK_20210213T165030,2016-12-01,2.12,0.136424,0.0,1,data/rabi/india/2016-17/g2_1884.tif
g2_1889.tif,2016-17,S2A_MSIL2A_20161228T052222_R062_T44RLT_20210215T090002,2016-12-28,2.12,28.714228,0.0,2,data/rabi/india/2016-17/g2_1889.tif
g2_1898.tif,2016-17,S2A_MSIL2A_20161231T053222_R105_T43REH_20210214T020432,2016-12-31,2.12,0.024091,0.0,1,data/rabi/india/2016-17/g2_1898.tif
g2_1899.tif,2016-17,S2A_MSIL2A_20161214T054232_R005_T42QZL_20210213T204750,2016-12-14,2.12,0.103819,0.0007,1,data/rabi/india/2016-17/g2_1899.tif
g2_1910.tif,2016-17,S2A_MSIL2A_20161208T052212_R062_T43QGF_20210213T185431,2016-12-08,2.12,0.022684,0.0,1,data/rabi/india/2016-17/g2_1910.tif
g2_1928.tif,2016-17,S2A_MSIL2A_20161231T053222_R105_T43QDG_20210214T020426,2016-12-31,2.12,0.022951,0.0007,1,data/rabi/india/2016-17/g2_1928.tif
g2_1930.tif,2016-17,S2A_MSIL2A_20170202T054031_R005_T43QCE_20210208T040306,2017-02-02,2.12,0.030225,0.0,1,data/rabi/india/2016-17/g2_1930.tif
g2_1940.tif,2016-17,S2A_MSIL2A_20161214T054232_R005_T42RZP_20210213T204750,2016-12-14,2.12,0.047697,0.0,1,data/rabi/india/2016-17/g2_1940.tif
g2_1982.tif,2016-17,S2A_MSIL2A_20170210T045931_R119_T44RPN_20210208T095011,2017-02-10,2.12,0.061813,0.0,1,data/rabi/india/2016-17/g2_1982.tif
g3_0020.tif,2016-17,S2A_MSIL2A_20170207T044931_R076_T45QUF_20210208T075953,2017-02-07,2.12,0.019034,0.0002,1,data/rabi/india/2016-17/g3_0020.tif
g3_0079.tif,2016-17,S2A_MSIL2A_20170217T044841_R076_T45QTF_20210208T133716,2017-02-17,2.12,0.011274,0.0,1,data/rabi/india/2016-17/g3_0079.tif
g3_0096.tif,2016-17,S2A_MSIL2A_20170210T045931_R119_T44RQP_20210208T095031,2017-02-10,2.12,0.045922,0.0,1,data/rabi/india/2016-17/g3_0096.tif
g3_0119.tif,2016-17,S2A_MSIL2A_20170207T044931_R076_T45QUE_20210208T075941,2017-02-07,2.12,0.018341,0.0008,1,data/rabi/india/2016-17/g3_0119.tif
g3_0158.tif,2016-17,S2A_MSIL2A_20170131T050031_R119_T45QTG_20210208T014937,2017-01-31,2.12,0.015737,0.0,1,data/rabi/india/2016-17/g3_0158.tif
g3_0284.tif,2016-17,S2A_MSIL2A_20170210T045931_R119_T45RTJ_20210208T095037,2017-02-10,2.12,0.065259,0.0,1,data/rabi/india/2016-17/g3_0284.tif
g3_0312.tif,2016-17,S2A_MSIL2A_20170217T044841_R076_T45QTF_20210208T133716,2017-02-17,2.12,0.011274,0.0013,1,data/rabi/india/2016-17/g3_0312.tif
g3_0397.tif,2016-17,S2A_MSIL2A_20170207T044931_R076_T45QUF_20210208T075953,2017-02-07,2.12,0.019034,0.0001,1,data/rabi/india/2016-17/g3_0397.tif
g3_0403.tif,2016-17,S2A_MSIL2A_20170217T044841_R076_T44RRN_20210208T133711,2017-02-17,2.12,0.018023,0.0,1,data/rabi/india/2016-17/g3_0403.tif
g3_0492.tif,2016-17,S2A_MSIL2A_20170217T044841_R076_T45QUG_20210208T133720,2017-02-17,2.12,0.014502,0.0008,1,data/rabi/india/2016-17/g3_0492.tif
g3_0519.tif,2016-17,S2A_MSIL2A_20170217T044841_R076_T45QTG_20210208T133714,2017-02-17,2.12,0.012458,0.0,1,data/rabi/india/2016-17/g3_0519.tif
g3_0551.tif,2016-17,S2A_MSIL2A_20170210T045931_R119_T45RTJ_20210208T095037,2017-02-10,2.12,0.065259,0.0,1,data/rabi/india/2016-17/g3_0551.tif
g3_0583.tif,2016-17,S2A_MSIL2A_20170217T044841_R076_T44RRN_20210208T133711,2017-02-17,2.12,0.018023,0.0,1,data/rabi/india/2016-17/g3_0583.tif
g3_0610.tif,2016-17,S2A_MSIL2A_20170217T044841_R076_T44QRM_20210208T133710,2017-02-17,2.12,0.011125,0.0,1,data/rabi/india/2016-17/g3_0610.tif
g3_0672.tif,2016-17,S2A_MSIL2A_20170131T050031_R119_T45QTG_20210208T014937,2017-01-31,2.12,0.015737,0.0,1,data/rabi/india/2016-17/g3_0672.tif
g3_0688.tif,2016-17,S2A_MSIL2A_20161216T044202_R033_T45RXJ_20210213T212833,2016-12-16,2.12,0.013394,0.0,1,data/rabi/india/2016-17/g3_0688.tif
g3_0713.tif,2016-17,S2A_MSIL2A_20170108T045151_R076_T45RUH_20210530T025233,2017-01-08,3.0,8.73768,0.044,1,data/rabi/india/2016-17/g3_0713.tif
g3_0741.tif,2016-17,S2A_MSIL2A_20170210T045931_R119_T44RQP_20210208T095031,2017-02-10,2.12,0.045922,0.0013,1,data/rabi/india/2016-17/g3_0741.tif
g3_0781.tif,2016-17,S2A_MSIL2A_20170207T044931_R076_T45QUE_20210208T075941,2017-02-07,2.12,0.018341,0.0,1,data/rabi/india/2016-17/g3_0781.tif
g3_0783.tif,2016-17,S2A_MSIL2A_20170210T045931_R119_T45RTJ_20210208T095037,2017-02-10,2.12,0.065259,0.0,1,data/rabi/india/2016-17/g3_0783.tif
g3_0926.tif,2016-17,S2A_MSIL2A_20170207T044931_R076_T45QUE_20210208T075941,2017-02-07,2.12,0.018341,0.0,1,data/rabi/india/2016-17/g3_0926.tif
g3_0955.tif,2016-17,S2A_MSIL2A_20170210T045931_R119_T44RQP_20210208T095031,2017-02-10,2.12,0.045922,0.0,1,data/rabi/india/2016-17/g3_0955.tif
g3_1003.tif,2016-17,S2A_MSIL2A_20170217T044841_R076_T45QTE_20210208T133722,2017-02-17,2.12,0.016496,0.0018,1,data/rabi/india/2016-17/g3_1003.tif
g3_1098.tif,2016-17,S2A_MSIL2A_20170217T044841_R076_T44QRM_20210208T133710,2017-02-17,2.12,0.011125,0.0003,1,data/rabi/india/2016-17/g3_1098.tif
g3_1174.tif,2016-17,S2A_MSIL2A_20170217T044841_R076_T45QTE_20210208T133722,2017-02-17,2.12,0.016496,0.0008,1,data/rabi/india/2016-17/g3_1174.tif
g3_1318.tif,2016-17,S2A_MSIL2A_20170217T044841_R076_T45QTF_20210208T133716,2017-02-17,2.12,0.011274,0.0,1,data/rabi/india/2016-17/g3_1318.tif
g3_1347.tif,2016-17,S2A_MSIL2A_20170210T045931_R119_T44RQP_20210208T095031,2017-02-10,2.12,0.045922,0.0,1,data/rabi/india/2016-17/g3_1347.tif
g3_1351.tif,2016-17,S2A_MSIL2A_20170108T045151_R076_T45RUH_20210530T025233,2017-01-08,3.0,8.73768,0.0038,1,data/rabi/india/2016-17/g3_1351.tif
g3_1440.tif,2016-17,S2A_MSIL2A_20170217T044841_R076_T44QRM_20210208T133710,2017-02-17,2.12,0.011125,0.0,1,data/rabi/india/2016-17/g3_1440.tif
g3_1487.tif,2016-17,S2A_MSIL2A_20170210T045931_R119_T45RTJ_20210208T095037,2017-02-10,2.12,0.065259,0.0,1,data/rabi/india/2016-17/g3_1487.tif
g3_1515.tif,2016-17,S2A_MSIL2A_20170108T045151_R076_T45RUH_20210530T025233,2017-01-08,3.0,8.73768,0.0,1,data/rabi/india/2016-17/g3_1515.tif
g3_1748.tif,2016-17,S2A_MSIL2A_20170217T044841_R076_T44RRN_20210208T133711,2017-02-17,2.12,0.018023,0.0,1,data/rabi/india/2016-17/g3_1748.tif
g3_1770.tif,2016-17,S2A_MSIL2A_20170217T044841_R076_T45QTF_20210208T133716,2017-02-17,2.12,0.011274,0.0,1,data/rabi/india/2016-17/g3_1770.tif
g3_1785.tif,2016-17,S2A_MSIL2A_20170217T044841_R076_T44RRN_20210208T133711,2017-02-17,2.12,0.018023,0.0,1,data/rabi/india/2016-17/g3_1785.tif
g3_1836.tif,2016-17,S2A_MSIL2A_20170207T044931_R076_T45QUF_20210208T075953,2017-02-07,2.12,0.019034,0.0002,1,data/rabi/india/2016-17/g3_1836.tif
g3_1854.tif,2016-17,S2A_MSIL2A_20170210T045931_R119_T44RRN_20210208T095025,2017-02-10,2.12,0.104125,0.0,1,data/rabi/india/2016-17/g3_1854.tif
g3_1911.tif,2016-17,S2A_MSIL2A_20170217T044841_R076_T45QTE_20210208T133722,2017-02-17,2.12,0.016496,0.0,1,data/rabi/india/2016-17/g3_1911.tif
g3_1925.tif,2016-17,S2A_MSIL2A_20170217T044841_R076_T45QTG_20210208T133714,2017-02-17,2.12,0.012458,0.0,1,data/rabi/india/2016-17/g3_1925.tif
g3_1964.tif,2016-17,S2A_MSIL2A_20170131T050031_R119_T44QRL_20210208T014921,2017-01-31,2.12,0.007142,0.0,1,data/rabi/india/2016-17/g3_1964.tif
g0_0030.tif,2015-16,S2A_MSIL2A_20151221T052452_R019_T44PKA_20210526T121414,2015-12-21,3.0,0.119447,0.0,1,data/rabi/india/2015-16/g0_0030.tif
g0_0073.tif,2015-16,S2A_MSIL2A_20160110T051202_R019_T44PLT_20210527T134032,2016-01-10,3.0,3.823085,1.0,6,data/rabi/india/2015-16/g0_0073.tif
g0_0091.tif,2015-16,S2A_MSIL2A_20151228T050222_R119_T44QPG_20210526T203839,2015-12-28,3.0,9.034989,0.0016,1,data/rabi/india/2015-16/g0_0091.tif
g0_0140.tif,2015-16,S2A_MSIL2A_20151224T052232_R062_T43QFV_20210526T165151,2015-12-24,3.0,0.086008,0.0009,1,data/rabi/india/2015-16/g0_0140.tif
g0_0159.tif,2015-16,S2A_MSIL2A_20151228T050222_R119_T44QMD_20210526T203814,2015-12-28,3.0,0.94328,0.0,4,data/rabi/india/2015-16/g0_0159.tif
g0_0194.tif,2015-16,S2A_MSIL2A_20160110T051202_R019_T44PLT_20210527T134032,2016-01-10,3.0,3.823085,1.0,6,data/rabi/india/2015-16/g0_0194.tif
g0_0206.tif,2015-16,S2A_MSIL2A_20151221T052452_R019_T44PKA_20210526T121414,2015-12-21,3.0,0.119447,0.0012,1,data/rabi/india/2015-16/g0_0206.tif
g0_0258.tif,2015-16,S2A_MSIL2A_20151228T050222_R119_T44QMD_20210526T203814,2015-12-28,3.0,0.94328,0.0001,4,data/rabi/india/2015-16/g0_0258.tif
g0_0259.tif,2015-16,S2A_MSIL2A_20151224T052232_R062_T43QEV_20210530T080257,2015-12-24,3.0,0.306387,0.0,1,data/rabi/india/2015-16/g0_0259.tif
g0_0426.tif,2015-16,S2A_MSIL2A_20151221T052452_R019_T44PKA_20210526T121414,2015-12-21,3.0,0.119447,0.0068,1,data/rabi/india/2015-16/g0_0426.tif
g0_0449.tif,2015-16,S2A_MSIL2A_20160209T050942_R019_T44PKT_20210528T041544,2016-02-09,3.0,10.565278,0.0,3,data/rabi/india/2015-16/g0_0449.tif
g0_0476.tif,2015-16,S2A_MSIL2A_20151224T052232_R062_T43QEV_20210530T080257,2015-12-24,3.0,0.306387,0.0,1,data/rabi/india/2015-16/g0_0476.tif
g0_0516.tif,2015-16,S2A_MSIL2A_20151228T050222_R119_T44QPG_20210526T203839,2015-12-28,3.0,9.034989,0.0013,1,data/rabi/india/2015-16/g0_0516.tif
g0_0566.tif,2015-16,S2A_MSIL2A_20160130T052442_R019_T43PHN_20210528T000959,2016-01-30,3.0,0.365753,0.0002,1,data/rabi/india/2015-16/g0_0566.tif
g0_0586.tif,2015-16,S2A_MSIL2A_20151224T052232_R062_T43QFU_20210526T165152,2015-12-24,3.0,0.02777,0.0,1,data/rabi/india/2015-16/g0_0586.tif
g0_0590.tif,2015-16,S2A_MSIL2A_20151203T055212_R048_T42QXK_20210525T221452,2015-12-03,3.0,0.3584,0.0003,1,data/rabi/india/2015-16/g0_0590.tif
g0_0628.tif,2015-16,S2A_MSIL2A_20151228T050222_R119_T44QNF_20210526T203825,2015-12-28,3.0,15.47925,0.0,4,data/rabi/india/2015-16/g0_0628.tif
g0_0629.tif,2015-16,S2A_MSIL2A_20151228T050222_R119_T44QPF_20210526T203830,2015-12-28,3.0,21.876377,0.9642,1,data/rabi/india/2015-16/g0_0629.tif
g0_0633.tif,2015-16,S2A_MSIL2A_20160205T053022_R105_T43QEU_20210528T024227,2016-02-05,3.0,0.015593,0.0,1,data/rabi/india/2015-16/g0_0633.tif
g0_0650.tif,2015-16,S2A_MSIL2A_20160209T050942_R019_T44PLC_20210528T041540,2016-02-09,3.0,13.021611,0.0006,3,data/rabi/india/2015-16/g0_0650.tif
g0_0696.tif,2015-16,S2A_MSIL2A_20160130T052442_R019_T44PLV_20210528T000959,2016-01-30,3.0,0.158439,0.0,1,data/rabi/india/2015-16/g0_0696.tif
g0_0705.tif,2015-16,S2A_MSIL2A_20160110T051202_R019_T43PHR_20210527T134004,2016-01-10,3.0,0.723418,0.0,1,data/rabi/india/2015-16/g0_0705.tif
g0_0710.tif,2015-16,S2A_MSIL2A_20151228T050222_R119_T44QMD_20210526T203814,2015-12-28,3.0,0.94328,0.0019,4,data/rabi/india/2015-16/g0_0710.tif
g0_0724.tif,2015-16,S2A_MSIL2A_20151228T050222_R119_T44PLS_20210526T203728,2015-12-28,3.0,99.983764,1.0,1,data/rabi/india/2015-16/g0_0724.tif
g0_0737.tif,2015-16,S2A_MSIL2A_20151228T050222_R119_T44PLC_20210526T203722,2015-12-28,3.0,0.633138,0.0,1,data/rabi/india/2015-16/g0_0737.tif
g0_0773.tif,2015-16,S2A_MSIL2A_20151224T052232_R062_T43QFV_20210526T165151,2015-12-24,3.0,0.086008,0.0,1,data/rabi/india/2015-16/g0_0773.tif
g0_0792.tif,2015-16,S2A_MSIL2A_20160209T050942_R019_T44PKT_20210528T041544,2016-02-09,3.0,10.565278,0.6557,6,data/rabi/india/2015-16/g0_0792.tif
g0_0803.tif,2015-16,S2A_MSIL2A_20160130T052442_R019_T44PLV_20210528T000959,2016-01-30,3.0,0.158439,1.0,6,data/rabi/india/2015-16/g0_0803.tif
g0_0807.tif,2015-16,S2A_MSIL2A_20151228T050222_R119_T44QNG_20210526T203824,2015-12-28,3.0,18.620761,0.0,2,data/rabi/india/2015-16/g0_0807.tif
g0_0808.tif,2015-16,S2A_MSIL2A_20160110T051202_R019_T44PLC_20210527T134044,2016-01-10,3.0,2.58809,0.0,2,data/rabi/india/2015-16/g0_0808.tif
g0_0879.tif,2015-16,S2A_MSIL2A_20151203T055212_R048_T42QWK_20210413T103531,2015-12-03,2.12,0.234074,0.0003,1,data/rabi/india/2015-16/g0_0879.tif
g0_0943.tif,2015-16,S2A_MSIL2A_20151228T050222_R119_T44PMC_20210526T203737,2015-12-28,3.0,0.254529,0.0,1,data/rabi/india/2015-16/g0_0943.tif
g0_0957.tif,2015-16,S2A_MSIL2A_20151228T050222_R119_T44QMD_20210526T203814,2015-12-28,3.0,0.94328,0.0,4,data/rabi/india/2015-16/g0_0957.tif
g0_0979.tif,2015-16,S2A_MSIL2A_20151228T050222_R119_T44QMD_20210526T203814,2015-12-28,3.0,0.94328,0.0,4,data/rabi/india/2015-16/g0_0979.tif
g0_1005.tif,2015-16,S2A_MSIL2A_20151224T052232_R062_T43QFV_20210526T165151,2015-12-24,3.0,0.086008,0.0,1,data/rabi/india/2015-16/g0_1005.tif
g0_1180.tif,2015-16,S2A_MSIL2A_20151203T055212_R048_T42QXK_20210525T221452,2015-12-03,3.0,0.3584,0.0,1,data/rabi/india/2015-16/g0_1180.tif
g0_1210.tif,2015-16,S2A_MSIL2A_20151224T052232_R062_T43QEV_20210530T080257,2015-12-24,3.0,0.306387,0.0003,1,data/rabi/india/2015-16/g0_1210.tif
g0_1234.tif,2015-16,S2A_MSIL2A_20160205T053022_R105_T43QEU_20210528T024227,2016-02-05,3.0,0.015593,0.0007,1,data/rabi/india/2015-16/g0_1234.tif
g0_1243.tif,2015-16,S2A_MSIL2A_20151224T052232_R062_T43QFV_20210526T165151,2015-12-24,3.0,0.086008,0.0002,1,data/rabi/india/2015-16/g0_1243.tif
g0_1245.tif,2015-16,S2A_MSIL2A_20151221T052452_R019_T44PKA_20210526T121414,2015-12-21,3.0,0.119447,0.0027,1,data/rabi/india/2015-16/g0_1245.tif
g0_1263.tif,2015-16,S2A_MSIL2A_20151228T050222_R119_T44PMC_20210526T203737,2015-12-28,3.0,0.254529,0.0,1,data/rabi/india/2015-16/g0_1263.tif
g0_1316.tif,2015-16,S2A_MSIL2A_20160130T052442_R019_T44PLV_20210528T000959,2016-01-30,3.0,0.158439,0.0,1,data/rabi/india/2015-16/g0_1316.tif
g0_1343.tif,2015-16,S2A_MSIL2A_20151203T055212_R048_T42QXK_20210525T221452,2015-12-03,3.0,0.3584,0.0,1,data/rabi/india/2015-16/g0_1343.tif
g0_1367.tif,2015-16,S2A_MSIL2A_20151228T050222_R119_T44QPG_20210526T203839,2015-12-28,3.0,9.034989,0.0003,1,data/rabi/india/2015-16/g0_1367.tif
g0_1399.tif,2015-16,S2A_MSIL2A_20151224T052232_R062_T43QFU_20210526T165152,2015-12-24,3.0,0.02777,0.0,2,data/rabi/india/2015-16/g0_1399.tif
g0_1402.tif,2015-16,S2A_MSIL2A_20151224T052232_R062_T43QFV_20210526T165151,2015-12-24,3.0,0.086008,0.0,1,data/rabi/india/2015-16/g0_1402.tif
g0_1460.tif,2015-16,S2A_MSIL2A_20151228T050222_R119_T44PMC_20210526T203737,2015-12-28,3.0,0.254529,0.0,1,data/rabi/india/2015-16/g0_1460.tif
g0_1489.tif,2015-16,S2A_MSIL2A_20160205T053022_R105_T43QEU_20210528T024227,2016-02-05,3.0,0.015593,0.0,1,data/rabi/india/2015-16/g0_1489.tif
g0_1494.tif,2015-16,S2A_MSIL2A_20151224T052232_R062_T43QFV_20210526T165151,2015-12-24,3.0,0.086008,0.0,1,data/rabi/india/2015-16/g0_1494.tif
g0_1504.tif,2015-16,S2A_MSIL2A_20160130T052442_R019_T44PKV_20210528T001009,2016-01-30,3.0,0.030557,0.0026,1,data/rabi/india/2015-16/g0_1504.tif
g0_1507.tif,2015-16,S2A_MSIL2A_20151221T052452_R019_T44PKA_20210526T121414,2015-12-21,3.0,0.119447,0.0025,1,data/rabi/india/2015-16/g0_1507.tif
g0_1539.tif,2015-16,S2A_MSIL2A_20151224T052232_R062_T43QFV_20210526T165151,2015-12-24,3.0,0.086008,0.0,1,data/rabi/india/2015-16/g0_1539.tif
g0_1550.tif,2015-16,S2A_MSIL2A_20151224T052232_R062_T43QEU_20210526T165128,2015-12-24,3.0,0.129154,0.0,2,data/rabi/india/2015-16/g0_1550.tif
g0_1607.tif,2015-16,S2A_MSIL2A_20151224T052232_R062_T43QEU_20210526T165128,2015-12-24,3.0,0.129154,0.0002,2,data/rabi/india/2015-16/g0_1607.tif
g0_1635.tif,2015-16,S2A_MSIL2A_20151224T052232_R062_T43QEU_20210526T165128,2015-12-24,3.0,0.129154,0.0008,2,data/rabi/india/2015-16/g0_1635.tif
g0_1651.tif,2015-16,S2A_MSIL2A_20151203T055212_R048_T42QXJ_20210525T221450,2015-12-03,3.0,0.085939,0.0,1,data/rabi/india/2015-16/g0_1651.tif
g0_1687.tif,2015-16,S2A_MSIL2A_20151224T052232_R062_T43QEV_20210530T080257,2015-12-24,3.0,0.306387,0.0012,1,data/rabi/india/2015-16/g0_1687.tif
g0_1721.tif,2015-16,S2A_MSIL2A_20160130T052442_R019_T43PHN_20210528T000959,2016-01-30,3.0,0.365753,0.0,1,data/rabi/india/2015-16/g0_1721.tif
g0_1762.tif,2015-16,S2A_MSIL2A_20151228T050222_R119_T44PMC_20210526T203737,2015-12-28,3.0,0.254529,0.0,1,data/rabi/india/2015-16/g0_1762.tif
g0_1776.tif,2015-16,S2A_MSIL2A_20160209T050942_R019_T44QLD_20210528T041550,2016-02-09,3.0,1.28686,0.0027,4,data/rabi/india/2015-16/g0_1776.tif
g0_1794.tif,2015-16,S2A_MSIL2A_20151228T050222_R119_T44PMC_20210526T203737,2015-12-28,3.0,0.254529,0.0013,3,data/rabi/india/2015-16/g0_1794.tif
g0_1806.tif,2015-16,S2A_MSIL2A_20151224T052232_R062_T43QFA_20210526T165131,2015-12-24,3.0,0.06149,0.0,3,data/rabi/india/2015-16/g0_1806.tif
g0_1820.tif,2015-16,S2A_MSIL2A_20151228T050222_R119_T44QNG_20210526T203824,2015-12-28,3.0,18.620761,0.0,2,data/rabi/india/2015-16/g0_1820.tif
g0_1822.tif,2015-16,S2A_MSIL2A_20160110T051202_R019_T44PLC_20210527T134044,2016-01-10,3.0,2.58809,0.0,2,data/rabi/india/2015-16/g0_1822.tif
g0_1839.tif,2015-16,S2A_MSIL2A_20151203T055212_R048_T42QXJ_20210525T221450,2015-12-03,3.0,0.085939,0.0,1,data/rabi/india/2015-16/g0_1839.tif
g0_1845.tif,2015-16,S2A_MSIL2A_20151228T050222_R119_T44PMC_20210526T203737,2015-12-28,3.0,0.254529,0.0043,1,data/rabi/india/2015-16/g0_1845.tif
g0_1850.tif,2015-16,S2A_MSIL2A_20151224T052232_R062_T43QEU_20210526T165128,2015-12-24,3.0,0.129154,0.0027,2,data/rabi/india/2015-16/g0_1850.tif
g0_1869.tif,2015-16,S2A_MSIL2A_20151228T050222_R119_T44PMC_20210526T203737,2015-12-28,3.0,0.254529,0.0,1,data/rabi/india/2015-16/g0_1869.tif
g0_1901.tif,2015-16,S2A_MSIL2A_20151224T052232_R062_T43QEU_20210526T165128,2015-12-24,3.0,0.129154,0.0,2,data/rabi/india/2015-16/g0_1901.tif
g0_1922.tif,2015-16,S2A_MSIL2A_20151224T052232_R062_T43QEV_20210530T080257,2015-12-24,3.0,0.306387,0.0,1,data/rabi/india/2015-16/g0_1922.tif
g0_1938.tif,2015-16,S2A_MSIL2A_20151224T052232_R062_T43QEV_20210530T080257,2015-12-24,3.0,0.306387,0.0006,1,data/rabi/india/2015-16/g0_1938.tif
g0_1951.tif,2015-16,S2A_MSIL2A_20151221T052452_R019_T44PKT_20210530T080216,2015-12-21,3.0,3.639705,0.0179,4,data/rabi/india/2015-16/g0_1951.tif
g0_1985.tif,2015-16,S2A_MSIL2A_20151224T052232_R062_T43QFV_20210526T165151,2015-12-24,3.0,0.086008,0.0011,1,data/rabi/india/2015-16/g0_1985.tif
g1_0209.tif,2015-16,S2A_MSIL2A_20160213T044912_R076_T44QQG_20210528T055619,2016-02-13,3.0,0.202762,0.0,1,data/rabi/india/2015-16/g1_0209.tif
g1_0255.tif,2015-16,S2A_MSIL2A_20160213T044912_R076_T44QQF_20210528T055619,2016-02-13,3.0,0.646238,0.0003,1,data/rabi/india/2015-16/g1_0255.tif
g1_0263.tif,2015-16,S2A_MSIL2A_20151228T050222_R119_T44QPF_20210526T203830,2015-12-28,3.0,21.876377,0.0017,1,data/rabi/india/2015-16/g1_0263.tif
g1_0264.tif,2015-16,S2A_MSIL2A_20160213T044912_R076_T44QQF_20210528T055619,2016-02-13,3.0,0.646238,0.0,1,data/rabi/india/2015-16/g1_0264.tif
g1_0474.tif,2015-16,S2A_MSIL2A_20160213T044912_R076_T44QQF_20210528T055619,2016-02-13,3.0,0.646238,0.0,1,data/rabi/india/2015-16/g1_0474.tif
g1_0482.tif,2015-16,S2A_MSIL2A_20160213T044912_R076_T44QQG_20210528T055619,2016-02-13,3.0,0.202762,0.0007,1,data/rabi/india/2015-16/g1_0482.tif
g1_0530.tif,2015-16,S2A_MSIL2A_20151228T050222_R119_T44QPJ_20210526T203837,2015-12-28,3.0,0.306708,0.0024,1,data/rabi/india/2015-16/g1_0530.tif
g1_0589.tif,2015-16,S2A_MSIL2A_20160213T044912_R076_T44QQF_20210528T055619,2016-02-13,3.0,0.646238,0.0021,1,data/rabi/india/2015-16/g1_0589.tif
g1_0730.tif,2015-16,S2A_MSIL2A_20151228T050222_R119_T44QPJ_20210526T203837,2015-12-28,3.0,0.306708,0.0009,1,data/rabi/india/2015-16/g1_0730.tif
g1_0775.tif,2015-16,S2A_MSIL2A_20151228T050222_R119_T44QQJ_20210526T203846,2015-12-28,3.0,0.150788,0.0001,1,data/rabi/india/2015-16/g1_0775.tif
g1_0817.tif,2015-16,S2A_MSIL2A_20160213T044912_R076_T44QQF_20210528T055619,2016-02-13,3.0,0.646238,0.0,1,data/rabi/india/2015-16/g1_0817.tif
g1_0890.tif,2015-16,S2A_MSIL2A_20151228T050222_R119_T44QPJ_20210526T203837,2015-12-28,3.0,0.306708,0.0,1,data/rabi/india/2015-16/g1_0890.tif
g1_1012.tif,2015-16,S2A_MSIL2A_20160213T044912_R076_T44QQF_20210528T055619,2016-02-13,3.0,0.646238,0.0,1,data/rabi/india/2015-16/g1_1012.tif
g1_1072.tif,2015-16,S2A_MSIL2A_20151228T050222_R119_T44QPJ_20210526T203837,2015-12-28,3.0,0.306708,0.0002,1,data/rabi/india/2015-16/g1_1072.tif
g1_1136.tif,2015-16,S2A_MSIL2A_20160213T044912_R076_T44QQF_20210528T055619,2016-02-13,3.0,0.646238,0.0,1,data/rabi/india/2015-16/g1_1136.tif
g1_1191.tif,2015-16,S2A_MSIL2A_20151228T050222_R119_T44QPJ_20210526T203837,2015-12-28,3.0,0.306708,0.0072,1,data/rabi/india/2015-16/g1_1191.tif
g1_1248.tif,2015-16,S2A_MSIL2A_20151228T050222_R119_T44QPG_20210526T203839,2015-12-28,3.0,9.034989,0.0292,1,data/rabi/india/2015-16/g1_1248.tif
g1_1530.tif,2015-16,S2A_MSIL2A_20151228T050222_R119_T44QPG_20210526T203839,2015-12-28,3.0,9.034989,0.0026,1,data/rabi/india/2015-16/g1_1530.tif
g1_1556.tif,2015-16,S2A_MSIL2A_20160213T044912_R076_T44QQG_20210528T055619,2016-02-13,3.0,0.202762,0.0,1,data/rabi/india/2015-16/g1_1556.tif
g1_1578.tif,2015-16,S2A_MSIL2A_20151228T050222_R119_T44QPJ_20210526T203837,2015-12-28,3.0,0.306708,0.0033,1,data/rabi/india/2015-16/g1_1578.tif
g1_1703.tif,2015-16,S2A_MSIL2A_20160213T044912_R076_T44QQF_20210528T055619,2016-02-13,3.0,0.646238,0.0,1,data/rabi/india/2015-16/g1_1703.tif
g1_1747.tif,2015-16,S2A_MSIL2A_20151228T050222_R119_T44QQJ_20210526T203846,2015-12-28,3.0,0.150788,0.0,1,data/rabi/india/2015-16/g1_1747.tif
g1_1828.tif,2015-16,S2A_MSIL2A_20151228T050222_R119_T44QPJ_20210526T203837,2015-12-28,3.0,0.306708,0.0236,1,data/rabi/india/2015-16/g1_1828.tif
g1_1874.tif,2015-16,S2A_MSIL2A_20160213T044912_R076_T44QQF_20210528T055619,2016-02-13,3.0,0.646238,0.0,1,data/rabi/india/2015-16/g1_1874.tif
g1_1880.tif,2015-16,S2A_MSIL2A_20151228T050222_R119_T44QQJ_20210526T203846,2015-12-28,3.0,0.150788,0.0,2,data/rabi/india/2015-16/g1_1880.tif
g1_1927.tif,2015-16,S2A_MSIL2A_20160213T044912_R076_T44QQF_20210528T055619,2016-02-13,3.0,0.646238,0.0,1,data/rabi/india/2015-16/g1_1927.tif
g1_1932.tif,2015-16,S2A_MSIL2A_20160213T044912_R076_T44QQF_20210528T055619,2016-02-13,3.0,0.646238,0.0028,1,data/rabi/india/2015-16/g1_1932.tif
g1_1946.tif,2015-16,S2A_MSIL2A_20151228T050222_R119_T44QPG_20210526T203839,2015-12-28,3.0,9.034989,0.0005,1,data/rabi/india/2015-16/g1_1946.tif
g1_1962.tif,2015-16,S2A_MSIL2A_20151228T050222_R119_T44QPG_20210526T203839,2015-12-28,3.0,9.034989,0.4424,1,data/rabi/india/2015-16/g1_1962.tif
g1_1975.tif,2015-16,S2A_MSIL2A_20151228T050222_R119_T44QPJ_20210526T203837,2015-12-28,3.0,0.306708,0.0017,1,data/rabi/india/2015-16/g1_1975.tif
g2_0000.tif,2015-16,S2A_MSIL2A_20160129T054102_R005_T43RCK_20210527T233834,2016-01-29,3.0,0.532875,0.0022,2,data/rabi/india/2015-16/g2_0000.tif
g2_0002.tif,2015-16,S2A_MSIL2A_20160205T053022_R105_T43RFL_20210528T024250,2016-02-05,3.0,0.047336,0.0,1,data/rabi/india/2015-16/g2_0002.tif
g2_0006.tif,2015-16,S2A_MSIL2A_20160110T051202_R019_T44RNN_20210527T134158,2016-01-10,3.0,0.016589,0.0,1,data/rabi/india/2015-16/g2_0006.tif
g2_0007.tif,2015-16,S2A_MSIL2A_20160205T053022_R105_T43RFL_20210528T024250,2016-02-05,3.0,0.047336,0.0,1,data/rabi/india/2015-16/g2_0007.tif
g2_0010.tif,2015-16,S2A_MSIL2A_20160205T053022_R105_T43REK_20210528T024257,2016-02-05,3.0,0.387958,0.0,1,data/rabi/india/2015-16/g2_0010.tif
g2_0011.tif,2015-16,S2A_MSIL2A_20160129T054102_R005_T43RDM_20210527T233832,2016-01-29,3.0,57.492148,0.665,1,data/rabi/india/2015-16/g2_0011.tif
g2_0013.tif,2015-16,S2A_MSIL2A_20160129T054102_R005_T43RCK_20210527T233834,2016-01-29,3.0,0.532875,0.0053,3,data/rabi/india/2015-16/g2_0013.tif
g2_0017.tif,2015-16,S2A_MSIL2A_20160106T053222_R105_T43RFH_20210527T095224,2016-01-06,3.0,0.06634,0.0,1,data/rabi/india/2015-16/g2_0017.tif
g2_0018.tif,2015-16,S2A_MSIL2A_20160205T053022_R105_T43REK_20210528T024257,2016-02-05,3.0,0.387958,0.0002,1,data/rabi/india/2015-16/g2_0018.tif
g2_0022.tif,2015-16,S2A_MSIL2A_20160129T054102_R005_T43QCF_20210527T233826,2016-01-29,3.0,0.04214,0.0,2,data/rabi/india/2015-16/g2_0022.tif
g2_0060.tif,2015-16,S2A_MSIL2A_20151207T053212_R105_T43RFJ_20210413T132009,2015-12-07,2.12,0.017349,0.0,2,data/rabi/india/2015-16/g2_0060.tif
g2_0062.tif,2015-16,S2A_MSIL2A_20160205T053022_R105_T43RFK_20210528T024248,2016-02-05,3.0,0.010564,0.0,1,data/rabi/india/2015-16/g2_0062.tif
g2_0065.tif,2015-16,S2A_MSIL2A_20160110T051202_R019_T44RPP_20210527T134203,2016-01-10,3.0,0.11436,0.0005,1,data/rabi/india/2015-16/g2_0065.tif
g2_0071.tif,2015-16,S2A_MSIL2A_20160205T053022_R105_T43RGL_20210528T024256,2016-02-05,3.0,0.136092,0.0,1,data/rabi/india/2015-16/g2_0071.tif
g2_0072.tif,2015-16,S2A_MSIL2A_20160106T053222_R105_T43REH_20210527T095211,2016-01-06,3.0,0.144825,0.0,2,data/rabi/india/2015-16/g2_0072.tif
g2_0075.tif,2015-16,S2A_MSIL2A_20160205T053022_R105_T43REL_20210528T024244,2016-02-05,3.0,0.05635,0.0,1,data/rabi/india/2015-16/g2_0075.tif
g2_0077.tif,2015-16,S2A_MSIL2A_20160129T054102_R005_T43REN_20210527T233840,2016-01-29,3.0,21.196578,0.1195,3,data/rabi/india/2015-16/g2_0077.tif
g2_0098.tif,2015-16,S2A_MSIL2A_20160129T054102_R005_T42RZP_20210527T233803,2016-01-29,3.0,0.147193,0.0,3,data/rabi/india/2015-16/g2_0098.tif
g2_0101.tif,2015-16,S2A_MSIL2A_20160129T054102_R005_T43RDN_20210527T233835,2016-01-29,3.0,39.75297,1.0,1,data/rabi/india/2015-16/g2_0101.tif
g2_0105.tif,2015-16,S2A_MSIL2A_20160129T054102_R005_T42QZK_20210527T233802,2016-01-29,3.0,0.955449,0.0,1,data/rabi/india/2015-16/g2_0105.tif
g2_0112.tif,2015-16,S2A_MSIL2A_20160110T051202_R019_T44RNP_20210527T134202,2016-01-10,3.0,0.120348,0.004,1,data/rabi/india/2015-16/g2_0112.tif
g2_0115.tif,2015-16,S2A_MSIL2A_20160129T054102_R005_T42RZP_20210527T233803,2016-01-29,3.0,0.147193,0.0,3,data/rabi/india/2015-16/g2_0115.tif
g2_0134.tif,2015-16,S2A_MSIL2A_20160205T053022_R105_T43REJ_20210528T024241,2016-02-05,3.0,0.060959,0.0,2,data/rabi/india/2015-16/g2_0134.tif
g2_0135.tif,2015-16,S2A_MSIL2A_20160129T054102_R005_T43RDN_20210527T233835,2016-01-29,3.0,39.75297,0.2764,1,data/rabi/india/2015-16/g2_0135.tif
g2_0137.tif,2015-16,S2A_MSIL2A_20151203T055212_R048_T42QXK_20210525T221452,2015-12-03,3.0,0.3584,0.0,1,data/rabi/india/2015-16/g2_0137.tif
g2_0139.tif,2015-16,S2A_MSIL2A_20160123T052112_R062_T44RMS_20210527T214203,2016-01-23,3.0,46.264426,0.1048,3,data/rabi/india/2015-16/g2_0139.tif
g2_0143.tif,2015-16,S2A_MSIL2A_20160129T054102_R005_T42QZL_20210527T233804,2016-01-29,3.0,0.522216,0.0,2,data/rabi/india/2015-16/g2_0143.tif
g2_0149.tif,2015-16,S2A_MSIL2A_20160129T054102_R005_T42QZK_20210527T233802,2016-01-29,3.0,0.955449,0.0013,1,data/rabi/india/2015-16/g2_0149.tif
g2_0165.tif,2015-16,S2A_MSIL2A_20160129T054102_R005_T42QZK_20210527T233802,2016-01-29,3.0,0.955449,0.0001,1,data/rabi/india/2015-16/g2_0165.tif
g2_0166.tif,2015-16,S2A_MSIL2A_20160205T053022_R105_T44RKS_20210528T024301,2016-02-05,3.0,0.045457,0.0003,1,data/rabi/india/2015-16/g2_0166.tif
g2_0187.tif,2015-16,S2A_MSIL2A_20160129T054102_R005_T43QBF_20210527T233812,2016-01-29,3.0,0.505891,0.0,3,data/rabi/india/2015-16/g2_0187.tif
g2_0205.tif,2015-16,S2A_MSIL2A_20160106T053222_R105_T43RFH_20210527T095224,2016-01-06,3.0,0.06634,0.0,1,data/rabi/india/2015-16/g2_0205.tif
g2_0215.tif,2015-16,S2A_MSIL2A_20160129T054102_R005_T43RDN_20210527T233835,2016-01-29,3.0,39.75297,0.2923,1,data/rabi/india/2015-16/g2_0215.tif
g2_0237.tif,2015-16,S2A_MSIL2A_20160110T051202_R019_T44RNN_20210527T134158,2016-01-10,3.0,0.016589,0.0,1,data/rabi/india/2015-16/g2_0237.tif
g2_0239.tif,2015-16,S2A_MSIL2A_20160205T053022_R105_T44RKT_20210528T024306,2016-02-05,3.0,0.153517,0.0021,1,data/rabi/india/2015-16/g2_0239.tif
g2_0243.tif,2015-16,S2A_MSIL2A_20160205T053022_R105_T43RFK_20210528T024248,2016-02-05,3.0,0.010564,0.0,1,data/rabi/india/2015-16/g2_0243.tif
g2_0272.tif,2015-16,S2A_MSIL2A_20160205T053022_R105_T43RFM_20210528T024258,2016-02-05,3.0,0.31705,0.0013,1,data/rabi/india/2015-16/g2_0272.tif
g2_0275.tif,2015-16,S2A_MSIL2A_20160123T052112_R062_T43QGF_20210527T214127,2016-01-23,3.0,0.112568,0.0,2,data/rabi/india/2015-16/g2_0275.tif
g2_0276.tif,2015-16,S2A_MSIL2A_20160129T054102_R005_T43RCK_20210527T233834,2016-01-29,3.0,0.532875,0.0,3,data/rabi/india/2015-16/g2_0276.tif
g2_0282.tif,2015-16,S2A_MSIL2A_20160205T053022_R105_T43RFK_20210528T024248,2016-02-05,3.0,0.010564,0.0,1,data/rabi/india/2015-16/g2_0282.tif
g2_0291.tif,2015-16,S2A_MSIL2A_20160129T054102_R005_T43RCK_20210527T233834,2016-01-29,3.0,0.532875,0.0,2,data/rabi/india/2015-16/g2_0291.tif
g2_0298.tif,2015-16,S2A_MSIL2A_20160110T051202_R019_T44RNN_20210527T134158,2016-01-10,3.0,0.016589,0.0,1,data/rabi/india/2015-16/g2_0298.tif
g2_0307.tif,2015-16,S2A_MSIL2A_20160205T053022_R105_T43QDF_20210528T024232,2016-02-05,3.0,0.048812,0.0,2,data/rabi/india/2015-16/g2_0307.tif
g2_0314.tif,2015-16,S2A_MSIL2A_20160129T054102_R005_T43QCE_20210527T233821,2016-01-29,3.0,0.21972,0.0,2,data/rabi/india/2015-16/g2_0314.tif
g2_0315.tif,2015-16,S2A_MSIL2A_20160205T053022_R105_T44RKS_20210528T024301,2016-02-05,3.0,0.045457,0.0003,1,data/rabi/india/2015-16/g2_0315.tif
g2_0326.tif,2015-16,S2A_MSIL2A_20160129T054102_R005_T43QCF_20210527T233826,2016-01-29,3.0,0.04214,0.0,2,data/rabi/india/2015-16/g2_0326.tif
g2_0335.tif,2015-16,S2A_MSIL2A_20160205T053022_R105_T43REJ_20210528T024241,2016-02-05,3.0,0.060959,0.0,2,data/rabi/india/2015-16/g2_0335.tif
g2_0336.tif,2015-16,S2A_MSIL2A_20160205T053022_R105_T43REM_20210528T024239,2016-02-05,3.0,0.025522,0.0,1,data/rabi/india/2015-16/g2_0336.tif
g2_0338.tif,2015-16,S2A_MSIL2A_20160205T053022_R105_T43RGK_20210528T024256,2016-02-05,3.0,0.008768,0.0002,1,data/rabi/india/2015-16/g2_0338.tif
g2_0340.tif,2015-16,S2A_MSIL2A_20160205T053022_R105_T43RFK_20210528T024248,2016-02-05,3.0,0.010564,0.0,1,data/rabi/india/2015-16/g2_0340.tif
g2_0344.tif,2015-16,S2A_MSIL2A_20160123T052112_R062_T44RLN_20210527T214154,2016-01-23,3.0,0.01045,0.0,1,data/rabi/india/2015-16/g2_0344.tif
g2_0345.tif,2015-16,S2A_MSIL2A_20160129T054102_R005_T43QDF_20210527T233818,2016-01-29,3.0,0.009976,0.0,2,data/rabi/india/2015-16/g2_0345.tif
g2_0348.tif,2015-16,S2A_MSIL2A_20160205T053022_R105_T43RFM_20210528T024258,2016-02-05,3.0,0.31705,0.0,1,data/rabi/india/2015-16/g2_0348.tif
g2_0358.tif,2015-16,S2A_MSIL2A_20160123T052112_R062_T43QGE_20210527T214129,2016-01-23,3.0,0.009207,0.0,1,data/rabi/india/2015-16/g2_0358.tif
g2_0367.tif,2015-16,S2A_MSIL2A_20151228T050222_R119_T44QPM_20210526T203840,2015-12-28,3.0,0.743173,0.0,5,data/rabi/india/2015-16/g2_0367.tif
g2_0368.tif,2015-16,S2A_MSIL2A_20160205T053022_R105_T43QDG_20210528T024229,2016-02-05,3.0,0.050025,0.0001,2,data/rabi/india/2015-16/g2_0368.tif
g2_0373.tif,2015-16,S2A_MSIL2A_20160205T053022_R105_T43REM_20210528T024239,2016-02-05,3.0,0.025522,0.0003,1,data/rabi/india/2015-16/g2_0373.tif
g2_0385.tif,2015-16,S2A_MSIL2A_20160123T052112_R062_T44RLT_20210527T214159,2016-01-23,3.0,24.083882,0.0132,1,data/rabi/india/2015-16/g2_0385.tif
g2_0386.tif,2015-16,S2A_MSIL2A_20160205T053022_R105_T43RFM_20210528T024258,2016-02-05,3.0,0.31705,0.0004,1,data/rabi/india/2015-16/g2_0386.tif
g2_0388.tif,2015-16,S2A_MSIL2A_20160129T054102_R005_T43QDG_20210527T233821,2016-01-29,3.0,0.02148,0.0001,1,data/rabi/india/2015-16/g2_0388.tif
g2_0399.tif,2015-16,S2A_MSIL2A_20160129T054102_R005_T43QBF_20210527T233812,2016-01-29,3.0,0.505891,0.0,3,data/rabi/india/2015-16/g2_0399.tif
g2_0400.tif,2015-16,S2A_MSIL2A_20160205T053022_R105_T43REJ_20210528T024241,2016-02-05,3.0,0.060959,0.0,2,data/rabi/india/2015-16/g2_0400.tif
g2_0406.tif,2015-16,S2A_MSIL2A_20160205T053022_R105_T44RKT_20210528T024306,2016-02-05,3.0,0.153517,0.0,1,data/rabi/india/2015-16/g2_0406.tif
g2_0410.tif,2015-16,S2A_MSIL2A_20160129T054102_R005_T42QZK_20210527T233802,2016-01-29,3.0,0.955449,0.0024,1,data/rabi/india/2015-16/g2_0410.tif
g2_0418.tif,2015-16,S2A_MSIL2A_20160205T053022_R105_T43QDF_20210528T024232,2016-02-05,3.0,0.048812,0.0,3,data/rabi/india/2015-16/g2_0418.tif
g2_0429.tif,2015-16,S2A_MSIL2A_20160110T051202_R019_T44RNP_20210527T134202,2016-01-10,3.0,0.120348,0.0001,1,data/rabi/india/2015-16/g2_0429.tif
g2_0439.tif,2015-16,S2A_MSIL2A_20160110T051202_R019_T44QNM_20210527T134142,2016-01-10,3.0,0.021718,0.0,1,data/rabi/india/2015-16/g2_0439.tif
g2_0454.tif,2015-16,S2A_MSIL2A_20160129T054102_R005_T43RCK_20210527T233834,2016-01-29,3.0,0.532875,0.0016,2,data/rabi/india/2015-16/g2_0454.tif
g2_0458.tif,2015-16,S2A_MSIL2A_20160205T053022_R105_T43REL_20210528T024244,2016-02-05,3.0,0.05635,0.0,1,data/rabi/india/2015-16/g2_0458.tif
g2_0463.tif,2015-16,S2A_MSIL2A_20160205T053022_R105_T43RFL_20210528T024250,2016-02-05,3.0,0.047336,0.0,1,data/rabi/india/2015-16/g2_0463.tif
g2_0470.tif,2015-16,S2A_MSIL2A_20160205T053022_R105_T43REJ_20210528T024241,2016-02-05,3.0,0.060959,0.0,2,data/rabi/india/2015-16/g2_0470.tif
g2_0475.tif,2015-16,S2A_MSIL2A_20160123T052112_R062_T43QFE_20210527T214116,2016-01-23,3.0,0.03608,0.0,2,data/rabi/india/2015-16/g2_0475.tif
g2_0493.tif,2015-16,S2A_MSIL2A_20160110T051202_R019_T44RMP_20210527T134205,2016-01-10,3.0,0.056085,0.0,2,data/rabi/india/2015-16/g2_0493.tif
g2_0506.tif,2015-16,S2A_MSIL2A_20160106T053222_R105_T43RFH_20210527T095224,2016-01-06,3.0,0.06634,0.0,1,data/rabi/india/2015-16/g2_0506.tif
g2_0509.tif,2015-16,S2A_MSIL2A_20160205T053022_R105_T43QDG_20210528T024229,2016-02-05,3.0,0.050025,0.0,2,data/rabi/india/2015-16/g2_0509.tif
g2_0517.tif,2015-16,S2A_MSIL2A_20160129T054102_R005_T43QCF_20210527T233826,2016-01-29,3.0,0.04214,0.0,3,data/rabi/india/2015-16/g2_0517.tif
g2_0518.tif,2015-16,S2A_MSIL2A_20160129T054102_R005_T43RDM_20210527T233832,2016-01-29,3.0,57.492148,0.4037,1,data/rabi/india/2015-16/g2_0518.tif
g2_0521.tif,2015-16,S2A_MSIL2A_20160129T054102_R005_T43REN_20210527T233840,2016-01-29,3.0,21.196578,0.0685,3,data/rabi/india/2015-16/g2_0521.tif
g2_0523.tif,2015-16,S2A_MSIL2A_20160129T054102_R005_T43QCF_20210527T233826,2016-01-29,3.0,0.04214,0.0,2,data/rabi/india/2015-16/g2_0523.tif
g2_0556.tif,2015-16,S2A_MSIL2A_20160110T051202_R019_T44RNN_20210527T134158,2016-01-10,3.0,0.016589,0.0005,1,data/rabi/india/2015-16/g2_0556.tif
g2_0559.tif,2015-16,S2A_MSIL2A_20160123T052112_R062_T43QFE_20210527T214116,2016-01-23,3.0,0.03608,0.0,2,data/rabi/india/2015-16/g2_0559.tif
g2_0563.tif,2015-16,S2A_MSIL2A_20151207T053212_R105_T43SGT_20210413T132059,2015-12-07,2.12,38.222831,0.0045,1,data/rabi/india/2015-16/g2_0563.tif
g2_0567.tif,2015-16,S2A_MSIL2A_20160123T052112_R062_T44RLP_20210527T214200,2016-01-23,3.0,0.02658,0.0,1,data/rabi/india/2015-16/g2_0567.tif
g2_0575.tif,2015-16,S2A_MSIL2A_20160123T052112_R062_T43QGE_20210527T214129,2016-01-23,3.0,0.009207,0.0,1,data/rabi/india/2015-16/g2_0575.tif
g2_0576.tif,2015-16,S2A_MSIL2A_20151203T055212_R048_T42QYK_20210413T103539,2015-12-03,2.12,0.038043,0.0,1,data/rabi/india/2015-16/g2_0576.tif
g2_0588.tif,2015-16,S2A_MSIL2A_20151203T055212_R048_T43RBK_20210413T103615,2015-12-03,2.12,0.020789,0.0,1,data/rabi/india/2015-16/g2_0588.tif
g2_0594.tif,2015-16,S2A_MSIL2A_20160129T054102_R005_T43QCF_20210527T233826,2016-01-29,3.0,0.04214,0.0,2,data/rabi/india/2015-16/g2_0594.tif
g2_0608.tif,2015-16,S2A_MSIL2A_20160106T053222_R105_T43RFH_20210527T095224,2016-01-06,3.0,0.06634,0.0,1,data/rabi/india/2015-16/g2_0608.tif
g2_0611.tif,2015-16,S2A_MSIL2A_20160129T054102_R005_T43QBF_20210527T233812,2016-01-29,3.0,0.505891,0.005,3,data/rabi/india/2015-16/g2_0611.tif
g2_0617.tif,2015-16,S2A_MSIL2A_20160129T054102_R005_T42QZK_20210527T233802,2016-01-29,3.0,0.955449,0.0126,1,data/rabi/india/2015-16/g2_0617.tif
g2_0631.tif,2015-16,S2A_MSIL2A_20160110T051202_R019_T44RPN_20210527T134159,2016-01-10,3.0,0.046962,0.0036,1,data/rabi/india/2015-16/g2_0631.tif
g2_0640.tif,2015-16,S2A_MSIL2A_20151207T053212_R105_T43RFJ_20210413T132009,2015-12-07,2.12,0.017349,0.0,2,data/rabi/india/2015-16/g2_0640.tif
g2_0648.tif,2015-16,S2A_MSIL2A_20151203T055212_R048_T43RBL_20210413T103621,2015-12-03,2.12,0.059626,0.0,1,data/rabi/india/2015-16/g2_0648.tif
g2_0667.tif,2015-16,S2A_MSIL2A_20160110T051202_R019_T44RNN_20210527T134158,2016-01-10,3.0,0.016589,0.0,1,data/rabi/india/2015-16/g2_0667.tif
g2_0671.tif,2015-16,S2A_MSIL2A_20160129T054102_R005_T43RDM_20210527T233832,2016-01-29,3.0,57.492148,0.0003,1,data/rabi/india/2015-16/g2_0671.tif
g2_0694.tif,2015-16,S2A_MSIL2A_20160123T052112_R062_T43QGE_20210527T214129,2016-01-23,3.0,0.009207,0.0,1,data/rabi/india/2015-16/g2_0694.tif
g2_0698.tif,2015-16,S2A_MSIL2A_20160129T054102_R005_T43RCK_20210527T233834,2016-01-29,3.0,0.532875,0.0,2,data/rabi/india/2015-16/g2_0698.tif
g2_0702.tif,2015-16,S2A_MSIL2A_20160205T053022_R105_T43RGK_20210528T024256,2016-02-05,3.0,0.008768,0.0001,1,data/rabi/india/2015-16/g2_0702.tif
g2_0714.tif,2015-16,S2A_MSIL2A_20160123T052112_R062_T43QHF_20210527T214138,2016-01-23,3.0,0.005843,0.0,1,data/rabi/india/2015-16/g2_0714.tif
g2_0729.tif,2015-16,S2A_MSIL2A_20160123T052112_R062_T44RLP_20210527T214200,2016-01-23,3.0,0.02658,0.0,1,data/rabi/india/2015-16/g2_0729.tif
g2_0733.tif,2015-16,S2A_MSIL2A_20160205T053022_R105_T43REM_20210528T024239,2016-02-05,3.0,0.025522,0.0,1,data/rabi/india/2015-16/g2_0733.tif
g2_0756.tif,2015-16,S2A_MSIL2A_20160110T051202_R019_T44RMP_20210527T134205,2016-01-10,3.0,0.056085,0.0001,2,data/rabi/india/2015-16/g2_0756.tif
g2_0769.tif,2015-16,S2A_MSIL2A_20160205T053022_R105_T43REM_20210528T024239,2016-02-05,3.0,0.025522,0.0,1,data/rabi/india/2015-16/g2_0769.tif
g2_0782.tif,2015-16,S2A_MSIL2A_20160110T051202_R019_T44RNP_20210527T134202,2016-01-10,3.0,0.120348,0.0001,1,data/rabi/india/2015-16/g2_0782.tif
g2_0810.tif,2015-16,S2A_MSIL2A_20160106T053222_R105_T43QEG_20210527T095146,2016-01-06,3.0,0.155472,0.0002,1,data/rabi/india/2015-16/g2_0810.tif
g2_0812.tif,2015-16,S2A_MSIL2A_20160129T054102_R005_T43RDN_20210527T233835,2016-01-29,3.0,39.75297,0.0632,1,data/rabi/india/2015-16/g2_0812.tif
g2_0818.tif,2015-16,S2A_MSIL2A_20160205T053022_R105_T43REJ_20210528T024241,2016-02-05,3.0,0.060959,0.0001,2,data/rabi/india/2015-16/g2_0818.tif
g2_0821.tif,2015-16,S2A_MSIL2A_20160205T053022_R105_T43RFL_20210528T024250,2016-02-05,3.0,0.047336,0.0,1,data/rabi/india/2015-16/g2_0821.tif
g2_0831.tif,2015-16,S2A_MSIL2A_20160129T054102_R005_T43RDN_20210527T233835,2016-01-29,3.0,39.75297,0.4809,1,data/rabi/india/2015-16/g2_0831.tif
g2_0847.tif,2015-16,S2A_MSIL2A_20160106T053222_R105_T43REH_20210527T095211,2016-01-06,3.0,0.144825,0.0,2,data/rabi/india/2015-16/g2_0847.tif
g2_0850.tif,2015-16,S2A_MSIL2A_20160129T054102_R005_T42QYL_20210527T233751,2016-01-29,3.0,0.683099,0.0001,1,data/rabi/india/2015-16/g2_0850.tif
g2_0851.tif,2015-16,S2A_MSIL2A_20160205T053022_R105_T43RFL_20210528T024250,2016-02-05,3.0,0.047336,0.0,1,data/rabi/india/2015-16/g2_0851.tif
g2_0855.tif,2015-16,S2A_MSIL2A_20160123T052112_R062_T43RGJ_20210527T214137,2016-01-23,3.0,0.0072,0.0,4,data/rabi/india/2015-16/g2_0855.tif
g2_0857.tif,2015-16,S2A_MSIL2A_20160129T054102_R005_T43RDH_20210527T233831,2016-01-29,3.0,0.033843,0.0002,1,data/rabi/india/2015-16/g2_0857.tif
g2_0859.tif,2015-16,S2A_MSIL2A_20160129T054102_R005_T43RDH_20210527T233831,2016-01-29,3.0,0.033843,0.0,1,data/rabi/india/2015-16/g2_0859.tif
g2_0870.tif,2015-16,S2A_MSIL2A_20160123T052112_R062_T44RLT_20210527T214159,2016-01-23,3.0,24.083882,0.0397,1,data/rabi/india/2015-16/g2_0870.tif
g2_0876.tif,2015-16,S2A_MSIL2A_20160209T050942_R019_T44QNM_20210528T041603,2016-02-09,3.0,0.02787,0.0052,2,data/rabi/india/2015-16/g2_0876.tif
g2_0882.tif,2015-16,S2A_MSIL2A_20160110T051202_R019_T44RNN_20210527T134158,2016-01-10,3.0,0.016589,0.0,1,data/rabi/india/2015-16/g2_0882.tif
g2_0895.tif,2015-16,S2A_MSIL2A_20160110T051202_R019_T44RPP_20210527T134203,2016-01-10,3.0,0.11436,0.0001,1,data/rabi/india/2015-16/g2_0895.tif
g2_0897.tif,2015-16,S2A_MSIL2A_20160110T051202_R019_T44RNP_20210527T134202,2016-01-10,3.0,0.120348,0.0,1,data/rabi/india/2015-16/g2_0897.tif
g2_0900.tif,2015-16,S2A_MSIL2A_20160129T054102_R005_T43RDH_20210527T233831,2016-01-29,3.0,0.033843,0.0,1,data/rabi/india/2015-16/g2_0900.tif
g2_0901.tif,2015-16,S2A_MSIL2A_20160129T054102_R005_T43QBF_20210527T233812,2016-01-29,3.0,0.505891,0.0093,3,data/rabi/india/2015-16/g2_0901.tif
g2_0914.tif,2015-16,S2A_MSIL2A_20160123T052112_R062_T44QKK_20210527T214152,2016-01-23,3.0,0.018983,0.0348,2,data/rabi/india/2015-16/g2_0914.tif
g2_0924.tif,2015-16,S2A_MSIL2A_20151203T055212_R048_T43RBL_20210413T103621,2015-12-03,2.12,0.059626,0.0,1,data/rabi/india/2015-16/g2_0924.tif
g2_0942.tif,2015-16,S2A_MSIL2A_20160110T051202_R019_T44RPN_20210527T134159,2016-01-10,3.0,0.046962,0.0003,1,data/rabi/india/2015-16/g2_0942.tif
g2_0947.tif,2015-16,S2A_MSIL2A_20160110T051202_R019_T44RNN_20210527T134158,2016-01-10,3.0,0.016589,0.0,1,data/rabi/india/2015-16/g2_0947.tif
g2_0949.tif,2015-16,S2A_MSIL2A_20160106T053222_R105_T43REH_20210527T095211,2016-01-06,3.0,0.144825,0.0,2,data/rabi/india/2015-16/g2_0949.tif
g2_0953.tif,2015-16,S2A_MSIL2A_20160205T053022_R105_T43RGK_20210528T024256,2016-02-05,3.0,0.008768,0.0,1,data/rabi/india/2015-16/g2_0953.tif
g2_0971.tif,2015-16,S2A_MSIL2A_20160201T055052_R048_T43RDP_20210528T010050,2016-02-01,3.0,0.04805,1.0,6,data/rabi/india/2015-16/g2_0971.tif
g2_0976.tif,2015-16,S2A_MSIL2A_20160106T053222_R105_T43QEG_20210527T095146,2016-01-06,3.0,0.155472,0.0,1,data/rabi/india/2015-16/g2_0976.tif
g2_0995.tif,2015-16,S2A_MSIL2A_20160129T054102_R005_T43QCF_20210527T233826,2016-01-29,3.0,0.04214,0.0,2,data/rabi/india/2015-16/g2_0995.tif
g2_1001.tif,2015-16,S2A_MSIL2A_20160205T053022_R105_T43RGL_20210528T024256,2016-02-05,3.0,0.136092,0.0,1,data/rabi/india/2015-16/g2_1001.tif
g2_1016.tif,2015-16,S2A_MSIL2A_20160205T053022_R105_T43RGL_20210528T024256,2016-02-05,3.0,0.136092,0.0,1,data/rabi/india/2015-16/g2_1016.tif
g2_1017.tif,2015-16,S2A_MSIL2A_20160110T051202_R019_T44RNP_20210527T134202,2016-01-10,3.0,0.120348,0.0006,1,data/rabi/india/2015-16/g2_1017.tif
g2_1022.tif,2015-16,S2A_MSIL2A_20160129T054102_R005_T43QBF_20210527T233812,2016-01-29,3.0,0.505891,0.0002,3,data/rabi/india/2015-16/g2_1022.tif
g2_1030.tif,2015-16,S2A_MSIL2A_20160205T053022_R105_T43RGL_20210528T024256,2016-02-05,3.0,0.136092,0.001,1,data/rabi/india/2015-16/g2_1030.tif
g2_1043.tif,2015-16,S2A_MSIL2A_20160205T053022_R105_T43RFK_20210528T024248,2016-02-05,3.0,0.010564,0.0,1,data/rabi/india/2015-16/g2_1043.tif
g2_1053.tif,2015-16,S2A_MSIL2A_20160106T053222_R105_T43QEF_20210527T095143,2016-01-06,3.0,0.122634,0.0,1,data/rabi/india/2015-16/g2_1053.tif
g2_1056.tif,2015-16,S2A_MSIL2A_20160110T051202_R019_T44RNN_20210527T134158,2016-01-10,3.0,0.016589,0.0,1,data/rabi/india/2015-16/g2_1056.tif
g2_1060.tif,2015-16,S2A_MSIL2A_20160205T053022_R105_T43RGK_20210528T024256,2016-02-05,3.0,0.008768,0.0001,1,data/rabi/india/2015-16/g2_1060.tif
g2_1062.tif,2015-16,S2A_MSIL2A_20151203T055212_R048_T42QXK_20210525T221452,2015-12-03,3.0,0.3584,0.0,1,data/rabi/india/2015-16/g2_1062.tif
g2_1073.tif,2015-16,S2A_MSIL2A_20160205T053022_R105_T43RFK_20210528T024248,2016-02-05,3.0,0.010564,0.0005,1,data/rabi/india/2015-16/g2_1073.tif
g2_1090.tif,2015-16,S2A_MSIL2A_20160110T051202_R019_T44RMP_20210527T134205,2016-01-10,3.0,0.056085,0.0,2,data/rabi/india/2015-16/g2_1090.tif
g2_1092.tif,2015-16,S2A_MSIL2A_20160123T052112_R062_T43RHJ_20210527T214149,2016-01-23,3.0,0.041606,0.0,1,data/rabi/india/2015-16/g2_1092.tif
g2_1111.tif,2015-16,S2A_MSIL2A_20151207T053212_R105_T43RFJ_20210413T132009,2015-12-07,2.12,0.017349,0.0,2,data/rabi/india/2015-16/g2_1111.tif
g2_1120.tif,2015-16,S2A_MSIL2A_20160129T054102_R005_T43QBE_20210527T233808,2016-01-29,3.0,0.962378,0.0001,1,data/rabi/india/2015-16/g2_1120.tif
g2_1145.tif,2015-16,S2A_MSIL2A_20160205T053022_R105_T44RKS_20210528T024301,2016-02-05,3.0,0.045457,1.0,3,data/rabi/india/2015-16/g2_1145.tif
g2_1148.tif,2015-16,S2A_MSIL2A_20160129T054102_R005_T42QYL_20210527T233751,2016-01-29,3.0,0.683099,0.0,1,data/rabi/india/2015-16/g2_1148.tif
g2_1149.tif,2015-16,S2A_MSIL2A_20160205T053022_R105_T43RFK_20210528T024248,2016-02-05,3.0,0.010564,0.0,1,data/rabi/india/2015-16/g2_1149.tif
g2_1154.tif,2015-16,S2A_MSIL2A_20160106T053222_R105_T43RFH_20210527T095224,2016-01-06,3.0,0.06634,0.0,1,data/rabi/india/2015-16/g2_1154.tif
g2_1175.tif,2015-16,S2A_MSIL2A_20160129T054102_R005_T43REM_20210527T233837,2016-01-29,3.0,54.452579,0.2363,6,data/rabi/india/2015-16/g2_1175.tif
g2_1178.tif,2015-16,S2A_MSIL2A_20160129T054102_R005_T43RCK_20210527T233834,2016-01-29,3.0,0.532875,0.001,2,data/rabi/india/2015-16/g2_1178.tif
g2_1197.tif,2015-16,S2A_MSIL2A_20160110T051202_R019_T44RNP_20210527T134202,2016-01-10,3.0,0.120348,0.0011,1,data/rabi/india/2015-16/g2_1197.tif
g2_1198.tif,2015-16,S2A_MSIL2A_20160205T053022_R105_T43QDG_20210528T024229,2016-02-05,3.0,0.050025,0.0,2,data/rabi/india/2015-16/g2_1198.tif
g2_1201.tif,2015-16,S2A_MSIL2A_20160205T053022_R105_T43RDH_20210528T024235,2016-02-05,3.0,0.058014,0.0059,3,data/rabi/india/2015-16/g2_1201.tif
g2_1206.tif,2015-16,S2A_MSIL2A_20160123T052112_R062_T44RKT_20210527T214157,2016-01-23,3.0,64.950131,0.0073,3,data/rabi/india/2015-16/g2_1206.tif
g2_1207.tif,2015-16,S2A_MSIL2A_20160129T054102_R005_T43RDN_20210527T233835,2016-01-29,3.0,39.75297,1.0,1,data/rabi/india/2015-16/g2_1207.tif
g2_1211.tif,2015-16,S2A_MSIL2A_20160205T053022_R105_T43REL_20210528T024244,2016-02-05,3.0,0.05635,0.0003,1,data/rabi/india/2015-16/g2_1211.tif
g2_1217.tif,2015-16,S2A_MSIL2A_20151203T055212_R048_T42QYK_20210413T103539,2015-12-03,2.12,0.038043,0.0,1,data/rabi/india/2015-16/g2_1217.tif
g2_1233.tif,2015-16,S2A_MSIL2A_20151203T055212_R048_T42QWK_20210413T103531,2015-12-03,2.12,0.234074,0.0,1,data/rabi/india/2015-16/g2_1233.tif
g2_1241.tif,2015-16,S2A_MSIL2A_20160106T053222_R105_T43QEG_20210527T095146,2016-01-06,3.0,0.155472,0.0019,1,data/rabi/india/2015-16/g2_1241.tif
g2_1252.tif,2015-16,S2A_MSIL2A_20151203T055212_R048_T42QYK_20210413T103539,2015-12-03,2.12,0.038043,0.0006,1,data/rabi/india/2015-16/g2_1252.tif
g2_1264.tif,2015-16,S2A_MSIL2A_20160129T054102_R005_T43RDH_20210527T233831,2016-01-29,3.0,0.033843,0.0,1,data/rabi/india/2015-16/g2_1264.tif
g2_1265.tif,2015-16,S2A_MSIL2A_20160205T053022_R105_T44RKT_20210528T024306,2016-02-05,3.0,0.153517,0.0,1,data/rabi/india/2015-16/g2_1265.tif
g2_1268.tif,2015-16,S2A_MSIL2A_20160205T053022_R105_T43RFK_20210528T024248,2016-02-05,3.0,0.010564,0.0,1,data/rabi/india/2015-16/g2_1268.tif
g2_1274.tif,2015-16,S2A_MSIL2A_20151203T055212_R048_T43RBL_20210413T103621,2015-12-03,2.12,0.059626,0.0,1,data/rabi/india/2015-16/g2_1274.tif
g2_1287.tif,2015-16,S2A_MSIL2A_20151203T055212_R048_T43RBK_20210413T103615,2015-12-03,2.12,0.020789,0.0,1,data/rabi/india/2015-16/g2_1287.tif
g2_1290.tif,2015-16,S2A_MSIL2A_20160110T051202_R019_T44RMP_20210527T134205,2016-01-10,3.0,0.056085,0.0,2,data/rabi/india/2015-16/g2_1290.tif
g2_1293.tif,2015-16,S2A_MSIL2A_20160129T054102_R005_T43QBF_20210527T233812,2016-01-29,3.0,0.505891,0.0,3,data/rabi/india/2015-16/g2_1293.tif
g2_1299.tif,2015-16,S2A_MSIL2A_20151203T055212_R048_T43RBK_20210413T103615,2015-12-03,2.12,0.020789,0.0,1,data/rabi/india/2015-16/g2_1299.tif
g2_1300.tif,2015-16,S2A_MSIL2A_20160110T051202_R019_T44QPM_20210527T134150,2016-01-10,3.0,0.046322,0.0,2,data/rabi/india/2015-16/g2_1300.tif
g2_1305.tif,2015-16,S2A_MSIL2A_20160205T053022_R105_T43REJ_20210528T024241,2016-02-05,3.0,0.060959,0.0003,2,data/rabi/india/2015-16/g2_1305.tif
g2_1307.tif,2015-16,S2A_MSIL2A_20160205T053022_R105_T43QDG_20210528T024229,2016-02-05,3.0,0.050025,0.0004,2,data/rabi/india/2015-16/g2_1307.tif
g2_1309.tif,2015-16,S2A_MSIL2A_20160205T053022_R105_T43RFL_20210528T024250,2016-02-05,3.0,0.047336,0.0001,1,data/rabi/india/2015-16/g2_1309.tif
g2_1310.tif,2015-16,S2A_MSIL2A_20160110T051202_R019_T44QPM_20210527T134150,2016-01-10,3.0,0.046322,0.0021,2,data/rabi/india/2015-16/g2_1310.tif
g2_1321.tif,2015-16,S2A_MSIL2A_20160123T052112_R062_T43QFF_20210527T214114,2016-01-23,3.0,0.031415,0.0001,2,data/rabi/india/2015-16/g2_1321.tif
g2_1330.tif,2015-16,S2A_MSIL2A_20160110T051202_R019_T44RNN_20210527T134158,2016-01-10,3.0,0.016589,0.0,1,data/rabi/india/2015-16/g2_1330.tif
g2_1340.tif,2015-16,S2A_MSIL2A_20160106T053222_R105_T43RFH_20210527T095224,2016-01-06,3.0,0.06634,0.0,2,data/rabi/india/2015-16/g2_1340.tif
g2_1346.tif,2015-16,S2A_MSIL2A_20160205T053022_R105_T43RFK_20210528T024248,2016-02-05,3.0,0.010564,0.0002,1,data/rabi/india/2015-16/g2_1346.tif
g2_1348.tif,2015-16,S2A_MSIL2A_20160110T051202_R019_T44RNN_20210527T134158,2016-01-10,3.0,0.016589,0.0,1,data/rabi/india/2015-16/g2_1348.tif
g2_1352.tif,2015-16,S2A_MSIL2A_20160110T051202_R019_T44RNN_20210527T134158,2016-01-10,3.0,0.016589,0.0,1,data/rabi/india/2015-16/g2_1352.tif
g2_1364.tif,2015-16,S2A_MSIL2A_20160110T051202_R019_T44RNP_20210527T134202,2016-01-10,3.0,0.120348,0.0004,1,data/rabi/india/2015-16/g2_1364.tif
g2_1368.tif,2015-16,S2A_MSIL2A_20160123T052112_R062_T44RLT_20210527T214159,2016-01-23,3.0,24.083882,0.0155,1,data/rabi/india/2015-16/g2_1368.tif
g2_1374.tif,2015-16,S2A_MSIL2A_20160123T052112_R062_T43RGJ_20210527T214137,2016-01-23,3.0,0.0072,0.0,4,data/rabi/india/2015-16/g2_1374.tif
g2_1376.tif,2015-16,S2A_MSIL2A_20160110T051202_R019_T44RNN_20210527T134158,2016-01-10,3.0,0.016589,0.0,1,data/rabi/india/2015-16/g2_1376.tif
g2_1380.tif,2015-16,S2A_MSIL2A_20160123T052112_R062_T44RLT_20210527T214159,2016-01-23,3.0,24.083882,1.0,1,data/rabi/india/2015-16/g2_1380.tif
g2_1384.tif,2015-16,S2A_MSIL2A_20160123T052112_R062_T43QFF_20210527T214114,2016-01-23,3.0,0.031415,0.0,1,data/rabi/india/2015-16/g2_1384.tif
g2_1386.tif,2015-16,S2A_MSIL2A_20160129T054102_R005_T43RCK_20210527T233834,2016-01-29,3.0,0.532875,0.0,2,data/rabi/india/2015-16/g2_1386.tif
g2_1393.tif,2015-16,S2A_MSIL2A_20160110T051202_R019_T44RPN_20210527T134159,2016-01-10,3.0,0.046962,0.0,1,data/rabi/india/2015-16/g2_1393.tif
g2_1395.tif,2015-16,S2A_MSIL2A_20160110T051202_R019_T44QNM_20210527T134142,2016-01-10,3.0,0.021718,0.0,1,data/rabi/india/2015-16/g2_1395.tif
g2_1398.tif,2015-16,S2A_MSIL2A_20151203T055212_R048_T43RBL_20210413T103621,2015-12-03,2.12,0.059626,0.0,1,data/rabi/india/2015-16/g2_1398.tif
g2_1404.tif,2015-16,S2A_MSIL2A_20160123T052112_R062_T44RLP_20210527T214200,2016-01-23,3.0,0.02658,0.0,1,data/rabi/india/2015-16/g2_1404.tif
g2_1418.tif,2015-16,S2A_MSIL2A_20160205T053022_R105_T43RFK_20210528T024248,2016-02-05,3.0,0.010564,0.0012,1,data/rabi/india/2015-16/g2_1418.tif
g2_1433.tif,2015-16,S2A_MSIL2A_20160106T053222_R105_T43QEG_20210527T095146,2016-01-06,3.0,0.155472,0.0006,1,data/rabi/india/2015-16/g2_1433.tif
g2_1439.tif,2015-16,S2A_MSIL2A_20160110T051202_R019_T44RNN_20210527T134158,2016-01-10,3.0,0.016589,0.0,1,data/rabi/india/2015-16/g2_1439.tif
g2_1451.tif,2015-16,S2A_MSIL2A_20160205T053022_R105_T43RFK_20210528T024248,2016-02-05,3.0,0.010564,0.0,1,data/rabi/india/2015-16/g2_1451.tif
g2_1467.tif,2015-16,S2A_MSIL2A_20160205T053022_R105_T43RFK_20210528T024248,2016-02-05,3.0,0.010564,0.0,1,data/rabi/india/2015-16/g2_1467.tif
g2_1471.tif,2015-16,S2A_MSIL2A_20160129T054102_R005_T43QDG_20210527T233821,2016-01-29,3.0,0.02148,0.0,1,data/rabi/india/2015-16/g2_1471.tif
g2_1474.tif,2015-16,S2A_MSIL2A_20160205T053022_R105_T43REL_20210528T024244,2016-02-05,3.0,0.05635,0.0,1,data/rabi/india/2015-16/g2_1474.tif
g2_1475.tif,2015-16,S2A_MSIL2A_20151203T055212_R048_T42QYK_20210413T103539,2015-12-03,2.12,0.038043,0.0,1,data/rabi/india/2015-16/g2_1475.tif
g2_1478.tif,2015-16,S2A_MSIL2A_20160129T054102_R005_T42QZL_20210527T233804,2016-01-29,3.0,0.522216,0.1019,6,data/rabi/india/2015-16/g2_1478.tif
g2_1488.tif,2015-16,S2A_MSIL2A_20160110T051202_R019_T44RMP_20210527T134205,2016-01-10,3.0,0.056085,0.0,2,data/rabi/india/2015-16/g2_1488.tif
g2_1500.tif,2015-16,S2A_MSIL2A_20160205T053022_R105_T43RFL_20210528T024250,2016-02-05,3.0,0.047336,0.0928,3,data/rabi/india/2015-16/g2_1500.tif
g2_1511.tif,2015-16,S2A_MSIL2A_20160129T054102_R005_T43QCE_20210527T233821,2016-01-29,3.0,0.21972,0.0,2,data/rabi/india/2015-16/g2_1511.tif
g2_1516.tif,2015-16,S2A_MSIL2A_20160205T053022_R105_T43REL_20210528T024244,2016-02-05,3.0,0.05635,0.0,1,data/rabi/india/2015-16/g2_1516.tif
g2_1517.tif,2015-16,S2A_MSIL2A_20160123T052112_R062_T44RLP_20210527T214200,2016-01-23,3.0,0.02658,0.0,1,data/rabi/india/2015-16/g2_1517.tif
g2_1521.tif,2015-16,S2A_MSIL2A_20160110T051202_R019_T44RPP_20210527T134203,2016-01-10,3.0,0.11436,0.0008,1,data/rabi/india/2015-16/g2_1521.tif
g2_1523.tif,2015-16,S2A_MSIL2A_20160110T051202_R019_T44RNN_20210527T134158,2016-01-10,3.0,0.016589,0.0,1,data/rabi/india/2015-16/g2_1523.tif
g2_1527.tif,2015-16,S2A_MSIL2A_20160123T052112_R062_T43QFF_20210527T214114,2016-01-23,3.0,0.031415,0.0002,2,data/rabi/india/2015-16/g2_1527.tif
g2_1535.tif,2015-16,S2A_MSIL2A_20160205T053022_R105_T43REM_20210528T024239,2016-02-05,3.0,0.025522,1.0,3,data/rabi/india/2015-16/g2_1535.tif
g2_1538.tif,2015-16,S2A_MSIL2A_20160129T054102_R005_T43RDN_20210527T233835,2016-01-29,3.0,39.75297,0.5662,1,data/rabi/india/2015-16/g2_1538.tif
g2_1554.tif,2015-16,S2A_MSIL2A_20160205T053022_R105_T43RFL_20210528T024250,2016-02-05,3.0,0.047336,0.0,1,data/rabi/india/2015-16/g2_1554.tif
g2_1557.tif,2015-16,S2A_MSIL2A_20160129T054102_R005_T43QCG_20210527T233827,2016-01-29,3.0,0.030375,0.0006,1,data/rabi/india/2015-16/g2_1557.tif
g2_1568.tif,2015-16,S2A_MSIL2A_20160110T051202_R019_T44RMN_20210527T134155,2016-01-10,3.0,0.012989,0.0,2,data/rabi/india/2015-16/g2_1568.tif
g2_1602.tif,2015-16,S2A_MSIL2A_20160110T051202_R019_T44RNP_20210527T134202,2016-01-10,3.0,0.120348,0.0,1,data/rabi/india/2015-16/g2_1602.tif
g2_1604.tif,2015-16,S2A_MSIL2A_20160129T054102_R005_T43QBF_20210527T233812,2016-01-29,3.0,0.505891,0.0,3,data/rabi/india/2015-16/g2_1604.tif
g2_1614.tif,2015-16,S2A_MSIL2A_20160110T051202_R019_T44RMP_20210527T134205,2016-01-10,3.0,0.056085,0.0,2,data/rabi/india/2015-16/g2_1614.tif
g2_1626.tif,2015-16,S2A_MSIL2A_20160110T051202_R019_T44RNN_20210527T134158,2016-01-10,3.0,0.016589,0.0,1,data/rabi/india/2015-16/g2_1626.tif
g2_1638.tif,2015-16,S2A_MSIL2A_20160129T054102_R005_T43RDN_20210527T233835,2016-01-29,3.0,39.75297,0.0332,1,data/rabi/india/2015-16/g2_1638.tif
g2_1646.tif,2015-16,S2A_MSIL2A_20160110T051202_R019_T44RPP_20210527T134203,2016-01-10,3.0,0.11436,0.001,1,data/rabi/india/2015-16/g2_1646.tif
g2_1659.tif,2015-16,S2A_MSIL2A_20160205T053022_R105_T43QDG_20210528T024229,2016-02-05,3.0,0.050025,0.0156,2,data/rabi/india/2015-16/g2_1659.tif
g2_1670.tif,2015-16,S2A_MSIL2A_20151203T055212_R048_T43RBK_20210413T103615,2015-12-03,2.12,0.020789,0.0,1,data/rabi/india/2015-16/g2_1670.tif
g2_1674.tif,2015-16,S2A_MSIL2A_20151207T053212_R105_T43RFJ_20210413T132009,2015-12-07,2.12,0.017349,0.0,2,data/rabi/india/2015-16/g2_1674.tif
g2_1676.tif,2015-16,S2A_MSIL2A_20160129T054102_R005_T43QCG_20210527T233827,2016-01-29,3.0,0.030375,0.0006,1,data/rabi/india/2015-16/g2_1676.tif
g2_1681.tif,2015-16,S2A_MSIL2A_20160205T053022_R105_T43RFK_20210528T024248,2016-02-05,3.0,0.010564,0.0002,1,data/rabi/india/2015-16/g2_1681.tif
g2_1688.tif,2015-16,S2A_MSIL2A_20160201T055052_R048_T43RCM_20210528T010052,2016-02-01,3.0,0.038238,1.0,3,data/rabi/india/2015-16/g2_1688.tif
g2_1689.tif,2015-16,S2A_MSIL2A_20160205T053022_R105_T44RKT_20210528T024306,2016-02-05,3.0,0.153517,0.0004,1,data/rabi/india/2015-16/g2_1689.tif
g2_1695.tif,2015-16,S2A_MSIL2A_20160205T053022_R105_T43REL_20210528T024244,2016-02-05,3.0,0.05635,0.0,1,data/rabi/india/2015-16/g2_1695.tif
g2_1699.tif,2015-16,S2A_MSIL2A_20160129T054102_R005_T43RDN_20210527T233835,2016-01-29,3.0,39.75297,0.986,1,data/rabi/india/2015-16/g2_1699.tif
g2_1700.tif,2015-16,S2A_MSIL2A_20160205T053022_R105_T43REK_20210528T024257,2016-02-05,3.0,0.387958,0.0,1,data/rabi/india/2015-16/g2_1700.tif
g2_1707.tif,2015-16,S2A_MSIL2A_20160129T054102_R005_T43QCF_20210527T233826,2016-01-29,3.0,0.04214,0.0,2,data/rabi/india/2015-16/g2_1707.tif
g2_1722.tif,2015-16,S2A_MSIL2A_20160205T053022_R105_T43REK_20210528T024257,2016-02-05,3.0,0.387958,0.0,1,data/rabi/india/2015-16/g2_1722.tif
g2_1733.tif,2015-16,S2A_MSIL2A_20160123T052112_R062_T43QGF_20210527T214127,2016-01-23,3.0,0.112568,0.0,2,data/rabi/india/2015-16/g2_1733.tif
g2_1737.tif,2015-16,S2A_MSIL2A_20160110T051202_R019_T44RMP_20210527T134205,2016-01-10,3.0,0.056085,0.0006,2,data/rabi/india/2015-16/g2_1737.tif
g2_1752.tif,2015-16,S2A_MSIL2A_20160205T053022_R105_T43REL_20210528T024244,2016-02-05,3.0,0.05635,0.0,1,data/rabi/india/2015-16/g2_1752.tif
g2_1759.tif,2015-16,S2A_MSIL2A_20160205T053022_R105_T44RKT_20210528T024306,2016-02-05,3.0,0.153517,0.0005,1,data/rabi/india/2015-16/g2_1759.tif
g2_1766.tif,2015-16,S2A_MSIL2A_20160123T052112_R062_T44RMP_20210527T214152,2016-01-23,3.0,0.055066,0.0,1,data/rabi/india/2015-16/g2_1766.tif
g2_1769.tif,2015-16,S2A_MSIL2A_20160123T052112_R062_T44RLT_20210527T214159,2016-01-23,3.0,24.083882,0.017,1,data/rabi/india/2015-16/g2_1769.tif
g2_1771.tif,2015-16,S2A_MSIL2A_20160205T053022_R105_T43REM_20210528T024239,2016-02-05,3.0,0.025522,0.0,1,data/rabi/india/2015-16/g2_1771.tif
g2_1800.tif,2015-16,S2A_MSIL2A_20160129T054102_R005_T43QDG_20210527T233821,2016-01-29,3.0,0.02148,0.0,1,data/rabi/india/2015-16/g2_1800.tif
g2_1823.tif,2015-16,S2A_MSIL2A_20151230T055012_R005_T43REP_20210526T224428,2015-12-30,3.0,0.100212,0.0018,2,data/rabi/india/2015-16/g2_1823.tif
g2_1844.tif,2015-16,S2A_MSIL2A_20160123T052112_R062_T43QHF_20210527T214138,2016-01-23,3.0,0.005843,0.0,1,data/rabi/india/2015-16/g2_1844.tif
g2_1852.tif,2015-16,S2A_MSIL2A_20160129T054102_R005_T43QDG_20210527T233821,2016-01-29,3.0,0.02148,0.0,1,data/rabi/india/2015-16/g2_1852.tif
g2_1856.tif,2015-16,S2A_MSIL2A_20160129T054102_R005_T43RDN_20210527T233835,2016-01-29,3.0,39.75297,0.5816,1,data/rabi/india/2015-16/g2_1856.tif
g2_1867.tif,2015-16,S2A_MSIL2A_20160129T054102_R005_T43QBF_20210527T233812,2016-01-29,3.0,0.505891,0.0017,3,data/rabi/india/2015-16/g2_1867.tif
g2_1878.tif,2015-16,S2A_MSIL2A_20160205T053022_R105_T43RGK_20210528T024256,2016-02-05,3.0,0.008768,0.0,1,data/rabi/india/2015-16/g2_1878.tif
g2_1881.tif,2015-16,S2A_MSIL2A_20160202T053122_R062_T44RKQ_20210528T012945,2016-02-02,3.0,0.048768,0.0002,1,data/rabi/india/2015-16/g2_1881.tif
g2_1883.tif,2015-16,S2A_MSIL2A_20160129T054102_R005_T43RDN_20210527T233835,2016-01-29,3.0,39.75297,0.5935,3,data/rabi/india/2015-16/g2_1883.tif
g2_1884.tif,2015-16,S2A_MSIL2A_20160205T053022_R105_T43REK_20210528T024257,2016-02-05,3.0,0.387958,0.0,1,data/rabi/india/2015-16/g2_1884.tif
g2_1889.tif,2015-16,S2A_MSIL2A_20160123T052112_R062_T44RLT_20210527T214159,2016-01-23,3.0,24.083882,1.0,1,data/rabi/india/2015-16/g2_1889.tif
g2_1898.tif,2015-16,S2A_MSIL2A_20160106T053222_R105_T43REH_20210527T095211,2016-01-06,3.0,0.144825,0.0025,2,data/rabi/india/2015-16/g2_1898.tif
g2_1899.tif,2015-16,S2A_MSIL2A_20160129T054102_R005_T42QZL_20210527T233804,2016-01-29,3.0,0.522216,0.0032,2,data/rabi/india/2015-16/g2_1899.tif
g2_1910.tif,2015-16,S2A_MSIL2A_20160123T052112_R062_T43QGF_20210527T214127,2016-01-23,3.0,0.112568,0.0,2,data/rabi/india/2015-16/g2_1910.tif
g2_1928.tif,2015-16,S2A_MSIL2A_20160205T053022_R105_T43QDG_20210528T024229,2016-02-05,3.0,0.050025,0.0006,2,data/rabi/india/2015-16/g2_1928.tif
g2_1930.tif,2015-16,S2A_MSIL2A_20160129T054102_R005_T43QCE_20210527T233821,2016-01-29,3.0,0.21972,0.0,2,data/rabi/india/2015-16/g2_1930.tif
g2_1940.tif,2015-16,S2A_MSIL2A_20160129T054102_R005_T42RZP_20210527T233803,2016-01-29,3.0,0.147193,0.0,3,data/rabi/india/2015-16/g2_1940.tif
g2_1982.tif,2015-16,S2A_MSIL2A_20151228T050222_R119_T44RPN_20210526T203851,2015-12-28,3.0,0.814581,0.0,2,data/rabi/india/2015-16/g2_1982.tif
g3_0020.tif,2015-16,S2A_MSIL2A_20160213T044912_R076_T45QUF_20210528T055633,2016-02-13,3.0,69.85237,0.9998,1,data/rabi/india/2015-16/g3_0020.tif
g3_0079.tif,2015-16,S2A_MSIL2A_20160213T044912_R076_T45QTF_20210528T055625,2016-02-13,3.0,54.484403,0.9989,4,data/rabi/india/2015-16/g3_0079.tif
g3_0096.tif,2015-16,S2A_MSIL2A_20151228T050222_R119_T44RQP_20210526T203904,2015-12-28,3.0,35.053269,0.0874,5,data/rabi/india/2015-16/g3_0096.tif
g3_0119.tif,2015-16,S2A_MSIL2A_20160213T044912_R076_T45QUE_20210528T055629,2016-02-13,3.0,48.764432,0.7948,1,data/rabi/india/2015-16/g3_0119.tif
g3_0158.tif,2015-16,S2A_MSIL2A_20151228T050222_R119_T45QTG_20210526T203924,2015-12-28,3.0,0.082588,0.0,1,data/rabi/india/2015-16/g3_0158.tif
g3_0284.tif,2015-16,S2A_MSIL2A_20151228T050222_R119_T45RTJ_20210526T203932,2015-12-28,3.0,38.812648,0.6449,4,data/rabi/india/2015-16/g3_0284.tif
g3_0312.tif,2015-16,S2A_MSIL2A_20160213T044912_R076_T44QRL_20210528T055801,2016-02-13,3.0,50.366183,0.9866,4,data/rabi/india/2015-16/g3_0312.tif
g3_0397.tif,2015-16,S2A_MSIL2A_20160213T044912_R076_T45QUF_20210528T055633,2016-02-13,3.0,69.85237,1.0,1,data/rabi/india/2015-16/g3_0397.tif
g3_0403.tif,2015-16,S2A_MSIL2A_20160213T044912_R076_T45RTH_20210528T055625,2016-02-13,3.0,0.01186,0.0,1,data/rabi/india/2015-16/g3_0403.tif
g3_0492.tif,2015-16,S2A_MSIL2A_20160213T044912_R076_T45QUG_20210528T055632,2016-02-13,3.0,5.761806,0.0264,1,data/rabi/india/2015-16/g3_0492.tif
g3_0519.tif,2015-16,S2A_MSIL2A_20160213T044912_R076_T45QUG_20210528T055632,2016-02-13,3.0,5.761806,0.0092,2,data/rabi/india/2015-16/g3_0519.tif
g3_0551.tif,2015-16,S2A_MSIL2A_20151228T050222_R119_T44RRP_20210526T203922,2015-12-28,3.0,38.206597,0.4942,4,data/rabi/india/2015-16/g3_0551.tif
g3_0583.tif,2015-16,S2A_MSIL2A_20160213T044912_R076_T45RTH_20210528T055625,2016-02-13,3.0,0.01186,0.0,1,data/rabi/india/2015-16/g3_0583.tif
g3_0610.tif,2015-16,S2A_MSIL2A_20160213T044912_R076_T44QRM_20210528T055620,2016-02-13,3.0,13.708353,1.0,4,data/rabi/india/2015-16/g3_0610.tif
g3_0672.tif,2015-16,S2A_MSIL2A_20151228T050222_R119_T45QTG_20210526T203924,2015-12-28,3.0,0.082588,0.0,1,data/rabi/india/2015-16/g3_0672.tif
g3_0688.tif,2015-16,S2A_MSIL2A_20160101T044212_R033_T45RXJ_20210527T044335,2016-01-01,3.0,0.045444,0.0,1,data/rabi/india/2015-16/g3_0688.tif
g3_0713.tif,2015-16,S2A_MSIL2A_20160213T044912_R076_T45RUH_20210528T055629,2016-02-13,3.0,0.01634,0.0001,1,data/rabi/india/2015-16/g3_0713.tif
g3_0741.tif,2015-16,S2A_MSIL2A_20151228T050222_R119_T44RQP_20210526T203904,2015-12-28,3.0,35.053269,0.6494,3,data/rabi/india/2015-16/g3_0741.tif
g3_0781.tif,2015-16,S2A_MSIL2A_20160213T044912_R076_T45QUE_20210528T055629,2016-02-13,3.0,48.764432,1.0,2,data/rabi/india/2015-16/g3_0781.tif
g3_0783.tif,2015-16,S2A_MSIL2A_20151228T050222_R119_T45RTJ_20210526T203932,2015-12-28,3.0,38.812648,0.6268,4,data/rabi/india/2015-16/g3_0783.tif
g3_0926.tif,2015-16,S2A_MSIL2A_20160213T044912_R076_T45QUE_20210528T055629,2016-02-13,3.0,48.764432,0.9077,1,data/rabi/india/2015-16/g3_0926.tif
g3_0955.tif,2015-16,S2A_MSIL2A_20151228T050222_R119_T44RQP_20210526T203904,2015-12-28,3.0,35.053269,0.0525,1,data/rabi/india/2015-16/g3_0955.tif
g3_1003.tif,2015-16,S2A_MSIL2A_20160213T044912_R076_T45QTE_20210528T055623,2016-02-13,3.0,67.823584,0.1788,2,data/rabi/india/2015-16/g3_1003.tif
g3_1098.tif,2015-16,S2A_MSIL2A_20160213T044912_R076_T44RRN_20210528T055618,2016-02-13,3.0,0.011932,0.0,1,data/rabi/india/2015-16/g3_1098.tif
g3_1174.tif,2015-16,S2A_MSIL2A_20160213T044912_R076_T45QTE_20210528T055623,2016-02-13,3.0,67.823584,0.9307,4,data/rabi/india/2015-16/g3_1174.tif
g3_1318.tif,2015-16,S2A_MSIL2A_20160213T044912_R076_T44QRL_20210528T055801,2016-02-13,3.0,50.366183,0.7352,4,data/rabi/india/2015-16/g3_1318.tif
g3_1347.tif,2015-16,S2A_MSIL2A_20151228T050222_R119_T44RQP_20210526T203904,2015-12-28,3.0,35.053269,0.3025,1,data/rabi/india/2015-16/g3_1347.tif
g3_1351.tif,2015-16,S2A_MSIL2A_20160213T044912_R076_T45RUH_20210528T055629,2016-02-13,3.0,0.01634,0.0,1,data/rabi/india/2015-16/g3_1351.tif
g3_1440.tif,2015-16,S2A_MSIL2A_20160213T044912_R076_T44QRM_20210528T055620,2016-02-13,3.0,13.708353,0.8015,4,data/rabi/india/2015-16/g3_1440.tif
g3_1487.tif,2015-16,S2A_MSIL2A_20151228T050222_R119_T45RTJ_20210526T203932,2015-12-28,3.0,38.812648,0.55,4,data/rabi/india/2015-16/g3_1487.tif
g3_1515.tif,2015-16,S2A_MSIL2A_20160213T044912_R076_T45RUH_20210528T055629,2016-02-13,3.0,0.01634,0.0,1,data/rabi/india/2015-16/g3_1515.tif
g3_1748.tif,2015-16,S2A_MSIL2A_20160213T044912_R076_T45RTH_20210528T055625,2016-02-13,3.0,0.01186,0.0001,1,data/rabi/india/2015-16/g3_1748.tif
g3_1770.tif,2015-16,S2A_MSIL2A_20160213T044912_R076_T45QTF_20210528T055625,2016-02-13,3.0,54.484403,0.9872,4,data/rabi/india/2015-16/g3_1770.tif
g3_1785.tif,2015-16,S2A_MSIL2A_20160213T044912_R076_T45RTH_20210528T055625,2016-02-13,3.0,0.01186,0.0,1,data/rabi/india/2015-16/g3_1785.tif
g3_1836.tif,2015-16,S2A_MSIL2A_20160213T044912_R076_T45QUF_20210528T055633,2016-02-13,3.0,69.85237,0.9993,1,data/rabi/india/2015-16/g3_1836.tif
g3_1854.tif,2015-16,S2A_MSIL2A_20151228T050222_R119_T44RQN_20210526T203900,2015-12-28,3.0,1.921832,0.0017,2,data/rabi/india/2015-16/g3_1854.tif
g3_1911.tif,2015-16,S2A_MSIL2A_20160213T044912_R076_T44QRK_20210528T055801,2016-02-13,3.0,59.289266,0.8316,4,data/rabi/india/2015-16/g3_1911.tif
g3_1925.tif,2015-16,S2A_MSIL2A_20160213T044912_R076_T45QUG_20210528T055632,2016-02-13,3.0,5.761806,0.0,2,data/rabi/india/2015-16/g3_1925.tif
g3_1964.tif,2015-16,S2A_MSIL2A_20151228T050222_R119_T44QRL_20210526T203845,2015-12-28,3.0,0.128571,0.0,1,data/rabi/india/2015-16/g3_1964.tif
