country,chip,parcel_id,full_px,hectares,native_10m_px,best_iou,found,width_native_px
india,g0_0030.tif,150,96,0.3534,35.34,0.4688,0,4.247
india,g0_0030.tif,151,192,0.7068,70.68,0.4312,0,6.775
india,g0_0030.tif,152,24,0.0884,8.84,0.1884,0,2.107
india,g0_0030.tif,153,32,0.1178,11.78,0.1111,0,2.107
india,g0_0030.tif,154,67,0.2466,24.66,0.4444,0,3.768
india,g0_0073.tif,365,44,0.162,16.2,0.7544,1,3.034
india,g0_0073.tif,366,37,0.1362,13.62,0.089,0,3.034
india,g0_0073.tif,367,81,0.2982,29.82,0.1981,0,3.231
india,g0_0073.tif,368,56,0.2062,20.62,0.1672,0,3.034
india,g0_0073.tif,369,64,0.2356,23.56,0.1857,0,3.034
india,g0_0091.tif,455,67,0.2466,24.66,0.2258,0,2.107
india,g0_0091.tif,456,78,0.2871,28.71,0.5862,1,2.825
india,g0_0091.tif,457,48,0.1767,17.67,0.6333,1,2.825
india,g0_0091.tif,458,92,0.3387,33.87,0.3478,0,3.768
india,g0_0091.tif,459,43,0.1583,15.83,0.3966,0,2.825
india,g0_0140.tif,701,160,0.589,58.9,0.7771,1,5.928
india,g0_0140.tif,702,414,1.5241,152.41,0.343,0,10.581
india,g0_0140.tif,703,331,1.2185,121.85,0.4036,0,7.888
india,g0_0140.tif,704,373,1.3731,137.31,0.4109,0,9.177
india,g0_0140.tif,705,121,0.4454,44.54,0.8217,1,4.397
india,g0_0159.tif,796,55,0.2025,20.25,0.7414,1,4.247
india,g0_0159.tif,797,30,0.1104,11.04,0.25,0,1.82
india,g0_0159.tif,798,57,0.2098,20.98,0.5395,1,4.247
india,g0_0159.tif,799,180,0.6626,66.26,0.6059,1,5.461
india,g0_0159.tif,800,177,0.6516,65.16,0.5363,1,5.461
india,g0_0194.tif,971,105,0.3865,38.65,0.5242,1,4.247
india,g0_0194.tif,972,129,0.4749,47.49,0.4621,0,4.247
india,g0_0194.tif,973,234,0.8614,86.14,0.4684,0,7.888
india,g0_0194.tif,974,83,0.3055,30.55,0.5,1,3.034
india,g0_0194.tif,975,90,0.3313,33.13,0.6346,1,3.034
india,g0_0206.tif,1031,55,0.2025,20.25,0.21,0,3.034
india,g0_0206.tif,1032,80,0.2945,29.45,0.3417,0,4.542
india,g0_0206.tif,1033,94,0.346,34.6,0.4526,0,4.397
india,g0_0206.tif,1034,324,1.1927,119.27,0.3988,0,9.177
india,g0_0206.tif,1035,158,0.5816,58.16,0.7455,1,5.461
india,g0_0258.tif,1291,21,0.0773,7.73,0.0909,0,2.107
india,g0_0258.tif,1292,71,0.2614,26.14,0.3797,0,4.247
india,g0_0258.tif,1293,38,0.1399,13.99,0.3452,0,2.825
india,g0_0258.tif,1294,126,0.4638,46.38,0.6894,1,5.581
india,g0_0258.tif,1295,220,0.8099,80.99,0.2152,0,5.928
india,g0_0259.tif,1296,471,1.7339,173.39,0.1683,0,8.144
india,g0_0259.tif,1297,279,1.0271,102.71,0.2854,0,8.635
india,g0_0259.tif,1298,1984,7.3037,730.37,0.067,0,18.96
india,g0_0259.tif,1299,1856,6.8325,683.25,0.16,0,18.387
india,g0_0259.tif,1300,795,2.9266,292.66,0.2768,0,12.96
india,g0_0426.tif,2131,15,0.0552,5.52,0.1687,0,1.109
india,g0_0426.tif,2132,16,0.0589,5.89,0.1207,0,1.82
india,g0_0426.tif,2133,10,0.0368,3.68,0.0877,0,1.109
india,g0_0426.tif,2134,18,0.0663,6.63,0.1478,0,1.82
india,g0_0426.tif,2135,55,0.2025,20.25,0.3307,0,4.247
india,g0_0449.tif,2246,30,0.1104,11.04,0.6154,1,3.034
india,g0_0449.tif,2247,62,0.2282,22.82,0.3889,0,3.034
india,g0_0449.tif,2248,45,0.1657,16.57,0.4744,0,3.034
india,g0_0449.tif,2249,35,0.1288,12.88,0.3684,0,3.034
india,g0_0449.tif,2250,96,0.3534,35.34,0.3776,0,4.247
india,g0_0476.tif,2381,189,0.6958,69.58,0.6763,1,7.163
india,g0_0476.tif,2382,92,0.3387,33.87,0.2988,0,3.768
india,g0_0476.tif,2383,106,0.3902,39.02,0.2971,0,3.768
india,g0_0476.tif,2384,96,0.3534,35.34,0.3127,0,4.397
india,g0_0476.tif,2385,91,0.335,33.5,0.2192,0,3.768
india,g0_0516.tif,2581,92,0.3387,33.87,0.5714,1,4.82
india,g0_0516.tif,2582,67,0.2466,24.66,0.1423,0,3.768
india,g0_0516.tif,2583,28,0.1031,10.31,0.1083,0,1.82
india,g0_0516.tif,2584,29,0.1068,10.68,0.1218,0,2.825
india,g0_0516.tif,2585,48,0.1767,17.67,0.1917,0,3.034
india,g0_0566.tif,2831,46,0.1693,16.93,0.6226,1,3.034
india,g0_0566.tif,2832,27,0.0994,9.94,0.1678,0,2.107
india,g0_0566.tif,2833,31,0.1141,11.41,0.1032,0,2.825
india,g0_0566.tif,2834,34,0.1252,12.52,0.2429,0,2.825
india,g0_0566.tif,2835,33,0.1215,12.15,0.2357,0,2.825
india,g0_0586.tif,2931,52,0.1914,19.14,0.5072,1,3.034
india,g0_0586.tif,2932,152,0.5596,55.96,0.2938,0,4.397
india,g0_0586.tif,2933,258,0.9498,94.98,0.4716,0,6.674
india,g0_0586.tif,2934,61,0.2246,22.46,0.203,0,3.034
india,g0_0586.tif,2935,156,0.5743,57.43,0.3913,0,4.247
india,g0_0590.tif,2951,221,0.8136,81.36,0.2461,0,3.231
india,g0_0590.tif,2952,319,1.1743,117.43,0.2455,0,6.674
india,g0_0590.tif,2953,627,2.3082,230.82,0.3502,0,9.101
india,g0_0590.tif,2954,288,1.0602,106.02,0.3438,0,7.888
india,g0_0590.tif,2955,345,1.27,127.0,0.5267,1,8.227
india,g0_0628.tif,3142,295,1.086,108.6,0.3826,0,7.888
india,g0_0628.tif,3143,179,0.6589,65.89,0.1571,0,5.461
india,g0_0628.tif,3144,93,0.3424,34.24,0.47,0,4.247
india,g0_0628.tif,3145,147,0.5411,54.11,0.2297,0,5.581
india,g0_0628.tif,3146,117,0.4307,43.07,0.6047,1,5.461
india,g0_0629.tif,3147,25,0.092,9.2,0.1613,0,2.107
india,g0_0629.tif,3148,49,0.1804,18.04,0.142,0,3.231
india,g0_0629.tif,3149,32,0.1178,11.78,0.114,0,2.825
india,g0_0629.tif,3150,33,0.1215,12.15,0.3333,0,2.825
india,g0_0629.tif,3151,64,0.2356,23.56,0.3372,0,3.034
india,g0_0633.tif,3167,65,0.2393,23.93,0.343,0,4.247
india,g0_0633.tif,3168,165,0.6074,60.74,0.47,0,5.461
india,g0_0633.tif,3169,540,1.9879,198.79,0.1661,0,11.588
india,g0_0633.tif,3170,145,0.5338,53.38,0.4813,0,4.247
india,g0_0633.tif,3171,90,0.3313,33.13,0.6139,1,4.247
india,g0_0650.tif,3252,35,0.1288,12.88,0.2621,0,2.825
india,g0_0650.tif,3253,28,0.1031,10.31,0.4783,0,2.107
india,g0_0650.tif,3254,46,0.1693,16.93,0.3,0,3.034
india,g0_0650.tif,3255,44,0.162,16.2,0.2712,0,3.231
india,g0_0650.tif,3256,50,0.1841,18.41,0.4412,0,3.231
india,g0_0696.tif,3482,37,0.1362,13.62,0.3333,0,3.034
india,g0_0696.tif,3483,48,0.1767,17.67,0.1543,0,3.231
india,g0_0696.tif,3484,10,0.0368,3.68,0.0592,0,1.109
india,g0_0696.tif,3485,45,0.1657,16.57,0.2159,0,3.034
india,g0_0696.tif,3486,23,0.0847,8.47,0.1361,0,1.82
india,g0_0705.tif,3527,28,0.1031,10.31,0.2796,0,2.107
india,g0_0705.tif,3528,18,0.0663,6.63,0.1354,0,1.82
india,g0_0705.tif,3529,31,0.1141,11.41,0.1163,0,2.825
india,g0_0705.tif,3530,31,0.1141,11.41,0.1845,0,1.82
india,g0_0705.tif,3531,21,0.0773,7.73,0.0894,0,1.82
india,g0_0710.tif,3552,49,0.1804,18.04,0.5909,1,3.034
india,g0_0710.tif,3553,36,0.1325,13.25,0.3723,0,3.034
india,g0_0710.tif,3554,29,0.1068,10.68,0.2323,0,2.825
india,g0_0710.tif,3555,45,0.1657,16.57,0.4074,0,3.034
india,g0_0710.tif,3556,41,0.1509,15.09,0.199,0,3.034
india,g0_0724.tif,3622,72,0.2651,26.51,0.6512,1,4.247
india,g0_0724.tif,3623,82,0.3019,30.19,0.5781,1,5.461
india,g0_0724.tif,3624,69,0.254,25.4,0.4628,0,4.247
india,g0_0724.tif,3625,82,0.3019,30.19,0.4857,0,4.397
india,g0_0724.tif,3626,108,0.3976,39.76,0.3313,0,4.247
india,g0_0737.tif,3687,297,1.0933,109.33,0.7508,1,7.533
india,g0_0737.tif,3688,215,0.7915,79.15,0.4344,0,4.82
india,g0_0737.tif,3689,181,0.6663,66.63,0.3536,0,4.82
india,g0_0737.tif,3690,278,1.0234,102.34,0.3873,0,5.928
india,g0_0737.tif,3691,274,1.0087,100.87,0.5387,1,5.928
india,g0_0773.tif,3867,374,1.3768,137.68,0.3788,0,10.315
india,g0_0773.tif,3868,433,1.594,159.4,0.6911,1,11.528
india,g0_0773.tif,3869,193,0.7105,71.05,0.4878,0,6.674
india,g0_0773.tif,3870,162,0.5964,59.64,0.4085,0,5.581
india,g0_0773.tif,3871,285,1.0492,104.92,0.7507,1,7.533
india,g0_0792.tif,3957,66,0.243,24.3,0.369,0,4.247
india,g0_0792.tif,3958,39,0.1436,14.36,0.4368,0,3.034
india,g0_0792.tif,3959,39,0.1436,14.36,0.2821,0,3.034
india,g0_0792.tif,3960,50,0.1841,18.41,0.1752,0,3.231
india,g0_0792.tif,3961,46,0.1693,16.93,0.2869,0,3.034
india,g0_0803.tif,4012,34,0.1252,12.52,0.2683,0,2.107
india,g0_0803.tif,4013,46,0.1693,16.93,0.1485,0,3.034
india,g0_0803.tif,4014,40,0.1473,14.73,0.183,0,3.034
india,g0_0803.tif,4015,46,0.1693,16.93,0.2033,0,3.034
india,g0_0803.tif,4016,46,0.1693,16.93,0.2033,0,3.768
india,g0_0807.tif,4032,37,0.1362,13.62,0.3273,0,2.825
india,g0_0807.tif,4033,18,0.0663,6.63,0.1651,0,1.109
india,g0_0807.tif,4034,28,0.1031,10.31,0.1513,0,2.107
india,g0_0807.tif,4035,18,0.0663,6.63,0.3036,0,1.82
india,g0_0807.tif,4036,21,0.0773,7.73,0.3571,0,2.107
india,g0_0808.tif,4037,356,1.3105,131.05,0.3641,0,7.888
india,g0_0808.tif,4038,233,0.8577,85.77,0.6327,1,6.674
india,g0_0808.tif,4039,240,0.8835,88.35,0.639,1,6.469
india,g0_0808.tif,4040,195,0.7178,71.78,0.5261,1,6.775
india,g0_0808.tif,4041,128,0.4712,47.12,0.6906,1,5.928
india,g0_0879.tif,4392,183,0.6737,67.37,0.3122,0,5.461
india,g0_0879.tif,4393,382,1.4062,140.62,0.4948,0,10.581
india,g0_0879.tif,4394,339,1.248,124.8,0.3333,0,7.888
india,g0_0879.tif,4395,170,0.6258,62.58,0.3173,0,4.247
india,g0_0879.tif,4396,380,1.3989,139.89,0.2098,0,9.101
india,g0_0943.tif,4712,147,0.5411,54.11,0.6122,1,5.461
india,g0_0943.tif,4713,69,0.254,25.4,0.7037,1,3.231
india,g0_0943.tif,4714,144,0.5301,53.01,0.5833,1,6.674
india,g0_0943.tif,4715,239,0.8798,87.98,0.424,0,4.82
india,g0_0943.tif,4716,147,0.5411,54.11,0.3506,0,5.461
india,g0_0957.tif,4782,160,0.589,58.9,0.4972,0,5.461
india,g0_0957.tif,4783,128,0.4712,47.12,0.3348,0,3.768
india,g0_0957.tif,4784,183,0.6737,67.37,0.4628,0,5.461
india,g0_0957.tif,4785,202,0.7436,74.36,0.5149,1,5.928
india,g0_0957.tif,4786,141,0.5191,51.91,0.3125,0,3.768
india,g0_0979.tif,4892,210,0.7731,77.31,0.2952,0,7.888
india,g0_0979.tif,4893,179,0.6589,65.89,0.4645,0,6.674
india,g0_0979.tif,4894,316,1.1633,116.33,0.3518,0,8.227
india,g0_0979.tif,4895,216,0.7952,79.52,0.3333,0,7.888
india,g0_0979.tif,4896,174,0.6405,64.05,0.3285,0,6.674
india,g0_1005.tif,5022,208,0.7657,76.57,0.4934,0,6.775
india,g0_1005.tif,5023,238,0.8761,87.61,0.4664,0,7.068
india,g0_1005.tif,5024,313,1.1522,115.22,0.5365,1,9.4
india,g0_1005.tif,5025,315,1.1596,115.96,0.2286,0,10.315
india,g0_1005.tif,5026,327,1.2038,120.38,0.6088,1,10.315
india,g0_1180.tif,5897,317,1.167,116.7,0.5987,1,5.461
india,g0_1180.tif,5898,264,0.9719,97.19,0.3048,0,5.581
india,g0_1180.tif,5899,177,0.6516,65.16,0.6822,1,6.674
india,g0_1180.tif,5900,862,3.1733,317.33,0.2935,0,16.382
india,g0_1180.tif,5901,848,3.1217,312.17,0.2743,0,14.743
india,g0_1210.tif,6047,88,0.324,32.4,0.398,0,4.82
india,g0_1210.tif,6048,39,0.1436,14.36,0.275,0,2.107
india,g0_1210.tif,6049,48,0.1767,17.67,0.5098,1,3.768
india,g0_1210.tif,6050,123,0.4528,45.28,0.3629,0,4.542
india,g0_1210.tif,6051,57,0.2098,20.98,0.5091,1,3.231
india,g0_1234.tif,6167,167,0.6148,61.48,0.1853,0,3.768
india,g0_1234.tif,6168,147,0.5411,54.11,0.1946,0,3.231
india,g0_1234.tif,6169,105,0.3865,38.65,0.2757,0,2.825
india,g0_1234.tif,6170,101,0.3718,37.18,0.3708,0,3.768
india,g0_1234.tif,6171,229,0.843,84.3,0.3414,0,8.144
india,g0_1243.tif,6212,262,0.9645,96.45,0.3299,0,4.247
india,g0_1243.tif,6213,315,1.1596,115.96,0.3384,0,6.469
india,g0_1243.tif,6214,217,0.7988,79.88,0.5766,1,7.068
india,g0_1243.tif,6215,78,0.2871,28.71,0.3067,0,2.825
india,g0_1243.tif,6216,56,0.2062,20.62,0.3083,0,1.82
india,g0_1245.tif,6222,18,0.0663,6.63,0.1143,0,1.82
india,g0_1245.tif,6223,21,0.0773,7.73,0.2,0,1.82
india,g0_1245.tif,6224,22,0.081,8.1,0.5278,1,1.82
india,g0_1245.tif,6225,16,0.0589,5.89,0.1231,0,1.82
india,g0_1245.tif,6226,24,0.0884,8.84,0.3279,0,2.825
india,g0_1263.tif,6312,98,0.3608,36.08,0.2252,0,3.768
india,g0_1263.tif,6313,121,0.4454,44.54,0.3774,0,4.397
india,g0_1263.tif,6314,145,0.5338,53.38,0.5449,1,5.928
india,g0_1263.tif,6315,214,0.7878,78.78,0.3548,0,5.461
india,g0_1263.tif,6316,205,0.7547,75.47,0.7661,1,6.469
india,g0_1316.tif,6577,43,0.1583,15.83,0.1024,0,3.034
india,g0_1316.tif,6578,28,0.1031,10.31,0.1412,0,1.82
india,g0_1316.tif,6579,32,0.1178,11.78,0.3111,0,1.82
india,g0_1316.tif,6580,82,0.3019,30.19,0.6098,1,4.247
india,g0_1316.tif,6581,38,0.1399,13.99,0.3478,0,1.82
india,g0_1343.tif,6712,182,0.67,67.0,0.4292,0,5.461
india,g0_1343.tif,6713,344,1.2664,126.64,0.4294,0,9.101
india,g0_1343.tif,6714,340,1.2516,125.16,0.2275,0,10.315
india,g0_1343.tif,6715,482,1.7744,177.44,0.5807,1,12.062
india,g0_1343.tif,6716,616,2.2677,226.77,0.5047,1,11.528
india,g0_1367.tif,6832,71,0.2614,26.14,0.2944,0,4.247
india,g0_1367.tif,6833,76,0.2798,27.98,0.3065,0,4.397
india,g0_1367.tif,6834,157,0.578,57.8,0.3439,0,5.581
india,g0_1367.tif,6835,107,0.3939,39.39,0.6078,1,3.768
india,g0_1367.tif,6836,82,0.3019,30.19,0.3049,0,3.034
india,g0_1399.tif,6993,331,1.2185,121.85,0.3585,0,8.635
india,g0_1399.tif,6994,219,0.8062,80.62,0.3739,0,5.928
india,g0_1399.tif,6995,214,0.7878,78.78,0.1705,0,6.674
india,g0_1399.tif,6996,192,0.7068,70.68,0.4907,0,5.461
india,g0_1399.tif,6997,418,1.5388,153.88,0.5613,1,9.761
india,g0_1402.tif,7008,161,0.5927,59.27,0.3769,0,6.674
india,g0_1402.tif,7009,110,0.4049,40.49,0.7377,1,4.247
india,g0_1402.tif,7010,89,0.3276,32.76,0.246,0,3.034
india,g0_1402.tif,7011,106,0.3902,39.02,0.3172,0,3.768
india,g0_1402.tif,7012,215,0.7915,79.15,0.6438,1,7.888
india,g0_1460.tif,7298,115,0.4233,42.33,0.4824,0,4.247
india,g0_1460.tif,7299,98,0.3608,36.08,0.2176,0,3.231
india,g0_1460.tif,7300,118,0.4344,43.44,0.303,0,4.247
india,g0_1460.tif,7301,101,0.3718,37.18,0.3739,0,3.034
india,g0_1460.tif,7302,202,0.7436,74.36,0.379,0,6.674
india,g0_1489.tif,7443,147,0.5411,54.11,0.3616,0,4.82
india,g0_1489.tif,7444,194,0.7142,71.42,0.2526,0,6.674
india,g0_1489.tif,7445,257,0.9461,94.61,0.2863,0,7.888
india,g0_1489.tif,7446,255,0.9387,93.87,0.4176,0,5.461
india,g0_1489.tif,7447,184,0.6774,67.74,0.7526,1,5.581
india,g0_1494.tif,7468,130,0.4786,47.86,0.6614,1,5.461
india,g0_1494.tif,7469,227,0.8357,83.57,0.2632,0,7.888
india,g0_1494.tif,7470,91,0.335,33.5,0.503,1,5.461
india,g0_1494.tif,7471,257,0.9461,94.61,0.5175,1,8.871
india,g0_1494.tif,7472,382,1.4062,140.62,0.2408,0,7.888
india,g0_1504.tif,7518,48,0.1767,17.67,0.4388,0,3.034
india,g0_1504.tif,7519,76,0.2798,27.98,0.3699,0,4.247
india,g0_1504.tif,7520,79,0.2908,29.08,0.7527,1,4.82
india,g0_1504.tif,7521,36,0.1325,13.25,0.2793,0,3.034
india,g0_1504.tif,7522,43,0.1583,15.83,0.2735,0,3.034
india,g0_1507.tif,7533,23,0.0847,8.47,0.1474,0,2.107
india,g0_1507.tif,7534,27,0.0994,9.94,0.1731,0,2.825
india,g0_1507.tif,7535,41,0.1509,15.09,0.1833,0,2.825
india,g0_1507.tif,7536,23,0.0847,8.47,0.1187,0,1.82
india,g0_1507.tif,7537,38,0.1399,13.99,0.1902,0,2.825
india,g0_1539.tif,7693,158,0.5816,58.16,0.2336,0,6.469
india,g0_1539.tif,7694,128,0.4712,47.12,0.6576,1,5.461
india,g0_1539.tif,7695,352,1.2958,129.58,0.6847,1,8.635
india,g0_1539.tif,7696,929,3.4199,341.99,0.2909,0,13.597
india,g0_1539.tif,7697,329,1.2111,121.11,0.3239,0,7.974
india,g0_1550.tif,7748,108,0.3976,39.76,0.4651,0,4.397
india,g0_1550.tif,7749,99,0.3644,36.44,0.233,0,4.82
india,g0_1550.tif,7750,80,0.2945,29.45,0.3544,0,4.247
india,g0_1550.tif,7751,128,0.4712,47.12,0.4029,0,5.461
india,g0_1550.tif,7752,64,0.2356,23.56,0.3289,0,3.034
india,g0_1607.tif,8033,354,1.3032,130.32,0.3222,0,10.315
india,g0_1607.tif,8034,300,1.1044,110.44,0.52,1,9.101
india,g0_1607.tif,8035,562,2.0689,206.89,0.2347,0,11.528
india,g0_1607.tif,8036,245,0.9019,90.19,0.6593,1,7.888
india,g0_1607.tif,8037,361,1.3289,132.89,0.2283,0,9.101
india,g0_1635.tif,8173,160,0.589,58.9,0.3494,0,5.461
india,g0_1635.tif,8174,110,0.4049,40.49,0.495,0,5.461
india,g0_1635.tif,8175,114,0.4197,41.97,0.4198,0,3.231
india,g0_1635.tif,8176,108,0.3976,39.76,0.5676,1,3.231
india,g0_1635.tif,8177,162,0.5964,59.64,0.5703,1,4.82
india,g0_1651.tif,8253,343,1.2627,126.27,0.5324,1,6.775
india,g0_1651.tif,8254,317,1.167,116.7,0.2759,0,6.469
india,g0_1651.tif,8255,352,1.2958,129.58,0.5696,1,6.775
india,g0_1651.tif,8256,344,1.2664,126.64,0.5495,1,5.928
india,g0_1651.tif,8257,343,1.2627,126.27,0.5281,1,5.581
india,g0_1687.tif,8433,96,0.3534,35.34,0.6505,1,4.397
india,g0_1687.tif,8434,60,0.2209,22.09,0.2342,0,2.825
india,g0_1687.tif,8435,52,0.1914,19.14,0.2258,0,2.107
india,g0_1687.tif,8436,102,0.3755,37.55,0.3504,0,4.247
india,g0_1687.tif,8437,59,0.2172,21.72,0.2703,0,2.107
india,g0_1721.tif,8603,100,0.3681,36.81,0.4121,0,2.107
india,g0_1721.tif,8604,100,0.3681,36.81,0.4236,0,4.247
india,g0_1721.tif,8605,83,0.3055,30.55,0.4458,0,4.247
india,g0_1721.tif,8606,135,0.497,49.7,0.3425,0,4.247
india,g0_1721.tif,8607,231,0.8504,85.04,0.3723,0,5.461
india,g0_1762.tif,8808,119,0.4381,43.81,0.2622,0,4.542
india,g0_1762.tif,8809,94,0.346,34.6,0.2393,0,3.768
india,g0_1762.tif,8810,77,0.2835,28.35,0.3419,0,3.768
india,g0_1762.tif,8811,101,0.3718,37.18,0.3397,0,3.768
india,g0_1762.tif,8812,91,0.335,33.5,0.4394,0,4.397
india,g0_1776.tif,8878,78,0.2871,28.71,0.4884,0,3.231
india,g0_1776.tif,8879,69,0.254,25.4,0.3456,0,3.034
india,g0_1776.tif,8880,61,0.2246,22.46,0.7746,1,3.768
india,g0_1776.tif,8881,115,0.4233,42.33,0.3692,0,3.768
india,g0_1776.tif,8882,51,0.1877,18.77,0.4479,0,3.034
india,g0_1794.tif,8968,50,0.1841,18.41,0.2391,0,3.231
india,g0_1794.tif,8969,41,0.1509,15.09,0.2174,0,2.825
india,g0_1794.tif,8970,71,0.2614,26.14,0.3619,0,3.231
india,g0_1794.tif,8971,39,0.1436,14.36,0.4789,0,2.107
india,g0_1794.tif,8972,43,0.1583,15.83,0.3133,0,2.825
india,g0_1806.tif,9028,254,0.935,93.5,0.5434,1,8.635
india,g0_1806.tif,9029,209,0.7694,76.94,0.4424,0,7.533
india,g0_1806.tif,9030,208,0.7657,76.57,0.4356,0,4.397
india,g0_1806.tif,9031,133,0.4896,48.96,0.451,0,3.034
india,g0_1806.tif,9032,120,0.4418,44.18,0.6774,1,5.928
india,g0_1820.tif,9098,19,0.0699,6.99,0.2099,0,1.82
india,g0_1820.tif,9099,38,0.1399,13.99,0.475,0,3.034
india,g0_1820.tif,9100,28,0.1031,10.31,0.2692,0,2.107
india,g0_1820.tif,9101,38,0.1399,13.99,0.065,0,2.825
india,g0_1820.tif,9102,44,0.162,16.2,0.5082,1,3.034
india,g0_1822.tif,9108,111,0.4086,40.86,0.4138,0,4.247
india,g0_1822.tif,9109,88,0.324,32.4,0.4274,0,3.034
india,g0_1822.tif,9110,83,0.3055,30.55,0.0989,0,3.034
india,g0_1822.tif,9111,97,0.3571,35.71,0.1374,0,3.231
india,g0_1822.tif,9112,101,0.3718,37.18,0.1297,0,3.034
india,g0_1839.tif,9193,47,0.173,17.3,0.2143,0,1.82
india,g0_1839.tif,9194,183,0.6737,67.37,0.7647,1,7.068
india,g0_1839.tif,9195,81,0.2982,29.82,0.6311,1,3.768
india,g0_1839.tif,9196,251,0.924,92.4,0.3347,0,9.101
india,g0_1839.tif,9197,267,0.9829,98.29,0.8007,1,9.101
india,g0_1845.tif,9223,87,0.3203,32.03,0.3333,0,3.231
india,g0_1845.tif,9224,70,0.2577,25.77,0.4043,0,2.825
india,g0_1845.tif,9225,123,0.4528,45.28,0.5309,1,4.397
india,g0_1845.tif,9226,74,0.2724,27.24,0.2169,0,2.825
india,g0_1845.tif,9227,117,0.4307,43.07,0.2703,0,4.542
india,g0_1850.tif,9248,64,0.2356,23.56,0.1554,0,4.247
india,g0_1850.tif,9249,35,0.1288,12.88,0.2209,0,1.82
india,g0_1850.tif,9250,120,0.4418,44.18,0.3353,0,4.247
india,g0_1850.tif,9251,54,0.1988,19.88,0.2784,0,3.034
india,g0_1850.tif,9252,76,0.2798,27.98,0.2353,0,2.107
india,g0_1869.tif,9343,119,0.4381,43.81,0.3239,0,5.461
india,g0_1869.tif,9344,243,0.8946,89.46,0.3763,0,7.533
india,g0_1869.tif,9345,67,0.2466,24.66,0.4091,0,3.768
india,g0_1869.tif,9346,237,0.8725,87.25,0.2439,0,7.974
india,g0_1869.tif,9347,176,0.6479,64.79,0.4087,0,5.928
india,g0_1901.tif,9503,88,0.324,32.4,0.3265,0,4.247
india,g0_1901.tif,9504,77,0.2835,28.35,0.4472,0,4.247
india,g0_1901.tif,9505,273,1.005,100.5,0.2711,0,6.674
india,g0_1901.tif,9506,195,0.7178,71.78,0.4019,0,7.068
india,g0_1901.tif,9507,204,0.751,75.1,0.3284,0,5.461
india,g0_1922.tif,9608,60,0.2209,22.09,0.3056,0,4.247
india,g0_1922.tif,9609,213,0.7841,78.41,0.72,1,7.888
india,g0_1922.tif,9610,104,0.3829,38.29,0.4777,0,4.247
india,g0_1922.tif,9611,263,0.9682,96.82,0.573,1,9.101
india,g0_1922.tif,9612,80,0.2945,29.45,0.6344,1,4.247
india,g0_1938.tif,9688,138,0.508,50.8,0.3048,0,5.461
india,g0_1938.tif,9689,100,0.3681,36.81,0.2044,0,4.247
india,g0_1938.tif,9690,213,0.7841,78.41,0.6418,1,5.461
india,g0_1938.tif,9691,87,0.3203,32.03,0.6077,1,3.768
india,g0_1938.tif,9692,163,0.6,60.0,0.7095,1,6.674
india,g0_1951.tif,9753,63,0.2319,23.19,0.4127,0,3.768
india,g0_1951.tif,9754,60,0.2209,22.09,0.2256,0,3.034
india,g0_1951.tif,9755,81,0.2982,29.82,0.3045,0,4.247
india,g0_1951.tif,9756,33,0.1215,12.15,0.1241,0,2.825
india,g0_1951.tif,9757,43,0.1583,15.83,0.7333,1,3.034
india,g0_1985.tif,9923,273,1.005,100.5,0.231,0,8.227
india,g0_1985.tif,9924,414,1.5241,152.41,0.1986,0,11.528
india,g0_1985.tif,9925,45,0.1657,16.57,0.2982,0,3.034
india,g0_1985.tif,9926,74,0.2724,27.24,0.3636,0,3.231
india,g0_1985.tif,9927,128,0.4712,47.12,0.3077,0,4.82
india,g1_0255.tif,1276,27,0.0994,9.94,0.1276,0,1.82
india,g1_0255.tif,1277,13,0.0479,4.79,0.2131,0,1.82
india,g1_0255.tif,1278,32,0.1178,11.78,0.2472,0,1.82
india,g1_0255.tif,1279,29,0.1068,10.68,0.132,0,1.82
india,g1_0255.tif,1280,19,0.0699,6.99,0.2698,0,1.82
india,g1_0263.tif,1317,34,0.1252,12.52,0.4182,0,3.034
india,g1_0263.tif,1318,122,0.4491,44.91,0.5373,1,5.581
india,g1_0263.tif,1319,21,0.0773,7.73,0.1818,0,2.107
india,g1_0263.tif,1320,20,0.0736,7.36,0.283,0,2.107
india,g1_0264.tif,1321,55,0.2025,20.25,0.24,0,3.034
india,g1_0264.tif,1322,27,0.0994,9.94,0.3333,0,1.82
india,g1_0264.tif,1323,38,0.1399,13.99,0.3896,0,3.034
india,g1_0264.tif,1324,30,0.1104,11.04,0.4225,0,2.107
india,g1_0264.tif,1325,46,0.1693,16.93,0.3765,0,3.231
india,g1_0474.tif,2371,10,0.0368,3.68,0.0732,0,1.82
india,g1_0474.tif,2372,38,0.1399,13.99,0.2135,0,3.034
india,g1_0474.tif,2373,30,0.1104,11.04,0.2459,0,2.825
india,g1_0474.tif,2374,17,0.0626,6.26,0.112,0,1.82
india,g1_0474.tif,2375,21,0.0773,7.73,0.1,0,1.82
india,g1_0482.tif,2411,51,0.1877,18.77,0.29,0,2.825
india,g1_0482.tif,2412,37,0.1362,13.62,0.2234,0,2.107
india,g1_0482.tif,2413,123,0.4528,45.28,0.4846,0,4.542
india,g1_0482.tif,2414,120,0.4418,44.18,0.4459,0,4.397
india,g1_0482.tif,2415,124,0.4565,45.65,0.7895,1,4.82
india,g1_0530.tif,2651,85,0.3129,31.29,0.5674,1,4.247
india,g1_0530.tif,2652,46,0.1693,16.93,0.1166,0,2.825
india,g1_0530.tif,2653,23,0.0847,8.47,0.3607,0,1.82
india,g1_0530.tif,2654,33,0.1215,12.15,0.3404,0,1.82
india,g1_0530.tif,2655,65,0.2393,23.93,0.3286,0,3.768
india,g1_0589.tif,2946,38,0.1399,13.99,0.3118,0,3.231
india,g1_0589.tif,2947,43,0.1583,15.83,0.4941,0,3.231
india,g1_0589.tif,2948,67,0.2466,24.66,0.3969,0,3.768
india,g1_0589.tif,2949,71,0.2614,26.14,0.5905,1,3.231
india,g1_0589.tif,2950,44,0.162,16.2,0.2708,0,3.034
india,g1_0730.tif,3652,104,0.3829,38.29,0.479,0,4.247
india,g1_0730.tif,3653,82,0.3019,30.19,0.3158,0,3.034
india,g1_0730.tif,3654,68,0.2503,25.03,0.6522,1,3.768
india,g1_0730.tif,3655,64,0.2356,23.56,0.3231,0,3.231
india,g1_0730.tif,3656,114,0.4197,41.97,0.7,1,4.397
india,g1_0775.tif,3877,58,0.2135,21.35,0.6026,1,4.247
india,g1_0775.tif,3878,56,0.2062,20.62,0.2585,0,3.768
india,g1_0775.tif,3879,61,0.2246,22.46,0.7576,1,4.247
india,g1_0775.tif,3880,36,0.1325,13.25,0.1388,0,2.825
india,g1_0775.tif,3881,61,0.2246,22.46,0.5591,1,3.231
india,g1_0817.tif,4082,75,0.2761,27.61,0.3387,0,4.247
india,g1_0817.tif,4083,62,0.2282,22.82,0.2356,0,4.247
india,g1_0817.tif,4084,61,0.2246,22.46,0.4,0,3.231
india,g1_0817.tif,4085,87,0.3203,32.03,0.696,1,4.397
india,g1_0817.tif,4086,81,0.2982,29.82,0.4867,0,4.397
india,g1_0890.tif,4447,72,0.2651,26.51,0.232,0,3.768
india,g1_0890.tif,4448,75,0.2761,27.61,0.2804,0,3.768
india,g1_0890.tif,4449,75,0.2761,27.61,0.5699,1,4.542
india,g1_0890.tif,4450,37,0.1362,13.62,0.1786,0,2.825
india,g1_0890.tif,4451,37,0.1362,13.62,0.5208,1,2.825
india,g1_1012.tif,5057,50,0.1841,18.41,0.2647,0,3.768
india,g1_1012.tif,5058,40,0.1473,14.73,0.2558,0,3.231
india,g1_1012.tif,5059,44,0.162,16.2,0.6842,1,3.034
india,g1_1012.tif,5060,44,0.162,16.2,0.7255,1,3.034
india,g1_1012.tif,5061,63,0.2319,23.19,0.619,1,4.247
india,g1_1072.tif,5357,32,0.1178,11.78,0.3118,0,2.825
india,g1_1072.tif,5358,21,0.0773,7.73,0.1905,0,1.82
india,g1_1072.tif,5359,19,0.0699,6.99,0.1389,0,1.82
india,g1_1072.tif,5360,29,0.1068,10.68,0.2917,0,2.107
india,g1_1072.tif,5361,30,0.1104,11.04,0.1453,0,2.107
india,g1_1136.tif,5677,56,0.2062,20.62,0.2619,0,3.768
india,g1_1136.tif,5678,103,0.3792,37.92,0.2622,0,5.461
india,g1_1136.tif,5679,101,0.3718,37.18,0.4236,0,4.397
india,g1_1136.tif,5680,72,0.2651,26.51,0.5273,1,4.247
india,g1_1136.tif,5681,66,0.243,24.3,0.2439,0,4.247
india,g1_1191.tif,5952,26,0.0957,9.57,0.2466,0,2.825
india,g1_1191.tif,5953,17,0.0626,6.26,0.1413,0,1.109
india,g1_1191.tif,5954,26,0.0957,9.57,0.1287,0,1.82
india,g1_1191.tif,5955,23,0.0847,8.47,0.2065,0,1.82
india,g1_1191.tif,5956,25,0.092,9.2,0.1895,0,1.82
india,g1_1248.tif,6237,49,0.1804,18.04,0.1645,0,3.231
india,g1_1248.tif,6238,32,0.1178,11.78,0.7778,1,2.825
india,g1_1248.tif,6239,61,0.2246,22.46,0.3333,0,3.231
india,g1_1248.tif,6240,61,0.2246,22.46,0.2188,0,3.768
india,g1_1248.tif,6241,70,0.2577,25.77,0.5865,1,4.247
india,g1_1530.tif,7648,27,0.0994,9.94,0.1233,0,2.825
india,g1_1530.tif,7649,26,0.0957,9.57,0.1727,0,2.107
india,g1_1530.tif,7650,30,0.1104,11.04,0.2014,0,2.107
india,g1_1530.tif,7651,31,0.1141,11.41,0.2086,0,3.034
india,g1_1530.tif,7652,42,0.1546,15.46,0.226,0,3.034
india,g1_1556.tif,7778,64,0.2356,23.56,0.5263,1,3.034
india,g1_1556.tif,7779,99,0.3644,36.44,0.396,0,4.247
india,g1_1556.tif,7780,65,0.2393,23.93,0.4727,0,3.034
india,g1_1556.tif,7781,86,0.3166,31.66,0.593,1,4.247
india,g1_1556.tif,7782,221,0.8136,81.36,0.5224,1,5.461
india,g1_1578.tif,7888,39,0.1436,14.36,0.1355,0,1.82
india,g1_1578.tif,7889,38,0.1399,13.99,0.1667,0,1.82
india,g1_1578.tif,7890,64,0.2356,23.56,0.4565,0,3.768
india,g1_1578.tif,7891,74,0.2724,27.24,0.5541,1,4.247
india,g1_1578.tif,7892,24,0.0884,8.84,0.2895,0,1.82
india,g1_1703.tif,8513,36,0.1325,13.25,0.4821,0,3.231
india,g1_1703.tif,8514,42,0.1546,15.46,0.3654,0,3.034
india,g1_1703.tif,8515,33,0.1215,12.15,0.2481,0,1.82
india,g1_1703.tif,8516,41,0.1509,15.09,0.2083,0,2.825
india,g1_1703.tif,8517,49,0.1804,18.04,0.2639,0,3.034
india,g1_1747.tif,8733,50,0.1841,18.41,0.5,1,3.034
india,g1_1747.tif,8734,81,0.2982,29.82,0.3512,0,3.768
india,g1_1747.tif,8735,38,0.1399,13.99,0.2517,0,2.107
india,g1_1747.tif,8736,51,0.1877,18.77,0.6909,1,3.034
india,g1_1747.tif,8737,32,0.1178,11.78,0.3333,0,1.82
india,g1_1828.tif,9138,10,0.0368,3.68,0.0652,0,1.82
india,g1_1828.tif,9139,14,0.0515,5.15,0.1209,0,1.109
india,g1_1828.tif,9140,9,0.0331,3.31,0.129,0,1.109
india,g1_1828.tif,9141,39,0.1436,14.36,0.1545,0,2.107
india,g1_1828.tif,9142,19,0.0699,6.99,0.1754,0,1.109
india,g1_1874.tif,9368,91,0.335,33.5,0.3421,0,4.82
india,g1_1874.tif,9369,63,0.2319,23.19,0.2394,0,3.768
india,g1_1874.tif,9370,95,0.3497,34.97,0.3627,0,5.461
india,g1_1874.tif,9371,63,0.2319,23.19,0.4265,0,4.397
india,g1_1874.tif,9372,52,0.1914,19.14,0.5333,1,3.034
india,g1_1880.tif,9398,44,0.162,16.2,0.2953,0,3.034
india,g1_1880.tif,9399,81,0.2982,29.82,0.2042,0,4.397
india,g1_1880.tif,9400,81,0.2982,29.82,0.3445,0,4.542
india,g1_1880.tif,9401,87,0.3203,32.03,0.2593,0,4.247
india,g1_1880.tif,9402,48,0.1767,17.67,0.2846,0,3.231
india,g1_1927.tif,9633,378,1.3915,139.15,0.2733,0,9.761
india,g1_1927.tif,9634,82,0.3019,30.19,0.4495,0,4.247
india,g1_1927.tif,9635,53,0.1951,19.51,0.2233,0,3.231
india,g1_1927.tif,9636,23,0.0847,8.47,0.3151,0,1.82
india,g1_1927.tif,9637,24,0.0884,8.84,0.2436,0,1.82
india,g1_1932.tif,9658,86,0.3166,31.66,0.3016,0,3.768
india,g1_1932.tif,9659,62,0.2282,22.82,0.3333,0,2.107
india,g1_1932.tif,9660,59,0.2172,21.72,0.3953,0,2.825
india,g1_1932.tif,9661,40,0.1473,14.73,0.288,0,2.825
india,g1_1932.tif,9662,20,0.0736,7.36,0.1102,0,1.82
india,g1_1946.tif,9728,73,0.2687,26.87,0.4052,0,3.768
india,g1_1946.tif,9729,20,0.0736,7.36,0.2564,0,1.82
india,g1_1946.tif,9730,33,0.1215,12.15,0.2333,0,2.825
india,g1_1946.tif,9731,62,0.2282,22.82,0.2667,0,3.768
india,g1_1946.tif,9732,56,0.2062,20.62,0.5,1,2.825
india,g1_1962.tif,9808,13,0.0479,4.79,0.1183,0,1.82
india,g1_1962.tif,9809,21,0.0773,7.73,0.6207,1,1.82
india,g1_1962.tif,9810,25,0.092,9.2,0.4706,0,2.107
india,g1_1962.tif,9811,33,0.1215,12.15,0.314,0,2.107
india,g1_1962.tif,9812,28,0.1031,10.31,0.2045,0,2.107
india,g1_1975.tif,9873,69,0.254,25.4,0.7222,1,4.397
india,g1_1975.tif,9874,35,0.1288,12.88,0.2167,0,2.825
india,g1_1975.tif,9875,48,0.1767,17.67,0.4098,0,3.231
india,g1_1975.tif,9876,28,0.1031,10.31,0.3519,0,2.825
india,g1_1975.tif,9877,57,0.2098,20.98,0.6056,1,3.034
india,g2_0000.tif,1,173,0.6369,63.69,0.64,1,5.581
india,g2_0000.tif,2,63,0.2319,23.19,0.72,1,3.768
india,g2_0000.tif,3,171,0.6295,62.95,0.4054,0,4.82
india,g2_0000.tif,4,183,0.6737,67.37,0.4098,0,4.397
india,g2_0002.tif,10,51,0.1877,18.77,0.7455,1,4.247
india,g2_0002.tif,11,62,0.2282,22.82,0.5294,1,4.247
india,g2_0002.tif,12,97,0.3571,35.71,0.6154,1,5.461
india,g2_0002.tif,13,40,0.1473,14.73,0.2252,0,2.825
india,g2_0002.tif,14,61,0.2246,22.46,0.3576,0,2.825
india,g2_0006.tif,30,67,0.2466,24.66,0.7353,1,4.397
india,g2_0006.tif,31,55,0.2025,20.25,0.7647,1,3.768
india,g2_0006.tif,32,132,0.4859,48.59,0.84,1,4.82
india,g2_0006.tif,33,121,0.4454,44.54,0.4149,0,4.397
india,g2_0006.tif,34,165,0.6074,60.74,0.56,1,6.469
india,g2_0007.tif,35,177,0.6516,65.16,0.6054,1,6.775
india,g2_0007.tif,36,75,0.2761,27.61,0.55,1,3.768
india,g2_0007.tif,37,78,0.2871,28.71,0.5882,1,3.768
india,g2_0007.tif,38,105,0.3865,38.65,0.6574,1,4.82
india,g2_0007.tif,39,99,0.3644,36.44,0.4234,0,4.397
india,g2_0010.tif,50,109,0.4013,40.13,0.3578,0,4.82
india,g2_0010.tif,51,53,0.1951,19.51,0.108,0,1.82
india,g2_0010.tif,52,123,0.4528,45.28,0.3757,0,4.247
india,g2_0010.tif,53,110,0.4049,40.49,0.54,1,5.461
india,g2_0010.tif,54,149,0.5485,54.85,0.3827,0,6.674
india,g2_0011.tif,55,452,1.6639,166.39,0.3591,0,10.581
india,g2_0011.tif,56,293,1.0786,107.86,0.4006,0,6.258
india,g2_0011.tif,57,275,1.0124,101.24,0.3738,0,6.469
india,g2_0011.tif,58,512,1.8848,188.48,0.2425,0,8.635
india,g2_0011.tif,59,177,0.6516,65.16,0.3764,0,4.82
india,g2_0013.tif,65,109,0.4013,40.13,0.5856,1,4.82
india,g2_0013.tif,66,376,1.3842,138.42,0.5236,1,10.247
india,g2_0013.tif,67,373,1.3731,137.31,0.2723,0,9.177
india,g2_0013.tif,68,209,0.7694,76.94,0.3991,0,7.974
india,g2_0013.tif,69,142,0.5227,52.27,0.4539,0,4.82
india,g2_0017.tif,85,45,0.1657,16.57,0.5,1,3.034
india,g2_0017.tif,86,414,1.5241,152.41,0.4282,0,10.315
india,g2_0017.tif,87,82,0.3019,30.19,0.693,1,4.247
india,g2_0017.tif,88,349,1.2848,128.48,0.3972,0,7.888
india,g2_0017.tif,89,236,0.8688,86.88,0.7075,1,8.635
india,g2_0018.tif,90,75,0.2761,27.61,0.7011,1,4.247
india,g2_0018.tif,91,112,0.4123,41.23,0.6067,1,5.461
india,g2_0018.tif,92,78,0.2871,28.71,0.618,1,4.397
india,g2_0018.tif,93,77,0.2835,28.35,0.6436,1,4.247
india,g2_0018.tif,94,91,0.335,33.5,0.6374,1,4.247
india,g2_0022.tif,110,65,0.2393,23.93,0.4487,0,3.034
india,g2_0022.tif,111,74,0.2724,27.24,0.4928,0,4.247
india,g2_0022.tif,112,60,0.2209,22.09,0.3714,0,3.231
india,g2_0022.tif,113,58,0.2135,21.35,0.5469,1,3.231
india,g2_0022.tif,114,58,0.2135,21.35,0.5231,1,3.231
india,g2_0060.tif,300,149,0.5485,54.85,0.6218,1,5.461
india,g2_0060.tif,301,166,0.6111,61.11,0.7684,1,5.581
india,g2_0060.tif,302,154,0.5669,56.69,0.506,1,5.461
india,g2_0060.tif,303,240,0.8835,88.35,0.5409,1,7.068
india,g2_0060.tif,304,303,1.1154,111.54,0.2305,0,8.635
india,g2_0062.tif,310,29,0.1068,10.68,0.3026,0,3.034
india,g2_0062.tif,311,38,0.1399,13.99,0.4211,0,3.034
india,g2_0062.tif,312,64,0.2356,23.56,0.2067,0,3.768
india,g2_0062.tif,313,42,0.1546,15.46,0.371,0,3.231
india,g2_0062.tif,314,44,0.162,16.2,0.24,0,3.231
india,g2_0065.tif,325,35,0.1288,12.88,0.3286,0,2.107
india,g2_0065.tif,326,47,0.173,17.3,0.2193,0,2.825
india,g2_0065.tif,327,35,0.1288,12.88,0.1551,0,2.107
india,g2_0065.tif,328,130,0.4786,47.86,0.3405,0,4.82
india,g2_0065.tif,329,44,0.162,16.2,0.0976,0,2.825
india,g2_0071.tif,355,33,0.1215,12.15,0.2329,0,1.82
india,g2_0071.tif,356,30,0.1104,11.04,0.4032,0,1.82
india,g2_0071.tif,357,67,0.2466,24.66,0.5672,1,3.231
india,g2_0071.tif,358,34,0.1252,12.52,0.1974,0,1.82
india,g2_0071.tif,359,121,0.4454,44.54,0.6047,1,5.461
india,g2_0072.tif,360,599,2.2051,220.51,0.4338,0,12.062
india,g2_0072.tif,361,592,2.1793,217.93,0.305,0,12.062
india,g2_0072.tif,362,474,1.7449,174.49,0.5443,1,12.463
india,g2_0072.tif,363,432,1.5903,159.03,0.379,0,11.588
india,g2_0072.tif,364,378,1.3915,139.15,0.3686,0,10.382
india,g2_0075.tif,375,359,1.3216,132.16,0.1571,0,9.4
india,g2_0075.tif,376,349,1.2848,128.48,0.345,0,10.315
india,g2_0075.tif,377,187,0.6884,68.84,0.2992,0,5.461
india,g2_0075.tif,378,207,0.762,76.2,0.27,0,5.581
india,g2_0075.tif,379,175,0.6442,64.42,0.2935,0,5.461
india,g2_0077.tif,385,231,0.8504,85.04,0.5556,1,5.461
india,g2_0077.tif,386,420,1.5461,154.61,0.2885,0,11.528
india,g2_0077.tif,387,210,0.7731,77.31,0.4769,0,5.461
india,g2_0077.tif,388,207,0.762,76.2,0.2967,0,5.461
india,g2_0077.tif,389,196,0.7215,72.15,0.7647,1,5.461
india,g2_0098.tif,490,437,1.6087,160.87,0.3145,0,10.581
india,g2_0098.tif,491,591,2.1756,217.56,0.1794,0,10.905
india,g2_0098.tif,492,406,1.4946,149.46,0.3835,0,10.247
india,g2_0098.tif,493,263,0.9682,96.82,0.4893,0,7.068
india,g2_0098.tif,494,494,1.8186,181.86,0.3525,0,11.887
india,g2_0101.tif,505,225,0.8283,82.83,0.2739,0,5.461
india,g2_0101.tif,506,371,1.3658,136.58,0.7309,1,7.888
india,g2_0101.tif,507,286,1.0528,105.28,0.5901,1,6.674
india,g2_0101.tif,508,561,2.0652,206.52,0.2727,0,10.315
india,g2_0101.tif,509,300,1.1044,110.44,0.657,1,9.177
india,g2_0105.tif,525,56,0.2062,20.62,0.386,0,3.034
india,g2_0105.tif,526,51,0.1877,18.77,0.2468,0,3.034
india,g2_0105.tif,527,85,0.3129,31.29,0.6392,1,4.247
india,g2_0105.tif,528,45,0.1657,16.57,0.2302,0,3.231
india,g2_0105.tif,529,58,0.2135,21.35,0.3446,0,3.034
india,g2_0112.tif,560,21,0.0773,7.73,0.1176,0,1.82
india,g2_0112.tif,561,28,0.1031,10.31,0.3913,0,2.107
india,g2_0112.tif,562,186,0.6847,68.47,0.2101,0,5.461
india,g2_0112.tif,563,38,0.1399,13.99,0.1632,0,3.034
india,g2_0112.tif,564,51,0.1877,18.77,0.1818,0,4.247
india,g2_0115.tif,575,618,2.275,227.5,0.1477,0,9.761
india,g2_0115.tif,576,655,2.4112,241.12,0.2232,0,13.229
india,g2_0115.tif,578,1828,6.7294,672.94,0.0876,0,16.894
india,g2_0115.tif,579,554,2.0394,203.94,0.1444,0,11.345
india,g2_0134.tif,671,319,1.1743,117.43,0.3498,0,6.775
india,g2_0134.tif,672,188,0.6921,69.21,0.6633,1,7.068
india,g2_0134.tif,673,273,1.005,100.5,0.2986,0,7.533
india,g2_0134.tif,674,191,0.7031,70.31,0.9078,1,7.533
india,g2_0134.tif,675,217,0.7988,79.88,0.4513,0,7.163
india,g2_0135.tif,676,149,0.5485,54.85,0.3541,0,5.461
india,g2_0135.tif,677,172,0.6332,63.32,0.1836,0,6.775
india,g2_0135.tif,678,220,0.8099,80.99,0.6085,1,7.068
india,g2_0135.tif,679,162,0.5964,59.64,0.5087,1,4.247
india,g2_0135.tif,680,153,0.5632,56.32,0.6029,1,3.768
india,g2_0137.tif,686,240,0.8835,88.35,0.2661,0,5.581
india,g2_0137.tif,687,228,0.8393,83.93,0.364,0,6.258
india,g2_0137.tif,688,544,2.0026,200.26,0.2917,0,10.315
india,g2_0137.tif,689,164,0.6037,60.37,0.381,0,5.581
india,g2_0137.tif,690,678,2.4959,249.59,0.5166,1,15.168
india,g2_0139.tif,696,45,0.1657,16.57,0.4565,0,3.768
india,g2_0139.tif,697,58,0.2135,21.35,0.3793,0,3.231
india,g2_0139.tif,698,149,0.5485,54.85,0.5776,1,7.068
india,g2_0139.tif,699,149,0.5485,54.85,0.3534,0,6.258
india,g2_0139.tif,700,165,0.6074,60.74,0.7097,1,6.469
india,g2_0143.tif,716,422,1.5535,155.35,0.6679,1,10.905
india,g2_0143.tif,717,385,1.4173,141.73,0.4188,0,9.177
india,g2_0143.tif,718,1265,4.6568,465.68,0.1611,0,18.231
india,g2_0143.tif,719,857,3.1549,315.49,0.1669,0,14.005
india,g2_0143.tif,720,300,1.1044,110.44,0.5133,1,7.533
india,g2_0149.tif,746,123,0.4528,45.28,0.4044,0,3.231
india,g2_0149.tif,747,810,2.9818,298.18,0.2099,0,15.215
india,g2_0149.tif,748,1468,5.4041,540.41,0.1523,0,20.022
india,g2_0149.tif,749,656,2.4149,241.49,0.206,0,12.062
india,g2_0149.tif,750,855,3.1475,314.75,0.2767,0,14.403
india,g2_0165.tif,826,56,0.2062,20.62,0.3613,0,3.231
india,g2_0165.tif,827,58,0.2135,21.35,0.3396,0,3.768
india,g2_0165.tif,828,137,0.5043,50.43,0.3889,0,4.397
india,g2_0165.tif,829,100,0.3681,36.81,0.62,1,4.397
india,g2_0165.tif,830,88,0.324,32.4,0.725,1,4.82
india,g2_0166.tif,831,97,0.3571,35.71,0.3646,0,4.542
india,g2_0166.tif,832,92,0.3387,33.87,0.3081,0,4.542
india,g2_0166.tif,833,121,0.4454,44.54,0.7244,1,5.928
india,g2_0166.tif,834,123,0.4528,45.28,0.1946,0,4.542
india,g2_0166.tif,835,70,0.2577,25.77,0.3909,0,3.768
india,g2_0187.tif,936,111,0.4086,40.86,0.3147,0,5.461
india,g2_0187.tif,937,147,0.5411,54.11,0.3776,0,6.674
india,g2_0187.tif,938,112,0.4123,41.23,0.374,0,5.461
india,g2_0187.tif,939,104,0.3829,38.29,0.5096,1,5.461
india,g2_0187.tif,940,105,0.3865,38.65,0.4091,0,4.397
india,g2_0205.tif,1026,166,0.6111,61.11,0.5699,1,5.461
india,g2_0205.tif,1027,271,0.9976,99.76,0.2417,0,6.469
india,g2_0205.tif,1028,280,1.0308,103.08,0.4643,0,5.928
india,g2_0205.tif,1029,158,0.5816,58.16,0.4881,0,3.034
india,g2_0205.tif,1030,153,0.5632,56.32,0.5671,1,5.461
india,g2_0215.tif,1076,170,0.6258,62.58,0.3977,0,5.461
india,g2_0215.tif,1077,563,2.0726,207.26,0.1713,0,9.101
india,g2_0215.tif,1078,96,0.3534,35.34,0.2209,0,4.247
india,g2_0215.tif,1079,45,0.1657,16.57,0.2331,0,3.034
india,g2_0215.tif,1080,250,0.9203,92.03,0.3172,0,5.461
india,g2_0237.tif,1186,33,0.1215,12.15,0.4808,0,3.034
india,g2_0237.tif,1187,34,0.1252,12.52,0.5854,1,3.034
india,g2_0237.tif,1188,32,0.1178,11.78,0.3958,0,2.825
india,g2_0237.tif,1189,63,0.2319,23.19,0.7297,1,4.247
india,g2_0237.tif,1190,41,0.1509,15.09,0.2667,0,2.825
india,g2_0239.tif,1196,80,0.2945,29.45,0.5604,1,3.768
india,g2_0239.tif,1197,115,0.4233,42.33,0.2094,0,3.768
india,g2_0239.tif,1198,348,1.2811,128.11,0.3116,0,8.144
india,g2_0239.tif,1199,140,0.5154,51.54,0.3472,0,5.461
india,g2_0239.tif,1200,111,0.4086,40.86,0.6736,1,4.82
india,g2_0243.tif,1216,184,0.6774,67.74,0.2609,0,5.461
india,g2_0243.tif,1217,94,0.346,34.6,0.2837,0,3.768
india,g2_0243.tif,1218,162,0.5964,59.64,0.4171,0,6.775
india,g2_0243.tif,1219,381,1.4026,140.26,0.3872,0,11.345
india,g2_0243.tif,1220,170,0.6258,62.58,0.3352,0,5.461
india,g2_0272.tif,1361,60,0.2209,22.09,0.6667,1,3.034
india,g2_0272.tif,1362,62,0.2282,22.82,0.8065,1,3.034
india,g2_0272.tif,1363,113,0.416,41.6,0.6371,1,5.461
india,g2_0272.tif,1364,120,0.4418,44.18,0.7405,1,6.674
india,g2_0272.tif,1365,120,0.4418,44.18,0.7647,1,5.461
india,g2_0275.tif,1376,93,0.3424,34.24,0.4786,0,3.034
india,g2_0275.tif,1377,259,0.9535,95.35,0.4965,0,7.888
india,g2_0275.tif,1378,92,0.3387,33.87,0.6129,1,3.034
india,g2_0275.tif,1379,106,0.3902,39.02,0.2419,0,3.034
india,g2_0275.tif,1380,173,0.6369,63.69,0.322,0,4.247
india,g2_0276.tif,1381,251,0.924,92.4,0.3214,0,7.974
india,g2_0276.tif,1382,162,0.5964,59.64,0.6626,1,6.258
india,g2_0276.tif,1383,207,0.762,76.2,0.3953,0,7.163
india,g2_0276.tif,1384,229,0.843,84.3,0.7833,1,7.974
india,g2_0276.tif,1385,76,0.2798,27.98,0.5517,1,3.768
india,g2_0282.tif,1411,69,0.254,25.4,0.5385,1,3.768
india,g2_0282.tif,1412,63,0.2319,23.19,0.4519,0,3.768
india,g2_0282.tif,1413,106,0.3902,39.02,0.6772,1,5.461
india,g2_0282.tif,1414,239,0.8798,87.98,0.3695,0,4.542
india,g2_0282.tif,1415,286,1.0528,105.28,0.4202,0,7.974
india,g2_0291.tif,1456,472,1.7376,173.76,0.2658,0,8.871
india,g2_0291.tif,1457,434,1.5977,159.77,0.2969,0,9.69
india,g2_0291.tif,1458,263,0.9682,96.82,0.2889,0,7.163
india,g2_0291.tif,1459,393,1.4467,144.67,0.2742,0,8.871
india,g2_0291.tif,1460,137,0.5043,50.43,0.4043,0,5.461
india,g2_0298.tif,1491,62,0.2282,22.82,0.3789,0,3.768
india,g2_0298.tif,1492,65,0.2393,23.93,0.3267,0,3.768
india,g2_0298.tif,1493,250,0.9203,92.03,0.2976,0,7.068
india,g2_0298.tif,1494,75,0.2761,27.61,0.4295,0,3.034
india,g2_0298.tif,1495,45,0.1657,16.57,0.2955,0,3.231
india,g2_0307.tif,1536,33,0.1215,12.15,0.2283,0,2.825
india,g2_0307.tif,1537,118,0.4344,43.44,0.2373,0,5.461
india,g2_0307.tif,1538,83,0.3055,30.55,0.4713,0,4.247
india,g2_0307.tif,1539,85,0.3129,31.29,0.3182,0,3.768
india,g2_0307.tif,1540,65,0.2393,23.93,0.2037,0,4.247
india,g2_0314.tif,1571,165,0.6074,60.74,0.414,0,4.247
india,g2_0314.tif,1572,140,0.5154,51.54,0.5073,1,3.231
india,g2_0314.tif,1573,101,0.3718,37.18,0.5241,1,4.247
india,g2_0314.tif,1574,65,0.2393,23.93,0.125,0,4.247
india,g2_0314.tif,1575,108,0.3976,39.76,0.3277,0,5.461
india,g2_0315.tif,1576,16,0.0589,5.89,0.1067,0,2.107
india,g2_0315.tif,1577,68,0.2503,25.03,0.3664,0,4.542
india,g2_0315.tif,1578,69,0.254,25.4,0.4783,0,3.768
india,g2_0315.tif,1579,43,0.1583,15.83,0.0939,0,2.107
india,g2_0315.tif,1580,44,0.162,16.2,0.3099,0,2.825
india,g2_0326.tif,1631,112,0.4123,41.23,0.4663,0,3.034
india,g2_0326.tif,1632,123,0.4528,45.28,0.2333,0,3.034
india,g2_0326.tif,1633,104,0.3829,38.29,0.2345,0,3.034
india,g2_0326.tif,1634,118,0.4344,43.44,0.3615,0,3.034
india,g2_0326.tif,1635,78,0.2871,28.71,0.4471,0,3.034
india,g2_0335.tif,1676,53,0.1951,19.51,0.2329,0,3.768
india,g2_0335.tif,1677,47,0.173,17.3,0.4824,0,3.231
india,g2_0335.tif,1678,52,0.1914,19.14,0.3646,0,3.768
india,g2_0335.tif,1679,50,0.1841,18.41,0.3759,0,3.768
india,g2_0335.tif,1680,50,0.1841,18.41,0.3636,0,3.768
india,g2_0336.tif,1681,350,1.2884,128.84,0.2717,0,7.888
india,g2_0336.tif,1682,287,1.0565,105.65,0.3066,0,7.888
india,g2_0336.tif,1683,313,1.1522,115.22,0.2965,0,9.101
india,g2_0336.tif,1684,60,0.2209,22.09,0.24,0,4.247
india,g2_0336.tif,1685,477,1.756,175.6,0.2369,0,12.463
india,g2_0338.tif,1691,86,0.3166,31.66,0.5983,1,3.768
india,g2_0338.tif,1692,86,0.3166,31.66,0.4362,0,4.247
india,g2_0338.tif,1693,71,0.2614,26.14,0.2696,0,4.247
india,g2_0338.tif,1694,91,0.335,33.5,0.7241,1,3.768
india,g2_0338.tif,1695,75,0.2761,27.61,0.4267,0,3.231
india,g2_0340.tif,1701,235,0.8651,86.51,0.4388,0,8.144
india,g2_0340.tif,1702,167,0.6148,61.48,0.2406,0,4.542
india,g2_0340.tif,1703,331,1.2185,121.85,0.396,0,7.533
india,g2_0340.tif,1704,555,2.0431,204.31,0.3809,0,13.597
india,g2_0340.tif,1705,260,0.9571,95.71,0.5206,1,7.533
india,g2_0344.tif,1721,12,0.0442,4.42,0.3793,0,1.82
india,g2_0344.tif,1722,17,0.0626,6.26,0.0847,0,2.107
india,g2_0344.tif,1723,14,0.0515,5.15,0.1261,0,1.82
india,g2_0344.tif,1724,24,0.0884,8.84,0.125,0,2.107
india,g2_0344.tif,1725,26,0.0957,9.57,0.2124,0,2.107
india,g2_0345.tif,1726,79,0.2908,29.08,0.3981,0,4.247
india,g2_0345.tif,1727,100,0.3681,36.81,0.4752,0,5.461
india,g2_0345.tif,1728,89,0.3276,32.76,0.1855,0,5.461
india,g2_0345.tif,1729,55,0.2025,20.25,0.265,0,3.034
india,g2_0345.tif,1730,110,0.4049,40.49,0.3163,0,3.034
india,g2_0348.tif,1741,234,0.8614,86.14,0.7787,1,6.674
india,g2_0348.tif,1742,141,0.5191,51.91,0.5319,1,6.674
india,g2_0348.tif,1743,155,0.5706,57.06,0.7389,1,6.674
india,g2_0348.tif,1744,178,0.6553,65.53,0.5,1,6.674
india,g2_0348.tif,1745,178,0.6553,65.53,0.2584,0,6.674
india,g2_0358.tif,1791,363,1.3363,133.63,0.3144,0,7.974
india,g2_0358.tif,1792,322,1.1854,118.54,0.4841,0,6.258
india,g2_0358.tif,1793,256,0.9424,94.24,0.4429,0,7.533
india,g2_0358.tif,1794,166,0.6111,61.11,0.6028,1,5.581
india,g2_0358.tif,1795,486,1.7891,178.91,0.5224,1,9.101
india,g2_0367.tif,1836,39,0.1436,14.36,0.5439,1,2.825
india,g2_0367.tif,1837,196,0.7215,72.15,0.3214,0,5.928
india,g2_0367.tif,1838,35,0.1288,12.88,0.2727,0,2.107
india,g2_0367.tif,1839,24,0.0884,8.84,0.1735,0,2.107
india,g2_0367.tif,1840,29,0.1068,10.68,0.2987,0,2.825
india,g2_0368.tif,1841,234,0.8614,86.14,0.5082,1,7.533
india,g2_0368.tif,1842,303,1.1154,111.54,0.4519,0,7.888
india,g2_0368.tif,1843,74,0.2724,27.24,0.3033,0,4.397
india,g2_0368.tif,1844,250,0.9203,92.03,0.3284,0,6.674
india,g2_0368.tif,1845,64,0.2356,23.56,0.4767,0,3.768
india,g2_0373.tif,1866,68,0.2503,25.03,0.4762,0,4.247
india,g2_0373.tif,1867,64,0.2356,23.56,0.3281,0,4.247
india,g2_0373.tif,1868,72,0.2651,26.51,0.4778,0,3.034
india,g2_0373.tif,1869,187,0.6884,68.84,0.2677,0,4.247
india,g2_0373.tif,1870,156,0.5743,57.43,0.3297,0,5.928
india,g2_0385.tif,1926,76,0.2798,27.98,0.5,1,4.247
india,g2_0385.tif,1927,113,0.416,41.6,0.4202,0,4.82
india,g2_0385.tif,1928,138,0.508,50.8,0.2201,0,4.397
india,g2_0385.tif,1929,127,0.4675,46.75,0.6941,1,5.928
india,g2_0385.tif,1930,117,0.4307,43.07,0.4428,0,5.581
india,g2_0386.tif,1931,71,0.2614,26.14,0.2744,0,4.247
india,g2_0386.tif,1932,225,0.8283,82.83,0.4581,0,5.581
india,g2_0386.tif,1933,109,0.4013,40.13,0.7154,1,5.461
india,g2_0386.tif,1934,97,0.3571,35.71,0.24,0,3.034
india,g2_0386.tif,1935,285,1.0492,104.92,0.5298,1,8.144
india,g2_0388.tif,1941,22,0.081,8.1,0.172,0,1.82
india,g2_0388.tif,1942,18,0.0663,6.63,0.1441,0,1.82
india,g2_0388.tif,1943,37,0.1362,13.62,0.3088,0,3.034
india,g2_0388.tif,1944,30,0.1104,11.04,0.4328,0,2.825
india,g2_0388.tif,1945,32,0.1178,11.78,0.3611,0,2.107
india,g2_0399.tif,1996,83,0.3055,30.55,0.686,1,3.768
india,g2_0399.tif,1997,110,0.4049,40.49,0.7257,1,4.247
india,g2_0399.tif,1998,172,0.6332,63.32,0.4244,0,6.469
india,g2_0399.tif,1999,69,0.254,25.4,0.5072,1,4.247
india,g2_0399.tif,2000,125,0.4602,46.02,0.45,0,4.82
india,g2_0400.tif,2001,73,0.2687,26.87,0.6145,1,4.397
india,g2_0400.tif,2002,67,0.2466,24.66,0.2011,0,3.231
india,g2_0400.tif,2003,97,0.3571,35.71,0.6535,1,5.461
india,g2_0400.tif,2004,80,0.2945,29.45,0.5125,1,3.768
india,g2_0400.tif,2005,75,0.2761,27.61,0.7241,1,4.397
india,g2_0406.tif,2031,130,0.4786,47.86,0.5267,1,5.928
india,g2_0406.tif,2032,92,0.3387,33.87,0.4462,0,3.768
india,g2_0406.tif,2033,135,0.497,49.7,0.3119,0,3.768
india,g2_0406.tif,2034,72,0.2651,26.51,0.3567,0,3.231
india,g2_0406.tif,2035,258,0.9498,94.98,0.1701,0,4.542
india,g2_0410.tif,2051,190,0.6994,69.94,0.3917,0,6.775
india,g2_0410.tif,2052,324,1.1927,119.27,0.4815,0,7.974
india,g2_0410.tif,2053,204,0.751,75.1,0.8372,1,6.469
india,g2_0410.tif,2054,117,0.4307,43.07,0.7429,1,5.461
india,g2_0410.tif,2055,245,0.9019,90.19,0.5098,1,6.775
india,g2_0418.tif,2091,144,0.5301,53.01,0.5448,1,6.674
india,g2_0418.tif,2092,130,0.4786,47.86,0.546,1,5.928
india,g2_0418.tif,2093,110,0.4049,40.49,0.6202,1,5.461
india,g2_0418.tif,2094,188,0.6921,69.21,0.5,1,6.674
india,g2_0418.tif,2095,107,0.3939,39.39,0.5222,1,5.461
india,g2_0429.tif,2146,18,0.0663,6.63,0.2647,0,1.82
india,g2_0429.tif,2147,26,0.0957,9.57,0.2105,0,2.825
india,g2_0429.tif,2148,20,0.0736,7.36,0.1622,0,1.82
india,g2_0429.tif,2149,24,0.0884,8.84,0.3235,0,2.107
india,g2_0429.tif,2150,21,0.0773,7.73,0.2083,0,2.107
india,g2_0439.tif,2196,61,0.2246,22.46,0.2455,0,3.034
india,g2_0439.tif,2197,54,0.1988,19.88,0.3673,0,3.768
india,g2_0439.tif,2198,63,0.2319,23.19,0.5694,1,4.247
india,g2_0439.tif,2199,155,0.5706,57.06,0.7167,1,6.674
india,g2_0439.tif,2200,65,0.2393,23.93,0.5,1,4.247
india,g2_0454.tif,2271,333,1.2259,122.59,0.2861,0,6.469
india,g2_0454.tif,2272,409,1.5056,150.56,0.1932,0,9.101
india,g2_0454.tif,2273,147,0.5411,54.11,0.4295,0,6.469
india,g2_0454.tif,2274,206,0.7583,75.83,0.5096,1,7.163
india,g2_0454.tif,2275,166,0.6111,61.11,0.2989,0,6.469
india,g2_0458.tif,2291,283,1.0418,104.18,0.3581,0,5.928
india,g2_0458.tif,2292,519,1.9106,191.06,0.2846,0,10.247
india,g2_0458.tif,2293,594,2.1867,218.67,0.1933,0,9.69
india,g2_0458.tif,2294,35,0.1288,12.88,0.1532,0,3.034
india,g2_0458.tif,2295,17,0.0626,6.26,0.0769,0,1.82
india,g2_0463.tif,2316,177,0.6516,65.16,0.3968,0,4.82
india,g2_0463.tif,2317,204,0.751,75.1,0.3707,0,5.461
india,g2_0463.tif,2318,163,0.6,60.0,0.7092,1,4.82
india,g2_0463.tif,2319,52,0.1914,19.14,0.2222,0,1.82
india,g2_0463.tif,2320,48,0.1767,17.67,0.2349,0,1.82
india,g2_0470.tif,2351,58,0.2135,21.35,0.377,0,4.247
india,g2_0470.tif,2352,83,0.3055,30.55,0.3394,0,4.247
india,g2_0470.tif,2353,37,0.1362,13.62,0.1595,0,2.107
india,g2_0470.tif,2354,69,0.254,25.4,0.2974,0,3.231
india,g2_0470.tif,2355,72,0.2651,26.51,0.4839,0,4.542
india,g2_0475.tif,2376,213,0.7841,78.41,0.692,1,7.888
india,g2_0475.tif,2377,147,0.5411,54.11,0.5811,1,5.461
india,g2_0475.tif,2378,122,0.4491,44.91,0.5469,1,4.247
india,g2_0475.tif,2379,144,0.5301,53.01,0.6913,1,4.397
india,g2_0475.tif,2380,198,0.7289,72.89,0.53,1,6.674
india,g2_0493.tif,2466,69,0.254,25.4,0.25,0,3.034
india,g2_0493.tif,2467,98,0.3608,36.08,0.3321,0,3.768
india,g2_0493.tif,2468,96,0.3534,35.34,0.2483,0,4.82
india,g2_0493.tif,2469,48,0.1767,17.67,0.3209,0,2.825
india,g2_0493.tif,2470,60,0.2209,22.09,0.4211,0,3.231
india,g2_0506.tif,2531,289,1.0639,106.39,0.2786,0,7.068
india,g2_0506.tif,2532,296,1.0897,108.97,0.4189,0,6.775
india,g2_0506.tif,2533,250,0.9203,92.03,0.408,0,6.674
india,g2_0506.tif,2534,90,0.3313,33.13,0.3897,0,3.034
india,g2_0506.tif,2535,151,0.5559,55.59,0.266,0,6.674
india,g2_0509.tif,2546,43,0.1583,15.83,0.8723,1,3.034
india,g2_0509.tif,2547,180,0.6626,66.26,0.3225,0,6.674
india,g2_0509.tif,2548,89,0.3276,32.76,0.3909,0,3.034
india,g2_0509.tif,2549,129,0.4749,47.49,0.5865,1,5.461
india,g2_0509.tif,2550,138,0.508,50.8,0.413,0,5.461
india,g2_0517.tif,2586,70,0.2577,25.77,0.3631,0,3.034
india,g2_0517.tif,2587,79,0.2908,29.08,0.4204,0,3.034
india,g2_0517.tif,2588,125,0.4602,46.02,0.8333,1,5.461
india,g2_0517.tif,2589,138,0.508,50.8,0.6508,1,5.928
india,g2_0517.tif,2590,157,0.578,57.8,0.6506,1,5.461
india,g2_0518.tif,2591,40,0.1473,14.73,0.3455,0,3.034
india,g2_0518.tif,2592,65,0.2393,23.93,0.3605,0,3.034
india,g2_0518.tif,2593,55,0.2025,20.25,0.2647,0,3.034
india,g2_0518.tif,2594,80,0.2945,29.45,0.5714,1,4.247
india,g2_0518.tif,2595,159,0.5853,58.53,0.4554,0,5.461
india,g2_0521.tif,2606,114,0.4197,41.97,0.3214,0,4.82
india,g2_0521.tif,2607,153,0.5632,56.32,0.3667,0,5.461
india,g2_0521.tif,2608,159,0.5853,58.53,0.5371,1,5.461
india,g2_0521.tif,2609,143,0.5264,52.64,0.2308,0,4.247
india,g2_0521.tif,2610,80,0.2945,29.45,0.4227,0,4.247
india,g2_0523.tif,2616,28,0.1031,10.31,0.8667,1,2.107
india,g2_0523.tif,2617,30,0.1104,11.04,0.1702,0,2.825
india,g2_0523.tif,2618,31,0.1141,11.41,0.2199,0,2.825
india,g2_0523.tif,2619,41,0.1509,15.09,0.21,0,3.034
india,g2_0523.tif,2620,28,0.1031,10.31,0.4255,0,2.107
india,g2_0556.tif,2781,119,0.4381,43.81,0.3946,0,5.461
india,g2_0556.tif,2782,47,0.173,17.3,0.5345,1,2.107
india,g2_0556.tif,2783,94,0.346,34.6,0.433,0,3.231
india,g2_0556.tif,2784,155,0.5706,57.06,0.557,1,5.581
india,g2_0556.tif,2785,159,0.5853,58.53,0.4352,0,7.068
india,g2_0559.tif,2796,232,0.8541,85.41,0.2249,0,7.974
india,g2_0559.tif,2797,445,1.6382,163.82,0.4022,0,10.247
india,g2_0559.tif,2798,669,2.4628,246.28,0.2481,0,10.581
india,g2_0559.tif,2799,196,0.7215,72.15,0.4302,0,6.674
india,g2_0559.tif,2800,357,1.3142,131.42,0.3473,0,10.382
india,g2_0563.tif,2816,65,0.2393,23.93,0.2371,0,3.034
india,g2_0563.tif,2817,51,0.1877,18.77,0.6481,1,3.034
india,g2_0563.tif,2818,38,0.1399,13.99,0.3118,0,2.825
india,g2_0563.tif,2819,17,0.0626,6.26,0.0728,0,1.82
india,g2_0563.tif,2820,31,0.1141,11.41,0.2138,0,2.825
india,g2_0567.tif,2836,126,0.4638,46.38,0.3864,0,5.461
india,g2_0567.tif,2837,177,0.6516,65.16,0.401,0,7.068
india,g2_0567.tif,2838,136,0.5007,50.07,0.6564,1,5.461
india,g2_0567.tif,2839,128,0.4712,47.12,0.3333,0,4.542
india,g2_0567.tif,2840,151,0.5559,55.59,0.7233,1,6.469
india,g2_0575.tif,2876,660,2.4296,242.96,0.2583,0,12.463
india,g2_0575.tif,2877,708,2.6063,260.63,0.2458,0,12.741
india,g2_0575.tif,2878,643,2.3671,236.71,0.3203,0,12.519
india,g2_0575.tif,2879,385,1.4173,141.73,0.1559,0,8.871
india,g2_0575.tif,2880,668,2.4591,245.91,0.585,1,13.229
india,g2_0576.tif,2881,121,0.4454,44.54,0.2222,0,3.034
india,g2_0576.tif,2882,46,0.1693,16.93,0.3194,0,3.034
india,g2_0576.tif,2883,39,0.1436,14.36,0.1905,0,1.82
india,g2_0576.tif,2884,54,0.1988,19.88,0.3258,0,2.825
india,g2_0576.tif,2885,198,0.7289,72.89,0.1753,0,4.247
india,g2_0588.tif,2941,283,1.0418,104.18,0.2528,0,8.635
india,g2_0588.tif,2942,245,0.9019,90.19,0.4167,0,8.144
india,g2_0588.tif,2943,294,1.0823,108.23,0.3117,0,4.542
india,g2_0588.tif,2944,252,0.9277,92.77,0.2026,0,4.542
india,g2_0588.tif,2945,301,1.1081,110.81,0.2557,0,5.461
india,g2_0594.tif,2971,163,0.6,60.0,0.3953,0,6.674
india,g2_0594.tif,2972,243,0.8946,89.46,0.5723,1,4.247
india,g2_0594.tif,2973,241,0.8872,88.72,0.1344,0,4.397
india,g2_0594.tif,2974,159,0.5853,58.53,0.3876,0,6.674
india,g2_0594.tif,2975,197,0.7252,72.52,0.3756,0,3.231
india,g2_0608.tif,3042,226,0.832,83.2,0.4066,0,7.888
india,g2_0608.tif,3043,96,0.3534,35.34,0.242,0,3.768
india,g2_0608.tif,3044,163,0.6,60.0,0.3588,0,6.469
india,g2_0608.tif,3045,237,0.8725,87.25,0.2521,0,7.888
india,g2_0608.tif,3046,147,0.5411,54.11,0.4491,0,4.82
india,g2_0611.tif,3057,106,0.3902,39.02,0.2636,0,3.231
india,g2_0611.tif,3058,127,0.4675,46.75,0.2245,0,3.768
india,g2_0611.tif,3059,130,0.4786,47.86,0.2112,0,3.768
india,g2_0611.tif,3060,378,1.3915,139.15,0.4036,0,10.905
india,g2_0611.tif,3061,477,1.756,175.6,0.449,0,6.469
india,g2_0617.tif,3087,141,0.5191,51.91,0.5732,1,5.461
india,g2_0617.tif,3088,84,0.3092,30.92,0.3085,0,3.768
india,g2_0617.tif,3089,137,0.5043,50.43,0.5879,1,6.258
india,g2_0617.tif,3090,93,0.3424,34.24,0.2792,0,3.768
india,g2_0617.tif,3091,93,0.3424,34.24,0.438,0,4.397
india,g2_0631.tif,3157,25,0.092,9.2,0.2154,0,2.107
india,g2_0631.tif,3158,15,0.0552,5.52,0.1494,0,1.82
india,g2_0631.tif,3159,14,0.0515,5.15,0.1333,0,1.109
india,g2_0631.tif,3160,26,0.0957,9.57,0.1149,0,2.107
india,g2_0631.tif,3161,29,0.1068,10.68,0.2987,0,2.107
india,g2_0640.tif,3202,289,1.0639,106.39,0.3945,0,7.533
india,g2_0640.tif,3203,270,0.9939,99.39,0.3844,0,6.775
india,g2_0640.tif,3204,68,0.2503,25.03,0.4474,0,3.034
india,g2_0640.tif,3205,67,0.2466,24.66,0.8,1,3.034
india,g2_0640.tif,3206,120,0.4418,44.18,0.3165,0,3.231
india,g2_0648.tif,3242,1218,4.4838,448.38,0.128,0,14.598
india,g2_0648.tif,3243,652,2.4002,240.02,0.1972,0,13.545
india,g2_0648.tif,3244,887,3.2653,326.53,0.1385,0,15.898
india,g2_0648.tif,3245,447,1.6455,164.55,0.2671,0,9.177
india,g2_0648.tif,3246,450,1.6566,165.66,0.1943,0,9.177
india,g2_0667.tif,3337,44,0.162,16.2,0.1966,0,3.034
india,g2_0667.tif,3338,25,0.092,9.2,0.1204,0,1.82
india,g2_0667.tif,3339,35,0.1288,12.88,0.1379,0,3.034
india,g2_0667.tif,3340,37,0.1362,13.62,0.1724,0,2.825
india,g2_0667.tif,3341,48,0.1767,17.67,0.5556,1,4.247
india,g2_0671.tif,3357,320,1.178,117.8,0.2744,0,9.101
india,g2_0671.tif,3358,312,1.1486,114.86,0.2888,0,5.461
india,g2_0671.tif,3359,331,1.2185,121.85,0.1838,0,6.469
india,g2_0671.tif,3360,354,1.3032,130.32,0.1893,0,9.101
india,g2_0671.tif,3361,419,1.5425,154.25,0.2971,0,9.101
india,g2_0694.tif,3472,47,0.173,17.3,0.2208,0,2.825
india,g2_0694.tif,3473,34,0.1252,12.52,0.232,0,1.82
india,g2_0694.tif,3474,44,0.162,16.2,0.1631,0,2.107
india,g2_0694.tif,3475,48,0.1767,17.67,0.4595,0,2.107
india,g2_0694.tif,3476,64,0.2356,23.56,0.48,0,3.034
india,g2_0698.tif,3492,172,0.6332,63.32,0.5316,1,6.469
india,g2_0698.tif,3493,150,0.5522,55.22,0.4162,0,5.928
india,g2_0698.tif,3494,215,0.7915,79.15,0.3004,0,5.461
india,g2_0698.tif,3495,322,1.1854,118.54,0.1991,0,5.581
india,g2_0698.tif,3496,164,0.6037,60.37,0.3503,0,5.461
india,g2_0702.tif,3512,223,0.8209,82.09,0.1974,0,4.397
india,g2_0702.tif,3513,180,0.6626,66.26,0.6878,1,6.775
india,g2_0702.tif,3514,122,0.4491,44.91,0.2787,0,4.397
india,g2_0702.tif,3515,286,1.0528,105.28,0.2305,0,7.888
india,g2_0702.tif,3516,92,0.3387,33.87,0.3465,0,4.82
india,g2_0714.tif,3572,71,0.2614,26.14,0.3291,0,3.768
india,g2_0714.tif,3573,203,0.7473,74.73,0.3026,0,7.068
india,g2_0714.tif,3574,147,0.5411,54.11,0.4233,0,6.469
india,g2_0714.tif,3575,170,0.6258,62.58,0.2404,0,6.469
india,g2_0714.tif,3576,161,0.5927,59.27,0.3413,0,5.581
india,g2_0729.tif,3647,92,0.3387,33.87,0.459,0,4.247
india,g2_0729.tif,3648,104,0.3829,38.29,0.175,0,4.397
india,g2_0729.tif,3649,77,0.2835,28.35,0.4649,0,4.397
india,g2_0729.tif,3650,88,0.324,32.4,0.4787,0,4.397
india,g2_0729.tif,3651,114,0.4197,41.97,0.5652,1,5.461
india,g2_0733.tif,3667,144,0.5301,53.01,0.2843,0,6.674
india,g2_0733.tif,3668,159,0.5853,58.53,0.355,0,5.581
india,g2_0733.tif,3669,126,0.4638,46.38,0.2721,0,4.247
india,g2_0733.tif,3670,151,0.5559,55.59,0.3169,0,3.768
india,g2_0733.tif,3671,154,0.5669,56.69,0.2446,0,4.247
india,g2_0756.tif,3782,56,0.2062,20.62,0.4375,0,3.231
india,g2_0756.tif,3783,84,0.3092,30.92,0.4615,0,3.034
india,g2_0756.tif,3784,63,0.2319,23.19,0.4835,0,3.768
india,g2_0756.tif,3785,65,0.2393,23.93,0.1974,0,2.825
india,g2_0756.tif,3786,89,0.3276,32.76,0.2313,0,3.768
india,g2_0769.tif,3847,238,0.8761,87.61,0.4941,0,8.227
india,g2_0769.tif,3848,85,0.3129,31.29,0.3191,0,4.247
india,g2_0769.tif,3849,243,0.8946,89.46,0.3279,0,7.888
india,g2_0769.tif,3850,232,0.8541,85.41,0.2596,0,6.674
india,g2_0769.tif,3851,217,0.7988,79.88,0.3625,0,6.674
india,g2_0782.tif,3912,46,0.1693,16.93,0.6596,1,3.034
india,g2_0782.tif,3913,38,0.1399,13.99,0.1644,0,2.107
india,g2_0782.tif,3914,106,0.3902,39.02,0.6879,1,4.247
india,g2_0782.tif,3915,84,0.3092,30.92,0.1495,0,3.231
india,g2_0782.tif,3916,233,0.8577,85.77,0.5806,1,7.533
india,g2_0810.tif,4047,103,0.3792,37.92,0.327,0,4.247
india,g2_0810.tif,4048,96,0.3534,35.34,0.6972,1,4.247
india,g2_0810.tif,4049,90,0.3313,33.13,0.4278,0,3.034
india,g2_0810.tif,4050,180,0.6626,66.26,0.2707,0,6.674
india,g2_0810.tif,4051,445,1.6382,163.82,0.2401,0,10.581
india,g2_0812.tif,4057,79,0.2908,29.08,0.6598,1,4.247
india,g2_0812.tif,4058,132,0.4859,48.59,0.7778,1,5.461
india,g2_0812.tif,4059,132,0.4859,48.59,0.6765,1,6.674
india,g2_0812.tif,4060,330,1.2148,121.48,0.2118,0,5.461
india,g2_0812.tif,4061,101,0.3718,37.18,0.5495,1,4.397
india,g2_0818.tif,4087,70,0.2577,25.77,0.4925,0,4.247
india,g2_0818.tif,4088,72,0.2651,26.51,0.2393,0,4.542
india,g2_0818.tif,4089,54,0.1988,19.88,0.5488,1,2.825
india,g2_0818.tif,4090,100,0.3681,36.81,0.2798,0,5.461
india,g2_0818.tif,4091,95,0.3497,34.97,0.5766,1,4.542
india,g2_0821.tif,4102,79,0.2908,29.08,0.6559,1,4.397
india,g2_0821.tif,4103,78,0.2871,28.71,0.5769,1,4.397
india,g2_0821.tif,4104,56,0.2062,20.62,0.597,1,3.034
india,g2_0821.tif,4105,63,0.2319,23.19,0.4625,0,3.231
india,g2_0821.tif,4106,79,0.2908,29.08,0.3359,0,4.247
india,g2_0831.tif,4152,591,2.1756,217.56,0.2132,0,11.528
india,g2_0831.tif,4153,886,3.2616,326.16,0.1998,0,15.674
india,g2_0831.tif,4154,420,1.5461,154.61,0.2095,0,10.581
india,g2_0831.tif,4155,245,0.9019,90.19,0.4,0,7.888
india,g2_0831.tif,4156,1303,4.7967,479.67,0.1512,0,19.147
india,g2_0847.tif,4232,333,1.2259,122.59,0.4985,0,7.888
india,g2_0847.tif,4233,259,0.9535,95.35,0.3916,0,7.888
india,g2_0847.tif,4234,273,1.005,100.5,0.3077,0,7.974
india,g2_0847.tif,4235,422,1.5535,155.35,0.6275,1,11.345
india,g2_0847.tif,4236,208,0.7657,76.57,0.4619,0,5.461
india,g2_0850.tif,4247,581,2.1388,213.88,0.2142,0,8.635
india,g2_0850.tif,4248,412,1.5167,151.67,0.3214,0,9.101
india,g2_0850.tif,4249,198,0.7289,72.89,0.4592,0,6.674
india,g2_0850.tif,4250,476,1.7523,175.23,0.3725,0,6.674
india,g2_0850.tif,4251,691,2.5438,254.38,0.3256,0,13.955
india,g2_0851.tif,4252,53,0.1951,19.51,0.3516,0,3.231
india,g2_0851.tif,4253,54,0.1988,19.88,0.3696,0,2.107
india,g2_0851.tif,4254,51,0.1877,18.77,0.3977,0,2.107
india,g2_0851.tif,4255,53,0.1951,19.51,0.42,0,2.107
india,g2_0851.tif,4256,58,0.2135,21.35,0.2353,0,2.825
india,g2_0855.tif,4272,183,0.6737,67.37,0.3791,0,5.461
india,g2_0855.tif,4273,375,1.3805,138.05,0.2027,0,10.315
india,g2_0855.tif,4274,299,1.1007,110.07,0.1859,0,6.674
india,g2_0855.tif,4275,87,0.3203,32.03,0.3697,0,5.461
india,g2_0855.tif,4276,181,0.6663,66.63,0.3704,0,6.674
india,g2_0857.tif,4282,242,0.8909,89.09,0.5059,1,7.068
india,g2_0857.tif,4283,167,0.6148,61.48,0.4702,0,6.469
india,g2_0857.tif,4284,304,1.1191,111.91,0.6461,1,7.533
india,g2_0857.tif,4285,102,0.3755,37.55,0.3992,0,4.247
india,g2_0857.tif,4286,75,0.2761,27.61,0.5536,1,3.034
india,g2_0859.tif,4292,58,0.2135,21.35,0.3469,0,3.768
india,g2_0859.tif,4293,110,0.4049,40.49,0.4385,0,3.768
india,g2_0859.tif,4294,212,0.7804,78.04,0.621,1,6.674
india,g2_0859.tif,4295,41,0.1509,15.09,0.0612,0,3.034
india,g2_0859.tif,4296,204,0.751,75.1,0.6505,1,5.461
india,g2_0870.tif,4347,118,0.4344,43.44,0.3381,0,3.768
india,g2_0870.tif,4348,98,0.3608,36.08,0.3134,0,3.768
india,g2_0870.tif,4349,18,0.0663,6.63,0.0691,0,2.107
india,g2_0870.tif,4350,22,0.081,8.1,0.1102,0,2.107
india,g2_0870.tif,4351,30,0.1104,11.04,0.2521,0,2.107
india,g2_0876.tif,4377,25,0.092,9.2,0.1589,0,2.107
india,g2_0876.tif,4378,19,0.0699,6.99,0.0833,0,1.82
india,g2_0876.tif,4379,17,0.0626,6.26,0.0647,0,1.109
india,g2_0876.tif,4380,19,0.0699,6.99,0.0949,0,1.82
india,g2_0876.tif,4381,42,0.1546,15.46,0.4048,0,2.825
india,g2_0882.tif,4407,202,0.7436,74.36,0.5927,1,7.533
india,g2_0882.tif,4408,194,0.7142,71.42,0.7538,1,7.068
india,g2_0882.tif,4409,525,1.9327,193.27,0.221,0,10.581
india,g2_0882.tif,4410,352,1.2958,129.58,0.3465,0,9.177
india,g2_0882.tif,4411,228,0.8393,83.93,0.381,0,7.068
india,g2_0895.tif,4472,34,0.1252,12.52,0.4375,0,1.82
india,g2_0895.tif,4473,28,0.1031,10.31,0.1771,0,2.107
india,g2_0895.tif,4474,24,0.0884,8.84,0.1354,0,1.82
india,g2_0895.tif,4475,33,0.1215,12.15,0.3111,0,3.034
india,g2_0895.tif,4476,32,0.1178,11.78,0.2857,0,3.034
india,g2_0897.tif,4482,29,0.1068,10.68,0.6341,1,2.107
india,g2_0897.tif,4483,21,0.0773,7.73,0.2386,0,1.82
india,g2_0897.tif,4484,10,0.0368,3.68,0.0889,0,1.109
india,g2_0897.tif,4485,13,0.0479,4.79,0.0897,0,1.82
india,g2_0897.tif,4486,43,0.1583,15.83,0.2843,0,3.034
india,g2_0900.tif,4497,115,0.4233,42.33,0.3922,0,4.247
india,g2_0900.tif,4498,136,0.5007,50.07,0.6569,1,4.247
india,g2_0900.tif,4499,99,0.3644,36.44,0.3769,0,3.034
india,g2_0900.tif,4500,224,0.8246,82.46,0.4619,0,6.674
india,g2_0900.tif,4501,152,0.5596,55.96,0.6378,1,4.542
india,g2_0901.tif,4502,81,0.2982,29.82,0.5089,1,4.82
india,g2_0901.tif,4503,116,0.427,42.7,0.3714,0,3.034
india,g2_0901.tif,4504,35,0.1288,12.88,0.2719,0,1.82
india,g2_0901.tif,4505,114,0.4197,41.97,0.7481,1,5.581
india,g2_0901.tif,4506,157,0.578,57.8,0.4114,0,5.461
india,g2_0914.tif,4567,106,0.3902,39.02,0.7869,1,4.247
india,g2_0914.tif,4568,32,0.1178,11.78,0.254,0,1.82
india,g2_0914.tif,4569,89,0.3276,32.76,0.4492,0,4.247
india,g2_0914.tif,4570,32,0.1178,11.78,0.2248,0,1.82
india,g2_0914.tif,4571,53,0.1951,19.51,0.3421,0,3.034
india,g2_0924.tif,4617,547,2.0137,201.37,0.179,0,11.345
india,g2_0924.tif,4618,232,0.8541,85.41,0.1724,0,7.068
india,g2_0924.tif,4619,141,0.5191,51.91,0.2877,0,4.247
india,g2_0924.tif,4620,228,0.8393,83.93,0.3319,0,6.674
india,g2_0924.tif,4621,962,3.5414,354.14,0.1378,0,11.768
india,g2_0942.tif,4707,15,0.0552,5.52,0.3429,0,1.82
india,g2_0942.tif,4708,8,0.0295,2.95,0.1429,0,1.109
india,g2_0942.tif,4709,9,0.0331,3.31,0.0643,0,1.82
india,g2_0942.tif,4710,17,0.0626,6.26,0.0479,0,1.82
india,g2_0942.tif,4711,16,0.0589,5.89,0.1143,0,1.82
india,g2_0947.tif,4732,53,0.1951,19.51,0.4474,0,3.768
india,g2_0947.tif,4733,39,0.1436,14.36,0.2254,0,3.034
india,g2_0947.tif,4734,22,0.081,8.1,0.1892,0,1.82
india,g2_0947.tif,4735,38,0.1399,13.99,0.3333,0,3.034
india,g2_0947.tif,4736,55,0.2025,20.25,0.4521,0,3.768
india,g2_0949.tif,4742,170,0.6258,62.58,0.6721,1,7.068
india,g2_0949.tif,4743,126,0.4638,46.38,0.5166,1,5.461
india,g2_0949.tif,4744,188,0.6921,69.21,0.3298,0,6.674
india,g2_0949.tif,4745,120,0.4418,44.18,0.4724,0,4.82
india,g2_0949.tif,4746,158,0.5816,58.16,0.4682,0,6.674
india,g2_0953.tif,4762,72,0.2651,26.51,0.5532,1,4.247
india,g2_0953.tif,4763,103,0.3792,37.92,0.6348,1,5.461
india,g2_0953.tif,4764,38,0.1399,13.99,0.4286,0,3.034
india,g2_0953.tif,4765,73,0.2687,26.87,0.3973,0,4.247
india,g2_0953.tif,4766,110,0.4049,40.49,0.4261,0,4.542
india,g2_0971.tif,4852,200,0.7363,73.63,0.4813,0,4.247
india,g2_0971.tif,4853,136,0.5007,50.07,0.5425,1,4.247
india,g2_0971.tif,4854,144,0.5301,53.01,0.7616,1,5.461
india,g2_0971.tif,4855,364,1.34,134.0,0.4121,0,7.888
india,g2_0971.tif,4856,260,0.9571,95.71,0.4545,0,7.888
india,g2_0976.tif,4877,264,0.9719,97.19,0.2438,0,7.888
india,g2_0976.tif,4878,223,0.8209,82.09,0.4264,0,6.775
india,g2_0976.tif,4879,118,0.4344,43.44,0.4452,0,4.82
india,g2_0976.tif,4880,120,0.4418,44.18,0.7273,1,5.461
india,g2_0976.tif,4881,83,0.3055,30.55,0.3692,0,3.231
india,g2_0995.tif,4972,51,0.1877,18.77,0.3534,0,3.034
india,g2_0995.tif,4973,62,0.2282,22.82,0.3173,0,3.231
india,g2_0995.tif,4974,26,0.0957,9.57,0.3115,0,3.034
india,g2_0995.tif,4975,29,0.1068,10.68,0.3387,0,3.034
india,g2_0995.tif,4976,23,0.0847,8.47,0.3158,0,2.107
india,g2_1001.tif,5002,55,0.2025,20.25,0.23,0,2.825
india,g2_1001.tif,5003,42,0.1546,15.46,0.4925,0,2.107
india,g2_1001.tif,5004,57,0.2098,20.98,0.6885,1,3.768
india,g2_1001.tif,5005,51,0.1877,18.77,0.4875,0,2.825
india,g2_1001.tif,5006,55,0.2025,20.25,0.6102,1,3.034
india,g2_1016.tif,5077,130,0.4786,47.86,0.3864,0,5.461
india,g2_1016.tif,5078,31,0.1141,11.41,0.4062,0,2.107
india,g2_1016.tif,5079,30,0.1104,11.04,0.4524,0,1.82
india,g2_1016.tif,5080,144,0.5301,53.01,0.6849,1,4.542
india,g2_1016.tif,5081,167,0.6148,61.48,0.7845,1,5.928
india,g2_1017.tif,5082,81,0.2982,29.82,0.4141,0,3.768
india,g2_1017.tif,5083,72,0.2651,26.51,0.2667,0,3.231
india,g2_1017.tif,5084,144,0.5301,53.01,0.4147,0,5.928
india,g2_1017.tif,5085,61,0.2246,22.46,0.6515,1,3.034
india,g2_1017.tif,5086,153,0.5632,56.32,0.4694,0,5.928
india,g2_1022.tif,5107,267,0.9829,98.29,0.49,0,9.177
india,g2_1022.tif,5108,189,0.6958,69.58,0.6805,1,5.461
india,g2_1022.tif,5109,220,0.8099,80.99,0.7568,1,7.533
india,g2_1022.tif,5110,95,0.3497,34.97,0.2474,0,3.768
india,g2_1022.tif,5111,104,0.3829,38.29,0.2551,0,3.768
india,g2_1030.tif,5147,74,0.2724,27.24,0.3496,0,3.231
india,g2_1030.tif,5148,58,0.2135,21.35,0.4706,0,2.825
india,g2_1030.tif,5149,52,0.1914,19.14,0.1503,0,2.825
india,g2_1030.tif,5150,51,0.1877,18.77,0.3304,0,3.034
india,g2_1030.tif,5151,92,0.3387,33.87,0.6364,1,4.82
india,g2_1043.tif,5212,126,0.4638,46.38,0.27,0,5.928
india,g2_1043.tif,5213,120,0.4418,44.18,0.75,1,5.581
india,g2_1043.tif,5214,119,0.4381,43.81,0.4435,0,5.461
india,g2_1043.tif,5215,138,0.508,50.8,0.3168,0,5.928
india,g2_1043.tif,5216,129,0.4749,47.49,0.4305,0,5.581
india,g2_1053.tif,5262,169,0.6221,62.21,0.6337,1,7.163
india,g2_1053.tif,5263,176,0.6479,64.79,0.3386,0,3.768
india,g2_1053.tif,5264,157,0.578,57.8,0.7526,1,5.928
india,g2_1053.tif,5265,127,0.4675,46.75,0.3846,0,3.768
india,g2_1053.tif,5266,176,0.6479,64.79,0.2491,0,3.231
india,g2_1056.tif,5277,48,0.1767,17.67,0.2184,0,3.231
india,g2_1056.tif,5278,13,0.0479,4.79,0.1304,0,1.82
india,g2_1056.tif,5279,21,0.0773,7.73,0.2388,0,1.82
india,g2_1056.tif,5280,27,0.0994,9.94,0.2243,0,2.107
india,g2_1056.tif,5281,28,0.1031,10.31,0.3077,0,1.82
india,g2_1060.tif,5297,62,0.2282,22.82,0.5,1,4.247
india,g2_1060.tif,5298,64,0.2356,23.56,0.4937,0,3.231
india,g2_1060.tif,5299,94,0.346,34.6,0.5042,1,4.247
india,g2_1060.tif,5300,63,0.2319,23.19,0.7222,1,3.231
india,g2_1060.tif,5301,79,0.2908,29.08,0.6596,1,4.397
india,g2_1062.tif,5307,761,2.8015,280.15,0.2126,0,14.056
india,g2_1062.tif,5308,569,2.0946,209.46,0.4859,0,11.528
india,g2_1062.tif,5309,716,2.6358,263.58,0.2789,0,12.741
india,g2_1062.tif,5310,98,0.3608,36.08,0.4571,0,3.231
india,g2_1062.tif,5311,484,1.7817,178.17,0.219,0,10.247
india,g2_1073.tif,5362,76,0.2798,27.98,0.22,0,4.397
india,g2_1073.tif,5363,61,0.2246,22.46,0.3182,0,3.768
india,g2_1073.tif,5364,77,0.2835,28.35,0.1875,0,4.247
india,g2_1073.tif,5365,67,0.2466,24.66,0.3676,0,3.231
india,g2_1073.tif,5366,79,0.2908,29.08,0.3868,0,4.397
india,g2_1090.tif,5447,437,1.6087,160.87,0.2985,0,5.928
india,g2_1090.tif,5448,298,1.097,109.7,0.3029,0,4.82
india,g2_1090.tif,5449,272,1.0013,100.13,0.359,0,4.397
india,g2_1090.tif,5450,534,1.9658,196.58,0.3564,0,9.761
india,g2_1090.tif,5451,476,1.7523,175.23,0.203,0,11.345
india,g2_1092.tif,5457,46,0.1693,16.93,0.2116,0,3.231
india,g2_1092.tif,5458,65,0.2393,23.93,0.507,1,4.247
india,g2_1092.tif,5459,55,0.2025,20.25,0.3821,0,3.231
india,g2_1092.tif,5460,59,0.2172,21.72,0.473,0,3.768
india,g2_1092.tif,5461,65,0.2393,23.93,0.4769,0,3.768
india,g2_1111.tif,5552,69,0.254,25.4,0.3217,0,4.542
india,g2_1111.tif,5553,74,0.2724,27.24,0.6265,1,4.397
india,g2_1111.tif,5554,108,0.3976,39.76,0.3571,0,5.461
india,g2_1111.tif,5555,160,0.589,58.9,0.2705,0,5.928
india,g2_1111.tif,5556,115,0.4233,42.33,0.3906,0,3.231
india,g2_1120.tif,5597,150,0.5522,55.22,0.6167,1,5.461
india,g2_1120.tif,5598,326,1.2001,120.01,0.4696,0,9.101
india,g2_1120.tif,5599,94,0.346,34.6,0.5306,1,4.247
india,g2_1120.tif,5600,65,0.2393,23.93,0.7805,1,3.034
india,g2_1120.tif,5601,67,0.2466,24.66,0.6842,1,3.034
india,g2_1145.tif,5722,57,0.2098,20.98,0.36,0,3.768
india,g2_1145.tif,5723,46,0.1693,16.93,0.4043,0,2.825
india,g2_1145.tif,5724,59,0.2172,21.72,0.416,0,3.768
india,g2_1145.tif,5725,83,0.3055,30.55,0.3491,0,3.768
india,g2_1145.tif,5726,56,0.2062,20.62,0.2857,0,3.768
india,g2_1148.tif,5737,324,1.1927,119.27,0.2963,0,9.177
india,g2_1148.tif,5738,393,1.4467,144.67,0.4739,0,8.635
india,g2_1148.tif,5739,350,1.2884,128.84,0.4548,0,10.315
india,g2_1148.tif,5740,312,1.1486,114.86,0.4399,0,6.674
india,g2_1148.tif,5741,289,1.0639,106.39,0.3275,0,4.397
india,g2_1149.tif,5742,32,0.1178,11.78,0.6923,1,2.825
india,g2_1149.tif,5743,39,0.1436,14.36,0.6098,1,3.231
india,g2_1149.tif,5744,33,0.1215,12.15,0.3625,0,2.825
india,g2_1149.tif,5745,25,0.092,9.2,0.2949,0,2.107
india,g2_1149.tif,5746,34,0.1252,12.52,0.5294,1,3.034
india,g2_1154.tif,5767,12,0.0442,4.42,0.193,0,1.82
india,g2_1154.tif,5768,18,0.0663,6.63,0.1967,0,1.82
india,g2_1154.tif,5769,24,0.0884,8.84,0.2708,0,1.82
india,g2_1154.tif,5770,23,0.0847,8.47,0.1557,0,1.82
india,g2_1154.tif,5771,22,0.081,8.1,0.1382,0,1.82
india,g2_1175.tif,5872,370,1.3621,136.21,0.2,0,10.315
india,g2_1175.tif,5873,431,1.5866,158.66,0.1926,0,11.528
india,g2_1175.tif,5874,78,0.2871,28.71,0.6279,1,4.247
india,g2_1175.tif,5875,249,0.9166,91.66,0.1977,0,4.397
india,g2_1175.tif,5876,277,1.0197,101.97,0.2491,0,9.101
india,g2_1178.tif,5887,285,1.0492,104.92,0.2828,0,7.888
india,g2_1178.tif,5888,151,0.5559,55.59,0.337,0,3.231
india,g2_1178.tif,5889,168,0.6185,61.85,0.3756,0,3.768
india,g2_1178.tif,5890,76,0.2798,27.98,0.3026,0,3.768
india,g2_1178.tif,5891,98,0.3608,36.08,0.5398,1,4.247
india,g2_1197.tif,5982,48,0.1767,17.67,0.3206,0,3.231
india,g2_1197.tif,5983,48,0.1767,17.67,0.7308,1,3.231
india,g2_1197.tif,5984,91,0.335,33.5,0.5652,1,3.034
india,g2_1197.tif,5985,64,0.2356,23.56,0.2766,0,3.768
india,g2_1197.tif,5986,35,0.1288,12.88,0.5283,1,2.825
india,g2_1198.tif,5987,37,0.1362,13.62,0.4217,0,2.107
india,g2_1198.tif,5988,43,0.1583,15.83,0.3333,0,2.825
india,g2_1198.tif,5989,48,0.1767,17.67,0.1678,0,2.825
india,g2_1198.tif,5990,96,0.3534,35.34,0.4527,0,4.397
india,g2_1198.tif,5991,40,0.1473,14.73,0.1915,0,2.825
india,g2_1201.tif,6002,39,0.1436,14.36,0.2857,0,3.034
india,g2_1201.tif,6003,35,0.1288,12.88,0.2791,0,3.034
india,g2_1201.tif,6004,60,0.2209,22.09,0.4714,0,3.231
india,g2_1201.tif,6005,106,0.3902,39.02,0.7778,1,5.461
india,g2_1201.tif,6006,38,0.1399,13.99,0.4487,0,3.034
india,g2_1206.tif,6027,125,0.4602,46.02,0.5156,1,5.461
india,g2_1206.tif,6028,49,0.1804,18.04,0.125,0,3.231
india,g2_1206.tif,6029,79,0.2908,29.08,0.6782,1,4.542
india,g2_1206.tif,6030,69,0.254,25.4,0.3514,0,2.825
india,g2_1206.tif,6031,131,0.4822,48.22,0.1733,0,3.768
india,g2_1207.tif,6032,96,0.3534,35.34,0.729,1,4.247
india,g2_1207.tif,6033,112,0.4123,41.23,0.7886,1,4.247
india,g2_1207.tif,6034,297,1.0933,109.33,0.3528,0,10.315
india,g2_1207.tif,6035,309,1.1375,113.75,0.3269,0,9.101
india,g2_1207.tif,6036,338,1.2443,124.43,0.8086,1,10.315
india,g2_1211.tif,6052,185,0.681,68.1,0.412,0,6.469
india,g2_1211.tif,6053,305,1.1228,112.28,0.4434,0,8.227
india,g2_1211.tif,6054,145,0.5338,53.38,0.5121,1,6.469
india,g2_1211.tif,6055,77,0.2835,28.35,0.4636,0,4.247
india,g2_1211.tif,6056,282,1.0381,103.81,0.303,0,7.888
india,g2_1217.tif,6082,237,0.8725,87.25,0.3735,0,4.247
india,g2_1217.tif,6083,244,0.8982,89.82,0.355,0,4.247
india,g2_1217.tif,6084,93,0.3424,34.24,0.6218,1,1.82
india,g2_1217.tif,6085,271,0.9976,99.76,0.221,0,6.469
india,g2_1217.tif,6086,269,0.9903,99.03,0.4301,0,5.581
india,g2_1233.tif,6162,378,1.3915,139.15,0.3689,0,7.974
india,g2_1233.tif,6163,101,0.3718,37.18,0.4035,0,4.247
india,g2_1233.tif,6164,166,0.6111,61.11,0.3404,0,4.397
india,g2_1233.tif,6165,309,1.1375,113.75,0.6479,1,7.888
india,g2_1233.tif,6166,400,1.4725,147.25,0.3913,0,7.888
india,g2_1241.tif,6202,138,0.508,50.8,0.4057,0,4.397
india,g2_1241.tif,6203,148,0.5448,54.48,0.4437,0,5.461
india,g2_1241.tif,6204,79,0.2908,29.08,0.2973,0,4.247
india,g2_1241.tif,6205,122,0.4491,44.91,0.4184,0,3.231
india,g2_1241.tif,6206,81,0.2982,29.82,0.6991,1,4.397
india,g2_1252.tif,6257,112,0.4123,41.23,0.359,0,5.461
india,g2_1252.tif,6258,147,0.5411,54.11,0.2727,0,4.397
india,g2_1252.tif,6259,79,0.2908,29.08,0.2316,0,3.231
india,g2_1252.tif,6260,51,0.1877,18.77,0.4615,0,3.231
india,g2_1252.tif,6261,70,0.2577,25.77,0.4714,0,3.231
india,g2_1264.tif,6317,44,0.162,16.2,0.2946,0,3.034
india,g2_1264.tif,6318,31,0.1141,11.41,0.1053,0,1.82
india,g2_1264.tif,6319,79,0.2908,29.08,0.1366,0,2.107
india,g2_1264.tif,6320,68,0.2503,25.03,0.1875,0,1.82
india,g2_1264.tif,6321,67,0.2466,24.66,0.23,0,1.82
india,g2_1265.tif,6322,118,0.4344,43.44,0.6412,1,6.258
india,g2_1265.tif,6323,74,0.2724,27.24,0.451,0,3.768
india,g2_1265.tif,6324,169,0.6221,62.21,0.2011,0,5.928
india,g2_1265.tif,6325,99,0.3644,36.44,0.5,1,5.461
india,g2_1265.tif,6326,131,0.4822,48.22,0.4478,0,6.258
india,g2_1268.tif,6337,107,0.3939,39.39,0.6336,1,4.82
india,g2_1268.tif,6338,110,0.4049,40.49,0.3846,0,4.397
india,g2_1268.tif,6339,131,0.4822,48.22,0.2901,0,5.461
india,g2_1268.tif,6340,112,0.4123,41.23,0.6583,1,4.397
india,g2_1268.tif,6341,97,0.3571,35.71,0.3711,0,3.768
india,g2_1274.tif,6367,737,2.7131,271.31,0.1876,0,14.206
india,g2_1274.tif,6368,88,0.324,32.4,0.2033,0,4.397
india,g2_1274.tif,6369,564,2.0762,207.62,0.2704,0,10.315
india,g2_1274.tif,6370,988,3.6371,363.71,0.1184,0,17.595
india,g2_1274.tif,6371,492,1.8112,181.12,0.3638,0,11.406
india,g2_1287.tif,6432,158,0.5816,58.16,0.2213,0,4.397
india,g2_1287.tif,6433,318,1.1706,117.06,0.3868,0,9.69
india,g2_1287.tif,6434,53,0.1951,19.51,0.3086,0,3.768
india,g2_1287.tif,6435,167,0.6148,61.48,0.5163,1,5.461
india,g2_1287.tif,6436,398,1.4651,146.51,0.6674,1,9.177
india,g2_1290.tif,6447,143,0.5264,52.64,0.5223,1,5.928
india,g2_1290.tif,6448,481,1.7707,177.07,0.3099,0,10.247
india,g2_1290.tif,6449,248,0.913,91.3,0.5569,1,8.227
india,g2_1290.tif,6450,599,2.2051,220.51,0.2604,0,9.4
india,g2_1290.tif,6451,1357,4.9955,499.55,0.1341,0,20.022
india,g2_1293.tif,6462,163,0.6,60.0,0.7403,1,6.775
india,g2_1293.tif,6463,163,0.6,60.0,0.7754,1,6.674
india,g2_1293.tif,6464,91,0.335,33.5,0.6636,1,4.397
india,g2_1293.tif,6465,172,0.6332,63.32,0.7539,1,6.775
india,g2_1293.tif,6466,85,0.3129,31.29,0.7128,1,4.397
india,g2_1299.tif,6492,255,0.9387,93.87,0.349,0,7.533
india,g2_1299.tif,6493,84,0.3092,30.92,0.4503,0,4.247
india,g2_1299.tif,6494,64,0.2356,23.56,0.3916,0,3.231
india,g2_1299.tif,6495,536,1.9732,197.32,0.1493,0,10.841
india,g2_1299.tif,6496,115,0.4233,42.33,0.4609,0,5.928
india,g2_1300.tif,6497,14,0.0515,5.15,0.0514,0,1.82
india,g2_1300.tif,6498,15,0.0552,5.52,0.0595,0,1.82
india,g2_1300.tif,6499,26,0.0957,9.57,0.0692,0,1.82
india,g2_1300.tif,6500,23,0.0847,8.47,0.0913,0,1.82
india,g2_1300.tif,6501,25,0.092,9.2,0.0992,0,1.82
india,g2_1305.tif,6522,417,1.5351,153.51,0.4965,0,9.177
india,g2_1305.tif,6523,825,3.0371,303.71,0.1782,0,13.597
india,g2_1305.tif,6524,86,0.3166,31.66,0.3932,0,4.247
india,g2_1305.tif,6525,240,0.8835,88.35,0.2731,0,5.581
india,g2_1305.tif,6526,96,0.3534,35.34,0.4144,0,4.542
india,g2_1307.tif,6532,265,0.9755,97.55,0.2226,0,6.775
india,g2_1307.tif,6533,136,0.5007,50.07,0.6828,1,5.461
india,g2_1307.tif,6534,74,0.2724,27.24,0.5476,1,3.231
india,g2_1307.tif,6535,81,0.2982,29.82,0.6019,1,4.247
india,g2_1307.tif,6536,260,0.9571,95.71,0.6115,1,5.928
india,g2_1309.tif,6542,142,0.5227,52.27,0.7516,1,5.461
india,g2_1309.tif,6543,64,0.2356,23.56,0.3592,0,3.231
india,g2_1309.tif,6544,248,0.913,91.3,0.3459,0,6.469
india,g2_1309.tif,6545,163,0.6,60.0,0.5314,1,6.469
india,g2_1309.tif,6546,414,1.5241,152.41,0.6134,1,11.345
india,g2_1310.tif,6547,17,0.0626,6.26,0.0802,0,1.82
india,g2_1310.tif,6548,17,0.0626,6.26,0.0802,0,1.82
india,g2_1310.tif,6549,17,0.0626,6.26,0.0682,0,1.82
india,g2_1310.tif,6550,17,0.0626,6.26,0.0802,0,1.82
india,g2_1310.tif,6551,20,0.0736,7.36,0.1613,0,1.82
india,g2_1321.tif,6602,274,1.0087,100.87,0.2714,0,6.674
india,g2_1321.tif,6603,368,1.3547,135.47,0.3807,0,9.4
india,g2_1321.tif,6604,423,1.5572,155.72,0.4539,0,9.101
india,g2_1321.tif,6605,262,0.9645,96.45,0.6905,1,9.101
india,g2_1321.tif,6606,361,1.3289,132.89,0.2022,0,8.227
india,g2_1330.tif,6647,39,0.1436,14.36,0.1345,0,2.825
india,g2_1330.tif,6648,72,0.2651,26.51,0.5035,1,4.247
india,g2_1330.tif,6649,67,0.2466,24.66,0.2069,0,3.768
india,g2_1330.tif,6650,106,0.3902,39.02,0.6917,1,4.82
india,g2_1330.tif,6651,96,0.3534,35.34,0.6034,1,4.82
india,g2_1340.tif,6697,102,0.3755,37.55,0.6325,1,5.461
india,g2_1340.tif,6698,314,1.1559,115.59,0.3817,0,5.928
india,g2_1340.tif,6699,181,0.6663,66.63,0.4355,0,7.068
india,g2_1340.tif,6700,119,0.4381,43.81,0.7847,1,5.461
india,g2_1340.tif,6701,255,0.9387,93.87,0.476,0,7.888
india,g2_1346.tif,6727,254,0.935,93.5,0.8,1,7.533
india,g2_1346.tif,6728,457,1.6823,168.23,0.3117,0,7.533
india,g2_1346.tif,6729,462,1.7008,170.08,0.1877,0,11.887
india,g2_1346.tif,6730,310,1.1412,114.12,0.2733,0,9.761
india,g2_1346.tif,6731,582,2.1425,214.25,0.2304,0,11.345
india,g2_1348.tif,6737,88,0.324,32.4,0.6421,1,3.231
india,g2_1348.tif,6738,85,0.3129,31.29,0.4277,0,4.247
india,g2_1348.tif,6739,83,0.3055,30.55,0.4327,0,4.247
india,g2_1348.tif,6740,76,0.2798,27.98,0.7363,1,4.247
india,g2_1348.tif,6741,69,0.254,25.4,0.3803,0,3.768
india,g2_1352.tif,6757,222,0.8172,81.72,0.504,1,6.469
india,g2_1352.tif,6758,221,0.8136,81.36,0.2991,0,6.469
india,g2_1352.tif,6759,224,0.8246,82.46,0.4758,0,6.469
india,g2_1352.tif,6760,228,0.8393,83.93,0.4934,0,7.974
india,g2_1352.tif,6761,40,0.1473,14.73,0.5102,1,3.231
india,g2_1364.tif,6817,89,0.3276,32.76,0.6418,1,4.82
india,g2_1364.tif,6818,40,0.1473,14.73,0.7,1,2.107
india,g2_1364.tif,6819,45,0.1657,16.57,0.2536,0,2.825
india,g2_1364.tif,6820,36,0.1325,13.25,0.4211,0,3.034
india,g2_1364.tif,6821,71,0.2614,26.14,0.5167,1,4.397
india,g2_1368.tif,6837,49,0.1804,18.04,0.1508,0,2.825
india,g2_1368.tif,6838,67,0.2466,24.66,0.1042,0,2.107
india,g2_1368.tif,6839,69,0.254,25.4,0.1257,0,2.107
india,g2_1368.tif,6840,88,0.324,32.4,0.2038,0,2.107
india,g2_1368.tif,6841,68,0.2503,25.03,0.0536,0,2.107
india,g2_1374.tif,6867,40,0.1473,14.73,0.3,0,3.034
india,g2_1374.tif,6868,38,0.1399,13.99,0.1689,0,3.034
india,g2_1374.tif,6869,41,0.1509,15.09,0.1164,0,2.825
india,g2_1374.tif,6870,36,0.1325,13.25,0.1441,0,3.034
india,g2_1374.tif,6871,53,0.1951,19.51,0.2207,0,3.034
india,g2_1376.tif,6877,184,0.6774,67.74,0.2759,0,3.768
india,g2_1376.tif,6878,284,1.0455,104.55,0.339,0,6.775
india,g2_1376.tif,6879,380,1.3989,139.89,0.3479,0,7.068
india,g2_1376.tif,6880,192,0.7068,70.68,0.6471,1,5.928
india,g2_1376.tif,6881,469,1.7265,172.65,0.2516,0,10.841
india,g2_1380.tif,6897,130,0.4786,47.86,0.5682,1,6.258
india,g2_1380.tif,6898,127,0.4675,46.75,0.6541,1,5.581
india,g2_1380.tif,6899,129,0.4749,47.49,0.6054,1,6.469
india,g2_1380.tif,6900,119,0.4381,43.81,0.6429,1,5.461
india,g2_1380.tif,6901,128,0.4712,47.12,0.5312,1,6.469
india,g2_1384.tif,6917,642,2.3634,236.34,0.2523,0,15.168
india,g2_1384.tif,6918,64,0.2356,23.56,0.4561,0,3.034
india,g2_1384.tif,6919,588,2.1646,216.46,0.2488,0,9.177
india,g2_1384.tif,6920,510,1.8775,187.75,0.3294,0,11.528
india,g2_1384.tif,6921,577,2.1241,212.41,0.319,0,10.315
india,g2_1386.tif,6927,194,0.7142,71.42,0.3834,0,4.82
india,g2_1386.tif,6928,140,0.5154,51.54,0.5435,1,4.542
india,g2_1386.tif,6929,120,0.4418,44.18,0.2995,0,4.542
india,g2_1386.tif,6930,148,0.5448,54.48,0.5476,1,5.461
india,g2_1386.tif,6931,189,0.6958,69.58,0.2598,0,5.581
india,g2_1393.tif,6962,103,0.3792,37.92,0.2805,0,4.82
india,g2_1393.tif,6963,115,0.4233,42.33,0.25,0,4.82
india,g2_1393.tif,6964,71,0.2614,26.14,0.2527,0,3.231
india,g2_1393.tif,6965,86,0.3166,31.66,0.55,1,3.768
india,g2_1393.tif,6966,166,0.6111,61.11,0.3607,0,5.928
india,g2_1395.tif,6972,27,0.0994,9.94,0.2933,0,1.82
india,g2_1395.tif,6973,28,0.1031,10.31,0.2754,0,2.825
india,g2_1395.tif,6974,79,0.2908,29.08,0.3333,0,4.247
india,g2_1395.tif,6975,32,0.1178,11.78,0.2727,0,2.825
india,g2_1395.tif,6976,46,0.1693,16.93,0.1364,0,2.107
india,g2_1398.tif,6987,417,1.5351,153.51,0.4532,0,10.247
india,g2_1398.tif,6988,503,1.8517,185.17,0.1551,0,7.888
india,g2_1398.tif,6989,521,1.9179,191.79,0.3739,0,9.101
india,g2_1398.tif,6990,207,0.762,76.2,0.3671,0,5.581
india,g2_1398.tif,6991,1397,5.1427,514.27,0.1604,0,16.768
india,g2_1398.tif,6992,420,1.5461,154.61,0.2217,0,10.247
india,g2_1404.tif,7018,87,0.3203,32.03,0.202,0,3.768
india,g2_1404.tif,7019,112,0.4123,41.23,0.7522,1,4.82
india,g2_1404.tif,7020,98,0.3608,36.08,0.48,0,4.247
india,g2_1404.tif,7021,88,0.324,32.4,0.7083,1,4.247
india,g2_1404.tif,7022,88,0.324,32.4,0.6923,1,3.768
india,g2_1418.tif,7088,144,0.5301,53.01,0.6467,1,5.928
india,g2_1418.tif,7089,103,0.3792,37.92,0.6741,1,5.461
india,g2_1418.tif,7090,43,0.1583,15.83,0.5714,1,3.034
india,g2_1418.tif,7091,90,0.3313,33.13,0.4444,0,4.397
india,g2_1418.tif,7092,78,0.2871,28.71,0.4775,0,4.542
india,g2_1433.tif,7163,94,0.346,34.6,0.244,0,3.034
india,g2_1433.tif,7164,97,0.3571,35.71,0.4324,0,3.231
india,g2_1433.tif,7165,96,0.3534,35.34,0.3694,0,4.247
india,g2_1433.tif,7166,75,0.2761,27.61,0.1484,0,3.034
india,g2_1433.tif,7167,142,0.5227,52.27,0.2545,0,4.247
india,g2_1439.tif,7193,83,0.3055,30.55,0.4659,0,4.542
india,g2_1439.tif,7194,62,0.2282,22.82,0.4868,0,3.768
india,g2_1439.tif,7195,78,0.2871,28.71,0.6531,1,3.768
india,g2_1439.tif,7196,50,0.1841,18.41,0.3232,0,3.231
india,g2_1439.tif,7197,72,0.2651,26.51,0.5588,1,3.231
india,g2_1451.tif,7253,116,0.427,42.7,0.6288,1,4.397
india,g2_1451.tif,7254,111,0.4086,40.86,0.4298,0,4.542
india,g2_1451.tif,7255,55,0.2025,20.25,0.2623,0,3.034
india,g2_1451.tif,7256,131,0.4822,48.22,0.2792,0,5.928
india,g2_1451.tif,7257,154,0.5669,56.69,0.4783,0,6.674
india,g2_1467.tif,7333,62,0.2282,22.82,0.3985,0,3.231
india,g2_1467.tif,7334,61,0.2246,22.46,0.6119,1,3.768
india,g2_1467.tif,7335,161,0.5927,59.27,0.3602,0,4.397
india,g2_1467.tif,7336,111,0.4086,40.86,0.3607,0,4.397
india,g2_1467.tif,7337,74,0.2724,27.24,0.7528,1,4.397
india,g2_1471.tif,7353,42,0.1546,15.46,0.1512,0,3.034
india,g2_1471.tif,7354,47,0.173,17.3,0.1194,0,3.768
india,g2_1471.tif,7355,48,0.1767,17.67,0.2314,0,3.034
india,g2_1471.tif,7356,38,0.1399,13.99,0.3495,0,3.034
india,g2_1471.tif,7357,43,0.1583,15.83,0.4,0,3.034
india,g2_1474.tif,7368,62,0.2282,22.82,0.2737,0,3.768
india,g2_1474.tif,7369,65,0.2393,23.93,0.5631,1,4.247
india,g2_1474.tif,7370,61,0.2246,22.46,0.4167,0,3.231
india,g2_1474.tif,7371,45,0.1657,16.57,0.431,0,2.825
india,g2_1474.tif,7372,58,0.2135,21.35,0.18,0,3.231
india,g2_1475.tif,7373,314,1.1559,115.59,0.2784,0,6.775
india,g2_1475.tif,7374,301,1.1081,110.81,0.3823,0,6.674
india,g2_1475.tif,7375,424,1.5609,156.09,0.4142,0,6.674
india,g2_1475.tif,7376,427,1.5719,157.19,0.4333,0,6.775
india,g2_1475.tif,7377,312,1.1486,114.86,0.2862,0,7.068
india,g2_1478.tif,7388,87,0.3203,32.03,0.6667,1,4.82
india,g2_1478.tif,7389,70,0.2577,25.77,0.7083,1,3.768
india,g2_1478.tif,7390,35,0.1288,12.88,0.2759,0,2.825
india,g2_1478.tif,7391,59,0.2172,21.72,0.5735,1,3.768
india,g2_1478.tif,7392,24,0.0884,8.84,0.5217,1,2.107
india,g2_1488.tif,7438,103,0.3792,37.92,0.4579,0,5.461
india,g2_1488.tif,7439,98,0.3608,36.08,0.3846,0,5.461
india,g2_1488.tif,7440,176,0.6479,64.79,0.5,1,6.775
india,g2_1488.tif,7441,100,0.3681,36.81,0.5545,1,3.034
india,g2_1488.tif,7442,166,0.6111,61.11,0.5825,1,6.469
india,g2_1500.tif,7498,21,0.0773,7.73,0.2273,0,2.107
india,g2_1500.tif,7499,72,0.2651,26.51,0.5765,1,4.397
india,g2_1500.tif,7500,47,0.173,17.3,0.3962,0,3.231
india,g2_1500.tif,7501,52,0.1914,19.14,0.4237,0,3.768
india,g2_1500.tif,7502,395,1.4541,145.41,0.239,0,9.4
india,g2_1511.tif,7553,320,1.178,117.8,0.5378,1,7.888
india,g2_1511.tif,7554,712,2.6211,262.11,0.1581,0,15.168
india,g2_1511.tif,7555,545,2.0063,200.63,0.2958,0,13.229
india,g2_1511.tif,7556,1430,5.2642,526.42,0.149,0,16.382
india,g2_1511.tif,7557,557,2.0505,205.05,0.1834,0,10.247
india,g2_1516.tif,7578,24,0.0884,8.84,0.2115,0,1.82
india,g2_1516.tif,7579,26,0.0957,9.57,0.1026,0,1.82
india,g2_1516.tif,7580,25,0.092,9.2,0.3333,0,3.034
india,g2_1516.tif,7581,32,0.1178,11.78,0.5517,1,3.034
india,g2_1516.tif,7582,30,0.1104,11.04,0.2346,0,3.034
india,g2_1517.tif,7583,167,0.6148,61.48,0.3736,0,7.068
india,g2_1517.tif,7584,173,0.6369,63.69,0.4361,0,7.068
india,g2_1517.tif,7585,247,0.9093,90.93,0.2348,0,5.461
india,g2_1517.tif,7586,471,1.7339,173.39,0.3521,0,8.871
india,g2_1517.tif,7587,590,2.172,217.2,0.242,0,10.841
india,g2_1521.tif,7603,63,0.2319,23.19,0.4247,0,3.231
india,g2_1521.tif,7604,54,0.1988,19.88,0.0765,0,2.825
india,g2_1521.tif,7605,103,0.3792,37.92,0.6952,1,5.461
india,g2_1521.tif,7606,51,0.1877,18.77,0.1561,0,2.825
india,g2_1521.tif,7607,42,0.1546,15.46,0.1346,0,3.034
india,g2_1523.tif,7613,35,0.1288,12.88,0.0936,0,3.034
india,g2_1523.tif,7614,33,0.1215,12.15,0.1491,0,3.034
india,g2_1523.tif,7615,40,0.1473,14.73,0.2222,0,3.231
india,g2_1523.tif,7616,29,0.1068,10.68,0.1173,0,2.107
india,g2_1523.tif,7617,33,0.1215,12.15,0.2171,0,2.825
india,g2_1527.tif,7633,525,1.9327,193.27,0.456,0,12.796
india,g2_1527.tif,7634,554,2.0394,203.94,0.2599,0,7.888
india,g2_1527.tif,7635,441,1.6234,162.34,0.2516,0,11.768
india,g2_1527.tif,7636,513,1.8885,188.85,0.3916,0,12.463
india,g2_1527.tif,7637,133,0.4896,48.96,0.3582,0,4.247
india,g2_1535.tif,7673,56,0.2062,20.62,0.1875,0,4.247
india,g2_1535.tif,7674,52,0.1914,19.14,0.4353,0,3.034
india,g2_1535.tif,7675,173,0.6369,63.69,0.2657,0,6.674
india,g2_1535.tif,7676,89,0.3276,32.76,0.3885,0,5.461
india,g2_1535.tif,7677,58,0.2135,21.35,0.3947,0,3.034
india,g2_1538.tif,7688,209,0.7694,76.94,0.2058,0,5.461
india,g2_1538.tif,7689,208,0.7657,76.57,0.2566,0,4.82
india,g2_1538.tif,7690,210,0.7731,77.31,0.319,0,4.82
india,g2_1538.tif,7691,137,0.5043,50.43,0.6049,1,4.247
india,g2_1538.tif,7692,164,0.6037,60.37,0.2485,0,5.461
india,g2_1554.tif,7768,66,0.243,24.3,0.5584,1,4.247
india,g2_1554.tif,7769,48,0.1767,17.67,0.3165,0,3.034
india,g2_1554.tif,7770,67,0.2466,24.66,0.4815,0,4.247
india,g2_1554.tif,7771,33,0.1215,12.15,0.1667,0,3.034
india,g2_1554.tif,7772,101,0.3718,37.18,0.6777,1,5.461
india,g2_1557.tif,7783,22,0.081,8.1,0.2264,0,2.107
india,g2_1557.tif,7784,41,0.1509,15.09,0.5556,1,2.107
india,g2_1557.tif,7785,70,0.2577,25.77,0.7632,1,3.768
india,g2_1557.tif,7786,48,0.1767,17.67,0.2123,0,3.034
india,g2_1557.tif,7787,59,0.2172,21.72,0.1489,0,3.231
india,g2_1568.tif,7838,47,0.173,17.3,0.6182,1,3.231
india,g2_1568.tif,7839,42,0.1546,15.46,0.6094,1,3.034
india,g2_1568.tif,7840,51,0.1877,18.77,0.1562,0,3.768
india,g2_1568.tif,7841,38,0.1399,13.99,0.5,1,3.034
india,g2_1568.tif,7842,44,0.162,16.2,0.088,0,3.034
india,g2_1602.tif,8008,28,0.1031,10.31,0.2131,0,2.107
india,g2_1602.tif,8009,27,0.0994,9.94,0.2373,0,2.107
india,g2_1602.tif,8010,67,0.2466,24.66,0.2985,0,3.034
india,g2_1602.tif,8011,91,0.335,33.5,0.3526,0,4.397
india,g2_1602.tif,8012,66,0.243,24.3,0.5269,1,3.231
india,g2_1604.tif,8018,28,0.1031,10.31,0.2078,0,3.034
india,g2_1604.tif,8019,15,0.0552,5.52,0.1594,0,1.82
india,g2_1604.tif,8020,15,0.0552,5.52,0.163,0,1.82
india,g2_1604.tif,8021,24,0.0884,8.84,0.1959,0,2.825
india,g2_1604.tif,8022,42,0.1546,15.46,0.325,0,3.034
india,g2_1614.tif,8068,131,0.4822,48.22,0.3515,0,4.247
india,g2_1614.tif,8069,101,0.3718,37.18,0.3641,0,4.247
india,g2_1614.tif,8070,84,0.3092,30.92,0.4138,0,3.768
india,g2_1614.tif,8071,147,0.5411,54.11,0.3625,0,4.247
india,g2_1614.tif,8072,148,0.5448,54.48,0.4942,0,5.461
india,g2_1626.tif,8128,66,0.243,24.3,0.5072,1,4.247
india,g2_1626.tif,8129,22,0.081,8.1,0.0982,0,1.82
india,g2_1626.tif,8130,26,0.0957,9.57,0.1161,0,1.82
india,g2_1626.tif,8131,47,0.173,17.3,0.1783,0,3.034
india,g2_1626.tif,8132,104,0.3829,38.29,0.3391,0,3.768
india,g2_1638.tif,8188,24,0.0884,8.84,0.1202,0,1.82
india,g2_1638.tif,8189,63,0.2319,23.19,0.4921,0,4.247
india,g2_1638.tif,8190,132,0.4859,48.59,0.6828,1,6.674
india,g2_1638.tif,8191,69,0.254,25.4,0.4085,0,3.034
india,g2_1638.tif,8192,126,0.4638,46.38,0.7063,1,5.461
india,g2_1646.tif,8228,17,0.0626,6.26,0.0628,0,1.82
india,g2_1646.tif,8229,45,0.1657,16.57,0.4468,0,3.034
india,g2_1646.tif,8230,14,0.0515,5.15,0.0673,0,1.82
india,g2_1646.tif,8231,21,0.0773,7.73,0.18,0,2.107
india,g2_1646.tif,8232,22,0.081,8.1,0.2407,0,1.82
india,g2_1659.tif,8293,265,0.9755,97.55,0.8796,1,7.888
india,g2_1659.tif,8294,68,0.2503,25.03,0.6341,1,3.768
india,g2_1659.tif,8295,76,0.2798,27.98,0.6372,1,3.768
india,g2_1659.tif,8296,77,0.2835,28.35,0.3191,0,4.397
india,g2_1659.tif,8297,76,0.2798,27.98,0.3722,0,4.247
india,g2_1670.tif,8348,272,1.0013,100.13,0.431,0,8.871
india,g2_1670.tif,8349,219,0.8062,80.62,0.3973,0,7.974
india,g2_1670.tif,8350,255,0.9387,93.87,0.2441,0,4.542
india,g2_1670.tif,8351,121,0.4454,44.54,0.2684,0,5.461
india,g2_1670.tif,8352,183,0.6737,67.37,0.4032,0,5.928
india,g2_1674.tif,8368,91,0.335,33.5,0.78,1,4.82
india,g2_1674.tif,8369,157,0.578,57.8,0.2229,0,4.247
india,g2_1674.tif,8370,91,0.335,33.5,0.7706,1,4.397
india,g2_1674.tif,8371,247,0.9093,90.93,0.6104,1,8.635
india,g2_1674.tif,8372,244,0.8982,89.82,0.7092,1,8.227
india,g2_1676.tif,8379,33,0.1215,12.15,0.4366,0,2.825
india,g2_1676.tif,8380,52,0.1914,19.14,0.3012,0,3.034
india,g2_1676.tif,8381,56,0.2062,20.62,0.4271,0,2.825
india,g2_1676.tif,8382,58,0.2135,21.35,0.1624,0,2.107
india,g2_1681.tif,8403,188,0.6921,69.21,0.3333,0,6.469
india,g2_1681.tif,8404,231,0.8504,85.04,0.4915,0,8.144
india,g2_1681.tif,8405,200,0.7363,73.63,0.41,0,7.068
india,g2_1681.tif,8406,698,2.5695,256.95,0.1657,0,12.96
india,g2_1681.tif,8407,308,1.1338,113.38,0.2871,0,8.144
india,g2_1688.tif,8438,853,3.1401,314.01,0.1725,0,15.583
india,g2_1688.tif,8439,340,1.2516,125.16,0.3294,0,10.247
india,g2_1688.tif,8440,1853,6.8214,682.14,0.0712,0,22.735
india,g2_1688.tif,8441,867,3.1917,319.17,0.1596,0,12.96
india,g2_1688.tif,8442,1561,5.7465,574.65,0.1147,0,15.898
india,g2_1689.tif,8443,118,0.4344,43.44,0.4904,0,4.542
india,g2_1689.tif,8444,42,0.1546,15.46,0.0551,0,2.825
india,g2_1689.tif,8445,129,0.4749,47.49,0.2632,0,4.82
india,g2_1689.tif,8446,27,0.0994,9.94,0.1232,0,2.825
india,g2_1689.tif,8447,35,0.1288,12.88,0.5636,1,2.107
india,g2_1695.tif,8473,109,0.4013,40.13,0.5462,1,5.461
india,g2_1695.tif,8474,316,1.1633,116.33,0.2448,0,7.533
india,g2_1695.tif,8475,235,0.8651,86.51,0.2862,0,5.461
india,g2_1695.tif,8476,349,1.2848,128.48,0.2006,0,9.177
india,g2_1695.tif,8477,177,0.6516,65.16,0.4078,0,4.82
india,g2_1699.tif,8493,72,0.2651,26.51,0.5538,1,4.247
india,g2_1699.tif,8494,153,0.5632,56.32,0.8323,1,5.461
india,g2_1699.tif,8495,408,1.502,150.2,0.3089,0,5.461
india,g2_1699.tif,8496,92,0.3387,33.87,0.1684,0,5.461
india,g2_1699.tif,8497,664,2.4444,244.44,0.3651,0,9.101
india,g2_1700.tif,8498,232,0.8541,85.41,0.2958,0,6.674
india,g2_1700.tif,8499,471,1.7339,173.39,0.1992,0,10.315
india,g2_1700.tif,8500,209,0.7694,76.94,0.3619,0,7.888
india,g2_1700.tif,8501,228,0.8393,83.93,0.3482,0,7.888
india,g2_1700.tif,8502,242,0.8909,89.09,0.4403,0,9.101
india,g2_1707.tif,8533,95,0.3497,34.97,0.4,0,4.82
india,g2_1707.tif,8534,71,0.2614,26.14,0.3373,0,4.247
india,g2_1707.tif,8535,89,0.3276,32.76,0.4731,0,4.397
india,g2_1707.tif,8536,33,0.1215,12.15,0.3378,0,3.034
india,g2_1707.tif,8537,35,0.1288,12.88,0.4225,0,3.034
india,g2_1722.tif,8608,125,0.4602,46.02,0.6301,1,5.928
india,g2_1722.tif,8609,115,0.4233,42.33,0.4754,0,4.82
india,g2_1722.tif,8610,120,0.4418,44.18,0.4524,0,5.461
india,g2_1722.tif,8611,139,0.5117,51.17,0.3028,0,5.461
india,g2_1722.tif,8612,155,0.5706,57.06,0.575,1,6.258
india,g2_1733.tif,8663,733,2.6984,269.84,0.2967,0,11.768
india,g2_1733.tif,8664,131,0.4822,48.22,0.2359,0,5.461
india,g2_1733.tif,8665,473,1.7412,174.12,0.2029,0,11.528
india,g2_1733.tif,8666,959,3.5303,353.03,0.1919,0,10.581
india,g2_1733.tif,8667,147,0.5411,54.11,0.3401,0,5.928
india,g2_1737.tif,8683,55,0.2025,20.25,0.245,0,3.768
india,g2_1737.tif,8684,61,0.2246,22.46,0.1591,0,2.107
india,g2_1737.tif,8685,69,0.254,25.4,0.5747,1,3.034
india,g2_1737.tif,8686,64,0.2356,23.56,0.4393,0,3.231
india,g2_1737.tif,8687,77,0.2835,28.35,0.315,0,3.768
india,g2_1752.tif,8758,65,0.2393,23.93,0.3714,0,3.034
india,g2_1752.tif,8759,58,0.2135,21.35,0.5571,1,3.034
india,g2_1752.tif,8760,67,0.2466,24.66,0.2652,0,3.034
india,g2_1752.tif,8761,59,0.2172,21.72,0.2459,0,3.034
india,g2_1752.tif,8762,93,0.3424,34.24,0.3507,0,4.82
india,g2_1759.tif,8793,52,0.1914,19.14,0.1549,0,2.107
india,g2_1759.tif,8794,46,0.1693,16.93,0.0778,0,2.107
india,g2_1759.tif,8795,54,0.1988,19.88,0.1394,0,2.107
india,g2_1759.tif,8796,46,0.1693,16.93,0.3103,0,2.107
india,g2_1759.tif,8797,107,0.3939,39.39,0.2714,0,3.768
india,g2_1766.tif,8828,93,0.3424,34.24,0.3525,0,3.768
india,g2_1766.tif,8829,67,0.2466,24.66,0.2367,0,3.231
india,g2_1766.tif,8830,83,0.3055,30.55,0.3563,0,2.825
india,g2_1766.tif,8831,124,0.4565,45.65,0.3814,0,4.542
india,g2_1766.tif,8832,77,0.2835,28.35,0.3372,0,2.825
india,g2_1769.tif,8843,65,0.2393,23.93,0.7887,1,3.768
india,g2_1769.tif,8844,91,0.335,33.5,0.5,1,3.768
india,g2_1769.tif,8845,70,0.2577,25.77,0.4597,0,3.768
india,g2_1769.tif,8846,96,0.3534,35.34,0.4597,0,3.768
india,g2_1769.tif,8847,113,0.416,41.6,0.4078,0,4.397
india,g2_1771.tif,8853,392,1.4431,144.31,0.335,0,7.888
india,g2_1771.tif,8854,202,0.7436,74.36,0.2621,0,6.674
india,g2_1771.tif,8855,160,0.589,58.9,0.4633,0,5.581
india,g2_1771.tif,8856,327,1.2038,120.38,0.1777,0,9.177
india,g2_1771.tif,8857,133,0.4896,48.96,0.2215,0,4.247
india,g2_1800.tif,8998,173,0.6369,63.69,0.4731,0,6.469
india,g2_1800.tif,8999,122,0.4491,44.91,0.8148,1,5.461
india,g2_1800.tif,9000,101,0.3718,37.18,0.6149,1,4.82
india,g2_1800.tif,9001,64,0.2356,23.56,0.6957,1,3.768
india,g2_1800.tif,9002,77,0.2835,28.35,0.2973,0,3.231
india,g2_1823.tif,9113,568,2.091,209.1,0.1923,0,11.528
india,g2_1823.tif,9114,239,0.8798,87.98,0.8083,1,7.533
india,g2_1823.tif,9115,411,1.513,151.3,0.2457,0,11.528
india,g2_1823.tif,9116,130,0.4786,47.86,0.7799,1,5.461
india,g2_1823.tif,9117,455,1.675,167.5,0.4706,0,11.528
india,g2_1844.tif,9218,37,0.1362,13.62,0.0656,0,3.034
india,g2_1844.tif,9219,39,0.1436,14.36,0.2612,0,3.034
india,g2_1844.tif,9220,49,0.1804,18.04,0.1733,0,4.247
india,g2_1844.tif,9221,49,0.1804,18.04,0.2182,0,4.247
india,g2_1844.tif,9222,62,0.2282,22.82,0.3427,0,4.247
india,g2_1852.tif,9258,74,0.2724,27.24,0.2623,0,3.231
india,g2_1852.tif,9259,40,0.1473,14.73,0.243,0,1.82
india,g2_1852.tif,9260,28,0.1031,10.31,0.5333,1,1.82
india,g2_1852.tif,9261,46,0.1693,16.93,0.1158,0,2.107
india,g2_1852.tif,9262,44,0.162,16.2,0.2575,0,2.107
india,g2_1856.tif,9278,24,0.0884,8.84,0.1304,0,1.82
india,g2_1856.tif,9279,8,0.0295,2.95,0.0435,0,0.607
india,g2_1856.tif,9280,11,0.0405,4.05,0.0598,0,1.82
india,g2_1856.tif,9281,12,0.0442,4.42,0.0652,0,1.82
india,g2_1856.tif,9282,21,0.0773,7.73,0.0963,0,1.82
india,g2_1867.tif,9333,275,1.0124,101.24,0.3204,0,8.227
india,g2_1867.tif,9334,73,0.2687,26.87,0.1674,0,3.231
india,g2_1867.tif,9335,142,0.5227,52.27,0.3273,0,5.928
india,g2_1867.tif,9336,141,0.5191,51.91,0.8138,1,5.581
india,g2_1867.tif,9337,542,1.9953,199.53,0.2492,0,9.69
india,g2_1878.tif,9388,125,0.4602,46.02,0.6444,1,6.258
india,g2_1878.tif,9389,130,0.4786,47.86,0.5775,1,5.461
india,g2_1878.tif,9390,137,0.5043,50.43,0.6937,1,5.461
india,g2_1878.tif,9391,48,0.1767,17.67,0.4889,0,3.231
india,g2_1878.tif,9392,29,0.1068,10.68,0.1818,0,2.825
india,g2_1881.tif,9403,59,0.2172,21.72,0.1667,0,4.397
india,g2_1881.tif,9404,109,0.4013,40.13,0.1026,0,4.397
india,g2_1881.tif,9405,57,0.2098,20.98,0.2066,0,4.247
india,g2_1881.tif,9406,121,0.4454,44.54,0.431,0,4.397
india,g2_1881.tif,9407,83,0.3055,30.55,0.6264,1,4.247
india,g2_1883.tif,9413,554,2.0394,203.94,0.2938,0,11.588
india,g2_1883.tif,9414,116,0.427,42.7,0.2216,0,3.768
india,g2_1883.tif,9415,163,0.6,60.0,0.2222,0,5.461
india,g2_1883.tif,9416,152,0.5596,55.96,0.2236,0,5.461
india,g2_1883.tif,9417,325,1.1964,119.64,0.4604,0,9.101
india,g2_1884.tif,9418,106,0.3902,39.02,0.3393,0,4.542
india,g2_1884.tif,9419,117,0.4307,43.07,0.403,0,4.82
india,g2_1884.tif,9420,137,0.5043,50.43,0.3986,0,4.82
india,g2_1884.tif,9421,249,0.9166,91.66,0.4137,0,7.974
india,g2_1884.tif,9422,119,0.4381,43.81,0.6016,1,5.461
india,g2_1889.tif,9443,184,0.6774,67.74,0.6064,1,7.068
india,g2_1889.tif,9444,39,0.1436,14.36,0.2048,0,2.107
india,g2_1889.tif,9445,24,0.0884,8.84,0.0694,0,1.109
india,g2_1889.tif,9446,52,0.1914,19.14,0.6164,1,3.034
india,g2_1889.tif,9447,338,1.2443,124.43,0.7536,1,7.068
india,g2_1898.tif,9488,549,2.021,202.1,0.4694,0,9.177
india,g2_1898.tif,9489,82,0.3019,30.19,0.61,1,5.461
india,g2_1898.tif,9490,574,2.1131,211.31,0.2396,0,12.796
india,g2_1898.tif,9491,148,0.5448,54.48,0.4219,0,4.247
india,g2_1898.tif,9492,91,0.335,33.5,0.5701,1,4.82
india,g2_1899.tif,9493,96,0.3534,35.34,0.1304,0,4.82
india,g2_1899.tif,9494,95,0.3497,34.97,0.2008,0,3.034
india,g2_1899.tif,9495,83,0.3055,30.55,0.2105,0,3.768
india,g2_1899.tif,9496,105,0.3865,38.65,0.5621,1,4.247
india,g2_1899.tif,9497,64,0.2356,23.56,0.1786,0,1.82
india,g2_1910.tif,9548,67,0.2466,24.66,0.3505,0,3.768
india,g2_1910.tif,9549,47,0.173,17.3,0.2043,0,3.034
india,g2_1910.tif,9550,42,0.1546,15.46,0.219,0,3.231
india,g2_1910.tif,9551,38,0.1399,13.99,0.1652,0,2.825
india,g2_1910.tif,9552,40,0.1473,14.73,0.1915,0,3.231
india,g2_1928.tif,9638,34,0.1252,12.52,0.0992,0,2.107
india,g2_1928.tif,9639,44,0.162,16.2,0.587,1,3.034
india,g2_1928.tif,9640,77,0.2835,28.35,0.3492,0,4.247
india,g2_1928.tif,9641,63,0.2319,23.19,0.2957,0,1.82
india,g2_1928.tif,9642,62,0.2282,22.82,0.2477,0,1.82
india,g2_1930.tif,9648,61,0.2246,22.46,0.3524,0,3.034
india,g2_1930.tif,9649,60,0.2209,22.09,0.2596,0,3.034
india,g2_1930.tif,9650,57,0.2098,20.98,0.4713,0,3.034
india,g2_1930.tif,9651,102,0.3755,37.55,0.2518,0,2.825
india,g2_1930.tif,9652,127,0.4675,46.75,0.2284,0,3.034
india,g2_1940.tif,9698,439,1.6161,161.61,0.3422,0,8.144
india,g2_1940.tif,9699,573,2.1094,210.94,0.2919,0,10.382
india,g2_1940.tif,9700,336,1.2369,123.69,0.2282,0,9.177
india,g2_1940.tif,9701,397,1.4615,146.15,0.1839,0,10.581
india,g2_1940.tif,9702,743,2.7352,273.52,0.1812,0,12.796
india,g2_1982.tif,9908,55,0.2025,20.25,0.3551,0,3.231
india,g2_1982.tif,9909,122,0.4491,44.91,0.2959,0,4.82
india,g2_1982.tif,9910,261,0.9608,96.08,0.3243,0,4.397
india,g2_1982.tif,9911,136,0.5007,50.07,0.2795,0,4.82
india,g2_1982.tif,9912,81,0.2982,29.82,0.1202,0,4.397
india,g3_0020.tif,100,38,0.1399,13.99,0.2111,0,3.034
india,g3_0020.tif,101,19,0.0699,6.99,0.0994,0,1.82
india,g3_0020.tif,102,27,0.0994,9.94,0.2286,0,1.82
india,g3_0020.tif,103,28,0.1031,10.31,0.4894,0,1.82
india,g3_0020.tif,104,37,0.1362,13.62,0.0826,0,2.825
india,g3_0079.tif,395,18,0.0663,6.63,0.0583,0,1.82
india,g3_0079.tif,396,31,0.1141,11.41,0.0932,0,2.825
india,g3_0079.tif,397,17,0.0626,6.26,0.055,0,1.82
india,g3_0079.tif,398,19,0.0699,6.99,0.0581,0,1.82
india,g3_0079.tif,399,28,0.1031,10.31,0.3962,0,2.107
india,g3_0096.tif,480,58,0.2135,21.35,0.5714,1,3.034
india,g3_0096.tif,481,63,0.2319,23.19,0.4535,0,4.247
india,g3_0096.tif,482,59,0.2172,21.72,0.402,0,4.247
india,g3_0096.tif,483,84,0.3092,30.92,0.7033,1,4.247
india,g3_0096.tif,484,64,0.2356,23.56,0.1797,0,1.82
india,g3_0119.tif,595,52,0.1914,19.14,0.5149,1,3.768
india,g3_0119.tif,596,94,0.346,34.6,0.6136,1,4.247
india,g3_0119.tif,597,106,0.3902,39.02,0.7963,1,4.397
india,g3_0119.tif,598,48,0.1767,17.67,0.2917,0,3.034
india,g3_0119.tif,599,47,0.173,17.3,0.3121,0,3.034
india,g3_0158.tif,791,35,0.1288,12.88,0.4419,0,1.82
india,g3_0158.tif,792,23,0.0847,8.47,0.0573,0,1.109
india,g3_0158.tif,793,49,0.1804,18.04,0.2715,0,2.825
india,g3_0158.tif,794,11,0.0405,4.05,0.1951,0,1.109
india,g3_0158.tif,795,23,0.0847,8.47,0.3261,0,1.82
india,g3_0284.tif,1421,66,0.243,24.3,0.422,0,3.768
india,g3_0284.tif,1422,88,0.324,32.4,0.2785,0,3.231
india,g3_0284.tif,1423,89,0.3276,32.76,0.6053,1,4.247
india,g3_0284.tif,1424,71,0.2614,26.14,0.53,1,4.542
india,g3_0284.tif,1425,71,0.2614,26.14,0.3365,0,4.397
india,g3_0312.tif,1561,51,0.1877,18.77,0.23,0,3.034
india,g3_0312.tif,1562,68,0.2503,25.03,0.3171,0,3.034
india,g3_0312.tif,1563,70,0.2577,25.77,0.3494,0,3.034
india,g3_0312.tif,1564,79,0.2908,29.08,0.3836,0,4.247
india,g3_0312.tif,1565,42,0.1546,15.46,0.3306,0,3.034
india,g3_0397.tif,1986,127,0.4675,46.75,0.5591,1,5.581
india,g3_0397.tif,1987,40,0.1473,14.73,0.42,0,3.231
india,g3_0397.tif,1988,106,0.3902,39.02,0.5563,1,5.461
india,g3_0397.tif,1989,70,0.2577,25.77,0.6267,1,3.231
india,g3_0397.tif,1990,70,0.2577,25.77,0.6053,1,3.231
india,g3_0403.tif,2016,26,0.0957,9.57,0.3115,0,2.107
india,g3_0403.tif,2017,19,0.0699,6.99,0.2346,0,1.82
india,g3_0403.tif,2018,21,0.0773,7.73,0.2712,0,1.82
india,g3_0403.tif,2019,23,0.0847,8.47,0.1183,0,1.82
india,g3_0403.tif,2020,40,0.1473,14.73,0.4756,0,2.825
india,g3_0492.tif,2461,13,0.0479,4.79,0.1594,0,1.82
india,g3_0492.tif,2462,13,0.0479,4.79,0.1111,0,1.109
india,g3_0492.tif,2463,15,0.0552,5.52,0.1452,0,1.82
india,g3_0492.tif,2464,11,0.0405,4.05,0.1964,0,1.109
india,g3_0492.tif,2465,30,0.1104,11.04,0.3231,0,2.107
india,g3_0519.tif,2596,31,0.1141,11.41,0.3333,0,2.825
india,g3_0519.tif,2597,30,0.1104,11.04,0.1103,0,2.825
india,g3_0519.tif,2598,17,0.0626,6.26,0.2258,0,1.82
india,g3_0519.tif,2599,37,0.1362,13.62,0.325,0,3.231
india,g3_0519.tif,2600,17,0.0626,6.26,0.1392,0,1.82
india,g3_0551.tif,2756,112,0.4123,41.23,0.2629,0,2.825
india,g3_0551.tif,2757,64,0.2356,23.56,0.1912,0,1.82
india,g3_0551.tif,2758,104,0.3829,38.29,0.2759,0,3.034
india,g3_0551.tif,2759,81,0.2982,29.82,0.219,0,4.247
india,g3_0551.tif,2760,52,0.1914,19.14,0.2692,0,2.825
india,g3_0583.tif,2916,28,0.1031,10.31,0.2375,0,2.107
india,g3_0583.tif,2917,28,0.1031,10.31,0.4318,0,2.107
india,g3_0583.tif,2918,51,0.1877,18.77,0.4688,0,2.107
india,g3_0583.tif,2919,55,0.2025,20.25,0.3252,0,2.107
india,g3_0583.tif,2920,60,0.2209,22.09,0.4118,0,2.825
india,g3_0610.tif,3052,28,0.1031,10.31,0.0906,0,2.107
india,g3_0610.tif,3053,22,0.081,8.1,0.0802,0,1.82
india,g3_0610.tif,3054,23,0.0847,8.47,0.0881,0,2.107
india,g3_0610.tif,3055,34,0.1252,12.52,0.126,0,2.825
india,g3_0610.tif,3056,35,0.1288,12.88,0.1341,0,3.034
india,g3_0672.tif,3362,32,0.1178,11.78,0.3962,0,2.825
india,g3_0672.tif,3363,47,0.173,17.3,0.2742,0,3.768
india,g3_0672.tif,3364,57,0.2098,20.98,0.4394,0,3.231
india,g3_0672.tif,3365,76,0.2798,27.98,0.5747,1,4.397
india,g3_0672.tif,3366,44,0.162,16.2,0.2653,0,2.825
india,g3_0688.tif,3442,23,0.0847,8.47,0.0804,0,1.82
india,g3_0688.tif,3443,30,0.1104,11.04,0.1049,0,3.034
india,g3_0688.tif,3444,20,0.0736,7.36,0.1065,0,1.82
india,g3_0688.tif,3445,16,0.0589,5.89,0.0506,0,1.82
india,g3_0688.tif,3446,12,0.0442,4.42,0.2222,0,1.82
india,g3_0713.tif,3567,39,0.1436,14.36,0.4894,0,3.034
india,g3_0713.tif,3568,61,0.2246,22.46,0.1137,0,3.768
india,g3_0713.tif,3569,41,0.1509,15.09,0.2147,0,3.034
india,g3_0713.tif,3570,32,0.1178,11.78,0.1839,0,3.034
india,g3_0713.tif,3571,16,0.0589,5.89,0.092,0,1.82
india,g3_0741.tif,3707,39,0.1436,14.36,0.1345,0,3.034
india,g3_0741.tif,3708,33,0.1215,12.15,0.1209,0,3.034
india,g3_0741.tif,3709,61,0.2246,22.46,0.4951,0,3.034
india,g3_0741.tif,3710,48,0.1767,17.67,0.1146,0,3.034
india,g3_0741.tif,3711,54,0.1988,19.88,0.0828,0,3.034
india,g3_0781.tif,3907,41,0.1509,15.09,0.4394,0,1.82
india,g3_0781.tif,3908,115,0.4233,42.33,0.319,0,5.581
india,g3_0781.tif,3909,70,0.2577,25.77,0.5844,1,4.247
india,g3_0781.tif,3910,26,0.0957,9.57,0.3133,0,1.82
india,g3_0781.tif,3911,34,0.1252,12.52,0.3929,0,2.107
india,g3_0783.tif,3917,82,0.3019,30.19,0.4961,0,4.247
india,g3_0783.tif,3918,73,0.2687,26.87,0.7237,1,4.397
india,g3_0783.tif,3919,71,0.2614,26.14,0.527,1,3.768
india,g3_0783.tif,3920,105,0.3865,38.65,0.6095,1,4.247
india,g3_0783.tif,3921,162,0.5964,59.64,0.2474,0,4.82
india,g3_0926.tif,4627,37,0.1362,13.62,0.1259,0,2.825
india,g3_0926.tif,4628,26,0.0957,9.57,0.1597,0,1.82
india,g3_0926.tif,4629,12,0.0442,4.42,0.3243,0,1.109
india,g3_0926.tif,4630,38,0.1399,13.99,0.3158,0,1.82
india,g3_0926.tif,4631,37,0.1362,13.62,0.2957,0,2.107
india,g3_0955.tif,4772,28,0.1031,10.31,0.1603,0,1.82
india,g3_0955.tif,4773,37,0.1362,13.62,0.288,0,3.034
india,g3_0955.tif,4774,35,0.1288,12.88,0.3833,0,3.034
india,g3_0955.tif,4775,67,0.2466,24.66,0.2783,0,3.034
india,g3_0955.tif,4776,104,0.3829,38.29,0.4074,0,3.034
india,g3_1003.tif,5012,35,0.1288,12.88,0.1847,0,3.034
india,g3_1003.tif,5013,22,0.081,8.1,0.3621,0,2.107
india,g3_1003.tif,5014,31,0.1141,11.41,0.128,0,2.825
india,g3_1003.tif,5015,30,0.1104,11.04,0.2727,0,2.825
india,g3_1003.tif,5016,35,0.1288,12.88,0.1789,0,2.825
india,g3_1098.tif,5487,10,0.0368,3.68,0.0746,0,1.82
india,g3_1098.tif,5488,19,0.0699,6.99,0.1418,0,2.107
india,g3_1174.tif,5867,9,0.0331,3.31,0.1837,0,1.82
india,g3_1174.tif,5868,6,0.0221,2.21,0.1224,0,0.607
india,g3_1174.tif,5869,8,0.0295,2.95,0.1176,0,1.109
india,g3_1174.tif,5870,9,0.0331,3.31,0.1011,0,1.82
india,g3_1174.tif,5871,7,0.0258,2.58,0.0787,0,0.607
india,g3_1318.tif,6587,31,0.1141,11.41,0.1179,0,2.825
india,g3_1318.tif,6588,27,0.0994,9.94,0.1383,0,2.825
india,g3_1318.tif,6589,32,0.1178,11.78,0.2174,0,3.034
india,g3_1318.tif,6590,15,0.0552,5.52,0.2885,0,1.82
india,g3_1318.tif,6591,19,0.0699,6.99,0.3148,0,1.82
india,g3_1347.tif,6732,48,0.1767,17.67,0.3394,0,3.034
india,g3_1347.tif,6733,38,0.1399,13.99,0.1435,0,1.82
india,g3_1347.tif,6734,63,0.2319,23.19,0.55,1,4.247
india,g3_1347.tif,6735,24,0.0884,8.84,0.375,0,2.825
india,g3_1347.tif,6736,64,0.2356,23.56,0.1649,0,3.034
india,g3_1351.tif,6752,44,0.162,16.2,0.2653,0,3.231
india,g3_1351.tif,6753,21,0.0773,7.73,0.1786,0,2.107
india,g3_1351.tif,6754,19,0.0699,6.99,0.2436,0,1.82
india,g3_1351.tif,6755,18,0.0663,6.63,0.425,0,1.82
india,g3_1351.tif,6756,28,0.1031,10.31,0.2152,0,2.825
india,g3_1440.tif,7198,74,0.2724,27.24,0.4359,0,3.768
india,g3_1440.tif,7199,61,0.2246,22.46,0.2976,0,3.768
india,g3_1440.tif,7200,100,0.3681,36.81,0.5089,1,4.397
india,g3_1440.tif,7201,61,0.2246,22.46,0.6567,1,2.825
india,g3_1440.tif,7202,56,0.2062,20.62,0.5932,1,3.231
india,g3_1487.tif,7433,40,0.1473,14.73,0.6441,1,2.825
india,g3_1487.tif,7434,26,0.0957,9.57,0.3594,0,1.82
india,g3_1487.tif,7435,22,0.081,8.1,0.1143,0,2.107
india,g3_1487.tif,7436,45,0.1657,16.57,0.4222,0,2.825
india,g3_1487.tif,7437,32,0.1178,11.78,0.2909,0,2.825
india,g3_1515.tif,7573,91,0.335,33.5,0.2654,0,4.247
india,g3_1515.tif,7574,95,0.3497,34.97,0.4661,0,4.247
india,g3_1515.tif,7575,136,0.5007,50.07,0.5146,1,5.461
india,g3_1515.tif,7576,32,0.1178,11.78,0.3051,0,1.82
india,g3_1515.tif,7577,37,0.1362,13.62,0.4386,0,2.107
india,g3_1748.tif,8738,48,0.1767,17.67,0.3548,0,3.034
india,g3_1748.tif,8739,34,0.1252,12.52,0.2833,0,3.034
india,g3_1748.tif,8740,41,0.1509,15.09,0.28,0,3.034
india,g3_1748.tif,8741,55,0.2025,20.25,0.3271,0,4.247
india,g3_1748.tif,8742,59,0.2172,21.72,0.2098,0,4.247
india,g3_1770.tif,8848,27,0.0994,9.94,0.5102,1,3.034
india,g3_1770.tif,8849,37,0.1362,13.62,0.2542,0,2.107
india,g3_1770.tif,8850,29,0.1068,10.68,0.3333,0,2.107
india,g3_1770.tif,8851,39,0.1436,14.36,0.3103,0,2.107
india,g3_1770.tif,8852,51,0.1877,18.77,0.1437,0,3.231
india,g3_1785.tif,8923,20,0.0736,7.36,0.096,0,2.107
india,g3_1785.tif,8924,72,0.2651,26.51,0.7326,1,4.397
india,g3_1785.tif,8925,20,0.0736,7.36,0.1383,0,1.82
india,g3_1785.tif,8926,30,0.1104,11.04,0.2188,0,2.825
india,g3_1785.tif,8927,63,0.2319,23.19,0.2174,0,3.231
india,g3_1836.tif,9178,16,0.0589,5.89,0.2222,0,1.82
india,g3_1836.tif,9179,17,0.0626,6.26,0.1915,0,1.82
india,g3_1836.tif,9180,15,0.0552,5.52,0.35,0,1.82
india,g3_1836.tif,9181,12,0.0442,4.42,0.1667,0,1.82
india,g3_1836.tif,9182,33,0.1215,12.15,0.4462,0,3.034
india,g3_1854.tif,9268,31,0.1141,11.41,0.48,0,3.034
india,g3_1854.tif,9269,39,0.1436,14.36,0.5211,1,2.107
india,g3_1854.tif,9270,20,0.0736,7.36,0.0909,0,1.82
india,g3_1854.tif,9271,34,0.1252,12.52,0.2645,0,3.034
india,g3_1854.tif,9272,21,0.0773,7.73,0.067,0,1.82
india,g3_1911.tif,9553,40,0.1473,14.73,0.45,0,3.034
india,g3_1911.tif,9554,72,0.2651,26.51,0.4667,0,4.247
india,g3_1911.tif,9555,40,0.1473,14.73,0.4773,0,3.231
india,g3_1911.tif,9556,27,0.0994,9.94,0.1029,0,3.034
india,g3_1911.tif,9557,20,0.0736,7.36,0.0667,0,1.82
india,g3_1925.tif,9623,11,0.0405,4.05,0.0588,0,1.109
india,g3_1925.tif,9624,12,0.0442,4.42,0.0741,0,1.82
india,g3_1925.tif,9625,23,0.0847,8.47,0.1915,0,1.82
india,g3_1925.tif,9627,31,0.1141,11.41,0.3647,0,2.825
india,g3_1964.tif,9818,51,0.1877,18.77,0.4545,0,3.231
india,g3_1964.tif,9819,39,0.1436,14.36,0.2406,0,3.034
india,g3_1964.tif,9820,59,0.2172,21.72,0.5165,1,3.768
india,g3_1964.tif,9821,99,0.3644,36.44,0.466,0,4.397
india,g3_1964.tif,9822,90,0.3313,33.13,0.3333,0,4.82
