variant,chip,parcel_id,width_m,best_iou,found
shipped,g0_0030.tif,150,42.52,0.0,0
shipped,g0_0030.tif,151,67.65,0.3177,0
shipped,g0_0030.tif,152,21.09,0.0,0
shipped,g0_0030.tif,153,21.09,0.0,0
shipped,g0_0030.tif,154,37.7,0.0,0
swapped,g0_0030.tif,150,42.52,0.4792,0
swapped,g0_0030.tif,151,67.65,0.4948,0
swapped,g0_0030.tif,152,21.09,0.0,0
swapped,g0_0030.tif,153,21.09,0.0,0
swapped,g0_0030.tif,154,37.7,0.0,0
a twice,g0_0030.tif,150,42.52,0.179,0
a twice,g0_0030.tif,151,67.65,0.4509,0
a twice,g0_0030.tif,152,21.09,0.0,0
a twice,g0_0030.tif,153,21.09,0.0,0
a twice,g0_0030.tif,154,37.7,0.0,0
b twice,g0_0030.tif,150,42.52,0.0,0
b twice,g0_0030.tif,151,67.65,0.0,0
b twice,g0_0030.tif,152,21.09,0.0,0
b twice,g0_0030.tif,153,21.09,0.0,0
b twice,g0_0030.tif,154,37.7,0.0,0
shipped,g0_0073.tif,365,30.3,0.4,0
shipped,g0_0073.tif,366,30.29,0.1053,0
shipped,g0_0073.tif,367,32.25,0.1034,0
shipped,g0_0073.tif,368,30.29,0.2556,0
shipped,g0_0073.tif,369,30.29,0.3359,0
swapped,g0_0073.tif,365,30.3,0.4038,0
swapped,g0_0073.tif,366,30.29,0.1379,0
swapped,g0_0073.tif,367,32.25,0.0791,0
swapped,g0_0073.tif,368,30.29,0.2206,0
swapped,g0_0073.tif,369,30.29,0.3594,0
a twice,g0_0073.tif,365,30.3,0.0,0
a twice,g0_0073.tif,366,30.29,0.0,0
a twice,g0_0073.tif,367,32.25,0.24,0
a twice,g0_0073.tif,368,30.29,0.0805,0
a twice,g0_0073.tif,369,30.29,0.2707,0
b twice,g0_0073.tif,365,30.3,0.1538,0
b twice,g0_0073.tif,366,30.29,0.0625,0
b twice,g0_0073.tif,367,32.25,0.1043,0
b twice,g0_0073.tif,368,30.29,0.1742,0
b twice,g0_0073.tif,369,30.29,0.4052,0
shipped,g0_0091.tif,455,21.02,0.0,0
shipped,g0_0091.tif,456,28.21,0.0,0
shipped,g0_0091.tif,457,28.21,0.0,0
shipped,g0_0091.tif,458,37.6,0.0,0
shipped,g0_0091.tif,459,28.21,0.0,0
swapped,g0_0091.tif,455,21.02,0.2981,0
swapped,g0_0091.tif,456,28.21,0.0,0
swapped,g0_0091.tif,457,28.21,0.0,0
swapped,g0_0091.tif,458,37.6,0.0,0
swapped,g0_0091.tif,459,28.21,0.0,0
a twice,g0_0091.tif,455,21.02,0.0,0
a twice,g0_0091.tif,456,28.21,0.0,0
a twice,g0_0091.tif,457,28.21,0.0,0
a twice,g0_0091.tif,458,37.6,0.0,0
a twice,g0_0091.tif,459,28.21,0.0,0
b twice,g0_0091.tif,455,21.02,0.0324,0
b twice,g0_0091.tif,456,28.21,0.0131,0
b twice,g0_0091.tif,457,28.21,0.0,0
b twice,g0_0091.tif,458,37.6,0.0,0
b twice,g0_0091.tif,459,28.21,0.0,0
shipped,g0_0140.tif,701,59.23,0.0,0
shipped,g0_0140.tif,702,105.7,0.0,0
shipped,g0_0140.tif,703,78.9,0.1934,0
shipped,g0_0140.tif,704,91.79,0.4772,0
shipped,g0_0140.tif,705,43.92,0.5041,1
swapped,g0_0140.tif,701,59.23,0.0,0
swapped,g0_0140.tif,702,105.7,0.2005,0
swapped,g0_0140.tif,703,78.9,0.0928,0
swapped,g0_0140.tif,704,91.79,0.1153,0
swapped,g0_0140.tif,705,43.92,0.3058,0
a twice,g0_0140.tif,701,59.23,0.5269,1
a twice,g0_0140.tif,702,105.7,0.6739,1
a twice,g0_0140.tif,703,78.9,0.3293,0
a twice,g0_0140.tif,704,91.79,0.7105,1
a twice,g0_0140.tif,705,43.92,0.5207,1
b twice,g0_0140.tif,701,59.23,0.0,0
b twice,g0_0140.tif,702,105.7,0.1916,0
b twice,g0_0140.tif,703,78.9,0.0,0
b twice,g0_0140.tif,704,91.79,0.0,0
b twice,g0_0140.tif,705,43.92,0.0,0
shipped,g0_0159.tif,796,42.15,0.0,0
shipped,g0_0159.tif,797,18.06,0.0,0
shipped,g0_0159.tif,798,42.15,0.0,0
shipped,g0_0159.tif,799,54.37,0.0,0
shipped,g0_0159.tif,800,54.37,0.2486,0
swapped,g0_0159.tif,796,42.15,0.3455,0
swapped,g0_0159.tif,797,18.06,0.0,0
swapped,g0_0159.tif,798,42.15,0.3158,0
swapped,g0_0159.tif,799,54.37,0.3111,0
swapped,g0_0159.tif,800,54.37,0.3785,0
a twice,g0_0159.tif,796,42.15,0.3636,0
a twice,g0_0159.tif,797,18.06,0.0,0
a twice,g0_0159.tif,798,42.15,0.5439,1
a twice,g0_0159.tif,799,54.37,0.2944,0
a twice,g0_0159.tif,800,54.37,0.3898,0
b twice,g0_0159.tif,796,42.15,0.0,0
b twice,g0_0159.tif,797,18.06,0.0465,0
b twice,g0_0159.tif,798,42.15,0.2203,0
b twice,g0_0159.tif,799,54.37,0.2944,0
b twice,g0_0159.tif,800,54.37,0.339,0
shipped,g0_0194.tif,971,42.16,0.6636,1
shipped,g0_0194.tif,972,42.16,0.3721,0
shipped,g0_0194.tif,973,78.31,0.4473,0
shipped,g0_0194.tif,974,30.12,0.199,0
shipped,g0_0194.tif,975,30.12,0.0,0
swapped,g0_0194.tif,971,42.16,0.6636,1
swapped,g0_0194.tif,972,42.16,0.3206,0
swapped,g0_0194.tif,973,78.31,0.1709,0
swapped,g0_0194.tif,974,30.12,0.4628,0
swapped,g0_0194.tif,975,30.12,0.1795,0
a twice,g0_0194.tif,971,42.16,0.5905,1
a twice,g0_0194.tif,972,42.16,0.2841,0
a twice,g0_0194.tif,973,78.31,0.4987,0
a twice,g0_0194.tif,974,30.12,0.1279,0
a twice,g0_0194.tif,975,30.12,0.0,0
b twice,g0_0194.tif,971,42.16,0.3636,0
b twice,g0_0194.tif,972,42.16,0.0914,0
b twice,g0_0194.tif,973,78.31,0.0,0
b twice,g0_0194.tif,974,30.12,0.2826,0
b twice,g0_0194.tif,975,30.12,0.0331,0
shipped,g0_0206.tif,1031,30.52,0.0,0
shipped,g0_0206.tif,1032,45.67,0.0,0
shipped,g0_0206.tif,1033,44.19,0.0,0
shipped,g0_0206.tif,1034,92.25,0.0,0
shipped,g0_0206.tif,1035,54.93,0.0,0
swapped,g0_0206.tif,1031,30.52,0.1423,0
swapped,g0_0206.tif,1032,45.67,0.2984,0
swapped,g0_0206.tif,1033,44.19,0.0,0
swapped,g0_0206.tif,1034,92.25,0.5741,1
swapped,g0_0206.tif,1035,54.93,0.4381,0
a twice,g0_0206.tif,1031,30.52,0.0,0
a twice,g0_0206.tif,1032,45.67,0.0,0
a twice,g0_0206.tif,1033,44.19,0.0,0
a twice,g0_0206.tif,1034,92.25,0.0,0
a twice,g0_0206.tif,1035,54.93,0.0,0
b twice,g0_0206.tif,1031,30.52,0.0385,0
b twice,g0_0206.tif,1032,45.67,0.2771,0
b twice,g0_0206.tif,1033,44.19,0.0,0
b twice,g0_0206.tif,1034,92.25,0.1481,0
b twice,g0_0206.tif,1035,54.93,0.1598,0
shipped,g0_0258.tif,1291,20.92,0.0,0
shipped,g0_0258.tif,1292,42.15,0.0,0
shipped,g0_0258.tif,1293,28.1,0.0,0
shipped,g0_0258.tif,1294,55.39,0.0,0
shipped,g0_0258.tif,1295,58.86,0.0,0
swapped,g0_0258.tif,1291,20.92,0.0,0
swapped,g0_0258.tif,1292,42.15,0.0,0
swapped,g0_0258.tif,1293,28.1,0.0,0
swapped,g0_0258.tif,1294,55.39,0.0,0
swapped,g0_0258.tif,1295,58.86,0.0,0
a twice,g0_0258.tif,1291,20.92,0.0,0
a twice,g0_0258.tif,1292,42.15,0.0,0
a twice,g0_0258.tif,1293,28.1,0.0,0
a twice,g0_0258.tif,1294,55.39,0.0,0
a twice,g0_0258.tif,1295,58.86,0.0,0
b twice,g0_0258.tif,1291,20.92,0.0,0
b twice,g0_0258.tif,1292,42.15,0.0,0
b twice,g0_0258.tif,1293,28.1,0.0,0
b twice,g0_0258.tif,1294,55.39,0.2381,0
b twice,g0_0258.tif,1295,58.86,0.123,0
shipped,g0_0259.tif,1296,81.23,0.3045,0
shipped,g0_0259.tif,1297,85.84,0.1957,0
shipped,g0_0259.tif,1298,189.15,0.0373,0
shipped,g0_0259.tif,1299,183.49,0.0485,0
shipped,g0_0259.tif,1300,128.87,0.7297,1
swapped,g0_0259.tif,1296,81.23,0.5342,1
swapped,g0_0259.tif,1297,85.84,0.2528,0
swapped,g0_0259.tif,1298,189.15,0.6699,1
swapped,g0_0259.tif,1299,183.49,0.0566,0
swapped,g0_0259.tif,1300,128.87,0.7396,1
a twice,g0_0259.tif,1296,81.23,0.1075,0
a twice,g0_0259.tif,1297,85.84,0.113,0
a twice,g0_0259.tif,1298,189.15,0.5131,1
a twice,g0_0259.tif,1299,183.49,0.5372,1
a twice,g0_0259.tif,1300,128.87,0.3673,0
b twice,g0_0259.tif,1296,81.23,0.0356,0
b twice,g0_0259.tif,1297,85.84,0.0,0
b twice,g0_0259.tif,1298,189.15,0.3821,0
b twice,g0_0259.tif,1299,183.49,0.2749,0
b twice,g0_0259.tif,1300,128.87,0.2068,0
shipped,g0_0426.tif,2131,11.17,0.0,0
shipped,g0_0426.tif,2132,18.29,0.0,0
shipped,g0_0426.tif,2133,11.17,0.0,0
shipped,g0_0426.tif,2134,18.29,0.0,0
shipped,g0_0426.tif,2135,42.68,0.0,0
swapped,g0_0426.tif,2131,11.17,0.0,0
swapped,g0_0426.tif,2132,18.29,0.0,0
swapped,g0_0426.tif,2133,11.17,0.0,0
swapped,g0_0426.tif,2134,18.29,0.0,0
swapped,g0_0426.tif,2135,42.68,0.0,0
a twice,g0_0426.tif,2131,11.17,0.0714,0
a twice,g0_0426.tif,2132,18.29,0.0704,0
a twice,g0_0426.tif,2133,11.17,0.0294,0
a twice,g0_0426.tif,2134,18.29,0.0,0
a twice,g0_0426.tif,2135,42.68,0.0,0
b twice,g0_0426.tif,2131,11.17,0.0,0
b twice,g0_0426.tif,2132,18.29,0.0,0
b twice,g0_0426.tif,2133,11.17,0.0,0
b twice,g0_0426.tif,2134,18.29,0.0,0
b twice,g0_0426.tif,2135,42.68,0.0,0
shipped,g0_0449.tif,2246,30.29,0.0,0
shipped,g0_0449.tif,2247,30.29,0.0,0
shipped,g0_0449.tif,2248,30.29,0.0,0
shipped,g0_0449.tif,2249,30.29,0.0,0
shipped,g0_0449.tif,2250,42.41,0.0,0
swapped,g0_0449.tif,2246,30.29,0.0,0
swapped,g0_0449.tif,2247,30.29,0.0,0
swapped,g0_0449.tif,2248,30.29,0.0,0
swapped,g0_0449.tif,2249,30.29,0.0,0
swapped,g0_0449.tif,2250,42.41,0.0,0
a twice,g0_0449.tif,2246,30.29,0.0,0
a twice,g0_0449.tif,2247,30.29,0.2419,0
a twice,g0_0449.tif,2248,30.29,0.0,0
a twice,g0_0449.tif,2249,30.29,0.0,0
a twice,g0_0449.tif,2250,42.41,0.2188,0
b twice,g0_0449.tif,2246,30.29,0.0,0
b twice,g0_0449.tif,2247,30.29,0.0,0
b twice,g0_0449.tif,2248,30.29,0.0,0
b twice,g0_0449.tif,2249,30.29,0.0,0
b twice,g0_0449.tif,2250,42.41,0.0,0
shipped,g0_0476.tif,2381,71.35,0.0,0
shipped,g0_0476.tif,2382,37.52,0.0,0
shipped,g0_0476.tif,2383,37.61,0.0,0
shipped,g0_0476.tif,2384,43.93,0.0,0
shipped,g0_0476.tif,2385,37.61,0.0,0
swapped,g0_0476.tif,2381,71.35,0.0794,0
swapped,g0_0476.tif,2382,37.52,0.0,0
swapped,g0_0476.tif,2383,37.61,0.0,0
swapped,g0_0476.tif,2384,43.93,0.0,0
swapped,g0_0476.tif,2385,37.61,0.0,0
a twice,g0_0476.tif,2381,71.35,0.381,0
a twice,g0_0476.tif,2382,37.52,0.1574,0
a twice,g0_0476.tif,2383,37.61,0.1301,0
a twice,g0_0476.tif,2384,43.93,0.3387,0
a twice,g0_0476.tif,2385,37.61,0.2105,0
b twice,g0_0476.tif,2381,71.35,0.0,0
b twice,g0_0476.tif,2382,37.52,0.0,0
b twice,g0_0476.tif,2383,37.61,0.0,0
b twice,g0_0476.tif,2384,43.93,0.0,0
b twice,g0_0476.tif,2385,37.61,0.0,0
shipped,g0_0516.tif,2581,48.42,0.0,0
shipped,g0_0516.tif,2582,37.73,0.0,0
shipped,g0_0516.tif,2583,18.33,0.0,0
shipped,g0_0516.tif,2584,28.33,0.0,0
shipped,g0_0516.tif,2585,30.31,0.0,0
swapped,g0_0516.tif,2581,48.42,0.0,0
swapped,g0_0516.tif,2582,37.73,0.0,0
swapped,g0_0516.tif,2583,18.33,0.0,0
swapped,g0_0516.tif,2584,28.33,0.0,0
swapped,g0_0516.tif,2585,30.31,0.0,0
a twice,g0_0516.tif,2581,48.42,0.0,0
a twice,g0_0516.tif,2582,37.73,0.0,0
a twice,g0_0516.tif,2583,18.33,0.0,0
a twice,g0_0516.tif,2584,28.33,0.0,0
a twice,g0_0516.tif,2585,30.31,0.0,0
b twice,g0_0516.tif,2581,48.42,0.0,0
b twice,g0_0516.tif,2582,37.73,0.0,0
b twice,g0_0516.tif,2583,18.33,0.0,0
b twice,g0_0516.tif,2584,28.33,0.0,0
b twice,g0_0516.tif,2585,30.31,0.0,0
shipped,g0_0566.tif,2831,30.49,0.0,0
shipped,g0_0566.tif,2832,21.17,0.0,0
shipped,g0_0566.tif,2833,28.39,0.0,0
shipped,g0_0566.tif,2834,28.39,0.0,0
shipped,g0_0566.tif,2835,28.39,0.0,0
swapped,g0_0566.tif,2831,30.49,0.0,0
swapped,g0_0566.tif,2832,21.17,0.0,0
swapped,g0_0566.tif,2833,28.39,0.0,0
swapped,g0_0566.tif,2834,28.39,0.0,0
swapped,g0_0566.tif,2835,28.39,0.0,0
a twice,g0_0566.tif,2831,30.49,0.0,0
a twice,g0_0566.tif,2832,21.17,0.0,0
a twice,g0_0566.tif,2833,28.39,0.0,0
a twice,g0_0566.tif,2834,28.39,0.0,0
a twice,g0_0566.tif,2835,28.39,0.0,0
b twice,g0_0566.tif,2831,30.49,0.0,0
b twice,g0_0566.tif,2832,21.17,0.0,0
b twice,g0_0566.tif,2833,28.39,0.0,0
b twice,g0_0566.tif,2834,28.39,0.0,0
b twice,g0_0566.tif,2835,28.39,0.0,0
shipped,g0_0586.tif,2931,30.27,0.0,0
shipped,g0_0586.tif,2932,43.87,0.1842,0
shipped,g0_0586.tif,2933,66.6,0.1783,0
shipped,g0_0586.tif,2934,30.27,0.0,0
shipped,g0_0586.tif,2935,42.38,0.2372,0
swapped,g0_0586.tif,2931,30.27,0.0149,0
swapped,g0_0586.tif,2932,43.87,0.3421,0
swapped,g0_0586.tif,2933,66.6,0.2674,0
swapped,g0_0586.tif,2934,30.27,0.2419,0
swapped,g0_0586.tif,2935,42.38,0.3077,0
a twice,g0_0586.tif,2931,30.27,0.0,0
a twice,g0_0586.tif,2932,43.87,0.0,0
a twice,g0_0586.tif,2933,66.6,0.0,0
a twice,g0_0586.tif,2934,30.27,0.0,0
a twice,g0_0586.tif,2935,42.38,0.0,0
b twice,g0_0586.tif,2931,30.27,0.0,0
b twice,g0_0586.tif,2932,43.87,0.1513,0
b twice,g0_0586.tif,2933,66.6,0.2519,0
b twice,g0_0586.tif,2934,30.27,0.0,0
b twice,g0_0586.tif,2935,42.38,0.0112,0
shipped,g0_0590.tif,2951,32.33,0.0,0
shipped,g0_0590.tif,2952,66.75,0.0,0
shipped,g0_0590.tif,2953,91.02,0.0319,0
shipped,g0_0590.tif,2954,79.37,0.0,0
shipped,g0_0590.tif,2955,82.75,0.0,0
swapped,g0_0590.tif,2951,32.33,0.1176,0
swapped,g0_0590.tif,2952,66.75,0.1536,0
swapped,g0_0590.tif,2953,91.02,0.0989,0
swapped,g0_0590.tif,2954,79.37,0.2014,0
swapped,g0_0590.tif,2955,82.75,0.6058,1
a twice,g0_0590.tif,2951,32.33,0.4615,0
a twice,g0_0590.tif,2952,66.75,0.5122,1
a twice,g0_0590.tif,2953,91.02,0.3158,0
a twice,g0_0590.tif,2954,79.37,0.2431,0
a twice,g0_0590.tif,2955,82.75,0.3478,0
b twice,g0_0590.tif,2951,32.33,0.0,0
b twice,g0_0590.tif,2952,66.75,0.0,0
b twice,g0_0590.tif,2953,91.02,0.0,0
b twice,g0_0590.tif,2954,79.37,0.0,0
b twice,g0_0590.tif,2955,82.75,0.0,0
shipped,g0_0628.tif,3142,78.88,0.0,0
shipped,g0_0628.tif,3143,54.2,0.0,0
shipped,g0_0628.tif,3144,42.49,0.0,0
shipped,g0_0628.tif,3145,55.81,0.0,0
shipped,g0_0628.tif,3146,54.2,0.0,0
swapped,g0_0628.tif,3142,78.88,0.0,0
swapped,g0_0628.tif,3143,54.2,0.2,0
swapped,g0_0628.tif,3144,42.49,0.0,0
swapped,g0_0628.tif,3145,55.81,0.0,0
swapped,g0_0628.tif,3146,54.2,0.0,0
a twice,g0_0628.tif,3142,78.88,0.1966,0
a twice,g0_0628.tif,3143,54.2,0.0,0
a twice,g0_0628.tif,3144,42.49,0.0,0
a twice,g0_0628.tif,3145,55.81,0.0,0
a twice,g0_0628.tif,3146,54.2,0.0,0
b twice,g0_0628.tif,3142,78.88,0.0684,0
b twice,g0_0628.tif,3143,54.2,0.3364,0
b twice,g0_0628.tif,3144,42.49,0.0,0
b twice,g0_0628.tif,3145,55.81,0.0,0
b twice,g0_0628.tif,3146,54.2,0.0,0
shipped,g0_0629.tif,3147,21.06,0.0,0
shipped,g0_0629.tif,3148,32.28,0.0,0
shipped,g0_0629.tif,3149,28.28,0.0,0
shipped,g0_0629.tif,3150,28.28,0.0,0
shipped,g0_0629.tif,3151,30.31,0.0,0
swapped,g0_0629.tif,3147,21.06,0.0,0
swapped,g0_0629.tif,3148,32.28,0.0,0
swapped,g0_0629.tif,3149,28.28,0.0,0
swapped,g0_0629.tif,3150,28.28,0.0,0
swapped,g0_0629.tif,3151,30.31,0.0,0
a twice,g0_0629.tif,3147,21.06,0.0,0
a twice,g0_0629.tif,3148,32.28,0.0,0
a twice,g0_0629.tif,3149,28.28,0.0,0
a twice,g0_0629.tif,3150,28.28,0.0,0
a twice,g0_0629.tif,3151,30.31,0.0,0
b twice,g0_0629.tif,3147,21.06,0.0,0
b twice,g0_0629.tif,3148,32.28,0.0,0
b twice,g0_0629.tif,3149,28.28,0.0,0
b twice,g0_0629.tif,3150,28.28,0.0,0
b twice,g0_0629.tif,3151,30.31,0.0,0
shipped,g0_0633.tif,3167,42.11,0.0,0
shipped,g0_0633.tif,3168,54.59,0.0,0
shipped,g0_0633.tif,3169,115.79,0.0,0
shipped,g0_0633.tif,3170,42.11,0.0,0
shipped,g0_0633.tif,3171,42.11,0.0,0
swapped,g0_0633.tif,3167,42.11,0.0,0
swapped,g0_0633.tif,3168,54.59,0.0,0
swapped,g0_0633.tif,3169,115.79,0.0,0
swapped,g0_0633.tif,3170,42.11,0.0,0
swapped,g0_0633.tif,3171,42.11,0.0,0
a twice,g0_0633.tif,3167,42.11,0.0,0
a twice,g0_0633.tif,3168,54.59,0.0,0
a twice,g0_0633.tif,3169,115.79,0.0,0
a twice,g0_0633.tif,3170,42.11,0.0,0
a twice,g0_0633.tif,3171,42.11,0.0,0
b twice,g0_0633.tif,3167,42.11,0.0,0
b twice,g0_0633.tif,3168,54.59,0.0385,0
b twice,g0_0633.tif,3169,115.79,0.0311,0
b twice,g0_0633.tif,3170,42.11,0.0,0
b twice,g0_0633.tif,3171,42.11,0.0,0
shipped,g0_0650.tif,3252,28.2,0.0,0
shipped,g0_0650.tif,3253,21.04,0.0,0
shipped,g0_0650.tif,3254,30.31,0.0,0
shipped,g0_0650.tif,3255,32.27,0.0,0
shipped,g0_0650.tif,3256,32.27,0.0,0
swapped,g0_0650.tif,3252,28.2,0.0,0
swapped,g0_0650.tif,3253,21.04,0.0,0
swapped,g0_0650.tif,3254,30.31,0.0,0
swapped,g0_0650.tif,3255,32.27,0.0,0
swapped,g0_0650.tif,3256,32.27,0.0,0
a twice,g0_0650.tif,3252,28.2,0.0,0
a twice,g0_0650.tif,3253,21.04,0.0,0
a twice,g0_0650.tif,3254,30.31,0.0,0
a twice,g0_0650.tif,3255,32.27,0.0,0
a twice,g0_0650.tif,3256,32.27,0.0,0
b twice,g0_0650.tif,3252,28.2,0.0,0
b twice,g0_0650.tif,3253,21.04,0.0,0
b twice,g0_0650.tif,3254,30.31,0.0,0
b twice,g0_0650.tif,3255,32.27,0.0,0
b twice,g0_0650.tif,3256,32.27,0.0,0
shipped,g0_0696.tif,3482,30.23,0.0,0
shipped,g0_0696.tif,3483,32.26,0.0,0
shipped,g0_0696.tif,3484,11.07,0.0,0
shipped,g0_0696.tif,3485,30.3,0.0,0
shipped,g0_0696.tif,3486,18.19,0.0,0
swapped,g0_0696.tif,3482,30.23,0.0,0
swapped,g0_0696.tif,3483,32.26,0.0,0
swapped,g0_0696.tif,3484,11.07,0.0,0
swapped,g0_0696.tif,3485,30.3,0.0,0
swapped,g0_0696.tif,3486,18.19,0.0,0
a twice,g0_0696.tif,3482,30.23,0.0,0
a twice,g0_0696.tif,3483,32.26,0.0,0
a twice,g0_0696.tif,3484,11.07,0.0,0
a twice,g0_0696.tif,3485,30.3,0.0,0
a twice,g0_0696.tif,3486,18.19,0.0,0
b twice,g0_0696.tif,3482,30.23,0.0,0
b twice,g0_0696.tif,3483,32.26,0.0,0
b twice,g0_0696.tif,3484,11.07,0.0,0
b twice,g0_0696.tif,3485,30.3,0.0,0
b twice,g0_0696.tif,3486,18.19,0.0,0
shipped,g0_0705.tif,3527,21.09,0.0,0
shipped,g0_0705.tif,3528,18.2,0.0,0
shipped,g0_0705.tif,3529,28.34,0.0,0
shipped,g0_0705.tif,3530,18.33,0.0,0
shipped,g0_0705.tif,3531,18.33,0.0,0
swapped,g0_0705.tif,3527,21.09,0.0,0
swapped,g0_0705.tif,3528,18.2,0.0,0
swapped,g0_0705.tif,3529,28.34,0.0,0
swapped,g0_0705.tif,3530,18.33,0.0,0
swapped,g0_0705.tif,3531,18.33,0.0,0
a twice,g0_0705.tif,3527,21.09,0.0,0
a twice,g0_0705.tif,3528,18.2,0.0,0
a twice,g0_0705.tif,3529,28.34,0.0,0
a twice,g0_0705.tif,3530,18.33,0.0,0
a twice,g0_0705.tif,3531,18.33,0.0,0
b twice,g0_0705.tif,3527,21.09,0.0,0
b twice,g0_0705.tif,3528,18.2,0.0,0
b twice,g0_0705.tif,3529,28.34,0.0,0
b twice,g0_0705.tif,3530,18.33,0.0,0
b twice,g0_0705.tif,3531,18.33,0.0,0
shipped,g0_0710.tif,3552,30.16,0.0,0
shipped,g0_0710.tif,3553,30.11,0.0,0
shipped,g0_0710.tif,3554,28.06,0.0,0
shipped,g0_0710.tif,3555,30.16,0.0,0
shipped,g0_0710.tif,3556,30.11,0.0,0
swapped,g0_0710.tif,3552,30.16,0.0,0
swapped,g0_0710.tif,3553,30.11,0.0,0
swapped,g0_0710.tif,3554,28.06,0.0,0
swapped,g0_0710.tif,3555,30.16,0.0,0
swapped,g0_0710.tif,3556,30.11,0.0,0
a twice,g0_0710.tif,3552,30.16,0.0,0
a twice,g0_0710.tif,3553,30.11,0.0,0
a twice,g0_0710.tif,3554,28.06,0.0,0
a twice,g0_0710.tif,3555,30.16,0.0087,0
a twice,g0_0710.tif,3556,30.11,0.0857,0
b twice,g0_0710.tif,3552,30.16,0.0,0
b twice,g0_0710.tif,3553,30.11,0.0,0
b twice,g0_0710.tif,3554,28.06,0.0,0
b twice,g0_0710.tif,3555,30.16,0.0,0
b twice,g0_0710.tif,3556,30.11,0.0,0
shipped,g0_0724.tif,3622,42.52,0.1707,0
shipped,g0_0724.tif,3623,54.16,0.2957,0
shipped,g0_0724.tif,3624,42.13,0.1205,0
shipped,g0_0724.tif,3625,43.99,0.2845,0
shipped,g0_0724.tif,3626,42.13,0.0,0
swapped,g0_0724.tif,3622,42.52,0.3402,0
swapped,g0_0724.tif,3623,54.16,0.3833,0
swapped,g0_0724.tif,3624,42.13,0.2451,0
swapped,g0_0724.tif,3625,43.99,0.2969,0
swapped,g0_0724.tif,3626,42.13,0.0,0
a twice,g0_0724.tif,3622,42.52,0.0,0
a twice,g0_0724.tif,3623,54.16,0.0192,0
a twice,g0_0724.tif,3624,42.13,0.0,0
a twice,g0_0724.tif,3625,43.99,0.2619,0
a twice,g0_0724.tif,3626,42.13,0.1364,0
b twice,g0_0724.tif,3622,42.52,0.0805,0
b twice,g0_0724.tif,3623,54.16,0.1304,0
b twice,g0_0724.tif,3624,42.13,0.0225,0
b twice,g0_0724.tif,3625,43.99,0.1807,0
b twice,g0_0724.tif,3626,42.13,0.0,0
shipped,g0_0737.tif,3687,75.16,0.2963,0
shipped,g0_0737.tif,3688,48.09,0.3864,0
shipped,g0_0737.tif,3689,48.09,0.2597,0
shipped,g0_0737.tif,3690,59.14,0.3178,0
shipped,g0_0737.tif,3691,59.14,0.1697,0
swapped,g0_0737.tif,3687,75.16,0.1684,0
swapped,g0_0737.tif,3688,48.09,0.1628,0
swapped,g0_0737.tif,3689,48.09,0.2541,0
swapped,g0_0737.tif,3690,59.14,0.1978,0
swapped,g0_0737.tif,3691,59.14,0.1131,0
a twice,g0_0737.tif,3687,75.16,0.2818,0
a twice,g0_0737.tif,3688,48.09,0.2257,0
a twice,g0_0737.tif,3689,48.09,0.3938,0
a twice,g0_0737.tif,3690,59.14,0.4856,0
a twice,g0_0737.tif,3691,59.14,0.4229,0
b twice,g0_0737.tif,3687,75.16,0.1178,0
b twice,g0_0737.tif,3688,48.09,0.2248,0
b twice,g0_0737.tif,3689,48.09,0.2862,0
b twice,g0_0737.tif,3690,59.14,0.1439,0
b twice,g0_0737.tif,3691,59.14,0.2254,0
shipped,g0_0773.tif,3867,103.13,0.2219,0
shipped,g0_0773.tif,3868,115.26,0.0554,0
shipped,g0_0773.tif,3869,66.67,0.5048,1
shipped,g0_0773.tif,3870,55.75,0.1173,0
shipped,g0_0773.tif,3871,75.31,0.566,1
swapped,g0_0773.tif,3867,103.13,0.246,0
swapped,g0_0773.tif,3868,115.26,0.5566,1
swapped,g0_0773.tif,3869,66.67,0.4773,0
swapped,g0_0773.tif,3870,55.75,0.1011,0
swapped,g0_0773.tif,3871,75.31,0.6357,1
a twice,g0_0773.tif,3867,103.13,0.2059,0
a twice,g0_0773.tif,3868,115.26,0.3187,0
a twice,g0_0773.tif,3869,66.67,0.1036,0
a twice,g0_0773.tif,3870,55.75,0.1085,0
a twice,g0_0773.tif,3871,75.31,0.4777,0
b twice,g0_0773.tif,3867,103.13,0.1845,0
b twice,g0_0773.tif,3868,115.26,0.1201,0
b twice,g0_0773.tif,3869,66.67,0.0,0
b twice,g0_0773.tif,3870,55.75,0.0,0
b twice,g0_0773.tif,3871,75.31,0.1173,0
shipped,g0_0792.tif,3957,42.67,0.0,0
shipped,g0_0792.tif,3958,30.48,0.0,0
shipped,g0_0792.tif,3959,30.48,0.0,0
shipped,g0_0792.tif,3960,32.47,0.0,0
shipped,g0_0792.tif,3961,30.53,0.0,0
swapped,g0_0792.tif,3957,42.67,0.0,0
swapped,g0_0792.tif,3958,30.48,0.0,0
swapped,g0_0792.tif,3959,30.48,0.0,0
swapped,g0_0792.tif,3960,32.47,0.0,0
swapped,g0_0792.tif,3961,30.53,0.0,0
a twice,g0_0792.tif,3957,42.67,0.0,0
a twice,g0_0792.tif,3958,30.48,0.0,0
a twice,g0_0792.tif,3959,30.48,0.0,0
a twice,g0_0792.tif,3960,32.47,0.0,0
a twice,g0_0792.tif,3961,30.53,0.0,0
b twice,g0_0792.tif,3957,42.67,0.0,0
b twice,g0_0792.tif,3958,30.48,0.0,0
b twice,g0_0792.tif,3959,30.48,0.0,0
b twice,g0_0792.tif,3960,32.47,0.0,0
b twice,g0_0792.tif,3961,30.53,0.0,0
shipped,g0_0803.tif,4012,21.04,0.26,0
shipped,g0_0803.tif,4013,30.29,0.2115,0
shipped,g0_0803.tif,4014,30.28,0.2609,0
shipped,g0_0803.tif,4015,30.29,0.2712,0
shipped,g0_0803.tif,4016,37.63,0.1053,0
swapped,g0_0803.tif,4012,21.04,0.0,0
swapped,g0_0803.tif,4013,30.29,0.0,0
swapped,g0_0803.tif,4014,30.28,0.0,0
swapped,g0_0803.tif,4015,30.29,0.0851,0
swapped,g0_0803.tif,4016,37.63,0.0,0
a twice,g0_0803.tif,4012,21.04,0.2045,0
a twice,g0_0803.tif,4013,30.29,0.3333,0
a twice,g0_0803.tif,4014,30.28,0.0,0
a twice,g0_0803.tif,4015,30.29,0.1818,0
a twice,g0_0803.tif,4016,37.63,0.125,0
b twice,g0_0803.tif,4012,21.04,0.0,0
b twice,g0_0803.tif,4013,30.29,0.0,0
b twice,g0_0803.tif,4014,30.28,0.0,0
b twice,g0_0803.tif,4015,30.29,0.1443,0
b twice,g0_0803.tif,4016,37.63,0.0777,0
shipped,g0_0807.tif,4032,28.22,0.0,0
shipped,g0_0807.tif,4033,11.08,0.0,0
shipped,g0_0807.tif,4034,21.04,0.0,0
shipped,g0_0807.tif,4035,18.17,0.0,0
shipped,g0_0807.tif,4036,21.04,0.0,0
swapped,g0_0807.tif,4032,28.22,0.0,0
swapped,g0_0807.tif,4033,11.08,0.0,0
swapped,g0_0807.tif,4034,21.04,0.0,0
swapped,g0_0807.tif,4035,18.17,0.0,0
swapped,g0_0807.tif,4036,21.04,0.0,0
a twice,g0_0807.tif,4032,28.22,0.0,0
a twice,g0_0807.tif,4033,11.08,0.0,0
a twice,g0_0807.tif,4034,21.04,0.0,0
a twice,g0_0807.tif,4035,18.17,0.0,0
a twice,g0_0807.tif,4036,21.04,0.0,0
b twice,g0_0807.tif,4032,28.22,0.0,0
b twice,g0_0807.tif,4033,11.08,0.0,0
b twice,g0_0807.tif,4034,21.04,0.0,0
b twice,g0_0807.tif,4035,18.17,0.0,0
b twice,g0_0807.tif,4036,21.04,0.0,0
shipped,g0_0808.tif,4037,78.79,0.0,0
shipped,g0_0808.tif,4038,66.67,0.0,0
shipped,g0_0808.tif,4039,64.58,0.0,0
shipped,g0_0808.tif,4040,67.67,0.0,0
shipped,g0_0808.tif,4041,59.08,0.3594,0
swapped,g0_0808.tif,4037,78.79,0.132,0
swapped,g0_0808.tif,4038,66.67,0.0815,0
swapped,g0_0808.tif,4039,64.58,0.3125,0
swapped,g0_0808.tif,4040,67.67,0.1538,0
swapped,g0_0808.tif,4041,59.08,0.4574,0
a twice,g0_0808.tif,4037,78.79,0.0843,0
a twice,g0_0808.tif,4038,66.67,0.1159,0
a twice,g0_0808.tif,4039,64.58,0.425,0
a twice,g0_0808.tif,4040,67.67,0.2513,0
a twice,g0_0808.tif,4041,59.08,0.4219,0
b twice,g0_0808.tif,4037,78.79,0.0,0
b twice,g0_0808.tif,4038,66.67,0.0,0
b twice,g0_0808.tif,4039,64.58,0.0,0
b twice,g0_0808.tif,4040,67.67,0.0,0
b twice,g0_0808.tif,4041,59.08,0.0,0
shipped,g0_0879.tif,4392,54.56,0.0,0
shipped,g0_0879.tif,4393,105.72,0.4529,0
shipped,g0_0879.tif,4394,78.83,0.0,0
shipped,g0_0879.tif,4395,42.45,0.0,0
shipped,g0_0879.tif,4396,90.95,0.2353,0
swapped,g0_0879.tif,4392,54.56,0.0,0
swapped,g0_0879.tif,4393,105.72,0.4372,0
swapped,g0_0879.tif,4394,78.83,0.0,0
swapped,g0_0879.tif,4395,42.45,0.0,0
swapped,g0_0879.tif,4396,90.95,0.4513,0
a twice,g0_0879.tif,4392,54.56,0.0,0
a twice,g0_0879.tif,4393,105.72,0.0969,0
a twice,g0_0879.tif,4394,78.83,0.0,0
a twice,g0_0879.tif,4395,42.45,0.0,0
a twice,g0_0879.tif,4396,90.95,0.1827,0
b twice,g0_0879.tif,4392,54.56,0.0002,0
b twice,g0_0879.tif,4393,105.72,0.1883,0
b twice,g0_0879.tif,4394,78.83,0.0,0
b twice,g0_0879.tif,4395,42.45,0.0002,0
b twice,g0_0879.tif,4396,90.95,0.2263,0
shipped,g0_0943.tif,4712,54.51,0.3265,0
shipped,g0_0943.tif,4713,32.22,0.2609,0
shipped,g0_0943.tif,4714,66.55,0.3264,0
shipped,g0_0943.tif,4715,48.13,0.0092,0
shipped,g0_0943.tif,4716,54.51,0.2396,0
swapped,g0_0943.tif,4712,54.51,0.4354,0
swapped,g0_0943.tif,4713,32.22,0.2065,0
swapped,g0_0943.tif,4714,66.55,0.4279,0
swapped,g0_0943.tif,4715,48.13,0.3437,0
swapped,g0_0943.tif,4716,54.51,0.1734,0
a twice,g0_0943.tif,4712,54.51,0.415,0
a twice,g0_0943.tif,4713,32.22,0.4306,0
a twice,g0_0943.tif,4714,66.55,0.3889,0
a twice,g0_0943.tif,4715,48.13,0.159,0
a twice,g0_0943.tif,4716,54.51,0.1429,0
b twice,g0_0943.tif,4712,54.51,0.0103,0
b twice,g0_0943.tif,4713,32.22,0.0336,0
b twice,g0_0943.tif,4714,66.55,0.0738,0
b twice,g0_0943.tif,4715,48.13,0.1135,0
b twice,g0_0943.tif,4716,54.51,0.0379,0
shipped,g0_0957.tif,4782,54.42,0.0,0
shipped,g0_0957.tif,4783,37.55,0.0,0
shipped,g0_0957.tif,4784,54.42,0.0874,0
shipped,g0_0957.tif,4785,59.02,0.0891,0
shipped,g0_0957.tif,4786,37.55,0.0,0
swapped,g0_0957.tif,4782,54.42,0.2562,0
swapped,g0_0957.tif,4783,37.55,0.1387,0
swapped,g0_0957.tif,4784,54.42,0.4426,0
swapped,g0_0957.tif,4785,59.02,0.1584,0
swapped,g0_0957.tif,4786,37.55,0.0,0
a twice,g0_0957.tif,4782,54.42,0.0,0
a twice,g0_0957.tif,4783,37.55,0.1333,0
a twice,g0_0957.tif,4784,54.42,0.0874,0
a twice,g0_0957.tif,4785,59.02,0.0842,0
a twice,g0_0957.tif,4786,37.55,0.0,0
b twice,g0_0957.tif,4782,54.42,0.0,0
b twice,g0_0957.tif,4783,37.55,0.0,0
b twice,g0_0957.tif,4784,54.42,0.0,0
b twice,g0_0957.tif,4785,59.02,0.0,0
b twice,g0_0957.tif,4786,37.55,0.0,0
shipped,g0_0979.tif,4892,78.8,0.0,0
shipped,g0_0979.tif,4893,66.4,0.113,0
shipped,g0_0979.tif,4894,82.17,0.2177,0
shipped,g0_0979.tif,4895,78.8,0.162,0
shipped,g0_0979.tif,4896,66.68,0.2985,0
swapped,g0_0979.tif,4892,78.8,0.0,0
swapped,g0_0979.tif,4893,66.4,0.0782,0
swapped,g0_0979.tif,4894,82.17,0.0,0
swapped,g0_0979.tif,4895,78.8,0.1898,0
swapped,g0_0979.tif,4896,66.68,0.0,0
a twice,g0_0979.tif,4892,78.8,0.3949,0
a twice,g0_0979.tif,4893,66.4,0.3643,0
a twice,g0_0979.tif,4894,82.17,0.4937,0
a twice,g0_0979.tif,4895,78.8,0.3883,0
a twice,g0_0979.tif,4896,66.68,0.2948,0
b twice,g0_0979.tif,4892,78.8,0.0,0
b twice,g0_0979.tif,4893,66.4,0.0,0
b twice,g0_0979.tif,4894,82.17,0.0015,0
b twice,g0_0979.tif,4895,78.8,0.0,0
b twice,g0_0979.tif,4896,66.68,0.0,0
shipped,g0_1005.tif,5022,67.67,0.274,0
shipped,g0_1005.tif,5023,70.62,0.1891,0
shipped,g0_1005.tif,5024,93.91,0.0447,0
shipped,g0_1005.tif,5025,103.03,0.0667,0
shipped,g0_1005.tif,5026,103.03,0.0703,0
swapped,g0_1005.tif,5022,67.67,0.1827,0
swapped,g0_1005.tif,5023,70.62,0.2143,0
swapped,g0_1005.tif,5024,93.91,0.2077,0
swapped,g0_1005.tif,5025,103.03,0.0889,0
swapped,g0_1005.tif,5026,103.03,0.4526,0
a twice,g0_1005.tif,5022,67.67,0.0,0
a twice,g0_1005.tif,5023,70.62,0.0,0
a twice,g0_1005.tif,5024,93.91,0.0,0
a twice,g0_1005.tif,5025,103.03,0.0,0
a twice,g0_1005.tif,5026,103.03,0.0,0
b twice,g0_1005.tif,5022,67.67,0.0,0
b twice,g0_1005.tif,5023,70.62,0.0,0
b twice,g0_1005.tif,5024,93.91,0.2428,0
b twice,g0_1005.tif,5025,103.03,0.0,0
b twice,g0_1005.tif,5026,103.03,0.1193,0
shipped,g0_1180.tif,5897,54.56,0.0,0
shipped,g0_1180.tif,5898,55.76,0.1288,0
shipped,g0_1180.tif,5899,66.68,0.0,0
shipped,g0_1180.tif,5900,163.72,0.0,0
shipped,g0_1180.tif,5901,147.31,0.1274,0
swapped,g0_1180.tif,5897,54.56,0.224,0
swapped,g0_1180.tif,5898,55.76,0.2727,0
swapped,g0_1180.tif,5899,66.68,0.1469,0
swapped,g0_1180.tif,5900,163.72,0.4118,0
swapped,g0_1180.tif,5901,147.31,0.2465,0
a twice,g0_1180.tif,5897,54.56,0.239,0
a twice,g0_1180.tif,5898,55.76,0.3547,0
a twice,g0_1180.tif,5899,66.68,0.226,0
a twice,g0_1180.tif,5900,163.72,0.5371,1
a twice,g0_1180.tif,5901,147.31,0.1828,0
b twice,g0_1180.tif,5897,54.56,0.0,0
b twice,g0_1180.tif,5898,55.76,0.0,0
b twice,g0_1180.tif,5899,66.68,0.0,0
b twice,g0_1180.tif,5900,163.72,0.0,0
b twice,g0_1180.tif,5901,147.31,0.0271,0
shipped,g0_1210.tif,6047,48.07,0.0,0
shipped,g0_1210.tif,6048,21.01,0.0,0
shipped,g0_1210.tif,6049,37.59,0.0,0
shipped,g0_1210.tif,6050,45.33,0.0,0
shipped,g0_1210.tif,6051,32.21,0.0,0
swapped,g0_1210.tif,6047,48.07,0.0,0
swapped,g0_1210.tif,6048,21.01,0.0,0
swapped,g0_1210.tif,6049,37.59,0.0,0
swapped,g0_1210.tif,6050,45.33,0.0,0
swapped,g0_1210.tif,6051,32.21,0.0,0
a twice,g0_1210.tif,6047,48.07,0.2727,0
a twice,g0_1210.tif,6048,21.01,0.0,0
a twice,g0_1210.tif,6049,37.59,0.0,0
a twice,g0_1210.tif,6050,45.33,0.2846,0
a twice,g0_1210.tif,6051,32.21,0.2632,0
b twice,g0_1210.tif,6047,48.07,0.0,0
b twice,g0_1210.tif,6048,21.01,0.0,0
b twice,g0_1210.tif,6049,37.59,0.0,0
b twice,g0_1210.tif,6050,45.33,0.0,0
b twice,g0_1210.tif,6051,32.21,0.0,0
shipped,g0_1234.tif,6167,37.5,0.0,0
shipped,g0_1234.tif,6168,32.28,0.0,0
shipped,g0_1234.tif,6169,28.16,0.0,0
shipped,g0_1234.tif,6170,37.6,0.0,0
shipped,g0_1234.tif,6171,81.22,0.0,0
swapped,g0_1234.tif,6167,37.5,0.03,0
swapped,g0_1234.tif,6168,32.28,0.4571,0
swapped,g0_1234.tif,6169,28.16,0.3258,0
swapped,g0_1234.tif,6170,37.6,0.1561,0
swapped,g0_1234.tif,6171,81.22,0.2341,0
a twice,g0_1234.tif,6167,37.5,0.1245,0
a twice,g0_1234.tif,6168,32.28,0.3585,0
a twice,g0_1234.tif,6169,28.16,0.2623,0
a twice,g0_1234.tif,6170,37.6,0.1813,0
a twice,g0_1234.tif,6171,81.22,0.0,0
b twice,g0_1234.tif,6167,37.5,0.0,0
b twice,g0_1234.tif,6168,32.28,0.0,0
b twice,g0_1234.tif,6169,28.16,0.0,0
b twice,g0_1234.tif,6170,37.6,0.0,0
b twice,g0_1234.tif,6171,81.22,0.0,0
shipped,g0_1243.tif,6212,42.45,0.0,0
shipped,g0_1243.tif,6213,64.41,0.1111,0
shipped,g0_1243.tif,6214,70.31,0.0,0
shipped,g0_1243.tif,6215,28.17,0.0,0
shipped,g0_1243.tif,6216,18.1,0.0,0
swapped,g0_1243.tif,6212,42.45,0.0,0
swapped,g0_1243.tif,6213,64.41,0.0603,0
swapped,g0_1243.tif,6214,70.31,0.0,0
swapped,g0_1243.tif,6215,28.17,0.0,0
swapped,g0_1243.tif,6216,18.1,0.0,0
a twice,g0_1243.tif,6212,42.45,0.1679,0
a twice,g0_1243.tif,6213,64.41,0.2956,0
a twice,g0_1243.tif,6214,70.31,0.3322,0
a twice,g0_1243.tif,6215,28.17,0.3656,0
a twice,g0_1243.tif,6216,18.1,0.045,0
b twice,g0_1243.tif,6212,42.45,0.0611,0
b twice,g0_1243.tif,6213,64.41,0.0,0
b twice,g0_1243.tif,6214,70.31,0.0,0
b twice,g0_1243.tif,6215,28.17,0.0,0
b twice,g0_1243.tif,6216,18.1,0.0198,0
shipped,g0_1245.tif,6222,18.47,0.0,0
shipped,g0_1245.tif,6223,18.47,0.0,0
shipped,g0_1245.tif,6224,18.47,0.0,0
shipped,g0_1245.tif,6225,18.22,0.0,0
shipped,g0_1245.tif,6226,28.47,0.0,0
swapped,g0_1245.tif,6222,18.47,0.0,0
swapped,g0_1245.tif,6223,18.47,0.0,0
swapped,g0_1245.tif,6224,18.47,0.0,0
swapped,g0_1245.tif,6225,18.22,0.0,0
swapped,g0_1245.tif,6226,28.47,0.0,0
a twice,g0_1245.tif,6222,18.47,0.0,0
a twice,g0_1245.tif,6223,18.47,0.0,0
a twice,g0_1245.tif,6224,18.47,0.0,0
a twice,g0_1245.tif,6225,18.22,0.0,0
a twice,g0_1245.tif,6226,28.47,0.0,0
b twice,g0_1245.tif,6222,18.47,0.0,0
b twice,g0_1245.tif,6223,18.47,0.0,0
b twice,g0_1245.tif,6224,18.47,0.0,0
b twice,g0_1245.tif,6225,18.22,0.0,0
b twice,g0_1245.tif,6226,28.47,0.0,0
shipped,g0_1263.tif,6312,37.38,0.1172,0
shipped,g0_1263.tif,6313,43.63,0.4809,0
shipped,g0_1263.tif,6314,58.82,0.2193,0
shipped,g0_1263.tif,6315,54.13,0.2383,0
shipped,g0_1263.tif,6316,64.11,0.5837,1
swapped,g0_1263.tif,6312,37.38,0.0,0
swapped,g0_1263.tif,6313,43.63,0.0,0
swapped,g0_1263.tif,6314,58.82,0.0,0
swapped,g0_1263.tif,6315,54.13,0.0,0
swapped,g0_1263.tif,6316,64.11,0.0,0
a twice,g0_1263.tif,6312,37.38,0.0,0
a twice,g0_1263.tif,6313,43.63,0.0,0
a twice,g0_1263.tif,6314,58.82,0.0,0
a twice,g0_1263.tif,6315,54.13,0.0,0
a twice,g0_1263.tif,6316,64.11,0.0829,0
b twice,g0_1263.tif,6312,37.38,0.2959,0
b twice,g0_1263.tif,6313,43.63,0.0926,0
b twice,g0_1263.tif,6314,58.82,0.3367,0
b twice,g0_1263.tif,6315,54.13,0.0,0
b twice,g0_1263.tif,6316,64.11,0.0,0
shipped,g0_1316.tif,6577,30.25,0.0,0
shipped,g0_1316.tif,6578,18.15,0.0,0
shipped,g0_1316.tif,6579,18.15,0.0,0
shipped,g0_1316.tif,6580,42.35,0.0,0
shipped,g0_1316.tif,6581,18.15,0.0,0
swapped,g0_1316.tif,6577,30.25,0.0,0
swapped,g0_1316.tif,6578,18.15,0.0,0
swapped,g0_1316.tif,6579,18.15,0.0,0
swapped,g0_1316.tif,6580,42.35,0.0,0
swapped,g0_1316.tif,6581,18.15,0.0,0
a twice,g0_1316.tif,6577,30.25,0.0,0
a twice,g0_1316.tif,6578,18.15,0.0,0
a twice,g0_1316.tif,6579,18.15,0.0,0
a twice,g0_1316.tif,6580,42.35,0.0,0
a twice,g0_1316.tif,6581,18.15,0.0,0
b twice,g0_1316.tif,6577,30.25,0.0,0
b twice,g0_1316.tif,6578,18.15,0.0,0
b twice,g0_1316.tif,6579,18.15,0.0,0
b twice,g0_1316.tif,6580,42.35,0.0,0
b twice,g0_1316.tif,6581,18.15,0.0,0
shipped,g0_1343.tif,6712,54.57,0.2527,0
shipped,g0_1343.tif,6713,91.55,0.311,0
shipped,g0_1343.tif,6714,103.08,0.0529,0
shipped,g0_1343.tif,6715,121.26,0.3485,0
shipped,g0_1343.tif,6716,115.21,0.59,1
swapped,g0_1343.tif,6712,54.57,0.0,0
swapped,g0_1343.tif,6713,91.55,0.0,0
swapped,g0_1343.tif,6714,103.08,0.0,0
swapped,g0_1343.tif,6715,121.26,0.0,0
swapped,g0_1343.tif,6716,115.21,0.0584,0
a twice,g0_1343.tif,6712,54.57,0.6448,1
a twice,g0_1343.tif,6713,91.55,0.561,1
a twice,g0_1343.tif,6714,103.08,0.7097,1
a twice,g0_1343.tif,6715,121.26,0.6369,1
a twice,g0_1343.tif,6716,115.21,0.6467,1
b twice,g0_1343.tif,6712,54.57,0.0,0
b twice,g0_1343.tif,6713,91.55,0.0,0
b twice,g0_1343.tif,6714,103.08,0.0,0
b twice,g0_1343.tif,6715,121.26,0.0,0
b twice,g0_1343.tif,6716,115.21,0.0325,0
shipped,g0_1367.tif,6832,42.43,0.0,0
shipped,g0_1367.tif,6833,44.15,0.0,0
shipped,g0_1367.tif,6834,56.04,0.0,0
shipped,g0_1367.tif,6835,37.8,0.0,0
shipped,g0_1367.tif,6836,30.31,0.0,0
swapped,g0_1367.tif,6832,42.43,0.0,0
swapped,g0_1367.tif,6833,44.15,0.0,0
swapped,g0_1367.tif,6834,56.04,0.0,0
swapped,g0_1367.tif,6835,37.8,0.0,0
swapped,g0_1367.tif,6836,30.31,0.0,0
a twice,g0_1367.tif,6832,42.43,0.0,0
a twice,g0_1367.tif,6833,44.15,0.0,0
a twice,g0_1367.tif,6834,56.04,0.0385,0
a twice,g0_1367.tif,6835,37.8,0.0294,0
a twice,g0_1367.tif,6836,30.31,0.015,0
b twice,g0_1367.tif,6832,42.43,0.0,0
b twice,g0_1367.tif,6833,44.15,0.0,0
b twice,g0_1367.tif,6834,56.04,0.0,0
b twice,g0_1367.tif,6835,37.8,0.0,0
b twice,g0_1367.tif,6836,30.31,0.0,0
shipped,g0_1399.tif,6993,86.25,0.0,0
shipped,g0_1399.tif,6994,59.22,0.2831,0
shipped,g0_1399.tif,6995,66.68,0.0,0
shipped,g0_1399.tif,6996,54.56,0.0,0
shipped,g0_1399.tif,6997,97.5,0.0,0
swapped,g0_1399.tif,6993,86.25,0.0,0
swapped,g0_1399.tif,6994,59.22,0.0,0
swapped,g0_1399.tif,6995,66.68,0.0,0
swapped,g0_1399.tif,6996,54.56,0.0,0
swapped,g0_1399.tif,6997,97.5,0.0,0
a twice,g0_1399.tif,6993,86.25,0.3086,0
a twice,g0_1399.tif,6994,59.22,0.4561,0
a twice,g0_1399.tif,6995,66.68,0.2789,0
a twice,g0_1399.tif,6996,54.56,0.3646,0
a twice,g0_1399.tif,6997,97.5,0.3349,0
b twice,g0_1399.tif,6993,86.25,0.0,0
b twice,g0_1399.tif,6994,59.22,0.0,0
b twice,g0_1399.tif,6995,66.68,0.0,0
b twice,g0_1399.tif,6996,54.56,0.0,0
b twice,g0_1399.tif,6997,97.5,0.0,0
shipped,g0_1402.tif,7008,66.78,0.0,0
shipped,g0_1402.tif,7009,42.43,0.3636,0
shipped,g0_1402.tif,7010,30.3,0.1513,0
shipped,g0_1402.tif,7011,37.66,0.0,0
shipped,g0_1402.tif,7012,78.79,0.6419,1
swapped,g0_1402.tif,7008,66.78,0.1677,0
swapped,g0_1402.tif,7009,42.43,0.1273,0
swapped,g0_1402.tif,7010,30.3,0.3072,0
swapped,g0_1402.tif,7011,37.66,0.3491,0
swapped,g0_1402.tif,7012,78.79,0.4837,0
a twice,g0_1402.tif,7008,66.78,0.1801,0
a twice,g0_1402.tif,7009,42.43,0.0,0
a twice,g0_1402.tif,7010,30.3,0.2734,0
a twice,g0_1402.tif,7011,37.66,0.3925,0
a twice,g0_1402.tif,7012,78.79,0.3349,0
b twice,g0_1402.tif,7008,66.78,0.0,0
b twice,g0_1402.tif,7009,42.43,0.2818,0
b twice,g0_1402.tif,7010,30.3,0.1846,0
b twice,g0_1402.tif,7011,37.66,0.1415,0
b twice,g0_1402.tif,7012,78.79,0.1347,0
shipped,g0_1460.tif,7298,42.09,0.4532,0
shipped,g0_1460.tif,7299,32.28,0.1491,0
shipped,g0_1460.tif,7300,42.09,0.4407,0
shipped,g0_1460.tif,7301,30.07,0.0118,0
shipped,g0_1460.tif,7302,66.15,0.3407,0
swapped,g0_1460.tif,7298,42.09,0.3202,0
swapped,g0_1460.tif,7299,32.28,0.0773,0
swapped,g0_1460.tif,7300,42.09,0.2905,0
swapped,g0_1460.tif,7301,30.07,0.0367,0
swapped,g0_1460.tif,7302,66.15,0.3363,0
a twice,g0_1460.tif,7298,42.09,0.0,0
a twice,g0_1460.tif,7299,32.28,0.0,0
a twice,g0_1460.tif,7300,42.09,0.1356,0
a twice,g0_1460.tif,7301,30.07,0.0,0
a twice,g0_1460.tif,7302,66.15,0.2525,0
b twice,g0_1460.tif,7298,42.09,0.0,0
b twice,g0_1460.tif,7299,32.28,0.0,0
b twice,g0_1460.tif,7300,42.09,0.0,0
b twice,g0_1460.tif,7301,30.07,0.0,0
b twice,g0_1460.tif,7302,66.15,0.0,0
shipped,g0_1489.tif,7443,48.13,0.1954,0
shipped,g0_1489.tif,7444,66.73,0.2708,0
shipped,g0_1489.tif,7445,78.27,0.5253,1
shipped,g0_1489.tif,7446,54.61,0.6,1
shipped,g0_1489.tif,7447,55.4,0.6685,1
swapped,g0_1489.tif,7443,48.13,0.1214,0
swapped,g0_1489.tif,7444,66.73,0.1209,0
swapped,g0_1489.tif,7445,78.27,0.4591,0
swapped,g0_1489.tif,7446,54.61,0.4588,0
swapped,g0_1489.tif,7447,55.4,0.5543,1
a twice,g0_1489.tif,7443,48.13,0.0428,0
a twice,g0_1489.tif,7444,66.73,0.198,0
a twice,g0_1489.tif,7445,78.27,0.5564,1
a twice,g0_1489.tif,7446,54.61,0.6392,1
a twice,g0_1489.tif,7447,55.4,0.6402,1
b twice,g0_1489.tif,7443,48.13,0.2795,0
b twice,g0_1489.tif,7444,66.73,0.0773,0
b twice,g0_1489.tif,7445,78.27,0.3152,0
b twice,g0_1489.tif,7446,54.61,0.4196,0
b twice,g0_1489.tif,7447,55.4,0.4185,0
shipped,g0_1494.tif,7468,54.39,0.0,0
shipped,g0_1494.tif,7469,79.35,0.0,0
shipped,g0_1494.tif,7470,54.39,0.1978,0
shipped,g0_1494.tif,7471,88.72,0.0,0
shipped,g0_1494.tif,7472,78.57,0.0,0
swapped,g0_1494.tif,7468,54.39,0.4783,0
swapped,g0_1494.tif,7469,79.35,0.4581,0
swapped,g0_1494.tif,7470,54.39,0.3077,0
swapped,g0_1494.tif,7471,88.72,0.323,0
swapped,g0_1494.tif,7472,78.57,0.288,0
a twice,g0_1494.tif,7468,54.39,0.3529,0
a twice,g0_1494.tif,7469,79.35,0.1057,0
a twice,g0_1494.tif,7470,54.39,0.4286,0
a twice,g0_1494.tif,7471,88.72,0.4086,0
a twice,g0_1494.tif,7472,78.57,0.3089,0
b twice,g0_1494.tif,7468,54.39,0.0,0
b twice,g0_1494.tif,7469,79.35,0.0,0
b twice,g0_1494.tif,7470,54.39,0.0,0
b twice,g0_1494.tif,7471,88.72,0.0,0
b twice,g0_1494.tif,7472,78.57,0.032,0
shipped,g0_1504.tif,7518,30.66,0.0,0
shipped,g0_1504.tif,7519,42.91,0.0,0
shipped,g0_1504.tif,7520,48.49,0.0,0
shipped,g0_1504.tif,7521,30.66,0.0,0
shipped,g0_1504.tif,7522,30.66,0.0,0
swapped,g0_1504.tif,7518,30.66,0.0,0
swapped,g0_1504.tif,7519,42.91,0.0,0
swapped,g0_1504.tif,7520,48.49,0.0,0
swapped,g0_1504.tif,7521,30.66,0.0,0
swapped,g0_1504.tif,7522,30.66,0.0,0
a twice,g0_1504.tif,7518,30.66,0.0,0
a twice,g0_1504.tif,7519,42.91,0.0,0
a twice,g0_1504.tif,7520,48.49,0.0,0
a twice,g0_1504.tif,7521,30.66,0.0,0
a twice,g0_1504.tif,7522,30.66,0.0,0
b twice,g0_1504.tif,7518,30.66,0.0,0
b twice,g0_1504.tif,7519,42.91,0.0,0
b twice,g0_1504.tif,7520,48.49,0.0,0
b twice,g0_1504.tif,7521,30.66,0.0,0
b twice,g0_1504.tif,7522,30.66,0.0,0
shipped,g0_1507.tif,7533,21.18,0.0738,0
shipped,g0_1507.tif,7534,28.43,0.2054,0
shipped,g0_1507.tif,7535,28.43,0.1825,0
shipped,g0_1507.tif,7536,18.34,0.0565,0
shipped,g0_1507.tif,7537,28.43,0.2373,0
swapped,g0_1507.tif,7533,21.18,0.0982,0
swapped,g0_1507.tif,7534,28.43,0.1869,0
swapped,g0_1507.tif,7535,28.43,0.2368,0
swapped,g0_1507.tif,7536,18.34,0.1182,0
swapped,g0_1507.tif,7537,28.43,0.1405,0
a twice,g0_1507.tif,7533,21.18,0.0206,0
a twice,g0_1507.tif,7534,28.43,0.0572,0
a twice,g0_1507.tif,7535,28.43,0.0928,0
a twice,g0_1507.tif,7536,18.34,0.0327,0
a twice,g0_1507.tif,7537,28.43,0.0493,0
b twice,g0_1507.tif,7533,21.18,0.0602,0
b twice,g0_1507.tif,7534,28.43,0.0984,0
b twice,g0_1507.tif,7535,28.43,0.1371,0
b twice,g0_1507.tif,7536,18.34,0.0353,0
b twice,g0_1507.tif,7537,28.43,0.0731,0
shipped,g0_1539.tif,7693,64.63,0.0,0
shipped,g0_1539.tif,7694,54.56,0.0,0
shipped,g0_1539.tif,7695,86.31,0.0,0
shipped,g0_1539.tif,7696,135.83,0.0,0
shipped,g0_1539.tif,7697,79.71,0.0,0
swapped,g0_1539.tif,7693,64.63,0.0,0
swapped,g0_1539.tif,7694,54.56,0.0,0
swapped,g0_1539.tif,7695,86.31,0.0,0
swapped,g0_1539.tif,7696,135.83,0.0226,0
swapped,g0_1539.tif,7697,79.71,0.0,0
a twice,g0_1539.tif,7693,64.63,0.0,0
a twice,g0_1539.tif,7694,54.56,0.0,0
a twice,g0_1539.tif,7695,86.31,0.2074,0
a twice,g0_1539.tif,7696,135.83,0.0,0
a twice,g0_1539.tif,7697,79.71,0.1429,0
b twice,g0_1539.tif,7693,64.63,0.0,0
b twice,g0_1539.tif,7694,54.56,0.0,0
b twice,g0_1539.tif,7695,86.31,0.2358,0
b twice,g0_1539.tif,7696,135.83,0.0172,0
b twice,g0_1539.tif,7697,79.71,0.076,0
shipped,g0_1550.tif,7748,43.91,0.0,0
shipped,g0_1550.tif,7749,48.14,0.0,0
shipped,g0_1550.tif,7750,42.42,0.0348,0
shipped,g0_1550.tif,7751,54.53,0.0,0
shipped,g0_1550.tif,7752,30.3,0.5147,1
swapped,g0_1550.tif,7748,43.91,0.0,0
swapped,g0_1550.tif,7749,48.14,0.0,0
swapped,g0_1550.tif,7750,42.42,0.0155,0
swapped,g0_1550.tif,7751,54.53,0.0,0
swapped,g0_1550.tif,7752,30.3,0.4024,0
a twice,g0_1550.tif,7748,43.91,0.0,0
a twice,g0_1550.tif,7749,48.14,0.0,0
a twice,g0_1550.tif,7750,42.42,0.0,0
a twice,g0_1550.tif,7751,54.53,0.0,0
a twice,g0_1550.tif,7752,30.3,0.0,0
b twice,g0_1550.tif,7748,43.91,0.0,0
b twice,g0_1550.tif,7749,48.14,0.1717,0
b twice,g0_1550.tif,7750,42.42,0.0097,0
b twice,g0_1550.tif,7751,54.53,0.2105,0
b twice,g0_1550.tif,7752,30.3,0.3538,0
shipped,g0_1607.tif,8033,103.03,0.3034,0
shipped,g0_1607.tif,8034,90.91,0.4667,0
shipped,g0_1607.tif,8035,115.16,0.5552,1
shipped,g0_1607.tif,8036,78.79,0.6163,1
shipped,g0_1607.tif,8037,90.91,0.5912,1
swapped,g0_1607.tif,8033,103.03,0.3277,0
swapped,g0_1607.tif,8034,90.91,0.5367,1
swapped,g0_1607.tif,8035,115.16,0.653,1
swapped,g0_1607.tif,8036,78.79,0.498,0
swapped,g0_1607.tif,8037,90.91,0.5125,1
a twice,g0_1607.tif,8033,103.03,0.3989,0
a twice,g0_1607.tif,8034,90.91,0.2,0
a twice,g0_1607.tif,8035,115.16,0.6815,1
a twice,g0_1607.tif,8036,78.79,0.5388,1
a twice,g0_1607.tif,8037,90.91,0.5928,1
b twice,g0_1607.tif,8033,103.03,0.5282,1
b twice,g0_1607.tif,8034,90.91,0.2226,0
b twice,g0_1607.tif,8035,115.16,0.3392,0
b twice,g0_1607.tif,8036,78.79,0.2816,0
b twice,g0_1607.tif,8037,90.91,0.4155,0
shipped,g0_1635.tif,8173,54.55,0.0,0
shipped,g0_1635.tif,8174,54.52,0.0,0
shipped,g0_1635.tif,8175,32.27,0.0,0
shipped,g0_1635.tif,8176,32.27,0.0,0
shipped,g0_1635.tif,8177,48.14,0.0,0
swapped,g0_1635.tif,8173,54.55,0.0,0
swapped,g0_1635.tif,8174,54.52,0.0,0
swapped,g0_1635.tif,8175,32.27,0.0,0
swapped,g0_1635.tif,8176,32.27,0.0,0
swapped,g0_1635.tif,8177,48.14,0.0,0
a twice,g0_1635.tif,8173,54.55,0.0,0
a twice,g0_1635.tif,8174,54.52,0.0,0
a twice,g0_1635.tif,8175,32.27,0.0,0
a twice,g0_1635.tif,8176,32.27,0.0,0
a twice,g0_1635.tif,8177,48.14,0.0,0
b twice,g0_1635.tif,8173,54.55,0.0,0
b twice,g0_1635.tif,8174,54.52,0.0,0
b twice,g0_1635.tif,8175,32.27,0.0,0
b twice,g0_1635.tif,8176,32.27,0.0,0
b twice,g0_1635.tif,8177,48.14,0.0,0
shipped,g0_1651.tif,8253,68.15,0.3526,0
shipped,g0_1651.tif,8254,65.02,0.082,0
shipped,g0_1651.tif,8255,68.15,0.2898,0
shipped,g0_1651.tif,8256,59.61,0.2645,0
shipped,g0_1651.tif,8257,56.14,0.3499,0
swapped,g0_1651.tif,8253,68.15,0.312,0
swapped,g0_1651.tif,8254,65.02,0.0789,0
swapped,g0_1651.tif,8255,68.15,0.1818,0
swapped,g0_1651.tif,8256,59.61,0.2703,0
swapped,g0_1651.tif,8257,56.14,0.5219,1
a twice,g0_1651.tif,8253,68.15,0.6035,1
a twice,g0_1651.tif,8254,65.02,0.1417,0
a twice,g0_1651.tif,8255,68.15,0.1067,0
a twice,g0_1651.tif,8256,59.61,0.218,0
a twice,g0_1651.tif,8257,56.14,0.4606,0
b twice,g0_1651.tif,8253,68.15,0.0667,0
b twice,g0_1651.tif,8254,65.02,0.0499,0
b twice,g0_1651.tif,8255,68.15,0.321,0
b twice,g0_1651.tif,8256,59.61,0.1047,0
b twice,g0_1651.tif,8257,56.14,0.3353,0
shipped,g0_1687.tif,8433,43.73,0.0,0
shipped,g0_1687.tif,8434,28.08,0.0,0
shipped,g0_1687.tif,8435,20.92,0.0,0
shipped,g0_1687.tif,8436,42.25,0.0,0
shipped,g0_1687.tif,8437,20.92,0.0,0
swapped,g0_1687.tif,8433,43.73,0.3542,0
swapped,g0_1687.tif,8434,28.08,0.4177,0
swapped,g0_1687.tif,8435,20.92,0.2235,0
swapped,g0_1687.tif,8436,42.25,0.2647,0
swapped,g0_1687.tif,8437,20.92,0.0,0
a twice,g0_1687.tif,8433,43.73,0.4242,0
a twice,g0_1687.tif,8434,28.08,0.5278,1
a twice,g0_1687.tif,8435,20.92,0.1333,0
a twice,g0_1687.tif,8436,42.25,0.1765,0
a twice,g0_1687.tif,8437,20.92,0.0,0
b twice,g0_1687.tif,8433,43.73,0.5408,1
b twice,g0_1687.tif,8434,28.08,0.3684,0
b twice,g0_1687.tif,8435,20.92,0.1707,0
b twice,g0_1687.tif,8436,42.25,0.1942,0
b twice,g0_1687.tif,8437,20.92,0.0,0
shipped,g0_1721.tif,8603,21.17,0.0,0
shipped,g0_1721.tif,8604,42.71,0.0,0
shipped,g0_1721.tif,8605,42.71,0.0,0
shipped,g0_1721.tif,8606,42.71,0.0,0
shipped,g0_1721.tif,8607,54.56,0.0,0
swapped,g0_1721.tif,8603,21.17,0.097,0
swapped,g0_1721.tif,8604,42.71,0.24,0
swapped,g0_1721.tif,8605,42.71,0.3494,0
swapped,g0_1721.tif,8606,42.71,0.2014,0
swapped,g0_1721.tif,8607,54.56,0.1732,0
a twice,g0_1721.tif,8603,21.17,0.1418,0
a twice,g0_1721.tif,8604,42.71,0.24,0
a twice,g0_1721.tif,8605,42.71,0.2169,0
a twice,g0_1721.tif,8606,42.71,0.0,0
a twice,g0_1721.tif,8607,54.56,0.0323,0
b twice,g0_1721.tif,8603,21.17,0.0,0
b twice,g0_1721.tif,8604,42.71,0.0,0
b twice,g0_1721.tif,8605,42.71,0.0,0
b twice,g0_1721.tif,8606,42.71,0.0,0
b twice,g0_1721.tif,8607,54.56,0.0,0
shipped,g0_1762.tif,8808,45.21,0.0,0
shipped,g0_1762.tif,8809,37.58,0.0,0
shipped,g0_1762.tif,8810,37.46,0.0,0
shipped,g0_1762.tif,8811,37.46,0.0,0
shipped,g0_1762.tif,8812,43.93,0.0,0
swapped,g0_1762.tif,8808,45.21,0.0,0
swapped,g0_1762.tif,8809,37.58,0.0,0
swapped,g0_1762.tif,8810,37.46,0.0,0
swapped,g0_1762.tif,8811,37.46,0.0,0
swapped,g0_1762.tif,8812,43.93,0.0,0
a twice,g0_1762.tif,8808,45.21,0.0,0
a twice,g0_1762.tif,8809,37.58,0.2234,0
a twice,g0_1762.tif,8810,37.46,0.0,0
a twice,g0_1762.tif,8811,37.46,0.0,0
a twice,g0_1762.tif,8812,43.93,0.1978,0
b twice,g0_1762.tif,8808,45.21,0.0,0
b twice,g0_1762.tif,8809,37.58,0.0,0
b twice,g0_1762.tif,8810,37.46,0.0,0
b twice,g0_1762.tif,8811,37.46,0.0,0
b twice,g0_1762.tif,8812,43.93,0.0,0
shipped,g0_1776.tif,8878,32.15,0.0,0
shipped,g0_1776.tif,8879,30.18,0.0,0
shipped,g0_1776.tif,8880,37.54,0.0,0
shipped,g0_1776.tif,8881,37.54,0.0,0
shipped,g0_1776.tif,8882,30.32,0.0,0
swapped,g0_1776.tif,8878,32.15,0.3796,0
swapped,g0_1776.tif,8879,30.18,0.2727,0
swapped,g0_1776.tif,8880,37.54,0.4545,0
swapped,g0_1776.tif,8881,37.54,0.1056,0
swapped,g0_1776.tif,8882,30.32,0.2967,0
a twice,g0_1776.tif,8878,32.15,0.0,0
a twice,g0_1776.tif,8879,30.18,0.0,0
a twice,g0_1776.tif,8880,37.54,0.0,0
a twice,g0_1776.tif,8881,37.54,0.0,0
a twice,g0_1776.tif,8882,30.32,0.0,0
b twice,g0_1776.tif,8878,32.15,0.131,0
b twice,g0_1776.tif,8879,30.18,0.0,0
b twice,g0_1776.tif,8880,37.54,0.0,0
b twice,g0_1776.tif,8881,37.54,0.0065,0
b twice,g0_1776.tif,8882,30.32,0.0,0
shipped,g0_1794.tif,8968,32.07,0.0,0
shipped,g0_1794.tif,8969,28.1,0.0,0
shipped,g0_1794.tif,8970,32.19,0.0106,0
shipped,g0_1794.tif,8971,20.93,0.0,0
shipped,g0_1794.tif,8972,28.1,0.0,0
swapped,g0_1794.tif,8968,32.07,0.0,0
swapped,g0_1794.tif,8969,28.1,0.0,0
swapped,g0_1794.tif,8970,32.19,0.0,0
swapped,g0_1794.tif,8971,20.93,0.0,0
swapped,g0_1794.tif,8972,28.1,0.0,0
a twice,g0_1794.tif,8968,32.07,0.0612,0
a twice,g0_1794.tif,8969,28.1,0.044,0
a twice,g0_1794.tif,8970,32.19,0.011,0
a twice,g0_1794.tif,8971,20.93,0.2885,0
a twice,g0_1794.tif,8972,28.1,0.2241,0
b twice,g0_1794.tif,8968,32.07,0.127,0
b twice,g0_1794.tif,8969,28.1,0.0,0
b twice,g0_1794.tif,8970,32.19,0.0,0
b twice,g0_1794.tif,8971,20.93,0.0,0
b twice,g0_1794.tif,8972,28.1,0.0,0
shipped,g0_1806.tif,9028,86.72,0.0787,0
shipped,g0_1806.tif,9029,75.64,0.1531,0
shipped,g0_1806.tif,9030,44.2,0.1587,0
shipped,g0_1806.tif,9031,30.52,0.2632,0
shipped,g0_1806.tif,9032,59.27,0.425,0
swapped,g0_1806.tif,9028,86.72,0.0,0
swapped,g0_1806.tif,9029,75.64,0.1292,0
swapped,g0_1806.tif,9030,44.2,0.2067,0
swapped,g0_1806.tif,9031,30.52,0.306,0
swapped,g0_1806.tif,9032,59.27,0.3917,0
a twice,g0_1806.tif,9028,86.72,0.4528,0
a twice,g0_1806.tif,9029,75.64,0.1866,0
a twice,g0_1806.tif,9030,44.2,0.1442,0
a twice,g0_1806.tif,9031,30.52,0.2701,0
a twice,g0_1806.tif,9032,59.27,0.4333,0
b twice,g0_1806.tif,9028,86.72,0.0319,0
b twice,g0_1806.tif,9029,75.64,0.0367,0
b twice,g0_1806.tif,9030,44.2,0.1538,0
b twice,g0_1806.tif,9031,30.52,0.0,0
b twice,g0_1806.tif,9032,59.27,0.2214,0
shipped,g0_1820.tif,9098,18.19,0.0,0
shipped,g0_1820.tif,9099,30.28,0.0,0
shipped,g0_1820.tif,9100,21.05,0.0,0
shipped,g0_1820.tif,9101,28.22,0.0,0
shipped,g0_1820.tif,9102,30.28,0.0,0
swapped,g0_1820.tif,9098,18.19,0.0,0
swapped,g0_1820.tif,9099,30.28,0.0,0
swapped,g0_1820.tif,9100,21.05,0.0,0
swapped,g0_1820.tif,9101,28.22,0.0,0
swapped,g0_1820.tif,9102,30.28,0.0,0
a twice,g0_1820.tif,9098,18.19,0.0,0
a twice,g0_1820.tif,9099,30.28,0.0,0
a twice,g0_1820.tif,9100,21.05,0.0,0
a twice,g0_1820.tif,9101,28.22,0.0,0
a twice,g0_1820.tif,9102,30.28,0.0,0
b twice,g0_1820.tif,9098,18.19,0.0,0
b twice,g0_1820.tif,9099,30.28,0.0,0
b twice,g0_1820.tif,9100,21.05,0.0,0
b twice,g0_1820.tif,9101,28.22,0.0,0
b twice,g0_1820.tif,9102,30.28,0.0,0
shipped,g0_1822.tif,9108,42.62,0.0,0
shipped,g0_1822.tif,9109,30.45,0.0,0
shipped,g0_1822.tif,9110,30.45,0.0,0
shipped,g0_1822.tif,9111,32.41,0.0,0
shipped,g0_1822.tif,9112,30.45,0.0,0
swapped,g0_1822.tif,9108,42.62,0.0,0
swapped,g0_1822.tif,9109,30.45,0.0,0
swapped,g0_1822.tif,9110,30.45,0.0,0
swapped,g0_1822.tif,9111,32.41,0.0,0
swapped,g0_1822.tif,9112,30.45,0.0,0
a twice,g0_1822.tif,9108,42.62,0.0,0
a twice,g0_1822.tif,9109,30.45,0.0,0
a twice,g0_1822.tif,9110,30.45,0.0,0
a twice,g0_1822.tif,9111,32.41,0.0,0
a twice,g0_1822.tif,9112,30.45,0.0,0
b twice,g0_1822.tif,9108,42.62,0.0024,0
b twice,g0_1822.tif,9109,30.45,0.0027,0
b twice,g0_1822.tif,9110,30.45,0.0041,0
b twice,g0_1822.tif,9111,32.41,0.0061,0
b twice,g0_1822.tif,9112,30.45,0.0071,0
shipped,g0_1839.tif,9193,18.31,0.0,0
shipped,g0_1839.tif,9194,71.07,0.0,0
shipped,g0_1839.tif,9195,37.9,0.358,0
shipped,g0_1839.tif,9196,91.52,0.0,0
shipped,g0_1839.tif,9197,91.52,0.0,0
swapped,g0_1839.tif,9193,18.31,0.0253,0
swapped,g0_1839.tif,9194,71.07,0.1257,0
swapped,g0_1839.tif,9195,37.9,0.3333,0
swapped,g0_1839.tif,9196,91.52,0.0916,0
swapped,g0_1839.tif,9197,91.52,0.0095,0
a twice,g0_1839.tif,9193,18.31,0.137,0
a twice,g0_1839.tif,9194,71.07,0.4918,0
a twice,g0_1839.tif,9195,37.9,0.5432,1
a twice,g0_1839.tif,9196,91.52,0.1394,0
a twice,g0_1839.tif,9197,91.52,0.3408,0
b twice,g0_1839.tif,9193,18.31,0.0,0
b twice,g0_1839.tif,9194,71.07,0.1694,0
b twice,g0_1839.tif,9195,37.9,0.4455,0
b twice,g0_1839.tif,9196,91.52,0.0,0
b twice,g0_1839.tif,9197,91.52,0.4906,0
shipped,g0_1845.tif,9223,32.27,0.0,0
shipped,g0_1845.tif,9224,28.21,0.0,0
shipped,g0_1845.tif,9225,43.91,0.0,0
shipped,g0_1845.tif,9226,28.21,0.0,0
shipped,g0_1845.tif,9227,45.34,0.0,0
swapped,g0_1845.tif,9223,32.27,0.0,0
swapped,g0_1845.tif,9224,28.21,0.0,0
swapped,g0_1845.tif,9225,43.91,0.0,0
swapped,g0_1845.tif,9226,28.21,0.0,0
swapped,g0_1845.tif,9227,45.34,0.0,0
a twice,g0_1845.tif,9223,32.27,0.0,0
a twice,g0_1845.tif,9224,28.21,0.0,0
a twice,g0_1845.tif,9225,43.91,0.0,0
a twice,g0_1845.tif,9226,28.21,0.0,0
a twice,g0_1845.tif,9227,45.34,0.0,0
b twice,g0_1845.tif,9223,32.27,0.0,0
b twice,g0_1845.tif,9224,28.21,0.0,0
b twice,g0_1845.tif,9225,43.91,0.0,0
b twice,g0_1845.tif,9226,28.21,0.0,0
b twice,g0_1845.tif,9227,45.34,0.0,0
shipped,g0_1850.tif,9248,42.46,0.0,0
shipped,g0_1850.tif,9249,18.22,0.0,0
shipped,g0_1850.tif,9250,42.15,0.0,0
shipped,g0_1850.tif,9251,30.34,0.0,0
shipped,g0_1850.tif,9252,21.05,0.0,0
swapped,g0_1850.tif,9248,42.46,0.0,0
swapped,g0_1850.tif,9249,18.22,0.0,0
swapped,g0_1850.tif,9250,42.15,0.0,0
swapped,g0_1850.tif,9251,30.34,0.0,0
swapped,g0_1850.tif,9252,21.05,0.0,0
a twice,g0_1850.tif,9248,42.46,0.0,0
a twice,g0_1850.tif,9249,18.22,0.0,0
a twice,g0_1850.tif,9250,42.15,0.0,0
a twice,g0_1850.tif,9251,30.34,0.0,0
a twice,g0_1850.tif,9252,21.05,0.0,0
b twice,g0_1850.tif,9248,42.46,0.0,0
b twice,g0_1850.tif,9249,18.22,0.0,0
b twice,g0_1850.tif,9250,42.15,0.0,0
b twice,g0_1850.tif,9251,30.34,0.0,0
b twice,g0_1850.tif,9252,21.05,0.0,0
shipped,g0_1869.tif,9343,54.48,0.1513,0
shipped,g0_1869.tif,9344,75.22,0.1564,0
shipped,g0_1869.tif,9345,37.63,0.152,0
shipped,g0_1869.tif,9346,79.58,0.1273,0
shipped,g0_1869.tif,9347,59.2,0.1932,0
swapped,g0_1869.tif,9343,54.48,0.1867,0
swapped,g0_1869.tif,9344,75.22,0.1746,0
swapped,g0_1869.tif,9345,37.63,0.0059,0
swapped,g0_1869.tif,9346,79.58,0.3194,0
swapped,g0_1869.tif,9347,59.2,0.4372,0
a twice,g0_1869.tif,9343,54.48,0.2101,0
a twice,g0_1869.tif,9344,75.22,0.0735,0
a twice,g0_1869.tif,9345,37.63,0.056,0
a twice,g0_1869.tif,9346,79.58,0.128,0
a twice,g0_1869.tif,9347,59.2,0.4148,0
b twice,g0_1869.tif,9343,54.48,0.0,0
b twice,g0_1869.tif,9344,75.22,0.0,0
b twice,g0_1869.tif,9345,37.63,0.0,0
b twice,g0_1869.tif,9346,79.58,0.0,0
b twice,g0_1869.tif,9347,59.2,0.0,0
shipped,g0_1901.tif,9503,42.43,0.0,0
shipped,g0_1901.tif,9504,42.43,0.0,0
shipped,g0_1901.tif,9505,66.59,0.0,0
shipped,g0_1901.tif,9506,70.52,0.0,0
shipped,g0_1901.tif,9507,54.55,0.0,0
swapped,g0_1901.tif,9503,42.43,0.0504,0
swapped,g0_1901.tif,9504,42.43,0.3735,0
swapped,g0_1901.tif,9505,66.59,0.0696,0
swapped,g0_1901.tif,9506,70.52,0.1846,0
swapped,g0_1901.tif,9507,54.55,0.0,0
a twice,g0_1901.tif,9503,42.43,0.25,0
a twice,g0_1901.tif,9504,42.43,0.3766,0
a twice,g0_1901.tif,9505,66.59,0.0,0
a twice,g0_1901.tif,9506,70.52,0.2615,0
a twice,g0_1901.tif,9507,54.55,0.0,0
b twice,g0_1901.tif,9503,42.43,0.0367,0
b twice,g0_1901.tif,9504,42.43,0.2439,0
b twice,g0_1901.tif,9505,66.59,0.3881,0
b twice,g0_1901.tif,9506,70.52,0.2819,0
b twice,g0_1901.tif,9507,54.55,0.3585,0
shipped,g0_1922.tif,9608,42.43,0.25,0
shipped,g0_1922.tif,9609,78.79,0.0,0
shipped,g0_1922.tif,9610,42.45,0.0,0
shipped,g0_1922.tif,9611,90.91,0.0,0
shipped,g0_1922.tif,9612,42.45,0.0,0
swapped,g0_1922.tif,9608,42.43,0.3252,0
swapped,g0_1922.tif,9609,78.79,0.5962,1
swapped,g0_1922.tif,9610,42.45,0.4375,0
swapped,g0_1922.tif,9611,90.91,0.27,0
swapped,g0_1922.tif,9612,42.45,0.4875,0
a twice,g0_1922.tif,9608,42.43,0.2857,0
a twice,g0_1922.tif,9609,78.79,0.6808,1
a twice,g0_1922.tif,9610,42.45,0.4507,0
a twice,g0_1922.tif,9611,90.91,0.673,1
a twice,g0_1922.tif,9612,42.45,0.45,0
b twice,g0_1922.tif,9608,42.43,0.0,0
b twice,g0_1922.tif,9609,78.79,0.0,0
b twice,g0_1922.tif,9610,42.45,0.0,0
b twice,g0_1922.tif,9611,90.91,0.0,0
b twice,g0_1922.tif,9612,42.45,0.0,0
shipped,g0_1938.tif,9688,54.19,0.0,0
shipped,g0_1938.tif,9689,42.15,0.0,0
shipped,g0_1938.tif,9690,54.71,0.0657,0
shipped,g0_1938.tif,9691,37.66,0.0,0
shipped,g0_1938.tif,9692,66.24,0.0,0
swapped,g0_1938.tif,9688,54.19,0.1232,0
swapped,g0_1938.tif,9689,42.15,0.0,0
swapped,g0_1938.tif,9690,54.71,0.2664,0
swapped,g0_1938.tif,9691,37.66,0.0,0
swapped,g0_1938.tif,9692,66.24,0.0,0
a twice,g0_1938.tif,9688,54.19,0.3478,0
a twice,g0_1938.tif,9689,42.15,0.5,1
a twice,g0_1938.tif,9690,54.71,0.5365,1
a twice,g0_1938.tif,9691,37.66,0.3908,0
a twice,g0_1938.tif,9692,66.24,0.655,1
b twice,g0_1938.tif,9688,54.19,0.0066,0
b twice,g0_1938.tif,9689,42.15,0.1386,0
b twice,g0_1938.tif,9690,54.71,0.0605,0
b twice,g0_1938.tif,9691,37.66,0.0,0
b twice,g0_1938.tif,9692,66.24,0.0,0
shipped,g0_1951.tif,9753,37.85,0.0,0
shipped,g0_1951.tif,9754,30.29,0.3103,0
shipped,g0_1951.tif,9755,42.4,0.25,0
shipped,g0_1951.tif,9756,28.34,0.0,0
shipped,g0_1951.tif,9757,30.56,0.0,0
swapped,g0_1951.tif,9753,37.85,0.0,0
swapped,g0_1951.tif,9754,30.29,0.2099,0
swapped,g0_1951.tif,9755,42.4,0.2143,0
swapped,g0_1951.tif,9756,28.34,0.0,0
swapped,g0_1951.tif,9757,30.56,0.0,0
a twice,g0_1951.tif,9753,37.85,0.1944,0
a twice,g0_1951.tif,9754,30.29,0.26,0
a twice,g0_1951.tif,9755,42.4,0.3738,0
a twice,g0_1951.tif,9756,28.34,0.0,0
a twice,g0_1951.tif,9757,30.56,0.0,0
b twice,g0_1951.tif,9753,37.85,0.1368,0
b twice,g0_1951.tif,9754,30.29,0.1585,0
b twice,g0_1951.tif,9755,42.4,0.234,0
b twice,g0_1951.tif,9756,28.34,0.0,0
b twice,g0_1951.tif,9757,30.56,0.0,0
shipped,g0_1985.tif,9923,82.21,0.0,0
shipped,g0_1985.tif,9924,115.19,0.0,0
shipped,g0_1985.tif,9925,30.3,0.0,0
shipped,g0_1985.tif,9926,32.27,0.0,0
shipped,g0_1985.tif,9927,48.15,0.0,0
swapped,g0_1985.tif,9923,82.21,0.0,0
swapped,g0_1985.tif,9924,115.19,0.0338,0
swapped,g0_1985.tif,9925,30.3,0.0,0
swapped,g0_1985.tif,9926,32.27,0.0,0
swapped,g0_1985.tif,9927,48.15,0.347,0
a twice,g0_1985.tif,9923,82.21,0.0916,0
a twice,g0_1985.tif,9924,115.19,0.0,0
a twice,g0_1985.tif,9925,30.3,0.0,0
a twice,g0_1985.tif,9926,32.27,0.0,0
a twice,g0_1985.tif,9927,48.15,0.049,0
b twice,g0_1985.tif,9923,82.21,0.0806,0
b twice,g0_1985.tif,9924,115.19,0.0482,0
b twice,g0_1985.tif,9925,30.3,0.0,0
b twice,g0_1985.tif,9926,32.27,0.0,0
b twice,g0_1985.tif,9927,48.15,0.0,0
shipped,g1_0255.tif,1276,18.31,0.0,0
shipped,g1_0255.tif,1277,18.31,0.0,0
shipped,g1_0255.tif,1278,18.31,0.0,0
shipped,g1_0255.tif,1279,18.31,0.0,0
shipped,g1_0255.tif,1280,18.31,0.0,0
swapped,g1_0255.tif,1276,18.31,0.0,0
swapped,g1_0255.tif,1277,18.31,0.0,0
swapped,g1_0255.tif,1278,18.31,0.0,0
swapped,g1_0255.tif,1279,18.31,0.0,0
swapped,g1_0255.tif,1280,18.31,0.0,0
a twice,g1_0255.tif,1276,18.31,0.0252,0
a twice,g1_0255.tif,1277,18.31,0.0121,0
a twice,g1_0255.tif,1278,18.31,0.0194,0
a twice,g1_0255.tif,1279,18.31,0.027,0
a twice,g1_0255.tif,1280,18.31,0.0177,0
b twice,g1_0255.tif,1276,18.31,0.3077,0
b twice,g1_0255.tif,1277,18.31,0.0,0
b twice,g1_0255.tif,1278,18.31,0.0,0
b twice,g1_0255.tif,1279,18.31,0.0,0
b twice,g1_0255.tif,1280,18.31,0.0,0
shipped,g1_0263.tif,1317,30.31,0.0,0
shipped,g1_0263.tif,1318,55.76,0.0,0
shipped,g1_0263.tif,1319,21.05,0.0,0
shipped,g1_0263.tif,1320,21.05,0.0,0
swapped,g1_0263.tif,1317,30.31,0.0,0
swapped,g1_0263.tif,1318,55.76,0.0,0
swapped,g1_0263.tif,1319,21.05,0.0,0
swapped,g1_0263.tif,1320,21.05,0.0,0
a twice,g1_0263.tif,1317,30.31,0.0,0
a twice,g1_0263.tif,1318,55.76,0.0,0
a twice,g1_0263.tif,1319,21.05,0.0,0
a twice,g1_0263.tif,1320,21.05,0.0,0
b twice,g1_0263.tif,1317,30.31,0.0,0
b twice,g1_0263.tif,1318,55.76,0.0,0
b twice,g1_0263.tif,1319,21.05,0.0286,0
b twice,g1_0263.tif,1320,21.05,0.0,0
shipped,g1_0264.tif,1321,30.62,0.0,0
shipped,g1_0264.tif,1322,18.38,0.0,0
shipped,g1_0264.tif,1323,30.5,0.0,0
shipped,g1_0264.tif,1324,21.2,0.0,0
shipped,g1_0264.tif,1325,32.49,0.0,0
swapped,g1_0264.tif,1321,30.62,0.0,0
swapped,g1_0264.tif,1322,18.38,0.0,0
swapped,g1_0264.tif,1323,30.5,0.0,0
swapped,g1_0264.tif,1324,21.2,0.0,0
swapped,g1_0264.tif,1325,32.49,0.0,0
a twice,g1_0264.tif,1321,30.62,0.0,0
a twice,g1_0264.tif,1322,18.38,0.0,0
a twice,g1_0264.tif,1323,30.5,0.0,0
a twice,g1_0264.tif,1324,21.2,0.0,0
a twice,g1_0264.tif,1325,32.49,0.0,0
b twice,g1_0264.tif,1321,30.62,0.0,0
b twice,g1_0264.tif,1322,18.38,0.0,0
b twice,g1_0264.tif,1323,30.5,0.0,0
b twice,g1_0264.tif,1324,21.2,0.0,0
b twice,g1_0264.tif,1325,32.49,0.0152,0
shipped,g1_0474.tif,2371,18.23,0.0,0
shipped,g1_0474.tif,2372,30.38,0.0,0
shipped,g1_0474.tif,2373,28.36,0.0,0
shipped,g1_0474.tif,2374,18.23,0.0,0
shipped,g1_0474.tif,2375,18.33,0.0,0
swapped,g1_0474.tif,2371,18.23,0.0,0
swapped,g1_0474.tif,2372,30.38,0.0,0
swapped,g1_0474.tif,2373,28.36,0.0,0
swapped,g1_0474.tif,2374,18.23,0.0,0
swapped,g1_0474.tif,2375,18.33,0.0,0
a twice,g1_0474.tif,2371,18.23,0.0,0
a twice,g1_0474.tif,2372,30.38,0.0,0
a twice,g1_0474.tif,2373,28.36,0.0,0
a twice,g1_0474.tif,2374,18.23,0.0,0
a twice,g1_0474.tif,2375,18.33,0.0,0
b twice,g1_0474.tif,2371,18.23,0.0,0
b twice,g1_0474.tif,2372,30.38,0.0,0
b twice,g1_0474.tif,2373,28.36,0.0,0
b twice,g1_0474.tif,2374,18.23,0.0,0
b twice,g1_0474.tif,2375,18.33,0.0,0
shipped,g1_0482.tif,2411,28.5,0.0,0
shipped,g1_0482.tif,2412,21.21,0.0,0
shipped,g1_0482.tif,2413,45.8,0.0,0
shipped,g1_0482.tif,2414,44.22,0.0,0
shipped,g1_0482.tif,2415,48.7,0.0,0
swapped,g1_0482.tif,2411,28.5,0.0,0
swapped,g1_0482.tif,2412,21.21,0.0,0
swapped,g1_0482.tif,2413,45.8,0.0,0
swapped,g1_0482.tif,2414,44.22,0.0,0
swapped,g1_0482.tif,2415,48.7,0.0,0
a twice,g1_0482.tif,2411,28.5,0.0,0
a twice,g1_0482.tif,2412,21.21,0.0,0
a twice,g1_0482.tif,2413,45.8,0.0,0
a twice,g1_0482.tif,2414,44.22,0.0,0
a twice,g1_0482.tif,2415,48.7,0.0,0
b twice,g1_0482.tif,2411,28.5,0.0,0
b twice,g1_0482.tif,2412,21.21,0.0,0
b twice,g1_0482.tif,2413,45.8,0.0,0
b twice,g1_0482.tif,2414,44.22,0.0,0
b twice,g1_0482.tif,2415,48.7,0.0,0
shipped,g1_0530.tif,2651,42.64,0.0,0
shipped,g1_0530.tif,2652,28.31,0.0,0
shipped,g1_0530.tif,2653,18.29,0.0,0
shipped,g1_0530.tif,2654,18.19,0.0,0
shipped,g1_0530.tif,2655,37.78,0.0,0
swapped,g1_0530.tif,2651,42.64,0.0,0
swapped,g1_0530.tif,2652,28.31,0.0,0
swapped,g1_0530.tif,2653,18.29,0.0,0
swapped,g1_0530.tif,2654,18.19,0.087,0
swapped,g1_0530.tif,2655,37.78,0.0,0
a twice,g1_0530.tif,2651,42.64,0.0,0
a twice,g1_0530.tif,2652,28.31,0.0,0
a twice,g1_0530.tif,2653,18.29,0.0,0
a twice,g1_0530.tif,2654,18.19,0.0,0
a twice,g1_0530.tif,2655,37.78,0.0,0
b twice,g1_0530.tif,2651,42.64,0.0,0
b twice,g1_0530.tif,2652,28.31,0.0,0
b twice,g1_0530.tif,2653,18.29,0.0,0
b twice,g1_0530.tif,2654,18.19,0.0,0
b twice,g1_0530.tif,2655,37.78,0.0,0
shipped,g1_0589.tif,2946,32.55,0.0,0
shipped,g1_0589.tif,2947,32.7,0.0,0
shipped,g1_0589.tif,2948,38.01,0.0,0
shipped,g1_0589.tif,2949,32.55,0.0,0
shipped,g1_0589.tif,2950,30.73,0.0,0
swapped,g1_0589.tif,2946,32.55,0.0,0
swapped,g1_0589.tif,2947,32.7,0.0,0
swapped,g1_0589.tif,2948,38.01,0.0,0
swapped,g1_0589.tif,2949,32.55,0.0,0
swapped,g1_0589.tif,2950,30.73,0.0,0
a twice,g1_0589.tif,2946,32.55,0.0,0
a twice,g1_0589.tif,2947,32.7,0.0,0
a twice,g1_0589.tif,2948,38.01,0.0,0
a twice,g1_0589.tif,2949,32.55,0.0,0
a twice,g1_0589.tif,2950,30.73,0.0,0
b twice,g1_0589.tif,2946,32.55,0.0,0
b twice,g1_0589.tif,2947,32.7,0.0,0
b twice,g1_0589.tif,2948,38.01,0.0,0
b twice,g1_0589.tif,2949,32.55,0.0,0
b twice,g1_0589.tif,2950,30.73,0.0,0
shipped,g1_0730.tif,3652,42.44,0.0,0
shipped,g1_0730.tif,3653,30.39,0.0,0
shipped,g1_0730.tif,3654,37.72,0.0,0
shipped,g1_0730.tif,3655,32.36,0.0,0
shipped,g1_0730.tif,3656,43.94,0.0,0
swapped,g1_0730.tif,3652,42.44,0.0,0
swapped,g1_0730.tif,3653,30.39,0.0,0
swapped,g1_0730.tif,3654,37.72,0.0,0
swapped,g1_0730.tif,3655,32.36,0.0,0
swapped,g1_0730.tif,3656,43.94,0.0,0
a twice,g1_0730.tif,3652,42.44,0.0,0
a twice,g1_0730.tif,3653,30.39,0.0,0
a twice,g1_0730.tif,3654,37.72,0.0,0
a twice,g1_0730.tif,3655,32.36,0.0,0
a twice,g1_0730.tif,3656,43.94,0.0,0
b twice,g1_0730.tif,3652,42.44,0.0,0
b twice,g1_0730.tif,3653,30.39,0.0,0
b twice,g1_0730.tif,3654,37.72,0.0,0
b twice,g1_0730.tif,3655,32.36,0.0,0
b twice,g1_0730.tif,3656,43.94,0.0,0
shipped,g1_0775.tif,3877,42.71,0.0,0
shipped,g1_0775.tif,3878,37.99,0.0,0
shipped,g1_0775.tif,3879,42.71,0.0,0
shipped,g1_0775.tif,3880,28.53,0.0,0
shipped,g1_0775.tif,3881,32.52,0.0,0
swapped,g1_0775.tif,3877,42.71,0.0,0
swapped,g1_0775.tif,3878,37.99,0.0,0
swapped,g1_0775.tif,3879,42.71,0.0,0
swapped,g1_0775.tif,3880,28.53,0.0,0
swapped,g1_0775.tif,3881,32.52,0.0,0
a twice,g1_0775.tif,3877,42.71,0.0,0
a twice,g1_0775.tif,3878,37.99,0.0,0
a twice,g1_0775.tif,3879,42.71,0.0,0
a twice,g1_0775.tif,3880,28.53,0.0,0
a twice,g1_0775.tif,3881,32.52,0.0,0
b twice,g1_0775.tif,3877,42.71,0.0,0
b twice,g1_0775.tif,3878,37.99,0.0,0
b twice,g1_0775.tif,3879,42.71,0.0,0
b twice,g1_0775.tif,3880,28.53,0.0,0
b twice,g1_0775.tif,3881,32.52,0.0,0
shipped,g1_0817.tif,4082,42.7,0.0,0
shipped,g1_0817.tif,4083,42.7,0.0,0
shipped,g1_0817.tif,4084,32.49,0.0,0
shipped,g1_0817.tif,4085,44.21,0.0,0
shipped,g1_0817.tif,4086,44.35,0.0,0
swapped,g1_0817.tif,4082,42.7,0.0,0
swapped,g1_0817.tif,4083,42.7,0.0,0
swapped,g1_0817.tif,4084,32.49,0.0,0
swapped,g1_0817.tif,4085,44.21,0.0,0
swapped,g1_0817.tif,4086,44.35,0.0,0
a twice,g1_0817.tif,4082,42.7,0.0,0
a twice,g1_0817.tif,4083,42.7,0.0,0
a twice,g1_0817.tif,4084,32.49,0.2923,0
a twice,g1_0817.tif,4085,44.21,0.0,0
a twice,g1_0817.tif,4086,44.35,0.04,0
b twice,g1_0817.tif,4082,42.7,0.0,0
b twice,g1_0817.tif,4083,42.7,0.0,0
b twice,g1_0817.tif,4084,32.49,0.0,0
b twice,g1_0817.tif,4085,44.21,0.0,0
b twice,g1_0817.tif,4086,44.35,0.0,0
shipped,g1_0890.tif,4447,37.76,0.0,0
shipped,g1_0890.tif,4448,37.76,0.0,0
shipped,g1_0890.tif,4449,45.58,0.0,0
shipped,g1_0890.tif,4450,28.37,0.0,0
shipped,g1_0890.tif,4451,28.37,0.0,0
swapped,g1_0890.tif,4447,37.76,0.0,0
swapped,g1_0890.tif,4448,37.76,0.0392,0
swapped,g1_0890.tif,4449,45.58,0.0,0
swapped,g1_0890.tif,4450,28.37,0.0,0
swapped,g1_0890.tif,4451,28.37,0.5814,1
a twice,g1_0890.tif,4447,37.76,0.0015,0
a twice,g1_0890.tif,4448,37.76,0.0015,0
a twice,g1_0890.tif,4449,45.58,0.0015,0
a twice,g1_0890.tif,4450,28.37,0.0005,0
a twice,g1_0890.tif,4451,28.37,0.0006,0
b twice,g1_0890.tif,4447,37.76,0.0,0
b twice,g1_0890.tif,4448,37.76,0.0,0
b twice,g1_0890.tif,4449,45.58,0.0,0
b twice,g1_0890.tif,4450,28.37,0.0,0
b twice,g1_0890.tif,4451,28.37,0.0,0
shipped,g1_1012.tif,5057,37.92,0.0,0
shipped,g1_1012.tif,5058,32.49,0.0,0
shipped,g1_1012.tif,5059,30.54,0.0,0
shipped,g1_1012.tif,5060,30.54,0.0,0
shipped,g1_1012.tif,5061,42.7,0.0,0
swapped,g1_1012.tif,5057,37.92,0.1379,0
swapped,g1_1012.tif,5058,32.49,0.0,0
swapped,g1_1012.tif,5059,30.54,0.0,0
swapped,g1_1012.tif,5060,30.54,0.0,0
swapped,g1_1012.tif,5061,42.7,0.0,0
a twice,g1_1012.tif,5057,37.92,0.0,0
a twice,g1_1012.tif,5058,32.49,0.0,0
a twice,g1_1012.tif,5059,30.54,0.0,0
a twice,g1_1012.tif,5060,30.54,0.0,0
a twice,g1_1012.tif,5061,42.7,0.0,0
b twice,g1_1012.tif,5057,37.92,0.0,0
b twice,g1_1012.tif,5058,32.49,0.0,0
b twice,g1_1012.tif,5059,30.54,0.0,0
b twice,g1_1012.tif,5060,30.54,0.0,0
b twice,g1_1012.tif,5061,42.7,0.0,0
shipped,g1_1072.tif,5357,28.35,0.0,0
shipped,g1_1072.tif,5358,18.36,0.0,0
shipped,g1_1072.tif,5359,18.36,0.0,0
shipped,g1_1072.tif,5360,21.2,0.0,0
shipped,g1_1072.tif,5361,21.2,0.0,0
swapped,g1_1072.tif,5357,28.35,0.0,0
swapped,g1_1072.tif,5358,18.36,0.0,0
swapped,g1_1072.tif,5359,18.36,0.0,0
swapped,g1_1072.tif,5360,21.2,0.0,0
swapped,g1_1072.tif,5361,21.2,0.0,0
a twice,g1_1072.tif,5357,28.35,0.0,0
a twice,g1_1072.tif,5358,18.36,0.0,0
a twice,g1_1072.tif,5359,18.36,0.0,0
a twice,g1_1072.tif,5360,21.2,0.0,0
a twice,g1_1072.tif,5361,21.2,0.0,0
b twice,g1_1072.tif,5357,28.35,0.0,0
b twice,g1_1072.tif,5358,18.36,0.0,0
b twice,g1_1072.tif,5359,18.36,0.0,0
b twice,g1_1072.tif,5360,21.2,0.0,0
b twice,g1_1072.tif,5361,21.2,0.0,0
shipped,g1_1136.tif,5677,37.83,0.0,0
shipped,g1_1136.tif,5678,54.87,0.0,0
shipped,g1_1136.tif,5679,44.11,0.0,0
shipped,g1_1136.tif,5680,42.61,0.0,0
shipped,g1_1136.tif,5681,42.72,0.0,0
swapped,g1_1136.tif,5677,37.83,0.0,0
swapped,g1_1136.tif,5678,54.87,0.0,0
swapped,g1_1136.tif,5679,44.11,0.0,0
swapped,g1_1136.tif,5680,42.61,0.0,0
swapped,g1_1136.tif,5681,42.72,0.0,0
a twice,g1_1136.tif,5677,37.83,0.0,0
a twice,g1_1136.tif,5678,54.87,0.0,0
a twice,g1_1136.tif,5679,44.11,0.0,0
a twice,g1_1136.tif,5680,42.61,0.0,0
a twice,g1_1136.tif,5681,42.72,0.0,0
b twice,g1_1136.tif,5677,37.83,0.0,0
b twice,g1_1136.tif,5678,54.87,0.0,0
b twice,g1_1136.tif,5679,44.11,0.0,0
b twice,g1_1136.tif,5680,42.61,0.0,0
b twice,g1_1136.tif,5681,42.72,0.0,0
shipped,g1_1191.tif,5952,28.34,0.0,0
shipped,g1_1191.tif,5953,11.14,0.0,0
shipped,g1_1191.tif,5954,18.34,0.0,0
shipped,g1_1191.tif,5955,18.34,0.0,0
shipped,g1_1191.tif,5956,18.34,0.0,0
swapped,g1_1191.tif,5952,28.34,0.0,0
swapped,g1_1191.tif,5953,11.14,0.0,0
swapped,g1_1191.tif,5954,18.34,0.0,0
swapped,g1_1191.tif,5955,18.34,0.0,0
swapped,g1_1191.tif,5956,18.34,0.0,0
a twice,g1_1191.tif,5952,28.34,0.0,0
a twice,g1_1191.tif,5953,11.14,0.0,0
a twice,g1_1191.tif,5954,18.34,0.0,0
a twice,g1_1191.tif,5955,18.34,0.0,0
a twice,g1_1191.tif,5956,18.34,0.0,0
b twice,g1_1191.tif,5952,28.34,0.0,0
b twice,g1_1191.tif,5953,11.14,0.0,0
b twice,g1_1191.tif,5954,18.34,0.0,0
b twice,g1_1191.tif,5955,18.34,0.0,0
b twice,g1_1191.tif,5956,18.34,0.0,0
shipped,g1_1248.tif,6237,32.47,0.0,0
shipped,g1_1248.tif,6238,28.4,0.0,0
shipped,g1_1248.tif,6239,32.47,0.0,0
shipped,g1_1248.tif,6240,37.88,0.0,0
shipped,g1_1248.tif,6241,42.71,0.0,0
swapped,g1_1248.tif,6237,32.47,0.0595,0
swapped,g1_1248.tif,6238,28.4,0.0152,0
swapped,g1_1248.tif,6239,32.47,0.1972,0
swapped,g1_1248.tif,6240,37.88,0.0,0
swapped,g1_1248.tif,6241,42.71,0.0,0
a twice,g1_1248.tif,6237,32.47,0.0,0
a twice,g1_1248.tif,6238,28.4,0.0,0
a twice,g1_1248.tif,6239,32.47,0.0,0
a twice,g1_1248.tif,6240,37.88,0.0,0
a twice,g1_1248.tif,6241,42.71,0.0,0
b twice,g1_1248.tif,6237,32.47,0.0109,0
b twice,g1_1248.tif,6238,28.4,0.0136,0
b twice,g1_1248.tif,6239,32.47,0.0172,0
b twice,g1_1248.tif,6240,37.88,0.0046,0
b twice,g1_1248.tif,6241,42.71,0.0189,0
shipped,g1_1530.tif,7648,28.31,0.0,0
shipped,g1_1530.tif,7649,21.07,0.0,0
shipped,g1_1530.tif,7650,21.07,0.0,0
shipped,g1_1530.tif,7651,30.31,0.0,0
shipped,g1_1530.tif,7652,30.49,0.0,0
swapped,g1_1530.tif,7648,28.31,0.2375,0
swapped,g1_1530.tif,7649,21.07,0.3243,0
swapped,g1_1530.tif,7650,21.07,0.1333,0
swapped,g1_1530.tif,7651,30.31,0.0957,0
swapped,g1_1530.tif,7652,30.49,0.1163,0
a twice,g1_1530.tif,7648,28.31,0.0,0
a twice,g1_1530.tif,7649,21.07,0.0,0
a twice,g1_1530.tif,7650,21.07,0.0,0
a twice,g1_1530.tif,7651,30.31,0.0,0
a twice,g1_1530.tif,7652,30.49,0.0,0
b twice,g1_1530.tif,7648,28.31,0.0,0
b twice,g1_1530.tif,7649,21.07,0.0,0
b twice,g1_1530.tif,7650,21.07,0.0,0
b twice,g1_1530.tif,7651,30.31,0.0,0
b twice,g1_1530.tif,7652,30.49,0.0,0
shipped,g1_1556.tif,7778,30.49,0.0,0
shipped,g1_1556.tif,7779,42.69,0.0,0
shipped,g1_1556.tif,7780,30.49,0.0,0
shipped,g1_1556.tif,7781,42.69,0.0,0
shipped,g1_1556.tif,7782,54.89,0.0,0
swapped,g1_1556.tif,7778,30.49,0.0,0
swapped,g1_1556.tif,7779,42.69,0.0,0
swapped,g1_1556.tif,7780,30.49,0.0,0
swapped,g1_1556.tif,7781,42.69,0.186,0
swapped,g1_1556.tif,7782,54.89,0.4208,0
a twice,g1_1556.tif,7778,30.49,0.0,0
a twice,g1_1556.tif,7779,42.69,0.0,0
a twice,g1_1556.tif,7780,30.49,0.0,0
a twice,g1_1556.tif,7781,42.69,0.1744,0
a twice,g1_1556.tif,7782,54.89,0.0,0
b twice,g1_1556.tif,7778,30.49,0.0,0
b twice,g1_1556.tif,7779,42.69,0.0,0
b twice,g1_1556.tif,7780,30.49,0.0,0
b twice,g1_1556.tif,7781,42.69,0.0,0
b twice,g1_1556.tif,7782,54.89,0.0,0
shipped,g1_1578.tif,7888,18.27,0.0,0
shipped,g1_1578.tif,7889,18.27,0.0,0
shipped,g1_1578.tif,7890,37.85,0.0,0
shipped,g1_1578.tif,7891,42.62,0.0,0
shipped,g1_1578.tif,7892,18.27,0.0,0
swapped,g1_1578.tif,7888,18.27,0.0,0
swapped,g1_1578.tif,7889,18.27,0.0,0
swapped,g1_1578.tif,7890,37.85,0.0,0
swapped,g1_1578.tif,7891,42.62,0.0,0
swapped,g1_1578.tif,7892,18.27,0.0,0
a twice,g1_1578.tif,7888,18.27,0.0,0
a twice,g1_1578.tif,7889,18.27,0.0,0
a twice,g1_1578.tif,7890,37.85,0.0,0
a twice,g1_1578.tif,7891,42.62,0.0,0
a twice,g1_1578.tif,7892,18.27,0.0,0
b twice,g1_1578.tif,7888,18.27,0.0,0
b twice,g1_1578.tif,7889,18.27,0.0,0
b twice,g1_1578.tif,7890,37.85,0.0,0
b twice,g1_1578.tif,7891,42.62,0.0,0
b twice,g1_1578.tif,7892,18.27,0.0,0
shipped,g1_1703.tif,8513,32.5,0.0,0
shipped,g1_1703.tif,8514,30.68,0.0,0
shipped,g1_1703.tif,8515,18.42,0.0,0
shipped,g1_1703.tif,8516,28.49,0.0,0
shipped,g1_1703.tif,8517,30.5,0.0,0
swapped,g1_1703.tif,8513,32.5,0.0,0
swapped,g1_1703.tif,8514,30.68,0.0,0
swapped,g1_1703.tif,8515,18.42,0.0,0
swapped,g1_1703.tif,8516,28.49,0.0,0
swapped,g1_1703.tif,8517,30.5,0.0,0
a twice,g1_1703.tif,8513,32.5,0.0,0
a twice,g1_1703.tif,8514,30.68,0.0,0
a twice,g1_1703.tif,8515,18.42,0.0,0
a twice,g1_1703.tif,8516,28.49,0.0,0
a twice,g1_1703.tif,8517,30.5,0.0,0
b twice,g1_1703.tif,8513,32.5,0.0,0
b twice,g1_1703.tif,8514,30.68,0.0,0
b twice,g1_1703.tif,8515,18.42,0.0,0
b twice,g1_1703.tif,8516,28.49,0.0,0
b twice,g1_1703.tif,8517,30.5,0.0,0
shipped,g1_1747.tif,8733,30.72,0.0,0
shipped,g1_1747.tif,8734,38.08,0.0,0
shipped,g1_1747.tif,8735,21.22,0.0,0
shipped,g1_1747.tif,8736,30.72,0.0,0
shipped,g1_1747.tif,8737,18.45,0.0,0
swapped,g1_1747.tif,8733,30.72,0.0,0
swapped,g1_1747.tif,8734,38.08,0.0,0
swapped,g1_1747.tif,8735,21.22,0.0,0
swapped,g1_1747.tif,8736,30.72,0.0,0
swapped,g1_1747.tif,8737,18.45,0.0,0
a twice,g1_1747.tif,8733,30.72,0.0,0
a twice,g1_1747.tif,8734,38.08,0.0,0
a twice,g1_1747.tif,8735,21.22,0.0,0
a twice,g1_1747.tif,8736,30.72,0.0,0
a twice,g1_1747.tif,8737,18.45,0.0,0
b twice,g1_1747.tif,8733,30.72,0.0,0
b twice,g1_1747.tif,8734,38.08,0.0,0
b twice,g1_1747.tif,8735,21.22,0.0,0
b twice,g1_1747.tif,8736,30.72,0.0,0
b twice,g1_1747.tif,8737,18.45,0.0,0
shipped,g1_1828.tif,9138,18.21,0.0,0
shipped,g1_1828.tif,9139,11.14,0.0,0
shipped,g1_1828.tif,9140,11.14,0.0,0
shipped,g1_1828.tif,9141,21.1,0.0,0
shipped,g1_1828.tif,9142,11.14,0.0,0
swapped,g1_1828.tif,9138,18.21,0.0,0
swapped,g1_1828.tif,9139,11.14,0.0,0
swapped,g1_1828.tif,9140,11.14,0.0,0
swapped,g1_1828.tif,9141,21.1,0.0,0
swapped,g1_1828.tif,9142,11.14,0.0,0
a twice,g1_1828.tif,9138,18.21,0.0,0
a twice,g1_1828.tif,9139,11.14,0.0,0
a twice,g1_1828.tif,9140,11.14,0.0,0
a twice,g1_1828.tif,9141,21.1,0.0,0
a twice,g1_1828.tif,9142,11.14,0.0,0
b twice,g1_1828.tif,9138,18.21,0.0,0
b twice,g1_1828.tif,9139,11.14,0.0,0
b twice,g1_1828.tif,9140,11.14,0.0,0
b twice,g1_1828.tif,9141,21.1,0.0,0
b twice,g1_1828.tif,9142,11.14,0.0,0
shipped,g1_1874.tif,9368,48.5,0.0,0
shipped,g1_1874.tif,9369,37.92,0.0,0
shipped,g1_1874.tif,9370,54.92,0.0,0
shipped,g1_1874.tif,9371,44.21,0.0,0
shipped,g1_1874.tif,9372,30.53,0.0,0
swapped,g1_1874.tif,9368,48.5,0.0,0
swapped,g1_1874.tif,9369,37.92,0.0,0
swapped,g1_1874.tif,9370,54.92,0.0,0
swapped,g1_1874.tif,9371,44.21,0.0,0
swapped,g1_1874.tif,9372,30.53,0.0,0
a twice,g1_1874.tif,9368,48.5,0.0,0
a twice,g1_1874.tif,9369,37.92,0.0,0
a twice,g1_1874.tif,9370,54.92,0.0,0
a twice,g1_1874.tif,9371,44.21,0.0,0
a twice,g1_1874.tif,9372,30.53,0.0,0
b twice,g1_1874.tif,9368,48.5,0.0,0
b twice,g1_1874.tif,9369,37.92,0.0,0
b twice,g1_1874.tif,9370,54.92,0.0,0
b twice,g1_1874.tif,9371,44.21,0.0,0
b twice,g1_1874.tif,9372,30.53,0.0,0
shipped,g1_1880.tif,9398,30.51,0.0,0
shipped,g1_1880.tif,9399,44.22,0.0,0
shipped,g1_1880.tif,9400,45.69,0.0,0
shipped,g1_1880.tif,9401,42.71,0.0,0
shipped,g1_1880.tif,9402,32.52,0.0,0
swapped,g1_1880.tif,9398,30.51,0.0,0
swapped,g1_1880.tif,9399,44.22,0.0,0
swapped,g1_1880.tif,9400,45.69,0.0,0
swapped,g1_1880.tif,9401,42.71,0.0,0
swapped,g1_1880.tif,9402,32.52,0.0,0
a twice,g1_1880.tif,9398,30.51,0.0,0
a twice,g1_1880.tif,9399,44.22,0.0,0
a twice,g1_1880.tif,9400,45.69,0.0,0
a twice,g1_1880.tif,9401,42.71,0.0,0
a twice,g1_1880.tif,9402,32.52,0.0,0
b twice,g1_1880.tif,9398,30.51,0.0,0
b twice,g1_1880.tif,9399,44.22,0.0,0
b twice,g1_1880.tif,9400,45.69,0.0,0
b twice,g1_1880.tif,9401,42.71,0.0,0
b twice,g1_1880.tif,9402,32.52,0.0,0
shipped,g1_1927.tif,9633,98.3,0.0,0
shipped,g1_1927.tif,9634,42.79,0.0,0
shipped,g1_1927.tif,9635,32.54,0.0,0
shipped,g1_1927.tif,9636,18.3,0.0,0
shipped,g1_1927.tif,9637,18.3,0.0,0
swapped,g1_1927.tif,9633,98.3,0.0,0
swapped,g1_1927.tif,9634,42.79,0.0,0
swapped,g1_1927.tif,9635,32.54,0.0,0
swapped,g1_1927.tif,9636,18.3,0.0,0
swapped,g1_1927.tif,9637,18.3,0.0,0
a twice,g1_1927.tif,9633,98.3,0.0,0
a twice,g1_1927.tif,9634,42.79,0.0,0
a twice,g1_1927.tif,9635,32.54,0.0,0
a twice,g1_1927.tif,9636,18.3,0.0,0
a twice,g1_1927.tif,9637,18.3,0.0,0
b twice,g1_1927.tif,9633,98.3,0.0,0
b twice,g1_1927.tif,9634,42.79,0.0,0
b twice,g1_1927.tif,9635,32.54,0.0,0
b twice,g1_1927.tif,9636,18.3,0.0,0
b twice,g1_1927.tif,9637,18.3,0.0,0
shipped,g1_1932.tif,9658,37.93,0.0,0
shipped,g1_1932.tif,9659,21.25,0.0,0
shipped,g1_1932.tif,9660,28.47,0.0,0
shipped,g1_1932.tif,9661,28.47,0.0,0
shipped,g1_1932.tif,9662,18.38,0.0,0
swapped,g1_1932.tif,9658,37.93,0.0,0
swapped,g1_1932.tif,9659,21.25,0.0,0
swapped,g1_1932.tif,9660,28.47,0.0,0
swapped,g1_1932.tif,9661,28.47,0.0,0
swapped,g1_1932.tif,9662,18.38,0.0,0
a twice,g1_1932.tif,9658,37.93,0.0,0
a twice,g1_1932.tif,9659,21.25,0.0,0
a twice,g1_1932.tif,9660,28.47,0.0,0
a twice,g1_1932.tif,9661,28.47,0.0,0
a twice,g1_1932.tif,9662,18.38,0.0,0
b twice,g1_1932.tif,9658,37.93,0.0505,0
b twice,g1_1932.tif,9659,21.25,0.0959,0
b twice,g1_1932.tif,9660,28.47,0.0,0
b twice,g1_1932.tif,9661,28.47,0.0,0
b twice,g1_1932.tif,9662,18.38,0.0,0
shipped,g1_1946.tif,9728,37.85,0.0,0
shipped,g1_1946.tif,9729,18.31,0.0,0
shipped,g1_1946.tif,9730,28.39,0.0,0
shipped,g1_1946.tif,9731,37.85,0.0,0
shipped,g1_1946.tif,9732,28.39,0.0,0
swapped,g1_1946.tif,9728,37.85,0.0,0
swapped,g1_1946.tif,9729,18.31,0.0,0
swapped,g1_1946.tif,9730,28.39,0.0,0
swapped,g1_1946.tif,9731,37.85,0.0,0
swapped,g1_1946.tif,9732,28.39,0.0,0
a twice,g1_1946.tif,9728,37.85,0.0,0
a twice,g1_1946.tif,9729,18.31,0.0,0
a twice,g1_1946.tif,9730,28.39,0.0,0
a twice,g1_1946.tif,9731,37.85,0.0,0
a twice,g1_1946.tif,9732,28.39,0.0,0
b twice,g1_1946.tif,9728,37.85,0.0,0
b twice,g1_1946.tif,9729,18.31,0.0,0
b twice,g1_1946.tif,9730,28.39,0.0,0
b twice,g1_1946.tif,9731,37.85,0.0,0
b twice,g1_1946.tif,9732,28.39,0.0,0
shipped,g1_1962.tif,9808,18.18,0.0,0
shipped,g1_1962.tif,9809,18.18,0.0,0
shipped,g1_1962.tif,9810,21.08,0.0,0
shipped,g1_1962.tif,9811,21.18,0.0,0
shipped,g1_1962.tif,9812,21.08,0.0,0
swapped,g1_1962.tif,9808,18.18,0.0,0
swapped,g1_1962.tif,9809,18.18,0.0,0
swapped,g1_1962.tif,9810,21.08,0.0,0
swapped,g1_1962.tif,9811,21.18,0.0,0
swapped,g1_1962.tif,9812,21.08,0.0,0
a twice,g1_1962.tif,9808,18.18,0.0,0
a twice,g1_1962.tif,9809,18.18,0.0,0
a twice,g1_1962.tif,9810,21.08,0.0,0
a twice,g1_1962.tif,9811,21.18,0.0,0
a twice,g1_1962.tif,9812,21.08,0.0,0
b twice,g1_1962.tif,9808,18.18,0.0,0
b twice,g1_1962.tif,9809,18.18,0.0,0
b twice,g1_1962.tif,9810,21.08,0.0,0
b twice,g1_1962.tif,9811,21.18,0.0,0
b twice,g1_1962.tif,9812,21.08,0.0,0
shipped,g1_1975.tif,9873,43.95,0.0,0
shipped,g1_1975.tif,9874,28.36,0.0,0
shipped,g1_1975.tif,9875,32.31,0.0,0
shipped,g1_1975.tif,9876,28.36,0.0,0
shipped,g1_1975.tif,9877,30.31,0.0,0
swapped,g1_1975.tif,9873,43.95,0.0,0
swapped,g1_1975.tif,9874,28.36,0.0,0
swapped,g1_1975.tif,9875,32.31,0.0,0
swapped,g1_1975.tif,9876,28.36,0.0,0
swapped,g1_1975.tif,9877,30.31,0.0,0
a twice,g1_1975.tif,9873,43.95,0.0,0
a twice,g1_1975.tif,9874,28.36,0.0,0
a twice,g1_1975.tif,9875,32.31,0.0,0
a twice,g1_1975.tif,9876,28.36,0.0,0
a twice,g1_1975.tif,9877,30.31,0.0,0
b twice,g1_1975.tif,9873,43.95,0.0,0
b twice,g1_1975.tif,9874,28.36,0.0,0
b twice,g1_1975.tif,9875,32.31,0.0,0
b twice,g1_1975.tif,9876,28.36,0.0,0
b twice,g1_1975.tif,9877,30.31,0.0,0
shipped,g2_0000.tif,1,56.18,0.0,0
shipped,g2_0000.tif,2,38.09,0.0,0
shipped,g2_0000.tif,3,48.74,0.0,0
shipped,g2_0000.tif,4,44.5,0.0,0
swapped,g2_0000.tif,1,56.18,0.0,0
swapped,g2_0000.tif,2,38.09,0.0,0
swapped,g2_0000.tif,3,48.74,0.0,0
swapped,g2_0000.tif,4,44.5,0.0,0
a twice,g2_0000.tif,1,56.18,0.0,0
a twice,g2_0000.tif,2,38.09,0.0,0
a twice,g2_0000.tif,3,48.74,0.0,0
a twice,g2_0000.tif,4,44.5,0.0,0
b twice,g2_0000.tif,1,56.18,0.0,0
b twice,g2_0000.tif,2,38.09,0.0,0
b twice,g2_0000.tif,3,48.74,0.0,0
b twice,g2_0000.tif,4,44.5,0.0,0
shipped,g2_0002.tif,10,42.64,0.0,0
shipped,g2_0002.tif,11,42.64,0.0,0
shipped,g2_0002.tif,12,54.82,0.0,0
shipped,g2_0002.tif,13,28.41,0.0,0
shipped,g2_0002.tif,14,28.41,0.6364,1
swapped,g2_0002.tif,10,42.64,0.0,0
swapped,g2_0002.tif,11,42.64,0.0,0
swapped,g2_0002.tif,12,54.82,0.0,0
swapped,g2_0002.tif,13,28.41,0.0,0
swapped,g2_0002.tif,14,28.41,0.5682,1
a twice,g2_0002.tif,10,42.64,0.0,0
a twice,g2_0002.tif,11,42.64,0.2742,0
a twice,g2_0002.tif,12,54.82,0.1443,0
a twice,g2_0002.tif,13,28.41,0.0,0
a twice,g2_0002.tif,14,28.41,0.5319,1
b twice,g2_0002.tif,10,42.64,0.0,0
b twice,g2_0002.tif,11,42.64,0.0,0
b twice,g2_0002.tif,12,54.82,0.0,0
b twice,g2_0002.tif,13,28.41,0.0,0
b twice,g2_0002.tif,14,28.41,0.5765,1
shipped,g2_0006.tif,30,43.68,0.0,0
shipped,g2_0006.tif,31,37.54,0.0,0
shipped,g2_0006.tif,32,47.91,0.0,0
shipped,g2_0006.tif,33,43.83,0.0,0
shipped,g2_0006.tif,34,64.43,0.0,0
swapped,g2_0006.tif,30,43.68,0.0,0
swapped,g2_0006.tif,31,37.54,0.0,0
swapped,g2_0006.tif,32,47.91,0.0,0
swapped,g2_0006.tif,33,43.83,0.0,0
swapped,g2_0006.tif,34,64.43,0.0,0
a twice,g2_0006.tif,30,43.68,0.209,0
a twice,g2_0006.tif,31,37.54,0.0,0
a twice,g2_0006.tif,32,47.91,0.1288,0
a twice,g2_0006.tif,33,43.83,0.0,0
a twice,g2_0006.tif,34,64.43,0.0,0
b twice,g2_0006.tif,30,43.68,0.0,0
b twice,g2_0006.tif,31,37.54,0.0,0
b twice,g2_0006.tif,32,47.91,0.0,0
b twice,g2_0006.tif,33,43.83,0.0,0
b twice,g2_0006.tif,34,64.43,0.0,0
shipped,g2_0007.tif,35,68.47,0.0,0
shipped,g2_0007.tif,36,37.99,0.0,0
shipped,g2_0007.tif,37,37.99,0.0,0
shipped,g2_0007.tif,38,48.56,0.0,0
shipped,g2_0007.tif,39,44.27,0.0,0
swapped,g2_0007.tif,35,68.47,0.1356,0
swapped,g2_0007.tif,36,37.99,0.0,0
swapped,g2_0007.tif,37,37.99,0.0,0
swapped,g2_0007.tif,38,48.56,0.0,0
swapped,g2_0007.tif,39,44.27,0.0,0
a twice,g2_0007.tif,35,68.47,0.3333,0
a twice,g2_0007.tif,36,37.99,0.0,0
a twice,g2_0007.tif,37,37.99,0.0,0
a twice,g2_0007.tif,38,48.56,0.1619,0
a twice,g2_0007.tif,39,44.27,0.0,0
b twice,g2_0007.tif,35,68.47,0.0,0
b twice,g2_0007.tif,36,37.99,0.0,0
b twice,g2_0007.tif,37,37.99,0.0,0
b twice,g2_0007.tif,38,48.56,0.0,0
b twice,g2_0007.tif,39,44.27,0.0,0
shipped,g2_0010.tif,50,48.23,0.0,0
shipped,g2_0010.tif,51,18.22,0.0,0
shipped,g2_0010.tif,52,42.51,0.0,0
shipped,g2_0010.tif,53,54.6,0.0,0
shipped,g2_0010.tif,54,66.8,0.0,0
swapped,g2_0010.tif,50,48.23,0.0,0
swapped,g2_0010.tif,51,18.22,0.0,0
swapped,g2_0010.tif,52,42.51,0.0,0
swapped,g2_0010.tif,53,54.6,0.0,0
swapped,g2_0010.tif,54,66.8,0.0,0
a twice,g2_0010.tif,50,48.23,0.0,0
a twice,g2_0010.tif,51,18.22,0.0,0
a twice,g2_0010.tif,52,42.51,0.0,0
a twice,g2_0010.tif,53,54.6,0.0,0
a twice,g2_0010.tif,54,66.8,0.0,0
b twice,g2_0010.tif,50,48.23,0.0,0
b twice,g2_0010.tif,51,18.22,0.0,0
b twice,g2_0010.tif,52,42.51,0.0,0
b twice,g2_0010.tif,53,54.6,0.0,0
b twice,g2_0010.tif,54,66.8,0.127,0
shipped,g2_0011.tif,55,105.16,0.0,0
shipped,g2_0011.tif,56,62.21,0.0,0
shipped,g2_0011.tif,57,64.32,0.0,0
shipped,g2_0011.tif,58,85.86,0.0,0
shipped,g2_0011.tif,59,47.91,0.0,0
swapped,g2_0011.tif,55,105.16,0.0,0
swapped,g2_0011.tif,56,62.21,0.0,0
swapped,g2_0011.tif,57,64.32,0.0,0
swapped,g2_0011.tif,58,85.86,0.0,0
swapped,g2_0011.tif,59,47.91,0.0,0
a twice,g2_0011.tif,55,105.16,0.0,0
a twice,g2_0011.tif,56,62.21,0.0,0
a twice,g2_0011.tif,57,64.32,0.0,0
a twice,g2_0011.tif,58,85.86,0.0,0
a twice,g2_0011.tif,59,47.91,0.0,0
b twice,g2_0011.tif,55,105.16,0.503,1
b twice,g2_0011.tif,56,62.21,0.005,0
b twice,g2_0011.tif,57,64.32,0.0076,0
b twice,g2_0011.tif,58,85.86,0.0717,0
b twice,g2_0011.tif,59,47.91,0.0916,0
shipped,g2_0013.tif,65,48.46,0.0,0
shipped,g2_0013.tif,66,103.01,0.0,0
shipped,g2_0013.tif,67,92.22,0.0,0
shipped,g2_0013.tif,68,80.2,0.067,0
shipped,g2_0013.tif,69,48.46,0.0,0
swapped,g2_0013.tif,65,48.46,0.1376,0
swapped,g2_0013.tif,66,103.01,0.0,0
swapped,g2_0013.tif,67,92.22,0.0456,0
swapped,g2_0013.tif,68,80.2,0.4382,0
swapped,g2_0013.tif,69,48.46,0.1667,0
a twice,g2_0013.tif,65,48.46,0.2544,0
a twice,g2_0013.tif,66,103.01,0.0,0
a twice,g2_0013.tif,67,92.22,0.0,0
a twice,g2_0013.tif,68,80.2,0.0,0
a twice,g2_0013.tif,69,48.46,0.0,0
b twice,g2_0013.tif,65,48.46,0.0153,0
b twice,g2_0013.tif,66,103.01,0.002,0
b twice,g2_0013.tif,67,92.22,0.0,0
b twice,g2_0013.tif,68,80.2,0.0,0
b twice,g2_0013.tif,69,48.46,0.0,0
shipped,g2_0017.tif,85,30.33,0.3111,0
shipped,g2_0017.tif,86,103.12,0.5797,1
shipped,g2_0017.tif,87,42.69,0.4878,0
shipped,g2_0017.tif,88,78.86,0.2579,0
shipped,g2_0017.tif,89,86.7,0.4557,0
swapped,g2_0017.tif,85,30.33,0.0,0
swapped,g2_0017.tif,86,103.12,0.5749,1
swapped,g2_0017.tif,87,42.69,0.4634,0
swapped,g2_0017.tif,88,78.86,0.5817,1
swapped,g2_0017.tif,89,86.7,0.5232,1
a twice,g2_0017.tif,85,30.33,0.1529,0
a twice,g2_0017.tif,86,103.12,0.5435,1
a twice,g2_0017.tif,87,42.69,0.4211,0
a twice,g2_0017.tif,88,78.86,0.3697,0
a twice,g2_0017.tif,89,86.7,0.4619,0
b twice,g2_0017.tif,85,30.33,0.0,0
b twice,g2_0017.tif,86,103.12,0.0,0
b twice,g2_0017.tif,87,42.69,0.0,0
b twice,g2_0017.tif,88,78.86,0.0,0
b twice,g2_0017.tif,89,86.7,0.0,0
shipped,g2_0018.tif,90,42.52,0.0,0
shipped,g2_0018.tif,91,54.67,0.0,0
shipped,g2_0018.tif,92,43.97,0.0,0
shipped,g2_0018.tif,93,42.52,0.0,0
shipped,g2_0018.tif,94,42.52,0.0,0
swapped,g2_0018.tif,90,42.52,0.0,0
swapped,g2_0018.tif,91,54.67,0.0,0
swapped,g2_0018.tif,92,43.97,0.0,0
swapped,g2_0018.tif,93,42.52,0.0,0
swapped,g2_0018.tif,94,42.52,0.0,0
a twice,g2_0018.tif,90,42.52,0.0,0
a twice,g2_0018.tif,91,54.67,0.2143,0
a twice,g2_0018.tif,92,43.97,0.0,0
a twice,g2_0018.tif,93,42.52,0.2727,0
a twice,g2_0018.tif,94,42.52,0.0,0
b twice,g2_0018.tif,90,42.52,0.0,0
b twice,g2_0018.tif,91,54.67,0.0,0
b twice,g2_0018.tif,92,43.97,0.0,0
b twice,g2_0018.tif,93,42.52,0.0,0
b twice,g2_0018.tif,94,42.52,0.0,0
shipped,g2_0022.tif,110,30.3,0.0,0
shipped,g2_0022.tif,111,42.41,0.0,0
shipped,g2_0022.tif,112,32.27,0.0,0
shipped,g2_0022.tif,113,32.27,0.0,0
shipped,g2_0022.tif,114,32.27,0.0,0
swapped,g2_0022.tif,110,30.3,0.0,0
swapped,g2_0022.tif,111,42.41,0.0,0
swapped,g2_0022.tif,112,32.27,0.0,0
swapped,g2_0022.tif,113,32.27,0.0,0
swapped,g2_0022.tif,114,32.27,0.0,0
a twice,g2_0022.tif,110,30.3,0.0,0
a twice,g2_0022.tif,111,42.41,0.0,0
a twice,g2_0022.tif,112,32.27,0.0,0
a twice,g2_0022.tif,113,32.27,0.0,0
a twice,g2_0022.tif,114,32.27,0.0,0
b twice,g2_0022.tif,110,30.3,0.0,0
b twice,g2_0022.tif,111,42.41,0.0,0
b twice,g2_0022.tif,112,32.27,0.0,0
b twice,g2_0022.tif,113,32.27,0.0,0
b twice,g2_0022.tif,114,32.27,0.0,0
shipped,g2_0060.tif,300,54.65,0.537,1
shipped,g2_0060.tif,301,55.88,0.5952,1
shipped,g2_0060.tif,302,54.65,0.5924,1
shipped,g2_0060.tif,303,70.76,0.2833,0
shipped,g2_0060.tif,304,86.43,0.5831,1
swapped,g2_0060.tif,300,54.65,0.349,0
swapped,g2_0060.tif,301,55.88,0.4503,0
swapped,g2_0060.tif,302,54.65,0.5732,1
swapped,g2_0060.tif,303,70.76,0.2542,0
swapped,g2_0060.tif,304,86.43,0.4917,0
a twice,g2_0060.tif,300,54.65,0.575,1
a twice,g2_0060.tif,301,55.88,0.5294,1
a twice,g2_0060.tif,302,54.65,0.6624,1
a twice,g2_0060.tif,303,70.76,0.5917,1
a twice,g2_0060.tif,304,86.43,0.6337,1
b twice,g2_0060.tif,300,54.65,0.3557,0
b twice,g2_0060.tif,301,55.88,0.4917,0
b twice,g2_0060.tif,302,54.65,0.465,0
b twice,g2_0060.tif,303,70.76,0.1042,0
b twice,g2_0060.tif,304,86.43,0.3597,0
shipped,g2_0062.tif,310,30.51,0.0,0
shipped,g2_0062.tif,311,30.51,0.0,0
shipped,g2_0062.tif,312,37.92,0.0,0
shipped,g2_0062.tif,313,32.51,0.0,0
shipped,g2_0062.tif,314,32.49,0.0,0
swapped,g2_0062.tif,310,30.51,0.0,0
swapped,g2_0062.tif,311,30.51,0.0,0
swapped,g2_0062.tif,312,37.92,0.0,0
swapped,g2_0062.tif,313,32.51,0.3208,0
swapped,g2_0062.tif,314,32.49,0.1803,0
a twice,g2_0062.tif,310,30.51,0.0,0
a twice,g2_0062.tif,311,30.51,0.0,0
a twice,g2_0062.tif,312,37.92,0.0,0
a twice,g2_0062.tif,313,32.51,0.1319,0
a twice,g2_0062.tif,314,32.49,0.2651,0
b twice,g2_0062.tif,310,30.51,0.0,0
b twice,g2_0062.tif,311,30.51,0.0,0
b twice,g2_0062.tif,312,37.92,0.0,0
b twice,g2_0062.tif,313,32.51,0.0,0
b twice,g2_0062.tif,314,32.49,0.0,0
shipped,g2_0065.tif,325,21.2,0.0,0
shipped,g2_0065.tif,326,28.41,0.0,0
shipped,g2_0065.tif,327,21.2,0.0,0
shipped,g2_0065.tif,328,48.43,0.0,0
shipped,g2_0065.tif,329,28.41,0.0,0
swapped,g2_0065.tif,325,21.2,0.0,0
swapped,g2_0065.tif,326,28.41,0.0,0
swapped,g2_0065.tif,327,21.2,0.0,0
swapped,g2_0065.tif,328,48.43,0.0,0
swapped,g2_0065.tif,329,28.41,0.0,0
a twice,g2_0065.tif,325,21.2,0.0,0
a twice,g2_0065.tif,326,28.41,0.0,0
a twice,g2_0065.tif,327,21.2,0.0,0
a twice,g2_0065.tif,328,48.43,0.0,0
a twice,g2_0065.tif,329,28.41,0.0,0
b twice,g2_0065.tif,325,21.2,0.0,0
b twice,g2_0065.tif,326,28.41,0.0,0
b twice,g2_0065.tif,327,21.2,0.0,0
b twice,g2_0065.tif,328,48.43,0.0,0
b twice,g2_0065.tif,329,28.41,0.0,0
shipped,g2_0071.tif,355,18.32,0.0,0
shipped,g2_0071.tif,356,18.32,0.0,0
shipped,g2_0071.tif,357,32.65,0.0,0
shipped,g2_0071.tif,358,18.32,0.0,0
shipped,g2_0071.tif,359,55.11,0.0,0
swapped,g2_0071.tif,355,18.32,0.0,0
swapped,g2_0071.tif,356,18.32,0.0,0
swapped,g2_0071.tif,357,32.65,0.0,0
swapped,g2_0071.tif,358,18.32,0.0,0
swapped,g2_0071.tif,359,55.11,0.0,0
a twice,g2_0071.tif,355,18.32,0.0,0
a twice,g2_0071.tif,356,18.32,0.0,0
a twice,g2_0071.tif,357,32.65,0.0,0
a twice,g2_0071.tif,358,18.32,0.0,0
a twice,g2_0071.tif,359,55.11,0.0,0
b twice,g2_0071.tif,355,18.32,0.0,0
b twice,g2_0071.tif,356,18.32,0.0,0
b twice,g2_0071.tif,357,32.65,0.0,0
b twice,g2_0071.tif,358,18.32,0.0,0
b twice,g2_0071.tif,359,55.11,0.0,0
shipped,g2_0072.tif,360,120.84,0.6895,1
shipped,g2_0072.tif,361,120.84,0.6588,1
shipped,g2_0072.tif,362,124.84,0.6097,1
shipped,g2_0072.tif,363,115.86,0.5903,1
shipped,g2_0072.tif,364,104.02,0.664,1
swapped,g2_0072.tif,360,120.84,0.7329,1
swapped,g2_0072.tif,361,120.84,0.6909,1
swapped,g2_0072.tif,362,124.84,0.557,1
swapped,g2_0072.tif,363,115.86,0.5903,1
swapped,g2_0072.tif,364,104.02,0.6164,1
a twice,g2_0072.tif,360,120.84,0.7112,1
a twice,g2_0072.tif,361,120.84,0.6182,1
a twice,g2_0072.tif,362,124.84,0.6582,1
a twice,g2_0072.tif,363,115.86,0.6782,1
a twice,g2_0072.tif,364,104.02,0.6111,1
b twice,g2_0072.tif,360,120.84,0.0,0
b twice,g2_0072.tif,361,120.84,0.1132,0
b twice,g2_0072.tif,362,124.84,0.0,0
b twice,g2_0072.tif,363,115.86,0.0,0
b twice,g2_0072.tif,364,104.02,0.082,0
shipped,g2_0075.tif,375,94.02,0.0,0
shipped,g2_0075.tif,376,103.16,0.0,0
shipped,g2_0075.tif,377,54.61,0.0,0
shipped,g2_0075.tif,378,55.92,0.0,0
shipped,g2_0075.tif,379,54.61,0.0,0
swapped,g2_0075.tif,375,94.02,0.0,0
swapped,g2_0075.tif,376,103.16,0.0,0
swapped,g2_0075.tif,377,54.61,0.0,0
swapped,g2_0075.tif,378,55.92,0.0,0
swapped,g2_0075.tif,379,54.61,0.0,0
a twice,g2_0075.tif,375,94.02,0.0,0
a twice,g2_0075.tif,376,103.16,0.0,0
a twice,g2_0075.tif,377,54.61,0.0,0
a twice,g2_0075.tif,378,55.92,0.0,0
a twice,g2_0075.tif,379,54.61,0.0,0
b twice,g2_0075.tif,375,94.02,0.0,0
b twice,g2_0075.tif,376,103.16,0.0,0
b twice,g2_0075.tif,377,54.61,0.0,0
b twice,g2_0075.tif,378,55.92,0.0,0
b twice,g2_0075.tif,379,54.61,0.0,0
shipped,g2_0077.tif,385,54.28,0.2821,0
shipped,g2_0077.tif,386,114.59,0.2,0
shipped,g2_0077.tif,387,54.28,0.6,1
shipped,g2_0077.tif,388,54.28,0.2464,0
shipped,g2_0077.tif,389,54.28,0.4847,0
swapped,g2_0077.tif,385,54.28,0.2684,0
swapped,g2_0077.tif,386,114.59,0.331,0
swapped,g2_0077.tif,387,54.28,0.5,1
swapped,g2_0077.tif,388,54.28,0.2029,0
swapped,g2_0077.tif,389,54.28,0.6429,1
a twice,g2_0077.tif,385,54.28,0.3519,0
a twice,g2_0077.tif,386,114.59,0.1905,0
a twice,g2_0077.tif,387,54.28,0.3333,0
a twice,g2_0077.tif,388,54.28,0.338,0
a twice,g2_0077.tif,389,54.28,0.0,0
b twice,g2_0077.tif,385,54.28,0.0,0
b twice,g2_0077.tif,386,114.59,0.2048,0
b twice,g2_0077.tif,387,54.28,0.0,0
b twice,g2_0077.tif,388,54.28,0.0,0
b twice,g2_0077.tif,389,54.28,0.0,0
shipped,g2_0098.tif,490,107.85,0.1922,0
shipped,g2_0098.tif,491,111.13,0.1743,0
shipped,g2_0098.tif,492,104.1,0.3005,0
shipped,g2_0098.tif,493,71.78,0.297,0
shipped,g2_0098.tif,494,121.06,0.0,0
swapped,g2_0098.tif,490,107.85,0.254,0
swapped,g2_0098.tif,491,111.13,0.2995,0
swapped,g2_0098.tif,492,104.1,0.1207,0
swapped,g2_0098.tif,493,71.78,0.1749,0
swapped,g2_0098.tif,494,121.06,0.0221,0
a twice,g2_0098.tif,490,107.85,0.0549,0
a twice,g2_0098.tif,491,111.13,0.3742,0
a twice,g2_0098.tif,492,104.1,0.3961,0
a twice,g2_0098.tif,493,71.78,0.2334,0
a twice,g2_0098.tif,494,121.06,0.273,0
b twice,g2_0098.tif,490,107.85,0.0055,0
b twice,g2_0098.tif,491,111.13,0.0101,0
b twice,g2_0098.tif,492,104.1,0.0035,0
b twice,g2_0098.tif,493,71.78,0.0032,0
b twice,g2_0098.tif,494,121.06,0.0053,0
shipped,g2_0101.tif,505,54.65,0.0889,0
shipped,g2_0101.tif,506,78.93,0.0485,0
shipped,g2_0101.tif,507,66.54,0.0,0
shipped,g2_0101.tif,508,103.21,0.0499,0
shipped,g2_0101.tif,509,91.82,0.1633,0
swapped,g2_0101.tif,505,54.65,0.0711,0
swapped,g2_0101.tif,506,78.93,0.0,0
swapped,g2_0101.tif,507,66.54,0.0,0
swapped,g2_0101.tif,508,103.21,0.0303,0
swapped,g2_0101.tif,509,91.82,0.1072,0
a twice,g2_0101.tif,505,54.65,0.0,0
a twice,g2_0101.tif,506,78.93,0.0,0
a twice,g2_0101.tif,507,66.54,0.0839,0
a twice,g2_0101.tif,508,103.21,0.0,0
a twice,g2_0101.tif,509,91.82,0.0651,0
b twice,g2_0101.tif,505,54.65,0.0776,0
b twice,g2_0101.tif,506,78.93,0.0,0
b twice,g2_0101.tif,507,66.54,0.0,0
b twice,g2_0101.tif,508,103.21,0.082,0
b twice,g2_0101.tif,509,91.82,0.0421,0
shipped,g2_0105.tif,525,30.94,0.0,0
shipped,g2_0105.tif,526,30.94,0.225,0
shipped,g2_0105.tif,527,43.3,0.4118,0
shipped,g2_0105.tif,528,32.75,0.0,0
shipped,g2_0105.tif,529,30.94,0.3816,0
swapped,g2_0105.tif,525,30.94,0.3393,0
swapped,g2_0105.tif,526,30.94,0.1928,0
swapped,g2_0105.tif,527,43.3,0.4034,0
swapped,g2_0105.tif,528,32.75,0.0,0
swapped,g2_0105.tif,529,30.94,0.4324,0
a twice,g2_0105.tif,525,30.94,0.4107,0
a twice,g2_0105.tif,526,30.94,0.2137,0
a twice,g2_0105.tif,527,43.3,0.504,1
a twice,g2_0105.tif,528,32.75,0.2769,0
a twice,g2_0105.tif,529,30.94,0.395,0
b twice,g2_0105.tif,525,30.94,0.0,0
b twice,g2_0105.tif,526,30.94,0.0725,0
b twice,g2_0105.tif,527,43.3,0.4259,0
b twice,g2_0105.tif,528,32.75,0.0,0
b twice,g2_0105.tif,529,30.94,0.1571,0
shipped,g2_0112.tif,560,18.06,0.0,0
shipped,g2_0112.tif,561,20.95,0.0,0
shipped,g2_0112.tif,562,54.19,0.0,0
shipped,g2_0112.tif,563,30.38,0.0,0
shipped,g2_0112.tif,564,42.15,0.0,0
swapped,g2_0112.tif,560,18.06,0.0,0
swapped,g2_0112.tif,561,20.95,0.0,0
swapped,g2_0112.tif,562,54.19,0.0,0
swapped,g2_0112.tif,563,30.38,0.0,0
swapped,g2_0112.tif,564,42.15,0.0,0
a twice,g2_0112.tif,560,18.06,0.0,0
a twice,g2_0112.tif,561,20.95,0.0,0
a twice,g2_0112.tif,562,54.19,0.0,0
a twice,g2_0112.tif,563,30.38,0.0,0
a twice,g2_0112.tif,564,42.15,0.0,0
b twice,g2_0112.tif,560,18.06,0.0,0
b twice,g2_0112.tif,561,20.95,0.0,0
b twice,g2_0112.tif,562,54.19,0.0,0
b twice,g2_0112.tif,563,30.38,0.0,0
b twice,g2_0112.tif,564,42.15,0.0,0
shipped,g2_0115.tif,575,99.58,0.0932,0
shipped,g2_0115.tif,576,135.18,0.2015,0
shipped,g2_0115.tif,578,173.0,0.1149,0
shipped,g2_0115.tif,579,116.29,0.083,0
swapped,g2_0115.tif,575,99.58,0.0743,0
swapped,g2_0115.tif,576,135.18,0.5525,1
swapped,g2_0115.tif,578,173.0,0.3468,0
swapped,g2_0115.tif,579,116.29,0.3295,0
a twice,g2_0115.tif,575,99.58,0.0267,0
a twice,g2_0115.tif,576,135.18,0.0266,0
a twice,g2_0115.tif,578,173.0,0.233,0
a twice,g2_0115.tif,579,116.29,0.169,0
b twice,g2_0115.tif,575,99.58,0.0138,0
b twice,g2_0115.tif,576,135.18,0.0099,0
b twice,g2_0115.tif,578,173.0,0.0175,0
b twice,g2_0115.tif,579,116.29,0.0094,0
shipped,g2_0134.tif,671,67.74,0.2665,0
shipped,g2_0134.tif,672,70.69,0.1543,0
shipped,g2_0134.tif,673,75.37,0.0032,0
shipped,g2_0134.tif,674,75.37,0.4293,0
shipped,g2_0134.tif,675,71.75,0.4516,0
swapped,g2_0134.tif,671,67.74,0.0,0
swapped,g2_0134.tif,672,70.69,0.0,0
swapped,g2_0134.tif,673,75.37,0.0,0
swapped,g2_0134.tif,674,75.37,0.0,0
swapped,g2_0134.tif,675,71.75,0.0,0
a twice,g2_0134.tif,671,67.74,0.0,0
a twice,g2_0134.tif,672,70.69,0.234,0
a twice,g2_0134.tif,673,75.37,0.0,0
a twice,g2_0134.tif,674,75.37,0.1414,0
a twice,g2_0134.tif,675,71.75,0.3272,0
b twice,g2_0134.tif,671,67.74,0.1317,0
b twice,g2_0134.tif,672,70.69,0.0,0
b twice,g2_0134.tif,673,75.37,0.0,0
b twice,g2_0134.tif,674,75.37,0.3918,0
b twice,g2_0134.tif,675,71.75,0.0,0
shipped,g2_0135.tif,676,54.65,0.1745,0
shipped,g2_0135.tif,677,67.57,0.314,0
shipped,g2_0135.tif,678,70.51,0.2182,0
shipped,g2_0135.tif,679,42.51,0.0864,0
shipped,g2_0135.tif,680,37.68,0.1161,0
swapped,g2_0135.tif,676,54.65,0.0,0
swapped,g2_0135.tif,677,67.57,0.0,0
swapped,g2_0135.tif,678,70.51,0.0,0
swapped,g2_0135.tif,679,42.51,0.0,0
swapped,g2_0135.tif,680,37.68,0.0,0
a twice,g2_0135.tif,676,54.65,0.0,0
a twice,g2_0135.tif,677,67.57,0.0108,0
a twice,g2_0135.tif,678,70.51,0.0348,0
a twice,g2_0135.tif,679,42.51,0.1296,0
a twice,g2_0135.tif,680,37.68,0.0,0
b twice,g2_0135.tif,676,54.65,0.1182,0
b twice,g2_0135.tif,677,67.57,0.1512,0
b twice,g2_0135.tif,678,70.51,0.0424,0
b twice,g2_0135.tif,679,42.51,0.0,0
b twice,g2_0135.tif,680,37.68,0.0,0
shipped,g2_0137.tif,686,55.79,0.0,0
shipped,g2_0137.tif,687,62.71,0.0,0
shipped,g2_0137.tif,688,103.08,0.0,0
shipped,g2_0137.tif,689,56.07,0.0,0
shipped,g2_0137.tif,690,152.27,0.09,0
swapped,g2_0137.tif,686,55.79,0.0,0
swapped,g2_0137.tif,687,62.71,0.0965,0
swapped,g2_0137.tif,688,103.08,0.1232,0
swapped,g2_0137.tif,689,56.07,0.0955,0
swapped,g2_0137.tif,690,152.27,0.1298,0
a twice,g2_0137.tif,686,55.79,0.2167,0
a twice,g2_0137.tif,687,62.71,0.2061,0
a twice,g2_0137.tif,688,103.08,0.136,0
a twice,g2_0137.tif,689,56.07,0.0573,0
a twice,g2_0137.tif,690,152.27,0.3776,0
b twice,g2_0137.tif,686,55.79,0.0,0
b twice,g2_0137.tif,687,62.71,0.0,0
b twice,g2_0137.tif,688,103.08,0.0,0
b twice,g2_0137.tif,689,56.07,0.0,0
b twice,g2_0137.tif,690,152.27,0.0,0
shipped,g2_0139.tif,696,37.6,0.0,0
shipped,g2_0139.tif,697,32.32,0.0,0
shipped,g2_0139.tif,698,70.46,0.0,0
shipped,g2_0139.tif,699,62.49,0.0123,0
shipped,g2_0139.tif,700,64.66,0.303,0
swapped,g2_0139.tif,696,37.6,0.0,0
swapped,g2_0139.tif,697,32.32,0.0,0
swapped,g2_0139.tif,698,70.46,0.0,0
swapped,g2_0139.tif,699,62.49,0.0,0
swapped,g2_0139.tif,700,64.66,0.103,0
a twice,g2_0139.tif,696,37.6,0.0,0
a twice,g2_0139.tif,697,32.32,0.0,0
a twice,g2_0139.tif,698,70.46,0.0178,0
a twice,g2_0139.tif,699,62.49,0.2617,0
a twice,g2_0139.tif,700,64.66,0.5333,1
b twice,g2_0139.tif,696,37.6,0.0,0
b twice,g2_0139.tif,697,32.32,0.2667,0
b twice,g2_0139.tif,698,70.46,0.0109,0
b twice,g2_0139.tif,699,62.49,0.2215,0
b twice,g2_0139.tif,700,64.66,0.3547,0
shipped,g2_0143.tif,716,110.41,0.0,0
shipped,g2_0143.tif,717,92.91,0.0,0
shipped,g2_0143.tif,718,184.65,0.0134,0
shipped,g2_0143.tif,719,141.82,0.0,0
shipped,g2_0143.tif,720,76.3,0.0,0
swapped,g2_0143.tif,716,110.41,0.1564,0
swapped,g2_0143.tif,717,92.91,0.0519,0
swapped,g2_0143.tif,718,184.65,0.0372,0
swapped,g2_0143.tif,719,141.82,0.0443,0
swapped,g2_0143.tif,720,76.3,0.09,0
a twice,g2_0143.tif,716,110.41,0.0,0
a twice,g2_0143.tif,717,92.91,0.0416,0
a twice,g2_0143.tif,718,184.65,0.0174,0
a twice,g2_0143.tif,719,141.82,0.0233,0
a twice,g2_0143.tif,720,76.3,0.0,0
b twice,g2_0143.tif,716,110.41,0.0,0
b twice,g2_0143.tif,717,92.91,0.0,0
b twice,g2_0143.tif,718,184.65,0.0585,0
b twice,g2_0143.tif,719,141.82,0.0,0
b twice,g2_0143.tif,720,76.3,0.0,0
shipped,g2_0149.tif,746,32.75,0.1497,0
shipped,g2_0149.tif,747,154.23,0.3654,0
shipped,g2_0149.tif,748,202.69,0.2813,0
shipped,g2_0149.tif,749,122.12,0.7774,1
shipped,g2_0149.tif,750,145.99,0.6936,1
swapped,g2_0149.tif,746,32.75,0.089,0
swapped,g2_0149.tif,747,154.23,0.0173,0
swapped,g2_0149.tif,748,202.69,0.1022,0
swapped,g2_0149.tif,749,122.12,0.6768,1
swapped,g2_0149.tif,750,145.99,0.6292,1
a twice,g2_0149.tif,746,32.75,0.16,0
a twice,g2_0149.tif,747,154.23,0.3593,0
a twice,g2_0149.tif,748,202.69,0.3583,0
a twice,g2_0149.tif,749,122.12,0.747,1
a twice,g2_0149.tif,750,145.99,0.7053,1
b twice,g2_0149.tif,746,32.75,0.0,0
b twice,g2_0149.tif,747,154.23,0.0,0
b twice,g2_0149.tif,748,202.69,0.0,0
b twice,g2_0149.tif,749,122.12,0.0,0
b twice,g2_0149.tif,750,145.99,0.2912,0
shipped,g2_0165.tif,826,32.73,0.2519,0
shipped,g2_0165.tif,827,38.37,0.2969,0
shipped,g2_0165.tif,828,44.84,0.4307,0
shipped,g2_0165.tif,829,44.53,0.38,0
shipped,g2_0165.tif,830,48.87,0.4318,0
swapped,g2_0165.tif,826,32.73,0.3043,0
swapped,g2_0165.tif,827,38.37,0.4186,0
swapped,g2_0165.tif,828,44.84,0.4307,0
swapped,g2_0165.tif,829,44.53,0.38,0
swapped,g2_0165.tif,830,48.87,0.5,1
a twice,g2_0165.tif,826,32.73,0.33,0
a twice,g2_0165.tif,827,38.37,0.4835,0
a twice,g2_0165.tif,828,44.84,0.2078,0
a twice,g2_0165.tif,829,44.53,0.3654,0
a twice,g2_0165.tif,830,48.87,0.3862,0
b twice,g2_0165.tif,826,32.73,0.2921,0
b twice,g2_0165.tif,827,38.37,0.3929,0
b twice,g2_0165.tif,828,44.84,0.4161,0
b twice,g2_0165.tif,829,44.53,0.44,0
b twice,g2_0165.tif,830,48.87,0.6023,1
shipped,g2_0166.tif,831,46.02,0.0,0
shipped,g2_0166.tif,832,46.02,0.0,0
shipped,g2_0166.tif,833,60.08,0.0,0
shipped,g2_0166.tif,834,46.02,0.0,0
shipped,g2_0166.tif,835,38.19,0.0,0
swapped,g2_0166.tif,831,46.02,0.0,0
swapped,g2_0166.tif,832,46.02,0.0,0
swapped,g2_0166.tif,833,60.08,0.0,0
swapped,g2_0166.tif,834,46.02,0.0,0
swapped,g2_0166.tif,835,38.19,0.0,0
a twice,g2_0166.tif,831,46.02,0.0,0
a twice,g2_0166.tif,832,46.02,0.0,0
a twice,g2_0166.tif,833,60.08,0.0,0
a twice,g2_0166.tif,834,46.02,0.0,0
a twice,g2_0166.tif,835,38.19,0.0,0
b twice,g2_0166.tif,831,46.02,0.3556,0
b twice,g2_0166.tif,832,46.02,0.2714,0
b twice,g2_0166.tif,833,60.08,0.0,0
b twice,g2_0166.tif,834,46.02,0.3256,0
b twice,g2_0166.tif,835,38.19,0.0,0
shipped,g2_0187.tif,936,55.3,0.2907,0
shipped,g2_0187.tif,937,67.14,0.2381,0
shipped,g2_0187.tif,938,54.93,0.1145,0
shipped,g2_0187.tif,939,54.93,0.2722,0
shipped,g2_0187.tif,940,44.24,0.4355,0
swapped,g2_0187.tif,936,55.3,0.2613,0
swapped,g2_0187.tif,937,67.14,0.2245,0
swapped,g2_0187.tif,938,54.93,0.0,0
swapped,g2_0187.tif,939,54.93,0.3558,0
swapped,g2_0187.tif,940,44.24,0.0,0
a twice,g2_0187.tif,936,55.3,0.2613,0
a twice,g2_0187.tif,937,67.14,0.3333,0
a twice,g2_0187.tif,938,54.93,0.0,0
a twice,g2_0187.tif,939,54.93,0.3654,0
a twice,g2_0187.tif,940,44.24,0.3714,0
b twice,g2_0187.tif,936,55.3,0.1883,0
b twice,g2_0187.tif,937,67.14,0.0667,0
b twice,g2_0187.tif,938,54.93,0.0,0
b twice,g2_0187.tif,939,54.93,0.0,0
b twice,g2_0187.tif,940,44.24,0.0,0
shipped,g2_0205.tif,1026,54.85,0.0,0
shipped,g2_0205.tif,1027,64.81,0.0,0
shipped,g2_0205.tif,1028,59.34,0.0,0
shipped,g2_0205.tif,1029,30.34,0.0,0
shipped,g2_0205.tif,1030,54.98,0.0,0
swapped,g2_0205.tif,1026,54.85,0.0,0
swapped,g2_0205.tif,1027,64.81,0.0,0
swapped,g2_0205.tif,1028,59.34,0.0,0
swapped,g2_0205.tif,1029,30.34,0.0,0
swapped,g2_0205.tif,1030,54.98,0.0,0
a twice,g2_0205.tif,1026,54.85,0.0,0
a twice,g2_0205.tif,1027,64.81,0.0,0
a twice,g2_0205.tif,1028,59.34,0.0,0
a twice,g2_0205.tif,1029,30.34,0.0,0
a twice,g2_0205.tif,1030,54.98,0.0,0
b twice,g2_0205.tif,1026,54.85,0.0,0
b twice,g2_0205.tif,1027,64.81,0.0,0
b twice,g2_0205.tif,1028,59.34,0.0,0
b twice,g2_0205.tif,1029,30.34,0.0,0
b twice,g2_0205.tif,1030,54.98,0.0,0
shipped,g2_0215.tif,1076,54.45,0.0,0
shipped,g2_0215.tif,1077,90.46,0.0,0
shipped,g2_0215.tif,1078,42.21,0.0,0
shipped,g2_0215.tif,1079,30.26,0.1538,0
shipped,g2_0215.tif,1080,54.27,0.0,0
swapped,g2_0215.tif,1076,54.45,0.0,0
swapped,g2_0215.tif,1077,90.46,0.0,0
swapped,g2_0215.tif,1078,42.21,0.0,0
swapped,g2_0215.tif,1079,30.26,0.0,0
swapped,g2_0215.tif,1080,54.27,0.0,0
a twice,g2_0215.tif,1076,54.45,0.0,0
a twice,g2_0215.tif,1077,90.46,0.0,0
a twice,g2_0215.tif,1078,42.21,0.0,0
a twice,g2_0215.tif,1079,30.26,0.0,0
a twice,g2_0215.tif,1080,54.27,0.0,0
b twice,g2_0215.tif,1076,54.45,0.0,0
b twice,g2_0215.tif,1077,90.46,0.0,0
b twice,g2_0215.tif,1078,42.21,0.0,0
b twice,g2_0215.tif,1079,30.26,0.0,0
b twice,g2_0215.tif,1080,54.27,0.0,0
shipped,g2_0237.tif,1186,30.35,0.0,0
shipped,g2_0237.tif,1187,30.24,0.0,0
shipped,g2_0237.tif,1188,28.22,0.0,0
shipped,g2_0237.tif,1189,42.34,0.0,0
shipped,g2_0237.tif,1190,28.22,0.0,0
swapped,g2_0237.tif,1186,30.35,0.0,0
swapped,g2_0237.tif,1187,30.24,0.0,0
swapped,g2_0237.tif,1188,28.22,0.0,0
swapped,g2_0237.tif,1189,42.34,0.0,0
swapped,g2_0237.tif,1190,28.22,0.0,0
a twice,g2_0237.tif,1186,30.35,0.0,0
a twice,g2_0237.tif,1187,30.24,0.0,0
a twice,g2_0237.tif,1188,28.22,0.0,0
a twice,g2_0237.tif,1189,42.34,0.0,0
a twice,g2_0237.tif,1190,28.22,0.0,0
b twice,g2_0237.tif,1186,30.35,0.0,0
b twice,g2_0237.tif,1187,30.24,0.0,0
b twice,g2_0237.tif,1188,28.22,0.0,0
b twice,g2_0237.tif,1189,42.34,0.0,0
b twice,g2_0237.tif,1190,28.22,0.0,0
shipped,g2_0239.tif,1196,38.15,0.0,0
shipped,g2_0239.tif,1197,38.17,0.0,0
shipped,g2_0239.tif,1198,82.43,0.0,0
shipped,g2_0239.tif,1199,55.28,0.0,0
shipped,g2_0239.tif,1200,48.83,0.0,0
swapped,g2_0239.tif,1196,38.15,0.0,0
swapped,g2_0239.tif,1197,38.17,0.0,0
swapped,g2_0239.tif,1198,82.43,0.0,0
swapped,g2_0239.tif,1199,55.28,0.0,0
swapped,g2_0239.tif,1200,48.83,0.0,0
a twice,g2_0239.tif,1196,38.15,0.0,0
a twice,g2_0239.tif,1197,38.17,0.0,0
a twice,g2_0239.tif,1198,82.43,0.0,0
a twice,g2_0239.tif,1199,55.28,0.0,0
a twice,g2_0239.tif,1200,48.83,0.0,0
b twice,g2_0239.tif,1196,38.15,0.0,0
b twice,g2_0239.tif,1197,38.17,0.0,0
b twice,g2_0239.tif,1198,82.43,0.0,0
b twice,g2_0239.tif,1199,55.28,0.0,0
b twice,g2_0239.tif,1200,48.83,0.0,0
shipped,g2_0243.tif,1216,54.6,0.1033,0
shipped,g2_0243.tif,1217,37.86,0.2234,0
shipped,g2_0243.tif,1218,67.75,0.4074,0
shipped,g2_0243.tif,1219,113.55,0.2415,0
shipped,g2_0243.tif,1220,54.83,0.3474,0
swapped,g2_0243.tif,1216,54.6,0.0084,0
swapped,g2_0243.tif,1217,37.86,0.2979,0
swapped,g2_0243.tif,1218,67.75,0.4691,0
swapped,g2_0243.tif,1219,113.55,0.1129,0
swapped,g2_0243.tif,1220,54.83,0.4471,0
a twice,g2_0243.tif,1216,54.6,0.163,0
a twice,g2_0243.tif,1217,37.86,0.0392,0
a twice,g2_0243.tif,1218,67.75,0.3512,0
a twice,g2_0243.tif,1219,113.55,0.1864,0
a twice,g2_0243.tif,1220,54.83,0.2105,0
b twice,g2_0243.tif,1216,54.6,0.0924,0
b twice,g2_0243.tif,1217,37.86,0.2071,0
b twice,g2_0243.tif,1218,67.75,0.3807,0
b twice,g2_0243.tif,1219,113.55,0.2231,0
b twice,g2_0243.tif,1220,54.83,0.2639,0
shipped,g2_0272.tif,1361,30.54,0.2667,0
shipped,g2_0272.tif,1362,30.54,0.0,0
shipped,g2_0272.tif,1363,54.97,0.2124,0
shipped,g2_0272.tif,1364,67.19,0.3667,0
shipped,g2_0272.tif,1365,54.97,0.4917,0
swapped,g2_0272.tif,1361,30.54,0.25,0
swapped,g2_0272.tif,1362,30.54,0.0,0
swapped,g2_0272.tif,1363,54.97,0.3274,0
swapped,g2_0272.tif,1364,67.19,0.4583,0
swapped,g2_0272.tif,1365,54.97,0.475,0
a twice,g2_0272.tif,1361,30.54,0.0,0
a twice,g2_0272.tif,1362,30.54,0.0,0
a twice,g2_0272.tif,1363,54.97,0.0,0
a twice,g2_0272.tif,1364,67.19,0.1333,0
a twice,g2_0272.tif,1365,54.97,0.1583,0
b twice,g2_0272.tif,1361,30.54,0.2833,0
b twice,g2_0272.tif,1362,30.54,0.371,0
b twice,g2_0272.tif,1363,54.97,0.4425,0
b twice,g2_0272.tif,1364,67.19,0.575,1
b twice,g2_0272.tif,1365,54.97,0.55,1
shipped,g2_0275.tif,1376,30.57,0.0,0
shipped,g2_0275.tif,1377,79.48,0.0618,0
shipped,g2_0275.tif,1378,30.57,0.2065,0
shipped,g2_0275.tif,1379,30.57,0.0,0
shipped,g2_0275.tif,1380,42.8,0.0,0
swapped,g2_0275.tif,1376,30.57,0.2929,0
swapped,g2_0275.tif,1377,79.48,0.0,0
swapped,g2_0275.tif,1378,30.57,0.2065,0
swapped,g2_0275.tif,1379,30.57,0.0444,0
swapped,g2_0275.tif,1380,42.8,0.0183,0
a twice,g2_0275.tif,1376,30.57,0.0531,0
a twice,g2_0275.tif,1377,79.48,0.1276,0
a twice,g2_0275.tif,1378,30.57,0.0425,0
a twice,g2_0275.tif,1379,30.57,0.0533,0
a twice,g2_0275.tif,1380,42.8,0.0978,0
b twice,g2_0275.tif,1376,30.57,0.0,0
b twice,g2_0275.tif,1377,79.48,0.0,0
b twice,g2_0275.tif,1378,30.57,0.0,0
b twice,g2_0275.tif,1379,30.57,0.0,0
b twice,g2_0275.tif,1380,42.8,0.0,0
shipped,g2_0276.tif,1381,80.2,0.0,0
shipped,g2_0276.tif,1382,62.94,0.0,0
shipped,g2_0276.tif,1383,72.04,0.0,0
shipped,g2_0276.tif,1384,80.2,0.214,0
shipped,g2_0276.tif,1385,37.89,0.0,0
swapped,g2_0276.tif,1381,80.2,0.3426,0
swapped,g2_0276.tif,1382,62.94,0.4012,0
swapped,g2_0276.tif,1383,72.04,0.4783,0
swapped,g2_0276.tif,1384,80.2,0.5153,1
swapped,g2_0276.tif,1385,37.89,0.0,0
a twice,g2_0276.tif,1381,80.2,0.51,1
a twice,g2_0276.tif,1382,62.94,0.2346,0
a twice,g2_0276.tif,1383,72.04,0.2705,0
a twice,g2_0276.tif,1384,80.2,0.441,0
a twice,g2_0276.tif,1385,37.89,0.0,0
b twice,g2_0276.tif,1381,80.2,0.0,0
b twice,g2_0276.tif,1382,62.94,0.0,0
b twice,g2_0276.tif,1383,72.04,0.0,0
b twice,g2_0276.tif,1384,80.2,0.0,0
b twice,g2_0276.tif,1385,37.89,0.0,0
shipped,g2_0282.tif,1411,37.97,0.0,0
shipped,g2_0282.tif,1412,38.01,0.0,0
shipped,g2_0282.tif,1413,55.02,0.0,0
shipped,g2_0282.tif,1414,45.78,0.0,0
shipped,g2_0282.tif,1415,80.37,0.0,0
swapped,g2_0282.tif,1411,37.97,0.0,0
swapped,g2_0282.tif,1412,38.01,0.0,0
swapped,g2_0282.tif,1413,55.02,0.0,0
swapped,g2_0282.tif,1414,45.78,0.0,0
swapped,g2_0282.tif,1415,80.37,0.0,0
a twice,g2_0282.tif,1411,37.97,0.0,0
a twice,g2_0282.tif,1412,38.01,0.0,0
a twice,g2_0282.tif,1413,55.02,0.0,0
a twice,g2_0282.tif,1414,45.78,0.0837,0
a twice,g2_0282.tif,1415,80.37,0.0,0
b twice,g2_0282.tif,1411,37.97,0.0,0
b twice,g2_0282.tif,1412,38.01,0.0,0
b twice,g2_0282.tif,1413,55.02,0.0,0
b twice,g2_0282.tif,1414,45.78,0.0,0
b twice,g2_0282.tif,1415,80.37,0.0804,0
shipped,g2_0291.tif,1456,89.27,0.0,0
shipped,g2_0291.tif,1457,97.52,0.0,0
shipped,g2_0291.tif,1458,72.09,0.0,0
shipped,g2_0291.tif,1459,89.27,0.0,0
shipped,g2_0291.tif,1460,54.95,0.0,0
swapped,g2_0291.tif,1456,89.27,0.0,0
swapped,g2_0291.tif,1457,97.52,0.0,0
swapped,g2_0291.tif,1458,72.09,0.0,0
swapped,g2_0291.tif,1459,89.27,0.0,0
swapped,g2_0291.tif,1460,54.95,0.0,0
a twice,g2_0291.tif,1456,89.27,0.1142,0
a twice,g2_0291.tif,1457,97.52,0.0783,0
a twice,g2_0291.tif,1458,72.09,0.0,0
a twice,g2_0291.tif,1459,89.27,0.0,0
a twice,g2_0291.tif,1460,54.95,0.0,0
b twice,g2_0291.tif,1456,89.27,0.0,0
b twice,g2_0291.tif,1457,97.52,0.0,0
b twice,g2_0291.tif,1458,72.09,0.0,0
b twice,g2_0291.tif,1459,89.27,0.0,0
b twice,g2_0291.tif,1460,54.95,0.0,0
shipped,g2_0298.tif,1491,37.65,0.0,0
shipped,g2_0298.tif,1492,37.65,0.0,0
shipped,g2_0298.tif,1493,70.41,0.316,0
shipped,g2_0298.tif,1494,30.35,0.375,0
shipped,g2_0298.tif,1495,32.18,0.0,0
swapped,g2_0298.tif,1491,37.65,0.0,0
swapped,g2_0298.tif,1492,37.65,0.0,0
swapped,g2_0298.tif,1493,70.41,0.208,0
swapped,g2_0298.tif,1494,30.35,0.0,0
swapped,g2_0298.tif,1495,32.18,0.1429,0
a twice,g2_0298.tif,1491,37.65,0.2222,0
a twice,g2_0298.tif,1492,37.65,0.3231,0
a twice,g2_0298.tif,1493,70.41,0.4503,0
a twice,g2_0298.tif,1494,30.35,0.135,0
a twice,g2_0298.tif,1495,32.18,0.2329,0
b twice,g2_0298.tif,1491,37.65,0.0,0
b twice,g2_0298.tif,1492,37.65,0.0,0
b twice,g2_0298.tif,1493,70.41,0.0,0
b twice,g2_0298.tif,1494,30.35,0.0,0
b twice,g2_0298.tif,1495,32.18,0.0,0
shipped,g2_0307.tif,1536,28.17,0.0,0
shipped,g2_0307.tif,1537,54.23,0.0,0
shipped,g2_0307.tif,1538,42.18,0.0,0
shipped,g2_0307.tif,1539,37.63,0.0,0
shipped,g2_0307.tif,1540,42.5,0.0,0
swapped,g2_0307.tif,1536,28.17,0.0,0
swapped,g2_0307.tif,1537,54.23,0.0,0
swapped,g2_0307.tif,1538,42.18,0.0,0
swapped,g2_0307.tif,1539,37.63,0.0,0
swapped,g2_0307.tif,1540,42.5,0.0,0
a twice,g2_0307.tif,1536,28.17,0.0,0
a twice,g2_0307.tif,1537,54.23,0.0,0
a twice,g2_0307.tif,1538,42.18,0.0,0
a twice,g2_0307.tif,1539,37.63,0.0,0
a twice,g2_0307.tif,1540,42.5,0.0,0
b twice,g2_0307.tif,1536,28.17,0.0,0
b twice,g2_0307.tif,1537,54.23,0.0,0
b twice,g2_0307.tif,1538,42.18,0.0,0
b twice,g2_0307.tif,1539,37.63,0.0,0
b twice,g2_0307.tif,1540,42.5,0.0,0
shipped,g2_0314.tif,1571,42.74,0.1576,0
shipped,g2_0314.tif,1572,32.5,0.0,0
shipped,g2_0314.tif,1573,42.74,0.4059,0
shipped,g2_0314.tif,1574,42.6,0.0,0
shipped,g2_0314.tif,1575,54.94,0.0,0
swapped,g2_0314.tif,1571,42.74,0.1758,0
swapped,g2_0314.tif,1572,32.5,0.2162,0
swapped,g2_0314.tif,1573,42.74,0.3168,0
swapped,g2_0314.tif,1574,42.6,0.0714,0
swapped,g2_0314.tif,1575,54.94,0.3889,0
a twice,g2_0314.tif,1571,42.74,0.0,0
a twice,g2_0314.tif,1572,32.5,0.0,0
a twice,g2_0314.tif,1573,42.74,0.5545,1
a twice,g2_0314.tif,1574,42.6,0.0,0
a twice,g2_0314.tif,1575,54.94,0.0,0
b twice,g2_0314.tif,1571,42.74,0.1333,0
b twice,g2_0314.tif,1572,32.5,0.2286,0
b twice,g2_0314.tif,1573,42.74,0.2574,0
b twice,g2_0314.tif,1574,42.6,0.0,0
b twice,g2_0314.tif,1575,54.94,0.1389,0
shipped,g2_0315.tif,1576,21.35,0.0,0
shipped,g2_0315.tif,1577,46.05,0.0,0
shipped,g2_0315.tif,1578,38.2,0.0,0
shipped,g2_0315.tif,1579,21.37,0.0,0
shipped,g2_0315.tif,1580,28.65,0.0,0
swapped,g2_0315.tif,1576,21.35,0.0,0
swapped,g2_0315.tif,1577,46.05,0.0,0
swapped,g2_0315.tif,1578,38.2,0.0,0
swapped,g2_0315.tif,1579,21.37,0.0,0
swapped,g2_0315.tif,1580,28.65,0.0,0
a twice,g2_0315.tif,1576,21.35,0.0,0
a twice,g2_0315.tif,1577,46.05,0.0,0
a twice,g2_0315.tif,1578,38.2,0.0,0
a twice,g2_0315.tif,1579,21.37,0.0,0
a twice,g2_0315.tif,1580,28.65,0.0,0
b twice,g2_0315.tif,1576,21.35,0.0,0
b twice,g2_0315.tif,1577,46.05,0.0,0
b twice,g2_0315.tif,1578,38.2,0.0,0
b twice,g2_0315.tif,1579,21.37,0.0,0
b twice,g2_0315.tif,1580,28.65,0.0,0
shipped,g2_0326.tif,1631,30.55,0.0,0
shipped,g2_0326.tif,1632,30.55,0.0,0
shipped,g2_0326.tif,1633,30.55,0.0,0
shipped,g2_0326.tif,1634,30.55,0.0,0
shipped,g2_0326.tif,1635,30.55,0.0,0
swapped,g2_0326.tif,1631,30.55,0.0,0
swapped,g2_0326.tif,1632,30.55,0.0,0
swapped,g2_0326.tif,1633,30.55,0.0,0
swapped,g2_0326.tif,1634,30.55,0.0,0
swapped,g2_0326.tif,1635,30.55,0.0,0
a twice,g2_0326.tif,1631,30.55,0.0,0
a twice,g2_0326.tif,1632,30.55,0.0,0
a twice,g2_0326.tif,1633,30.55,0.0,0
a twice,g2_0326.tif,1634,30.55,0.0,0
a twice,g2_0326.tif,1635,30.55,0.0,0
b twice,g2_0326.tif,1631,30.55,0.0,0
b twice,g2_0326.tif,1632,30.55,0.0,0
b twice,g2_0326.tif,1633,30.55,0.0,0
b twice,g2_0326.tif,1634,30.55,0.0,0
b twice,g2_0326.tif,1635,30.55,0.0,0
shipped,g2_0335.tif,1676,37.66,0.0,0
shipped,g2_0335.tif,1677,32.28,0.1786,0
shipped,g2_0335.tif,1678,37.66,0.1452,0
shipped,g2_0335.tif,1679,37.66,0.0,0
shipped,g2_0335.tif,1680,37.66,0.0,0
swapped,g2_0335.tif,1676,37.66,0.109,0
swapped,g2_0335.tif,1677,32.28,0.1857,0
swapped,g2_0335.tif,1678,37.66,0.3538,0
swapped,g2_0335.tif,1679,37.66,0.0248,0
swapped,g2_0335.tif,1680,37.66,0.1569,0
a twice,g2_0335.tif,1676,37.66,0.2083,0
a twice,g2_0335.tif,1677,32.28,0.0,0
a twice,g2_0335.tif,1678,37.66,0.0,0
a twice,g2_0335.tif,1679,37.66,0.0,0
a twice,g2_0335.tif,1680,37.66,0.0822,0
b twice,g2_0335.tif,1676,37.66,0.1504,0
b twice,g2_0335.tif,1677,32.28,0.0,0
b twice,g2_0335.tif,1678,37.66,0.0,0
b twice,g2_0335.tif,1679,37.66,0.0,0
b twice,g2_0335.tif,1680,37.66,0.0,0
shipped,g2_0336.tif,1681,79.21,0.0,0
shipped,g2_0336.tif,1682,79.21,0.0,0
shipped,g2_0336.tif,1683,91.39,0.0278,0
shipped,g2_0336.tif,1684,42.48,0.0,0
shipped,g2_0336.tif,1685,125.08,0.0,0
swapped,g2_0336.tif,1681,79.21,0.0,0
swapped,g2_0336.tif,1682,79.21,0.0,0
swapped,g2_0336.tif,1683,91.39,0.0,0
swapped,g2_0336.tif,1684,42.48,0.0,0
swapped,g2_0336.tif,1685,125.08,0.0,0
a twice,g2_0336.tif,1681,79.21,0.0,0
a twice,g2_0336.tif,1682,79.21,0.0,0
a twice,g2_0336.tif,1683,91.39,0.0,0
a twice,g2_0336.tif,1684,42.48,0.0,0
a twice,g2_0336.tif,1685,125.08,0.0,0
b twice,g2_0336.tif,1681,79.21,0.0,0
b twice,g2_0336.tif,1682,79.21,0.0414,0
b twice,g2_0336.tif,1683,91.39,0.0092,0
b twice,g2_0336.tif,1684,42.48,0.0,0
b twice,g2_0336.tif,1685,125.08,0.0398,0
shipped,g2_0338.tif,1691,38.4,0.0,0
shipped,g2_0338.tif,1692,43.31,0.0,0
shipped,g2_0338.tif,1693,43.31,0.0,0
shipped,g2_0338.tif,1694,38.35,0.0,0
shipped,g2_0338.tif,1695,32.85,0.0,0
swapped,g2_0338.tif,1691,38.4,0.0,0
swapped,g2_0338.tif,1692,43.31,0.0,0
swapped,g2_0338.tif,1693,43.31,0.0,0
swapped,g2_0338.tif,1694,38.35,0.0,0
swapped,g2_0338.tif,1695,32.85,0.0,0
a twice,g2_0338.tif,1691,38.4,0.0,0
a twice,g2_0338.tif,1692,43.31,0.0,0
a twice,g2_0338.tif,1693,43.31,0.0,0
a twice,g2_0338.tif,1694,38.35,0.0,0
a twice,g2_0338.tif,1695,32.85,0.0,0
b twice,g2_0338.tif,1691,38.4,0.0,0
b twice,g2_0338.tif,1692,43.31,0.0,0
b twice,g2_0338.tif,1693,43.31,0.0,0
b twice,g2_0338.tif,1694,38.35,0.0,0
b twice,g2_0338.tif,1695,32.85,0.0,0
shipped,g2_0340.tif,1701,81.77,0.1362,0
shipped,g2_0340.tif,1702,45.64,0.0,0
shipped,g2_0340.tif,1703,75.61,0.0,0
shipped,g2_0340.tif,1704,136.42,0.0721,0
shipped,g2_0340.tif,1705,75.61,0.5077,1
swapped,g2_0340.tif,1701,81.77,0.0723,0
swapped,g2_0340.tif,1702,45.64,0.0,0
swapped,g2_0340.tif,1703,75.61,0.0,0
swapped,g2_0340.tif,1704,136.42,0.0919,0
swapped,g2_0340.tif,1705,75.61,0.45,0
a twice,g2_0340.tif,1701,81.77,0.1277,0
a twice,g2_0340.tif,1702,45.64,0.0,0
a twice,g2_0340.tif,1703,75.61,0.3021,0
a twice,g2_0340.tif,1704,136.42,0.5117,1
a twice,g2_0340.tif,1705,75.61,0.2808,0
b twice,g2_0340.tif,1701,81.77,0.0,0
b twice,g2_0340.tif,1702,45.64,0.0,0
b twice,g2_0340.tif,1703,75.61,0.0,0
b twice,g2_0340.tif,1704,136.42,0.0378,0
b twice,g2_0340.tif,1705,75.61,0.1846,0
shipped,g2_0344.tif,1721,18.2,0.0,0
shipped,g2_0344.tif,1722,21.07,0.0,0
shipped,g2_0344.tif,1723,18.2,0.0,0
shipped,g2_0344.tif,1724,21.07,0.0,0
shipped,g2_0344.tif,1725,21.07,0.0,0
swapped,g2_0344.tif,1721,18.2,0.0,0
swapped,g2_0344.tif,1722,21.07,0.0,0
swapped,g2_0344.tif,1723,18.2,0.0,0
swapped,g2_0344.tif,1724,21.07,0.0,0
swapped,g2_0344.tif,1725,21.07,0.0,0
a twice,g2_0344.tif,1721,18.2,0.0,0
a twice,g2_0344.tif,1722,21.07,0.0,0
a twice,g2_0344.tif,1723,18.2,0.0,0
a twice,g2_0344.tif,1724,21.07,0.0,0
a twice,g2_0344.tif,1725,21.07,0.0,0
b twice,g2_0344.tif,1721,18.2,0.0,0
b twice,g2_0344.tif,1722,21.07,0.0,0
b twice,g2_0344.tif,1723,18.2,0.0,0
b twice,g2_0344.tif,1724,21.07,0.0,0
b twice,g2_0344.tif,1725,21.07,0.0,0
shipped,g2_0345.tif,1726,42.45,0.1772,0
shipped,g2_0345.tif,1727,54.58,0.0,0
shipped,g2_0345.tif,1728,54.58,0.2022,0
shipped,g2_0345.tif,1729,30.32,0.0,0
shipped,g2_0345.tif,1730,30.32,0.0,0
swapped,g2_0345.tif,1726,42.45,0.0,0
swapped,g2_0345.tif,1727,54.58,0.23,0
swapped,g2_0345.tif,1728,54.58,0.0,0
swapped,g2_0345.tif,1729,30.32,0.0,0
swapped,g2_0345.tif,1730,30.32,0.0,0
a twice,g2_0345.tif,1726,42.45,0.0,0
a twice,g2_0345.tif,1727,54.58,0.0,0
a twice,g2_0345.tif,1728,54.58,0.0,0
a twice,g2_0345.tif,1729,30.32,0.0,0
a twice,g2_0345.tif,1730,30.32,0.0,0
b twice,g2_0345.tif,1726,42.45,0.0083,0
b twice,g2_0345.tif,1727,54.58,0.0,0
b twice,g2_0345.tif,1728,54.58,0.0,0
b twice,g2_0345.tif,1729,30.32,0.0,0
b twice,g2_0345.tif,1730,30.32,0.1364,0
shipped,g2_0348.tif,1741,67.1,0.0,0
shipped,g2_0348.tif,1742,67.1,0.0,0
shipped,g2_0348.tif,1743,67.19,0.0,0
shipped,g2_0348.tif,1744,67.19,0.0,0
shipped,g2_0348.tif,1745,67.1,0.0,0
swapped,g2_0348.tif,1741,67.1,0.0,0
swapped,g2_0348.tif,1742,67.1,0.0,0
swapped,g2_0348.tif,1743,67.19,0.0,0
swapped,g2_0348.tif,1744,67.19,0.0,0
swapped,g2_0348.tif,1745,67.1,0.0,0
a twice,g2_0348.tif,1741,67.1,0.5641,1
a twice,g2_0348.tif,1742,67.1,0.1277,0
a twice,g2_0348.tif,1743,67.19,0.2968,0
a twice,g2_0348.tif,1744,67.19,0.1348,0
a twice,g2_0348.tif,1745,67.1,0.2022,0
b twice,g2_0348.tif,1741,67.1,0.0,0
b twice,g2_0348.tif,1742,67.1,0.0,0
b twice,g2_0348.tif,1743,67.19,0.0,0
b twice,g2_0348.tif,1744,67.19,0.0,0
b twice,g2_0348.tif,1745,67.1,0.0,0
shipped,g2_0358.tif,1791,80.08,0.0523,0
shipped,g2_0358.tif,1792,62.85,0.0621,0
shipped,g2_0358.tif,1793,75.57,0.236,0
shipped,g2_0358.tif,1794,56.15,0.0,0
shipped,g2_0358.tif,1795,91.23,0.1399,0
swapped,g2_0358.tif,1791,80.08,0.1405,0
swapped,g2_0358.tif,1792,62.85,0.2484,0
swapped,g2_0358.tif,1793,75.57,0.1914,0
swapped,g2_0358.tif,1794,56.15,0.1205,0
swapped,g2_0358.tif,1795,91.23,0.3807,0
a twice,g2_0358.tif,1791,80.08,0.364,0
a twice,g2_0358.tif,1792,62.85,0.3546,0
a twice,g2_0358.tif,1793,75.57,0.2831,0
a twice,g2_0358.tif,1794,56.15,0.167,0
a twice,g2_0358.tif,1795,91.23,0.6238,1
b twice,g2_0358.tif,1791,80.08,0.0826,0
b twice,g2_0358.tif,1792,62.85,0.0088,0
b twice,g2_0358.tif,1793,75.57,0.0064,0
b twice,g2_0358.tif,1794,56.15,0.1006,0
b twice,g2_0358.tif,1795,91.23,0.4835,0
shipped,g2_0367.tif,1836,28.33,0.0,0
shipped,g2_0367.tif,1837,59.54,0.0,0
shipped,g2_0367.tif,1838,21.17,0.0,0
shipped,g2_0367.tif,1839,21.17,0.0,0
shipped,g2_0367.tif,1840,28.33,0.0,0
swapped,g2_0367.tif,1836,28.33,0.0,0
swapped,g2_0367.tif,1837,59.54,0.0,0
swapped,g2_0367.tif,1838,21.17,0.0,0
swapped,g2_0367.tif,1839,21.17,0.0,0
swapped,g2_0367.tif,1840,28.33,0.0,0
a twice,g2_0367.tif,1836,28.33,0.0,0
a twice,g2_0367.tif,1837,59.54,0.0,0
a twice,g2_0367.tif,1838,21.17,0.0,0
a twice,g2_0367.tif,1839,21.17,0.0,0
a twice,g2_0367.tif,1840,28.33,0.0,0
b twice,g2_0367.tif,1836,28.33,0.0,0
b twice,g2_0367.tif,1837,59.54,0.0,0
b twice,g2_0367.tif,1838,21.17,0.0,0
b twice,g2_0367.tif,1839,21.17,0.0,0
b twice,g2_0367.tif,1840,28.33,0.0,0
shipped,g2_0368.tif,1841,75.11,0.0897,0
shipped,g2_0368.tif,1842,78.34,0.0,0
shipped,g2_0368.tif,1843,43.68,0.0,0
shipped,g2_0368.tif,1844,66.28,0.0,0
shipped,g2_0368.tif,1845,37.49,0.0,0
swapped,g2_0368.tif,1841,75.11,0.1538,0
swapped,g2_0368.tif,1842,78.34,0.0726,0
swapped,g2_0368.tif,1843,43.68,0.0,0
swapped,g2_0368.tif,1844,66.28,0.0,0
swapped,g2_0368.tif,1845,37.49,0.0,0
a twice,g2_0368.tif,1841,75.11,0.2776,0
a twice,g2_0368.tif,1842,78.34,0.3987,0
a twice,g2_0368.tif,1843,43.68,0.2027,0
a twice,g2_0368.tif,1844,66.28,0.288,0
a twice,g2_0368.tif,1845,37.49,0.0,0
b twice,g2_0368.tif,1841,75.11,0.0,0
b twice,g2_0368.tif,1842,78.34,0.0,0
b twice,g2_0368.tif,1843,43.68,0.0,0
b twice,g2_0368.tif,1844,66.28,0.0,0
b twice,g2_0368.tif,1845,37.49,0.0,0
shipped,g2_0373.tif,1866,42.37,0.0,0
shipped,g2_0373.tif,1867,42.37,0.0,0
shipped,g2_0373.tif,1868,30.15,0.0,0
shipped,g2_0373.tif,1869,42.21,0.0,0
shipped,g2_0373.tif,1870,59.1,0.0,0
swapped,g2_0373.tif,1866,42.37,0.0,0
swapped,g2_0373.tif,1867,42.37,0.0,0
swapped,g2_0373.tif,1868,30.15,0.0841,0
swapped,g2_0373.tif,1869,42.21,0.1786,0
swapped,g2_0373.tif,1870,59.1,0.0,0
a twice,g2_0373.tif,1866,42.37,0.0259,0
a twice,g2_0373.tif,1867,42.37,0.0268,0
a twice,g2_0373.tif,1868,30.15,0.0204,0
a twice,g2_0373.tif,1869,42.21,0.1376,0
a twice,g2_0373.tif,1870,59.1,0.0,0
b twice,g2_0373.tif,1866,42.37,0.3478,0
b twice,g2_0373.tif,1867,42.37,0.006,0
b twice,g2_0373.tif,1868,30.15,0.0,0
b twice,g2_0373.tif,1869,42.21,0.0,0
b twice,g2_0373.tif,1870,59.1,0.0,0
shipped,g2_0385.tif,1926,43.03,0.0,0
shipped,g2_0385.tif,1927,48.59,0.0,0
shipped,g2_0385.tif,1928,44.28,0.0,0
shipped,g2_0385.tif,1929,59.99,0.0,0
shipped,g2_0385.tif,1930,56.51,0.0,0
swapped,g2_0385.tif,1926,43.03,0.0,0
swapped,g2_0385.tif,1927,48.59,0.0,0
swapped,g2_0385.tif,1928,44.28,0.0,0
swapped,g2_0385.tif,1929,59.99,0.0,0
swapped,g2_0385.tif,1930,56.51,0.0,0
a twice,g2_0385.tif,1926,43.03,0.0,0
a twice,g2_0385.tif,1927,48.59,0.0,0
a twice,g2_0385.tif,1928,44.28,0.0,0
a twice,g2_0385.tif,1929,59.99,0.0,0
a twice,g2_0385.tif,1930,56.51,0.0657,0
b twice,g2_0385.tif,1926,43.03,0.0,0
b twice,g2_0385.tif,1927,48.59,0.0,0
b twice,g2_0385.tif,1928,44.28,0.0,0
b twice,g2_0385.tif,1929,59.99,0.0,0
b twice,g2_0385.tif,1930,56.51,0.0,0
shipped,g2_0386.tif,1931,42.48,0.0,0
shipped,g2_0386.tif,1932,55.83,0.0,0
shipped,g2_0386.tif,1933,54.92,0.0,0
shipped,g2_0386.tif,1934,30.34,0.0,0
shipped,g2_0386.tif,1935,81.59,0.0,0
swapped,g2_0386.tif,1931,42.48,0.0,0
swapped,g2_0386.tif,1932,55.83,0.0705,0
swapped,g2_0386.tif,1933,54.92,0.0,0
swapped,g2_0386.tif,1934,30.34,0.0,0
swapped,g2_0386.tif,1935,81.59,0.0,0
a twice,g2_0386.tif,1931,42.48,0.2466,0
a twice,g2_0386.tif,1932,55.83,0.2281,0
a twice,g2_0386.tif,1933,54.92,0.4037,0
a twice,g2_0386.tif,1934,30.34,0.0156,0
a twice,g2_0386.tif,1935,81.59,0.1158,0
b twice,g2_0386.tif,1931,42.48,0.0,0
b twice,g2_0386.tif,1932,55.83,0.0,0
b twice,g2_0386.tif,1933,54.92,0.0,0
b twice,g2_0386.tif,1934,30.34,0.0,0
b twice,g2_0386.tif,1935,81.59,0.0,0
shipped,g2_0388.tif,1941,18.18,0.0,0
shipped,g2_0388.tif,1942,18.18,0.0,0
shipped,g2_0388.tif,1943,30.33,0.0,0
shipped,g2_0388.tif,1944,28.24,0.0,0
shipped,g2_0388.tif,1945,21.05,0.0,0
swapped,g2_0388.tif,1941,18.18,0.0,0
swapped,g2_0388.tif,1942,18.18,0.0,0
swapped,g2_0388.tif,1943,30.33,0.0,0
swapped,g2_0388.tif,1944,28.24,0.0,0
swapped,g2_0388.tif,1945,21.05,0.0,0
a twice,g2_0388.tif,1941,18.18,0.0,0
a twice,g2_0388.tif,1942,18.18,0.0,0
a twice,g2_0388.tif,1943,30.33,0.0,0
a twice,g2_0388.tif,1944,28.24,0.0,0
a twice,g2_0388.tif,1945,21.05,0.0,0
b twice,g2_0388.tif,1941,18.18,0.0,0
b twice,g2_0388.tif,1942,18.18,0.0,0
b twice,g2_0388.tif,1943,30.33,0.0,0
b twice,g2_0388.tif,1944,28.24,0.0,0
b twice,g2_0388.tif,1945,21.05,0.0,0
shipped,g2_0399.tif,1996,38.19,0.0,0
shipped,g2_0399.tif,1997,43.15,0.0,0
shipped,g2_0399.tif,1998,65.66,0.0,0
shipped,g2_0399.tif,1999,43.0,0.0,0
shipped,g2_0399.tif,2000,48.93,0.3386,0
swapped,g2_0399.tif,1996,38.19,0.0,0
swapped,g2_0399.tif,1997,43.15,0.0,0
swapped,g2_0399.tif,1998,65.66,0.0,0
swapped,g2_0399.tif,1999,43.0,0.0,0
swapped,g2_0399.tif,2000,48.93,0.368,0
a twice,g2_0399.tif,1996,38.19,0.0,0
a twice,g2_0399.tif,1997,43.15,0.0,0
a twice,g2_0399.tif,1998,65.66,0.0,0
a twice,g2_0399.tif,1999,43.0,0.0,0
a twice,g2_0399.tif,2000,48.93,0.0,0
b twice,g2_0399.tif,1996,38.19,0.0,0
b twice,g2_0399.tif,1997,43.15,0.0,0
b twice,g2_0399.tif,1998,65.66,0.0,0
b twice,g2_0399.tif,1999,43.0,0.0,0
b twice,g2_0399.tif,2000,48.93,0.0,0
shipped,g2_0400.tif,2001,43.96,0.3425,0
shipped,g2_0400.tif,2002,32.3,0.0,0
shipped,g2_0400.tif,2003,54.59,0.2784,0
shipped,g2_0400.tif,2004,37.68,0.0,0
shipped,g2_0400.tif,2005,43.96,0.0,0
swapped,g2_0400.tif,2001,43.96,0.3014,0
swapped,g2_0400.tif,2002,32.3,0.0,0
swapped,g2_0400.tif,2003,54.59,0.3299,0
swapped,g2_0400.tif,2004,37.68,0.0,0
swapped,g2_0400.tif,2005,43.96,0.0,0
a twice,g2_0400.tif,2001,43.96,0.4521,0
a twice,g2_0400.tif,2002,32.3,0.0,0
a twice,g2_0400.tif,2003,54.59,0.3711,0
a twice,g2_0400.tif,2004,37.68,0.0,0
a twice,g2_0400.tif,2005,43.96,0.0,0
b twice,g2_0400.tif,2001,43.96,0.0,0
b twice,g2_0400.tif,2002,32.3,0.0,0
b twice,g2_0400.tif,2003,54.59,0.1856,0
b twice,g2_0400.tif,2004,37.68,0.0,0
b twice,g2_0400.tif,2005,43.96,0.0,0
shipped,g2_0406.tif,2031,60.06,0.0,0
shipped,g2_0406.tif,2032,38.14,0.0,0
shipped,g2_0406.tif,2033,38.14,0.0,0
shipped,g2_0406.tif,2034,32.74,0.0,0
shipped,g2_0406.tif,2035,45.99,0.0,0
swapped,g2_0406.tif,2031,60.06,0.2077,0
swapped,g2_0406.tif,2032,38.14,0.0,0
swapped,g2_0406.tif,2033,38.14,0.0,0
swapped,g2_0406.tif,2034,32.74,0.0,0
swapped,g2_0406.tif,2035,45.99,0.0,0
a twice,g2_0406.tif,2031,60.06,0.0,0
a twice,g2_0406.tif,2032,38.14,0.0,0
a twice,g2_0406.tif,2033,38.14,0.0,0
a twice,g2_0406.tif,2034,32.74,0.0,0
a twice,g2_0406.tif,2035,45.99,0.0,0
b twice,g2_0406.tif,2031,60.06,0.0,0
b twice,g2_0406.tif,2032,38.14,0.0583,0
b twice,g2_0406.tif,2033,38.14,0.0,0
b twice,g2_0406.tif,2034,32.74,0.0,0
b twice,g2_0406.tif,2035,45.99,0.0,0
shipped,g2_0410.tif,2051,69.03,0.4897,0
shipped,g2_0410.tif,2052,81.25,0.2407,0
shipped,g2_0410.tif,2053,65.85,0.4755,0
shipped,g2_0410.tif,2054,55.65,0.4188,0
shipped,g2_0410.tif,2055,69.03,0.4286,0
swapped,g2_0410.tif,2051,69.03,0.0,0
swapped,g2_0410.tif,2052,81.25,0.0,0
swapped,g2_0410.tif,2053,65.85,0.0,0
swapped,g2_0410.tif,2054,55.65,0.2906,0
swapped,g2_0410.tif,2055,69.03,0.0,0
a twice,g2_0410.tif,2051,69.03,0.0,0
a twice,g2_0410.tif,2052,81.25,0.0,0
a twice,g2_0410.tif,2053,65.85,0.0,0
a twice,g2_0410.tif,2054,55.65,0.0,0
a twice,g2_0410.tif,2055,69.03,0.0,0
b twice,g2_0410.tif,2051,69.03,0.5276,1
b twice,g2_0410.tif,2052,81.25,0.5988,1
b twice,g2_0410.tif,2053,65.85,0.5882,1
b twice,g2_0410.tif,2054,55.65,0.4872,0
b twice,g2_0410.tif,2055,69.03,0.4735,0
shipped,g2_0418.tif,2091,66.28,0.0,0
shipped,g2_0418.tif,2092,58.91,0.0,0
shipped,g2_0418.tif,2093,54.27,0.0,0
shipped,g2_0418.tif,2094,66.28,0.0,0
shipped,g2_0418.tif,2095,54.23,0.0,0
swapped,g2_0418.tif,2091,66.28,0.0,0
swapped,g2_0418.tif,2092,58.91,0.0,0
swapped,g2_0418.tif,2093,54.27,0.2,0
swapped,g2_0418.tif,2094,66.28,0.2021,0
swapped,g2_0418.tif,2095,54.23,0.0,0
a twice,g2_0418.tif,2091,66.28,0.0,0
a twice,g2_0418.tif,2092,58.91,0.0,0
a twice,g2_0418.tif,2093,54.27,0.0,0
a twice,g2_0418.tif,2094,66.28,0.0,0
a twice,g2_0418.tif,2095,54.23,0.0,0
b twice,g2_0418.tif,2091,66.28,0.0,0
b twice,g2_0418.tif,2092,58.91,0.0,0
b twice,g2_0418.tif,2093,54.27,0.0,0
b twice,g2_0418.tif,2094,66.28,0.0,0
b twice,g2_0418.tif,2095,54.23,0.0,0
shipped,g2_0429.tif,2146,18.22,0.0,0
shipped,g2_0429.tif,2147,28.21,0.0,0
shipped,g2_0429.tif,2148,18.22,0.0,0
shipped,g2_0429.tif,2149,21.07,0.0,0
shipped,g2_0429.tif,2150,21.0,0.0,0
swapped,g2_0429.tif,2146,18.22,0.0,0
swapped,g2_0429.tif,2147,28.21,0.0,0
swapped,g2_0429.tif,2148,18.22,0.0,0
swapped,g2_0429.tif,2149,21.07,0.0,0
swapped,g2_0429.tif,2150,21.0,0.0,0
a twice,g2_0429.tif,2146,18.22,0.0,0
a twice,g2_0429.tif,2147,28.21,0.125,0
a twice,g2_0429.tif,2148,18.22,0.0435,0
a twice,g2_0429.tif,2149,21.07,0.3684,0
a twice,g2_0429.tif,2150,21.0,0.1395,0
b twice,g2_0429.tif,2146,18.22,0.0,0
b twice,g2_0429.tif,2147,28.21,0.0,0
b twice,g2_0429.tif,2148,18.22,0.0,0
b twice,g2_0429.tif,2149,21.07,0.0,0
b twice,g2_0429.tif,2150,21.0,0.0,0
shipped,g2_0439.tif,2196,30.34,0.0,0
shipped,g2_0439.tif,2197,37.65,0.0,0
shipped,g2_0439.tif,2198,42.36,0.0,0
shipped,g2_0439.tif,2199,66.73,0.0,0
shipped,g2_0439.tif,2200,42.47,0.0,0
swapped,g2_0439.tif,2196,30.34,0.0,0
swapped,g2_0439.tif,2197,37.65,0.0,0
swapped,g2_0439.tif,2198,42.36,0.0,0
swapped,g2_0439.tif,2199,66.73,0.0,0
swapped,g2_0439.tif,2200,42.47,0.0,0
a twice,g2_0439.tif,2196,30.34,0.0,0
a twice,g2_0439.tif,2197,37.65,0.0,0
a twice,g2_0439.tif,2198,42.36,0.0,0
a twice,g2_0439.tif,2199,66.73,0.0,0
a twice,g2_0439.tif,2200,42.47,0.0,0
b twice,g2_0439.tif,2196,30.34,0.0,0
b twice,g2_0439.tif,2197,37.65,0.0,0
b twice,g2_0439.tif,2198,42.36,0.0,0
b twice,g2_0439.tif,2199,66.73,0.0,0
b twice,g2_0439.tif,2200,42.47,0.0,0
shipped,g2_0454.tif,2271,64.69,0.2706,0
shipped,g2_0454.tif,2272,91.04,0.6111,1
shipped,g2_0454.tif,2273,64.69,0.397,0
shipped,g2_0454.tif,2274,71.65,0.5,1
shipped,g2_0454.tif,2275,64.69,0.3401,0
swapped,g2_0454.tif,2271,64.69,0.3026,0
swapped,g2_0454.tif,2272,91.04,0.6189,1
swapped,g2_0454.tif,2273,64.69,0.3915,0
swapped,g2_0454.tif,2274,71.65,0.6068,1
swapped,g2_0454.tif,2275,64.69,0.3548,0
a twice,g2_0454.tif,2271,64.69,0.1845,0
a twice,g2_0454.tif,2272,91.04,0.2254,0
a twice,g2_0454.tif,2273,64.69,0.3418,0
a twice,g2_0454.tif,2274,71.65,0.5777,1
a twice,g2_0454.tif,2275,64.69,0.3197,0
b twice,g2_0454.tif,2271,64.69,0.0,0
b twice,g2_0454.tif,2272,91.04,0.4303,0
b twice,g2_0454.tif,2273,64.69,0.1738,0
b twice,g2_0454.tif,2274,71.65,0.1987,0
b twice,g2_0454.tif,2275,64.69,0.2896,0
shipped,g2_0458.tif,2291,58.94,0.4615,0
shipped,g2_0458.tif,2292,101.9,0.2832,0
shipped,g2_0458.tif,2293,96.48,0.1279,0
shipped,g2_0458.tif,2294,30.15,0.0,0
shipped,g2_0458.tif,2295,18.09,0.0,0
swapped,g2_0458.tif,2291,58.94,0.4255,0
swapped,g2_0458.tif,2292,101.9,0.3581,0
swapped,g2_0458.tif,2293,96.48,0.2593,0
swapped,g2_0458.tif,2294,30.15,0.0008,0
swapped,g2_0458.tif,2295,18.09,0.0032,0
a twice,g2_0458.tif,2291,58.94,0.1302,0
a twice,g2_0458.tif,2292,101.9,0.3927,0
a twice,g2_0458.tif,2293,96.48,0.303,0
a twice,g2_0458.tif,2294,30.15,0.0009,0
a twice,g2_0458.tif,2295,18.09,0.0027,0
b twice,g2_0458.tif,2291,58.94,0.4092,0
b twice,g2_0458.tif,2292,101.9,0.2755,0
b twice,g2_0458.tif,2293,96.48,0.2825,0
b twice,g2_0458.tif,2294,30.15,0.0,0
b twice,g2_0458.tif,2295,18.09,0.0,0
shipped,g2_0463.tif,2316,48.49,0.0,0
shipped,g2_0463.tif,2317,55.0,0.0,0
shipped,g2_0463.tif,2318,48.49,0.0,0
shipped,g2_0463.tif,2319,18.21,0.0,0
shipped,g2_0463.tif,2320,18.21,0.0,0
swapped,g2_0463.tif,2316,48.49,0.0,0
swapped,g2_0463.tif,2317,55.0,0.0,0
swapped,g2_0463.tif,2318,48.49,0.0,0
swapped,g2_0463.tif,2319,18.21,0.0,0
swapped,g2_0463.tif,2320,18.21,0.0,0
a twice,g2_0463.tif,2316,48.49,0.0,0
a twice,g2_0463.tif,2317,55.0,0.0,0
a twice,g2_0463.tif,2318,48.49,0.0,0
a twice,g2_0463.tif,2319,18.21,0.1241,0
a twice,g2_0463.tif,2320,18.21,0.2195,0
b twice,g2_0463.tif,2316,48.49,0.0,0
b twice,g2_0463.tif,2317,55.0,0.0,0
b twice,g2_0463.tif,2318,48.49,0.0,0
b twice,g2_0463.tif,2319,18.21,0.0,0
b twice,g2_0463.tif,2320,18.21,0.0,0
shipped,g2_0470.tif,2351,42.19,0.0,0
shipped,g2_0470.tif,2352,42.33,0.0,0
shipped,g2_0470.tif,2353,20.99,0.0,0
shipped,g2_0470.tif,2354,32.19,0.0,0
shipped,g2_0470.tif,2355,45.19,0.0,0
swapped,g2_0470.tif,2351,42.19,0.0439,0
swapped,g2_0470.tif,2352,42.33,0.0077,0
swapped,g2_0470.tif,2353,20.99,0.2687,0
swapped,g2_0470.tif,2354,32.19,0.2062,0
swapped,g2_0470.tif,2355,45.19,0.0811,0
a twice,g2_0470.tif,2351,42.19,0.2258,0
a twice,g2_0470.tif,2352,42.33,0.004,0
a twice,g2_0470.tif,2353,20.99,0.1864,0
a twice,g2_0470.tif,2354,32.19,0.1087,0
a twice,g2_0470.tif,2355,45.19,0.129,0
b twice,g2_0470.tif,2351,42.19,0.0,0
b twice,g2_0470.tif,2352,42.33,0.0,0
b twice,g2_0470.tif,2353,20.99,0.0,0
b twice,g2_0470.tif,2354,32.19,0.0,0
b twice,g2_0470.tif,2355,45.19,0.0,0
shipped,g2_0475.tif,2376,78.98,0.0,0
shipped,g2_0475.tif,2377,54.68,0.2517,0
shipped,g2_0475.tif,2378,42.53,0.0,0
shipped,g2_0475.tif,2379,44.04,0.0,0
shipped,g2_0475.tif,2380,66.83,0.0,0
swapped,g2_0475.tif,2376,78.98,0.0,0
swapped,g2_0475.tif,2377,54.68,0.2517,0
swapped,g2_0475.tif,2378,42.53,0.0,0
swapped,g2_0475.tif,2379,44.04,0.0,0
swapped,g2_0475.tif,2380,66.83,0.3266,0
a twice,g2_0475.tif,2376,78.98,0.23,0
a twice,g2_0475.tif,2377,54.68,0.4354,0
a twice,g2_0475.tif,2378,42.53,0.4918,0
a twice,g2_0475.tif,2379,44.04,0.2986,0
a twice,g2_0475.tif,2380,66.83,0.4646,0
b twice,g2_0475.tif,2376,78.98,0.0,0
b twice,g2_0475.tif,2377,54.68,0.2949,0
b twice,g2_0475.tif,2378,42.53,0.0181,0
b twice,g2_0475.tif,2379,44.04,0.0173,0
b twice,g2_0475.tif,2380,66.83,0.1111,0
shipped,g2_0493.tif,2466,30.16,0.0,0
shipped,g2_0493.tif,2467,37.45,0.0,0
shipped,g2_0493.tif,2468,47.89,0.0,0
shipped,g2_0493.tif,2469,28.08,0.0,0
shipped,g2_0493.tif,2470,32.11,0.0,0
swapped,g2_0493.tif,2466,30.16,0.0,0
swapped,g2_0493.tif,2467,37.45,0.0,0
swapped,g2_0493.tif,2468,47.89,0.0,0
swapped,g2_0493.tif,2469,28.08,0.0,0
swapped,g2_0493.tif,2470,32.11,0.0,0
a twice,g2_0493.tif,2466,30.16,0.0,0
a twice,g2_0493.tif,2467,37.45,0.0,0
a twice,g2_0493.tif,2468,47.89,0.0,0
a twice,g2_0493.tif,2469,28.08,0.0,0
a twice,g2_0493.tif,2470,32.11,0.0,0
b twice,g2_0493.tif,2466,30.16,0.2169,0
b twice,g2_0493.tif,2467,37.45,0.1207,0
b twice,g2_0493.tif,2468,47.89,0.1875,0
b twice,g2_0493.tif,2469,28.08,0.0,0
b twice,g2_0493.tif,2470,32.11,0.0,0
shipped,g2_0506.tif,2531,71.12,0.1959,0
shipped,g2_0506.tif,2532,68.04,0.2804,0
shipped,g2_0506.tif,2533,67.17,0.216,0
shipped,g2_0506.tif,2534,30.54,0.3053,0
shipped,g2_0506.tif,2535,67.17,0.0989,0
swapped,g2_0506.tif,2531,71.12,0.0566,0
swapped,g2_0506.tif,2532,68.04,0.3378,0
swapped,g2_0506.tif,2533,67.17,0.48,0
swapped,g2_0506.tif,2534,30.54,0.3515,0
swapped,g2_0506.tif,2535,67.17,0.2679,0
a twice,g2_0506.tif,2531,71.12,0.2238,0
a twice,g2_0506.tif,2532,68.04,0.2635,0
a twice,g2_0506.tif,2533,67.17,0.448,0
a twice,g2_0506.tif,2534,30.54,0.1083,0
a twice,g2_0506.tif,2535,67.17,0.3878,0
b twice,g2_0506.tif,2531,71.12,0.0,0
b twice,g2_0506.tif,2532,68.04,0.0,0
b twice,g2_0506.tif,2533,67.17,0.0,0
b twice,g2_0506.tif,2534,30.54,0.0,0
b twice,g2_0506.tif,2535,67.17,0.0,0
shipped,g2_0509.tif,2546,30.13,0.0,0
shipped,g2_0509.tif,2547,66.43,0.0102,0
shipped,g2_0509.tif,2548,30.2,0.1758,0
shipped,g2_0509.tif,2549,54.36,0.1085,0
shipped,g2_0509.tif,2550,54.36,0.2174,0
swapped,g2_0509.tif,2546,30.13,0.0,0
swapped,g2_0509.tif,2547,66.43,0.0,0
swapped,g2_0509.tif,2548,30.2,0.0,0
swapped,g2_0509.tif,2549,54.36,0.1705,0
swapped,g2_0509.tif,2550,54.36,0.0,0
a twice,g2_0509.tif,2546,30.13,0.0,0
a twice,g2_0509.tif,2547,66.43,0.0,0
a twice,g2_0509.tif,2548,30.2,0.0,0
a twice,g2_0509.tif,2549,54.36,0.2093,0
a twice,g2_0509.tif,2550,54.36,0.2536,0
b twice,g2_0509.tif,2546,30.13,0.0,0
b twice,g2_0509.tif,2547,66.43,0.3892,0
b twice,g2_0509.tif,2548,30.2,0.0791,0
b twice,g2_0509.tif,2549,54.36,0.0,0
b twice,g2_0509.tif,2550,54.36,0.0,0
shipped,g2_0517.tif,2586,30.52,0.0,0
shipped,g2_0517.tif,2587,30.52,0.0,0
shipped,g2_0517.tif,2588,54.93,0.0,0
shipped,g2_0517.tif,2589,59.67,0.0,0
shipped,g2_0517.tif,2590,54.97,0.0,0
swapped,g2_0517.tif,2586,30.52,0.0,0
swapped,g2_0517.tif,2587,30.52,0.0,0
swapped,g2_0517.tif,2588,54.93,0.0,0
swapped,g2_0517.tif,2589,59.67,0.1667,0
swapped,g2_0517.tif,2590,54.97,0.0,0
a twice,g2_0517.tif,2586,30.52,0.1167,0
a twice,g2_0517.tif,2587,30.52,0.5376,1
a twice,g2_0517.tif,2588,54.93,0.0,0
a twice,g2_0517.tif,2589,59.67,0.413,0
a twice,g2_0517.tif,2590,54.97,0.0949,0
b twice,g2_0517.tif,2586,30.52,0.0,0
b twice,g2_0517.tif,2587,30.52,0.0,0
b twice,g2_0517.tif,2588,54.93,0.0,0
b twice,g2_0517.tif,2589,59.67,0.0,0
b twice,g2_0517.tif,2590,54.97,0.0,0
shipped,g2_0518.tif,2591,30.2,0.0,0
shipped,g2_0518.tif,2592,30.2,0.0,0
shipped,g2_0518.tif,2593,30.2,0.0,0
shipped,g2_0518.tif,2594,42.27,0.0,0
shipped,g2_0518.tif,2595,54.35,0.1887,0
swapped,g2_0518.tif,2591,30.2,0.0,0
swapped,g2_0518.tif,2592,30.2,0.0,0
swapped,g2_0518.tif,2593,30.2,0.0,0
swapped,g2_0518.tif,2594,42.27,0.0,0
swapped,g2_0518.tif,2595,54.35,0.1321,0
a twice,g2_0518.tif,2591,30.2,0.0,0
a twice,g2_0518.tif,2592,30.2,0.0,0
a twice,g2_0518.tif,2593,30.2,0.0,0
a twice,g2_0518.tif,2594,42.27,0.0,0
a twice,g2_0518.tif,2595,54.35,0.1056,0
b twice,g2_0518.tif,2591,30.2,0.0,0
b twice,g2_0518.tif,2592,30.2,0.0,0
b twice,g2_0518.tif,2593,30.2,0.0,0
b twice,g2_0518.tif,2594,42.27,0.0,0
b twice,g2_0518.tif,2595,54.35,0.0,0
shipped,g2_0521.tif,2606,47.83,0.0,0
shipped,g2_0521.tif,2607,54.16,0.0,0
shipped,g2_0521.tif,2608,54.16,0.0,0
shipped,g2_0521.tif,2609,42.13,0.0,0
shipped,g2_0521.tif,2610,42.13,0.0,0
swapped,g2_0521.tif,2606,47.83,0.0,0
swapped,g2_0521.tif,2607,54.16,0.0,0
swapped,g2_0521.tif,2608,54.16,0.0,0
swapped,g2_0521.tif,2609,42.13,0.0,0
swapped,g2_0521.tif,2610,42.13,0.0,0
a twice,g2_0521.tif,2606,47.83,0.0,0
a twice,g2_0521.tif,2607,54.16,0.0,0
a twice,g2_0521.tif,2608,54.16,0.0,0
a twice,g2_0521.tif,2609,42.13,0.0,0
a twice,g2_0521.tif,2610,42.13,0.0,0
b twice,g2_0521.tif,2606,47.83,0.0,0
b twice,g2_0521.tif,2607,54.16,0.0,0
b twice,g2_0521.tif,2608,54.16,0.0,0
b twice,g2_0521.tif,2609,42.13,0.0,0
b twice,g2_0521.tif,2610,42.13,0.0,0
shipped,g2_0523.tif,2616,21.19,0.0,0
shipped,g2_0523.tif,2617,28.4,0.0,0
shipped,g2_0523.tif,2618,28.4,0.0,0
shipped,g2_0523.tif,2619,30.53,0.0,0
shipped,g2_0523.tif,2620,21.19,0.0,0
swapped,g2_0523.tif,2616,21.19,0.0,0
swapped,g2_0523.tif,2617,28.4,0.0,0
swapped,g2_0523.tif,2618,28.4,0.0,0
swapped,g2_0523.tif,2619,30.53,0.0,0
swapped,g2_0523.tif,2620,21.19,0.0,0
a twice,g2_0523.tif,2616,21.19,0.0,0
a twice,g2_0523.tif,2617,28.4,0.0,0
a twice,g2_0523.tif,2618,28.4,0.0,0
a twice,g2_0523.tif,2619,30.53,0.0,0
a twice,g2_0523.tif,2620,21.19,0.0,0
b twice,g2_0523.tif,2616,21.19,0.0,0
b twice,g2_0523.tif,2617,28.4,0.0,0
b twice,g2_0523.tif,2618,28.4,0.0,0
b twice,g2_0523.tif,2619,30.53,0.0,0
b twice,g2_0523.tif,2620,21.19,0.0,0
shipped,g2_0556.tif,2781,54.24,0.0,0
shipped,g2_0556.tif,2782,20.95,0.0,0
shipped,g2_0556.tif,2783,32.11,0.0,0
shipped,g2_0556.tif,2784,55.7,0.0,0
shipped,g2_0556.tif,2785,70.24,0.0,0
swapped,g2_0556.tif,2781,54.24,0.0,0
swapped,g2_0556.tif,2782,20.95,0.0,0
swapped,g2_0556.tif,2783,32.11,0.0,0
swapped,g2_0556.tif,2784,55.7,0.0,0
swapped,g2_0556.tif,2785,70.24,0.0,0
a twice,g2_0556.tif,2781,54.24,0.1176,0
a twice,g2_0556.tif,2782,20.95,0.0,0
a twice,g2_0556.tif,2783,32.11,0.0,0
a twice,g2_0556.tif,2784,55.7,0.0,0
a twice,g2_0556.tif,2785,70.24,0.1698,0
b twice,g2_0556.tif,2781,54.24,0.0,0
b twice,g2_0556.tif,2782,20.95,0.0,0
b twice,g2_0556.tif,2783,32.11,0.0,0
b twice,g2_0556.tif,2784,55.7,0.0,0
b twice,g2_0556.tif,2785,70.24,0.0,0
shipped,g2_0559.tif,2796,79.87,0.0,0
shipped,g2_0559.tif,2797,102.46,0.0,0
shipped,g2_0559.tif,2798,105.97,0.0,0
shipped,g2_0559.tif,2799,66.86,0.0,0
shipped,g2_0559.tif,2800,103.99,0.0,0
swapped,g2_0559.tif,2796,79.87,0.0,0
swapped,g2_0559.tif,2797,102.46,0.0,0
swapped,g2_0559.tif,2798,105.97,0.0,0
swapped,g2_0559.tif,2799,66.86,0.0,0
swapped,g2_0559.tif,2800,103.99,0.0,0
a twice,g2_0559.tif,2796,79.87,0.0,0
a twice,g2_0559.tif,2797,102.46,0.1169,0
a twice,g2_0559.tif,2798,105.97,0.0299,0
a twice,g2_0559.tif,2799,66.86,0.0,0
a twice,g2_0559.tif,2800,103.99,0.0,0
b twice,g2_0559.tif,2796,79.87,0.0,0
b twice,g2_0559.tif,2797,102.46,0.0,0
b twice,g2_0559.tif,2798,105.97,0.0,0
b twice,g2_0559.tif,2799,66.86,0.0,0
b twice,g2_0559.tif,2800,103.99,0.0,0
shipped,g2_0563.tif,2816,30.84,0.0,0
shipped,g2_0563.tif,2817,30.84,0.0,0
shipped,g2_0563.tif,2818,28.69,0.0,0
shipped,g2_0563.tif,2819,18.51,0.0,0
shipped,g2_0563.tif,2820,28.69,0.0,0
swapped,g2_0563.tif,2816,30.84,0.0,0
swapped,g2_0563.tif,2817,30.84,0.0,0
swapped,g2_0563.tif,2818,28.69,0.0,0
swapped,g2_0563.tif,2819,18.51,0.0,0
swapped,g2_0563.tif,2820,28.69,0.0,0
a twice,g2_0563.tif,2816,30.84,0.0,0
a twice,g2_0563.tif,2817,30.84,0.0,0
a twice,g2_0563.tif,2818,28.69,0.0,0
a twice,g2_0563.tif,2819,18.51,0.0,0
a twice,g2_0563.tif,2820,28.69,0.0,0
b twice,g2_0563.tif,2816,30.84,0.0044,0
b twice,g2_0563.tif,2817,30.84,0.0092,0
b twice,g2_0563.tif,2818,28.69,0.0051,0
b twice,g2_0563.tif,2819,18.51,0.0,0
b twice,g2_0563.tif,2820,28.69,0.0256,0
shipped,g2_0567.tif,2836,54.88,0.0,0
shipped,g2_0567.tif,2837,70.85,0.0,0
shipped,g2_0567.tif,2838,54.88,0.0,0
shipped,g2_0567.tif,2839,45.61,0.0,0
shipped,g2_0567.tif,2840,64.89,0.1325,0
swapped,g2_0567.tif,2836,54.88,0.3889,0
swapped,g2_0567.tif,2837,70.85,0.2655,0
swapped,g2_0567.tif,2838,54.88,0.0,0
swapped,g2_0567.tif,2839,45.61,0.0,0
swapped,g2_0567.tif,2840,64.89,0.5232,1
a twice,g2_0567.tif,2836,54.88,0.5597,1
a twice,g2_0567.tif,2837,70.85,0.4775,0
a twice,g2_0567.tif,2838,54.88,0.2279,0
a twice,g2_0567.tif,2839,45.61,0.0,0
a twice,g2_0567.tif,2840,64.89,0.5232,1
b twice,g2_0567.tif,2836,54.88,0.0,0
b twice,g2_0567.tif,2837,70.85,0.0,0
b twice,g2_0567.tif,2838,54.88,0.0,0
b twice,g2_0567.tif,2839,45.61,0.0,0
b twice,g2_0567.tif,2840,64.89,0.0,0
shipped,g2_0575.tif,2876,125.4,0.4983,0
shipped,g2_0575.tif,2877,128.16,0.3666,0
shipped,g2_0575.tif,2878,126.15,0.6005,1
shipped,g2_0575.tif,2879,89.36,0.1563,0
shipped,g2_0575.tif,2880,133.38,0.4192,0
swapped,g2_0575.tif,2876,125.4,0.5047,1
swapped,g2_0575.tif,2877,128.16,0.3578,0
swapped,g2_0575.tif,2878,126.15,0.6325,1
swapped,g2_0575.tif,2879,89.36,0.1733,0
swapped,g2_0575.tif,2880,133.38,0.5244,1
a twice,g2_0575.tif,2876,125.4,0.3883,0
a twice,g2_0575.tif,2877,128.16,0.4815,0
a twice,g2_0575.tif,2878,126.15,0.4168,0
a twice,g2_0575.tif,2879,89.36,0.1378,0
a twice,g2_0575.tif,2880,133.38,0.5193,1
b twice,g2_0575.tif,2876,125.4,0.5355,1
b twice,g2_0575.tif,2877,128.16,0.3211,0
b twice,g2_0575.tif,2878,126.15,0.5054,1
b twice,g2_0575.tif,2879,89.36,0.0949,0
b twice,g2_0575.tif,2880,133.38,0.3847,0
shipped,g2_0576.tif,2881,30.54,0.1797,0
shipped,g2_0576.tif,2882,30.54,0.1465,0
shipped,g2_0576.tif,2883,18.33,0.2155,0
shipped,g2_0576.tif,2884,28.38,0.25,0
shipped,g2_0576.tif,2885,42.74,0.0557,0
swapped,g2_0576.tif,2881,30.54,0.1554,0
swapped,g2_0576.tif,2882,30.54,0.3485,0
swapped,g2_0576.tif,2883,18.33,0.119,0
swapped,g2_0576.tif,2884,28.38,0.4312,0
swapped,g2_0576.tif,2885,42.74,0.0345,0
a twice,g2_0576.tif,2881,30.54,0.1133,0
a twice,g2_0576.tif,2882,30.54,0.122,0
a twice,g2_0576.tif,2883,18.33,0.2687,0
a twice,g2_0576.tif,2884,28.38,0.0101,0
a twice,g2_0576.tif,2885,42.74,0.0,0
b twice,g2_0576.tif,2881,30.54,0.0,0
b twice,g2_0576.tif,2882,30.54,0.0,0
b twice,g2_0576.tif,2883,18.33,0.0,0
b twice,g2_0576.tif,2884,28.38,0.0,0
b twice,g2_0576.tif,2885,42.74,0.0,0
shipped,g2_0588.tif,2941,87.45,0.0,0
shipped,g2_0588.tif,2942,82.39,0.0,0
shipped,g2_0588.tif,2943,45.89,0.0,0
shipped,g2_0588.tif,2944,45.89,0.0,0
shipped,g2_0588.tif,2945,55.11,0.0,0
swapped,g2_0588.tif,2941,87.45,0.0,0
swapped,g2_0588.tif,2942,82.39,0.0,0
swapped,g2_0588.tif,2943,45.89,0.0,0
swapped,g2_0588.tif,2944,45.89,0.0001,0
swapped,g2_0588.tif,2945,55.11,0.0,0
a twice,g2_0588.tif,2941,87.45,0.0251,0
a twice,g2_0588.tif,2942,82.39,0.0332,0
a twice,g2_0588.tif,2943,45.89,0.0219,0
a twice,g2_0588.tif,2944,45.89,0.0166,0
a twice,g2_0588.tif,2945,55.11,0.0827,0
b twice,g2_0588.tif,2941,87.45,0.0,0
b twice,g2_0588.tif,2942,82.39,0.0,0
b twice,g2_0588.tif,2943,45.89,0.0438,0
b twice,g2_0588.tif,2944,45.89,0.0,0
b twice,g2_0588.tif,2945,55.11,0.1154,0
shipped,g2_0594.tif,2971,67.06,0.5215,1
shipped,g2_0594.tif,2972,42.67,0.4735,0
shipped,g2_0594.tif,2973,44.18,0.0163,0
shipped,g2_0594.tif,2974,67.14,0.1393,0
shipped,g2_0594.tif,2975,32.5,0.1485,0
swapped,g2_0594.tif,2971,67.06,0.3558,0
swapped,g2_0594.tif,2972,42.67,0.1969,0
swapped,g2_0594.tif,2973,44.18,0.1909,0
swapped,g2_0594.tif,2974,67.14,0.1857,0
swapped,g2_0594.tif,2975,32.5,0.2476,0
a twice,g2_0594.tif,2971,67.06,0.362,0
a twice,g2_0594.tif,2972,42.67,0.4762,0
a twice,g2_0594.tif,2973,44.18,0.0023,0
a twice,g2_0594.tif,2974,67.14,0.1863,0
a twice,g2_0594.tif,2975,32.5,0.1431,0
b twice,g2_0594.tif,2971,67.06,0.0,0
b twice,g2_0594.tif,2972,42.67,0.2093,0
b twice,g2_0594.tif,2973,44.18,0.2116,0
b twice,g2_0594.tif,2974,67.14,0.1089,0
b twice,g2_0594.tif,2975,32.5,0.1146,0
shipped,g2_0608.tif,3042,79.36,0.208,0
shipped,g2_0608.tif,3043,37.93,0.0649,0
shipped,g2_0608.tif,3044,65.12,0.5086,1
shipped,g2_0608.tif,3045,79.36,0.1857,0
shipped,g2_0608.tif,3046,48.51,0.2381,0
swapped,g2_0608.tif,3042,79.36,0.0,0
swapped,g2_0608.tif,3043,37.93,0.0,0
swapped,g2_0608.tif,3044,65.12,0.0,0
swapped,g2_0608.tif,3045,79.36,0.0,0
swapped,g2_0608.tif,3046,48.51,0.1497,0
a twice,g2_0608.tif,3042,79.36,0.0,0
a twice,g2_0608.tif,3043,37.93,0.1421,0
a twice,g2_0608.tif,3044,65.12,0.4603,0
a twice,g2_0608.tif,3045,79.36,0.0844,0
a twice,g2_0608.tif,3046,48.51,0.0,0
b twice,g2_0608.tif,3042,79.36,0.0,0
b twice,g2_0608.tif,3043,37.93,0.0,0
b twice,g2_0608.tif,3044,65.12,0.0,0
b twice,g2_0608.tif,3045,79.36,0.0,0
b twice,g2_0608.tif,3046,48.51,0.0,0
shipped,g2_0611.tif,3057,32.92,0.0,0
shipped,g2_0611.tif,3058,38.41,0.0,0
shipped,g2_0611.tif,3059,38.41,0.0,0
shipped,g2_0611.tif,3060,111.12,0.0,0
shipped,g2_0611.tif,3061,65.96,0.0,0
swapped,g2_0611.tif,3057,32.92,0.0,0
swapped,g2_0611.tif,3058,38.41,0.0,0
swapped,g2_0611.tif,3059,38.41,0.0,0
swapped,g2_0611.tif,3060,111.12,0.0,0
swapped,g2_0611.tif,3061,65.96,0.0,0
a twice,g2_0611.tif,3057,32.92,0.0,0
a twice,g2_0611.tif,3058,38.41,0.0,0
a twice,g2_0611.tif,3059,38.41,0.0,0
a twice,g2_0611.tif,3060,111.12,0.0,0
a twice,g2_0611.tif,3061,65.96,0.0,0
b twice,g2_0611.tif,3057,32.92,0.0,0
b twice,g2_0611.tif,3058,38.41,0.1732,0
b twice,g2_0611.tif,3059,38.41,0.1538,0
b twice,g2_0611.tif,3060,111.12,0.119,0
b twice,g2_0611.tif,3061,65.96,0.0419,0
shipped,g2_0617.tif,3087,55.47,0.1864,0
shipped,g2_0617.tif,3088,38.27,0.1978,0
shipped,g2_0617.tif,3089,63.61,0.0,0
shipped,g2_0617.tif,3090,38.27,0.0631,0
shipped,g2_0617.tif,3091,44.81,0.0,0
swapped,g2_0617.tif,3087,55.47,0.0,0
swapped,g2_0617.tif,3088,38.27,0.1867,0
swapped,g2_0617.tif,3089,63.61,0.1387,0
swapped,g2_0617.tif,3090,38.27,0.2467,0
swapped,g2_0617.tif,3091,44.81,0.1835,0
a twice,g2_0617.tif,3087,55.47,0.0876,0
a twice,g2_0617.tif,3088,38.27,0.0519,0
a twice,g2_0617.tif,3089,63.61,0.0735,0
a twice,g2_0617.tif,3090,38.27,0.1113,0
a twice,g2_0617.tif,3091,44.81,0.0257,0
b twice,g2_0617.tif,3087,55.47,0.0,0
b twice,g2_0617.tif,3088,38.27,0.0,0
b twice,g2_0617.tif,3089,63.61,0.0,0
b twice,g2_0617.tif,3090,38.27,0.0,0
b twice,g2_0617.tif,3091,44.81,0.0,0
shipped,g2_0631.tif,3157,21.11,0.0,0
shipped,g2_0631.tif,3158,18.25,0.0,0
shipped,g2_0631.tif,3159,11.11,0.0,0
shipped,g2_0631.tif,3160,21.11,0.0,0
shipped,g2_0631.tif,3161,21.07,0.0,0
swapped,g2_0631.tif,3157,21.11,0.0,0
swapped,g2_0631.tif,3158,18.25,0.0,0
swapped,g2_0631.tif,3159,11.11,0.0,0
swapped,g2_0631.tif,3160,21.11,0.0,0
swapped,g2_0631.tif,3161,21.07,0.0,0
a twice,g2_0631.tif,3157,21.11,0.0,0
a twice,g2_0631.tif,3158,18.25,0.0,0
a twice,g2_0631.tif,3159,11.11,0.0,0
a twice,g2_0631.tif,3160,21.11,0.0,0
a twice,g2_0631.tif,3161,21.07,0.0,0
b twice,g2_0631.tif,3157,21.11,0.0,0
b twice,g2_0631.tif,3158,18.25,0.0,0
b twice,g2_0631.tif,3159,11.11,0.0,0
b twice,g2_0631.tif,3160,21.11,0.0,0
b twice,g2_0631.tif,3161,21.07,0.0,0
shipped,g2_0640.tif,3202,75.31,0.1453,0
shipped,g2_0640.tif,3203,67.74,0.2,0
shipped,g2_0640.tif,3204,30.3,0.0,0
shipped,g2_0640.tif,3205,30.3,0.4627,0
shipped,g2_0640.tif,3206,32.27,0.0,0
swapped,g2_0640.tif,3202,75.31,0.128,0
swapped,g2_0640.tif,3203,67.74,0.2333,0
swapped,g2_0640.tif,3204,30.3,0.0,0
swapped,g2_0640.tif,3205,30.3,0.5224,1
swapped,g2_0640.tif,3206,32.27,0.0,0
a twice,g2_0640.tif,3202,75.31,0.2007,0
a twice,g2_0640.tif,3203,67.74,0.1889,0
a twice,g2_0640.tif,3204,30.3,0.0,0
a twice,g2_0640.tif,3205,30.3,0.4328,0
a twice,g2_0640.tif,3206,32.27,0.0,0
b twice,g2_0640.tif,3202,75.31,0.1592,0
b twice,g2_0640.tif,3203,67.74,0.0778,0
b twice,g2_0640.tif,3204,30.3,0.0,0
b twice,g2_0640.tif,3205,30.3,0.3433,0
b twice,g2_0640.tif,3206,32.27,0.1,0
shipped,g2_0648.tif,3242,147.78,0.1752,0
shipped,g2_0648.tif,3243,137.1,0.0,0
shipped,g2_0648.tif,3244,161.02,0.0293,0
shipped,g2_0648.tif,3245,92.65,0.0,0
shipped,g2_0648.tif,3246,92.65,0.0,0
swapped,g2_0648.tif,3242,147.78,0.0705,0
swapped,g2_0648.tif,3243,137.1,0.021,0
swapped,g2_0648.tif,3244,161.02,0.1472,0
swapped,g2_0648.tif,3245,92.65,0.1815,0
swapped,g2_0648.tif,3246,92.65,0.0581,0
a twice,g2_0648.tif,3242,147.78,0.5135,1
a twice,g2_0648.tif,3243,137.1,0.0578,0
a twice,g2_0648.tif,3244,161.02,0.0271,0
a twice,g2_0648.tif,3245,92.65,0.2439,0
a twice,g2_0648.tif,3246,92.65,0.2088,0
b twice,g2_0648.tif,3242,147.78,0.3459,0
b twice,g2_0648.tif,3243,137.1,0.1164,0
b twice,g2_0648.tif,3244,161.02,0.0,0
b twice,g2_0648.tif,3245,92.65,0.0,0
b twice,g2_0648.tif,3246,92.65,0.0,0
shipped,g2_0667.tif,3337,30.23,0.0,0
shipped,g2_0667.tif,3338,18.22,0.0,0
shipped,g2_0667.tif,3339,30.23,0.0,0
shipped,g2_0667.tif,3340,28.21,0.0,0
shipped,g2_0667.tif,3341,42.32,0.0,0
swapped,g2_0667.tif,3337,30.23,0.0,0
swapped,g2_0667.tif,3338,18.22,0.0,0
swapped,g2_0667.tif,3339,30.23,0.0,0
swapped,g2_0667.tif,3340,28.21,0.0,0
swapped,g2_0667.tif,3341,42.32,0.0,0
a twice,g2_0667.tif,3337,30.23,0.0,0
a twice,g2_0667.tif,3338,18.22,0.0,0
a twice,g2_0667.tif,3339,30.23,0.0,0
a twice,g2_0667.tif,3340,28.21,0.0,0
a twice,g2_0667.tif,3341,42.32,0.0,0
b twice,g2_0667.tif,3337,30.23,0.0,0
b twice,g2_0667.tif,3338,18.22,0.0,0
b twice,g2_0667.tif,3339,30.23,0.0,0
b twice,g2_0667.tif,3340,28.21,0.0,0
b twice,g2_0667.tif,3341,42.32,0.0,0
shipped,g2_0671.tif,3357,90.72,0.1125,0
shipped,g2_0671.tif,3358,54.43,0.0839,0
shipped,g2_0671.tif,3359,64.55,0.0,0
shipped,g2_0671.tif,3360,90.72,0.0694,0
shipped,g2_0671.tif,3361,90.72,0.0,0
swapped,g2_0671.tif,3357,90.72,0.0051,0
swapped,g2_0671.tif,3358,54.43,0.005,0
swapped,g2_0671.tif,3359,64.55,0.0046,0
swapped,g2_0671.tif,3360,90.72,0.0057,0
swapped,g2_0671.tif,3361,90.72,0.0045,0
a twice,g2_0671.tif,3357,90.72,0.0086,0
a twice,g2_0671.tif,3358,54.43,0.0082,0
a twice,g2_0671.tif,3359,64.55,0.0075,0
a twice,g2_0671.tif,3360,90.72,0.0083,0
a twice,g2_0671.tif,3361,90.72,0.0041,0
b twice,g2_0671.tif,3357,90.72,0.0017,0
b twice,g2_0671.tif,3358,54.43,0.005,0
b twice,g2_0671.tif,3359,64.55,0.0,0
b twice,g2_0671.tif,3360,90.72,0.161,0
b twice,g2_0671.tif,3361,90.72,0.0,0
shipped,g2_0694.tif,3472,28.4,0.0,0
shipped,g2_0694.tif,3473,18.27,0.0,0
shipped,g2_0694.tif,3474,21.16,0.0,0
shipped,g2_0694.tif,3475,21.16,0.0,0
shipped,g2_0694.tif,3476,30.45,0.0,0
swapped,g2_0694.tif,3472,28.4,0.0,0
swapped,g2_0694.tif,3473,18.27,0.0,0
swapped,g2_0694.tif,3474,21.16,0.0,0
swapped,g2_0694.tif,3475,21.16,0.0,0
swapped,g2_0694.tif,3476,30.45,0.0,0
a twice,g2_0694.tif,3472,28.4,0.0,0
a twice,g2_0694.tif,3473,18.27,0.0,0
a twice,g2_0694.tif,3474,21.16,0.0,0
a twice,g2_0694.tif,3475,21.16,0.0482,0
a twice,g2_0694.tif,3476,30.45,0.0,0
b twice,g2_0694.tif,3472,28.4,0.0,0
b twice,g2_0694.tif,3473,18.27,0.0159,0
b twice,g2_0694.tif,3474,21.16,0.2131,0
b twice,g2_0694.tif,3475,21.16,0.0,0
b twice,g2_0694.tif,3476,30.45,0.0,0
shipped,g2_0698.tif,3492,64.73,0.1221,0
shipped,g2_0698.tif,3493,59.3,0.0,0
shipped,g2_0698.tif,3494,54.61,0.0,0
shipped,g2_0698.tif,3495,55.93,0.0497,0
shipped,g2_0698.tif,3496,54.61,0.0,0
swapped,g2_0698.tif,3492,64.73,0.0,0
swapped,g2_0698.tif,3493,59.3,0.0,0
swapped,g2_0698.tif,3494,54.61,0.0,0
swapped,g2_0698.tif,3495,55.93,0.0,0
swapped,g2_0698.tif,3496,54.61,0.0,0
a twice,g2_0698.tif,3492,64.73,0.0,0
a twice,g2_0698.tif,3493,59.3,0.0,0
a twice,g2_0698.tif,3494,54.61,0.0,0
a twice,g2_0698.tif,3495,55.93,0.0243,0
a twice,g2_0698.tif,3496,54.61,0.0407,0
b twice,g2_0698.tif,3492,64.73,0.0,0
b twice,g2_0698.tif,3493,59.3,0.0,0
b twice,g2_0698.tif,3494,54.61,0.0,0
b twice,g2_0698.tif,3495,55.93,0.0,0
b twice,g2_0698.tif,3496,54.61,0.0,0
shipped,g2_0702.tif,3512,44.54,0.0,0
shipped,g2_0702.tif,3513,68.69,0.0,0
shipped,g2_0702.tif,3514,44.58,0.0,0
shipped,g2_0702.tif,3515,79.89,0.0944,0
shipped,g2_0702.tif,3516,48.86,0.0,0
swapped,g2_0702.tif,3512,44.54,0.1031,0
swapped,g2_0702.tif,3513,68.69,0.0778,0
swapped,g2_0702.tif,3514,44.58,0.0,0
swapped,g2_0702.tif,3515,79.89,0.0,0
swapped,g2_0702.tif,3516,48.86,0.1957,0
a twice,g2_0702.tif,3512,44.54,0.1973,0
a twice,g2_0702.tif,3513,68.69,0.4667,0
a twice,g2_0702.tif,3514,44.58,0.0,0
a twice,g2_0702.tif,3515,79.89,0.0944,0
a twice,g2_0702.tif,3516,48.86,0.4022,0
b twice,g2_0702.tif,3512,44.54,0.087,0
b twice,g2_0702.tif,3513,68.69,0.3389,0
b twice,g2_0702.tif,3514,44.58,0.0,0
b twice,g2_0702.tif,3515,79.89,0.0,0
b twice,g2_0702.tif,3516,48.86,0.163,0
shipped,g2_0714.tif,3572,38.14,0.0,0
shipped,g2_0714.tif,3573,71.55,0.0043,0
shipped,g2_0714.tif,3574,65.45,0.0,0
shipped,g2_0714.tif,3575,65.48,0.0412,0
shipped,g2_0714.tif,3576,56.45,0.1353,0
swapped,g2_0714.tif,3572,38.14,0.0,0
swapped,g2_0714.tif,3573,71.55,0.0,0
swapped,g2_0714.tif,3574,65.45,0.0,0
swapped,g2_0714.tif,3575,65.48,0.0,0
swapped,g2_0714.tif,3576,56.45,0.0,0
a twice,g2_0714.tif,3572,38.14,0.0,0
a twice,g2_0714.tif,3573,71.55,0.0731,0
a twice,g2_0714.tif,3574,65.45,0.0,0
a twice,g2_0714.tif,3575,65.48,0.0359,0
a twice,g2_0714.tif,3576,56.45,0.0489,0
b twice,g2_0714.tif,3572,38.14,0.0,0
b twice,g2_0714.tif,3573,71.55,0.0541,0
b twice,g2_0714.tif,3574,65.45,0.1697,0
b twice,g2_0714.tif,3575,65.48,0.0152,0
b twice,g2_0714.tif,3576,56.45,0.0549,0
shipped,g2_0729.tif,3647,42.74,0.2717,0
shipped,g2_0729.tif,3648,44.24,0.215,0
shipped,g2_0729.tif,3649,44.27,0.2584,0
shipped,g2_0729.tif,3650,44.24,0.1081,0
shipped,g2_0729.tif,3651,54.95,0.0219,0
swapped,g2_0729.tif,3647,42.74,0.0,0
swapped,g2_0729.tif,3648,44.24,0.2019,0
swapped,g2_0729.tif,3649,44.27,0.2718,0
swapped,g2_0729.tif,3650,44.24,0.2241,0
swapped,g2_0729.tif,3651,54.95,0.2018,0
a twice,g2_0729.tif,3647,42.74,0.266,0
a twice,g2_0729.tif,3648,44.24,0.2743,0
a twice,g2_0729.tif,3649,44.27,0.3269,0
a twice,g2_0729.tif,3650,44.24,0.2213,0
a twice,g2_0729.tif,3651,54.95,0.1754,0
b twice,g2_0729.tif,3647,42.74,0.0,0
b twice,g2_0729.tif,3648,44.24,0.2636,0
b twice,g2_0729.tif,3649,44.27,0.34,0
b twice,g2_0729.tif,3650,44.24,0.1885,0
b twice,g2_0729.tif,3651,54.95,0.042,0
shipped,g2_0733.tif,3667,66.76,0.0,0
shipped,g2_0733.tif,3668,55.79,0.0,0
shipped,g2_0733.tif,3669,42.46,0.0,0
shipped,g2_0733.tif,3670,37.68,0.0,0
shipped,g2_0733.tif,3671,42.46,0.0,0
swapped,g2_0733.tif,3667,66.76,0.0,0
swapped,g2_0733.tif,3668,55.79,0.0,0
swapped,g2_0733.tif,3669,42.46,0.0,0
swapped,g2_0733.tif,3670,37.68,0.0,0
swapped,g2_0733.tif,3671,42.46,0.0,0
a twice,g2_0733.tif,3667,66.76,0.3567,0
a twice,g2_0733.tif,3668,55.79,0.0055,0
a twice,g2_0733.tif,3669,42.46,0.003,0
a twice,g2_0733.tif,3670,37.68,0.1855,0
a twice,g2_0733.tif,3671,42.46,0.2747,0
b twice,g2_0733.tif,3667,66.76,0.0,0
b twice,g2_0733.tif,3668,55.79,0.0,0
b twice,g2_0733.tif,3669,42.46,0.0,0
b twice,g2_0733.tif,3670,37.68,0.0,0
b twice,g2_0733.tif,3671,42.46,0.0,0
shipped,g2_0756.tif,3782,32.31,0.0,0
shipped,g2_0756.tif,3783,30.16,0.0,0
shipped,g2_0756.tif,3784,37.55,0.0,0
shipped,g2_0756.tif,3785,28.19,0.0,0
shipped,g2_0756.tif,3786,37.55,0.0,0
swapped,g2_0756.tif,3782,32.31,0.0,0
swapped,g2_0756.tif,3783,30.16,0.0,0
swapped,g2_0756.tif,3784,37.55,0.0,0
swapped,g2_0756.tif,3785,28.19,0.0,0
swapped,g2_0756.tif,3786,37.55,0.0,0
a twice,g2_0756.tif,3782,32.31,0.0,0
a twice,g2_0756.tif,3783,30.16,0.0,0
a twice,g2_0756.tif,3784,37.55,0.0,0
a twice,g2_0756.tif,3785,28.19,0.0,0
a twice,g2_0756.tif,3786,37.55,0.0,0
b twice,g2_0756.tif,3782,32.31,0.3276,0
b twice,g2_0756.tif,3783,30.16,0.1261,0
b twice,g2_0756.tif,3784,37.55,0.3506,0
b twice,g2_0756.tif,3785,28.19,0.1453,0
b twice,g2_0756.tif,3786,37.55,0.2951,0
shipped,g2_0769.tif,3847,81.87,0.0798,0
shipped,g2_0769.tif,3848,42.51,0.0,0
shipped,g2_0769.tif,3849,78.93,0.0,0
shipped,g2_0769.tif,3850,66.38,0.1254,0
shipped,g2_0769.tif,3851,66.38,0.1865,0
swapped,g2_0769.tif,3847,81.87,0.1218,0
swapped,g2_0769.tif,3848,42.51,0.0,0
swapped,g2_0769.tif,3849,78.93,0.0,0
swapped,g2_0769.tif,3850,66.38,0.0709,0
swapped,g2_0769.tif,3851,66.38,0.2034,0
a twice,g2_0769.tif,3847,81.87,0.4437,0
a twice,g2_0769.tif,3848,42.51,0.0,0
a twice,g2_0769.tif,3849,78.93,0.0,0
a twice,g2_0769.tif,3850,66.38,0.0726,0
a twice,g2_0769.tif,3851,66.38,0.1896,0
b twice,g2_0769.tif,3847,81.87,0.0091,0
b twice,g2_0769.tif,3848,42.51,0.0,0
b twice,g2_0769.tif,3849,78.93,0.0,0
b twice,g2_0769.tif,3850,66.38,0.008,0
b twice,g2_0769.tif,3851,66.38,0.0077,0
shipped,g2_0782.tif,3912,30.35,0.0,0
shipped,g2_0782.tif,3913,21.06,0.0,0
shipped,g2_0782.tif,3914,42.19,0.0,0
shipped,g2_0782.tif,3915,32.3,0.0,0
shipped,g2_0782.tif,3916,75.22,0.0,0
swapped,g2_0782.tif,3912,30.35,0.0,0
swapped,g2_0782.tif,3913,21.06,0.0,0
swapped,g2_0782.tif,3914,42.19,0.0,0
swapped,g2_0782.tif,3915,32.3,0.0,0
swapped,g2_0782.tif,3916,75.22,0.0,0
a twice,g2_0782.tif,3912,30.35,0.0,0
a twice,g2_0782.tif,3913,21.06,0.0,0
a twice,g2_0782.tif,3914,42.19,0.0,0
a twice,g2_0782.tif,3915,32.3,0.0,0
a twice,g2_0782.tif,3916,75.22,0.0,0
b twice,g2_0782.tif,3912,30.35,0.0,0
b twice,g2_0782.tif,3913,21.06,0.0,0
b twice,g2_0782.tif,3914,42.19,0.0,0
b twice,g2_0782.tif,3915,32.3,0.0,0
b twice,g2_0782.tif,3916,75.22,0.0,0
shipped,g2_0810.tif,4047,42.17,0.2414,0
shipped,g2_0810.tif,4048,42.17,0.3972,0
shipped,g2_0810.tif,4049,30.12,0.336,0
shipped,g2_0810.tif,4050,66.27,0.2278,0
shipped,g2_0810.tif,4051,105.09,0.1955,0
swapped,g2_0810.tif,4047,42.17,0.24,0
swapped,g2_0810.tif,4048,42.17,0.2162,0
swapped,g2_0810.tif,4049,30.12,0.373,0
swapped,g2_0810.tif,4050,66.27,0.1944,0
swapped,g2_0810.tif,4051,105.09,0.1146,0
a twice,g2_0810.tif,4047,42.17,0.2816,0
a twice,g2_0810.tif,4048,42.17,0.3893,0
a twice,g2_0810.tif,4049,30.12,0.5778,1
a twice,g2_0810.tif,4050,66.27,0.6667,1
a twice,g2_0810.tif,4051,105.09,0.618,1
b twice,g2_0810.tif,4047,42.17,0.0,0
b twice,g2_0810.tif,4048,42.17,0.0,0
b twice,g2_0810.tif,4049,30.12,0.0,0
b twice,g2_0810.tif,4050,66.27,0.0,0
b twice,g2_0810.tif,4051,105.09,0.0,0
shipped,g2_0812.tif,4057,42.21,0.2152,0
shipped,g2_0812.tif,4058,54.63,0.1439,0
shipped,g2_0812.tif,4059,66.34,0.2652,0
shipped,g2_0812.tif,4060,54.28,0.2424,0
shipped,g2_0812.tif,4061,43.72,0.0,0
swapped,g2_0812.tif,4057,42.21,0.1772,0
swapped,g2_0812.tif,4058,54.63,0.0,0
swapped,g2_0812.tif,4059,66.34,0.2955,0
swapped,g2_0812.tif,4060,54.28,0.3,0
swapped,g2_0812.tif,4061,43.72,0.0,0
a twice,g2_0812.tif,4057,42.21,0.2025,0
a twice,g2_0812.tif,4058,54.63,0.1136,0
a twice,g2_0812.tif,4059,66.34,0.25,0
a twice,g2_0812.tif,4060,54.28,0.2697,0
a twice,g2_0812.tif,4061,43.72,0.1683,0
b twice,g2_0812.tif,4057,42.21,0.0,0
b twice,g2_0812.tif,4058,54.63,0.0,0
b twice,g2_0812.tif,4059,66.34,0.0,0
b twice,g2_0812.tif,4060,54.28,0.0,0
b twice,g2_0812.tif,4061,43.72,0.0,0
shipped,g2_0818.tif,4087,42.05,0.0,0
shipped,g2_0818.tif,4088,45.05,0.0,0
shipped,g2_0818.tif,4089,28.03,0.0,0
shipped,g2_0818.tif,4090,54.14,0.1101,0
shipped,g2_0818.tif,4091,45.05,0.0,0
swapped,g2_0818.tif,4087,42.05,0.0,0
swapped,g2_0818.tif,4088,45.05,0.0,0
swapped,g2_0818.tif,4089,28.03,0.0,0
swapped,g2_0818.tif,4090,54.14,0.0,0
swapped,g2_0818.tif,4091,45.05,0.0,0
a twice,g2_0818.tif,4087,42.05,0.0,0
a twice,g2_0818.tif,4088,45.05,0.1944,0
a twice,g2_0818.tif,4089,28.03,0.0,0
a twice,g2_0818.tif,4090,54.14,0.0,0
a twice,g2_0818.tif,4091,45.05,0.4896,0
b twice,g2_0818.tif,4087,42.05,0.0,0
b twice,g2_0818.tif,4088,45.05,0.0,0
b twice,g2_0818.tif,4089,28.03,0.0,0
b twice,g2_0818.tif,4090,54.14,0.0,0
b twice,g2_0818.tif,4091,45.05,0.0,0
shipped,g2_0821.tif,4102,43.98,0.0,0
shipped,g2_0821.tif,4103,43.98,0.1795,0
shipped,g2_0821.tif,4104,30.34,0.0,0
shipped,g2_0821.tif,4105,32.32,0.0,0
shipped,g2_0821.tif,4106,42.48,0.0,0
swapped,g2_0821.tif,4102,43.98,0.0,0
swapped,g2_0821.tif,4103,43.98,0.0,0
swapped,g2_0821.tif,4104,30.34,0.0,0
swapped,g2_0821.tif,4105,32.32,0.0,0
swapped,g2_0821.tif,4106,42.48,0.0,0
a twice,g2_0821.tif,4102,43.98,0.0,0
a twice,g2_0821.tif,4103,43.98,0.0,0
a twice,g2_0821.tif,4104,30.34,0.0,0
a twice,g2_0821.tif,4105,32.32,0.0,0
a twice,g2_0821.tif,4106,42.48,0.0,0
b twice,g2_0821.tif,4102,43.98,0.0,0
b twice,g2_0821.tif,4103,43.98,0.0,0
b twice,g2_0821.tif,4104,30.34,0.0,0
b twice,g2_0821.tif,4105,32.32,0.0,0
b twice,g2_0821.tif,4106,42.48,0.0,0
shipped,g2_0831.tif,4152,114.58,0.0592,0
shipped,g2_0831.tif,4153,155.93,0.0722,0
shipped,g2_0831.tif,4154,105.19,0.1238,0
shipped,g2_0831.tif,4155,78.78,0.2063,0
shipped,g2_0831.tif,4156,190.33,0.0576,0
swapped,g2_0831.tif,4152,114.58,0.0271,0
swapped,g2_0831.tif,4153,155.93,0.0287,0
swapped,g2_0831.tif,4154,105.19,0.0106,0
swapped,g2_0831.tif,4155,78.78,0.5512,1
swapped,g2_0831.tif,4156,190.33,0.1658,0
a twice,g2_0831.tif,4152,114.58,0.0254,0
a twice,g2_0831.tif,4153,155.93,0.0568,0
a twice,g2_0831.tif,4154,105.19,0.0079,0
a twice,g2_0831.tif,4155,78.78,0.0,0
a twice,g2_0831.tif,4156,190.33,0.1205,0
b twice,g2_0831.tif,4152,114.58,0.0,0
b twice,g2_0831.tif,4153,155.93,0.0,0
b twice,g2_0831.tif,4154,105.19,0.0,0
b twice,g2_0831.tif,4155,78.78,0.0,0
b twice,g2_0831.tif,4156,190.33,0.0,0
shipped,g2_0847.tif,4232,78.86,0.1952,0
shipped,g2_0847.tif,4233,78.82,0.2421,0
shipped,g2_0847.tif,4234,79.69,0.326,0
shipped,g2_0847.tif,4235,113.38,0.4289,0
shipped,g2_0847.tif,4236,54.6,0.1923,0
swapped,g2_0847.tif,4232,78.86,0.0541,0
swapped,g2_0847.tif,4233,78.82,0.2008,0
swapped,g2_0847.tif,4234,79.69,0.4618,0
swapped,g2_0847.tif,4235,113.38,0.6209,1
swapped,g2_0847.tif,4236,54.6,0.5433,1
a twice,g2_0847.tif,4232,78.86,0.0,0
a twice,g2_0847.tif,4233,78.82,0.0,0
a twice,g2_0847.tif,4234,79.69,0.0,0
a twice,g2_0847.tif,4235,113.38,0.1422,0
a twice,g2_0847.tif,4236,54.6,0.3846,0
b twice,g2_0847.tif,4232,78.86,0.1201,0
b twice,g2_0847.tif,4233,78.82,0.1429,0
b twice,g2_0847.tif,4234,79.69,0.348,0
b twice,g2_0847.tif,4235,113.38,0.2646,0
b twice,g2_0847.tif,4236,54.6,0.0,0
shipped,g2_0850.tif,4247,87.4,0.1818,0
shipped,g2_0850.tif,4248,92.15,0.1335,0
shipped,g2_0850.tif,4249,67.46,0.2299,0
shipped,g2_0850.tif,4250,67.58,0.3193,0
shipped,g2_0850.tif,4251,141.05,0.2156,0
swapped,g2_0850.tif,4247,87.4,0.2144,0
swapped,g2_0850.tif,4248,92.15,0.2549,0
swapped,g2_0850.tif,4249,67.46,0.4697,0
swapped,g2_0850.tif,4250,67.58,0.6303,1
swapped,g2_0850.tif,4251,141.05,0.4993,0
a twice,g2_0850.tif,4247,87.4,0.1704,0
a twice,g2_0850.tif,4248,92.15,0.449,0
a twice,g2_0850.tif,4249,67.46,0.0909,0
a twice,g2_0850.tif,4250,67.58,0.1744,0
a twice,g2_0850.tif,4251,141.05,0.3459,0
b twice,g2_0850.tif,4247,87.4,0.1345,0
b twice,g2_0850.tif,4248,92.15,0.1402,0
b twice,g2_0850.tif,4249,67.46,0.0888,0
b twice,g2_0850.tif,4250,67.58,0.3916,0
b twice,g2_0850.tif,4251,141.05,0.1823,0
shipped,g2_0851.tif,4252,32.52,0.0,0
shipped,g2_0851.tif,4253,21.21,0.0,0
shipped,g2_0851.tif,4254,21.21,0.0,0
shipped,g2_0851.tif,4255,21.21,0.0,0
shipped,g2_0851.tif,4256,28.43,0.0,0
swapped,g2_0851.tif,4252,32.52,0.0,0
swapped,g2_0851.tif,4253,21.21,0.0,0
swapped,g2_0851.tif,4254,21.21,0.0,0
swapped,g2_0851.tif,4255,21.21,0.0,0
swapped,g2_0851.tif,4256,28.43,0.0,0
a twice,g2_0851.tif,4252,32.52,0.0,0
a twice,g2_0851.tif,4253,21.21,0.0,0
a twice,g2_0851.tif,4254,21.21,0.0,0
a twice,g2_0851.tif,4255,21.21,0.0,0
a twice,g2_0851.tif,4256,28.43,0.0,0
b twice,g2_0851.tif,4252,32.52,0.0,0
b twice,g2_0851.tif,4253,21.21,0.0,0
b twice,g2_0851.tif,4254,21.21,0.0,0
b twice,g2_0851.tif,4255,21.21,0.0,0
b twice,g2_0851.tif,4256,28.43,0.0,0
shipped,g2_0855.tif,4272,55.44,0.4208,0
shipped,g2_0855.tif,4273,104.71,0.0587,0
shipped,g2_0855.tif,4274,67.6,0.0,0
shipped,g2_0855.tif,4275,55.31,0.0,0
shipped,g2_0855.tif,4276,67.76,0.0,0
swapped,g2_0855.tif,4272,55.44,0.4891,0
swapped,g2_0855.tif,4273,104.71,0.1627,0
swapped,g2_0855.tif,4274,67.6,0.1773,0
swapped,g2_0855.tif,4275,55.31,0.0,0
swapped,g2_0855.tif,4276,67.76,0.0,0
a twice,g2_0855.tif,4272,55.44,0.5351,1
a twice,g2_0855.tif,4273,104.71,0.6813,1
a twice,g2_0855.tif,4274,67.6,0.4383,0
a twice,g2_0855.tif,4275,55.31,0.1759,0
a twice,g2_0855.tif,4276,67.76,0.4138,0
b twice,g2_0855.tif,4272,55.44,0.0,0
b twice,g2_0855.tif,4273,104.71,0.1221,0
b twice,g2_0855.tif,4274,67.6,0.0,0
b twice,g2_0855.tif,4275,55.31,0.0,0
b twice,g2_0855.tif,4276,67.76,0.1271,0
shipped,g2_0857.tif,4282,70.2,0.2769,0
shipped,g2_0857.tif,4283,64.23,0.0,0
shipped,g2_0857.tif,4284,74.71,0.1086,0
shipped,g2_0857.tif,4285,42.2,0.0,0
shipped,g2_0857.tif,4286,30.14,0.4133,0
swapped,g2_0857.tif,4282,70.2,0.3802,0
swapped,g2_0857.tif,4283,64.23,0.2917,0
swapped,g2_0857.tif,4284,74.71,0.6283,1
swapped,g2_0857.tif,4285,42.2,0.2778,0
swapped,g2_0857.tif,4286,30.14,0.1745,0
a twice,g2_0857.tif,4282,70.2,0.5571,1
a twice,g2_0857.tif,4283,64.23,0.4197,0
a twice,g2_0857.tif,4284,74.71,0.6349,1
a twice,g2_0857.tif,4285,42.2,0.2806,0
a twice,g2_0857.tif,4286,30.14,0.1379,0
b twice,g2_0857.tif,4282,70.2,0.5122,1
b twice,g2_0857.tif,4283,64.23,0.1742,0
b twice,g2_0857.tif,4284,74.71,0.5527,1
b twice,g2_0857.tif,4285,42.2,0.2564,0
b twice,g2_0857.tif,4286,30.14,0.2749,0
shipped,g2_0859.tif,4292,37.54,0.0,0
shipped,g2_0859.tif,4293,37.54,0.0,0
shipped,g2_0859.tif,4294,66.55,0.0,0
shipped,g2_0859.tif,4295,30.13,0.0,0
shipped,g2_0859.tif,4296,54.45,0.0,0
swapped,g2_0859.tif,4292,37.54,0.0,0
swapped,g2_0859.tif,4293,37.54,0.0,0
swapped,g2_0859.tif,4294,66.55,0.0,0
swapped,g2_0859.tif,4295,30.13,0.0,0
swapped,g2_0859.tif,4296,54.45,0.0,0
a twice,g2_0859.tif,4292,37.54,0.0,0
a twice,g2_0859.tif,4293,37.54,0.0,0
a twice,g2_0859.tif,4294,66.55,0.0,0
a twice,g2_0859.tif,4295,30.13,0.0,0
a twice,g2_0859.tif,4296,54.45,0.0,0
b twice,g2_0859.tif,4292,37.54,0.0,0
b twice,g2_0859.tif,4293,37.54,0.0,0
b twice,g2_0859.tif,4294,66.55,0.1368,0
b twice,g2_0859.tif,4295,30.13,0.0,0
b twice,g2_0859.tif,4296,54.45,0.0,0
shipped,g2_0870.tif,4347,38.02,0.3119,0
shipped,g2_0870.tif,4348,38.02,0.2783,0
shipped,g2_0870.tif,4349,21.24,0.0,0
shipped,g2_0870.tif,4350,21.33,0.0,0
shipped,g2_0870.tif,4351,21.33,0.0,0
swapped,g2_0870.tif,4347,38.02,0.3035,0
swapped,g2_0870.tif,4348,38.02,0.0,0
swapped,g2_0870.tif,4349,21.24,0.0,0
swapped,g2_0870.tif,4350,21.33,0.0,0
swapped,g2_0870.tif,4351,21.33,0.0,0
a twice,g2_0870.tif,4347,38.02,0.0,0
a twice,g2_0870.tif,4348,38.02,0.0,0
a twice,g2_0870.tif,4349,21.24,0.0,0
a twice,g2_0870.tif,4350,21.33,0.0,0
a twice,g2_0870.tif,4351,21.33,0.4444,0
b twice,g2_0870.tif,4347,38.02,0.3699,0
b twice,g2_0870.tif,4348,38.02,0.0,0
b twice,g2_0870.tif,4349,21.24,0.0,0
b twice,g2_0870.tif,4350,21.33,0.0,0
b twice,g2_0870.tif,4351,21.33,0.2703,0
shipped,g2_0876.tif,4377,21.07,0.0,0
shipped,g2_0876.tif,4378,18.24,0.0,0
shipped,g2_0876.tif,4379,11.11,0.0,0
shipped,g2_0876.tif,4380,18.24,0.0,0
shipped,g2_0876.tif,4381,28.28,0.0,0
swapped,g2_0876.tif,4377,21.07,0.0,0
swapped,g2_0876.tif,4378,18.24,0.0,0
swapped,g2_0876.tif,4379,11.11,0.0,0
swapped,g2_0876.tif,4380,18.24,0.0,0
swapped,g2_0876.tif,4381,28.28,0.0,0
a twice,g2_0876.tif,4377,21.07,0.0,0
a twice,g2_0876.tif,4378,18.24,0.0,0
a twice,g2_0876.tif,4379,11.11,0.0,0
a twice,g2_0876.tif,4380,18.24,0.0,0
a twice,g2_0876.tif,4381,28.28,0.0,0
b twice,g2_0876.tif,4377,21.07,0.0,0
b twice,g2_0876.tif,4378,18.24,0.0,0
b twice,g2_0876.tif,4379,11.11,0.0,0
b twice,g2_0876.tif,4380,18.24,0.0,0
b twice,g2_0876.tif,4381,28.28,0.0,0
shipped,g2_0882.tif,4407,74.87,0.1089,0
shipped,g2_0882.tif,4408,70.4,0.4278,0
shipped,g2_0882.tif,4409,105.4,0.2267,0
shipped,g2_0882.tif,4410,91.42,0.5597,1
shipped,g2_0882.tif,4411,70.4,0.6711,1
swapped,g2_0882.tif,4407,74.87,0.3416,0
swapped,g2_0882.tif,4408,70.4,0.5464,1
swapped,g2_0882.tif,4409,105.4,0.3162,0
swapped,g2_0882.tif,4410,91.42,0.6847,1
swapped,g2_0882.tif,4411,70.4,0.6667,1
a twice,g2_0882.tif,4407,74.87,0.4272,0
a twice,g2_0882.tif,4408,70.4,0.5258,1
a twice,g2_0882.tif,4409,105.4,0.6152,1
a twice,g2_0882.tif,4410,91.42,0.7119,1
a twice,g2_0882.tif,4411,70.4,0.7281,1
b twice,g2_0882.tif,4407,74.87,0.2376,0
b twice,g2_0882.tif,4408,70.4,0.299,0
b twice,g2_0882.tif,4409,105.4,0.0876,0
b twice,g2_0882.tif,4410,91.42,0.2074,0
b twice,g2_0882.tif,4411,70.4,0.0702,0
shipped,g2_0895.tif,4472,18.2,0.0,0
shipped,g2_0895.tif,4473,21.07,0.0,0
shipped,g2_0895.tif,4474,18.2,0.0,0
shipped,g2_0895.tif,4475,30.33,0.0,0
shipped,g2_0895.tif,4476,30.33,0.0,0
swapped,g2_0895.tif,4472,18.2,0.0,0
swapped,g2_0895.tif,4473,21.07,0.0,0
swapped,g2_0895.tif,4474,18.2,0.0,0
swapped,g2_0895.tif,4475,30.33,0.0,0
swapped,g2_0895.tif,4476,30.33,0.0,0
a twice,g2_0895.tif,4472,18.2,0.0,0
a twice,g2_0895.tif,4473,21.07,0.0,0
a twice,g2_0895.tif,4474,18.2,0.0,0
a twice,g2_0895.tif,4475,30.33,0.0,0
a twice,g2_0895.tif,4476,30.33,0.0,0
b twice,g2_0895.tif,4472,18.2,0.0,0
b twice,g2_0895.tif,4473,21.07,0.0,0
b twice,g2_0895.tif,4474,18.2,0.0,0
b twice,g2_0895.tif,4475,30.33,0.0,0
b twice,g2_0895.tif,4476,30.33,0.0,0
shipped,g2_0897.tif,4482,21.07,0.0,0
shipped,g2_0897.tif,4483,18.2,0.0,0
shipped,g2_0897.tif,4484,11.09,0.0,0
shipped,g2_0897.tif,4485,18.21,0.0,0
shipped,g2_0897.tif,4486,30.33,0.0,0
swapped,g2_0897.tif,4482,21.07,0.0,0
swapped,g2_0897.tif,4483,18.2,0.0,0
swapped,g2_0897.tif,4484,11.09,0.0,0
swapped,g2_0897.tif,4485,18.21,0.0,0
swapped,g2_0897.tif,4486,30.33,0.0,0
a twice,g2_0897.tif,4482,21.07,0.0,0
a twice,g2_0897.tif,4483,18.2,0.0,0
a twice,g2_0897.tif,4484,11.09,0.0,0
a twice,g2_0897.tif,4485,18.21,0.0,0
a twice,g2_0897.tif,4486,30.33,0.0,0
b twice,g2_0897.tif,4482,21.07,0.0,0
b twice,g2_0897.tif,4483,18.2,0.0,0
b twice,g2_0897.tif,4484,11.09,0.0,0
b twice,g2_0897.tif,4485,18.21,0.0,0
b twice,g2_0897.tif,4486,30.33,0.0,0
shipped,g2_0900.tif,4497,42.19,0.0,0
shipped,g2_0900.tif,4498,42.14,0.0,0
shipped,g2_0900.tif,4499,30.14,0.0,0
shipped,g2_0900.tif,4500,66.22,0.0,0
shipped,g2_0900.tif,4501,45.09,0.0,0
swapped,g2_0900.tif,4497,42.19,0.0,0
swapped,g2_0900.tif,4498,42.14,0.0,0
swapped,g2_0900.tif,4499,30.14,0.0,0
swapped,g2_0900.tif,4500,66.22,0.0,0
swapped,g2_0900.tif,4501,45.09,0.0,0
a twice,g2_0900.tif,4497,42.19,0.4697,0
a twice,g2_0900.tif,4498,42.14,0.3971,0
a twice,g2_0900.tif,4499,30.14,0.5294,1
a twice,g2_0900.tif,4500,66.22,0.183,0
a twice,g2_0900.tif,4501,45.09,0.5987,1
b twice,g2_0900.tif,4497,42.19,0.0,0
b twice,g2_0900.tif,4498,42.14,0.0,0
b twice,g2_0900.tif,4499,30.14,0.1275,0
b twice,g2_0900.tif,4500,66.22,0.0127,0
b twice,g2_0900.tif,4501,45.09,0.0376,0
shipped,g2_0901.tif,4502,49.11,0.0101,0
shipped,g2_0901.tif,4503,30.91,0.0,0
shipped,g2_0901.tif,4504,18.55,0.0,0
shipped,g2_0901.tif,4505,56.86,0.0,0
shipped,g2_0901.tif,4506,55.64,0.0,0
swapped,g2_0901.tif,4502,49.11,0.321,0
swapped,g2_0901.tif,4503,30.91,0.0075,0
swapped,g2_0901.tif,4504,18.55,0.3191,0
swapped,g2_0901.tif,4505,56.86,0.2193,0
swapped,g2_0901.tif,4506,55.64,0.0,0
a twice,g2_0901.tif,4502,49.11,0.4766,0
a twice,g2_0901.tif,4503,30.91,0.0,0
a twice,g2_0901.tif,4504,18.55,0.42,0
a twice,g2_0901.tif,4505,56.86,0.4113,0
a twice,g2_0901.tif,4506,55.64,0.1847,0
b twice,g2_0901.tif,4502,49.11,0.3438,0
b twice,g2_0901.tif,4503,30.91,0.4872,0
b twice,g2_0901.tif,4504,18.55,0.2151,0
b twice,g2_0901.tif,4505,56.86,0.3947,0
b twice,g2_0901.tif,4506,55.64,0.1592,0
shipped,g2_0914.tif,4567,43.15,0.0,0
shipped,g2_0914.tif,4568,18.5,0.0,0
shipped,g2_0914.tif,4569,42.99,0.0,0
shipped,g2_0914.tif,4570,18.5,0.0,0
shipped,g2_0914.tif,4571,30.71,0.0,0
swapped,g2_0914.tif,4567,43.15,0.0,0
swapped,g2_0914.tif,4568,18.5,0.0,0
swapped,g2_0914.tif,4569,42.99,0.0,0
swapped,g2_0914.tif,4570,18.5,0.0,0
swapped,g2_0914.tif,4571,30.71,0.0,0
a twice,g2_0914.tif,4567,43.15,0.2642,0
a twice,g2_0914.tif,4568,18.5,0.0,0
a twice,g2_0914.tif,4569,42.99,0.0,0
a twice,g2_0914.tif,4570,18.5,0.0,0
a twice,g2_0914.tif,4571,30.71,0.3385,0
b twice,g2_0914.tif,4567,43.15,0.0,0
b twice,g2_0914.tif,4568,18.5,0.0,0
b twice,g2_0914.tif,4569,42.99,0.0,0
b twice,g2_0914.tif,4570,18.5,0.0,0
b twice,g2_0914.tif,4571,30.71,0.0,0
shipped,g2_0924.tif,4617,114.8,0.1919,0
shipped,g2_0924.tif,4618,71.58,0.4359,0
shipped,g2_0924.tif,4619,42.65,0.084,0
shipped,g2_0924.tif,4620,67.02,0.2358,0
shipped,g2_0924.tif,4621,119.22,0.1393,0
swapped,g2_0924.tif,4617,114.8,0.1389,0
swapped,g2_0924.tif,4618,71.58,0.0776,0
swapped,g2_0924.tif,4619,42.65,0.1033,0
swapped,g2_0924.tif,4620,67.02,0.0,0
swapped,g2_0924.tif,4621,119.22,0.2723,0
a twice,g2_0924.tif,4617,114.8,0.2447,0
a twice,g2_0924.tif,4618,71.58,0.3664,0
a twice,g2_0924.tif,4619,42.65,0.0609,0
a twice,g2_0924.tif,4620,67.02,0.0746,0
a twice,g2_0924.tif,4621,119.22,0.1645,0
b twice,g2_0924.tif,4617,114.8,0.0347,0
b twice,g2_0924.tif,4618,71.58,0.0063,0
b twice,g2_0924.tif,4619,42.65,0.0,0
b twice,g2_0924.tif,4620,67.02,0.0,0
b twice,g2_0924.tif,4621,119.22,0.07,0
shipped,g2_0942.tif,4707,18.28,0.0,0
shipped,g2_0942.tif,4708,11.12,0.0,0
shipped,g2_0942.tif,4709,18.2,0.0,0
shipped,g2_0942.tif,4710,18.2,0.0,0
shipped,g2_0942.tif,4711,18.2,0.0,0
swapped,g2_0942.tif,4707,18.28,0.0,0
swapped,g2_0942.tif,4708,11.12,0.0,0
swapped,g2_0942.tif,4709,18.2,0.0,0
swapped,g2_0942.tif,4710,18.2,0.0,0
swapped,g2_0942.tif,4711,18.2,0.0,0
a twice,g2_0942.tif,4707,18.28,0.0,0
a twice,g2_0942.tif,4708,11.12,0.0,0
a twice,g2_0942.tif,4709,18.2,0.0,0
a twice,g2_0942.tif,4710,18.2,0.0,0
a twice,g2_0942.tif,4711,18.2,0.0,0
b twice,g2_0942.tif,4707,18.28,0.0,0
b twice,g2_0942.tif,4708,11.12,0.0,0
b twice,g2_0942.tif,4709,18.2,0.0,0
b twice,g2_0942.tif,4710,18.2,0.0,0
b twice,g2_0942.tif,4711,18.2,0.0,0
shipped,g2_0947.tif,4732,37.65,0.0,0
shipped,g2_0947.tif,4733,30.35,0.0,0
shipped,g2_0947.tif,4734,18.22,0.0,0
shipped,g2_0947.tif,4735,30.21,0.0,0
shipped,g2_0947.tif,4736,37.58,0.0,0
swapped,g2_0947.tif,4732,37.65,0.0,0
swapped,g2_0947.tif,4733,30.35,0.0,0
swapped,g2_0947.tif,4734,18.22,0.0,0
swapped,g2_0947.tif,4735,30.21,0.0,0
swapped,g2_0947.tif,4736,37.58,0.0,0
a twice,g2_0947.tif,4732,37.65,0.2982,0
a twice,g2_0947.tif,4733,30.35,0.0714,0
a twice,g2_0947.tif,4734,18.22,0.2439,0
a twice,g2_0947.tif,4735,30.21,0.2407,0
a twice,g2_0947.tif,4736,37.58,0.0,0
b twice,g2_0947.tif,4732,37.65,0.0,0
b twice,g2_0947.tif,4733,30.35,0.0,0
b twice,g2_0947.tif,4734,18.22,0.0,0
b twice,g2_0947.tif,4735,30.21,0.0,0
b twice,g2_0947.tif,4736,37.58,0.0,0
shipped,g2_0949.tif,4742,70.12,0.1323,0
shipped,g2_0949.tif,4743,54.25,0.4094,0
shipped,g2_0949.tif,4744,66.21,0.2021,0
shipped,g2_0949.tif,4745,47.87,0.225,0
shipped,g2_0949.tif,4746,66.21,0.0421,0
swapped,g2_0949.tif,4742,70.12,0.1192,0
swapped,g2_0949.tif,4743,54.25,0.2698,0
swapped,g2_0949.tif,4744,66.21,0.1992,0
swapped,g2_0949.tif,4745,47.87,0.4198,0
swapped,g2_0949.tif,4746,66.21,0.2532,0
a twice,g2_0949.tif,4742,70.12,0.1152,0
a twice,g2_0949.tif,4743,54.25,0.2653,0
a twice,g2_0949.tif,4744,66.21,0.1647,0
a twice,g2_0949.tif,4745,47.87,0.407,0
a twice,g2_0949.tif,4746,66.21,0.2405,0
b twice,g2_0949.tif,4742,70.12,0.0,0
b twice,g2_0949.tif,4743,54.25,0.0,0
b twice,g2_0949.tif,4744,66.21,0.0,0
b twice,g2_0949.tif,4745,47.87,0.0,0
b twice,g2_0949.tif,4746,66.21,0.0,0
shipped,g2_0953.tif,4762,43.05,0.0,0
shipped,g2_0953.tif,4763,54.97,0.0,0
shipped,g2_0953.tif,4764,30.76,0.0,0
shipped,g2_0953.tif,4765,43.05,0.0,0
shipped,g2_0953.tif,4766,45.88,0.0,0
swapped,g2_0953.tif,4762,43.05,0.0,0
swapped,g2_0953.tif,4763,54.97,0.0,0
swapped,g2_0953.tif,4764,30.76,0.0,0
swapped,g2_0953.tif,4765,43.05,0.0,0
swapped,g2_0953.tif,4766,45.88,0.0,0
a twice,g2_0953.tif,4762,43.05,0.3889,0
a twice,g2_0953.tif,4763,54.97,0.0,0
a twice,g2_0953.tif,4764,30.76,0.0,0
a twice,g2_0953.tif,4765,43.05,0.2329,0
a twice,g2_0953.tif,4766,45.88,0.2727,0
b twice,g2_0953.tif,4762,43.05,0.0,0
b twice,g2_0953.tif,4763,54.97,0.0,0
b twice,g2_0953.tif,4764,30.76,0.0,0
b twice,g2_0953.tif,4765,43.05,0.0,0
b twice,g2_0953.tif,4766,45.88,0.0,0
shipped,g2_0971.tif,4852,42.49,0.0,0
shipped,g2_0971.tif,4853,42.49,0.0,0
shipped,g2_0971.tif,4854,54.63,0.0,0
shipped,g2_0971.tif,4855,78.91,0.1631,0
shipped,g2_0971.tif,4856,78.91,0.0,0
swapped,g2_0971.tif,4852,42.49,0.0,0
swapped,g2_0971.tif,4853,42.49,0.0,0
swapped,g2_0971.tif,4854,54.63,0.0,0
swapped,g2_0971.tif,4855,78.91,0.0467,0
swapped,g2_0971.tif,4856,78.91,0.0,0
a twice,g2_0971.tif,4852,42.49,0.0,0
a twice,g2_0971.tif,4853,42.49,0.0,0
a twice,g2_0971.tif,4854,54.63,0.0,0
a twice,g2_0971.tif,4855,78.91,0.0934,0
a twice,g2_0971.tif,4856,78.91,0.0,0
b twice,g2_0971.tif,4852,42.49,0.105,0
b twice,g2_0971.tif,4853,42.49,0.0,0
b twice,g2_0971.tif,4854,54.63,0.0,0
b twice,g2_0971.tif,4855,78.91,0.1456,0
b twice,g2_0971.tif,4856,78.91,0.0,0
shipped,g2_0976.tif,4877,78.34,0.2576,0
shipped,g2_0976.tif,4878,67.29,0.4798,0
shipped,g2_0976.tif,4879,47.96,0.3051,0
shipped,g2_0976.tif,4880,54.31,0.425,0
shipped,g2_0976.tif,4881,32.15,0.2632,0
swapped,g2_0976.tif,4877,78.34,0.4356,0
swapped,g2_0976.tif,4878,67.29,0.5919,1
swapped,g2_0976.tif,4879,47.96,0.3262,0
swapped,g2_0976.tif,4880,54.31,0.3812,0
swapped,g2_0976.tif,4881,32.15,0.281,0
a twice,g2_0976.tif,4877,78.34,0.7011,1
a twice,g2_0976.tif,4878,67.29,0.6816,1
a twice,g2_0976.tif,4879,47.96,0.1441,0
a twice,g2_0976.tif,4880,54.31,0.3089,0
a twice,g2_0976.tif,4881,32.15,0.0,0
b twice,g2_0976.tif,4877,78.34,0.0,0
b twice,g2_0976.tif,4878,67.29,0.0,0
b twice,g2_0976.tif,4879,47.96,0.0,0
b twice,g2_0976.tif,4880,54.31,0.0,0
b twice,g2_0976.tif,4881,32.15,0.0,0
shipped,g2_0995.tif,4972,30.4,0.0,0
shipped,g2_0995.tif,4973,32.51,0.0,0
shipped,g2_0995.tif,4974,30.4,0.0,0
shipped,g2_0995.tif,4975,30.4,0.0,0
shipped,g2_0995.tif,4976,21.19,0.0,0
swapped,g2_0995.tif,4972,30.4,0.0,0
swapped,g2_0995.tif,4973,32.51,0.0,0
swapped,g2_0995.tif,4974,30.4,0.0,0
swapped,g2_0995.tif,4975,30.4,0.0,0
swapped,g2_0995.tif,4976,21.19,0.0,0
a twice,g2_0995.tif,4972,30.4,0.0,0
a twice,g2_0995.tif,4973,32.51,0.0,0
a twice,g2_0995.tif,4974,30.4,0.0,0
a twice,g2_0995.tif,4975,30.4,0.0,0
a twice,g2_0995.tif,4976,21.19,0.0,0
b twice,g2_0995.tif,4972,30.4,0.0,0
b twice,g2_0995.tif,4973,32.51,0.0,0
b twice,g2_0995.tif,4974,30.4,0.0,0
b twice,g2_0995.tif,4975,30.4,0.0,0
b twice,g2_0995.tif,4976,21.19,0.0,0
shipped,g2_1001.tif,5002,28.5,0.0,0
shipped,g2_1001.tif,5003,21.29,0.0,0
shipped,g2_1001.tif,5004,37.98,0.0,0
shipped,g2_1001.tif,5005,28.5,0.0,0
shipped,g2_1001.tif,5006,30.67,0.0,0
swapped,g2_1001.tif,5002,28.5,0.0,0
swapped,g2_1001.tif,5003,21.29,0.0,0
swapped,g2_1001.tif,5004,37.98,0.0,0
swapped,g2_1001.tif,5005,28.5,0.0,0
swapped,g2_1001.tif,5006,30.67,0.0,0
a twice,g2_1001.tif,5002,28.5,0.0,0
a twice,g2_1001.tif,5003,21.29,0.0,0
a twice,g2_1001.tif,5004,37.98,0.3158,0
a twice,g2_1001.tif,5005,28.5,0.0,0
a twice,g2_1001.tif,5006,30.67,0.3455,0
b twice,g2_1001.tif,5002,28.5,0.0,0
b twice,g2_1001.tif,5003,21.29,0.0,0
b twice,g2_1001.tif,5004,37.98,0.0,0
b twice,g2_1001.tif,5005,28.5,0.0,0
b twice,g2_1001.tif,5006,30.67,0.0,0
shipped,g2_1016.tif,5077,54.89,0.1462,0
shipped,g2_1016.tif,5078,21.17,0.0,0
shipped,g2_1016.tif,5079,18.33,0.0,0
shipped,g2_1016.tif,5080,45.67,0.0,0
shipped,g2_1016.tif,5081,59.56,0.0,0
swapped,g2_1016.tif,5077,54.89,0.0,0
swapped,g2_1016.tif,5078,21.17,0.0,0
swapped,g2_1016.tif,5079,18.33,0.0,0
swapped,g2_1016.tif,5080,45.67,0.0,0
swapped,g2_1016.tif,5081,59.56,0.0,0
a twice,g2_1016.tif,5077,54.89,0.2077,0
a twice,g2_1016.tif,5078,21.17,0.0,0
a twice,g2_1016.tif,5079,18.33,0.0,0
a twice,g2_1016.tif,5080,45.67,0.1389,0
a twice,g2_1016.tif,5081,59.56,0.1078,0
b twice,g2_1016.tif,5077,54.89,0.0,0
b twice,g2_1016.tif,5078,21.17,0.0,0
b twice,g2_1016.tif,5079,18.33,0.0,0
b twice,g2_1016.tif,5080,45.67,0.0,0
b twice,g2_1016.tif,5081,59.56,0.0,0
shipped,g2_1017.tif,5082,37.59,0.0,0
shipped,g2_1017.tif,5083,32.11,0.0,0
shipped,g2_1017.tif,5084,58.94,0.0,0
shipped,g2_1017.tif,5085,30.14,0.0,0
shipped,g2_1017.tif,5086,58.94,0.0,0
swapped,g2_1017.tif,5082,37.59,0.0,0
swapped,g2_1017.tif,5083,32.11,0.0,0
swapped,g2_1017.tif,5084,58.94,0.0,0
swapped,g2_1017.tif,5085,30.14,0.0,0
swapped,g2_1017.tif,5086,58.94,0.0,0
a twice,g2_1017.tif,5082,37.59,0.0,0
a twice,g2_1017.tif,5083,32.11,0.0,0
a twice,g2_1017.tif,5084,58.94,0.0061,0
a twice,g2_1017.tif,5085,30.14,0.0,0
a twice,g2_1017.tif,5086,58.94,0.1299,0
b twice,g2_1017.tif,5082,37.59,0.0,0
b twice,g2_1017.tif,5083,32.11,0.0,0
b twice,g2_1017.tif,5084,58.94,0.0,0
b twice,g2_1017.tif,5085,30.14,0.0,0
b twice,g2_1017.tif,5086,58.94,0.0,0
shipped,g2_1022.tif,5107,93.28,0.2996,0
shipped,g2_1022.tif,5108,55.65,0.2857,0
shipped,g2_1022.tif,5109,76.73,0.1182,0
shipped,g2_1022.tif,5110,38.34,0.0,0
shipped,g2_1022.tif,5111,38.38,0.0,0
swapped,g2_1022.tif,5107,93.28,0.0637,0
swapped,g2_1022.tif,5108,55.65,0.1905,0
swapped,g2_1022.tif,5109,76.73,0.0,0
swapped,g2_1022.tif,5110,38.34,0.0,0
swapped,g2_1022.tif,5111,38.38,0.0,0
a twice,g2_1022.tif,5107,93.28,0.1835,0
a twice,g2_1022.tif,5108,55.65,0.0,0
a twice,g2_1022.tif,5109,76.73,0.0818,0
a twice,g2_1022.tif,5110,38.34,0.0,0
a twice,g2_1022.tif,5111,38.38,0.0,0
b twice,g2_1022.tif,5107,93.28,0.0,0
b twice,g2_1022.tif,5108,55.65,0.0,0
b twice,g2_1022.tif,5109,76.73,0.0,0
b twice,g2_1022.tif,5110,38.34,0.0,0
b twice,g2_1022.tif,5111,38.38,0.0,0
shipped,g2_1030.tif,5147,32.84,0.0,0
shipped,g2_1030.tif,5148,28.77,0.0,0
shipped,g2_1030.tif,5149,28.77,0.0,0
shipped,g2_1030.tif,5150,30.83,0.0,0
shipped,g2_1030.tif,5151,49.12,0.0,0
swapped,g2_1030.tif,5147,32.84,0.0104,0
swapped,g2_1030.tif,5148,28.77,0.0,0
swapped,g2_1030.tif,5149,28.77,0.0,0
swapped,g2_1030.tif,5150,30.83,0.0,0
swapped,g2_1030.tif,5151,49.12,0.3587,0
a twice,g2_1030.tif,5147,32.84,0.0,0
a twice,g2_1030.tif,5148,28.77,0.0,0
a twice,g2_1030.tif,5149,28.77,0.0,0
a twice,g2_1030.tif,5150,30.83,0.0,0
a twice,g2_1030.tif,5151,49.12,0.0,0
b twice,g2_1030.tif,5147,32.84,0.0,0
b twice,g2_1030.tif,5148,28.77,0.0,0
b twice,g2_1030.tif,5149,28.77,0.0,0
b twice,g2_1030.tif,5150,30.83,0.0,0
b twice,g2_1030.tif,5151,49.12,0.0,0
shipped,g2_1043.tif,5212,59.4,0.0,0
shipped,g2_1043.tif,5213,56.19,0.0,0
shipped,g2_1043.tif,5214,54.67,0.0,0
shipped,g2_1043.tif,5215,59.4,0.0,0
shipped,g2_1043.tif,5216,55.89,0.0,0
swapped,g2_1043.tif,5212,59.4,0.0,0
swapped,g2_1043.tif,5213,56.19,0.0,0
swapped,g2_1043.tif,5214,54.67,0.0,0
swapped,g2_1043.tif,5215,59.4,0.0,0
swapped,g2_1043.tif,5216,55.89,0.0,0
a twice,g2_1043.tif,5212,59.4,0.1587,0
a twice,g2_1043.tif,5213,56.19,0.1417,0
a twice,g2_1043.tif,5214,54.67,0.0303,0
a twice,g2_1043.tif,5215,59.4,0.0,0
a twice,g2_1043.tif,5216,55.89,0.2923,0
b twice,g2_1043.tif,5212,59.4,0.0,0
b twice,g2_1043.tif,5213,56.19,0.0,0
b twice,g2_1043.tif,5214,54.67,0.0,0
b twice,g2_1043.tif,5215,59.4,0.0,0
b twice,g2_1043.tif,5216,55.89,0.0,0
shipped,g2_1053.tif,5262,71.16,0.3195,0
shipped,g2_1053.tif,5263,37.43,0.0,0
shipped,g2_1053.tif,5264,58.9,0.0,0
shipped,g2_1053.tif,5265,37.44,0.0,0
shipped,g2_1053.tif,5266,32.09,0.0,0
swapped,g2_1053.tif,5262,71.16,0.5789,1
swapped,g2_1053.tif,5263,37.43,0.1134,0
swapped,g2_1053.tif,5264,58.9,0.3503,0
swapped,g2_1053.tif,5265,37.44,0.2047,0
swapped,g2_1053.tif,5266,32.09,0.0909,0
a twice,g2_1053.tif,5262,71.16,0.5988,1
a twice,g2_1053.tif,5263,37.43,0.3713,0
a twice,g2_1053.tif,5264,58.9,0.6369,1
a twice,g2_1053.tif,5265,37.44,0.2371,0
a twice,g2_1053.tif,5266,32.09,0.2311,0
b twice,g2_1053.tif,5262,71.16,0.0,0
b twice,g2_1053.tif,5263,37.43,0.0,0
b twice,g2_1053.tif,5264,58.9,0.1529,0
b twice,g2_1053.tif,5265,37.44,0.0,0
b twice,g2_1053.tif,5266,32.09,0.0,0
shipped,g2_1056.tif,5277,32.3,0.0,0
shipped,g2_1056.tif,5278,18.16,0.0,0
shipped,g2_1056.tif,5279,18.21,0.0,0
shipped,g2_1056.tif,5280,21.06,0.0,0
shipped,g2_1056.tif,5281,18.21,0.0,0
swapped,g2_1056.tif,5277,32.3,0.0,0
swapped,g2_1056.tif,5278,18.16,0.0,0
swapped,g2_1056.tif,5279,18.21,0.0,0
swapped,g2_1056.tif,5280,21.06,0.0,0
swapped,g2_1056.tif,5281,18.21,0.0,0
a twice,g2_1056.tif,5277,32.3,0.0,0
a twice,g2_1056.tif,5278,18.16,0.0,0
a twice,g2_1056.tif,5279,18.21,0.0,0
a twice,g2_1056.tif,5280,21.06,0.0,0
a twice,g2_1056.tif,5281,18.21,0.0,0
b twice,g2_1056.tif,5277,32.3,0.0,0
b twice,g2_1056.tif,5278,18.16,0.0,0
b twice,g2_1056.tif,5279,18.21,0.0,0
b twice,g2_1056.tif,5280,21.06,0.0,0
b twice,g2_1056.tif,5281,18.21,0.0,0
shipped,g2_1060.tif,5297,42.75,0.0,0
shipped,g2_1060.tif,5298,32.69,0.0,0
shipped,g2_1060.tif,5299,42.75,0.0,0
shipped,g2_1060.tif,5300,32.69,0.0,0
shipped,g2_1060.tif,5301,44.49,0.0,0
swapped,g2_1060.tif,5297,42.75,0.0,0
swapped,g2_1060.tif,5298,32.69,0.0,0
swapped,g2_1060.tif,5299,42.75,0.0,0
swapped,g2_1060.tif,5300,32.69,0.0,0
swapped,g2_1060.tif,5301,44.49,0.0,0
a twice,g2_1060.tif,5297,42.75,0.0,0
a twice,g2_1060.tif,5298,32.69,0.0,0
a twice,g2_1060.tif,5299,42.75,0.0,0
a twice,g2_1060.tif,5300,32.69,0.0,0
a twice,g2_1060.tif,5301,44.49,0.0,0
b twice,g2_1060.tif,5297,42.75,0.0,0
b twice,g2_1060.tif,5298,32.69,0.0,0
b twice,g2_1060.tif,5299,42.75,0.0,0
b twice,g2_1060.tif,5300,32.69,0.0,0
b twice,g2_1060.tif,5301,44.49,0.0,0
shipped,g2_1062.tif,5307,140.59,0.1064,0
shipped,g2_1062.tif,5308,115.79,0.2091,0
shipped,g2_1062.tif,5309,127.97,0.2989,0
shipped,g2_1062.tif,5310,32.45,0.0,0
shipped,g2_1062.tif,5311,102.82,0.2325,0
swapped,g2_1062.tif,5307,140.59,0.1156,0
swapped,g2_1062.tif,5308,115.79,0.2566,0
swapped,g2_1062.tif,5309,127.97,0.2961,0
swapped,g2_1062.tif,5310,32.45,0.0,0
swapped,g2_1062.tif,5311,102.82,0.1322,0
a twice,g2_1062.tif,5307,140.59,0.1524,0
a twice,g2_1062.tif,5308,115.79,0.1599,0
a twice,g2_1062.tif,5309,127.97,0.3631,0
a twice,g2_1062.tif,5310,32.45,0.0,0
a twice,g2_1062.tif,5311,102.82,0.155,0
b twice,g2_1062.tif,5307,140.59,0.0,0
b twice,g2_1062.tif,5308,115.79,0.0,0
b twice,g2_1062.tif,5309,127.97,0.0,0
b twice,g2_1062.tif,5310,32.45,0.0,0
b twice,g2_1062.tif,5311,102.82,0.0,0
shipped,g2_1073.tif,5362,43.93,0.0,0
shipped,g2_1073.tif,5363,37.66,0.0,0
shipped,g2_1073.tif,5364,42.43,0.0,0
shipped,g2_1073.tif,5365,32.28,0.0,0
shipped,g2_1073.tif,5366,43.93,0.0,0
swapped,g2_1073.tif,5362,43.93,0.0,0
swapped,g2_1073.tif,5363,37.66,0.0,0
swapped,g2_1073.tif,5364,42.43,0.0,0
swapped,g2_1073.tif,5365,32.28,0.0,0
swapped,g2_1073.tif,5366,43.93,0.0,0
a twice,g2_1073.tif,5362,43.93,0.0495,0
a twice,g2_1073.tif,5363,37.66,0.0563,0
a twice,g2_1073.tif,5364,42.43,0.0,0
a twice,g2_1073.tif,5365,32.28,0.0213,0
a twice,g2_1073.tif,5366,43.93,0.3333,0
b twice,g2_1073.tif,5362,43.93,0.0,0
b twice,g2_1073.tif,5363,37.66,0.0,0
b twice,g2_1073.tif,5364,42.43,0.0,0
b twice,g2_1073.tif,5365,32.28,0.0,0
b twice,g2_1073.tif,5366,43.93,0.0,0
shipped,g2_1090.tif,5447,59.0,0.7002,1
shipped,g2_1090.tif,5448,47.99,0.1711,0
shipped,g2_1090.tif,5449,43.74,0.5147,1
shipped,g2_1090.tif,5450,97.15,0.2228,0
shipped,g2_1090.tif,5451,112.93,0.7101,1
swapped,g2_1090.tif,5447,59.0,0.673,1
swapped,g2_1090.tif,5448,47.99,0.5201,1
swapped,g2_1090.tif,5449,43.74,0.5662,1
swapped,g2_1090.tif,5450,97.15,0.676,1
swapped,g2_1090.tif,5451,112.93,0.7269,1
a twice,g2_1090.tif,5447,59.0,0.6667,1
a twice,g2_1090.tif,5448,47.99,0.4968,0
a twice,g2_1090.tif,5449,43.74,0.3287,0
a twice,g2_1090.tif,5450,97.15,0.6573,1
a twice,g2_1090.tif,5451,112.93,0.5231,1
b twice,g2_1090.tif,5447,59.0,0.517,1
b twice,g2_1090.tif,5448,47.99,0.2559,0
b twice,g2_1090.tif,5449,43.74,0.3934,0
b twice,g2_1090.tif,5450,97.15,0.0,0
b twice,g2_1090.tif,5451,112.93,0.0294,0
shipped,g2_1092.tif,5457,32.8,0.0777,0
shipped,g2_1092.tif,5458,43.32,0.0787,0
shipped,g2_1092.tif,5459,32.8,0.3187,0
shipped,g2_1092.tif,5460,38.3,0.125,0
shipped,g2_1092.tif,5461,38.3,0.1034,0
swapped,g2_1092.tif,5457,32.8,0.0,0
swapped,g2_1092.tif,5458,43.32,0.0,0
swapped,g2_1092.tif,5459,32.8,0.0,0
swapped,g2_1092.tif,5460,38.3,0.0,0
swapped,g2_1092.tif,5461,38.3,0.0,0
a twice,g2_1092.tif,5457,32.8,0.193,0
a twice,g2_1092.tif,5458,43.32,0.1589,0
a twice,g2_1092.tif,5459,32.8,0.1324,0
a twice,g2_1092.tif,5460,38.3,0.3,0
a twice,g2_1092.tif,5461,38.3,0.2411,0
b twice,g2_1092.tif,5457,32.8,0.0,0
b twice,g2_1092.tif,5458,43.32,0.0,0
b twice,g2_1092.tif,5459,32.8,0.0,0
b twice,g2_1092.tif,5460,38.3,0.0,0
b twice,g2_1092.tif,5461,38.3,0.0,0
shipped,g2_1111.tif,5552,45.65,0.0,0
shipped,g2_1111.tif,5553,44.13,0.0,0
shipped,g2_1111.tif,5554,54.86,0.0,0
shipped,g2_1111.tif,5555,59.65,0.0,0
shipped,g2_1111.tif,5556,32.52,0.0,0
swapped,g2_1111.tif,5552,45.65,0.0,0
swapped,g2_1111.tif,5553,44.13,0.0,0
swapped,g2_1111.tif,5554,54.86,0.0,0
swapped,g2_1111.tif,5555,59.65,0.0,0
swapped,g2_1111.tif,5556,32.52,0.0,0
a twice,g2_1111.tif,5552,45.65,0.0,0
a twice,g2_1111.tif,5553,44.13,0.0,0
a twice,g2_1111.tif,5554,54.86,0.3056,0
a twice,g2_1111.tif,5555,59.65,0.0,0
a twice,g2_1111.tif,5556,32.52,0.0,0
b twice,g2_1111.tif,5552,45.65,0.0,0
b twice,g2_1111.tif,5553,44.13,0.0,0
b twice,g2_1111.tif,5554,54.86,0.0,0
b twice,g2_1111.tif,5555,59.65,0.0,0
b twice,g2_1111.tif,5556,32.52,0.0,0
shipped,g2_1120.tif,5597,55.47,0.0,0
shipped,g2_1120.tif,5598,92.45,0.1933,0
shipped,g2_1120.tif,5599,43.15,0.0,0
shipped,g2_1120.tif,5600,30.92,0.0,0
shipped,g2_1120.tif,5601,30.92,0.0,0
swapped,g2_1120.tif,5597,55.47,0.54,1
swapped,g2_1120.tif,5598,92.45,0.3896,0
swapped,g2_1120.tif,5599,43.15,0.0,0
swapped,g2_1120.tif,5600,30.92,0.2308,0
swapped,g2_1120.tif,5601,30.92,0.0,0
a twice,g2_1120.tif,5597,55.47,0.0,0
a twice,g2_1120.tif,5598,92.45,0.0,0
a twice,g2_1120.tif,5599,43.15,0.0,0
a twice,g2_1120.tif,5600,30.92,0.0,0
a twice,g2_1120.tif,5601,30.92,0.0,0
b twice,g2_1120.tif,5597,55.47,0.0,0
b twice,g2_1120.tif,5598,92.45,0.0951,0
b twice,g2_1120.tif,5599,43.15,0.0,0
b twice,g2_1120.tif,5600,30.92,0.0,0
b twice,g2_1120.tif,5601,30.92,0.0,0
shipped,g2_1145.tif,5722,38.17,0.0,0
shipped,g2_1145.tif,5723,28.62,0.0,0
shipped,g2_1145.tif,5724,38.17,0.0,0
shipped,g2_1145.tif,5725,38.17,0.0,0
shipped,g2_1145.tif,5726,38.17,0.0,0
swapped,g2_1145.tif,5722,38.17,0.0,0
swapped,g2_1145.tif,5723,28.62,0.0,0
swapped,g2_1145.tif,5724,38.17,0.0,0
swapped,g2_1145.tif,5725,38.17,0.0,0
swapped,g2_1145.tif,5726,38.17,0.0,0
a twice,g2_1145.tif,5722,38.17,0.0,0
a twice,g2_1145.tif,5723,28.62,0.0,0
a twice,g2_1145.tif,5724,38.17,0.0,0
a twice,g2_1145.tif,5725,38.17,0.0,0
a twice,g2_1145.tif,5726,38.17,0.0,0
b twice,g2_1145.tif,5722,38.17,0.0,0
b twice,g2_1145.tif,5723,28.62,0.0,0
b twice,g2_1145.tif,5724,38.17,0.0,0
b twice,g2_1145.tif,5725,38.17,0.0,0
b twice,g2_1145.tif,5726,38.17,0.0,0
shipped,g2_1148.tif,5737,92.79,0.6636,1
shipped,g2_1148.tif,5738,87.25,0.6336,1
shipped,g2_1148.tif,5739,103.76,0.06,0
shipped,g2_1148.tif,5740,67.14,0.0,0
shipped,g2_1148.tif,5741,44.24,0.0,0
swapped,g2_1148.tif,5737,92.79,0.75,1
swapped,g2_1148.tif,5738,87.25,0.6463,1
swapped,g2_1148.tif,5739,103.76,0.4914,0
swapped,g2_1148.tif,5740,67.14,0.2853,0
swapped,g2_1148.tif,5741,44.24,0.0,0
a twice,g2_1148.tif,5737,92.79,0.7006,1
a twice,g2_1148.tif,5738,87.25,0.5623,1
a twice,g2_1148.tif,5739,103.76,0.4743,0
a twice,g2_1148.tif,5740,67.14,0.5577,1
a twice,g2_1148.tif,5741,44.24,0.1246,0
b twice,g2_1148.tif,5737,92.79,0.0328,0
b twice,g2_1148.tif,5738,87.25,0.229,0
b twice,g2_1148.tif,5739,103.76,0.0,0
b twice,g2_1148.tif,5740,67.14,0.0,0
b twice,g2_1148.tif,5741,44.24,0.0,0
shipped,g2_1149.tif,5742,28.35,0.0,0
shipped,g2_1149.tif,5743,32.33,0.0,0
shipped,g2_1149.tif,5744,28.35,0.0,0
shipped,g2_1149.tif,5745,21.1,0.0,0
shipped,g2_1149.tif,5746,30.34,0.0,0
swapped,g2_1149.tif,5742,28.35,0.0,0
swapped,g2_1149.tif,5743,32.33,0.0,0
swapped,g2_1149.tif,5744,28.35,0.0,0
swapped,g2_1149.tif,5745,21.1,0.0,0
swapped,g2_1149.tif,5746,30.34,0.0,0
a twice,g2_1149.tif,5742,28.35,0.0,0
a twice,g2_1149.tif,5743,32.33,0.0,0
a twice,g2_1149.tif,5744,28.35,0.0,0
a twice,g2_1149.tif,5745,21.1,0.0,0
a twice,g2_1149.tif,5746,30.34,0.0,0
b twice,g2_1149.tif,5742,28.35,0.0,0
b twice,g2_1149.tif,5743,32.33,0.0,0
b twice,g2_1149.tif,5744,28.35,0.0,0
b twice,g2_1149.tif,5745,21.1,0.0,0
b twice,g2_1149.tif,5746,30.34,0.0,0
shipped,g2_1154.tif,5767,18.2,0.0,0
shipped,g2_1154.tif,5768,18.23,0.0,0
shipped,g2_1154.tif,5769,18.23,0.0,0
shipped,g2_1154.tif,5770,18.23,0.0,0
shipped,g2_1154.tif,5771,18.23,0.0,0
swapped,g2_1154.tif,5767,18.2,0.0,0
swapped,g2_1154.tif,5768,18.23,0.0,0
swapped,g2_1154.tif,5769,18.23,0.0,0
swapped,g2_1154.tif,5770,18.23,0.0,0
swapped,g2_1154.tif,5771,18.23,0.0,0
a twice,g2_1154.tif,5767,18.2,0.0,0
a twice,g2_1154.tif,5768,18.23,0.0,0
a twice,g2_1154.tif,5769,18.23,0.0,0
a twice,g2_1154.tif,5770,18.23,0.0,0
a twice,g2_1154.tif,5771,18.23,0.0,0
b twice,g2_1154.tif,5767,18.2,0.0,0
b twice,g2_1154.tif,5768,18.23,0.0,0
b twice,g2_1154.tif,5769,18.23,0.0,0
b twice,g2_1154.tif,5770,18.23,0.0,0
b twice,g2_1154.tif,5771,18.23,0.0,0
shipped,g2_1175.tif,5872,102.54,0.0,0
shipped,g2_1175.tif,5873,114.6,0.0,0
shipped,g2_1175.tif,5874,42.22,0.0,0
shipped,g2_1175.tif,5875,43.7,0.0,0
shipped,g2_1175.tif,5876,90.45,0.0,0
swapped,g2_1175.tif,5872,102.54,0.0,0
swapped,g2_1175.tif,5873,114.6,0.0394,0
swapped,g2_1175.tif,5874,42.22,0.0,0
swapped,g2_1175.tif,5875,43.7,0.0,0
swapped,g2_1175.tif,5876,90.45,0.0,0
a twice,g2_1175.tif,5872,102.54,0.0,0
a twice,g2_1175.tif,5873,114.6,0.0,0
a twice,g2_1175.tif,5874,42.22,0.0,0
a twice,g2_1175.tif,5875,43.7,0.0,0
a twice,g2_1175.tif,5876,90.45,0.0,0
b twice,g2_1175.tif,5872,102.54,0.0,0
b twice,g2_1175.tif,5873,114.6,0.0,0
b twice,g2_1175.tif,5874,42.22,0.0,0
b twice,g2_1175.tif,5875,43.7,0.0,0
b twice,g2_1175.tif,5876,90.45,0.0,0
shipped,g2_1178.tif,5887,78.84,0.0,0
shipped,g2_1178.tif,5888,32.32,0.0,0
shipped,g2_1178.tif,5889,37.76,0.0,0
shipped,g2_1178.tif,5890,37.76,0.0,0
shipped,g2_1178.tif,5891,42.79,0.0,0
swapped,g2_1178.tif,5887,78.84,0.2779,0
swapped,g2_1178.tif,5888,32.32,0.0953,0
swapped,g2_1178.tif,5889,37.76,0.2212,0
swapped,g2_1178.tif,5890,37.76,0.3333,0
swapped,g2_1178.tif,5891,42.79,0.3163,0
a twice,g2_1178.tif,5887,78.84,0.3541,0
a twice,g2_1178.tif,5888,32.32,0.1152,0
a twice,g2_1178.tif,5889,37.76,0.244,0
a twice,g2_1178.tif,5890,37.76,0.0376,0
a twice,g2_1178.tif,5891,42.79,0.0379,0
b twice,g2_1178.tif,5887,78.84,0.0,0
b twice,g2_1178.tif,5888,32.32,0.0,0
b twice,g2_1178.tif,5889,37.76,0.0,0
b twice,g2_1178.tif,5890,37.76,0.0,0
b twice,g2_1178.tif,5891,42.79,0.0,0
shipped,g2_1197.tif,5982,32.24,0.0,0
shipped,g2_1197.tif,5983,32.24,0.0,0
shipped,g2_1197.tif,5984,30.29,0.0,0
shipped,g2_1197.tif,5985,37.5,0.0,0
shipped,g2_1197.tif,5986,28.14,0.0,0
swapped,g2_1197.tif,5982,32.24,0.0,0
swapped,g2_1197.tif,5983,32.24,0.0,0
swapped,g2_1197.tif,5984,30.29,0.0,0
swapped,g2_1197.tif,5985,37.5,0.0,0
swapped,g2_1197.tif,5986,28.14,0.0,0
a twice,g2_1197.tif,5982,32.24,0.0,0
a twice,g2_1197.tif,5983,32.24,0.0,0
a twice,g2_1197.tif,5984,30.29,0.1648,0
a twice,g2_1197.tif,5985,37.5,0.0,0
a twice,g2_1197.tif,5986,28.14,0.0,0
b twice,g2_1197.tif,5982,32.24,0.0,0
b twice,g2_1197.tif,5983,32.24,0.0,0
b twice,g2_1197.tif,5984,30.29,0.0,0
b twice,g2_1197.tif,5985,37.5,0.0,0
b twice,g2_1197.tif,5986,28.14,0.0,0
shipped,g2_1198.tif,5987,20.95,0.0,0
shipped,g2_1198.tif,5988,28.13,0.0,0
shipped,g2_1198.tif,5989,28.13,0.0,0
shipped,g2_1198.tif,5990,43.86,0.0,0
shipped,g2_1198.tif,5991,28.13,0.0,0
swapped,g2_1198.tif,5987,20.95,0.0,0
swapped,g2_1198.tif,5988,28.13,0.0,0
swapped,g2_1198.tif,5989,28.13,0.0,0
swapped,g2_1198.tif,5990,43.86,0.0,0
swapped,g2_1198.tif,5991,28.13,0.0,0
a twice,g2_1198.tif,5987,20.95,0.0,0
a twice,g2_1198.tif,5988,28.13,0.0,0
a twice,g2_1198.tif,5989,28.13,0.0,0
a twice,g2_1198.tif,5990,43.86,0.0,0
a twice,g2_1198.tif,5991,28.13,0.0,0
b twice,g2_1198.tif,5987,20.95,0.0,0
b twice,g2_1198.tif,5988,28.13,0.0,0
b twice,g2_1198.tif,5989,28.13,0.0,0
b twice,g2_1198.tif,5990,43.86,0.0,0
b twice,g2_1198.tif,5991,28.13,0.0,0
shipped,g2_1201.tif,6002,30.14,0.0,0
shipped,g2_1201.tif,6003,30.14,0.0,0
shipped,g2_1201.tif,6004,32.09,0.0,0
shipped,g2_1201.tif,6005,54.16,0.0,0
shipped,g2_1201.tif,6006,30.14,0.0,0
swapped,g2_1201.tif,6002,30.14,0.0,0
swapped,g2_1201.tif,6003,30.14,0.0,0
swapped,g2_1201.tif,6004,32.09,0.0,0
swapped,g2_1201.tif,6005,54.16,0.0,0
swapped,g2_1201.tif,6006,30.14,0.0,0
a twice,g2_1201.tif,6002,30.14,0.0109,0
a twice,g2_1201.tif,6003,30.14,0.0242,0
a twice,g2_1201.tif,6004,32.09,0.2333,0
a twice,g2_1201.tif,6005,54.16,0.0361,0
a twice,g2_1201.tif,6006,30.14,0.0192,0
b twice,g2_1201.tif,6002,30.14,0.0,0
b twice,g2_1201.tif,6003,30.14,0.0,0
b twice,g2_1201.tif,6004,32.09,0.0,0
b twice,g2_1201.tif,6005,54.16,0.0,0
b twice,g2_1201.tif,6006,30.14,0.0,0
shipped,g2_1206.tif,6027,55.07,0.24,0
shipped,g2_1206.tif,6028,32.67,0.0,0
shipped,g2_1206.tif,6029,45.83,0.0,0
shipped,g2_1206.tif,6030,28.52,0.0,0
shipped,g2_1206.tif,6031,38.0,0.0,0
swapped,g2_1206.tif,6027,55.07,0.136,0
swapped,g2_1206.tif,6028,32.67,0.0,0
swapped,g2_1206.tif,6029,45.83,0.0,0
swapped,g2_1206.tif,6030,28.52,0.0,0
swapped,g2_1206.tif,6031,38.0,0.0,0
a twice,g2_1206.tif,6027,55.07,0.0071,0
a twice,g2_1206.tif,6028,32.67,0.0,0
a twice,g2_1206.tif,6029,45.83,0.0,0
a twice,g2_1206.tif,6030,28.52,0.0,0
a twice,g2_1206.tif,6031,38.0,0.1374,0
b twice,g2_1206.tif,6027,55.07,0.368,0
b twice,g2_1206.tif,6028,32.67,0.0112,0
b twice,g2_1206.tif,6029,45.83,0.5,1
b twice,g2_1206.tif,6030,28.52,0.0,0
b twice,g2_1206.tif,6031,38.0,0.0,0
shipped,g2_1207.tif,6032,42.4,0.3636,0
shipped,g2_1207.tif,6033,42.4,0.513,1
shipped,g2_1207.tif,6034,102.97,0.1751,0
shipped,g2_1207.tif,6035,91.06,0.4369,0
shipped,g2_1207.tif,6036,103.2,0.1036,0
swapped,g2_1207.tif,6032,42.4,0.3021,0
swapped,g2_1207.tif,6033,42.4,0.5478,1
swapped,g2_1207.tif,6034,102.97,0.202,0
swapped,g2_1207.tif,6035,91.06,0.589,1
swapped,g2_1207.tif,6036,103.2,0.4527,0
a twice,g2_1207.tif,6032,42.4,0.2875,0
a twice,g2_1207.tif,6033,42.4,0.4051,0
a twice,g2_1207.tif,6034,102.97,0.2896,0
a twice,g2_1207.tif,6035,91.06,0.3172,0
a twice,g2_1207.tif,6036,103.2,0.2485,0
b twice,g2_1207.tif,6032,42.4,0.0,0
b twice,g2_1207.tif,6033,42.4,0.3482,0
b twice,g2_1207.tif,6034,102.97,0.1672,0
b twice,g2_1207.tif,6035,91.06,0.0,0
b twice,g2_1207.tif,6036,103.2,0.0414,0
shipped,g2_1211.tif,6052,64.58,0.0,0
shipped,g2_1211.tif,6053,82.23,0.0,0
shipped,g2_1211.tif,6054,64.58,0.0,0
shipped,g2_1211.tif,6055,42.48,0.0,0
shipped,g2_1211.tif,6056,78.87,0.0,0
swapped,g2_1211.tif,6052,64.58,0.0,0
swapped,g2_1211.tif,6053,82.23,0.0,0
swapped,g2_1211.tif,6054,64.58,0.0,0
swapped,g2_1211.tif,6055,42.48,0.0,0
swapped,g2_1211.tif,6056,78.87,0.0,0
a twice,g2_1211.tif,6052,64.58,0.1166,0
a twice,g2_1211.tif,6053,82.23,0.4174,0
a twice,g2_1211.tif,6054,64.58,0.0141,0
a twice,g2_1211.tif,6055,42.48,0.0888,0
a twice,g2_1211.tif,6056,78.87,0.2667,0
b twice,g2_1211.tif,6052,64.58,0.0,0
b twice,g2_1211.tif,6053,82.23,0.0,0
b twice,g2_1211.tif,6054,64.58,0.0,0
b twice,g2_1211.tif,6055,42.48,0.0,0
b twice,g2_1211.tif,6056,78.87,0.0,0
shipped,g2_1217.tif,6082,42.72,0.0,0
shipped,g2_1217.tif,6083,42.72,0.1352,0
shipped,g2_1217.tif,6084,18.39,0.0,0
shipped,g2_1217.tif,6085,65.23,0.0,0
shipped,g2_1217.tif,6086,56.32,0.0,0
swapped,g2_1217.tif,6082,42.72,0.2345,0
swapped,g2_1217.tif,6083,42.72,0.3578,0
swapped,g2_1217.tif,6084,18.39,0.0517,0
swapped,g2_1217.tif,6085,65.23,0.2258,0
swapped,g2_1217.tif,6086,56.32,0.5187,1
a twice,g2_1217.tif,6082,42.72,0.0,0
a twice,g2_1217.tif,6083,42.72,0.1434,0
a twice,g2_1217.tif,6084,18.39,0.0,0
a twice,g2_1217.tif,6085,65.23,0.0849,0
a twice,g2_1217.tif,6086,56.32,0.145,0
b twice,g2_1217.tif,6082,42.72,0.0,0
b twice,g2_1217.tif,6083,42.72,0.0,0
b twice,g2_1217.tif,6084,18.39,0.0,0
b twice,g2_1217.tif,6085,65.23,0.2377,0
b twice,g2_1217.tif,6086,56.32,0.2108,0
shipped,g2_1233.tif,6162,79.18,0.037,0
shipped,g2_1233.tif,6163,42.17,0.0,0
shipped,g2_1233.tif,6164,43.67,0.0,0
shipped,g2_1233.tif,6165,78.79,0.055,0
shipped,g2_1233.tif,6166,78.32,0.0,0
swapped,g2_1233.tif,6162,79.18,0.1217,0
swapped,g2_1233.tif,6163,42.17,0.0,0
swapped,g2_1233.tif,6164,43.67,0.0,0
swapped,g2_1233.tif,6165,78.79,0.0583,0
swapped,g2_1233.tif,6166,78.32,0.0,0
a twice,g2_1233.tif,6162,79.18,0.6032,1
a twice,g2_1233.tif,6163,42.17,0.0,0
a twice,g2_1233.tif,6164,43.67,0.206,0
a twice,g2_1233.tif,6165,78.79,0.4548,0
a twice,g2_1233.tif,6166,78.32,0.4907,0
b twice,g2_1233.tif,6162,79.18,0.0,0
b twice,g2_1233.tif,6163,42.17,0.0,0
b twice,g2_1233.tif,6164,43.67,0.0,0
b twice,g2_1233.tif,6165,78.79,0.0,0
b twice,g2_1233.tif,6166,78.32,0.0,0
shipped,g2_1241.tif,6202,43.68,0.0,0
shipped,g2_1241.tif,6203,54.48,0.0,0
shipped,g2_1241.tif,6204,42.18,0.0,0
shipped,g2_1241.tif,6205,32.22,0.0,0
shipped,g2_1241.tif,6206,43.85,0.0,0
swapped,g2_1241.tif,6202,43.68,0.2036,0
swapped,g2_1241.tif,6203,54.48,0.1593,0
swapped,g2_1241.tif,6204,42.18,0.0,0
swapped,g2_1241.tif,6205,32.22,0.0,0
swapped,g2_1241.tif,6206,43.85,0.2993,0
a twice,g2_1241.tif,6202,43.68,0.4583,0
a twice,g2_1241.tif,6203,54.48,0.2403,0
a twice,g2_1241.tif,6204,42.18,0.0517,0
a twice,g2_1241.tif,6205,32.22,0.1759,0
a twice,g2_1241.tif,6206,43.85,0.196,0
b twice,g2_1241.tif,6202,43.68,0.0,0
b twice,g2_1241.tif,6203,54.48,0.0,0
b twice,g2_1241.tif,6204,42.18,0.0,0
b twice,g2_1241.tif,6205,32.22,0.0,0
b twice,g2_1241.tif,6206,43.85,0.2018,0
shipped,g2_1252.tif,6257,54.88,0.0,0
shipped,g2_1252.tif,6258,44.23,0.0,0
shipped,g2_1252.tif,6259,32.4,0.0,0
shipped,g2_1252.tif,6260,32.4,0.0,0
shipped,g2_1252.tif,6261,32.4,0.0,0
swapped,g2_1252.tif,6257,54.88,0.0,0
swapped,g2_1252.tif,6258,44.23,0.0,0
swapped,g2_1252.tif,6259,32.4,0.0,0
swapped,g2_1252.tif,6260,32.4,0.0122,0
swapped,g2_1252.tif,6261,32.4,0.0,0
a twice,g2_1252.tif,6257,54.88,0.0,0
a twice,g2_1252.tif,6258,44.23,0.0,0
a twice,g2_1252.tif,6259,32.4,0.3398,0
a twice,g2_1252.tif,6260,32.4,0.0,0
a twice,g2_1252.tif,6261,32.4,0.0,0
b twice,g2_1252.tif,6257,54.88,0.0,0
b twice,g2_1252.tif,6258,44.23,0.0,0
b twice,g2_1252.tif,6259,32.4,0.0,0
b twice,g2_1252.tif,6260,32.4,0.0,0
b twice,g2_1252.tif,6261,32.4,0.0,0
shipped,g2_1264.tif,6317,30.34,0.0,0
shipped,g2_1264.tif,6318,18.16,0.0,0
shipped,g2_1264.tif,6319,21.03,0.0,0
shipped,g2_1264.tif,6320,18.16,0.0,0
shipped,g2_1264.tif,6321,18.16,0.0,0
swapped,g2_1264.tif,6317,30.34,0.0,0
swapped,g2_1264.tif,6318,18.16,0.0,0
swapped,g2_1264.tif,6319,21.03,0.0,0
swapped,g2_1264.tif,6320,18.16,0.0,0
swapped,g2_1264.tif,6321,18.16,0.0,0
a twice,g2_1264.tif,6317,30.34,0.0,0
a twice,g2_1264.tif,6318,18.16,0.0,0
a twice,g2_1264.tif,6319,21.03,0.0,0
a twice,g2_1264.tif,6320,18.16,0.0,0
a twice,g2_1264.tif,6321,18.16,0.0,0
b twice,g2_1264.tif,6317,30.34,0.0,0
b twice,g2_1264.tif,6318,18.16,0.0,0
b twice,g2_1264.tif,6319,21.03,0.0,0
b twice,g2_1264.tif,6320,18.16,0.0,0
b twice,g2_1264.tif,6321,18.16,0.0,0
shipped,g2_1265.tif,6322,63.42,0.0,0
shipped,g2_1265.tif,6323,38.2,0.0,0
shipped,g2_1265.tif,6324,60.09,0.0765,0
shipped,g2_1265.tif,6325,55.34,0.0,0
shipped,g2_1265.tif,6326,63.42,0.0,0
swapped,g2_1265.tif,6322,63.42,0.0,0
swapped,g2_1265.tif,6323,38.2,0.0,0
swapped,g2_1265.tif,6324,60.09,0.0,0
swapped,g2_1265.tif,6325,55.34,0.0,0
swapped,g2_1265.tif,6326,63.42,0.0,0
a twice,g2_1265.tif,6322,63.42,0.2458,0
a twice,g2_1265.tif,6323,38.2,0.0357,0
a twice,g2_1265.tif,6324,60.09,0.0,0
a twice,g2_1265.tif,6325,55.34,0.1176,0
a twice,g2_1265.tif,6326,63.42,0.3939,0
b twice,g2_1265.tif,6322,63.42,0.0,0
b twice,g2_1265.tif,6323,38.2,0.0,0
b twice,g2_1265.tif,6324,60.09,0.0,0
b twice,g2_1265.tif,6325,55.34,0.0,0
b twice,g2_1265.tif,6326,63.42,0.0,0
shipped,g2_1268.tif,6337,48.23,0.0,0
shipped,g2_1268.tif,6338,43.97,0.0,0
shipped,g2_1268.tif,6339,54.65,0.0,0
shipped,g2_1268.tif,6340,43.97,0.0,0
shipped,g2_1268.tif,6341,37.71,0.0,0
swapped,g2_1268.tif,6337,48.23,0.3925,0
swapped,g2_1268.tif,6338,43.97,0.2727,0
swapped,g2_1268.tif,6339,54.65,0.1756,0
swapped,g2_1268.tif,6340,43.97,0.0,0
swapped,g2_1268.tif,6341,37.71,0.0,0
a twice,g2_1268.tif,6337,48.23,0.5327,1
a twice,g2_1268.tif,6338,43.97,0.5225,1
a twice,g2_1268.tif,6339,54.65,0.4351,0
a twice,g2_1268.tif,6340,43.97,0.4554,0
a twice,g2_1268.tif,6341,37.71,0.2577,0
b twice,g2_1268.tif,6337,48.23,0.0,0
b twice,g2_1268.tif,6338,43.97,0.0,0
b twice,g2_1268.tif,6339,54.65,0.0,0
b twice,g2_1268.tif,6340,43.97,0.0,0
b twice,g2_1268.tif,6341,37.71,0.0,0
shipped,g2_1274.tif,6367,143.35,0.5305,1
shipped,g2_1274.tif,6368,44.26,0.0,0
shipped,g2_1274.tif,6369,104.22,0.3635,0
shipped,g2_1274.tif,6370,177.53,0.0567,0
shipped,g2_1274.tif,6371,115.03,0.2764,0
swapped,g2_1274.tif,6367,143.35,0.5631,1
swapped,g2_1274.tif,6368,44.26,0.1681,0
swapped,g2_1274.tif,6369,104.22,0.4637,0
swapped,g2_1274.tif,6370,177.53,0.0789,0
swapped,g2_1274.tif,6371,115.03,0.0,0
a twice,g2_1274.tif,6367,143.35,0.6594,1
a twice,g2_1274.tif,6368,44.26,0.0303,0
a twice,g2_1274.tif,6369,104.22,0.328,0
a twice,g2_1274.tif,6370,177.53,0.1437,0
a twice,g2_1274.tif,6371,115.03,0.1529,0
b twice,g2_1274.tif,6367,143.35,0.0,0
b twice,g2_1274.tif,6368,44.26,0.0,0
b twice,g2_1274.tif,6369,104.22,0.0,0
b twice,g2_1274.tif,6370,177.53,0.0,0
b twice,g2_1274.tif,6371,115.03,0.0,0
shipped,g2_1287.tif,6432,44.25,0.064,0
shipped,g2_1287.tif,6433,97.49,0.2138,0
shipped,g2_1287.tif,6434,37.91,0.0882,0
shipped,g2_1287.tif,6435,54.93,0.0124,0
shipped,g2_1287.tif,6436,92.35,0.3778,0
swapped,g2_1287.tif,6432,44.25,0.2198,0
swapped,g2_1287.tif,6433,97.49,0.1698,0
swapped,g2_1287.tif,6434,37.91,0.0273,0
swapped,g2_1287.tif,6435,54.93,0.0,0
swapped,g2_1287.tif,6436,92.35,0.1709,0
a twice,g2_1287.tif,6432,44.25,0.1335,0
a twice,g2_1287.tif,6433,97.49,0.2892,0
a twice,g2_1287.tif,6434,37.91,0.0111,0
a twice,g2_1287.tif,6435,54.93,0.0,0
a twice,g2_1287.tif,6436,92.35,0.1181,0
b twice,g2_1287.tif,6432,44.25,0.112,0
b twice,g2_1287.tif,6433,97.49,0.1123,0
b twice,g2_1287.tif,6434,37.91,0.0,0
b twice,g2_1287.tif,6435,54.93,0.1892,0
b twice,g2_1287.tif,6436,92.35,0.1476,0
shipped,g2_1290.tif,6447,58.91,0.0,0
shipped,g2_1290.tif,6448,101.83,0.1746,0
shipped,g2_1290.tif,6449,81.74,0.4476,0
shipped,g2_1290.tif,6450,93.56,0.1686,0
shipped,g2_1290.tif,6451,199.21,0.7745,1
swapped,g2_1290.tif,6447,58.91,0.266,0
swapped,g2_1290.tif,6448,101.83,0.6923,1
swapped,g2_1290.tif,6449,81.74,0.5726,1
swapped,g2_1290.tif,6450,93.56,0.5192,1
swapped,g2_1290.tif,6451,199.21,0.8047,1
a twice,g2_1290.tif,6447,58.91,0.0987,0
a twice,g2_1290.tif,6448,101.83,0.5468,1
a twice,g2_1290.tif,6449,81.74,0.0,0
a twice,g2_1290.tif,6450,93.56,0.2454,0
a twice,g2_1290.tif,6451,199.21,0.2277,0
b twice,g2_1290.tif,6447,58.91,0.0,0
b twice,g2_1290.tif,6448,101.83,0.1414,0
b twice,g2_1290.tif,6449,81.74,0.0766,0
b twice,g2_1290.tif,6450,93.56,0.5927,1
b twice,g2_1290.tif,6451,199.21,0.2078,0
shipped,g2_1293.tif,6462,69.17,0.0,0
shipped,g2_1293.tif,6463,68.16,0.1166,0
shipped,g2_1293.tif,6464,44.9,0.0261,0
shipped,g2_1293.tif,6465,68.6,0.0,0
shipped,g2_1293.tif,6466,44.9,0.0,0
swapped,g2_1293.tif,6462,69.17,0.1902,0
swapped,g2_1293.tif,6463,68.16,0.3497,0
swapped,g2_1293.tif,6464,44.9,0.025,0
swapped,g2_1293.tif,6465,68.6,0.1221,0
swapped,g2_1293.tif,6466,44.9,0.2235,0
a twice,g2_1293.tif,6462,69.17,0.4969,0
a twice,g2_1293.tif,6463,68.16,0.4663,0
a twice,g2_1293.tif,6464,44.9,0.4153,0
a twice,g2_1293.tif,6465,68.6,0.4012,0
a twice,g2_1293.tif,6466,44.9,0.2118,0
b twice,g2_1293.tif,6462,69.17,0.0,0
b twice,g2_1293.tif,6463,68.16,0.0859,0
b twice,g2_1293.tif,6464,44.9,0.0336,0
b twice,g2_1293.tif,6465,68.6,0.4186,0
b twice,g2_1293.tif,6466,44.9,0.2353,0
shipped,g2_1299.tif,6492,76.0,0.0,0
shipped,g2_1299.tif,6493,43.05,0.0,0
shipped,g2_1299.tif,6494,32.74,0.0,0
shipped,g2_1299.tif,6495,109.68,0.0,0
shipped,g2_1299.tif,6496,59.78,0.0,0
swapped,g2_1299.tif,6492,76.0,0.0,0
swapped,g2_1299.tif,6493,43.05,0.4182,0
swapped,g2_1299.tif,6494,32.74,0.2364,0
swapped,g2_1299.tif,6495,109.68,0.0,0
swapped,g2_1299.tif,6496,59.78,0.0,0
a twice,g2_1299.tif,6492,76.0,0.0,0
a twice,g2_1299.tif,6493,43.05,0.1633,0
a twice,g2_1299.tif,6494,32.74,0.175,0
a twice,g2_1299.tif,6495,109.68,0.0,0
a twice,g2_1299.tif,6496,59.78,0.0,0
b twice,g2_1299.tif,6492,76.0,0.0,0
b twice,g2_1299.tif,6493,43.05,0.0,0
b twice,g2_1299.tif,6494,32.74,0.0,0
b twice,g2_1299.tif,6495,109.68,0.0,0
b twice,g2_1299.tif,6496,59.78,0.0,0
shipped,g2_1300.tif,6497,18.2,0.0,0
shipped,g2_1300.tif,6498,18.2,0.0,0
shipped,g2_1300.tif,6499,18.32,0.0,0
shipped,g2_1300.tif,6500,18.32,0.0,0
shipped,g2_1300.tif,6501,18.32,0.0,0
swapped,g2_1300.tif,6497,18.2,0.0,0
swapped,g2_1300.tif,6498,18.2,0.0,0
swapped,g2_1300.tif,6499,18.32,0.0,0
swapped,g2_1300.tif,6500,18.32,0.0,0
swapped,g2_1300.tif,6501,18.32,0.0,0
a twice,g2_1300.tif,6497,18.2,0.0,0
a twice,g2_1300.tif,6498,18.2,0.0,0
a twice,g2_1300.tif,6499,18.32,0.0,0
a twice,g2_1300.tif,6500,18.32,0.0,0
a twice,g2_1300.tif,6501,18.32,0.0,0
b twice,g2_1300.tif,6497,18.2,0.0,0
b twice,g2_1300.tif,6498,18.2,0.0,0
b twice,g2_1300.tif,6499,18.32,0.0,0
b twice,g2_1300.tif,6500,18.32,0.0,0
b twice,g2_1300.tif,6501,18.32,0.0,0
shipped,g2_1305.tif,6522,91.78,0.0,0
shipped,g2_1305.tif,6523,135.92,0.0,0
shipped,g2_1305.tif,6524,42.31,0.0,0
shipped,g2_1305.tif,6525,55.82,0.0,0
shipped,g2_1305.tif,6526,45.34,0.0,0
swapped,g2_1305.tif,6522,91.78,0.0,0
swapped,g2_1305.tif,6523,135.92,0.0,0
swapped,g2_1305.tif,6524,42.31,0.0,0
swapped,g2_1305.tif,6525,55.82,0.0,0
swapped,g2_1305.tif,6526,45.34,0.0,0
a twice,g2_1305.tif,6522,91.78,0.2086,0
a twice,g2_1305.tif,6523,135.92,0.1079,0
a twice,g2_1305.tif,6524,42.31,0.0,0
a twice,g2_1305.tif,6525,55.82,0.2667,0
a twice,g2_1305.tif,6526,45.34,0.0,0
b twice,g2_1305.tif,6522,91.78,0.0682,0
b twice,g2_1305.tif,6523,135.92,0.0,0
b twice,g2_1305.tif,6524,42.31,0.0,0
b twice,g2_1305.tif,6525,55.82,0.0,0
b twice,g2_1305.tif,6526,45.34,0.0,0
shipped,g2_1307.tif,6532,67.28,0.0,0
shipped,g2_1307.tif,6533,54.19,0.0,0
shipped,g2_1307.tif,6534,32.06,0.0,0
shipped,g2_1307.tif,6535,42.18,0.0,0
shipped,g2_1307.tif,6536,58.87,0.0,0
swapped,g2_1307.tif,6532,67.28,0.0101,0
swapped,g2_1307.tif,6533,54.19,0.1544,0
swapped,g2_1307.tif,6534,32.06,0.0,0
swapped,g2_1307.tif,6535,42.18,0.3929,0
swapped,g2_1307.tif,6536,58.87,0.0,0
a twice,g2_1307.tif,6532,67.28,0.5821,1
a twice,g2_1307.tif,6533,54.19,0.3824,0
a twice,g2_1307.tif,6534,32.06,0.2297,0
a twice,g2_1307.tif,6535,42.18,0.5422,1
a twice,g2_1307.tif,6536,58.87,0.5654,1
b twice,g2_1307.tif,6532,67.28,0.0,0
b twice,g2_1307.tif,6533,54.19,0.0,0
b twice,g2_1307.tif,6534,32.06,0.0,0
b twice,g2_1307.tif,6535,42.18,0.0,0
b twice,g2_1307.tif,6536,58.87,0.0,0
shipped,g2_1309.tif,6542,54.61,0.2606,0
shipped,g2_1309.tif,6543,32.33,0.0,0
shipped,g2_1309.tif,6544,64.78,0.0,0
shipped,g2_1309.tif,6545,64.92,0.2147,0
shipped,g2_1309.tif,6546,113.89,0.0,0
swapped,g2_1309.tif,6542,54.61,0.3803,0
swapped,g2_1309.tif,6543,32.33,0.0,0
swapped,g2_1309.tif,6544,64.78,0.0887,0
swapped,g2_1309.tif,6545,64.92,0.3804,0
swapped,g2_1309.tif,6546,113.89,0.0435,0
a twice,g2_1309.tif,6542,54.61,0.162,0
a twice,g2_1309.tif,6543,32.33,0.2277,0
a twice,g2_1309.tif,6544,64.78,0.1452,0
a twice,g2_1309.tif,6545,64.92,0.454,0
a twice,g2_1309.tif,6546,113.89,0.5097,1
b twice,g2_1309.tif,6542,54.61,0.1972,0
b twice,g2_1309.tif,6543,32.33,0.0,0
b twice,g2_1309.tif,6544,64.78,0.2339,0
b twice,g2_1309.tif,6545,64.92,0.2883,0
b twice,g2_1309.tif,6546,113.89,0.3913,0
shipped,g2_1310.tif,6547,18.24,0.0,0
shipped,g2_1310.tif,6548,18.2,0.0,0
shipped,g2_1310.tif,6549,18.2,0.0,0
shipped,g2_1310.tif,6550,18.2,0.0,0
shipped,g2_1310.tif,6551,18.24,0.0,0
swapped,g2_1310.tif,6547,18.24,0.0,0
swapped,g2_1310.tif,6548,18.2,0.0,0
swapped,g2_1310.tif,6549,18.2,0.0,0
swapped,g2_1310.tif,6550,18.2,0.0,0
swapped,g2_1310.tif,6551,18.24,0.0,0
a twice,g2_1310.tif,6547,18.24,0.0,0
a twice,g2_1310.tif,6548,18.2,0.0,0
a twice,g2_1310.tif,6549,18.2,0.0,0
a twice,g2_1310.tif,6550,18.2,0.0,0
a twice,g2_1310.tif,6551,18.24,0.0,0
b twice,g2_1310.tif,6547,18.24,0.0,0
b twice,g2_1310.tif,6548,18.2,0.0,0
b twice,g2_1310.tif,6549,18.2,0.0,0
b twice,g2_1310.tif,6550,18.2,0.0,0
b twice,g2_1310.tif,6551,18.24,0.0,0
shipped,g2_1321.tif,6602,67.12,0.0,0
shipped,g2_1321.tif,6603,94.54,0.0,0
shipped,g2_1321.tif,6604,91.53,0.0,0
shipped,g2_1321.tif,6605,91.55,0.0,0
shipped,g2_1321.tif,6606,82.75,0.0,0
swapped,g2_1321.tif,6602,67.12,0.0,0
swapped,g2_1321.tif,6603,94.54,0.0,0
swapped,g2_1321.tif,6604,91.53,0.0,0
swapped,g2_1321.tif,6605,91.55,0.0,0
swapped,g2_1321.tif,6606,82.75,0.0,0
a twice,g2_1321.tif,6602,67.12,0.5438,1
a twice,g2_1321.tif,6603,94.54,0.3723,0
a twice,g2_1321.tif,6604,91.53,0.1395,0
a twice,g2_1321.tif,6605,91.55,0.4008,0
a twice,g2_1321.tif,6606,82.75,0.3874,0
b twice,g2_1321.tif,6602,67.12,0.0,0
b twice,g2_1321.tif,6603,94.54,0.0,0
b twice,g2_1321.tif,6604,91.53,0.0,0
b twice,g2_1321.tif,6605,91.55,0.0,0
b twice,g2_1321.tif,6606,82.75,0.1496,0
shipped,g2_1330.tif,6647,28.23,0.0,0
shipped,g2_1330.tif,6648,42.38,0.0,0
shipped,g2_1330.tif,6649,37.63,0.0,0
shipped,g2_1330.tif,6650,48.11,0.0,0
shipped,g2_1330.tif,6651,48.11,0.0,0
swapped,g2_1330.tif,6647,28.23,0.0,0
swapped,g2_1330.tif,6648,42.38,0.0,0
swapped,g2_1330.tif,6649,37.63,0.0,0
swapped,g2_1330.tif,6650,48.11,0.0,0
swapped,g2_1330.tif,6651,48.11,0.0,0
a twice,g2_1330.tif,6647,28.23,0.0,0
a twice,g2_1330.tif,6648,42.38,0.1519,0
a twice,g2_1330.tif,6649,37.63,0.0886,0
a twice,g2_1330.tif,6650,48.11,0.3491,0
a twice,g2_1330.tif,6651,48.11,0.0,0
b twice,g2_1330.tif,6647,28.23,0.0,0
b twice,g2_1330.tif,6648,42.38,0.0,0
b twice,g2_1330.tif,6649,37.63,0.0,0
b twice,g2_1330.tif,6650,48.11,0.0,0
b twice,g2_1330.tif,6651,48.11,0.0,0
shipped,g2_1340.tif,6697,54.57,0.1619,0
shipped,g2_1340.tif,6698,59.2,0.3206,0
shipped,g2_1340.tif,6699,70.66,0.3149,0
shipped,g2_1340.tif,6700,54.6,0.5126,1
shipped,g2_1340.tif,6701,78.75,0.4824,0
swapped,g2_1340.tif,6697,54.57,0.0,0
swapped,g2_1340.tif,6698,59.2,0.0,0
swapped,g2_1340.tif,6699,70.66,0.0,0
swapped,g2_1340.tif,6700,54.6,0.3004,0
swapped,g2_1340.tif,6701,78.75,0.457,0
a twice,g2_1340.tif,6697,54.57,0.0,0
a twice,g2_1340.tif,6698,59.2,0.2006,0
a twice,g2_1340.tif,6699,70.66,0.0,0
a twice,g2_1340.tif,6700,54.6,0.0299,0
a twice,g2_1340.tif,6701,78.75,0.572,1
b twice,g2_1340.tif,6697,54.57,0.2136,0
b twice,g2_1340.tif,6698,59.2,0.0,0
b twice,g2_1340.tif,6699,70.66,0.0,0
b twice,g2_1340.tif,6700,54.6,0.0,0
b twice,g2_1340.tif,6701,78.75,0.0,0
shipped,g2_1346.tif,6727,75.81,0.1457,0
shipped,g2_1346.tif,6728,75.79,0.0,0
shipped,g2_1346.tif,6729,119.59,0.0,0
shipped,g2_1346.tif,6730,98.2,0.0774,0
shipped,g2_1346.tif,6731,114.14,0.0,0
swapped,g2_1346.tif,6727,75.81,0.378,0
swapped,g2_1346.tif,6728,75.79,0.1794,0
swapped,g2_1346.tif,6729,119.59,0.0714,0
swapped,g2_1346.tif,6730,98.2,0.4097,0
swapped,g2_1346.tif,6731,114.14,0.0739,0
a twice,g2_1346.tif,6727,75.81,0.0,0
a twice,g2_1346.tif,6728,75.79,0.035,0
a twice,g2_1346.tif,6729,119.59,0.1429,0
a twice,g2_1346.tif,6730,98.2,0.3774,0
a twice,g2_1346.tif,6731,114.14,0.2646,0
b twice,g2_1346.tif,6727,75.81,0.0,0
b twice,g2_1346.tif,6728,75.79,0.0,0
b twice,g2_1346.tif,6729,119.59,0.0,0
b twice,g2_1346.tif,6730,98.2,0.1613,0
b twice,g2_1346.tif,6731,114.14,0.0,0
shipped,g2_1348.tif,6737,32.11,0.0,0
shipped,g2_1348.tif,6738,42.47,0.0,0
shipped,g2_1348.tif,6739,42.47,0.0,0
shipped,g2_1348.tif,6740,42.47,0.1842,0
shipped,g2_1348.tif,6741,37.61,0.0,0
swapped,g2_1348.tif,6737,32.11,0.2159,0
swapped,g2_1348.tif,6738,42.47,0.2869,0
swapped,g2_1348.tif,6739,42.47,0.3136,0
swapped,g2_1348.tif,6740,42.47,0.3158,0
swapped,g2_1348.tif,6741,37.61,0.0,0
a twice,g2_1348.tif,6737,32.11,0.3864,0
a twice,g2_1348.tif,6738,42.47,0.3304,0
a twice,g2_1348.tif,6739,42.47,0.2479,0
a twice,g2_1348.tif,6740,42.47,0.4474,0
a twice,g2_1348.tif,6741,37.61,0.0,0
b twice,g2_1348.tif,6737,32.11,0.0,0
b twice,g2_1348.tif,6738,42.47,0.0,0
b twice,g2_1348.tif,6739,42.47,0.0,0
b twice,g2_1348.tif,6740,42.47,0.0,0
b twice,g2_1348.tif,6741,37.61,0.0,0
shipped,g2_1352.tif,6757,64.45,0.0,0
shipped,g2_1352.tif,6758,64.45,0.0,0
shipped,g2_1352.tif,6759,64.61,0.0,0
shipped,g2_1352.tif,6760,79.54,0.0,0
shipped,g2_1352.tif,6761,32.16,0.0,0
swapped,g2_1352.tif,6757,64.45,0.1261,0
swapped,g2_1352.tif,6758,64.45,0.1855,0
swapped,g2_1352.tif,6759,64.61,0.1161,0
swapped,g2_1352.tif,6760,79.54,0.1754,0
swapped,g2_1352.tif,6761,32.16,0.0405,0
a twice,g2_1352.tif,6757,64.45,0.1306,0
a twice,g2_1352.tif,6758,64.45,0.0649,0
a twice,g2_1352.tif,6759,64.61,0.1701,0
a twice,g2_1352.tif,6760,79.54,0.0,0
a twice,g2_1352.tif,6761,32.16,0.0,0
b twice,g2_1352.tif,6757,64.45,0.1802,0
b twice,g2_1352.tif,6758,64.45,0.3348,0
b twice,g2_1352.tif,6759,64.61,0.318,0
b twice,g2_1352.tif,6760,79.54,0.1351,0
b twice,g2_1352.tif,6761,32.16,0.0435,0
shipped,g2_1364.tif,6817,47.99,0.0,0
shipped,g2_1364.tif,6818,20.98,0.0,0
shipped,g2_1364.tif,6819,28.19,0.0,0
shipped,g2_1364.tif,6820,30.17,0.0,0
shipped,g2_1364.tif,6821,43.74,0.0,0
swapped,g2_1364.tif,6817,47.99,0.0,0
swapped,g2_1364.tif,6818,20.98,0.0,0
swapped,g2_1364.tif,6819,28.19,0.0,0
swapped,g2_1364.tif,6820,30.17,0.0,0
swapped,g2_1364.tif,6821,43.74,0.0,0
a twice,g2_1364.tif,6817,47.99,0.0,0
a twice,g2_1364.tif,6818,20.98,0.0,0
a twice,g2_1364.tif,6819,28.19,0.0,0
a twice,g2_1364.tif,6820,30.17,0.0,0
a twice,g2_1364.tif,6821,43.74,0.0,0
b twice,g2_1364.tif,6817,47.99,0.0,0
b twice,g2_1364.tif,6818,20.98,0.0,0
b twice,g2_1364.tif,6819,28.19,0.0,0
b twice,g2_1364.tif,6820,30.17,0.0,0
b twice,g2_1364.tif,6821,43.74,0.0,0
shipped,g2_1368.tif,6837,28.45,0.0,0
shipped,g2_1368.tif,6838,21.21,0.0,0
shipped,g2_1368.tif,6839,21.21,0.0,0
shipped,g2_1368.tif,6840,21.21,0.0,0
shipped,g2_1368.tif,6841,21.21,0.0,0
swapped,g2_1368.tif,6837,28.45,0.0,0
swapped,g2_1368.tif,6838,21.21,0.0,0
swapped,g2_1368.tif,6839,21.21,0.0,0
swapped,g2_1368.tif,6840,21.21,0.0,0
swapped,g2_1368.tif,6841,21.21,0.0,0
a twice,g2_1368.tif,6837,28.45,0.0,0
a twice,g2_1368.tif,6838,21.21,0.0,0
a twice,g2_1368.tif,6839,21.21,0.0,0
a twice,g2_1368.tif,6840,21.21,0.0,0
a twice,g2_1368.tif,6841,21.21,0.0,0
b twice,g2_1368.tif,6837,28.45,0.0,0
b twice,g2_1368.tif,6838,21.21,0.0,0
b twice,g2_1368.tif,6839,21.21,0.0,0
b twice,g2_1368.tif,6840,21.21,0.0,0
b twice,g2_1368.tif,6841,21.21,0.0,0
shipped,g2_1374.tif,6867,30.73,0.0,0
shipped,g2_1374.tif,6868,30.73,0.0,0
shipped,g2_1374.tif,6869,28.65,0.0,0
shipped,g2_1374.tif,6870,30.73,0.0,0
shipped,g2_1374.tif,6871,30.8,0.0,0
swapped,g2_1374.tif,6867,30.73,0.0,0
swapped,g2_1374.tif,6868,30.73,0.0,0
swapped,g2_1374.tif,6869,28.65,0.0,0
swapped,g2_1374.tif,6870,30.73,0.0,0
swapped,g2_1374.tif,6871,30.8,0.0,0
a twice,g2_1374.tif,6867,30.73,0.0,0
a twice,g2_1374.tif,6868,30.73,0.0,0
a twice,g2_1374.tif,6869,28.65,0.0,0
a twice,g2_1374.tif,6870,30.73,0.0,0
a twice,g2_1374.tif,6871,30.8,0.0,0
b twice,g2_1374.tif,6867,30.73,0.0,0
b twice,g2_1374.tif,6868,30.73,0.0,0
b twice,g2_1374.tif,6869,28.65,0.0,0
b twice,g2_1374.tif,6870,30.73,0.0,0
b twice,g2_1374.tif,6871,30.8,0.0,0
shipped,g2_1376.tif,6877,37.65,0.0579,0
shipped,g2_1376.tif,6878,67.74,0.0,0
shipped,g2_1376.tif,6879,70.47,0.0551,0
shipped,g2_1376.tif,6880,59.11,0.0,0
shipped,g2_1376.tif,6881,108.3,0.27,0
swapped,g2_1376.tif,6877,37.65,0.0,0
swapped,g2_1376.tif,6878,67.74,0.0,0
swapped,g2_1376.tif,6879,70.47,0.0314,0
swapped,g2_1376.tif,6880,59.11,0.0,0
swapped,g2_1376.tif,6881,108.3,0.0,0
a twice,g2_1376.tif,6877,37.65,0.1214,0
a twice,g2_1376.tif,6878,67.74,0.2007,0
a twice,g2_1376.tif,6879,70.47,0.1789,0
a twice,g2_1376.tif,6880,59.11,0.1865,0
a twice,g2_1376.tif,6881,108.3,0.3025,0
b twice,g2_1376.tif,6877,37.65,0.1676,0
b twice,g2_1376.tif,6878,67.74,0.0032,0
b twice,g2_1376.tif,6879,70.47,0.0076,0
b twice,g2_1376.tif,6880,59.11,0.0,0
b twice,g2_1376.tif,6881,108.3,0.0959,0
shipped,g2_1380.tif,6897,63.05,0.3231,0
shipped,g2_1380.tif,6898,56.27,0.2598,0
shipped,g2_1380.tif,6899,65.2,0.2946,0
shipped,g2_1380.tif,6900,55.06,0.2773,0
shipped,g2_1380.tif,6901,65.2,0.32,0
swapped,g2_1380.tif,6897,63.05,0.2846,0
swapped,g2_1380.tif,6898,56.27,0.1339,0
swapped,g2_1380.tif,6899,65.2,0.2868,0
swapped,g2_1380.tif,6900,55.06,0.2941,0
swapped,g2_1380.tif,6901,65.2,0.3152,0
a twice,g2_1380.tif,6897,63.05,0.1385,0
a twice,g2_1380.tif,6898,56.27,0.0,0
a twice,g2_1380.tif,6899,65.2,0.0,0
a twice,g2_1380.tif,6900,55.06,0.2857,0
a twice,g2_1380.tif,6901,65.2,0.2578,0
b twice,g2_1380.tif,6897,63.05,0.08,0
b twice,g2_1380.tif,6898,56.27,0.2067,0
b twice,g2_1380.tif,6899,65.2,0.1904,0
b twice,g2_1380.tif,6900,55.06,0.1591,0
b twice,g2_1380.tif,6901,65.2,0.1613,0
shipped,g2_1384.tif,6917,151.6,0.0,0
shipped,g2_1384.tif,6918,30.52,0.0,0
shipped,g2_1384.tif,6919,91.85,0.0714,0
shipped,g2_1384.tif,6920,115.88,0.0,0
shipped,g2_1384.tif,6921,103.09,0.0641,0
swapped,g2_1384.tif,6917,151.6,0.0296,0
swapped,g2_1384.tif,6918,30.52,0.0,0
swapped,g2_1384.tif,6919,91.85,0.0029,0
swapped,g2_1384.tif,6920,115.88,0.0,0
swapped,g2_1384.tif,6921,103.09,0.1727,0
a twice,g2_1384.tif,6917,151.6,0.2773,0
a twice,g2_1384.tif,6918,30.52,0.0739,0
a twice,g2_1384.tif,6919,91.85,0.1803,0
a twice,g2_1384.tif,6920,115.88,0.4143,0
a twice,g2_1384.tif,6921,103.09,0.3224,0
b twice,g2_1384.tif,6917,151.6,0.0,0
b twice,g2_1384.tif,6918,30.52,0.0552,0
b twice,g2_1384.tif,6919,91.85,0.0,0
b twice,g2_1384.tif,6920,115.88,0.1908,0
b twice,g2_1384.tif,6921,103.09,0.0,0
shipped,g2_1386.tif,6927,48.53,0.0,0
shipped,g2_1386.tif,6928,45.75,0.0,0
shipped,g2_1386.tif,6929,45.75,0.0,0
shipped,g2_1386.tif,6930,55.02,0.1419,0
shipped,g2_1386.tif,6931,56.26,0.0,0
swapped,g2_1386.tif,6927,48.53,0.0979,0
swapped,g2_1386.tif,6928,45.75,0.102,0
swapped,g2_1386.tif,6929,45.75,0.2662,0
swapped,g2_1386.tif,6930,55.02,0.3446,0
swapped,g2_1386.tif,6931,56.26,0.1055,0
a twice,g2_1386.tif,6927,48.53,0.0944,0
a twice,g2_1386.tif,6928,45.75,0.0366,0
a twice,g2_1386.tif,6929,45.75,0.0,0
a twice,g2_1386.tif,6930,55.02,0.3311,0
a twice,g2_1386.tif,6931,56.26,0.0813,0
b twice,g2_1386.tif,6927,48.53,0.0505,0
b twice,g2_1386.tif,6928,45.75,0.0199,0
b twice,g2_1386.tif,6929,45.75,0.0,0
b twice,g2_1386.tif,6930,55.02,0.0055,0
b twice,g2_1386.tif,6931,56.26,0.0135,0
shipped,g2_1393.tif,6962,48.44,0.0,0
shipped,g2_1393.tif,6963,48.44,0.0,0
shipped,g2_1393.tif,6964,32.46,0.0,0
shipped,g2_1393.tif,6965,37.88,0.0,0
shipped,g2_1393.tif,6966,59.57,0.0,0
swapped,g2_1393.tif,6962,48.44,0.0,0
swapped,g2_1393.tif,6963,48.44,0.0,0
swapped,g2_1393.tif,6964,32.46,0.0,0
swapped,g2_1393.tif,6965,37.88,0.0,0
swapped,g2_1393.tif,6966,59.57,0.0,0
a twice,g2_1393.tif,6962,48.44,0.0,0
a twice,g2_1393.tif,6963,48.44,0.0,0
a twice,g2_1393.tif,6964,32.46,0.0,0
a twice,g2_1393.tif,6965,37.88,0.0,0
a twice,g2_1393.tif,6966,59.57,0.0702,0
b twice,g2_1393.tif,6962,48.44,0.0,0
b twice,g2_1393.tif,6963,48.44,0.0,0
b twice,g2_1393.tif,6964,32.46,0.0,0
b twice,g2_1393.tif,6965,37.88,0.0,0
b twice,g2_1393.tif,6966,59.57,0.0,0
shipped,g2_1395.tif,6972,18.21,0.0,0
shipped,g2_1395.tif,6973,28.21,0.0,0
shipped,g2_1395.tif,6974,42.47,0.0,0
shipped,g2_1395.tif,6975,28.21,0.0,0
shipped,g2_1395.tif,6976,21.06,0.0,0
swapped,g2_1395.tif,6972,18.21,0.0,0
swapped,g2_1395.tif,6973,28.21,0.0,0
swapped,g2_1395.tif,6974,42.47,0.0,0
swapped,g2_1395.tif,6975,28.21,0.0,0
swapped,g2_1395.tif,6976,21.06,0.0,0
a twice,g2_1395.tif,6972,18.21,0.0,0
a twice,g2_1395.tif,6973,28.21,0.0,0
a twice,g2_1395.tif,6974,42.47,0.0,0
a twice,g2_1395.tif,6975,28.21,0.0,0
a twice,g2_1395.tif,6976,21.06,0.0,0
b twice,g2_1395.tif,6972,18.21,0.0,0
b twice,g2_1395.tif,6973,28.21,0.0,0
b twice,g2_1395.tif,6974,42.47,0.0,0
b twice,g2_1395.tif,6975,28.21,0.0,0
b twice,g2_1395.tif,6976,21.06,0.0,0
shipped,g2_1398.tif,6987,103.42,0.3573,0
shipped,g2_1398.tif,6988,79.67,0.1581,0
shipped,g2_1398.tif,6989,91.92,0.1384,0
shipped,g2_1398.tif,6990,56.37,0.2367,0
shipped,g2_1398.tif,6991,168.8,0.1217,0
shipped,g2_1398.tif,6992,103.21,0.5619,1
swapped,g2_1398.tif,6987,103.42,0.2398,0
swapped,g2_1398.tif,6988,79.67,0.2048,0
swapped,g2_1398.tif,6989,91.92,0.1631,0
swapped,g2_1398.tif,6990,56.37,0.3382,0
swapped,g2_1398.tif,6991,168.8,0.6235,1
swapped,g2_1398.tif,6992,103.21,0.4717,0
a twice,g2_1398.tif,6987,103.42,0.0,0
a twice,g2_1398.tif,6988,79.67,0.4465,0
a twice,g2_1398.tif,6989,91.92,0.1285,0
a twice,g2_1398.tif,6990,56.37,0.0,0
a twice,g2_1398.tif,6991,168.8,0.2448,0
a twice,g2_1398.tif,6992,103.21,0.2082,0
b twice,g2_1398.tif,6987,103.42,0.4673,0
b twice,g2_1398.tif,6988,79.67,0.0538,0
b twice,g2_1398.tif,6989,91.92,0.0302,0
b twice,g2_1398.tif,6990,56.37,0.1256,0
b twice,g2_1398.tif,6991,168.8,0.4689,0
b twice,g2_1398.tif,6992,103.21,0.0553,0
shipped,g2_1404.tif,7018,37.88,0.0,0
shipped,g2_1404.tif,7019,48.26,0.0,0
shipped,g2_1404.tif,7020,42.78,0.0,0
shipped,g2_1404.tif,7021,42.46,0.2386,0
shipped,g2_1404.tif,7022,37.77,0.0,0
swapped,g2_1404.tif,7018,37.88,0.0,0
swapped,g2_1404.tif,7019,48.26,0.0,0
swapped,g2_1404.tif,7020,42.78,0.0,0
swapped,g2_1404.tif,7021,42.46,0.0,0
swapped,g2_1404.tif,7022,37.77,0.0,0
a twice,g2_1404.tif,7018,37.88,0.0,0
a twice,g2_1404.tif,7019,48.26,0.0,0
a twice,g2_1404.tif,7020,42.78,0.0,0
a twice,g2_1404.tif,7021,42.46,0.1818,0
a twice,g2_1404.tif,7022,37.77,0.0,0
b twice,g2_1404.tif,7018,37.88,0.3,0
b twice,g2_1404.tif,7019,48.26,0.0,0
b twice,g2_1404.tif,7020,42.78,0.0,0
b twice,g2_1404.tif,7021,42.46,0.0,0
b twice,g2_1404.tif,7022,37.77,0.0,0
shipped,g2_1418.tif,7088,59.42,0.0,0
shipped,g2_1418.tif,7089,54.66,0.0,0
shipped,g2_1418.tif,7090,30.34,0.0,0
shipped,g2_1418.tif,7091,43.97,0.0,0
shipped,g2_1418.tif,7092,45.48,0.0,0
swapped,g2_1418.tif,7088,59.42,0.1042,0
swapped,g2_1418.tif,7089,54.66,0.1359,0
swapped,g2_1418.tif,7090,30.34,0.0,0
swapped,g2_1418.tif,7091,43.97,0.0,0
swapped,g2_1418.tif,7092,45.48,0.0,0
a twice,g2_1418.tif,7088,59.42,0.2153,0
a twice,g2_1418.tif,7089,54.66,0.1942,0
a twice,g2_1418.tif,7090,30.34,0.0,0
a twice,g2_1418.tif,7091,43.97,0.0,0
a twice,g2_1418.tif,7092,45.48,0.0,0
b twice,g2_1418.tif,7088,59.42,0.1042,0
b twice,g2_1418.tif,7089,54.66,0.3093,0
b twice,g2_1418.tif,7090,30.34,0.0,0
b twice,g2_1418.tif,7091,43.97,0.0,0
b twice,g2_1418.tif,7092,45.48,0.0,0
shipped,g2_1433.tif,7163,30.15,0.1429,0
shipped,g2_1433.tif,7164,32.09,0.1593,0
shipped,g2_1433.tif,7165,42.04,0.0,0
shipped,g2_1433.tif,7166,30.15,0.0,0
shipped,g2_1433.tif,7167,42.04,0.1338,0
swapped,g2_1433.tif,7163,30.15,0.4071,0
swapped,g2_1433.tif,7164,32.09,0.2987,0
swapped,g2_1433.tif,7165,42.04,0.0964,0
swapped,g2_1433.tif,7166,30.15,0.0,0
swapped,g2_1433.tif,7167,42.04,0.2431,0
a twice,g2_1433.tif,7163,30.15,0.2885,0
a twice,g2_1433.tif,7164,32.09,0.4115,0
a twice,g2_1433.tif,7165,42.04,0.1736,0
a twice,g2_1433.tif,7166,30.15,0.1636,0
a twice,g2_1433.tif,7167,42.04,0.3838,0
b twice,g2_1433.tif,7163,30.15,0.4701,0
b twice,g2_1433.tif,7164,32.09,0.1513,0
b twice,g2_1433.tif,7165,42.04,0.0,0
b twice,g2_1433.tif,7166,30.15,0.0,0
b twice,g2_1433.tif,7167,42.04,0.0,0
shipped,g2_1439.tif,7193,45.38,0.0,0
shipped,g2_1439.tif,7194,37.67,0.0,0
shipped,g2_1439.tif,7195,37.67,0.0,0
shipped,g2_1439.tif,7196,32.3,0.0,0
shipped,g2_1439.tif,7197,32.3,0.2778,0
swapped,g2_1439.tif,7193,45.38,0.2651,0
swapped,g2_1439.tif,7194,37.67,0.0,0
swapped,g2_1439.tif,7195,37.67,0.0,0
swapped,g2_1439.tif,7196,32.3,0.0,0
swapped,g2_1439.tif,7197,32.3,0.2222,0
a twice,g2_1439.tif,7193,45.38,0.0,0
a twice,g2_1439.tif,7194,37.67,0.0,0
a twice,g2_1439.tif,7195,37.67,0.0,0
a twice,g2_1439.tif,7196,32.3,0.0,0
a twice,g2_1439.tif,7197,32.3,0.0,0
b twice,g2_1439.tif,7193,45.38,0.5057,1
b twice,g2_1439.tif,7194,37.67,0.025,0
b twice,g2_1439.tif,7195,37.67,0.008,0
b twice,g2_1439.tif,7196,32.3,0.2182,0
b twice,g2_1439.tif,7197,32.3,0.2703,0
shipped,g2_1451.tif,7253,44.37,0.0,0
shipped,g2_1451.tif,7254,45.77,0.0,0
shipped,g2_1451.tif,7255,30.62,0.0,0
shipped,g2_1451.tif,7256,59.68,0.0,0
shipped,g2_1451.tif,7257,67.35,0.0,0
swapped,g2_1451.tif,7253,44.37,0.25,0
swapped,g2_1451.tif,7254,45.77,0.0,0
swapped,g2_1451.tif,7255,30.62,0.0,0
swapped,g2_1451.tif,7256,59.68,0.0,0
swapped,g2_1451.tif,7257,67.35,0.0,0
a twice,g2_1451.tif,7253,44.37,0.3534,0
a twice,g2_1451.tif,7254,45.77,0.0,0
a twice,g2_1451.tif,7255,30.62,0.0,0
a twice,g2_1451.tif,7256,59.68,0.1053,0
a twice,g2_1451.tif,7257,67.35,0.1883,0
b twice,g2_1451.tif,7253,44.37,0.3983,0
b twice,g2_1451.tif,7254,45.77,0.0,0
b twice,g2_1451.tif,7255,30.62,0.0,0
b twice,g2_1451.tif,7256,59.68,0.0,0
b twice,g2_1451.tif,7257,67.35,0.0,0
shipped,g2_1467.tif,7333,32.48,0.0,0
shipped,g2_1467.tif,7334,37.92,0.0,0
shipped,g2_1467.tif,7335,44.25,0.0,0
shipped,g2_1467.tif,7336,44.21,0.0,0
shipped,g2_1467.tif,7337,44.25,0.0,0
swapped,g2_1467.tif,7333,32.48,0.0,0
swapped,g2_1467.tif,7334,37.92,0.0,0
swapped,g2_1467.tif,7335,44.25,0.0,0
swapped,g2_1467.tif,7336,44.21,0.0,0
swapped,g2_1467.tif,7337,44.25,0.0,0
a twice,g2_1467.tif,7333,32.48,0.0,0
a twice,g2_1467.tif,7334,37.92,0.0,0
a twice,g2_1467.tif,7335,44.25,0.1615,0
a twice,g2_1467.tif,7336,44.21,0.1441,0
a twice,g2_1467.tif,7337,44.25,0.3514,0
b twice,g2_1467.tif,7333,32.48,0.0,0
b twice,g2_1467.tif,7334,37.92,0.0,0
b twice,g2_1467.tif,7335,44.25,0.0,0
b twice,g2_1467.tif,7336,44.21,0.0,0
b twice,g2_1467.tif,7337,44.25,0.0,0
shipped,g2_1471.tif,7353,30.26,0.0,0
shipped,g2_1471.tif,7354,37.48,0.0,0
shipped,g2_1471.tif,7355,30.26,0.0,0
shipped,g2_1471.tif,7356,30.13,0.0,0
shipped,g2_1471.tif,7357,30.13,0.0,0
swapped,g2_1471.tif,7353,30.26,0.0,0
swapped,g2_1471.tif,7354,37.48,0.0,0
swapped,g2_1471.tif,7355,30.26,0.0,0
swapped,g2_1471.tif,7356,30.13,0.0,0
swapped,g2_1471.tif,7357,30.13,0.0,0
a twice,g2_1471.tif,7353,30.26,0.0,0
a twice,g2_1471.tif,7354,37.48,0.0,0
a twice,g2_1471.tif,7355,30.26,0.0,0
a twice,g2_1471.tif,7356,30.13,0.0,0
a twice,g2_1471.tif,7357,30.13,0.0,0
b twice,g2_1471.tif,7353,30.26,0.0,0
b twice,g2_1471.tif,7354,37.48,0.0,0
b twice,g2_1471.tif,7355,30.26,0.0,0
b twice,g2_1471.tif,7356,30.13,0.0,0
b twice,g2_1471.tif,7357,30.13,0.0,0
shipped,g2_1474.tif,7368,37.44,0.0,0
shipped,g2_1474.tif,7369,42.19,0.0,0
shipped,g2_1474.tif,7370,32.1,0.0,0
shipped,g2_1474.tif,7371,28.07,0.0,0
shipped,g2_1474.tif,7372,32.1,0.0,0
swapped,g2_1474.tif,7368,37.44,0.0,0
swapped,g2_1474.tif,7369,42.19,0.0,0
swapped,g2_1474.tif,7370,32.1,0.0,0
swapped,g2_1474.tif,7371,28.07,0.0,0
swapped,g2_1474.tif,7372,32.1,0.0,0
a twice,g2_1474.tif,7368,37.44,0.0,0
a twice,g2_1474.tif,7369,42.19,0.0,0
a twice,g2_1474.tif,7370,32.1,0.0,0
a twice,g2_1474.tif,7371,28.07,0.0,0
a twice,g2_1474.tif,7372,32.1,0.0,0
b twice,g2_1474.tif,7368,37.44,0.0,0
b twice,g2_1474.tif,7369,42.19,0.0,0
b twice,g2_1474.tif,7370,32.1,0.0,0
b twice,g2_1474.tif,7371,28.07,0.0,0
b twice,g2_1474.tif,7372,32.1,0.0,0
shipped,g2_1475.tif,7373,68.17,0.1005,0
shipped,g2_1475.tif,7374,67.16,0.2463,0
shipped,g2_1475.tif,7375,67.16,0.1321,0
shipped,g2_1475.tif,7376,68.17,0.2225,0
shipped,g2_1475.tif,7377,71.12,0.0929,0
swapped,g2_1475.tif,7373,68.17,0.1057,0
swapped,g2_1475.tif,7374,67.16,0.2703,0
swapped,g2_1475.tif,7375,67.16,0.25,0
swapped,g2_1475.tif,7376,68.17,0.2412,0
swapped,g2_1475.tif,7377,71.12,0.0861,0
a twice,g2_1475.tif,7373,68.17,0.194,0
a twice,g2_1475.tif,7374,67.16,0.3954,0
a twice,g2_1475.tif,7375,67.16,0.0472,0
a twice,g2_1475.tif,7376,68.17,0.2651,0
a twice,g2_1475.tif,7377,71.12,0.2083,0
b twice,g2_1475.tif,7373,68.17,0.0,0
b twice,g2_1475.tif,7374,67.16,0.0,0
b twice,g2_1475.tif,7375,67.16,0.0,0
b twice,g2_1475.tif,7376,68.17,0.0022,0
b twice,g2_1475.tif,7377,71.12,0.0,0
shipped,g2_1478.tif,7388,48.83,0.0,0
shipped,g2_1478.tif,7389,38.24,0.0,0
shipped,g2_1478.tif,7390,28.66,0.0,0
shipped,g2_1478.tif,7391,38.24,0.0,0
shipped,g2_1478.tif,7392,21.34,0.0,0
swapped,g2_1478.tif,7388,48.83,0.0,0
swapped,g2_1478.tif,7389,38.24,0.0,0
swapped,g2_1478.tif,7390,28.66,0.0,0
swapped,g2_1478.tif,7391,38.24,0.0,0
swapped,g2_1478.tif,7392,21.34,0.0,0
a twice,g2_1478.tif,7388,48.83,0.0,0
a twice,g2_1478.tif,7389,38.24,0.0,0
a twice,g2_1478.tif,7390,28.66,0.0,0
a twice,g2_1478.tif,7391,38.24,0.0,0
a twice,g2_1478.tif,7392,21.34,0.0,0
b twice,g2_1478.tif,7388,48.83,0.1609,0
b twice,g2_1478.tif,7389,38.24,0.2632,0
b twice,g2_1478.tif,7390,28.66,0.0,0
b twice,g2_1478.tif,7391,38.24,0.0,0
b twice,g2_1478.tif,7392,21.34,0.0,0
shipped,g2_1488.tif,7438,54.24,0.0,0
shipped,g2_1488.tif,7439,54.24,0.0,0
shipped,g2_1488.tif,7440,67.3,0.0,0
shipped,g2_1488.tif,7441,30.25,0.17,0
shipped,g2_1488.tif,7442,64.32,0.0,0
swapped,g2_1488.tif,7438,54.24,0.0,0
swapped,g2_1488.tif,7439,54.24,0.0,0
swapped,g2_1488.tif,7440,67.3,0.0,0
swapped,g2_1488.tif,7441,30.25,0.0,0
swapped,g2_1488.tif,7442,64.32,0.0,0
a twice,g2_1488.tif,7438,54.24,0.1845,0
a twice,g2_1488.tif,7439,54.24,0.2936,0
a twice,g2_1488.tif,7440,67.3,0.4318,0
a twice,g2_1488.tif,7441,30.25,0.19,0
a twice,g2_1488.tif,7442,64.32,0.494,0
b twice,g2_1488.tif,7438,54.24,0.181,0
b twice,g2_1488.tif,7439,54.24,0.0171,0
b twice,g2_1488.tif,7440,67.3,0.0,0
b twice,g2_1488.tif,7441,30.25,0.0,0
b twice,g2_1488.tif,7442,64.32,0.0,0
shipped,g2_1500.tif,7498,21.06,0.0,0
shipped,g2_1500.tif,7499,43.95,0.0,0
shipped,g2_1500.tif,7500,32.31,0.0,0
shipped,g2_1500.tif,7501,37.68,0.0,0
shipped,g2_1500.tif,7502,93.96,0.0,0
swapped,g2_1500.tif,7498,21.06,0.0,0
swapped,g2_1500.tif,7499,43.95,0.0,0
swapped,g2_1500.tif,7500,32.31,0.0,0
swapped,g2_1500.tif,7501,37.68,0.0,0
swapped,g2_1500.tif,7502,93.96,0.0,0
a twice,g2_1500.tif,7498,21.06,0.0,0
a twice,g2_1500.tif,7499,43.95,0.0,0
a twice,g2_1500.tif,7500,32.31,0.0,0
a twice,g2_1500.tif,7501,37.68,0.0,0
a twice,g2_1500.tif,7502,93.96,0.0,0
b twice,g2_1500.tif,7498,21.06,0.0,0
b twice,g2_1500.tif,7499,43.95,0.0,0
b twice,g2_1500.tif,7500,32.31,0.0,0
b twice,g2_1500.tif,7501,37.68,0.0,0
b twice,g2_1500.tif,7502,93.96,0.0,0
shipped,g2_1511.tif,7553,79.37,0.2316,0
shipped,g2_1511.tif,7554,152.49,0.7644,1
shipped,g2_1511.tif,7555,132.44,0.4435,0
shipped,g2_1511.tif,7556,164.82,0.75,1
shipped,g2_1511.tif,7557,102.66,0.0892,0
swapped,g2_1511.tif,7553,79.37,0.1017,0
swapped,g2_1511.tif,7554,152.49,0.3044,0
swapped,g2_1511.tif,7555,132.44,0.2038,0
swapped,g2_1511.tif,7556,164.82,0.2014,0
swapped,g2_1511.tif,7557,102.66,0.0901,0
a twice,g2_1511.tif,7553,79.37,0.0994,0
a twice,g2_1511.tif,7554,152.49,0.2714,0
a twice,g2_1511.tif,7555,132.44,0.2293,0
a twice,g2_1511.tif,7556,164.82,0.7317,1
a twice,g2_1511.tif,7557,102.66,0.0555,0
b twice,g2_1511.tif,7553,79.37,0.012,0
b twice,g2_1511.tif,7554,152.49,0.0614,0
b twice,g2_1511.tif,7555,132.44,0.0531,0
b twice,g2_1511.tif,7556,164.82,0.2595,0
b twice,g2_1511.tif,7557,102.66,0.0274,0
shipped,g2_1516.tif,7578,18.09,0.0,0
shipped,g2_1516.tif,7579,18.09,0.0,0
shipped,g2_1516.tif,7580,30.14,0.0,0
shipped,g2_1516.tif,7581,30.14,0.0,0
shipped,g2_1516.tif,7582,30.14,0.0,0
swapped,g2_1516.tif,7578,18.09,0.0,0
swapped,g2_1516.tif,7579,18.09,0.0,0
swapped,g2_1516.tif,7580,30.14,0.0,0
swapped,g2_1516.tif,7581,30.14,0.0,0
swapped,g2_1516.tif,7582,30.14,0.0,0
a twice,g2_1516.tif,7578,18.09,0.0,0
a twice,g2_1516.tif,7579,18.09,0.0,0
a twice,g2_1516.tif,7580,30.14,0.225,0
a twice,g2_1516.tif,7581,30.14,0.12,0
a twice,g2_1516.tif,7582,30.14,0.1739,0
b twice,g2_1516.tif,7578,18.09,0.0,0
b twice,g2_1516.tif,7579,18.09,0.0,0
b twice,g2_1516.tif,7580,30.14,0.0,0
b twice,g2_1516.tif,7581,30.14,0.0,0
b twice,g2_1516.tif,7582,30.14,0.0,0
shipped,g2_1517.tif,7583,70.68,0.1071,0
shipped,g2_1517.tif,7584,70.78,0.2893,0
shipped,g2_1517.tif,7585,54.63,0.0,0
shipped,g2_1517.tif,7586,88.78,0.1274,0
shipped,g2_1517.tif,7587,108.53,0.3119,0
swapped,g2_1517.tif,7583,70.68,0.1429,0
swapped,g2_1517.tif,7584,70.78,0.4692,0
swapped,g2_1517.tif,7585,54.63,0.0,0
swapped,g2_1517.tif,7586,88.78,0.31,0
swapped,g2_1517.tif,7587,108.53,0.3169,0
a twice,g2_1517.tif,7583,70.68,0.3234,0
a twice,g2_1517.tif,7584,70.78,0.1849,0
a twice,g2_1517.tif,7585,54.63,0.125,0
a twice,g2_1517.tif,7586,88.78,0.0,0
a twice,g2_1517.tif,7587,108.53,0.0424,0
b twice,g2_1517.tif,7583,70.68,0.0145,0
b twice,g2_1517.tif,7584,70.78,0.0,0
b twice,g2_1517.tif,7585,54.63,0.0,0
b twice,g2_1517.tif,7586,88.78,0.0,0
b twice,g2_1517.tif,7587,108.53,0.2974,0
shipped,g2_1521.tif,7603,32.3,0.0,0
shipped,g2_1521.tif,7604,28.27,0.0,0
shipped,g2_1521.tif,7605,54.6,0.0,0
shipped,g2_1521.tif,7606,28.27,0.0,0
shipped,g2_1521.tif,7607,30.33,0.0,0
swapped,g2_1521.tif,7603,32.3,0.0,0
swapped,g2_1521.tif,7604,28.27,0.0,0
swapped,g2_1521.tif,7605,54.6,0.0,0
swapped,g2_1521.tif,7606,28.27,0.0,0
swapped,g2_1521.tif,7607,30.33,0.0,0
a twice,g2_1521.tif,7603,32.3,0.0,0
a twice,g2_1521.tif,7604,28.27,0.0,0
a twice,g2_1521.tif,7605,54.6,0.0,0
a twice,g2_1521.tif,7606,28.27,0.0,0
a twice,g2_1521.tif,7607,30.33,0.0,0
b twice,g2_1521.tif,7603,32.3,0.0,0
b twice,g2_1521.tif,7604,28.27,0.0,0
b twice,g2_1521.tif,7605,54.6,0.0,0
b twice,g2_1521.tif,7606,28.27,0.0,0
b twice,g2_1521.tif,7607,30.33,0.0,0
shipped,g2_1523.tif,7613,30.33,0.0,0
shipped,g2_1523.tif,7614,30.33,0.0,0
shipped,g2_1523.tif,7615,32.3,0.0,0
shipped,g2_1523.tif,7616,21.06,0.0,0
shipped,g2_1523.tif,7617,28.25,0.0,0
swapped,g2_1523.tif,7613,30.33,0.0,0
swapped,g2_1523.tif,7614,30.33,0.0,0
swapped,g2_1523.tif,7615,32.3,0.0,0
swapped,g2_1523.tif,7616,21.06,0.0,0
swapped,g2_1523.tif,7617,28.25,0.0,0
a twice,g2_1523.tif,7613,30.33,0.0,0
a twice,g2_1523.tif,7614,30.33,0.0,0
a twice,g2_1523.tif,7615,32.3,0.0,0
a twice,g2_1523.tif,7616,21.06,0.2432,0
a twice,g2_1523.tif,7617,28.25,0.1905,0
b twice,g2_1523.tif,7613,30.33,0.0,0
b twice,g2_1523.tif,7614,30.33,0.0,0
b twice,g2_1523.tif,7615,32.3,0.0,0
b twice,g2_1523.tif,7616,21.06,0.0,0
b twice,g2_1523.tif,7617,28.25,0.0,0
shipped,g2_1527.tif,7633,128.73,0.0,0
shipped,g2_1527.tif,7634,79.35,0.0,0
shipped,g2_1527.tif,7635,118.38,0.0,0
shipped,g2_1527.tif,7636,125.36,0.0,0
shipped,g2_1527.tif,7637,42.73,0.0,0
swapped,g2_1527.tif,7633,128.73,0.0,0
swapped,g2_1527.tif,7634,79.35,0.0,0
swapped,g2_1527.tif,7635,118.38,0.0,0
swapped,g2_1527.tif,7636,125.36,0.0,0
swapped,g2_1527.tif,7637,42.73,0.0,0
a twice,g2_1527.tif,7633,128.73,0.2171,0
a twice,g2_1527.tif,7634,79.35,0.083,0
a twice,g2_1527.tif,7635,118.38,0.1519,0
a twice,g2_1527.tif,7636,125.36,0.1092,0
a twice,g2_1527.tif,7637,42.73,0.3083,0
b twice,g2_1527.tif,7633,128.73,0.1333,0
b twice,g2_1527.tif,7634,79.35,0.0,0
b twice,g2_1527.tif,7635,118.38,0.0,0
b twice,g2_1527.tif,7636,125.36,0.0,0
b twice,g2_1527.tif,7637,42.73,0.0,0
shipped,g2_1535.tif,7673,42.21,0.3582,0
shipped,g2_1535.tif,7674,30.15,0.0,0
shipped,g2_1535.tif,7675,66.72,0.0,0
shipped,g2_1535.tif,7676,54.27,0.0224,0
shipped,g2_1535.tif,7677,30.35,0.0,0
swapped,g2_1535.tif,7673,42.21,0.0,0
swapped,g2_1535.tif,7674,30.15,0.0,0
swapped,g2_1535.tif,7675,66.72,0.0,0
swapped,g2_1535.tif,7676,54.27,0.1377,0
swapped,g2_1535.tif,7677,30.35,0.0,0
a twice,g2_1535.tif,7673,42.21,0.0,0
a twice,g2_1535.tif,7674,30.15,0.0,0
a twice,g2_1535.tif,7675,66.72,0.0,0
a twice,g2_1535.tif,7676,54.27,0.1089,0
a twice,g2_1535.tif,7677,30.35,0.0,0
b twice,g2_1535.tif,7673,42.21,0.03,0
b twice,g2_1535.tif,7674,30.15,0.0,0
b twice,g2_1535.tif,7675,66.72,0.0,0
b twice,g2_1535.tif,7676,54.27,0.0726,0
b twice,g2_1535.tif,7677,30.35,0.0,0
shipped,g2_1538.tif,7688,54.49,0.1261,0
shipped,g2_1538.tif,7689,48.06,0.0886,0
shipped,g2_1538.tif,7690,48.06,0.0667,0
shipped,g2_1538.tif,7691,42.21,0.0,0
shipped,g2_1538.tif,7692,54.27,0.0,0
swapped,g2_1538.tif,7688,54.49,0.0,0
swapped,g2_1538.tif,7689,48.06,0.0,0
swapped,g2_1538.tif,7690,48.06,0.0,0
swapped,g2_1538.tif,7691,42.21,0.0,0
swapped,g2_1538.tif,7692,54.27,0.0,0
a twice,g2_1538.tif,7688,54.49,0.0,0
a twice,g2_1538.tif,7689,48.06,0.0,0
a twice,g2_1538.tif,7690,48.06,0.0,0
a twice,g2_1538.tif,7691,42.21,0.0,0
a twice,g2_1538.tif,7692,54.27,0.0,0
b twice,g2_1538.tif,7688,54.49,0.0,0
b twice,g2_1538.tif,7689,48.06,0.0226,0
b twice,g2_1538.tif,7690,48.06,0.0,0
b twice,g2_1538.tif,7691,42.21,0.0,0
b twice,g2_1538.tif,7692,54.27,0.0,0
shipped,g2_1554.tif,7768,42.75,0.0,0
shipped,g2_1554.tif,7769,30.56,0.0,0
shipped,g2_1554.tif,7770,42.75,0.0,0
shipped,g2_1554.tif,7771,30.54,0.0,0
shipped,g2_1554.tif,7772,54.98,0.0,0
swapped,g2_1554.tif,7768,42.75,0.0,0
swapped,g2_1554.tif,7769,30.56,0.0,0
swapped,g2_1554.tif,7770,42.75,0.0,0
swapped,g2_1554.tif,7771,30.54,0.0,0
swapped,g2_1554.tif,7772,54.98,0.0,0
a twice,g2_1554.tif,7768,42.75,0.0,0
a twice,g2_1554.tif,7769,30.56,0.0,0
a twice,g2_1554.tif,7770,42.75,0.2388,0
a twice,g2_1554.tif,7771,30.54,0.0,0
a twice,g2_1554.tif,7772,54.98,0.1485,0
b twice,g2_1554.tif,7768,42.75,0.0,0
b twice,g2_1554.tif,7769,30.56,0.0,0
b twice,g2_1554.tif,7770,42.75,0.0,0
b twice,g2_1554.tif,7771,30.54,0.0,0
b twice,g2_1554.tif,7772,54.98,0.0,0
shipped,g2_1557.tif,7783,21.03,0.0,0
shipped,g2_1557.tif,7784,21.06,0.0,0
shipped,g2_1557.tif,7785,37.62,0.0,0
shipped,g2_1557.tif,7786,30.34,0.0,0
shipped,g2_1557.tif,7787,32.24,0.0,0
swapped,g2_1557.tif,7783,21.03,0.1333,0
swapped,g2_1557.tif,7784,21.06,0.4286,0
swapped,g2_1557.tif,7785,37.62,0.0,0
swapped,g2_1557.tif,7786,30.34,0.0,0
swapped,g2_1557.tif,7787,32.24,0.0,0
a twice,g2_1557.tif,7783,21.03,0.1,0
a twice,g2_1557.tif,7784,21.06,0.4,0
a twice,g2_1557.tif,7785,37.62,0.0,0
a twice,g2_1557.tif,7786,30.34,0.0,0
a twice,g2_1557.tif,7787,32.24,0.0,0
b twice,g2_1557.tif,7783,21.03,0.1,0
b twice,g2_1557.tif,7784,21.06,0.2857,0
b twice,g2_1557.tif,7785,37.62,0.0,0
b twice,g2_1557.tif,7786,30.34,0.0242,0
b twice,g2_1557.tif,7787,32.24,0.0458,0
shipped,g2_1568.tif,7838,32.09,0.0,0
shipped,g2_1568.tif,7839,30.08,0.0,0
shipped,g2_1568.tif,7840,37.39,0.0,0
shipped,g2_1568.tif,7841,30.08,0.0,0
shipped,g2_1568.tif,7842,30.08,0.0,0
swapped,g2_1568.tif,7838,32.09,0.0,0
swapped,g2_1568.tif,7839,30.08,0.0,0
swapped,g2_1568.tif,7840,37.39,0.0,0
swapped,g2_1568.tif,7841,30.08,0.0,0
swapped,g2_1568.tif,7842,30.08,0.0,0
a twice,g2_1568.tif,7838,32.09,0.1449,0
a twice,g2_1568.tif,7839,30.08,0.2982,0
a twice,g2_1568.tif,7840,37.39,0.0,0
a twice,g2_1568.tif,7841,30.08,0.0,0
a twice,g2_1568.tif,7842,30.08,0.0,0
b twice,g2_1568.tif,7838,32.09,0.0,0
b twice,g2_1568.tif,7839,30.08,0.0,0
b twice,g2_1568.tif,7840,37.39,0.0,0
b twice,g2_1568.tif,7841,30.08,0.0,0
b twice,g2_1568.tif,7842,30.08,0.0,0
shipped,g2_1602.tif,8008,20.94,0.0,0
shipped,g2_1602.tif,8009,20.94,0.0,0
shipped,g2_1602.tif,8010,30.2,0.0,0
shipped,g2_1602.tif,8011,43.76,0.0,0
shipped,g2_1602.tif,8012,32.15,0.0,0
swapped,g2_1602.tif,8008,20.94,0.0,0
swapped,g2_1602.tif,8009,20.94,0.0,0
swapped,g2_1602.tif,8010,30.2,0.0,0
swapped,g2_1602.tif,8011,43.76,0.0,0
swapped,g2_1602.tif,8012,32.15,0.0,0
a twice,g2_1602.tif,8008,20.94,0.0,0
a twice,g2_1602.tif,8009,20.94,0.0,0
a twice,g2_1602.tif,8010,30.2,0.0,0
a twice,g2_1602.tif,8011,43.76,0.3626,0
a twice,g2_1602.tif,8012,32.15,0.2273,0
b twice,g2_1602.tif,8008,20.94,0.0,0
b twice,g2_1602.tif,8009,20.94,0.0,0
b twice,g2_1602.tif,8010,30.2,0.0,0
b twice,g2_1602.tif,8011,43.76,0.0,0
b twice,g2_1602.tif,8012,32.15,0.0,0
shipped,g2_1604.tif,8018,30.66,0.0,0
shipped,g2_1604.tif,8019,18.4,0.0,0
shipped,g2_1604.tif,8020,18.4,0.0,0
shipped,g2_1604.tif,8021,28.7,0.0,0
shipped,g2_1604.tif,8022,30.66,0.0,0
swapped,g2_1604.tif,8018,30.66,0.0,0
swapped,g2_1604.tif,8019,18.4,0.0,0
swapped,g2_1604.tif,8020,18.4,0.0,0
swapped,g2_1604.tif,8021,28.7,0.0,0
swapped,g2_1604.tif,8022,30.66,0.0,0
a twice,g2_1604.tif,8018,30.66,0.0,0
a twice,g2_1604.tif,8019,18.4,0.0,0
a twice,g2_1604.tif,8020,18.4,0.0,0
a twice,g2_1604.tif,8021,28.7,0.0,0
a twice,g2_1604.tif,8022,30.66,0.0,0
b twice,g2_1604.tif,8018,30.66,0.0,0
b twice,g2_1604.tif,8019,18.4,0.0,0
b twice,g2_1604.tif,8020,18.4,0.0,0
b twice,g2_1604.tif,8021,28.7,0.0,0
b twice,g2_1604.tif,8022,30.66,0.0,0
shipped,g2_1614.tif,8068,42.19,0.152,0
shipped,g2_1614.tif,8069,42.19,0.1925,0
shipped,g2_1614.tif,8070,37.46,0.245,0
shipped,g2_1614.tif,8071,42.19,0.3371,0
shipped,g2_1614.tif,8072,54.25,0.1667,0
swapped,g2_1614.tif,8068,42.19,0.3185,0
swapped,g2_1614.tif,8069,42.19,0.2466,0
swapped,g2_1614.tif,8070,37.46,0.2185,0
swapped,g2_1614.tif,8071,42.19,0.4795,0
swapped,g2_1614.tif,8072,54.25,0.2011,0
a twice,g2_1614.tif,8068,42.19,0.3187,0
a twice,g2_1614.tif,8069,42.19,0.3043,0
a twice,g2_1614.tif,8070,37.46,0.1649,0
a twice,g2_1614.tif,8071,42.19,0.2446,0
a twice,g2_1614.tif,8072,54.25,0.3,0
b twice,g2_1614.tif,8068,42.19,0.0,0
b twice,g2_1614.tif,8069,42.19,0.2913,0
b twice,g2_1614.tif,8070,37.46,0.0,0
b twice,g2_1614.tif,8071,42.19,0.0,0
b twice,g2_1614.tif,8072,54.25,0.0,0
shipped,g2_1626.tif,8128,42.39,0.0,0
shipped,g2_1626.tif,8129,18.21,0.0,0
shipped,g2_1626.tif,8130,18.21,0.0,0
shipped,g2_1626.tif,8131,30.28,0.0,0
shipped,g2_1626.tif,8132,37.63,0.0,0
swapped,g2_1626.tif,8128,42.39,0.0,0
swapped,g2_1626.tif,8129,18.21,0.0,0
swapped,g2_1626.tif,8130,18.21,0.0,0
swapped,g2_1626.tif,8131,30.28,0.0,0
swapped,g2_1626.tif,8132,37.63,0.0,0
a twice,g2_1626.tif,8128,42.39,0.0,0
a twice,g2_1626.tif,8129,18.21,0.0,0
a twice,g2_1626.tif,8130,18.21,0.0,0
a twice,g2_1626.tif,8131,30.28,0.0,0
a twice,g2_1626.tif,8132,37.63,0.2304,0
b twice,g2_1626.tif,8128,42.39,0.0,0
b twice,g2_1626.tif,8129,18.21,0.0,0
b twice,g2_1626.tif,8130,18.21,0.0,0
b twice,g2_1626.tif,8131,30.28,0.0,0
b twice,g2_1626.tif,8132,37.63,0.0,0
shipped,g2_1638.tif,8188,18.23,0.4138,0
shipped,g2_1638.tif,8189,42.49,0.2222,0
shipped,g2_1638.tif,8190,66.34,0.3712,0
shipped,g2_1638.tif,8191,30.15,0.2464,0
shipped,g2_1638.tif,8192,54.28,0.092,0
swapped,g2_1638.tif,8188,18.23,0.3243,0
swapped,g2_1638.tif,8189,42.49,0.0353,0
swapped,g2_1638.tif,8190,66.34,0.447,0
swapped,g2_1638.tif,8191,30.15,0.0,0
swapped,g2_1638.tif,8192,54.28,0.0132,0
a twice,g2_1638.tif,8188,18.23,0.0976,0
a twice,g2_1638.tif,8189,42.49,0.2353,0
a twice,g2_1638.tif,8190,66.34,0.2652,0
a twice,g2_1638.tif,8191,30.15,0.0,0
a twice,g2_1638.tif,8192,54.28,0.0,0
b twice,g2_1638.tif,8188,18.23,0.3235,0
b twice,g2_1638.tif,8189,42.49,0.05,0
b twice,g2_1638.tif,8190,66.34,0.1364,0
b twice,g2_1638.tif,8191,30.15,0.0,0
b twice,g2_1638.tif,8192,54.28,0.1587,0
shipped,g2_1646.tif,8228,18.2,0.0,0
shipped,g2_1646.tif,8229,30.36,0.0,0
shipped,g2_1646.tif,8230,18.2,0.0,0
shipped,g2_1646.tif,8231,21.08,0.0,0
shipped,g2_1646.tif,8232,18.22,0.0,0
swapped,g2_1646.tif,8228,18.2,0.0,0
swapped,g2_1646.tif,8229,30.36,0.0,0
swapped,g2_1646.tif,8230,18.2,0.0,0
swapped,g2_1646.tif,8231,21.08,0.0,0
swapped,g2_1646.tif,8232,18.22,0.0,0
a twice,g2_1646.tif,8228,18.2,0.0,0
a twice,g2_1646.tif,8229,30.36,0.0,0
a twice,g2_1646.tif,8230,18.2,0.0,0
a twice,g2_1646.tif,8231,21.08,0.0,0
a twice,g2_1646.tif,8232,18.22,0.0,0
b twice,g2_1646.tif,8228,18.2,0.0,0
b twice,g2_1646.tif,8229,30.36,0.0,0
b twice,g2_1646.tif,8230,18.2,0.0,0
b twice,g2_1646.tif,8231,21.08,0.0,0
b twice,g2_1646.tif,8232,18.22,0.0,0
shipped,g2_1659.tif,8293,78.37,0.0,0
shipped,g2_1659.tif,8294,37.4,0.0,0
shipped,g2_1659.tif,8295,37.4,0.0,0
shipped,g2_1659.tif,8296,43.68,0.0,0
shipped,g2_1659.tif,8297,42.21,0.0,0
swapped,g2_1659.tif,8293,78.37,0.0,0
swapped,g2_1659.tif,8294,37.4,0.0,0
swapped,g2_1659.tif,8295,37.4,0.0,0
swapped,g2_1659.tif,8296,43.68,0.0,0
swapped,g2_1659.tif,8297,42.21,0.0,0
a twice,g2_1659.tif,8293,78.37,0.3057,0
a twice,g2_1659.tif,8294,37.4,0.0,0
a twice,g2_1659.tif,8295,37.4,0.0,0
a twice,g2_1659.tif,8296,43.68,0.0,0
a twice,g2_1659.tif,8297,42.21,0.0,0
b twice,g2_1659.tif,8293,78.37,0.0,0
b twice,g2_1659.tif,8294,37.4,0.0,0
b twice,g2_1659.tif,8295,37.4,0.0,0
b twice,g2_1659.tif,8296,43.68,0.0,0
b twice,g2_1659.tif,8297,42.21,0.0,0
shipped,g2_1670.tif,8348,89.75,0.0,0
shipped,g2_1670.tif,8349,80.69,0.0,0
shipped,g2_1670.tif,8350,45.96,0.0,0
shipped,g2_1670.tif,8351,55.2,0.0,0
shipped,g2_1670.tif,8352,60.04,0.0,0
swapped,g2_1670.tif,8348,89.75,0.0052,0
swapped,g2_1670.tif,8349,80.69,0.0029,0
swapped,g2_1670.tif,8350,45.96,0.0008,0
swapped,g2_1670.tif,8351,55.2,0.0014,0
swapped,g2_1670.tif,8352,60.04,0.0028,0
a twice,g2_1670.tif,8348,89.75,0.024,0
a twice,g2_1670.tif,8349,80.69,0.02,0
a twice,g2_1670.tif,8350,45.96,0.0233,0
a twice,g2_1670.tif,8351,55.2,0.0,0
a twice,g2_1670.tif,8352,60.04,0.2782,0
b twice,g2_1670.tif,8348,89.75,0.0053,0
b twice,g2_1670.tif,8349,80.69,0.0008,0
b twice,g2_1670.tif,8350,45.96,0.0003,0
b twice,g2_1670.tif,8351,55.2,0.0,0
b twice,g2_1670.tif,8352,60.04,0.0015,0
shipped,g2_1674.tif,8368,48.23,0.4945,0
shipped,g2_1674.tif,8369,42.6,0.3312,0
shipped,g2_1674.tif,8370,43.97,0.3516,0
shipped,g2_1674.tif,8371,86.38,0.4291,0
shipped,g2_1674.tif,8372,82.49,0.4057,0
swapped,g2_1674.tif,8368,48.23,0.4615,0
swapped,g2_1674.tif,8369,42.6,0.4395,0
swapped,g2_1674.tif,8370,43.97,0.4615,0
swapped,g2_1674.tif,8371,86.38,0.6235,1
swapped,g2_1674.tif,8372,82.49,0.5861,1
a twice,g2_1674.tif,8368,48.23,0.4505,0
a twice,g2_1674.tif,8369,42.6,0.3885,0
a twice,g2_1674.tif,8370,43.97,0.4239,0
a twice,g2_1674.tif,8371,86.38,0.5263,1
a twice,g2_1674.tif,8372,82.49,0.4795,0
b twice,g2_1674.tif,8368,48.23,0.5275,1
b twice,g2_1674.tif,8369,42.6,0.1274,0
b twice,g2_1674.tif,8370,43.97,0.4839,0
b twice,g2_1674.tif,8371,86.38,0.2713,0
b twice,g2_1674.tif,8372,82.49,0.1885,0
shipped,g2_1676.tif,8379,28.24,0.0,0
shipped,g2_1676.tif,8380,30.33,0.0,0
shipped,g2_1676.tif,8381,28.24,0.0,0
shipped,g2_1676.tif,8382,21.05,0.0,0
swapped,g2_1676.tif,8379,28.24,0.0,0
swapped,g2_1676.tif,8380,30.33,0.0,0
swapped,g2_1676.tif,8381,28.24,0.0,0
swapped,g2_1676.tif,8382,21.05,0.0741,0
a twice,g2_1676.tif,8379,28.24,0.5476,1
a twice,g2_1676.tif,8380,30.33,0.0,0
a twice,g2_1676.tif,8381,28.24,0.0,0
a twice,g2_1676.tif,8382,21.05,0.1413,0
b twice,g2_1676.tif,8379,28.24,0.0,0
b twice,g2_1676.tif,8380,30.33,0.0,0
b twice,g2_1676.tif,8381,28.24,0.0,0
b twice,g2_1676.tif,8382,21.05,0.0352,0
shipped,g2_1681.tif,8403,64.79,0.0,0
shipped,g2_1681.tif,8404,81.58,0.1558,0
shipped,g2_1681.tif,8405,71.12,0.105,0
shipped,g2_1681.tif,8406,130.29,0.0,0
shipped,g2_1681.tif,8407,81.82,0.0519,0
swapped,g2_1681.tif,8403,64.79,0.0547,0
swapped,g2_1681.tif,8404,81.58,0.2944,0
swapped,g2_1681.tif,8405,71.12,0.155,0
swapped,g2_1681.tif,8406,130.29,0.0229,0
swapped,g2_1681.tif,8407,81.82,0.1948,0
a twice,g2_1681.tif,8403,64.79,0.0,0
a twice,g2_1681.tif,8404,81.58,0.0,0
a twice,g2_1681.tif,8405,71.12,0.195,0
a twice,g2_1681.tif,8406,130.29,0.0,0
a twice,g2_1681.tif,8407,81.82,0.0,0
b twice,g2_1681.tif,8403,64.79,0.0,0
b twice,g2_1681.tif,8404,81.58,0.0,0
b twice,g2_1681.tif,8405,71.12,0.165,0
b twice,g2_1681.tif,8406,130.29,0.0,0
b twice,g2_1681.tif,8407,81.82,0.0747,0
shipped,g2_1688.tif,8438,156.88,0.6147,1
shipped,g2_1688.tif,8439,103.15,0.1618,0
shipped,g2_1688.tif,8440,228.85,0.6568,1
shipped,g2_1688.tif,8441,130.38,0.642,1
shipped,g2_1688.tif,8442,160.05,0.7277,1
swapped,g2_1688.tif,8438,156.88,0.5229,1
swapped,g2_1688.tif,8439,103.15,0.1187,0
swapped,g2_1688.tif,8440,228.85,0.565,1
swapped,g2_1688.tif,8441,130.38,0.3576,0
swapped,g2_1688.tif,8442,160.05,0.2388,0
a twice,g2_1688.tif,8438,156.88,0.3107,0
a twice,g2_1688.tif,8439,103.15,0.1042,0
a twice,g2_1688.tif,8440,228.85,0.4933,0
a twice,g2_1688.tif,8441,130.38,0.1432,0
a twice,g2_1688.tif,8442,160.05,0.4219,0
b twice,g2_1688.tif,8438,156.88,0.3341,0
b twice,g2_1688.tif,8439,103.15,0.0473,0
b twice,g2_1688.tif,8440,228.85,0.4965,0
b twice,g2_1688.tif,8441,130.38,0.4867,0
b twice,g2_1688.tif,8442,160.05,0.2903,0
shipped,g2_1689.tif,8443,46.0,0.0,0
shipped,g2_1689.tif,8444,28.62,0.0,0
shipped,g2_1689.tif,8445,48.84,0.0,0
shipped,g2_1689.tif,8446,28.62,0.0,0
shipped,g2_1689.tif,8447,21.33,0.0,0
swapped,g2_1689.tif,8443,46.0,0.0,0
swapped,g2_1689.tif,8444,28.62,0.0,0
swapped,g2_1689.tif,8445,48.84,0.0,0
swapped,g2_1689.tif,8446,28.62,0.0,0
swapped,g2_1689.tif,8447,21.33,0.0,0
a twice,g2_1689.tif,8443,46.0,0.0,0
a twice,g2_1689.tif,8444,28.62,0.0,0
a twice,g2_1689.tif,8445,48.84,0.0,0
a twice,g2_1689.tif,8446,28.62,0.0,0
a twice,g2_1689.tif,8447,21.33,0.0,0
b twice,g2_1689.tif,8443,46.0,0.0,0
b twice,g2_1689.tif,8444,28.62,0.0,0
b twice,g2_1689.tif,8445,48.84,0.0,0
b twice,g2_1689.tif,8446,28.62,0.0,0
b twice,g2_1689.tif,8447,21.33,0.0,0
shipped,g2_1695.tif,8473,54.27,0.0,0
shipped,g2_1695.tif,8474,74.88,0.0,0
shipped,g2_1695.tif,8475,54.28,0.0,0
shipped,g2_1695.tif,8476,91.19,0.0,0
shipped,g2_1695.tif,8477,47.91,0.1517,0
swapped,g2_1695.tif,8473,54.27,0.0,0
swapped,g2_1695.tif,8474,74.88,0.0,0
swapped,g2_1695.tif,8475,54.28,0.0,0
swapped,g2_1695.tif,8476,91.19,0.0,0
swapped,g2_1695.tif,8477,47.91,0.0,0
a twice,g2_1695.tif,8473,54.27,0.1818,0
a twice,g2_1695.tif,8474,74.88,0.1792,0
a twice,g2_1695.tif,8475,54.28,0.1737,0
a twice,g2_1695.tif,8476,91.19,0.0595,0
a twice,g2_1695.tif,8477,47.91,0.0899,0
b twice,g2_1695.tif,8473,54.27,0.0,0
b twice,g2_1695.tif,8474,74.88,0.0,0
b twice,g2_1695.tif,8475,54.28,0.0,0
b twice,g2_1695.tif,8476,91.19,0.0,0
b twice,g2_1695.tif,8477,47.91,0.0,0
shipped,g2_1699.tif,8493,42.51,0.4306,0
shipped,g2_1699.tif,8494,54.45,0.2745,0
shipped,g2_1699.tif,8495,54.65,0.2181,0
shipped,g2_1699.tif,8496,54.45,0.0508,0
shipped,g2_1699.tif,8497,91.07,0.3283,0
swapped,g2_1699.tif,8493,42.51,0.3194,0
swapped,g2_1699.tif,8494,54.45,0.3595,0
swapped,g2_1699.tif,8495,54.65,0.0564,0
swapped,g2_1699.tif,8496,54.45,0.0513,0
swapped,g2_1699.tif,8497,91.07,0.1461,0
a twice,g2_1699.tif,8493,42.51,0.0,0
a twice,g2_1699.tif,8494,54.45,0.0593,0
a twice,g2_1699.tif,8495,54.65,0.0,0
a twice,g2_1699.tif,8496,54.45,0.0789,0
a twice,g2_1699.tif,8497,91.07,0.119,0
b twice,g2_1699.tif,8493,42.51,0.0,0
b twice,g2_1699.tif,8494,54.45,0.0,0
b twice,g2_1699.tif,8495,54.65,0.0539,0
b twice,g2_1699.tif,8496,54.45,0.084,0
b twice,g2_1699.tif,8497,91.07,0.1777,0
shipped,g2_1700.tif,8498,66.31,0.0,0
shipped,g2_1700.tif,8499,102.49,0.0,0
shipped,g2_1700.tif,8500,78.4,0.0,0
shipped,g2_1700.tif,8501,78.4,0.0,0
shipped,g2_1700.tif,8502,90.46,0.0,0
swapped,g2_1700.tif,8498,66.31,0.0,0
swapped,g2_1700.tif,8499,102.49,0.0,0
swapped,g2_1700.tif,8500,78.4,0.0,0
swapped,g2_1700.tif,8501,78.4,0.0,0
swapped,g2_1700.tif,8502,90.46,0.0,0
a twice,g2_1700.tif,8498,66.31,0.0536,0
a twice,g2_1700.tif,8499,102.49,0.0408,0
a twice,g2_1700.tif,8500,78.4,0.109,0
a twice,g2_1700.tif,8501,78.4,0.0,0
a twice,g2_1700.tif,8502,90.46,0.0,0
b twice,g2_1700.tif,8498,66.31,0.0,0
b twice,g2_1700.tif,8499,102.49,0.0,0
b twice,g2_1700.tif,8500,78.4,0.0,0
b twice,g2_1700.tif,8501,78.4,0.0,0
b twice,g2_1700.tif,8502,90.46,0.0,0
shipped,g2_1707.tif,8533,48.47,0.0,0
shipped,g2_1707.tif,8534,42.73,0.0,0
shipped,g2_1707.tif,8535,44.21,0.0,0
shipped,g2_1707.tif,8536,30.52,0.0,0
shipped,g2_1707.tif,8537,30.52,0.0,0
swapped,g2_1707.tif,8533,48.47,0.0,0
swapped,g2_1707.tif,8534,42.73,0.0,0
swapped,g2_1707.tif,8535,44.21,0.0,0
swapped,g2_1707.tif,8536,30.52,0.0,0
swapped,g2_1707.tif,8537,30.52,0.0,0
a twice,g2_1707.tif,8533,48.47,0.0,0
a twice,g2_1707.tif,8534,42.73,0.0,0
a twice,g2_1707.tif,8535,44.21,0.0,0
a twice,g2_1707.tif,8536,30.52,0.0,0
a twice,g2_1707.tif,8537,30.52,0.0,0
b twice,g2_1707.tif,8533,48.47,0.0,0
b twice,g2_1707.tif,8534,42.73,0.0,0
b twice,g2_1707.tif,8535,44.21,0.0,0
b twice,g2_1707.tif,8536,30.52,0.0,0
b twice,g2_1707.tif,8537,30.52,0.0,0
shipped,g2_1722.tif,8608,59.05,0.0,0
shipped,g2_1722.tif,8609,48.0,0.0,0
shipped,g2_1722.tif,8610,54.31,0.0,0
shipped,g2_1722.tif,8611,54.36,0.0,0
shipped,g2_1722.tif,8612,62.26,0.0,0
swapped,g2_1722.tif,8608,59.05,0.0,0
swapped,g2_1722.tif,8609,48.0,0.0,0
swapped,g2_1722.tif,8610,54.31,0.0,0
swapped,g2_1722.tif,8611,54.36,0.0,0
swapped,g2_1722.tif,8612,62.26,0.1742,0
a twice,g2_1722.tif,8608,59.05,0.0,0
a twice,g2_1722.tif,8609,48.0,0.0,0
a twice,g2_1722.tif,8610,54.31,0.0,0
a twice,g2_1722.tif,8611,54.36,0.0,0
a twice,g2_1722.tif,8612,62.26,0.0,0
b twice,g2_1722.tif,8608,59.05,0.0,0
b twice,g2_1722.tif,8609,48.0,0.0,0
b twice,g2_1722.tif,8610,54.31,0.0,0
b twice,g2_1722.tif,8611,54.36,0.0,0
b twice,g2_1722.tif,8612,62.26,0.0237,0
shipped,g2_1733.tif,8663,118.4,0.0,0
shipped,g2_1733.tif,8664,55.03,0.0,0
shipped,g2_1733.tif,8665,116.52,0.0,0
shipped,g2_1733.tif,8666,106.46,0.1804,0
shipped,g2_1733.tif,8667,59.89,0.0,0
swapped,g2_1733.tif,8663,118.4,0.0,0
swapped,g2_1733.tif,8664,55.03,0.0,0
swapped,g2_1733.tif,8665,116.52,0.0,0
swapped,g2_1733.tif,8666,106.46,0.2701,0
swapped,g2_1733.tif,8667,59.89,0.0,0
a twice,g2_1733.tif,8663,118.4,0.4884,0
a twice,g2_1733.tif,8664,55.03,0.1912,0
a twice,g2_1733.tif,8665,116.52,0.2896,0
a twice,g2_1733.tif,8666,106.46,0.4515,0
a twice,g2_1733.tif,8667,59.89,0.0,0
b twice,g2_1733.tif,8663,118.4,0.0,0
b twice,g2_1733.tif,8664,55.03,0.0,0
b twice,g2_1733.tif,8665,116.52,0.0,0
b twice,g2_1733.tif,8666,106.46,0.0448,0
b twice,g2_1733.tif,8667,59.89,0.0,0
shipped,g2_1737.tif,8683,37.41,0.0,0
shipped,g2_1737.tif,8684,20.93,0.0,0
shipped,g2_1737.tif,8685,30.15,0.0,0
shipped,g2_1737.tif,8686,32.06,0.0,0
shipped,g2_1737.tif,8687,37.43,0.0,0
swapped,g2_1737.tif,8683,37.41,0.0,0
swapped,g2_1737.tif,8684,20.93,0.0,0
swapped,g2_1737.tif,8685,30.15,0.0,0
swapped,g2_1737.tif,8686,32.06,0.0,0
swapped,g2_1737.tif,8687,37.43,0.0,0
a twice,g2_1737.tif,8683,37.41,0.0,0
a twice,g2_1737.tif,8684,20.93,0.0,0
a twice,g2_1737.tif,8685,30.15,0.0,0
a twice,g2_1737.tif,8686,32.06,0.0,0
a twice,g2_1737.tif,8687,37.43,0.0,0
b twice,g2_1737.tif,8683,37.41,0.0,0
b twice,g2_1737.tif,8684,20.93,0.0,0
b twice,g2_1737.tif,8685,30.15,0.0,0
b twice,g2_1737.tif,8686,32.06,0.0,0
b twice,g2_1737.tif,8687,37.43,0.0,0
shipped,g2_1752.tif,8758,30.36,0.0,0
shipped,g2_1752.tif,8759,30.36,0.0,0
shipped,g2_1752.tif,8760,30.36,0.0,0
shipped,g2_1752.tif,8761,30.36,0.0,0
shipped,g2_1752.tif,8762,48.05,0.0,0
swapped,g2_1752.tif,8758,30.36,0.0,0
swapped,g2_1752.tif,8759,30.36,0.0,0
swapped,g2_1752.tif,8760,30.36,0.0,0
swapped,g2_1752.tif,8761,30.36,0.0,0
swapped,g2_1752.tif,8762,48.05,0.0,0
a twice,g2_1752.tif,8758,30.36,0.0,0
a twice,g2_1752.tif,8759,30.36,0.0,0
a twice,g2_1752.tif,8760,30.36,0.0,0
a twice,g2_1752.tif,8761,30.36,0.0,0
a twice,g2_1752.tif,8762,48.05,0.0,0
b twice,g2_1752.tif,8758,30.36,0.0,0
b twice,g2_1752.tif,8759,30.36,0.0,0
b twice,g2_1752.tif,8760,30.36,0.0,0
b twice,g2_1752.tif,8761,30.36,0.0,0
b twice,g2_1752.tif,8762,48.05,0.0,0
shipped,g2_1759.tif,8793,21.36,0.0,0
shipped,g2_1759.tif,8794,21.36,0.0,0
shipped,g2_1759.tif,8795,21.36,0.0,0
shipped,g2_1759.tif,8796,21.36,0.0,0
shipped,g2_1759.tif,8797,38.22,0.0,0
swapped,g2_1759.tif,8793,21.36,0.0,0
swapped,g2_1759.tif,8794,21.36,0.0,0
swapped,g2_1759.tif,8795,21.36,0.0,0
swapped,g2_1759.tif,8796,21.36,0.0,0
swapped,g2_1759.tif,8797,38.22,0.0,0
a twice,g2_1759.tif,8793,21.36,0.0,0
a twice,g2_1759.tif,8794,21.36,0.0,0
a twice,g2_1759.tif,8795,21.36,0.0,0
a twice,g2_1759.tif,8796,21.36,0.0,0
a twice,g2_1759.tif,8797,38.22,0.0,0
b twice,g2_1759.tif,8793,21.36,0.0,0
b twice,g2_1759.tif,8794,21.36,0.0,0
b twice,g2_1759.tif,8795,21.36,0.0,0
b twice,g2_1759.tif,8796,21.36,0.0,0
b twice,g2_1759.tif,8797,38.22,0.0,0
shipped,g2_1766.tif,8828,37.57,0.0,0
shipped,g2_1766.tif,8829,32.18,0.0,0
shipped,g2_1766.tif,8830,28.2,0.0,0
shipped,g2_1766.tif,8831,45.32,0.0,0
shipped,g2_1766.tif,8832,28.2,0.0,0
swapped,g2_1766.tif,8828,37.57,0.1828,0
swapped,g2_1766.tif,8829,32.18,0.0,0
swapped,g2_1766.tif,8830,28.2,0.1584,0
swapped,g2_1766.tif,8831,45.32,0.1908,0
swapped,g2_1766.tif,8832,28.2,0.1935,0
a twice,g2_1766.tif,8828,37.57,0.3763,0
a twice,g2_1766.tif,8829,32.18,0.3867,0
a twice,g2_1766.tif,8830,28.2,0.1971,0
a twice,g2_1766.tif,8831,45.32,0.13,0
a twice,g2_1766.tif,8832,28.2,0.2742,0
b twice,g2_1766.tif,8828,37.57,0.0,0
b twice,g2_1766.tif,8829,32.18,0.0002,0
b twice,g2_1766.tif,8830,28.2,0.0,0
b twice,g2_1766.tif,8831,45.32,0.0,0
b twice,g2_1766.tif,8832,28.2,0.0,0
shipped,g2_1769.tif,8843,38.03,0.0,0
shipped,g2_1769.tif,8844,38.03,0.0,0
shipped,g2_1769.tif,8845,38.14,0.0,0
shipped,g2_1769.tif,8846,38.14,0.0,0
shipped,g2_1769.tif,8847,44.57,0.0,0
swapped,g2_1769.tif,8843,38.03,0.0,0
swapped,g2_1769.tif,8844,38.03,0.0,0
swapped,g2_1769.tif,8845,38.14,0.0,0
swapped,g2_1769.tif,8846,38.14,0.0,0
swapped,g2_1769.tif,8847,44.57,0.0,0
a twice,g2_1769.tif,8843,38.03,0.0,0
a twice,g2_1769.tif,8844,38.03,0.0,0
a twice,g2_1769.tif,8845,38.14,0.0,0
a twice,g2_1769.tif,8846,38.14,0.0,0
a twice,g2_1769.tif,8847,44.57,0.0,0
b twice,g2_1769.tif,8843,38.03,0.0,0
b twice,g2_1769.tif,8844,38.03,0.0,0
b twice,g2_1769.tif,8845,38.14,0.0,0
b twice,g2_1769.tif,8846,38.14,0.0,0
b twice,g2_1769.tif,8847,44.57,0.0,0
shipped,g2_1771.tif,8853,78.91,0.0,0
shipped,g2_1771.tif,8854,66.59,0.0,0
shipped,g2_1771.tif,8855,55.69,0.0,0
shipped,g2_1771.tif,8856,91.8,0.0,0
shipped,g2_1771.tif,8857,42.38,0.0,0
swapped,g2_1771.tif,8853,78.91,0.0867,0
swapped,g2_1771.tif,8854,66.59,0.0,0
swapped,g2_1771.tif,8855,55.69,0.0,0
swapped,g2_1771.tif,8856,91.8,0.0,0
swapped,g2_1771.tif,8857,42.38,0.0,0
a twice,g2_1771.tif,8853,78.91,0.3954,0
a twice,g2_1771.tif,8854,66.59,0.2178,0
a twice,g2_1771.tif,8855,55.69,0.0,0
a twice,g2_1771.tif,8856,91.8,0.0,0
a twice,g2_1771.tif,8857,42.38,0.1866,0
b twice,g2_1771.tif,8853,78.91,0.0067,0
b twice,g2_1771.tif,8854,66.59,0.0,0
b twice,g2_1771.tif,8855,55.69,0.0,0
b twice,g2_1771.tif,8856,91.8,0.0056,0
b twice,g2_1771.tif,8857,42.38,0.0004,0
shipped,g2_1800.tif,8998,64.59,0.0,0
shipped,g2_1800.tif,8999,54.49,0.0,0
shipped,g2_1800.tif,9000,48.16,0.0,0
shipped,g2_1800.tif,9001,37.63,0.0,0
shipped,g2_1800.tif,9002,32.31,0.0,0
swapped,g2_1800.tif,8998,64.59,0.0,0
swapped,g2_1800.tif,8999,54.49,0.0,0
swapped,g2_1800.tif,9000,48.16,0.0,0
swapped,g2_1800.tif,9001,37.63,0.0,0
swapped,g2_1800.tif,9002,32.31,0.0,0
a twice,g2_1800.tif,8998,64.59,0.1081,0
a twice,g2_1800.tif,8999,54.49,0.2213,0
a twice,g2_1800.tif,9000,48.16,0.3883,0
a twice,g2_1800.tif,9001,37.63,0.0,0
a twice,g2_1800.tif,9002,32.31,0.0171,0
b twice,g2_1800.tif,8998,64.59,0.0,0
b twice,g2_1800.tif,8999,54.49,0.0,0
b twice,g2_1800.tif,9000,48.16,0.0,0
b twice,g2_1800.tif,9001,37.63,0.0,0
b twice,g2_1800.tif,9002,32.31,0.0,0
shipped,g2_1823.tif,9113,114.88,0.1039,0
shipped,g2_1823.tif,9114,75.04,0.4393,0
shipped,g2_1823.tif,9115,114.88,0.146,0
shipped,g2_1823.tif,9116,54.28,0.5385,1
shipped,g2_1823.tif,9117,114.88,0.3165,0
swapped,g2_1823.tif,9113,114.88,0.3151,0
swapped,g2_1823.tif,9114,75.04,0.6292,1
swapped,g2_1823.tif,9115,114.88,0.2725,0
swapped,g2_1823.tif,9116,54.28,0.7164,1
swapped,g2_1823.tif,9117,114.88,0.2769,0
a twice,g2_1823.tif,9113,114.88,0.4655,0
a twice,g2_1823.tif,9114,75.04,0.1453,0
a twice,g2_1823.tif,9115,114.88,0.1256,0
a twice,g2_1823.tif,9116,54.28,0.1846,0
a twice,g2_1823.tif,9117,114.88,0.2747,0
b twice,g2_1823.tif,9113,114.88,0.1215,0
b twice,g2_1823.tif,9114,75.04,0.5105,1
b twice,g2_1823.tif,9115,114.88,0.1022,0
b twice,g2_1823.tif,9116,54.28,0.2692,0
b twice,g2_1823.tif,9117,114.88,0.0352,0
shipped,g2_1844.tif,9218,30.64,0.1345,0
shipped,g2_1844.tif,9219,30.73,0.12,0
shipped,g2_1844.tif,9220,42.89,0.1319,0
shipped,g2_1844.tif,9221,42.89,0.0899,0
shipped,g2_1844.tif,9222,43.01,0.1289,0
swapped,g2_1844.tif,9218,30.64,0.1242,0
swapped,g2_1844.tif,9219,30.73,0.1227,0
swapped,g2_1844.tif,9220,42.89,0.0546,0
swapped,g2_1844.tif,9221,42.89,0.3137,0
swapped,g2_1844.tif,9222,43.01,0.1508,0
a twice,g2_1844.tif,9218,30.64,0.0,0
a twice,g2_1844.tif,9219,30.73,0.0,0
a twice,g2_1844.tif,9220,42.89,0.0,0
a twice,g2_1844.tif,9221,42.89,0.0,0
a twice,g2_1844.tif,9222,43.01,0.0,0
b twice,g2_1844.tif,9218,30.64,0.0684,0
b twice,g2_1844.tif,9219,30.73,0.0517,0
b twice,g2_1844.tif,9220,42.89,0.0961,0
b twice,g2_1844.tif,9221,42.89,0.0201,0
b twice,g2_1844.tif,9222,43.01,0.0652,0
shipped,g2_1852.tif,9258,32.17,0.3297,0
shipped,g2_1852.tif,9259,18.22,0.0,0
shipped,g2_1852.tif,9260,18.11,0.0,0
shipped,g2_1852.tif,9261,20.99,0.0,0
shipped,g2_1852.tif,9262,20.99,0.0,0
swapped,g2_1852.tif,9258,32.17,0.4583,0
swapped,g2_1852.tif,9259,18.22,0.0,0
swapped,g2_1852.tif,9260,18.11,0.0,0
swapped,g2_1852.tif,9261,20.99,0.0,0
swapped,g2_1852.tif,9262,20.99,0.0,0
a twice,g2_1852.tif,9258,32.17,0.0,0
a twice,g2_1852.tif,9259,18.22,0.0,0
a twice,g2_1852.tif,9260,18.11,0.0889,0
a twice,g2_1852.tif,9261,20.99,0.0,0
a twice,g2_1852.tif,9262,20.99,0.1875,0
b twice,g2_1852.tif,9258,32.17,0.0058,0
b twice,g2_1852.tif,9259,18.22,0.0,0
b twice,g2_1852.tif,9260,18.11,0.0,0
b twice,g2_1852.tif,9261,20.99,0.0,0
b twice,g2_1852.tif,9262,20.99,0.0,0
shipped,g2_1856.tif,9278,18.13,0.0,0
shipped,g2_1856.tif,9279,6.03,0.0,0
shipped,g2_1856.tif,9280,18.09,0.0,0
shipped,g2_1856.tif,9281,18.09,0.0,0
shipped,g2_1856.tif,9282,18.13,0.0,0
swapped,g2_1856.tif,9278,18.13,0.0,0
swapped,g2_1856.tif,9279,6.03,0.0,0
swapped,g2_1856.tif,9280,18.09,0.0,0
swapped,g2_1856.tif,9281,18.09,0.0,0
swapped,g2_1856.tif,9282,18.13,0.0,0
a twice,g2_1856.tif,9278,18.13,0.0,0
a twice,g2_1856.tif,9279,6.03,0.0,0
a twice,g2_1856.tif,9280,18.09,0.0,0
a twice,g2_1856.tif,9281,18.09,0.0,0
a twice,g2_1856.tif,9282,18.13,0.0,0
b twice,g2_1856.tif,9278,18.13,0.0,0
b twice,g2_1856.tif,9279,6.03,0.0,0
b twice,g2_1856.tif,9280,18.09,0.0,0
b twice,g2_1856.tif,9281,18.09,0.0,0
b twice,g2_1856.tif,9282,18.13,0.0,0
shipped,g2_1867.tif,9333,83.42,0.0,0
shipped,g2_1867.tif,9334,32.93,0.0,0
shipped,g2_1867.tif,9335,60.38,0.0,0
shipped,g2_1867.tif,9336,56.88,0.0,0
shipped,g2_1867.tif,9337,98.49,0.0,0
swapped,g2_1867.tif,9333,83.42,0.0,0
swapped,g2_1867.tif,9334,32.93,0.0,0
swapped,g2_1867.tif,9335,60.38,0.0,0
swapped,g2_1867.tif,9336,56.88,0.0,0
swapped,g2_1867.tif,9337,98.49,0.0017,0
a twice,g2_1867.tif,9333,83.42,0.3891,0
a twice,g2_1867.tif,9334,32.93,0.3288,0
a twice,g2_1867.tif,9335,60.38,0.2676,0
a twice,g2_1867.tif,9336,56.88,0.0,0
a twice,g2_1867.tif,9337,98.49,0.1531,0
b twice,g2_1867.tif,9333,83.42,0.2364,0
b twice,g2_1867.tif,9334,32.93,0.0,0
b twice,g2_1867.tif,9335,60.38,0.0,0
b twice,g2_1867.tif,9336,56.88,0.0,0
b twice,g2_1867.tif,9337,98.49,0.0332,0
shipped,g2_1878.tif,9388,63.15,0.0,0
shipped,g2_1878.tif,9389,55.07,0.0,0
shipped,g2_1878.tif,9390,55.15,0.0,0
shipped,g2_1878.tif,9391,32.53,0.0,0
shipped,g2_1878.tif,9392,28.52,0.0,0
swapped,g2_1878.tif,9388,63.15,0.0,0
swapped,g2_1878.tif,9389,55.07,0.0,0
swapped,g2_1878.tif,9390,55.15,0.0,0
swapped,g2_1878.tif,9391,32.53,0.0,0
swapped,g2_1878.tif,9392,28.52,0.0,0
a twice,g2_1878.tif,9388,63.15,0.0,0
a twice,g2_1878.tif,9389,55.07,0.0,0
a twice,g2_1878.tif,9390,55.15,0.0,0
a twice,g2_1878.tif,9391,32.53,0.0,0
a twice,g2_1878.tif,9392,28.52,0.0,0
b twice,g2_1878.tif,9388,63.15,0.0,0
b twice,g2_1878.tif,9389,55.07,0.0,0
b twice,g2_1878.tif,9390,55.15,0.0,0
b twice,g2_1878.tif,9391,32.53,0.0,0
b twice,g2_1878.tif,9392,28.52,0.0,0
shipped,g2_1881.tif,9403,44.55,0.0,0
shipped,g2_1881.tif,9404,44.55,0.0,0
shipped,g2_1881.tif,9405,43.02,0.0,0
shipped,g2_1881.tif,9406,44.55,0.0,0
shipped,g2_1881.tif,9407,43.23,0.0,0
swapped,g2_1881.tif,9403,44.55,0.0,0
swapped,g2_1881.tif,9404,44.55,0.0,0
swapped,g2_1881.tif,9405,43.02,0.0,0
swapped,g2_1881.tif,9406,44.55,0.0,0
swapped,g2_1881.tif,9407,43.23,0.0,0
a twice,g2_1881.tif,9403,44.55,0.186,0
a twice,g2_1881.tif,9404,44.55,0.0,0
a twice,g2_1881.tif,9405,43.02,0.3158,0
a twice,g2_1881.tif,9406,44.55,0.152,0
a twice,g2_1881.tif,9407,43.23,0.2374,0
b twice,g2_1881.tif,9403,44.55,0.0,0
b twice,g2_1881.tif,9404,44.55,0.0,0
b twice,g2_1881.tif,9405,43.02,0.0,0
b twice,g2_1881.tif,9406,44.55,0.0,0
b twice,g2_1881.tif,9407,43.23,0.0,0
shipped,g2_1883.tif,9413,116.05,0.0325,0
shipped,g2_1883.tif,9414,37.73,0.0,0
shipped,g2_1883.tif,9415,54.69,0.0,0
shipped,g2_1883.tif,9416,54.69,0.0,0
shipped,g2_1883.tif,9417,91.05,0.0431,0
swapped,g2_1883.tif,9413,116.05,0.2545,0
swapped,g2_1883.tif,9414,37.73,0.0882,0
swapped,g2_1883.tif,9415,54.69,0.1143,0
swapped,g2_1883.tif,9416,54.69,0.3168,0
swapped,g2_1883.tif,9417,91.05,0.3975,0
a twice,g2_1883.tif,9413,116.05,0.0975,0
a twice,g2_1883.tif,9414,37.73,0.0,0
a twice,g2_1883.tif,9415,54.69,0.0,0
a twice,g2_1883.tif,9416,54.69,0.0,0
a twice,g2_1883.tif,9417,91.05,0.3068,0
b twice,g2_1883.tif,9413,116.05,0.0,0
b twice,g2_1883.tif,9414,37.73,0.0,0
b twice,g2_1883.tif,9415,54.69,0.0,0
b twice,g2_1883.tif,9416,54.69,0.0049,0
b twice,g2_1883.tif,9417,91.05,0.0189,0
shipped,g2_1884.tif,9418,45.39,0.0,0
shipped,g2_1884.tif,9419,48.16,0.0,0
shipped,g2_1884.tif,9420,48.19,0.0,0
shipped,g2_1884.tif,9421,79.74,0.0,0
shipped,g2_1884.tif,9422,54.59,0.0,0
swapped,g2_1884.tif,9418,45.39,0.0,0
swapped,g2_1884.tif,9419,48.16,0.0,0
swapped,g2_1884.tif,9420,48.19,0.0,0
swapped,g2_1884.tif,9421,79.74,0.0,0
swapped,g2_1884.tif,9422,54.59,0.0,0
a twice,g2_1884.tif,9418,45.39,0.1509,0
a twice,g2_1884.tif,9419,48.16,0.5667,1
a twice,g2_1884.tif,9420,48.19,0.1801,0
a twice,g2_1884.tif,9421,79.74,0.4739,0
a twice,g2_1884.tif,9422,54.59,0.3916,0
b twice,g2_1884.tif,9418,45.39,0.0,0
b twice,g2_1884.tif,9419,48.16,0.0,0
b twice,g2_1884.tif,9420,48.19,0.0,0
b twice,g2_1884.tif,9421,79.74,0.0,0
b twice,g2_1884.tif,9422,54.59,0.0,0
shipped,g2_1889.tif,9443,71.18,0.0,0
shipped,g2_1889.tif,9444,21.23,0.0,0
shipped,g2_1889.tif,9445,11.19,0.0,0
shipped,g2_1889.tif,9446,30.65,0.0,0
shipped,g2_1889.tif,9447,71.36,0.0,0
swapped,g2_1889.tif,9443,71.18,0.0,0
swapped,g2_1889.tif,9444,21.23,0.0,0
swapped,g2_1889.tif,9445,11.19,0.0,0
swapped,g2_1889.tif,9446,30.65,0.0,0
swapped,g2_1889.tif,9447,71.36,0.0,0
a twice,g2_1889.tif,9443,71.18,0.0,0
a twice,g2_1889.tif,9444,21.23,0.0,0
a twice,g2_1889.tif,9445,11.19,0.0,0
a twice,g2_1889.tif,9446,30.65,0.0,0
a twice,g2_1889.tif,9447,71.36,0.0,0
b twice,g2_1889.tif,9443,71.18,0.0,0
b twice,g2_1889.tif,9444,21.23,0.0,0
b twice,g2_1889.tif,9445,11.19,0.0,0
b twice,g2_1889.tif,9446,30.65,0.0,0
b twice,g2_1889.tif,9447,71.36,0.0,0
shipped,g2_1898.tif,9488,91.74,0.0619,0
shipped,g2_1898.tif,9489,54.59,0.2905,0
shipped,g2_1898.tif,9490,127.93,0.169,0
shipped,g2_1898.tif,9491,42.58,0.1344,0
shipped,g2_1898.tif,9492,48.29,0.25,0
swapped,g2_1898.tif,9488,91.74,0.3661,0
swapped,g2_1898.tif,9489,54.59,0.4845,0
swapped,g2_1898.tif,9490,127.93,0.1707,0
swapped,g2_1898.tif,9491,42.58,0.0857,0
swapped,g2_1898.tif,9492,48.29,0.4271,0
a twice,g2_1898.tif,9488,91.74,0.337,0
a twice,g2_1898.tif,9489,54.59,0.0,0
a twice,g2_1898.tif,9490,127.93,0.1812,0
a twice,g2_1898.tif,9491,42.58,0.0058,0
a twice,g2_1898.tif,9492,48.29,0.0,0
b twice,g2_1898.tif,9488,91.74,0.0,0
b twice,g2_1898.tif,9489,54.59,0.0,0
b twice,g2_1898.tif,9490,127.93,0.0,0
b twice,g2_1898.tif,9491,42.58,0.0,0
b twice,g2_1898.tif,9492,48.29,0.0,0
shipped,g2_1899.tif,9493,48.78,0.2396,0
shipped,g2_1899.tif,9494,30.74,0.1058,0
shipped,g2_1899.tif,9495,38.03,0.0957,0
shipped,g2_1899.tif,9496,42.79,0.3629,0
shipped,g2_1899.tif,9497,18.34,0.1743,0
swapped,g2_1899.tif,9493,48.78,0.4545,0
swapped,g2_1899.tif,9494,30.74,0.129,0
swapped,g2_1899.tif,9495,38.03,0.1228,0
swapped,g2_1899.tif,9496,42.79,0.4667,0
swapped,g2_1899.tif,9497,18.34,0.2362,0
a twice,g2_1899.tif,9493,48.78,0.3229,0
a twice,g2_1899.tif,9494,30.74,0.0,0
a twice,g2_1899.tif,9495,38.03,0.0,0
a twice,g2_1899.tif,9496,42.79,0.5141,1
a twice,g2_1899.tif,9497,18.34,0.2701,0
b twice,g2_1899.tif,9493,48.78,0.0643,0
b twice,g2_1899.tif,9494,30.74,0.1753,0
b twice,g2_1899.tif,9495,38.03,0.0242,0
b twice,g2_1899.tif,9496,42.79,0.0324,0
b twice,g2_1899.tif,9497,18.34,0.0,0
shipped,g2_1910.tif,9548,38.13,0.0,0
shipped,g2_1910.tif,9549,30.68,0.0,0
shipped,g2_1910.tif,9550,32.68,0.0,0
shipped,g2_1910.tif,9551,28.59,0.0,0
shipped,g2_1910.tif,9552,32.68,0.0,0
swapped,g2_1910.tif,9548,38.13,0.0606,0
swapped,g2_1910.tif,9549,30.68,0.0317,0
swapped,g2_1910.tif,9550,32.68,0.0,0
swapped,g2_1910.tif,9551,28.59,0.3659,0
swapped,g2_1910.tif,9552,32.68,0.0175,0
a twice,g2_1910.tif,9548,38.13,0.0179,0
a twice,g2_1910.tif,9549,30.68,0.0,0
a twice,g2_1910.tif,9550,32.68,0.0,0
a twice,g2_1910.tif,9551,28.59,0.0,0
a twice,g2_1910.tif,9552,32.68,0.0635,0
b twice,g2_1910.tif,9548,38.13,0.3133,0
b twice,g2_1910.tif,9549,30.68,0.0,0
b twice,g2_1910.tif,9550,32.68,0.1488,0
b twice,g2_1910.tif,9551,28.59,0.0107,0
b twice,g2_1910.tif,9552,32.68,0.0,0
shipped,g2_1928.tif,9638,21.06,0.0,0
shipped,g2_1928.tif,9639,30.37,0.0,0
shipped,g2_1928.tif,9640,42.5,0.0,0
shipped,g2_1928.tif,9641,18.24,0.0,0
shipped,g2_1928.tif,9642,18.24,0.0,0
swapped,g2_1928.tif,9638,21.06,0.0,0
swapped,g2_1928.tif,9639,30.37,0.0,0
swapped,g2_1928.tif,9640,42.5,0.0,0
swapped,g2_1928.tif,9641,18.24,0.0,0
swapped,g2_1928.tif,9642,18.24,0.0,0
a twice,g2_1928.tif,9638,21.06,0.0,0
a twice,g2_1928.tif,9639,30.37,0.0,0
a twice,g2_1928.tif,9640,42.5,0.0,0
a twice,g2_1928.tif,9641,18.24,0.0,0
a twice,g2_1928.tif,9642,18.24,0.0,0
b twice,g2_1928.tif,9638,21.06,0.0,0
b twice,g2_1928.tif,9639,30.37,0.0,0
b twice,g2_1928.tif,9640,42.5,0.0,0
b twice,g2_1928.tif,9641,18.24,0.0,0
b twice,g2_1928.tif,9642,18.24,0.0,0
shipped,g2_1930.tif,9648,30.39,0.0,0
shipped,g2_1930.tif,9649,30.39,0.0,0
shipped,g2_1930.tif,9650,30.39,0.0,0
shipped,g2_1930.tif,9651,28.37,0.2364,0
shipped,g2_1930.tif,9652,30.39,0.355,0
swapped,g2_1930.tif,9648,30.39,0.1333,0
swapped,g2_1930.tif,9649,30.39,0.3023,0
swapped,g2_1930.tif,9650,30.39,0.3133,0
swapped,g2_1930.tif,9651,28.37,0.3727,0
swapped,g2_1930.tif,9652,30.39,0.2947,0
a twice,g2_1930.tif,9648,30.39,0.0,0
a twice,g2_1930.tif,9649,30.39,0.0,0
a twice,g2_1930.tif,9650,30.39,0.0,0
a twice,g2_1930.tif,9651,28.37,0.0,0
a twice,g2_1930.tif,9652,30.39,0.0,0
b twice,g2_1930.tif,9648,30.39,0.0,0
b twice,g2_1930.tif,9649,30.39,0.0,0
b twice,g2_1930.tif,9650,30.39,0.0,0
b twice,g2_1930.tif,9651,28.37,0.0,0
b twice,g2_1930.tif,9652,30.39,0.0,0
shipped,g2_1940.tif,9698,82.75,0.0,0
shipped,g2_1940.tif,9699,105.84,0.0558,0
shipped,g2_1940.tif,9700,93.56,0.0,0
shipped,g2_1940.tif,9701,107.85,0.0,0
shipped,g2_1940.tif,9702,130.45,0.0,0
swapped,g2_1940.tif,9698,82.75,0.274,0
swapped,g2_1940.tif,9699,105.84,0.3753,0
swapped,g2_1940.tif,9700,93.56,0.0655,0
swapped,g2_1940.tif,9701,107.85,0.4749,0
swapped,g2_1940.tif,9702,130.45,0.5272,1
a twice,g2_1940.tif,9698,82.75,0.0163,0
a twice,g2_1940.tif,9699,105.84,0.0171,0
a twice,g2_1940.tif,9700,93.56,0.3508,0
a twice,g2_1940.tif,9701,107.85,0.0141,0
a twice,g2_1940.tif,9702,130.45,0.0243,0
b twice,g2_1940.tif,9698,82.75,0.0077,0
b twice,g2_1940.tif,9699,105.84,0.089,0
b twice,g2_1940.tif,9700,93.56,0.0,0
b twice,g2_1940.tif,9701,107.85,0.0,0
b twice,g2_1940.tif,9702,130.45,0.1671,0
shipped,g2_1982.tif,9908,32.52,0.0,0
shipped,g2_1982.tif,9909,48.47,0.0,0
shipped,g2_1982.tif,9910,44.26,0.0,0
shipped,g2_1982.tif,9911,48.47,0.0,0
shipped,g2_1982.tif,9912,44.26,0.0,0
swapped,g2_1982.tif,9908,32.52,0.0,0
swapped,g2_1982.tif,9909,48.47,0.0,0
swapped,g2_1982.tif,9910,44.26,0.0,0
swapped,g2_1982.tif,9911,48.47,0.0,0
swapped,g2_1982.tif,9912,44.26,0.0,0
a twice,g2_1982.tif,9908,32.52,0.0,0
a twice,g2_1982.tif,9909,48.47,0.0,0
a twice,g2_1982.tif,9910,44.26,0.0,0
a twice,g2_1982.tif,9911,48.47,0.0,0
a twice,g2_1982.tif,9912,44.26,0.0,0
b twice,g2_1982.tif,9908,32.52,0.0,0
b twice,g2_1982.tif,9909,48.47,0.0,0
b twice,g2_1982.tif,9910,44.26,0.0,0
b twice,g2_1982.tif,9911,48.47,0.0,0
b twice,g2_1982.tif,9912,44.26,0.0,0
shipped,g3_0020.tif,100,30.43,0.0,0
shipped,g3_0020.tif,101,18.33,0.0,0
shipped,g3_0020.tif,102,18.33,0.0,0
shipped,g3_0020.tif,103,18.26,0.0,0
shipped,g3_0020.tif,104,28.39,0.0,0
swapped,g3_0020.tif,100,30.43,0.0,0
swapped,g3_0020.tif,101,18.33,0.0,0
swapped,g3_0020.tif,102,18.33,0.0,0
swapped,g3_0020.tif,103,18.26,0.0,0
swapped,g3_0020.tif,104,28.39,0.0,0
a twice,g3_0020.tif,100,30.43,0.0,0
a twice,g3_0020.tif,101,18.33,0.0,0
a twice,g3_0020.tif,102,18.33,0.0,0
a twice,g3_0020.tif,103,18.26,0.0,0
a twice,g3_0020.tif,104,28.39,0.0,0
b twice,g3_0020.tif,100,30.43,0.0,0
b twice,g3_0020.tif,101,18.33,0.0,0
b twice,g3_0020.tif,102,18.33,0.0,0
b twice,g3_0020.tif,103,18.26,0.0,0
b twice,g3_0020.tif,104,28.39,0.0,0
shipped,g3_0079.tif,395,18.43,0.0,0
shipped,g3_0079.tif,396,28.65,0.0,0
shipped,g3_0079.tif,397,18.43,0.0,0
shipped,g3_0079.tif,398,18.43,0.0,0
shipped,g3_0079.tif,399,21.34,0.0,0
swapped,g3_0079.tif,395,18.43,0.0,0
swapped,g3_0079.tif,396,28.65,0.0,0
swapped,g3_0079.tif,397,18.43,0.0,0
swapped,g3_0079.tif,398,18.43,0.0,0
swapped,g3_0079.tif,399,21.34,0.0,0
a twice,g3_0079.tif,395,18.43,0.0,0
a twice,g3_0079.tif,396,28.65,0.0,0
a twice,g3_0079.tif,397,18.43,0.0,0
a twice,g3_0079.tif,398,18.43,0.0,0
a twice,g3_0079.tif,399,21.34,0.0,0
b twice,g3_0079.tif,395,18.43,0.0,0
b twice,g3_0079.tif,396,28.65,0.0,0
b twice,g3_0079.tif,397,18.43,0.0,0
b twice,g3_0079.tif,398,18.43,0.0,0
b twice,g3_0079.tif,399,21.34,0.0,0
shipped,g3_0096.tif,480,30.96,0.0,0
shipped,g3_0096.tif,481,43.33,0.0,0
shipped,g3_0096.tif,482,42.99,0.0,0
shipped,g3_0096.tif,483,43.33,0.0,0
shipped,g3_0096.tif,484,18.59,0.0,0
swapped,g3_0096.tif,480,30.96,0.0,0
swapped,g3_0096.tif,481,43.33,0.0,0
swapped,g3_0096.tif,482,42.99,0.0,0
swapped,g3_0096.tif,483,43.33,0.0,0
swapped,g3_0096.tif,484,18.59,0.0,0
a twice,g3_0096.tif,480,30.96,0.0,0
a twice,g3_0096.tif,481,43.33,0.0,0
a twice,g3_0096.tif,482,42.99,0.0,0
a twice,g3_0096.tif,483,43.33,0.0,0
a twice,g3_0096.tif,484,18.59,0.0,0
b twice,g3_0096.tif,480,30.96,0.0,0
b twice,g3_0096.tif,481,43.33,0.037,0
b twice,g3_0096.tif,482,42.99,0.2135,0
b twice,g3_0096.tif,483,43.33,0.243,0
b twice,g3_0096.tif,484,18.59,0.0429,0
shipped,g3_0119.tif,595,37.77,0.0,0
shipped,g3_0119.tif,596,42.84,0.0,0
shipped,g3_0119.tif,597,44.32,0.0,0
shipped,g3_0119.tif,598,30.61,0.0,0
shipped,g3_0119.tif,599,30.61,0.0,0
swapped,g3_0119.tif,595,37.77,0.0,0
swapped,g3_0119.tif,596,42.84,0.0,0
swapped,g3_0119.tif,597,44.32,0.0,0
swapped,g3_0119.tif,598,30.61,0.0,0
swapped,g3_0119.tif,599,30.61,0.0,0
a twice,g3_0119.tif,595,37.77,0.0,0
a twice,g3_0119.tif,596,42.84,0.0,0
a twice,g3_0119.tif,597,44.32,0.0,0
a twice,g3_0119.tif,598,30.61,0.0,0
a twice,g3_0119.tif,599,30.61,0.0,0
b twice,g3_0119.tif,595,37.77,0.0,0
b twice,g3_0119.tif,596,42.84,0.0,0
b twice,g3_0119.tif,597,44.32,0.0,0
b twice,g3_0119.tif,598,30.61,0.0,0
b twice,g3_0119.tif,599,30.61,0.0,0
shipped,g3_0158.tif,791,18.58,0.0,0
shipped,g3_0158.tif,792,11.29,0.0,0
shipped,g3_0158.tif,793,28.73,0.0,0
shipped,g3_0158.tif,794,11.29,0.0,0
shipped,g3_0158.tif,795,18.58,0.0,0
swapped,g3_0158.tif,791,18.58,0.0,0
swapped,g3_0158.tif,792,11.29,0.0,0
swapped,g3_0158.tif,793,28.73,0.0,0
swapped,g3_0158.tif,794,11.29,0.0,0
swapped,g3_0158.tif,795,18.58,0.0,0
a twice,g3_0158.tif,791,18.58,0.0,0
a twice,g3_0158.tif,792,11.29,0.0,0
a twice,g3_0158.tif,793,28.73,0.0,0
a twice,g3_0158.tif,794,11.29,0.0,0
a twice,g3_0158.tif,795,18.58,0.0,0
b twice,g3_0158.tif,791,18.58,0.0,0
b twice,g3_0158.tif,792,11.29,0.0,0
b twice,g3_0158.tif,793,28.73,0.0,0
b twice,g3_0158.tif,794,11.29,0.0,0
b twice,g3_0158.tif,795,18.58,0.0,0
shipped,g3_0284.tif,1421,38.4,0.2121,0
shipped,g3_0284.tif,1422,32.93,0.0059,0
shipped,g3_0284.tif,1423,43.3,0.0198,0
shipped,g3_0284.tif,1424,46.26,0.0,0
shipped,g3_0284.tif,1425,44.74,0.2394,0
swapped,g3_0284.tif,1421,38.4,0.0,0
swapped,g3_0284.tif,1422,32.93,0.0,0
swapped,g3_0284.tif,1423,43.3,0.2833,0
swapped,g3_0284.tif,1424,46.26,0.0,0
swapped,g3_0284.tif,1425,44.74,0.0093,0
a twice,g3_0284.tif,1421,38.4,0.2469,0
a twice,g3_0284.tif,1422,32.93,0.1371,0
a twice,g3_0284.tif,1423,43.3,0.2901,0
a twice,g3_0284.tif,1424,46.26,0.2817,0
a twice,g3_0284.tif,1425,44.74,0.3289,0
b twice,g3_0284.tif,1421,38.4,0.0,0
b twice,g3_0284.tif,1422,32.93,0.0,0
b twice,g3_0284.tif,1423,43.3,0.0,0
b twice,g3_0284.tif,1424,46.26,0.0,0
b twice,g3_0284.tif,1425,44.74,0.0,0
shipped,g3_0312.tif,1561,30.87,0.0,0
shipped,g3_0312.tif,1562,30.87,0.0,0
shipped,g3_0312.tif,1563,30.87,0.0,0
shipped,g3_0312.tif,1564,43.21,0.0,0
shipped,g3_0312.tif,1565,30.87,0.0,0
swapped,g3_0312.tif,1561,30.87,0.0,0
swapped,g3_0312.tif,1562,30.87,0.0,0
swapped,g3_0312.tif,1563,30.87,0.0,0
swapped,g3_0312.tif,1564,43.21,0.0,0
swapped,g3_0312.tif,1565,30.87,0.0,0
a twice,g3_0312.tif,1561,30.87,0.0,0
a twice,g3_0312.tif,1562,30.87,0.0,0
a twice,g3_0312.tif,1563,30.87,0.0,0
a twice,g3_0312.tif,1564,43.21,0.0,0
a twice,g3_0312.tif,1565,30.87,0.0,0
b twice,g3_0312.tif,1561,30.87,0.0,0
b twice,g3_0312.tif,1562,30.87,0.0,0
b twice,g3_0312.tif,1563,30.87,0.0,0
b twice,g3_0312.tif,1564,43.21,0.0,0
b twice,g3_0312.tif,1565,30.87,0.0,0
shipped,g3_0397.tif,1986,55.93,0.0,0
shipped,g3_0397.tif,1987,32.39,0.0,0
shipped,g3_0397.tif,1988,54.8,0.0,0
shipped,g3_0397.tif,1989,32.39,0.0,0
shipped,g3_0397.tif,1990,32.39,0.0,0
swapped,g3_0397.tif,1986,55.93,0.0,0
swapped,g3_0397.tif,1987,32.39,0.0,0
swapped,g3_0397.tif,1988,54.8,0.0,0
swapped,g3_0397.tif,1989,32.39,0.0,0
swapped,g3_0397.tif,1990,32.39,0.0,0
a twice,g3_0397.tif,1986,55.93,0.0,0
a twice,g3_0397.tif,1987,32.39,0.0,0
a twice,g3_0397.tif,1988,54.8,0.0,0
a twice,g3_0397.tif,1989,32.39,0.0,0
a twice,g3_0397.tif,1990,32.39,0.0,0
b twice,g3_0397.tif,1986,55.93,0.0,0
b twice,g3_0397.tif,1987,32.39,0.0,0
b twice,g3_0397.tif,1988,54.8,0.0,0
b twice,g3_0397.tif,1989,32.39,0.0,0
b twice,g3_0397.tif,1990,32.39,0.0,0
shipped,g3_0403.tif,2016,21.48,0.0,0
shipped,g3_0403.tif,2017,18.59,0.0,0
shipped,g3_0403.tif,2018,18.55,0.0,0
shipped,g3_0403.tif,2019,18.59,0.0,0
shipped,g3_0403.tif,2020,28.82,0.0,0
swapped,g3_0403.tif,2016,21.48,0.0,0
swapped,g3_0403.tif,2017,18.59,0.0,0
swapped,g3_0403.tif,2018,18.55,0.0,0
swapped,g3_0403.tif,2019,18.59,0.0,0
swapped,g3_0403.tif,2020,28.82,0.0,0
a twice,g3_0403.tif,2016,21.48,0.0,0
a twice,g3_0403.tif,2017,18.59,0.0,0
a twice,g3_0403.tif,2018,18.55,0.0,0
a twice,g3_0403.tif,2019,18.59,0.0,0
a twice,g3_0403.tif,2020,28.82,0.0,0
b twice,g3_0403.tif,2016,21.48,0.0,0
b twice,g3_0403.tif,2017,18.59,0.0,0
b twice,g3_0403.tif,2018,18.55,0.0,0
b twice,g3_0403.tif,2019,18.59,0.0,0
b twice,g3_0403.tif,2020,28.82,0.0,0
shipped,g3_0492.tif,2461,18.19,0.0,0
shipped,g3_0492.tif,2462,11.14,0.0,0
shipped,g3_0492.tif,2463,18.19,0.0,0
shipped,g3_0492.tif,2464,11.14,0.0,0
shipped,g3_0492.tif,2465,21.09,0.0,0
swapped,g3_0492.tif,2461,18.19,0.0,0
swapped,g3_0492.tif,2462,11.14,0.0,0
swapped,g3_0492.tif,2463,18.19,0.0,0
swapped,g3_0492.tif,2464,11.14,0.0,0
swapped,g3_0492.tif,2465,21.09,0.0,0
a twice,g3_0492.tif,2461,18.19,0.0,0
a twice,g3_0492.tif,2462,11.14,0.0,0
a twice,g3_0492.tif,2463,18.19,0.0,0
a twice,g3_0492.tif,2464,11.14,0.0,0
a twice,g3_0492.tif,2465,21.09,0.0,0
b twice,g3_0492.tif,2461,18.19,0.0,0
b twice,g3_0492.tif,2462,11.14,0.0,0
b twice,g3_0492.tif,2463,18.19,0.0,0
b twice,g3_0492.tif,2464,11.14,0.0,0
b twice,g3_0492.tif,2465,21.09,0.0,0
shipped,g3_0519.tif,2596,28.41,0.0,0
shipped,g3_0519.tif,2597,28.41,0.0,0
shipped,g3_0519.tif,2598,18.32,0.0,0
shipped,g3_0519.tif,2599,32.45,0.0,0
shipped,g3_0519.tif,2600,18.32,0.0,0
swapped,g3_0519.tif,2596,28.41,0.0,0
swapped,g3_0519.tif,2597,28.41,0.0,0
swapped,g3_0519.tif,2598,18.32,0.0,0
swapped,g3_0519.tif,2599,32.45,0.0,0
swapped,g3_0519.tif,2600,18.32,0.0,0
a twice,g3_0519.tif,2596,28.41,0.0,0
a twice,g3_0519.tif,2597,28.41,0.0,0
a twice,g3_0519.tif,2598,18.32,0.0,0
a twice,g3_0519.tif,2599,32.45,0.0,0
a twice,g3_0519.tif,2600,18.32,0.0,0
b twice,g3_0519.tif,2596,28.41,0.0,0
b twice,g3_0519.tif,2597,28.41,0.0,0
b twice,g3_0519.tif,2598,18.32,0.0,0
b twice,g3_0519.tif,2599,32.45,0.0,0
b twice,g3_0519.tif,2600,18.32,0.0,0
shipped,g3_0551.tif,2756,28.78,0.0,0
shipped,g3_0551.tif,2757,18.52,0.0,0
shipped,g3_0551.tif,2758,30.86,0.0,0
shipped,g3_0551.tif,2759,43.2,0.0,0
shipped,g3_0551.tif,2760,28.78,0.1235,0
swapped,g3_0551.tif,2756,28.78,0.0,0
swapped,g3_0551.tif,2757,18.52,0.0,0
swapped,g3_0551.tif,2758,30.86,0.0,0
swapped,g3_0551.tif,2759,43.2,0.0,0
swapped,g3_0551.tif,2760,28.78,0.0496,0
a twice,g3_0551.tif,2756,28.78,0.0,0
a twice,g3_0551.tif,2757,18.52,0.0,0
a twice,g3_0551.tif,2758,30.86,0.0,0
a twice,g3_0551.tif,2759,43.2,0.4371,0
a twice,g3_0551.tif,2760,28.78,0.0241,0
b twice,g3_0551.tif,2756,28.78,0.0,0
b twice,g3_0551.tif,2757,18.52,0.0,0
b twice,g3_0551.tif,2758,30.86,0.0,0
b twice,g3_0551.tif,2759,43.2,0.0,0
b twice,g3_0551.tif,2760,28.78,0.0789,0
shipped,g3_0583.tif,2916,21.42,0.0,0
shipped,g3_0583.tif,2917,21.42,0.0,0
shipped,g3_0583.tif,2918,21.42,0.0,0
shipped,g3_0583.tif,2919,21.47,0.0,0
shipped,g3_0583.tif,2920,28.76,0.0,0
swapped,g3_0583.tif,2916,21.42,0.0,0
swapped,g3_0583.tif,2917,21.42,0.0,0
swapped,g3_0583.tif,2918,21.42,0.0,0
swapped,g3_0583.tif,2919,21.47,0.0,0
swapped,g3_0583.tif,2920,28.76,0.0,0
a twice,g3_0583.tif,2916,21.42,0.0,0
a twice,g3_0583.tif,2917,21.42,0.0,0
a twice,g3_0583.tif,2918,21.42,0.0,0
a twice,g3_0583.tif,2919,21.47,0.0,0
a twice,g3_0583.tif,2920,28.76,0.0,0
b twice,g3_0583.tif,2916,21.42,0.0,0
b twice,g3_0583.tif,2917,21.42,0.0,0
b twice,g3_0583.tif,2918,21.42,0.0,0
b twice,g3_0583.tif,2919,21.47,0.0,0
b twice,g3_0583.tif,2920,28.76,0.0,0
shipped,g3_0610.tif,3052,21.35,0.0,0
shipped,g3_0610.tif,3053,18.43,0.0,0
shipped,g3_0610.tif,3054,21.35,0.0,0
shipped,g3_0610.tif,3055,28.67,0.0,0
shipped,g3_0610.tif,3056,30.72,0.0,0
swapped,g3_0610.tif,3052,21.35,0.0,0
swapped,g3_0610.tif,3053,18.43,0.0,0
swapped,g3_0610.tif,3054,21.35,0.0,0
swapped,g3_0610.tif,3055,28.67,0.0,0
swapped,g3_0610.tif,3056,30.72,0.0,0
a twice,g3_0610.tif,3052,21.35,0.0,0
a twice,g3_0610.tif,3053,18.43,0.0,0
a twice,g3_0610.tif,3054,21.35,0.0,0
a twice,g3_0610.tif,3055,28.67,0.0,0
a twice,g3_0610.tif,3056,30.72,0.0,0
b twice,g3_0610.tif,3052,21.35,0.0,0
b twice,g3_0610.tif,3053,18.43,0.0,0
b twice,g3_0610.tif,3054,21.35,0.0,0
b twice,g3_0610.tif,3055,28.67,0.0,0
b twice,g3_0610.tif,3056,30.72,0.0,0
shipped,g3_0672.tif,3362,28.63,0.0,0
shipped,g3_0672.tif,3363,38.17,0.0,0
shipped,g3_0672.tif,3364,32.74,0.0,0
shipped,g3_0672.tif,3365,44.52,0.0,0
shipped,g3_0672.tif,3366,28.63,0.0,0
swapped,g3_0672.tif,3362,28.63,0.0,0
swapped,g3_0672.tif,3363,38.17,0.0,0
swapped,g3_0672.tif,3364,32.74,0.0,0
swapped,g3_0672.tif,3365,44.52,0.0,0
swapped,g3_0672.tif,3366,28.63,0.0,0
a twice,g3_0672.tif,3362,28.63,0.0,0
a twice,g3_0672.tif,3363,38.17,0.0,0
a twice,g3_0672.tif,3364,32.74,0.0,0
a twice,g3_0672.tif,3365,44.52,0.0,0
a twice,g3_0672.tif,3366,28.63,0.0,0
b twice,g3_0672.tif,3362,28.63,0.0,0
b twice,g3_0672.tif,3363,38.17,0.0,0
b twice,g3_0672.tif,3364,32.74,0.0,0
b twice,g3_0672.tif,3365,44.52,0.0,0
b twice,g3_0672.tif,3366,28.63,0.0,0
shipped,g3_0688.tif,3442,18.36,0.0,0
shipped,g3_0688.tif,3443,30.53,0.0,0
shipped,g3_0688.tif,3444,18.36,0.0,0
shipped,g3_0688.tif,3445,18.32,0.0,0
shipped,g3_0688.tif,3446,18.32,0.0,0
swapped,g3_0688.tif,3442,18.36,0.0,0
swapped,g3_0688.tif,3443,30.53,0.0,0
swapped,g3_0688.tif,3444,18.36,0.0,0
swapped,g3_0688.tif,3445,18.32,0.0,0
swapped,g3_0688.tif,3446,18.32,0.0,0
a twice,g3_0688.tif,3442,18.36,0.0,0
a twice,g3_0688.tif,3443,30.53,0.0,0
a twice,g3_0688.tif,3444,18.36,0.0,0
a twice,g3_0688.tif,3445,18.32,0.0,0
a twice,g3_0688.tif,3446,18.32,0.0,0
b twice,g3_0688.tif,3442,18.36,0.0,0
b twice,g3_0688.tif,3443,30.53,0.0,0
b twice,g3_0688.tif,3444,18.36,0.0,0
b twice,g3_0688.tif,3445,18.32,0.0,0
b twice,g3_0688.tif,3446,18.32,0.0,0
shipped,g3_0713.tif,3567,30.53,0.0,0
shipped,g3_0713.tif,3568,37.92,0.0,0
shipped,g3_0713.tif,3569,30.53,0.0,0
shipped,g3_0713.tif,3570,30.51,0.0,0
shipped,g3_0713.tif,3571,18.31,0.0,0
swapped,g3_0713.tif,3567,30.53,0.0,0
swapped,g3_0713.tif,3568,37.92,0.0,0
swapped,g3_0713.tif,3569,30.53,0.0,0
swapped,g3_0713.tif,3570,30.51,0.0,0
swapped,g3_0713.tif,3571,18.31,0.0,0
a twice,g3_0713.tif,3567,30.53,0.0,0
a twice,g3_0713.tif,3568,37.92,0.0,0
a twice,g3_0713.tif,3569,30.53,0.0,0
a twice,g3_0713.tif,3570,30.51,0.0,0
a twice,g3_0713.tif,3571,18.31,0.0,0
b twice,g3_0713.tif,3567,30.53,0.0,0
b twice,g3_0713.tif,3568,37.92,0.0,0
b twice,g3_0713.tif,3569,30.53,0.0,0
b twice,g3_0713.tif,3570,30.51,0.0,0
b twice,g3_0713.tif,3571,18.31,0.0,0
shipped,g3_0741.tif,3707,30.72,0.0,0
shipped,g3_0741.tif,3708,30.72,0.0,0
shipped,g3_0741.tif,3709,30.85,0.0,0
shipped,g3_0741.tif,3710,30.72,0.0,0
shipped,g3_0741.tif,3711,30.72,0.0,0
swapped,g3_0741.tif,3707,30.72,0.0,0
swapped,g3_0741.tif,3708,30.72,0.0,0
swapped,g3_0741.tif,3709,30.85,0.0,0
swapped,g3_0741.tif,3710,30.72,0.0,0
swapped,g3_0741.tif,3711,30.72,0.0,0
a twice,g3_0741.tif,3707,30.72,0.0,0
a twice,g3_0741.tif,3708,30.72,0.0,0
a twice,g3_0741.tif,3709,30.85,0.0,0
a twice,g3_0741.tif,3710,30.72,0.0,0
a twice,g3_0741.tif,3711,30.72,0.0,0
b twice,g3_0741.tif,3707,30.72,0.0,0
b twice,g3_0741.tif,3708,30.72,0.0,0
b twice,g3_0741.tif,3709,30.85,0.0,0
b twice,g3_0741.tif,3710,30.72,0.0,0
b twice,g3_0741.tif,3711,30.72,0.0,0
shipped,g3_0781.tif,3907,18.31,0.0,0
shipped,g3_0781.tif,3908,56.14,0.0,0
shipped,g3_0781.tif,3909,42.72,0.0,0
shipped,g3_0781.tif,3910,18.31,0.0,0
shipped,g3_0781.tif,3911,21.19,0.0,0
swapped,g3_0781.tif,3907,18.31,0.0,0
swapped,g3_0781.tif,3908,56.14,0.0,0
swapped,g3_0781.tif,3909,42.72,0.0,0
swapped,g3_0781.tif,3910,18.31,0.0,0
swapped,g3_0781.tif,3911,21.19,0.0,0
a twice,g3_0781.tif,3907,18.31,0.0,0
a twice,g3_0781.tif,3908,56.14,0.0,0
a twice,g3_0781.tif,3909,42.72,0.0,0
a twice,g3_0781.tif,3910,18.31,0.0,0
a twice,g3_0781.tif,3911,21.19,0.0,0
b twice,g3_0781.tif,3907,18.31,0.0,0
b twice,g3_0781.tif,3908,56.14,0.0,0
b twice,g3_0781.tif,3909,42.72,0.0,0
b twice,g3_0781.tif,3910,18.31,0.0,0
b twice,g3_0781.tif,3911,21.19,0.0,0
shipped,g3_0783.tif,3917,43.01,0.0,0
shipped,g3_0783.tif,3918,44.54,0.011,0
shipped,g3_0783.tif,3919,38.26,0.0,0
shipped,g3_0783.tif,3920,43.16,0.0,0
shipped,g3_0783.tif,3921,48.85,0.0,0
swapped,g3_0783.tif,3917,43.01,0.0,0
swapped,g3_0783.tif,3918,44.54,0.0,0
swapped,g3_0783.tif,3919,38.26,0.0,0
swapped,g3_0783.tif,3920,43.16,0.0,0
swapped,g3_0783.tif,3921,48.85,0.0,0
a twice,g3_0783.tif,3917,43.01,0.1707,0
a twice,g3_0783.tif,3918,44.54,0.0,0
a twice,g3_0783.tif,3919,38.26,0.0424,0
a twice,g3_0783.tif,3920,43.16,0.0,0
a twice,g3_0783.tif,3921,48.85,0.1437,0
b twice,g3_0783.tif,3917,43.01,0.2195,0
b twice,g3_0783.tif,3918,44.54,0.0,0
b twice,g3_0783.tif,3919,38.26,0.0,0
b twice,g3_0783.tif,3920,43.16,0.0,0
b twice,g3_0783.tif,3921,48.85,0.0536,0
shipped,g3_0926.tif,4627,28.37,0.0,0
shipped,g3_0926.tif,4628,18.33,0.0,0
shipped,g3_0926.tif,4629,11.15,0.0,0
shipped,g3_0926.tif,4630,18.33,0.0,0
shipped,g3_0926.tif,4631,21.19,0.0,0
swapped,g3_0926.tif,4627,28.37,0.0,0
swapped,g3_0926.tif,4628,18.33,0.0,0
swapped,g3_0926.tif,4629,11.15,0.0,0
swapped,g3_0926.tif,4630,18.33,0.0,0
swapped,g3_0926.tif,4631,21.19,0.0,0
a twice,g3_0926.tif,4627,28.37,0.0,0
a twice,g3_0926.tif,4628,18.33,0.0,0
a twice,g3_0926.tif,4629,11.15,0.0,0
a twice,g3_0926.tif,4630,18.33,0.0,0
a twice,g3_0926.tif,4631,21.19,0.0,0
b twice,g3_0926.tif,4627,28.37,0.0,0
b twice,g3_0926.tif,4628,18.33,0.0,0
b twice,g3_0926.tif,4629,11.15,0.0,0
b twice,g3_0926.tif,4630,18.33,0.0,0
b twice,g3_0926.tif,4631,21.19,0.0,0
shipped,g3_0955.tif,4772,18.48,0.0,0
shipped,g3_0955.tif,4773,30.79,0.0,0
shipped,g3_0955.tif,4774,30.79,0.0,0
shipped,g3_0955.tif,4775,30.72,0.0,0
shipped,g3_0955.tif,4776,30.79,0.0,0
swapped,g3_0955.tif,4772,18.48,0.0,0
swapped,g3_0955.tif,4773,30.79,0.0,0
swapped,g3_0955.tif,4774,30.79,0.0,0
swapped,g3_0955.tif,4775,30.72,0.191,0
swapped,g3_0955.tif,4776,30.79,0.1818,0
a twice,g3_0955.tif,4772,18.48,0.0,0
a twice,g3_0955.tif,4773,30.79,0.0,0
a twice,g3_0955.tif,4774,30.79,0.0,0
a twice,g3_0955.tif,4775,30.72,0.0,0
a twice,g3_0955.tif,4776,30.79,0.0,0
b twice,g3_0955.tif,4772,18.48,0.0,0
b twice,g3_0955.tif,4773,30.79,0.0,0
b twice,g3_0955.tif,4774,30.79,0.0,0
b twice,g3_0955.tif,4775,30.72,0.0,0
b twice,g3_0955.tif,4776,30.79,0.0,0
shipped,g3_1003.tif,5012,30.39,0.0,0
shipped,g3_1003.tif,5013,21.12,0.0,0
shipped,g3_1003.tif,5014,28.37,0.0,0
shipped,g3_1003.tif,5015,28.37,0.0,0
shipped,g3_1003.tif,5016,28.37,0.0,0
swapped,g3_1003.tif,5012,30.39,0.0,0
swapped,g3_1003.tif,5013,21.12,0.0,0
swapped,g3_1003.tif,5014,28.37,0.0,0
swapped,g3_1003.tif,5015,28.37,0.0,0
swapped,g3_1003.tif,5016,28.37,0.0,0
a twice,g3_1003.tif,5012,30.39,0.0,0
a twice,g3_1003.tif,5013,21.12,0.0,0
a twice,g3_1003.tif,5014,28.37,0.0,0
a twice,g3_1003.tif,5015,28.37,0.0,0
a twice,g3_1003.tif,5016,28.37,0.0,0
b twice,g3_1003.tif,5012,30.39,0.0,0
b twice,g3_1003.tif,5013,21.12,0.0,0
b twice,g3_1003.tif,5014,28.37,0.0,0
b twice,g3_1003.tif,5015,28.37,0.0,0
b twice,g3_1003.tif,5016,28.37,0.0,0
shipped,g3_1098.tif,5487,18.55,0.0,0
shipped,g3_1098.tif,5488,21.49,0.0,0
swapped,g3_1098.tif,5487,18.55,0.0,0
swapped,g3_1098.tif,5488,21.49,0.0,0
a twice,g3_1098.tif,5487,18.55,0.0,0
a twice,g3_1098.tif,5488,21.49,0.0,0
b twice,g3_1098.tif,5487,18.55,0.0,0
b twice,g3_1098.tif,5488,21.49,0.0,0
shipped,g3_1174.tif,5867,18.43,0.0,0
shipped,g3_1174.tif,5868,6.14,0.0,0
shipped,g3_1174.tif,5869,11.26,0.0,0
shipped,g3_1174.tif,5870,18.43,0.0,0
shipped,g3_1174.tif,5871,6.18,0.0,0
swapped,g3_1174.tif,5867,18.43,0.0,0
swapped,g3_1174.tif,5868,6.14,0.0,0
swapped,g3_1174.tif,5869,11.26,0.0,0
swapped,g3_1174.tif,5870,18.43,0.0,0
swapped,g3_1174.tif,5871,6.18,0.0,0
a twice,g3_1174.tif,5867,18.43,0.0,0
a twice,g3_1174.tif,5868,6.14,0.0,0
a twice,g3_1174.tif,5869,11.26,0.0,0
a twice,g3_1174.tif,5870,18.43,0.0,0
a twice,g3_1174.tif,5871,6.18,0.0,0
b twice,g3_1174.tif,5867,18.43,0.0,0
b twice,g3_1174.tif,5868,6.14,0.0,0
b twice,g3_1174.tif,5869,11.26,0.0,0
b twice,g3_1174.tif,5870,18.43,0.0,0
b twice,g3_1174.tif,5871,6.18,0.0,0
shipped,g3_1318.tif,6587,28.71,0.0,0
shipped,g3_1318.tif,6588,28.71,0.0,0
shipped,g3_1318.tif,6589,30.69,0.0,0
shipped,g3_1318.tif,6590,18.41,0.0,0
shipped,g3_1318.tif,6591,18.41,0.0,0
swapped,g3_1318.tif,6587,28.71,0.0,0
swapped,g3_1318.tif,6588,28.71,0.0,0
swapped,g3_1318.tif,6589,30.69,0.0,0
swapped,g3_1318.tif,6590,18.41,0.0,0
swapped,g3_1318.tif,6591,18.41,0.0,0
a twice,g3_1318.tif,6587,28.71,0.0,0
a twice,g3_1318.tif,6588,28.71,0.0,0
a twice,g3_1318.tif,6589,30.69,0.0,0
a twice,g3_1318.tif,6590,18.41,0.0,0
a twice,g3_1318.tif,6591,18.41,0.0,0
b twice,g3_1318.tif,6587,28.71,0.0,0
b twice,g3_1318.tif,6588,28.71,0.0,0
b twice,g3_1318.tif,6589,30.69,0.0,0
b twice,g3_1318.tif,6590,18.41,0.0,0
b twice,g3_1318.tif,6591,18.41,0.0,0
shipped,g3_1347.tif,6732,30.72,0.0,0
shipped,g3_1347.tif,6733,18.43,0.0,0
shipped,g3_1347.tif,6734,43.01,0.0,0
shipped,g3_1347.tif,6735,28.64,0.0,0
shipped,g3_1347.tif,6736,30.72,0.0,0
swapped,g3_1347.tif,6732,30.72,0.0,0
swapped,g3_1347.tif,6733,18.43,0.0,0
swapped,g3_1347.tif,6734,43.01,0.0,0
swapped,g3_1347.tif,6735,28.64,0.0,0
swapped,g3_1347.tif,6736,30.72,0.0,0
a twice,g3_1347.tif,6732,30.72,0.0,0
a twice,g3_1347.tif,6733,18.43,0.0,0
a twice,g3_1347.tif,6734,43.01,0.0,0
a twice,g3_1347.tif,6735,28.64,0.0,0
a twice,g3_1347.tif,6736,30.72,0.0,0
b twice,g3_1347.tif,6732,30.72,0.0,0
b twice,g3_1347.tif,6733,18.43,0.0,0
b twice,g3_1347.tif,6734,43.01,0.0,0
b twice,g3_1347.tif,6735,28.64,0.0,0
b twice,g3_1347.tif,6736,30.72,0.0,0
shipped,g3_1351.tif,6752,32.5,0.0,0
shipped,g3_1351.tif,6753,21.2,0.0,0
shipped,g3_1351.tif,6754,18.31,0.0,0
shipped,g3_1351.tif,6755,18.32,0.0,0
shipped,g3_1351.tif,6756,28.43,0.0,0
swapped,g3_1351.tif,6752,32.5,0.0,0
swapped,g3_1351.tif,6753,21.2,0.0,0
swapped,g3_1351.tif,6754,18.31,0.0,0
swapped,g3_1351.tif,6755,18.32,0.0,0
swapped,g3_1351.tif,6756,28.43,0.0,0
a twice,g3_1351.tif,6752,32.5,0.0,0
a twice,g3_1351.tif,6753,21.2,0.0,0
a twice,g3_1351.tif,6754,18.31,0.0,0
a twice,g3_1351.tif,6755,18.32,0.0,0
a twice,g3_1351.tif,6756,28.43,0.0,0
b twice,g3_1351.tif,6752,32.5,0.0,0
b twice,g3_1351.tif,6753,21.2,0.0,0
b twice,g3_1351.tif,6754,18.31,0.0,0
b twice,g3_1351.tif,6755,18.32,0.0,0
b twice,g3_1351.tif,6756,28.43,0.0,0
shipped,g3_1440.tif,7198,38.31,0.0,0
shipped,g3_1440.tif,7199,38.31,0.0,0
shipped,g3_1440.tif,7200,44.65,0.0,0
shipped,g3_1440.tif,7201,28.75,0.0,0
shipped,g3_1440.tif,7202,32.81,0.0,0
swapped,g3_1440.tif,7198,38.31,0.0,0
swapped,g3_1440.tif,7199,38.31,0.0,0
swapped,g3_1440.tif,7200,44.65,0.0,0
swapped,g3_1440.tif,7201,28.75,0.0,0
swapped,g3_1440.tif,7202,32.81,0.0,0
a twice,g3_1440.tif,7198,38.31,0.0,0
a twice,g3_1440.tif,7199,38.31,0.0,0
a twice,g3_1440.tif,7200,44.65,0.0,0
a twice,g3_1440.tif,7201,28.75,0.0,0
a twice,g3_1440.tif,7202,32.81,0.0,0
b twice,g3_1440.tif,7198,38.31,0.0,0
b twice,g3_1440.tif,7199,38.31,0.0,0
b twice,g3_1440.tif,7200,44.65,0.0,0
b twice,g3_1440.tif,7201,28.75,0.0,0
b twice,g3_1440.tif,7202,32.81,0.0,0
shipped,g3_1487.tif,7433,28.78,0.0,0
shipped,g3_1487.tif,7434,18.53,0.0,0
shipped,g3_1487.tif,7435,21.47,0.0,0
shipped,g3_1487.tif,7436,28.78,0.0,0
shipped,g3_1487.tif,7437,28.78,0.0,0
swapped,g3_1487.tif,7433,28.78,0.0,0
swapped,g3_1487.tif,7434,18.53,0.0,0
swapped,g3_1487.tif,7435,21.47,0.0,0
swapped,g3_1487.tif,7436,28.78,0.0,0
swapped,g3_1487.tif,7437,28.78,0.0,0
a twice,g3_1487.tif,7433,28.78,0.0,0
a twice,g3_1487.tif,7434,18.53,0.0,0
a twice,g3_1487.tif,7435,21.47,0.0,0
a twice,g3_1487.tif,7436,28.78,0.0,0
a twice,g3_1487.tif,7437,28.78,0.0,0
b twice,g3_1487.tif,7433,28.78,0.0,0
b twice,g3_1487.tif,7434,18.53,0.0,0
b twice,g3_1487.tif,7435,21.47,0.0,0
b twice,g3_1487.tif,7436,28.78,0.0,0
b twice,g3_1487.tif,7437,28.78,0.0,0
shipped,g3_1515.tif,7573,42.46,0.0,0
shipped,g3_1515.tif,7574,42.46,0.0,0
shipped,g3_1515.tif,7575,54.6,0.0,0
shipped,g3_1515.tif,7576,18.3,0.0,0
shipped,g3_1515.tif,7577,21.15,0.0,0
swapped,g3_1515.tif,7573,42.46,0.0,0
swapped,g3_1515.tif,7574,42.46,0.0,0
swapped,g3_1515.tif,7575,54.6,0.0,0
swapped,g3_1515.tif,7576,18.3,0.0,0
swapped,g3_1515.tif,7577,21.15,0.0,0
a twice,g3_1515.tif,7573,42.46,0.3516,0
a twice,g3_1515.tif,7574,42.46,0.1579,0
a twice,g3_1515.tif,7575,54.6,0.3456,0
a twice,g3_1515.tif,7576,18.3,0.375,0
a twice,g3_1515.tif,7577,21.15,0.1538,0
b twice,g3_1515.tif,7573,42.46,0.0,0
b twice,g3_1515.tif,7574,42.46,0.0,0
b twice,g3_1515.tif,7575,54.6,0.0,0
b twice,g3_1515.tif,7576,18.3,0.0,0
b twice,g3_1515.tif,7577,21.15,0.0,0
shipped,g3_1748.tif,8738,30.92,0.0,0
shipped,g3_1748.tif,8739,30.92,0.0,0
shipped,g3_1748.tif,8740,30.92,0.0,0
shipped,g3_1748.tif,8741,43.28,0.0,0
shipped,g3_1748.tif,8742,43.28,0.0,0
swapped,g3_1748.tif,8738,30.92,0.0,0
swapped,g3_1748.tif,8739,30.92,0.0,0
swapped,g3_1748.tif,8740,30.92,0.0,0
swapped,g3_1748.tif,8741,43.28,0.0,0
swapped,g3_1748.tif,8742,43.28,0.0,0
a twice,g3_1748.tif,8738,30.92,0.16,0
a twice,g3_1748.tif,8739,30.92,0.0,0
a twice,g3_1748.tif,8740,30.92,0.0,0
a twice,g3_1748.tif,8741,43.28,0.3623,0
a twice,g3_1748.tif,8742,43.28,0.009,0
b twice,g3_1748.tif,8738,30.92,0.2373,0
b twice,g3_1748.tif,8739,30.92,0.005,0
b twice,g3_1748.tif,8740,30.92,0.0445,0
b twice,g3_1748.tif,8741,43.28,0.0871,0
b twice,g3_1748.tif,8742,43.28,0.0979,0
shipped,g3_1770.tif,8848,30.82,0.0,0
shipped,g3_1770.tif,8849,21.42,0.0,0
shipped,g3_1770.tif,8850,21.42,0.0,0
shipped,g3_1770.tif,8851,21.42,0.0,0
shipped,g3_1770.tif,8852,32.83,0.0,0
swapped,g3_1770.tif,8848,30.82,0.0,0
swapped,g3_1770.tif,8849,21.42,0.0,0
swapped,g3_1770.tif,8850,21.42,0.0,0
swapped,g3_1770.tif,8851,21.42,0.0,0
swapped,g3_1770.tif,8852,32.83,0.0,0
a twice,g3_1770.tif,8848,30.82,0.0,0
a twice,g3_1770.tif,8849,21.42,0.0,0
a twice,g3_1770.tif,8850,21.42,0.0,0
a twice,g3_1770.tif,8851,21.42,0.0,0
a twice,g3_1770.tif,8852,32.83,0.0,0
b twice,g3_1770.tif,8848,30.82,0.0,0
b twice,g3_1770.tif,8849,21.42,0.0,0
b twice,g3_1770.tif,8850,21.42,0.0,0
b twice,g3_1770.tif,8851,21.42,0.0,0
b twice,g3_1770.tif,8852,32.83,0.0,0
shipped,g3_1785.tif,8923,21.51,0.0,0
shipped,g3_1785.tif,8924,44.81,0.0,0
shipped,g3_1785.tif,8925,18.6,0.0,0
shipped,g3_1785.tif,8926,28.83,0.0,0
shipped,g3_1785.tif,8927,32.99,0.0,0
swapped,g3_1785.tif,8923,21.51,0.0,0
swapped,g3_1785.tif,8924,44.81,0.0,0
swapped,g3_1785.tif,8925,18.6,0.0,0
swapped,g3_1785.tif,8926,28.83,0.0,0
swapped,g3_1785.tif,8927,32.99,0.0,0
a twice,g3_1785.tif,8923,21.51,0.0,0
a twice,g3_1785.tif,8924,44.81,0.0,0
a twice,g3_1785.tif,8925,18.6,0.0,0
a twice,g3_1785.tif,8926,28.83,0.0,0
a twice,g3_1785.tif,8927,32.99,0.0,0
b twice,g3_1785.tif,8923,21.51,0.0,0
b twice,g3_1785.tif,8924,44.81,0.0,0
b twice,g3_1785.tif,8925,18.6,0.0,0
b twice,g3_1785.tif,8926,28.83,0.0,0
b twice,g3_1785.tif,8927,32.99,0.0,0
shipped,g3_1836.tif,9178,18.19,0.0,0
shipped,g3_1836.tif,9179,18.19,0.0,0
shipped,g3_1836.tif,9180,18.19,0.0,0
shipped,g3_1836.tif,9181,18.19,0.0,0
shipped,g3_1836.tif,9182,30.32,0.0,0
swapped,g3_1836.tif,9178,18.19,0.0,0
swapped,g3_1836.tif,9179,18.19,0.0,0
swapped,g3_1836.tif,9180,18.19,0.0,0
swapped,g3_1836.tif,9181,18.19,0.0,0
swapped,g3_1836.tif,9182,30.32,0.0,0
a twice,g3_1836.tif,9178,18.19,0.0,0
a twice,g3_1836.tif,9179,18.19,0.0,0
a twice,g3_1836.tif,9180,18.19,0.0,0
a twice,g3_1836.tif,9181,18.19,0.0,0
a twice,g3_1836.tif,9182,30.32,0.0,0
b twice,g3_1836.tif,9178,18.19,0.0,0
b twice,g3_1836.tif,9179,18.19,0.0,0
b twice,g3_1836.tif,9180,18.19,0.0,0
b twice,g3_1836.tif,9181,18.19,0.0,0
b twice,g3_1836.tif,9182,30.32,0.0,0
shipped,g3_1854.tif,9268,30.72,0.0,0
shipped,g3_1854.tif,9269,21.41,0.0,0
shipped,g3_1854.tif,9270,18.52,0.0,0
shipped,g3_1854.tif,9271,30.72,0.0,0
shipped,g3_1854.tif,9272,18.52,0.0,0
swapped,g3_1854.tif,9268,30.72,0.0,0
swapped,g3_1854.tif,9269,21.41,0.0,0
swapped,g3_1854.tif,9270,18.52,0.0,0
swapped,g3_1854.tif,9271,30.72,0.44,0
swapped,g3_1854.tif,9272,18.52,0.0,0
a twice,g3_1854.tif,9268,30.72,0.0,0
a twice,g3_1854.tif,9269,21.41,0.0,0
a twice,g3_1854.tif,9270,18.52,0.0,0
a twice,g3_1854.tif,9271,30.72,0.0,0
a twice,g3_1854.tif,9272,18.52,0.0,0
b twice,g3_1854.tif,9268,30.72,0.0,0
b twice,g3_1854.tif,9269,21.41,0.0,0
b twice,g3_1854.tif,9270,18.52,0.0,0
b twice,g3_1854.tif,9271,30.72,0.0,0
b twice,g3_1854.tif,9272,18.52,0.0,0
shipped,g3_1911.tif,9553,30.97,0.0,0
shipped,g3_1911.tif,9554,43.0,0.0,0
shipped,g3_1911.tif,9555,32.73,0.0,0
shipped,g3_1911.tif,9556,30.71,0.0,0
shipped,g3_1911.tif,9557,18.6,0.0,0
swapped,g3_1911.tif,9553,30.97,0.0,0
swapped,g3_1911.tif,9554,43.0,0.0,0
swapped,g3_1911.tif,9555,32.73,0.0,0
swapped,g3_1911.tif,9556,30.71,0.0,0
swapped,g3_1911.tif,9557,18.6,0.0,0
a twice,g3_1911.tif,9553,30.97,0.0,0
a twice,g3_1911.tif,9554,43.0,0.0,0
a twice,g3_1911.tif,9555,32.73,0.0,0
a twice,g3_1911.tif,9556,30.71,0.0,0
a twice,g3_1911.tif,9557,18.6,0.0,0
b twice,g3_1911.tif,9553,30.97,0.0,0
b twice,g3_1911.tif,9554,43.0,0.0,0
b twice,g3_1911.tif,9555,32.73,0.0,0
b twice,g3_1911.tif,9556,30.71,0.0,0
b twice,g3_1911.tif,9557,18.6,0.0,0
shipped,g3_1925.tif,9623,11.16,0.0,0
shipped,g3_1925.tif,9624,18.31,0.0,0
shipped,g3_1925.tif,9625,18.31,0.0,0
shipped,g3_1925.tif,9627,28.43,0.0,0
swapped,g3_1925.tif,9623,11.16,0.0,0
swapped,g3_1925.tif,9624,18.31,0.0,0
swapped,g3_1925.tif,9625,18.31,0.0,0
swapped,g3_1925.tif,9627,28.43,0.0,0
a twice,g3_1925.tif,9623,11.16,0.0,0
a twice,g3_1925.tif,9624,18.31,0.0,0
a twice,g3_1925.tif,9625,18.31,0.0,0
a twice,g3_1925.tif,9627,28.43,0.0,0
b twice,g3_1925.tif,9623,11.16,0.0,0
b twice,g3_1925.tif,9624,18.31,0.0,0
b twice,g3_1925.tif,9625,18.31,0.0,0
b twice,g3_1925.tif,9627,28.43,0.0,0
shipped,g3_1964.tif,9818,32.72,0.0,0
shipped,g3_1964.tif,9819,30.74,0.0,0
shipped,g3_1964.tif,9820,38.12,0.0,0
shipped,g3_1964.tif,9821,44.52,0.0,0
shipped,g3_1964.tif,9822,48.78,0.0,0
swapped,g3_1964.tif,9818,32.72,0.0,0
swapped,g3_1964.tif,9819,30.74,0.0,0
swapped,g3_1964.tif,9820,38.12,0.0,0
swapped,g3_1964.tif,9821,44.52,0.0,0
swapped,g3_1964.tif,9822,48.78,0.0,0
a twice,g3_1964.tif,9818,32.72,0.0,0
a twice,g3_1964.tif,9819,30.74,0.0,0
a twice,g3_1964.tif,9820,38.12,0.0,0
a twice,g3_1964.tif,9821,44.52,0.0,0
a twice,g3_1964.tif,9822,48.78,0.0,0
b twice,g3_1964.tif,9818,32.72,0.0,0
b twice,g3_1964.tif,9819,30.74,0.0,0
b twice,g3_1964.tif,9820,38.12,0.0,0
b twice,g3_1964.tif,9821,44.52,0.0,0
b twice,g3_1964.tif,9822,48.78,0.0,0
