country,chip,parcel_id,width_native_px,contrast,width_native_px_published
slovenia,g13_00002_16.tif,6402188,1.235,2.8211,1.242
slovenia,g13_00002_16.tif,6983393,2.881,1.4908,2.204
slovenia,g13_00002_16.tif,7079929,2.502,1.0507,1.927
slovenia,g13_00002_17.tif,6113948,2.346,1.425,1.927
slovenia,g13_00002_18.tif,6157272,1.045,1.6403,0.757
slovenia,g13_00003_12.tif,6166700,2.9,1.821,2.204
slovenia,g13_00003_12.tif,6166702,2.9,1.4333,2.204
slovenia,g13_00003_12.tif,6166704,1.633,1.6775,1.437
slovenia,g13_00003_12.tif,6490468,1.633,2.0319,1.437
slovenia,g13_00003_12.tif,6490470,1.045,1.5638,0.757
slovenia,g13_00003_12.tif,6514417,9.2,1.0237,7.863
slovenia,g13_00003_12.tif,6514421,3.285,1.2814,2.897
slovenia,g13_00003_12.tif,6514422,5.107,1.3154,4.044
slovenia,g13_00003_12.tif,6572178,3.965,1.6544,3.725
slovenia,g13_00003_12.tif,6737064,3.191,0.7317,2.204
slovenia,g13_00003_12.tif,6910737,1.633,2.6046,1.242
slovenia,g13_00003_12.tif,6910738,2.346,2.0976,1.927
slovenia,g13_00003_12.tif,6910741,1.045,2.6413,0.757
slovenia,g13_00003_12.tif,6910746,4.375,2.2681,2.999
slovenia,g13_00003_13.tif,6166702,2.346,1.4387,2.069
slovenia,g13_00003_13.tif,6324650,2.128,1.6563,1.437
slovenia,g13_00003_13.tif,6324653,1.045,1.4909,0.757
slovenia,g13_00003_13.tif,6524321,3.043,1.6676,2.204
slovenia,g13_00003_13.tif,6524323,3.191,1.6225,2.069
slovenia,g13_00003_13.tif,6524324,1.045,1.8234,0.757
slovenia,g13_00003_13.tif,6524325,3.554,1.8299,2.999
slovenia,g13_00003_13.tif,6737065,3.679,1.1195,3.288
slovenia,g13_00003_13.tif,6737066,2.9,1.1499,2.571
slovenia,g13_00003_14.tif,6145881,1.633,1.3056,1.242
slovenia,g13_00003_14.tif,6145882,9.814,1.4548,8.501
slovenia,g13_00003_14.tif,6145886,0.414,1.6639,0.414
slovenia,g13_00003_14.tif,6145887,1.045,1.9163,0.757
slovenia,g13_00003_14.tif,6145890,4.393,1.5509,2.999
slovenia,g13_00003_14.tif,6145891,3.191,1.3018,2.897
slovenia,g13_00003_14.tif,6145892,4.997,1.2769,3.725
slovenia,g13_00003_14.tif,6145893,3.191,1.2772,2.069
slovenia,g13_00003_14.tif,6199100,2.071,1.5325,2.069
slovenia,g13_00003_14.tif,6394110,1.633,0.9866,1.242
slovenia,g13_00003_14.tif,6446137,1.989,1.0257,1.437
slovenia,g13_00003_14.tif,6537426,1.633,3.3052,1.437
slovenia,g13_00003_14.tif,6560698,6.501,1.7686,4.821
slovenia,g13_00003_14.tif,6560699,4.375,1.7612,3.725
slovenia,g13_00003_14.tif,6774220,1.045,1.2612,0.757
slovenia,g13_00003_14.tif,6774225,1.633,1.4316,1.242
slovenia,g13_00003_14.tif,6872553,6.448,1.9843,4.821
slovenia,g13_00003_14.tif,7019528,1.045,2.5614,0.757
slovenia,g13_00003_14.tif,7019531,4.375,1.6111,4.044
slovenia,g13_00003_18.tif,6133722,7.521,2.4119,5.38
slovenia,g13_00003_18.tif,6146415,3.899,0.8848,3.098
slovenia,g13_00003_18.tif,6146416,3.728,1.2502,2.999
slovenia,g13_00003_18.tif,6224238,8.212,1.2325,7.036
slovenia,g13_00003_18.tif,6224239,1.989,1.3432,1.242
slovenia,g13_00003_18.tif,6224304,6.636,1.3397,5.439
slovenia,g13_00003_18.tif,6224344,2.9,1.5663,2.069
slovenia,g13_00003_18.tif,6224464,2.071,1.7106,1.927
slovenia,g13_00003_18.tif,6625264,7.87,1.6473,7.439
slovenia,g13_00003_18.tif,6736122,7.773,0.9488,6.99
slovenia,g13_00003_18.tif,6862344,8.16,0.6161,6.208
slovenia,g13_00003_18.tif,6862375,26.413,1.3133,19.452
slovenia,g13_00003_18.tif,6862397,18.007,1.4801,14.485
slovenia,g13_00003_18.tif,6862405,1.989,0.4062,1.437
slovenia,g13_00003_18.tif,6862407,10.402,1.1069,7.036
slovenia,g13_00003_18.tif,6862425,0.788,1.0398,0.414
slovenia,g13_00003_18.tif,6953125,14.383,1.1246,13.461
slovenia,g13_00003_18.tif,6953150,5.595,1.6659,4.044
slovenia,g13_00003_18.tif,6970149,12.896,1.0031,10.347
slovenia,g13_00004_0.tif,6090653,1.633,1.5895,1.437
slovenia,g13_00004_0.tif,6090654,2.505,1.6235,1.927
slovenia,g13_00004_0.tif,6090658,1.045,1.6819,0.757
slovenia,g13_00004_0.tif,6111251,0.788,1.2086,0.414
slovenia,g13_00004_0.tif,6111252,2.505,1.0024,1.927
slovenia,g13_00004_0.tif,6208423,1.633,1.0511,1.242
slovenia,g13_00004_0.tif,6316528,4.375,1.2123,3.807
slovenia,g13_00004_0.tif,6316531,0.788,0.9802,0.414
slovenia,g13_00004_0.tif,6707003,5.651,1.7821,4.413
slovenia,g13_00004_0.tif,6707008,3.728,1.0605,2.897
slovenia,g13_00004_0.tif,6788595,2.071,2.1098,2.069
slovenia,g13_00004_0.tif,6788596,10.356,1.2371,8.729
slovenia,g13_00004_0.tif,6862344,6.796,0.8338,4.553
slovenia,g13_00004_0.tif,6862365,17.211,1.2326,15.891
slovenia,g13_00004_0.tif,6862366,12.805,0.6727,9.519
slovenia,g13_00004_0.tif,6862373,27.424,1.599,20.689
slovenia,g13_00004_0.tif,6862394,20.415,0.7722,15.486
slovenia,g13_00004_0.tif,6862396,17.635,1.2645,15.572
slovenia,g13_00004_0.tif,6862397,0.414,1.6949,0.414
slovenia,g13_00004_0.tif,6910498,13.721,1.2857,13.288
slovenia,g13_00004_0.tif,6987753,4.393,0.8694,2.897
slovenia,g13_00004_0.tif,7044089,5.595,2.0487,3.807
slovenia,g13_00004_0.tif,7044092,5.931,1.9061,4.821
slovenia,g13_00004_0.tif,7049957,1.633,0.6745,1.242
slovenia,g13_00004_1.tif,6090656,10.813,1.6236,7.863
slovenia,g13_00004_1.tif,6094132,3.965,1.5135,3.098
slovenia,g13_00004_1.tif,6094133,1.045,1.1481,0.757
slovenia,g13_00004_1.tif,6094134,1.045,1.6249,0.757
slovenia,g13_00004_1.tif,6094137,5.508,1.4996,4.553
slovenia,g13_00004_1.tif,6094214,5.595,1.148,3.725
slovenia,g13_00004_1.tif,6165385,14.898,1.7517,13.461
slovenia,g13_00004_1.tif,6165391,5.931,1.8041,4.413
slovenia,g13_00004_1.tif,6267989,17.612,2.859,12.856
slovenia,g13_00004_1.tif,6420102,2.071,2.4249,2.069
slovenia,g13_00004_1.tif,6443932,0.788,1.241,0.414
slovenia,g13_00004_1.tif,6443934,8.621,1.7125,6.99
slovenia,g13_00004_1.tif,6443941,7.118,2.6152,6.051
slovenia,g13_00004_1.tif,6443952,2.505,1.7733,2.204
slovenia,g13_00004_1.tif,6444032,3.043,2.3051,2.571
slovenia,g13_00004_1.tif,6444073,3.679,2.1466,3.098
slovenia,g13_00004_1.tif,6444273,8.839,1.4406,6.99
slovenia,g13_00004_1.tif,6444289,8.039,1.5302,5.89
slovenia,g13_00004_1.tif,6444732,17.97,1.747,14.983
slovenia,g13_00004_1.tif,6503716,5.508,1.344,5.439
slovenia,g13_00004_1.tif,6503721,5.508,1.7128,4.886
slovenia,g13_00004_1.tif,6503913,5.508,1.973,5.439
slovenia,g13_00004_1.tif,6503966,0.788,1.6071,0.414
slovenia,g13_00004_1.tif,6504115,7.213,1.41,6.26
slovenia,g13_00004_1.tif,6504116,7.42,1.6146,6.99
slovenia,g13_00004_1.tif,6504194,5.077,1.4391,4.268
slovenia,g13_00004_1.tif,6559607,4.393,2.3211,2.897
slovenia,g13_00004_1.tif,6578268,7.87,1.6408,6.26
slovenia,g13_00004_1.tif,6578397,5.077,1.6072,4.553
slovenia,g13_00004_1.tif,6578410,8.358,1.5459,7.036
slovenia,g13_00004_1.tif,6578413,5.107,1.2839,4.821
slovenia,g13_00004_1.tif,6578415,1.243,1.2887,1.242
slovenia,g13_00004_1.tif,6581409,15.663,2.1762,13.633
slovenia,g13_00004_1.tif,6581410,1.045,1.6352,0.757
slovenia,g13_00004_1.tif,6581411,2.346,1.5378,1.927
slovenia,g13_00004_1.tif,6689417,3.191,2.2569,2.069
slovenia,g13_00004_1.tif,6707003,5.385,1.508,4.821
slovenia,g13_00004_1.tif,6707008,3.554,1.898,2.571
slovenia,g13_00004_1.tif,6788595,12.805,3.2546,8.84
slovenia,g13_00004_1.tif,6788596,2.346,1.1732,2.069
slovenia,g13_00004_1.tif,6862312,27.276,1.8345,21.075
slovenia,g13_00004_1.tif,6862365,20.021,1.7348,16.988
slovenia,g13_00004_1.tif,6862373,14.102,1.2803,11.174
slovenia,g13_00004_1.tif,6862379,26.413,2.5387,18.642
slovenia,g13_00004_1.tif,6862393,12.297,2.3187,8.691
slovenia,g13_00004_1.tif,6917340,8.457,2.363,6.99
slovenia,g13_00004_1.tif,6945580,2.128,1.7161,1.437
slovenia,g13_00004_1.tif,6945581,3.554,1.9151,2.571
slovenia,g13_00004_1.tif,6961800,4.393,1.7746,2.897
slovenia,g13_00004_1.tif,6961802,4.997,1.9506,3.725
slovenia,g13_00004_1.tif,7044089,6.213,2.3476,4.553
slovenia,g13_00005_10.tif,6689886,5.908,1.7677,4.821
slovenia,g13_00005_11.tif,6689885,1.973,1.6328,1.242
slovenia,g13_00005_9.tif,7079929,2.114,1.1381,1.927
slovenia,g13_00006_11.tif,6085712,6.215,0.8207,5.89
slovenia,g13_00006_11.tif,6085714,1.628,1.2851,1.242
slovenia,g13_00006_11.tif,6085715,8.21,0.709,7.395
slovenia,g13_00006_11.tif,6093619,7.044,0.6468,6.658
slovenia,g13_00006_11.tif,6093620,10.539,1.1184,9.239
slovenia,g13_00006_11.tif,6093628,13.673,1.0973,10.691
slovenia,g13_00006_11.tif,6109021,1.628,1.1574,1.242
slovenia,g13_00006_11.tif,6645080,0.414,0.9065,0.414
slovenia,g13_00006_11.tif,6953134,11.184,0.9597,9.553
slovenia,g13_00006_11.tif,6987751,10.938,1.2738,8.027
slovenia,g13_00006_11.tif,6995387,12.223,0.874,8.691
slovenia,g13_00006_11.tif,6995390,3.167,1.0494,2.069
slovenia,g13_00006_12.tif,6085722,3.262,1.6417,2.204
slovenia,g13_00006_12.tif,6089770,9.137,1.2549,8.228
slovenia,g13_00006_12.tif,6089772,3.671,1.111,2.897
slovenia,g13_00006_12.tif,6093624,10.938,1.3168,8.84
slovenia,g13_00006_12.tif,6093625,12.522,1.5287,10.722
slovenia,g13_00006_12.tif,6093628,5.781,1.2619,4.553
slovenia,g13_00006_12.tif,6093632,6.632,1.2724,5.89
slovenia,g13_00006_12.tif,6109021,13.22,1.2847,10.056
slovenia,g13_00006_12.tif,6109028,6.749,1.399,4.621
slovenia,g13_00006_12.tif,6111252,2.492,0.9505,1.927
slovenia,g13_00006_12.tif,6166271,2.492,1.9162,1.927
slovenia,g13_00006_12.tif,6166272,0.414,1.5542,0.414
slovenia,g13_00006_12.tif,6166273,1.628,1.4502,1.437
slovenia,g13_00006_12.tif,6166275,4.361,2.0106,2.897
slovenia,g13_00006_12.tif,6166276,5.555,1.9397,3.807
slovenia,g13_00006_12.tif,6378684,1.243,0.6432,1.242
slovenia,g13_00006_12.tif,6378686,7.417,1.3034,6.99
slovenia,g13_00006_12.tif,6445437,2.113,1.5749,1.927
slovenia,g13_00006_12.tif,6445438,1.628,1.8228,1.242
slovenia,g13_00006_12.tif,6466917,8.914,1.5606,7.439
slovenia,g13_00006_12.tif,6466921,1.243,1.4775,1.242
slovenia,g13_00006_12.tif,6625247,9.876,1.2508,9.588
slovenia,g13_00006_12.tif,6645080,0.414,0.9846,0.414
slovenia,g13_00006_12.tif,6733272,4.361,1.5071,2.897
slovenia,g13_00006_12.tif,6733273,4.368,1.224,3.725
slovenia,g13_00006_12.tif,6733275,1.628,1.6348,1.437
slovenia,g13_00006_12.tif,6733747,3.167,1.5734,2.069
slovenia,g13_00006_12.tif,6733959,1.039,1.3031,0.757
slovenia,g13_00006_12.tif,6802503,3.671,1.3163,2.897
slovenia,g13_00006_12.tif,6803482,3.671,2.2467,2.897
slovenia,g13_00006_12.tif,6879486,8.507,1.5098,7.082
slovenia,g13_00006_12.tif,6916073,6.403,1.1289,5.555
slovenia,g13_00006_12.tif,6987753,2.492,0.8849,1.927
slovenia,g13_00006_12.tif,7049945,9.15,1.5493,7.863
slovenia,g13_00006_12.tif,7049954,3.671,1.2531,3.288
slovenia,g13_00006_12.tif,7049957,7.355,1.0559,6.26
slovenia,g13_00006_12.tif,7049958,8.507,1.2052,6.208
slovenia,g13_00006_13.tif,6115133,6.414,1.057,4.553
slovenia,g13_00006_13.tif,6115134,3.946,1.69,3.098
slovenia,g13_00006_13.tif,6115178,3.109,1.055,2.999
slovenia,g13_00006_13.tif,6115225,3.671,1.4515,2.999
slovenia,g13_00006_13.tif,6165385,2.492,2.1153,2.069
slovenia,g13_00006_13.tif,6166271,1.039,0.7662,0.757
slovenia,g13_00006_13.tif,6166272,3.946,1.2441,2.999
slovenia,g13_00006_13.tif,6166273,1.039,1.2502,0.757
slovenia,g13_00006_13.tif,6166275,9.28,1.7908,6.658
slovenia,g13_00006_13.tif,6166279,1.039,1.3412,0.757
slovenia,g13_00006_13.tif,6227446,5.399,1.4022,4.044
slovenia,g13_00006_13.tif,6378684,9.173,0.8948,6.99
slovenia,g13_00006_13.tif,6378686,4.641,1.1397,3.725
slovenia,g13_00006_13.tif,6378689,4.368,1.5153,3.725
slovenia,g13_00006_13.tif,6378690,3.671,1.0335,2.999
slovenia,g13_00006_13.tif,6378692,1.039,1.6462,0.757
slovenia,g13_00006_13.tif,6420102,6.852,1.5373,4.821
slovenia,g13_00006_13.tif,6420112,1.628,1.1966,1.242
slovenia,g13_00006_13.tif,6420113,1.628,0.8762,1.437
slovenia,g13_00006_13.tif,6420114,2.072,0.9047,2.069
slovenia,g13_00006_13.tif,6420115,3.167,0.8797,2.571
slovenia,g13_00006_13.tif,6420116,1.628,1.0183,1.242
slovenia,g13_00006_13.tif,6443934,5.859,1.5268,4.553
slovenia,g13_00006_13.tif,6476900,7.861,1.2517,5.555
slovenia,g13_00006_13.tif,6476901,2.492,1.6828,1.927
slovenia,g13_00006_13.tif,6476908,7.861,1.1156,5.89
slovenia,g13_00006_13.tif,6496620,2.492,0.9499,1.927
slovenia,g13_00006_13.tif,6496622,6.322,1.1047,5.439
slovenia,g13_00006_13.tif,6496623,7.044,1.6088,6.051
slovenia,g13_00006_13.tif,6496626,6.632,1.03,5.139
slovenia,g13_00006_13.tif,6496631,1.628,1.0462,1.242
slovenia,g13_00006_13.tif,6496632,1.973,1.3401,1.242
slovenia,g13_00006_13.tif,6496741,2.344,1.5144,1.927
slovenia,g13_00006_13.tif,6503716,0.78,1.0903,0.414
slovenia,g13_00006_13.tif,6503722,7.139,1.4002,5.89
slovenia,g13_00006_13.tif,6503723,2.113,2.4631,1.437
slovenia,g13_00006_13.tif,6503725,5.908,0.8801,4.821
slovenia,g13_00006_13.tif,6503726,5.508,1.0543,5.38
slovenia,g13_00006_13.tif,6503729,3.167,1.3225,2.204
slovenia,g13_00006_13.tif,6503910,8.613,1.0753,8.228
slovenia,g13_00006_13.tif,6503913,7.958,1.1651,7.863
slovenia,g13_00006_13.tif,6503966,1.039,1.6424,0.757
slovenia,g13_00006_13.tif,6504062,8.576,1.8836,6.26
slovenia,g13_00006_13.tif,6504063,9.139,1.8991,7.217
slovenia,g13_00006_13.tif,6504064,2.113,1.6398,1.437
slovenia,g13_00006_13.tif,6523596,3.671,1.4228,3.098
slovenia,g13_00006_13.tif,6578410,4.699,1.277,4.268
slovenia,g13_00006_13.tif,6625271,6.215,2.0566,5.612
slovenia,g13_00006_13.tif,6668356,8.305,1.1975,6.412
slovenia,g13_00006_13.tif,6715455,13.943,1.1384,11.35
slovenia,g13_00006_13.tif,6715465,4.433,1.7079,2.999
slovenia,g13_00006_13.tif,6888878,5.386,1.3245,4.413
slovenia,g13_00006_13.tif,6888881,0.78,0.8268,0.414
slovenia,g13_00006_13.tif,6888882,2.492,1.4645,1.927
slovenia,g13_00006_13.tif,6888883,3.729,1.0031,3.725
slovenia,g13_00006_13.tif,6917369,7.044,0.8859,6.658
slovenia,g13_00006_13.tif,6917377,5.508,1.7261,5.139
slovenia,g13_00006_13.tif,6917383,1.628,1.2513,1.242
slovenia,g13_00006_13.tif,6945577,2.344,1.245,2.069
slovenia,g13_00006_5.tif,6098813,1.628,2.0943,1.437
slovenia,g13_00006_5.tif,6098814,1.243,1.4518,1.242
slovenia,g13_00006_5.tif,6166701,4.97,2.9239,3.725
slovenia,g13_00006_5.tif,6469566,1.628,1.248,1.437
slovenia,g13_00006_5.tif,6649668,3.532,1.0059,2.571
slovenia,g13_00006_5.tif,6649670,3.033,1.3431,2.204
slovenia,g13_00006_5.tif,6649671,1.628,1.9276,1.437
slovenia,g13_00006_5.tif,6649672,3.671,1.8236,2.999
slovenia,g13_00006_5.tif,6649673,3.946,2.1939,2.999
slovenia,g13_00006_5.tif,6649818,1.039,1.9547,0.757
slovenia,g13_00006_5.tif,6895511,4.368,1.9277,3.288
slovenia,g13_00006_5.tif,6895518,2.344,1.9053,2.204
slovenia,g13_00006_5.tif,6899202,3.033,1.5637,2.571
slovenia,g13_00006_5.tif,6899203,2.492,1.0363,1.927
slovenia,g13_00006_5.tif,6899212,3.033,1.7521,2.571
slovenia,g13_00006_5.tif,6899213,1.039,1.7228,0.757
slovenia,g13_00006_6.tif,6098812,3.898,2.0929,3.725
slovenia,g13_00006_6.tif,6098814,0.414,1.6292,0.414
slovenia,g13_00006_6.tif,6098816,4.466,1.4982,3.807
slovenia,g13_00006_6.tif,6537427,2.113,2.2504,1.437
slovenia,g13_00006_7.tif,6338980,7.417,1.7827,5.439
slovenia,g13_00006_7.tif,6446137,3.167,1.6844,2.069
slovenia,g13_00006_7.tif,6793026,1.039,1.4368,0.757
slovenia,g13_00006_7.tif,6793028,2.113,1.3444,2.069
slovenia,g13_00006_7.tif,6793029,4.558,1.4206,4.044
slovenia,g13_00006_7.tif,6793030,1.243,1.5609,1.242
slovenia,g13_00006_7.tif,6793031,0.414,1.0495,0.414
slovenia,g13_00006_7.tif,6801711,2.9,0.9429,2.571
slovenia,g13_00006_7.tif,6801712,2.9,1.1752,2.204
slovenia,g13_00016_0.tif,6102575,2.129,1.7196,1.437
slovenia,g13_00016_0.tif,6220602,1.236,2.094,1.242
slovenia,g13_00016_0.tif,6243944,1.045,1.8244,0.757
slovenia,g13_00016_0.tif,6243948,4.358,2.2559,3.725
slovenia,g13_00016_0.tif,6248570,2.129,1.7492,1.437
slovenia,g13_00016_0.tif,6309752,2.502,1.8342,1.927
slovenia,g13_00016_0.tif,6343333,3.036,1.7593,2.571
slovenia,g13_00016_0.tif,6959166,3.88,2.0213,2.897
slovenia,g13_00016_1.tif,6243948,1.989,2.9197,1.242
slovenia,g13_00017_17.tif,6092968,2.128,1.6529,1.437
slovenia,g13_00017_17.tif,6112021,2.349,1.4028,1.927
slovenia,g13_00017_17.tif,6164514,9.235,1.3623,6.61
slovenia,g13_00017_17.tif,6168691,2.903,1.6878,2.204
slovenia,g13_00017_17.tif,6168692,3.045,1.5641,2.069
slovenia,g13_00017_17.tif,6168693,2.506,0.8967,1.927
slovenia,g13_00017_17.tif,6168694,6.449,2.0632,4.621
slovenia,g13_00017_17.tif,6193419,3.682,1.6634,2.897
slovenia,g13_00017_17.tif,6239504,2.128,2.4051,1.927
slovenia,g13_00017_17.tif,6239505,4.463,1.2475,2.999
slovenia,g13_00017_17.tif,6239746,2.349,2.4244,1.927
slovenia,g13_00017_17.tif,6241660,6.329,1.7195,4.553
slovenia,g13_00017_17.tif,6257963,4.705,1.5015,4.621
slovenia,g13_00017_17.tif,6257967,2.506,1.812,2.069
slovenia,g13_00017_17.tif,6298597,3.966,2.3733,2.897
slovenia,g13_00017_17.tif,6298647,2.128,2.3098,1.437
slovenia,g13_00017_17.tif,6335164,2.506,1.7987,1.927
slovenia,g13_00017_17.tif,6335165,1.989,1.5079,1.242
slovenia,g13_00017_17.tif,6357855,7.88,1.3084,7.863
slovenia,g13_00017_17.tif,6357856,10.172,1.3769,8.385
slovenia,g13_00017_17.tif,6357859,0.415,2.1897,0.414
slovenia,g13_00017_17.tif,6368730,3.114,1.2964,2.999
slovenia,g13_00017_17.tif,6373005,3.733,1.5531,3.725
slovenia,g13_00017_17.tif,6373841,2.506,1.4631,1.927
slovenia,g13_00017_17.tif,6373935,2.128,1.8551,1.927
slovenia,g13_00017_17.tif,6373937,1.634,1.2438,1.242
slovenia,g13_00017_17.tif,6373938,2.349,1.9368,1.927
slovenia,g13_00017_17.tif,6373939,1.244,2.1548,1.242
slovenia,g13_00017_17.tif,6410172,6.449,1.4639,4.821
slovenia,g13_00017_17.tif,6469623,0.787,1.3174,0.414
slovenia,g13_00017_17.tif,6469625,2.128,1.6036,2.069
slovenia,g13_00017_17.tif,6469709,2.903,1.973,2.897
slovenia,g13_00017_17.tif,6477163,3.19,1.5745,2.571
slovenia,g13_00017_17.tif,6477164,7.123,2.1938,5.555
slovenia,g13_00017_17.tif,6477167,3.554,2.5759,2.571
slovenia,g13_00017_17.tif,6477168,1.634,1.6165,1.437
slovenia,g13_00017_17.tif,6500731,0.415,1.4755,0.414
slovenia,g13_00017_17.tif,6606604,1.989,1.9179,1.437
slovenia,g13_00017_17.tif,6617028,3.045,1.6106,2.571
slovenia,g13_00017_17.tif,6639520,8.843,1.3174,7.395
slovenia,g13_00017_17.tif,6639522,6.643,1.4849,5.612
slovenia,g13_00017_17.tif,6639523,7.779,1.2346,6.658
slovenia,g13_00017_17.tif,6639526,16.222,2.0893,11.807
slovenia,g13_00017_17.tif,6639528,9.169,2.2153,7.217
slovenia,g13_00017_17.tif,6639530,10.411,1.9236,7.78
slovenia,g13_00017_17.tif,6639538,7.903,1.7674,6.99
slovenia,g13_00017_17.tif,6639542,5.87,1.6165,4.413
slovenia,g13_00017_17.tif,6639546,8.159,1.6373,6.208
slovenia,g13_00017_17.tif,6639548,6.984,0.9233,4.821
slovenia,g13_00017_17.tif,6639554,5.426,1.0243,3.725
slovenia,g13_00017_17.tif,6639759,2.074,1.6717,1.927
slovenia,g13_00017_17.tif,6647091,5.731,1.27,5.38
slovenia,g13_00017_17.tif,6647092,3.966,1.2552,2.897
slovenia,g13_00017_17.tif,6658340,10.056,1.9291,7.082
slovenia,g13_00017_17.tif,6658343,7.147,1.2887,6.99
slovenia,g13_00017_17.tif,6668555,14.565,1.8276,12.03
slovenia,g13_00017_17.tif,6668562,2.349,1.5594,1.927
slovenia,g13_00017_17.tif,6676156,3.045,0.7069,2.069
slovenia,g13_00017_17.tif,6676158,9.756,2.7254,7.082
slovenia,g13_00017_17.tif,6676159,6.449,1.9065,4.621
slovenia,g13_00017_17.tif,6713230,8.843,1.7446,6.26
slovenia,g13_00017_17.tif,6717412,5.594,1.9184,4.413
slovenia,g13_00017_17.tif,6717413,3.045,1.274,2.069
slovenia,g13_00017_17.tif,6717423,5.081,1.98,4.268
slovenia,g13_00017_17.tif,6717424,3.682,1.3665,2.999
slovenia,g13_00017_17.tif,6717427,3.285,1.8617,2.571
slovenia,g13_00017_17.tif,6717437,3.903,1.8856,3.807
slovenia,g13_00017_17.tif,6846301,5.426,1.4447,4.553
slovenia,g13_00017_17.tif,6846303,4.379,1.4649,3.288
slovenia,g13_00017_17.tif,6846341,6.796,1.9097,4.553
slovenia,g13_00017_17.tif,6846357,0.415,0.806,0.414
slovenia,g13_00017_17.tif,6853088,9.021,2.5604,8.501
slovenia,g13_00017_17.tif,6853106,2.128,1.3857,1.437
slovenia,g13_00017_17.tif,6881114,9.539,1.3749,8.691
slovenia,g13_00017_17.tif,6940227,9.964,1.7026,7.863
slovenia,g13_00017_17.tif,6940228,6.329,2.4507,6.208
slovenia,g13_00017_18.tif,6084205,4.379,1.655,3.725
slovenia,g13_00017_18.tif,6084321,8.843,0.9217,7.217
slovenia,g13_00017_18.tif,6084429,1.989,1.987,1.242
slovenia,g13_00017_18.tif,6092954,10.401,0.9002,7.863
slovenia,g13_00017_18.tif,6092968,1.989,1.3426,1.242
slovenia,g13_00017_18.tif,6092971,2.349,1.2046,2.204
slovenia,g13_00017_18.tif,6092977,3.19,0.9658,2.069
slovenia,g13_00017_18.tif,6092979,2.349,1.3246,1.927
slovenia,g13_00017_18.tif,6108633,5.426,1.003,4.413
slovenia,g13_00017_18.tif,6109207,3.19,1.3733,2.069
slovenia,g13_00017_18.tif,6109287,2.506,1.7476,1.927
slovenia,g13_00017_18.tif,6109328,5.594,0.9718,3.725
slovenia,g13_00017_18.tif,6109658,5.731,1.0464,4.553
slovenia,g13_00017_18.tif,6112017,3.682,1.3948,3.098
slovenia,g13_00017_18.tif,6112019,1.045,1.0771,0.757
slovenia,g13_00017_18.tif,6112020,0.415,1.5426,0.414
slovenia,g13_00017_18.tif,6112022,3.114,1.6863,2.999
slovenia,g13_00017_18.tif,6112905,4.998,2.0719,3.725
slovenia,g13_00017_18.tif,6131465,9.199,1.5729,6.208
slovenia,g13_00017_18.tif,6131467,7.779,1.0038,6.26
slovenia,g13_00017_18.tif,6146992,5.515,0.9679,4.413
slovenia,g13_00017_18.tif,6146993,6.796,1.7413,4.553
slovenia,g13_00017_18.tif,6151740,3.045,1.2512,2.571
slovenia,g13_00017_18.tif,6151741,2.074,2.0775,1.927
slovenia,g13_00017_18.tif,6151743,11.267,1.5172,8.027
slovenia,g13_00017_18.tif,6151793,3.285,1.4899,2.897
slovenia,g13_00017_18.tif,6164514,4.485,1.6331,3.725
slovenia,g13_00017_18.tif,6164517,3.114,2.0524,2.999
slovenia,g13_00017_18.tif,6168840,2.074,1.3468,1.927
slovenia,g13_00017_18.tif,6168893,7.779,1.4896,6.707
slovenia,g13_00017_18.tif,6168940,3.045,1.4109,2.571
slovenia,g13_00017_18.tif,6169057,1.634,1.2848,1.437
slovenia,g13_00017_18.tif,6169713,5.081,1.0003,3.725
slovenia,g13_00017_18.tif,6193417,3.19,1.4539,2.204
slovenia,g13_00017_18.tif,6212727,1.045,1.7929,0.757
slovenia,g13_00017_18.tif,6232871,3.682,1.8532,2.999
slovenia,g13_00017_18.tif,6232876,1.244,1.3386,1.242
slovenia,g13_00017_18.tif,6232954,3.682,1.7656,2.999
slovenia,g13_00017_18.tif,6239505,4.463,1.3782,2.999
slovenia,g13_00017_18.tif,6239507,5.112,1.2737,4.413
slovenia,g13_00017_18.tif,6239509,1.634,1.6069,1.437
slovenia,g13_00017_18.tif,6239511,1.045,0.9992,0.757
slovenia,g13_00017_18.tif,6239512,3.045,1.4061,2.204
slovenia,g13_00017_18.tif,6239524,1.634,1.6104,1.242
slovenia,g13_00017_18.tif,6239528,2.506,1.395,1.927
slovenia,g13_00017_18.tif,6239746,3.19,1.8768,2.069
slovenia,g13_00017_18.tif,6297786,2.128,0.881,1.437
slovenia,g13_00017_18.tif,6297788,1.989,1.4606,1.242
slovenia,g13_00017_18.tif,6297790,2.128,1.3781,1.927
slovenia,g13_00017_18.tif,6297791,1.244,1.9728,1.242
slovenia,g13_00017_18.tif,6297926,15.824,1.3189,11.524
slovenia,g13_00017_18.tif,6298613,6.42,1.329,4.821
slovenia,g13_00017_18.tif,6298617,5.426,1.8234,4.044
slovenia,g13_00017_18.tif,6298624,1.045,1.0588,0.757
slovenia,g13_00017_18.tif,6309519,4.379,1.1806,3.098
slovenia,g13_00017_18.tif,6309520,5.081,1.1339,4.268
slovenia,g13_00017_18.tif,6373003,3.045,1.5648,2.069
slovenia,g13_00017_18.tif,6373005,6.886,1.5063,5.139
slovenia,g13_00017_18.tif,6375580,1.045,1.249,0.757
slovenia,g13_00017_18.tif,6375581,2.074,1.2613,1.927
slovenia,g13_00017_18.tif,6410172,0.787,1.3354,0.414
slovenia,g13_00017_18.tif,6411008,5.081,1.0964,4.268
slovenia,g13_00017_18.tif,6411743,6.42,1.5491,5.439
slovenia,g13_00017_18.tif,6500714,7.523,1.8402,5.439
slovenia,g13_00017_18.tif,6500724,4.392,1.8312,4.044
slovenia,g13_00017_18.tif,6500731,4.485,2.4177,3.288
slovenia,g13_00017_18.tif,6500739,3.045,1.5183,2.204
slovenia,g13_00017_18.tif,6606637,4.705,1.2045,4.268
slovenia,g13_00017_18.tif,6606662,5.081,1.369,4.268
slovenia,g13_00017_18.tif,6606913,5.731,1.4515,4.413
slovenia,g13_00017_18.tif,6615112,5.594,1.4296,5.38
slovenia,g13_00017_18.tif,6622108,3.19,1.6656,2.069
slovenia,g13_00017_18.tif,6630066,3.682,1.457,3.098
slovenia,g13_00017_18.tif,6639549,4.998,1.6065,3.725
slovenia,g13_00017_18.tif,6645614,3.682,1.5031,3.098
slovenia,g13_00017_18.tif,6704745,3.966,1.3469,3.288
slovenia,g13_00017_18.tif,6704749,1.989,1.0871,1.242
slovenia,g13_00017_18.tif,6712320,4.562,1.2841,3.725
slovenia,g13_00017_18.tif,6713230,3.045,1.7353,2.897
slovenia,g13_00017_18.tif,6713269,3.045,1.2433,2.571
slovenia,g13_00017_18.tif,6713276,1.634,1.2775,1.437
slovenia,g13_00017_18.tif,6713286,2.349,1.0002,1.927
slovenia,g13_00017_18.tif,6714168,1.045,1.753,0.757
slovenia,g13_00017_18.tif,6717422,5.934,1.2532,5.439
slovenia,g13_00017_18.tif,6717427,3.045,1.0105,2.897
slovenia,g13_00017_18.tif,6717449,6.449,1.357,5.139
slovenia,g13_00017_18.tif,6717456,3.114,1.9392,2.571
slovenia,g13_00017_18.tif,6717457,3.19,1.3369,2.069
slovenia,g13_00017_18.tif,6800797,4.705,1.6491,4.621
slovenia,g13_00017_18.tif,6800800,2.128,1.3036,1.927
slovenia,g13_00017_18.tif,6800801,1.634,1.4257,1.437
slovenia,g13_00017_18.tif,6853092,8.347,1.7058,6.658
slovenia,g13_00017_18.tif,6853094,1.244,1.4596,1.242
slovenia,g13_00017_18.tif,6853097,6.449,1.0475,4.821
slovenia,g13_00017_18.tif,6853113,1.634,1.3112,1.437
slovenia,g13_00017_18.tif,6862171,4.562,1.3944,4.268
slovenia,g13_00017_18.tif,6873507,9.396,1.4784,7.78
slovenia,g13_00017_18.tif,6873509,2.349,2.0679,2.069
slovenia,g13_00017_18.tif,6873510,2.128,1.2154,1.437
slovenia,g13_00017_18.tif,6881114,6.221,1.338,5.38
slovenia,g13_00017_18.tif,6881124,8.347,1.5548,6.412
slovenia,g13_00017_18.tif,6944704,5.594,1.3991,3.725
slovenia,g13_00017_18.tif,6944766,3.682,1.9201,3.098
slovenia,g13_00017_18.tif,6944796,2.349,1.5902,2.069
slovenia,g13_00017_18.tif,6955933,7.779,0.9685,6.051
slovenia,g13_00018_0.tif,6084416,6.289,1.9821,4.621
slovenia,g13_00018_0.tif,6108638,3.097,1.5913,2.999
slovenia,g13_00018_0.tif,6109333,2.337,1.9496,2.204
slovenia,g13_00018_0.tif,6109654,9.358,1.1439,7.863
slovenia,g13_00018_0.tif,6109656,11.73,1.3165,9.239
slovenia,g13_00018_0.tif,6109658,2.06,1.0331,2.069
slovenia,g13_00018_0.tif,6109660,5.417,0.8943,4.044
slovenia,g13_00018_0.tif,6109661,6.391,2.4146,5.555
slovenia,g13_00018_0.tif,6109663,2.129,1.5477,1.437
slovenia,g13_00018_0.tif,6109720,1.045,2.4614,0.757
slovenia,g13_00018_0.tif,6112020,1.628,1.6697,1.437
slovenia,g13_00018_0.tif,6120345,1.045,0.7134,0.757
slovenia,g13_00018_0.tif,6131462,12.292,1.4134,9.024
slovenia,g13_00018_0.tif,6131465,6.289,2.1229,5.38
slovenia,g13_00018_0.tif,6131472,6.441,2.3677,4.621
slovenia,g13_00018_0.tif,6131477,2.884,1.553,2.571
slovenia,g13_00018_0.tif,6131479,2.129,1.0077,1.927
slovenia,g13_00018_0.tif,6139993,4.993,0.8673,3.725
slovenia,g13_00018_0.tif,6139998,5.819,2.8856,4.044
slovenia,g13_00018_0.tif,6140001,5.357,1.7013,4.413
slovenia,g13_00018_0.tif,6140002,4.395,1.543,2.897
slovenia,g13_00018_0.tif,6140004,1.991,1.2797,1.242
slovenia,g13_00018_0.tif,6168848,5.48,1.3649,5.139
slovenia,g13_00018_0.tif,6226124,6.181,1.7276,5.555
slovenia,g13_00018_0.tif,6250816,4.533,1.5816,4.413
slovenia,g13_00018_0.tif,6279233,5.837,1.2799,5.439
slovenia,g13_00018_0.tif,6279236,3.552,2.0803,2.897
slovenia,g13_00018_0.tif,6279360,5.086,2.217,4.621
slovenia,g13_00018_0.tif,6279379,1.045,2.1418,0.757
slovenia,g13_00018_0.tif,6301286,7.835,1.3436,6.99
slovenia,g13_00018_0.tif,6301290,6.289,1.3829,6.208
slovenia,g13_00018_0.tif,6301291,4.465,0.6695,2.999
slovenia,g13_00018_0.tif,6301293,2.884,1.5353,2.897
slovenia,g13_00018_0.tif,6307194,10.301,1.0162,8.691
slovenia,g13_00018_0.tif,6307196,5.417,2.6463,3.807
slovenia,g13_00018_0.tif,6307199,3.668,0.9548,3.098
slovenia,g13_00018_0.tif,6307200,3.097,1.7897,2.897
slovenia,g13_00018_0.tif,6307325,3.286,1.2603,2.571
slovenia,g13_00018_0.tif,6307857,10.895,1.8858,7.905
slovenia,g13_00018_0.tif,6353375,3.036,1.082,2.897
slovenia,g13_00018_0.tif,6363218,7.102,1.6347,7.036
slovenia,g13_00018_0.tif,6375580,1.628,1.6938,1.437
slovenia,g13_00018_0.tif,6388885,5.707,1.6245,4.821
slovenia,g13_00018_0.tif,6388891,5.819,1.5933,4.413
slovenia,g13_00018_0.tif,6388898,2.337,2.2039,2.204
slovenia,g13_00018_0.tif,6395747,6.874,2.3351,5.38
slovenia,g13_00018_0.tif,6395752,2.884,1.4808,2.897
slovenia,g13_00018_0.tif,6395805,0.79,2.2424,0.414
slovenia,g13_00018_0.tif,6412497,7.829,1.2557,7.863
slovenia,g13_00018_0.tif,6412501,3.193,0.9516,2.069
slovenia,g13_00018_0.tif,6412626,7.005,1.5469,6.26
slovenia,g13_00018_0.tif,6412632,4.358,1.1705,4.044
slovenia,g13_00018_0.tif,6412633,4.358,1.7956,4.044
slovenia,g13_00018_0.tif,6412733,2.337,1.124,2.069
slovenia,g13_00018_0.tif,6448923,11.125,1.0659,7.863
slovenia,g13_00018_0.tif,6448926,1.236,1.2888,1.242
slovenia,g13_00018_0.tif,6449043,3.552,1.6842,2.571
slovenia,g13_00018_0.tif,6454973,7.37,1.2993,5.555
slovenia,g13_00018_0.tif,6454974,1.628,1.81,1.242
slovenia,g13_00018_0.tif,6454976,2.06,2.43,1.927
slovenia,g13_00018_0.tif,6454977,6.391,1.6773,5.38
slovenia,g13_00018_0.tif,6454982,5.919,1.1535,4.821
slovenia,g13_00018_0.tif,6455172,5.063,1.8523,4.268
slovenia,g13_00018_0.tif,6500699,13.295,1.8342,10.691
slovenia,g13_00018_0.tif,6500706,16.894,1.7823,16.141
slovenia,g13_00018_0.tif,6500717,7.829,1.071,7.082
slovenia,g13_00018_0.tif,6500733,1.991,1.6741,1.242
slovenia,g13_00018_0.tif,6500788,10.8,1.7448,8.385
slovenia,g13_00018_0.tif,6500792,9.342,1.6217,7.036
slovenia,g13_00018_0.tif,6500795,3.708,1.3243,3.725
slovenia,g13_00018_0.tif,6502777,1.236,1.9155,1.242
slovenia,g13_00018_0.tif,6508732,6.605,1.5388,6.26
slovenia,g13_00018_0.tif,6543027,3.708,1.2713,3.725
slovenia,g13_00018_0.tif,6630066,0.412,2.0749,0.414
slovenia,g13_00018_0.tif,6639563,4.358,1.7171,4.044
slovenia,g13_00018_0.tif,6645613,12.251,1.175,9.519
slovenia,g13_00018_0.tif,6645614,3.668,1.7811,2.999
slovenia,g13_00018_0.tif,6645632,4.993,1.5078,3.725
slovenia,g13_00018_0.tif,6645638,5.48,2.2727,4.821
slovenia,g13_00018_0.tif,6694033,3.708,1.1727,3.725
slovenia,g13_00018_0.tif,6704689,18.542,2.9007,12.933
slovenia,g13_00018_0.tif,6704691,14.615,3.3233,10.347
slovenia,g13_00018_0.tif,6704731,4.533,1.7475,4.553
slovenia,g13_00018_0.tif,6704734,4.993,1.8257,3.725
slovenia,g13_00018_0.tif,6704737,4.533,2.2812,4.553
slovenia,g13_00018_0.tif,6704741,3.193,1.7109,2.069
slovenia,g13_00018_0.tif,6712308,1.991,2.2119,1.242
slovenia,g13_00018_0.tif,6712320,1.628,1.8398,1.242
slovenia,g13_00018_0.tif,6713224,9.55,1.6375,9.274
slovenia,g13_00018_0.tif,6713227,1.628,1.9838,1.242
slovenia,g13_00018_0.tif,6713262,6.181,1.4902,6.208
slovenia,g13_00018_0.tif,6713273,7.384,1.9537,5.89
slovenia,g13_00018_0.tif,6713276,1.628,1.5798,1.437
slovenia,g13_00018_0.tif,6713279,3.668,1.5033,3.288
slovenia,g13_00018_0.tif,6713282,1.628,1.4878,1.437
slovenia,g13_00018_0.tif,6713283,1.991,0.6035,1.242
slovenia,g13_00018_0.tif,6718684,2.337,1.563,2.204
slovenia,g13_00018_0.tif,6748707,3.708,1.9831,3.725
slovenia,g13_00018_0.tif,6789601,7.918,1.6035,6.208
slovenia,g13_00018_0.tif,6789605,6.605,2.0632,6.412
slovenia,g13_00018_0.tif,6853094,3.668,1.7772,3.288
slovenia,g13_00018_0.tif,6853114,7.916,1.9968,7.905
slovenia,g13_00018_0.tif,6859845,4.395,1.8803,2.897
slovenia,g13_00018_0.tif,6862171,19.302,2.3527,15.891
slovenia,g13_00018_0.tif,6944702,3.097,1.9486,2.999
slovenia,g13_00018_0.tif,6944703,3.708,1.5695,3.725
slovenia,g13_00018_0.tif,7008078,20.276,1.9661,16.65
slovenia,g13_00018_0.tif,7047230,4.358,1.8419,2.897
slovenia,g13_00018_12.tif,6220597,6.607,1.955,5.439
slovenia,g13_00018_12.tif,6245714,3.552,1.7352,2.571
slovenia,g13_00018_12.tif,6245715,1.628,1.6021,1.437
slovenia,g13_00018_12.tif,6309755,1.045,1.807,0.757
slovenia,g13_00018_12.tif,6959166,1.045,1.8693,0.757
slovenia,g13_00020_10.tif,6109665,1.989,1.4688,1.242
slovenia,g13_00020_10.tif,6112021,3.904,2.033,3.098
slovenia,g13_00020_10.tif,6130378,4.463,1.9314,3.288
slovenia,g13_00020_10.tif,6130379,3.045,1.8041,2.571
slovenia,g13_00020_10.tif,6143655,6.331,1.3438,5.439
slovenia,g13_00020_10.tif,6143656,3.045,1.2791,2.571
slovenia,g13_00020_10.tif,6144827,1.634,1.9857,1.437
slovenia,g13_00020_10.tif,6144829,5.081,2.6771,4.268
slovenia,g13_00020_10.tif,6144833,4.563,2.1648,4.044
slovenia,g13_00020_10.tif,6144835,3.045,2.4426,2.571
slovenia,g13_00020_10.tif,6144850,1.634,2.0626,1.437
slovenia,g13_00020_10.tif,6146988,1.045,1.7955,0.757
slovenia,g13_00020_10.tif,6146989,1.045,2.2164,0.757
slovenia,g13_00020_10.tif,6146994,4.38,1.4348,3.288
slovenia,g13_00020_10.tif,6207621,3.045,1.536,2.571
slovenia,g13_00020_10.tif,6207622,2.904,1.1529,2.571
slovenia,g13_00020_10.tif,6212691,3.115,1.3715,2.999
slovenia,g13_00020_10.tif,6212694,1.634,1.8692,1.437
slovenia,g13_00020_10.tif,6212695,3.683,1.3561,2.999
slovenia,g13_00020_10.tif,6213421,4.38,1.661,3.288
slovenia,g13_00020_10.tif,6213467,5.427,1.5685,4.044
slovenia,g13_00020_10.tif,6213494,4.38,1.9026,2.999
slovenia,g13_00020_10.tif,6217968,2.904,1.14,2.571
slovenia,g13_00020_10.tif,6226111,4.998,1.6985,3.725
slovenia,g13_00020_10.tif,6226114,2.074,1.4568,1.927
slovenia,g13_00020_10.tif,6226115,4.563,2.1774,3.725
slovenia,g13_00020_10.tif,6226117,0.787,2.1244,0.414
slovenia,g13_00020_10.tif,6226120,1.634,2.6885,1.437
slovenia,g13_00020_10.tif,6226121,2.074,1.8701,1.927
slovenia,g13_00020_10.tif,6226251,4.998,2.0605,3.725
slovenia,g13_00020_10.tif,6226252,0.787,1.6433,0.414
slovenia,g13_00020_10.tif,6239519,1.245,1.4,1.242
slovenia,g13_00020_10.tif,6239520,1.245,1.9627,1.242
slovenia,g13_00020_10.tif,6239521,2.904,1.6914,2.897
slovenia,g13_00020_10.tif,6301008,4.38,1.1248,3.807
slovenia,g13_00020_10.tif,6301012,2.074,1.2978,2.069
slovenia,g13_00020_10.tif,6307203,2.349,1.1774,2.069
slovenia,g13_00020_10.tif,6357856,0.787,2.0553,0.414
slovenia,g13_00020_10.tif,6357861,2.904,1.8807,2.069
slovenia,g13_00020_10.tif,6398484,3.045,1.7452,2.571
slovenia,g13_00020_10.tif,6398485,4.67,1.5445,3.288
slovenia,g13_00020_10.tif,6398487,2.074,1.0348,2.069
slovenia,g13_00020_10.tif,6411748,3.115,1.1396,2.571
slovenia,g13_00020_10.tif,6411749,2.349,1.2555,2.204
slovenia,g13_00020_10.tif,6477162,2.904,1.6596,2.069
slovenia,g13_00020_10.tif,6477163,1.634,2.2289,1.242
slovenia,g13_00020_10.tif,6477164,3.115,1.7428,2.069
slovenia,g13_00020_10.tif,6477167,1.045,2.3498,0.757
slovenia,g13_00020_10.tif,6477168,1.989,1.2408,1.437
slovenia,g13_00020_10.tif,6477169,2.128,1.4776,1.437
slovenia,g13_00020_10.tif,6500735,3.19,1.4201,2.204
slovenia,g13_00020_10.tif,6590947,1.634,1.3724,1.242
slovenia,g13_00020_10.tif,6602108,6.421,2.9962,4.886
slovenia,g13_00020_10.tif,6602132,6.45,2.4978,5.139
slovenia,g13_00020_10.tif,6602142,5.819,3.1443,4.413
slovenia,g13_00020_10.tif,6602153,4.706,2.6071,4.413
slovenia,g13_00020_10.tif,6602220,6.421,3.9395,5.439
slovenia,g13_00020_10.tif,6615093,4.485,1.8378,4.044
slovenia,g13_00020_10.tif,6615107,3.554,1.5061,2.571
slovenia,g13_00020_10.tif,6615108,3.554,1.4996,2.571
slovenia,g13_00020_10.tif,6615115,2.506,1.7629,1.927
slovenia,g13_00020_10.tif,6625512,2.349,1.3282,1.927
slovenia,g13_00020_10.tif,6656369,4.485,1.7076,3.288
slovenia,g13_00020_10.tif,6656378,3.554,2.1851,2.571
slovenia,g13_00020_10.tif,6658338,3.045,2.4766,2.069
slovenia,g13_00020_10.tif,6685838,1.989,1.667,1.437
slovenia,g13_00020_10.tif,6685840,2.128,2.351,1.437
slovenia,g13_00020_10.tif,6704705,9.341,1.6162,6.99
slovenia,g13_00020_10.tif,6704707,9.36,1.9936,7.738
slovenia,g13_00020_10.tif,6704709,2.506,2.0608,1.927
slovenia,g13_00020_10.tif,6704711,3.966,1.8924,2.999
slovenia,g13_00020_10.tif,6713287,2.128,2.3189,1.437
slovenia,g13_00020_10.tif,6800802,2.128,1.2399,1.437
slovenia,g13_00020_10.tif,6800804,1.634,0.8867,1.242
slovenia,g13_00020_10.tif,6833229,10.512,2.007,8.108
slovenia,g13_00020_10.tif,6833236,3.115,1.69,2.069
slovenia,g13_00020_10.tif,6833689,5.081,1.871,3.725
slovenia,g13_00020_10.tif,6869043,7.877,1.5957,6.61
slovenia,g13_00020_10.tif,6881120,2.904,1.7373,2.897
slovenia,g13_00020_10.tif,6940235,2.349,1.5671,2.069
slovenia,g13_00020_10.tif,6955930,11.603,2.246,8.501
slovenia,g13_00020_10.tif,6955936,0.415,1.8819,0.414
slovenia,g13_00020_10.tif,6955955,5.427,1.2998,3.807
slovenia,g13_00020_10.tif,6955968,5.427,1.5684,3.807
slovenia,g13_00020_10.tif,6955971,5.935,1.5502,4.413
slovenia,g13_00020_10.tif,6955972,2.128,1.8978,1.927
slovenia,g13_00020_10.tif,6955974,1.045,1.5698,0.757
slovenia,g13_00020_10.tif,6955976,11.214,1.5972,8.84
slovenia,g13_00020_11.tif,6091534,3.683,1.1682,3.288
slovenia,g13_00020_11.tif,6091535,3.966,1.4572,3.098
slovenia,g13_00020_11.tif,6091536,1.634,1.2391,1.242
slovenia,g13_00020_11.tif,6091537,5.427,1.5244,3.725
slovenia,g13_00020_11.tif,6112021,0.415,1.9512,0.414
slovenia,g13_00020_11.tif,6125325,1.245,1.8921,1.242
slovenia,g13_00020_11.tif,6125326,5.819,1.6639,4.413
slovenia,g13_00020_11.tif,6125328,1.045,2.0169,0.757
slovenia,g13_00020_11.tif,6149356,6.45,1.1383,4.553
slovenia,g13_00020_11.tif,6194780,4.392,1.293,3.725
slovenia,g13_00020_11.tif,6194781,1.634,2.0766,1.242
slovenia,g13_00020_11.tif,6202551,1.634,1.8579,1.437
slovenia,g13_00020_11.tif,6202552,1.245,1.9507,1.242
slovenia,g13_00020_11.tif,6202553,1.634,1.295,1.437
slovenia,g13_00020_11.tif,6212710,6.843,1.3084,5.139
slovenia,g13_00020_11.tif,6212713,10.401,1.833,7.082
slovenia,g13_00020_11.tif,6212719,5.935,1.9992,4.413
slovenia,g13_00020_11.tif,6212724,3.734,1.9448,3.725
slovenia,g13_00020_11.tif,6212725,5.081,1.7108,4.044
slovenia,g13_00020_11.tif,6212727,7.781,1.8875,5.612
slovenia,g13_00020_11.tif,6226115,7.997,1.9485,6.208
slovenia,g13_00020_11.tif,6226118,6.887,1.5564,5.439
slovenia,g13_00020_11.tif,6226120,3.966,1.8026,2.897
slovenia,g13_00020_11.tif,6226356,8.466,1.7679,6.707
slovenia,g13_00020_11.tif,6226406,3.045,2.0836,2.571
slovenia,g13_00020_11.tif,6250828,1.245,1.5162,1.242
slovenia,g13_00020_11.tif,6250829,1.045,1.339,0.757
slovenia,g13_00020_11.tif,6304000,3.966,1.667,3.288
slovenia,g13_00020_11.tif,6304001,3.554,1.5411,2.897
slovenia,g13_00020_11.tif,6304731,7.213,1.5339,5.38
slovenia,g13_00020_11.tif,6304733,3.19,1.5628,2.204
slovenia,g13_00020_11.tif,6304739,4.485,1.8062,3.288
slovenia,g13_00020_11.tif,6304808,0.787,1.0579,0.414
slovenia,g13_00020_11.tif,6366435,3.904,1.6477,3.725
slovenia,g13_00020_11.tif,6366436,1.634,1.077,1.242
slovenia,g13_00020_11.tif,6366437,5.113,1.3945,4.621
slovenia,g13_00020_11.tif,6366438,5.113,1.5845,4.621
slovenia,g13_00020_11.tif,6399301,0.787,1.7315,0.414
slovenia,g13_00020_11.tif,6399302,3.734,1.1351,3.725
slovenia,g13_00020_11.tif,6399305,2.349,0.8478,2.204
slovenia,g13_00020_11.tif,6399482,1.634,1.4814,1.242
slovenia,g13_00020_11.tif,6475324,4.392,2.1966,2.999
slovenia,g13_00020_11.tif,6500740,5.935,1.2502,4.553
slovenia,g13_00020_11.tif,6577590,0.787,1.1353,0.414
slovenia,g13_00020_11.tif,6577591,2.128,1.4382,1.927
slovenia,g13_00020_11.tif,6577593,1.245,1.6384,1.242
slovenia,g13_00020_11.tif,6599037,4.392,1.4116,2.897
slovenia,g13_00020_11.tif,6602195,5.732,1.6685,5.139
slovenia,g13_00020_11.tif,6615084,13.44,1.9099,11.292
slovenia,g13_00020_11.tif,6615093,6.223,1.9428,4.886
slovenia,g13_00020_11.tif,6615099,6.089,1.8708,4.886
slovenia,g13_00020_11.tif,6615102,2.349,2.0024,1.927
slovenia,g13_00020_11.tif,6615103,6.796,1.8067,4.821
slovenia,g13_00020_11.tif,6676886,7.781,1.3795,6.99
slovenia,g13_00020_11.tif,6685843,3.045,1.3042,2.571
slovenia,g13_00020_11.tif,6686730,4.998,1.4655,3.725
slovenia,g13_00020_11.tif,6693590,7.877,1.5974,7.217
slovenia,g13_00020_11.tif,6700486,7.053,1.2538,6.051
slovenia,g13_00020_11.tif,6741679,1.245,2.2164,1.242
slovenia,g13_00020_11.tif,6748714,5.393,1.2081,4.553
slovenia,g13_00020_11.tif,6800015,2.074,1.0261,2.069
slovenia,g13_00020_11.tif,6800018,2.349,1.0323,2.204
slovenia,g13_00020_11.tif,6800027,3.045,0.9888,2.069
slovenia,g13_00020_11.tif,6955936,5.819,1.5396,4.268
slovenia,g13_00020_11.tif,6955948,9.36,1.9124,6.99
slovenia,g13_00020_11.tif,6955953,7.781,1.319,6.26
slovenia,g13_00020_11.tif,6955965,5.594,1.7338,4.413
slovenia,g13_00020_11.tif,6955967,3.734,1.6432,3.725
slovenia,g13_00020_12.tif,6091665,7.37,2.324,5.89
slovenia,g13_00020_12.tif,6120344,3.668,2.7946,3.098
slovenia,g13_00020_12.tif,6120345,2.885,1.1471,2.897
slovenia,g13_00020_12.tif,6120347,2.061,2.0207,1.927
slovenia,g13_00020_12.tif,6120348,0.79,2.1075,0.414
slovenia,g13_00020_12.tif,6120349,1.628,1.9204,1.437
slovenia,g13_00020_12.tif,6131482,1.628,1.3484,1.242
slovenia,g13_00020_12.tif,6131483,1.628,1.5208,1.437
slovenia,g13_00020_12.tif,6131488,2.502,1.0704,1.927
slovenia,g13_00020_12.tif,6140287,2.337,1.644,1.927
slovenia,g13_00020_12.tif,6140289,3.668,2.7293,2.999
slovenia,g13_00020_12.tif,6140342,6.485,2.4769,5.439
slovenia,g13_00020_12.tif,6144834,6.392,1.8668,4.886
slovenia,g13_00020_12.tif,6149353,10.304,1.131,8.501
slovenia,g13_00020_12.tif,6149355,3.036,2.4195,2.897
slovenia,g13_00020_12.tif,6190872,2.502,1.7963,1.927
slovenia,g13_00020_12.tif,6207600,3.552,1.8789,2.897
slovenia,g13_00020_12.tif,6207601,1.236,2.0561,1.242
slovenia,g13_00020_12.tif,6207602,5.064,1.9116,3.725
slovenia,g13_00020_12.tif,6207620,2.337,1.653,2.204
slovenia,g13_00020_12.tif,6207654,1.236,1.7858,1.242
slovenia,g13_00020_12.tif,6211399,7.831,2.1646,7.439
slovenia,g13_00020_12.tif,6254402,6.798,1.0394,4.553
slovenia,g13_00020_12.tif,6254403,1.991,2.3775,1.242
slovenia,g13_00020_12.tif,6254404,1.991,1.9192,1.437
slovenia,g13_00020_12.tif,6254405,1.045,2.3071,0.757
slovenia,g13_00020_12.tif,6254406,2.337,2.1138,2.069
slovenia,g13_00020_12.tif,6254407,1.628,1.9417,1.242
slovenia,g13_00020_12.tif,6254412,2.061,1.6724,1.927
slovenia,g13_00020_12.tif,6254629,2.502,1.7673,2.204
slovenia,g13_00020_12.tif,6254648,2.885,2.4604,2.204
slovenia,g13_00020_12.tif,6279236,2.502,1.8012,1.927
slovenia,g13_00020_12.tif,6279239,1.628,2.1966,1.242
slovenia,g13_00020_12.tif,6280192,1.991,1.531,1.242
slovenia,g13_00020_12.tif,6280251,1.991,1.4644,1.242
slovenia,g13_00020_12.tif,6284505,4.67,1.6092,3.288
slovenia,g13_00020_12.tif,6284506,2.502,1.9584,1.927
slovenia,g13_00020_12.tif,6284507,3.097,1.8809,2.999
slovenia,g13_00020_12.tif,6302989,4.534,2.1395,4.553
slovenia,g13_00020_12.tif,6302990,4.678,1.242,4.413
slovenia,g13_00020_12.tif,6302991,2.885,2.272,2.571
slovenia,g13_00020_12.tif,6302994,3.668,2.0382,2.999
slovenia,g13_00020_12.tif,6302998,1.991,2.5255,1.242
slovenia,g13_00020_12.tif,6302999,2.061,2.0819,1.927
slovenia,g13_00020_12.tif,6303000,1.628,2.8479,1.437
slovenia,g13_00020_12.tif,6303059,0.412,3.1406,0.414
slovenia,g13_00020_12.tif,6303084,0.79,1.5638,0.414
slovenia,g13_00020_12.tif,6312254,3.709,1.2823,3.725
slovenia,g13_00020_12.tif,6312257,3.097,2.7448,2.999
slovenia,g13_00020_12.tif,6312260,2.885,0.9193,2.204
slovenia,g13_00020_12.tif,6312261,2.885,1.9387,2.204
slovenia,g13_00020_12.tif,6312262,2.502,2.4554,2.204
slovenia,g13_00020_12.tif,6312263,1.045,2.3647,0.757
slovenia,g13_00020_12.tif,6312264,1.628,1.9124,1.437
slovenia,g13_00020_12.tif,6312265,1.628,1.945,1.437
slovenia,g13_00020_12.tif,6312266,3.709,1.6539,3.288
slovenia,g13_00020_12.tif,6312267,2.061,2.4327,1.927
slovenia,g13_00020_12.tif,6347966,2.129,1.2641,1.437
slovenia,g13_00020_12.tif,6347969,5.087,1.5203,4.413
slovenia,g13_00020_12.tif,6347971,3.193,0.8591,2.069
slovenia,g13_00020_12.tif,6347976,3.036,1.1981,2.069
slovenia,g13_00020_12.tif,6348037,3.668,1.1187,3.098
slovenia,g13_00020_12.tif,6353369,2.129,1.0543,1.437
slovenia,g13_00020_12.tif,6353373,3.036,2.1239,2.204
slovenia,g13_00020_12.tif,6353374,3.552,1.4858,2.571
slovenia,g13_00020_12.tif,6366439,2.061,1.2803,2.069
slovenia,g13_00020_12.tif,6366443,3.097,1.0949,2.897
slovenia,g13_00020_12.tif,6366444,1.991,0.8225,1.242
slovenia,g13_00020_12.tif,6366447,1.991,3.2186,1.242
slovenia,g13_00020_12.tif,6369143,2.337,1.9209,1.927
slovenia,g13_00020_12.tif,6405375,19.252,1.372,15.138
slovenia,g13_00020_12.tif,6405382,5.839,1.1532,5.439
slovenia,g13_00020_12.tif,6405383,2.337,1.6072,2.069
slovenia,g13_00020_12.tif,6405384,4.994,1.1017,4.044
slovenia,g13_00020_12.tif,6410196,11.605,1.5373,8.501
slovenia,g13_00020_12.tif,6410205,6.182,1.5796,4.821
slovenia,g13_00020_12.tif,6410207,2.502,1.8112,1.927
slovenia,g13_00020_12.tif,6410208,2.061,2.0496,1.437
slovenia,g13_00020_12.tif,6474341,8.332,1.7904,6.61
slovenia,g13_00020_12.tif,6474344,3.668,1.0513,3.288
slovenia,g13_00020_12.tif,6474345,0.412,1.5718,0.414
slovenia,g13_00020_12.tif,6474350,3.193,1.0493,2.204
slovenia,g13_00020_12.tif,6486267,5.653,1.2818,3.807
slovenia,g13_00020_12.tif,6500726,3.96,0.7628,2.897
slovenia,g13_00020_12.tif,6500728,5.064,2.1729,4.413
slovenia,g13_00020_12.tif,6500733,5.597,1.2133,4.553
slovenia,g13_00020_12.tif,6500736,1.628,2.0027,1.437
slovenia,g13_00020_12.tif,6500740,4.473,1.0469,3.725
slovenia,g13_00020_12.tif,6500788,1.991,1.2019,1.242
slovenia,g13_00020_12.tif,6500792,0.79,0.9874,0.414
slovenia,g13_00020_12.tif,6501079,9.13,0.8564,7.217
slovenia,g13_00020_12.tif,6501103,7.918,1.0224,6.26
slovenia,g13_00020_12.tif,6501575,0.412,0.5547,0.414
slovenia,g13_00020_12.tif,6577595,2.129,1.3806,1.437
slovenia,g13_00020_12.tif,6584508,2.337,1.9337,1.927
slovenia,g13_00020_12.tif,6590936,0.412,2.3191,0.414
slovenia,g13_00020_12.tif,6590943,4.395,1.2899,2.897
slovenia,g13_00020_12.tif,6590944,1.991,0.6041,1.242
slovenia,g13_00020_12.tif,6590945,3.881,2.167,3.725
slovenia,g13_00020_12.tif,6590946,2.061,2.9412,1.927
slovenia,g13_00020_12.tif,6599036,10.435,2.6068,7.863
slovenia,g13_00020_12.tif,6599041,3.036,2.7933,2.069
slovenia,g13_00020_12.tif,6599058,0.79,1.7863,0.414
slovenia,g13_00020_12.tif,6600369,1.236,2.0237,1.242
slovenia,g13_00020_12.tif,6600373,4.395,2.425,2.897
slovenia,g13_00020_12.tif,6600377,4.395,1.797,2.897
slovenia,g13_00020_12.tif,6611143,4.395,2.1651,2.897
slovenia,g13_00020_12.tif,6620971,9.202,1.3729,6.208
slovenia,g13_00020_12.tif,6645631,5.482,2.1178,5.139
slovenia,g13_00020_12.tif,6685826,5.597,0.8272,3.725
slovenia,g13_00020_12.tif,6686744,8.0,1.2308,6.99
slovenia,g13_00020_12.tif,6686755,3.036,1.348,2.069
slovenia,g13_00020_12.tif,6700486,1.628,2.1733,1.437
slovenia,g13_00020_12.tif,6700488,4.395,0.7476,2.897
slovenia,g13_00020_12.tif,6700492,5.417,1.279,4.268
slovenia,g13_00020_12.tif,6704739,7.211,1.7843,5.139
slovenia,g13_00020_12.tif,6704740,3.193,1.8021,2.069
slovenia,g13_00020_12.tif,6712308,15.445,2.002,13.162
slovenia,g13_00020_12.tif,6741681,5.087,1.7187,4.553
slovenia,g13_00020_12.tif,6741686,2.061,0.9253,1.927
slovenia,g13_00020_12.tif,6744783,7.748,1.1945,7.082
slovenia,g13_00020_12.tif,6748705,5.597,1.5836,3.725
slovenia,g13_00020_12.tif,6748709,2.337,2.6907,1.927
slovenia,g13_00020_12.tif,6748711,3.668,1.3951,2.999
slovenia,g13_00020_12.tif,6748712,2.502,2.2254,1.927
slovenia,g13_00020_12.tif,6748714,4.473,1.1647,3.725
slovenia,g13_00020_12.tif,6748715,1.991,1.2815,1.242
slovenia,g13_00020_12.tif,6748716,2.885,1.8876,2.571
slovenia,g13_00020_12.tif,6748927,1.045,2.0929,0.757
slovenia,g13_00020_12.tif,6867825,5.087,2.1058,4.821
slovenia,g13_00020_12.tif,6867827,5.358,1.6124,4.821
slovenia,g13_00020_12.tif,6873475,1.628,1.9945,1.242
slovenia,g13_00020_12.tif,6873483,2.885,0.9487,2.897
slovenia,g13_00020_12.tif,6873487,2.061,1.5531,1.927
slovenia,g13_00020_12.tif,6873505,4.534,2.4341,4.413
slovenia,g13_00020_12.tif,6873506,5.482,1.7822,5.38
slovenia,g13_00020_12.tif,6881235,3.96,1.9152,2.999
slovenia,g13_00020_12.tif,6955927,11.162,2.6295,8.539
slovenia,g13_00020_12.tif,7047216,4.67,1.8455,3.288
slovenia,g13_00020_12.tif,7047230,4.395,2.0631,2.999
slovenia,g13_00020_12.tif,7047234,1.991,3.1401,1.242
slovenia,g13_00023_3.tif,6176617,2.075,2.1919,1.927
slovenia,g13_00023_3.tif,6176621,2.113,1.6348,1.437
slovenia,g13_00023_3.tif,6176622,2.113,1.1422,1.437
slovenia,g13_00023_3.tif,6180101,2.075,1.3817,2.069
slovenia,g13_00023_3.tif,6180102,2.113,1.7497,1.437
slovenia,g13_00023_3.tif,6180437,3.035,1.5957,2.897
slovenia,g13_00023_3.tif,6180488,0.415,1.6328,0.414
slovenia,g13_00023_3.tif,6192938,1.039,2.1364,0.757
slovenia,g13_00023_3.tif,6192941,3.735,1.2549,3.725
slovenia,g13_00023_3.tif,6192943,3.167,1.9843,2.571
slovenia,g13_00023_3.tif,6194717,7.869,2.2442,7.217
slovenia,g13_00023_3.tif,6194718,7.105,1.6162,6.051
slovenia,g13_00023_3.tif,6194719,4.373,1.4223,3.725
slovenia,g13_00023_3.tif,6194721,7.48,1.7124,6.707
slovenia,g13_00023_3.tif,6194722,5.067,1.659,3.807
slovenia,g13_00023_3.tif,6194724,2.346,1.3882,2.204
slovenia,g13_00023_3.tif,6194725,4.373,2.1398,3.725
slovenia,g13_00023_3.tif,6194761,1.039,1.8698,0.757
slovenia,g13_00023_3.tif,6195192,7.427,2.7704,6.707
slovenia,g13_00023_3.tif,6195193,5.912,3.156,4.821
slovenia,g13_00023_3.tif,6195197,2.905,2.6909,2.897
slovenia,g13_00023_3.tif,6195200,1.039,2.8738,0.757
slovenia,g13_00023_3.tif,6210159,2.075,1.2,2.069
slovenia,g13_00023_3.tif,6210160,1.039,1.6176,0.757
slovenia,g13_00023_3.tif,6214751,3.674,1.3435,3.098
slovenia,g13_00023_3.tif,6214753,1.63,1.5081,1.437
slovenia,g13_00023_3.tif,6250570,7.129,1.6373,7.036
slovenia,g13_00023_3.tif,6250571,2.075,2.0062,1.437
slovenia,g13_00023_3.tif,6250573,2.075,1.5446,2.069
slovenia,g13_00023_3.tif,6250575,3.735,1.5607,2.897
slovenia,g13_00023_3.tif,6250576,1.245,0.8458,1.242
slovenia,g13_00023_3.tif,6283647,5.401,1.8403,3.725
slovenia,g13_00023_3.tif,6283648,2.346,1.7565,2.069
slovenia,g13_00023_3.tif,6283651,2.346,1.2511,1.927
slovenia,g13_00023_3.tif,6283689,6.415,1.3539,4.821
slovenia,g13_00023_3.tif,6283691,3.113,0.8793,2.999
slovenia,g13_00023_3.tif,6283704,5.719,2.186,4.886
slovenia,g13_00023_3.tif,6288707,2.075,0.7962,1.927
slovenia,g13_00023_3.tif,6288708,3.113,1.022,2.571
slovenia,g13_00023_3.tif,6292192,1.039,1.233,0.757
slovenia,g13_00023_3.tif,6292193,2.493,1.7813,1.927
slovenia,g13_00023_3.tif,6292195,2.075,1.4273,1.927
slovenia,g13_00023_3.tif,6292196,3.903,1.4602,3.098
slovenia,g13_00023_3.tif,6292333,5.866,0.6458,4.553
slovenia,g13_00023_3.tif,6292391,3.533,1.1493,2.571
slovenia,g13_00023_3.tif,6315005,1.039,1.9764,0.757
slovenia,g13_00023_3.tif,6315006,2.346,1.4853,1.927
slovenia,g13_00023_3.tif,6341204,9.147,1.6726,7.217
slovenia,g13_00023_3.tif,6341205,6.331,1.529,5.439
slovenia,g13_00023_3.tif,6341208,6.415,1.2924,5.139
slovenia,g13_00023_3.tif,6341209,3.947,1.6841,2.999
slovenia,g13_00023_3.tif,6341210,3.674,2.2188,2.999
slovenia,g13_00023_3.tif,6359704,1.039,1.3088,0.757
slovenia,g13_00023_3.tif,6359705,4.373,1.7995,3.725
slovenia,g13_00023_3.tif,6359706,2.113,1.2269,1.437
slovenia,g13_00023_3.tif,6359707,3.113,1.5381,2.069
slovenia,g13_00023_3.tif,6359773,2.905,1.6373,2.571
slovenia,g13_00023_3.tif,6389679,3.674,1.6061,3.288
slovenia,g13_00023_3.tif,6389680,3.035,1.8452,2.571
slovenia,g13_00023_3.tif,6392298,1.973,2.3929,1.242
slovenia,g13_00023_3.tif,6392299,2.346,1.5061,2.069
slovenia,g13_00023_3.tif,6408866,6.331,1.5684,5.439
slovenia,g13_00023_3.tif,6456338,1.039,1.8188,0.757
slovenia,g13_00023_3.tif,6508736,5.067,1.0359,3.725
slovenia,g13_00023_3.tif,6595950,5.401,1.7668,4.886
slovenia,g13_00023_3.tif,6599040,2.905,1.3521,2.204
slovenia,g13_00023_3.tif,6602220,1.973,2.5016,1.242
slovenia,g13_00023_3.tif,6602240,5.395,2.5092,4.621
slovenia,g13_00023_3.tif,6602242,4.641,2.9302,4.268
slovenia,g13_00023_3.tif,6686766,3.735,2.0337,3.725
slovenia,g13_00023_3.tif,6745274,3.947,1.6248,3.725
slovenia,g13_00023_3.tif,6751102,3.113,2.3485,2.897
slovenia,g13_00023_3.tif,6859853,6.053,1.6328,5.38
slovenia,g13_00023_3.tif,6859859,5.554,1.3822,3.725
slovenia,g13_00023_3.tif,6859871,4.361,0.9642,2.897
slovenia,g13_00023_3.tif,6859873,4.373,1.4769,4.044
slovenia,g13_00023_3.tif,6912356,8.309,1.536,6.208
slovenia,g13_00023_3.tif,7051287,5.395,1.6163,4.821
slovenia,g13_00023_3.tif,7051290,5.912,1.3996,4.413
slovenia,g13_00023_4.tif,6140005,2.905,1.0913,2.897
slovenia,g13_00023_4.tif,6140007,2.075,1.6721,1.437
slovenia,g13_00023_4.tif,6173757,1.63,1.1875,1.437
slovenia,g13_00023_4.tif,6173763,1.039,0.5204,0.757
slovenia,g13_00023_4.tif,6173972,1.63,1.1935,1.437
slovenia,g13_00023_4.tif,6178970,2.905,1.3916,2.204
slovenia,g13_00023_4.tif,6180099,2.075,0.8559,1.927
slovenia,g13_00023_4.tif,6210159,0.415,1.5099,0.414
slovenia,g13_00023_4.tif,6210160,0.415,1.6913,0.414
slovenia,g13_00023_4.tif,6212184,11.744,1.4754,8.691
slovenia,g13_00023_4.tif,6238591,6.053,1.7,4.621
slovenia,g13_00023_4.tif,6238594,3.903,1.5041,3.288
slovenia,g13_00023_4.tif,6238596,3.903,1.3851,3.725
slovenia,g13_00023_4.tif,6238597,1.245,1.5063,1.242
slovenia,g13_00023_4.tif,6254408,2.346,1.633,1.927
slovenia,g13_00023_4.tif,6254409,3.262,1.8165,2.204
slovenia,g13_00023_4.tif,6257204,1.63,1.0866,1.242
slovenia,g13_00023_4.tif,6257205,3.035,1.448,2.069
slovenia,g13_00023_4.tif,6257207,6.855,1.6983,5.439
slovenia,g13_00023_4.tif,6257208,5.108,1.6075,4.413
slovenia,g13_00023_4.tif,6259769,1.039,1.2102,0.757
slovenia,g13_00023_4.tif,6259770,1.039,1.7069,0.757
slovenia,g13_00023_4.tif,6259778,2.113,1.248,1.437
slovenia,g13_00023_4.tif,6280193,2.346,1.3859,1.927
slovenia,g13_00023_4.tif,6280194,2.493,1.3814,1.927
slovenia,g13_00023_4.tif,6302987,7.169,1.4311,5.139
slovenia,g13_00023_4.tif,6302995,1.63,1.3112,1.242
slovenia,g13_00023_4.tif,6338983,3.167,1.2339,2.069
slovenia,g13_00023_4.tif,6345687,1.63,0.8483,1.437
slovenia,g13_00023_4.tif,6345688,1.039,0.966,0.757
slovenia,g13_00023_4.tif,6371419,4.361,1.5935,3.725
slovenia,g13_00023_4.tif,6371422,2.905,1.6309,2.897
slovenia,g13_00023_4.tif,6391496,5.401,1.6019,4.044
slovenia,g13_00023_4.tif,6391497,4.565,1.8398,3.725
slovenia,g13_00023_4.tif,6391498,1.63,1.2399,1.242
slovenia,g13_00023_4.tif,6391501,3.674,2.2032,2.897
slovenia,g13_00023_4.tif,6395062,7.884,1.5551,7.036
slovenia,g13_00023_4.tif,6395065,2.113,1.0021,1.437
slovenia,g13_00023_4.tif,6395066,2.113,1.6546,1.437
slovenia,g13_00023_4.tif,6395068,3.533,1.3335,2.571
slovenia,g13_00023_4.tif,6395069,2.346,1.1179,1.927
slovenia,g13_00023_4.tif,6395071,4.641,1.7637,3.288
slovenia,g13_00023_4.tif,6395072,3.735,1.9379,3.288
slovenia,g13_00023_4.tif,6395697,3.167,1.6688,2.069
slovenia,g13_00023_4.tif,6395701,2.075,1.7984,1.927
slovenia,g13_00023_4.tif,6395704,3.035,1.5488,2.897
slovenia,g13_00023_4.tif,6395783,2.346,1.8864,2.204
slovenia,g13_00023_4.tif,6399566,5.401,1.0587,4.044
slovenia,g13_00023_4.tif,6399567,1.039,1.4561,0.757
slovenia,g13_00023_4.tif,6399576,1.245,2.0513,1.242
slovenia,g13_00023_4.tif,6399660,0.779,0.9294,0.414
slovenia,g13_00023_4.tif,6399775,1.63,1.2191,1.437
slovenia,g13_00023_4.tif,6411564,5.866,1.452,5.38
slovenia,g13_00023_4.tif,6411567,4.361,1.5211,2.897
slovenia,g13_00023_4.tif,6411569,6.41,1.8537,4.821
slovenia,g13_00023_4.tif,6411570,3.947,1.4472,2.897
slovenia,g13_00023_4.tif,6456338,2.113,1.1765,1.437
slovenia,g13_00023_4.tif,6577594,3.674,1.4285,3.288
slovenia,g13_00023_4.tif,6584506,5.401,1.5965,4.044
slovenia,g13_00023_4.tif,6599040,2.493,0.8311,2.069
slovenia,g13_00023_4.tif,6602068,9.279,1.9857,7.036
slovenia,g13_00023_4.tif,6602210,3.735,1.6555,3.288
slovenia,g13_00023_4.tif,6605610,1.245,1.5745,1.242
slovenia,g13_00023_4.tif,6671275,3.035,1.1206,2.571
slovenia,g13_00023_4.tif,6676877,2.346,1.0419,2.069
slovenia,g13_00023_4.tif,6676905,2.113,1.6292,1.927
slovenia,g13_00023_4.tif,6684241,2.905,1.3193,2.897
slovenia,g13_00023_4.tif,6684242,2.905,1.4735,2.897
slovenia,g13_00023_4.tif,6686730,5.108,1.0237,4.413
slovenia,g13_00023_4.tif,6686733,9.172,1.6307,6.658
slovenia,g13_00023_4.tif,6686735,8.577,2.0723,6.658
slovenia,g13_00023_4.tif,6686740,7.105,1.3281,6.051
slovenia,g13_00023_4.tif,6686747,0.415,1.9211,0.414
slovenia,g13_00023_4.tif,6686749,7.105,1.3854,6.208
slovenia,g13_00023_4.tif,6686753,7.863,1.9122,5.89
slovenia,g13_00023_4.tif,6686758,0.415,0.7832,0.414
slovenia,g13_00023_4.tif,6686777,5.401,1.9255,3.725
slovenia,g13_00023_4.tif,6686778,4.469,2.0368,3.288
slovenia,g13_00023_4.tif,6693596,3.167,1.2632,2.069
slovenia,g13_00023_4.tif,6693599,3.167,1.2216,2.069
slovenia,g13_00023_4.tif,6718697,2.905,1.1388,2.897
slovenia,g13_00023_4.tif,6718701,1.973,1.1537,1.242
slovenia,g13_00023_4.tif,6718702,1.973,1.3593,1.242
slovenia,g13_00023_4.tif,6718711,3.533,0.9209,2.571
slovenia,g13_00023_4.tif,6718718,3.167,1.7919,2.069
slovenia,g13_00023_4.tif,6738717,4.469,1.7071,4.044
slovenia,g13_00023_4.tif,6738730,4.971,1.4614,3.725
slovenia,g13_00023_4.tif,6741682,4.373,2.3759,3.288
slovenia,g13_00023_4.tif,6744786,6.225,1.6678,6.208
slovenia,g13_00023_4.tif,6751102,2.346,2.1841,2.069
slovenia,g13_00023_4.tif,6873504,2.346,1.4456,1.927
slovenia,g13_00023_4.tif,6881129,5.719,1.6289,4.268
slovenia,g13_00023_4.tif,6947332,9.544,2.0112,7.036
slovenia,g13_00023_4.tif,7077940,3.947,1.3591,2.999
slovenia,g13_00023_4.tif,7077946,3.035,1.5807,2.204
slovenia,g13_00023_5.tif,6116416,3.095,1.0982,2.069
slovenia,g13_00023_5.tif,6125329,1.237,2.1821,1.242
slovenia,g13_00023_5.tif,6125330,2.886,1.8129,2.897
slovenia,g13_00023_5.tif,6131440,3.941,1.8582,2.999
slovenia,g13_00023_5.tif,6131443,3.88,1.7368,3.288
slovenia,g13_00023_5.tif,6178961,4.64,2.3478,3.288
slovenia,g13_00023_5.tif,6178970,3.531,1.9232,2.897
slovenia,g13_00023_5.tif,6179104,5.557,2.3219,3.725
slovenia,g13_00023_5.tif,6207600,7.008,1.6522,5.38
slovenia,g13_00023_5.tif,6207602,4.363,2.3689,2.897
slovenia,g13_00023_5.tif,6207654,1.039,2.0086,0.757
slovenia,g13_00023_5.tif,6211404,3.941,2.2879,2.999
slovenia,g13_00023_5.tif,6211405,1.976,2.2801,1.242
slovenia,g13_00023_5.tif,6211407,6.408,2.7866,4.886
slovenia,g13_00023_5.tif,6211409,4.352,2.0871,3.288
slovenia,g13_00023_5.tif,6211411,3.169,1.7979,2.204
slovenia,g13_00023_5.tif,6259219,7.166,1.034,5.139
slovenia,g13_00023_5.tif,6259221,7.474,2.0532,7.036
slovenia,g13_00023_5.tif,6259223,2.886,1.3345,2.897
slovenia,g13_00023_5.tif,6259224,2.886,1.5307,2.571
slovenia,g13_00023_5.tif,6259762,6.184,1.3779,6.208
slovenia,g13_00023_5.tif,6259778,3.026,1.7189,2.571
slovenia,g13_00023_5.tif,6259779,7.474,1.8189,6.051
slovenia,g13_00023_5.tif,6259780,7.383,2.0682,6.208
slovenia,g13_00023_5.tif,6259783,6.751,2.6331,4.553
slovenia,g13_00023_5.tif,6259785,2.886,1.8627,2.571
slovenia,g13_00023_5.tif,6259787,2.061,1.7833,1.927
slovenia,g13_00023_5.tif,6259876,1.237,1.8728,1.242
slovenia,g13_00023_5.tif,6318753,5.359,1.4691,5.38
slovenia,g13_00023_5.tif,6323636,5.359,2.1399,4.821
slovenia,g13_00023_5.tif,6323637,3.71,1.4081,3.725
slovenia,g13_00023_5.tif,6338981,4.457,1.5934,3.725
slovenia,g13_00023_5.tif,6338982,3.026,2.078,2.204
slovenia,g13_00023_5.tif,6338984,3.88,1.6944,2.897
slovenia,g13_00023_5.tif,6347965,6.798,1.8582,4.621
slovenia,g13_00023_5.tif,6351936,5.359,1.2606,3.807
slovenia,g13_00023_5.tif,6351948,2.061,1.4388,2.069
slovenia,g13_00023_5.tif,6371419,6.751,2.2404,4.621
slovenia,g13_00023_5.tif,6375576,7.079,2.2334,5.439
slovenia,g13_00023_5.tif,6375583,2.886,1.9841,2.069
slovenia,g13_00023_5.tif,6375584,1.976,1.9734,1.242
slovenia,g13_00023_5.tif,6375585,4.434,2.5574,3.098
slovenia,g13_00023_5.tif,6389673,9.766,1.8016,8.691
slovenia,g13_00023_5.tif,6484412,2.886,2.4093,2.897
slovenia,g13_00023_5.tif,6577594,2.061,1.2997,1.927
slovenia,g13_00023_5.tif,6657943,1.237,1.9745,1.242
slovenia,g13_00023_5.tif,6676861,4.535,1.7853,3.725
slovenia,g13_00023_5.tif,6676873,6.291,2.0447,6.208
slovenia,g13_00023_5.tif,6676877,9.744,1.6879,7.217
slovenia,g13_00023_5.tif,6676881,5.481,1.9168,5.139
slovenia,g13_00023_5.tif,6676902,7.166,1.597,5.38
slovenia,g13_00023_5.tif,6676904,6.751,1.6628,5.38
slovenia,g13_00023_5.tif,6676905,3.531,1.6055,2.571
slovenia,g13_00023_5.tif,6676906,2.334,1.5096,1.927
slovenia,g13_00023_5.tif,6686701,2.061,1.186,2.069
slovenia,g13_00023_5.tif,6686705,7.945,2.3509,5.555
slovenia,g13_00023_5.tif,6686716,11.195,1.9315,8.228
slovenia,g13_00023_5.tif,6686726,7.104,1.5517,7.082
slovenia,g13_00023_5.tif,6686727,9.339,2.0869,8.108
slovenia,g13_00023_5.tif,6686740,1.237,1.3419,1.242
slovenia,g13_00023_5.tif,6686747,6.291,2.3811,5.555
slovenia,g13_00023_5.tif,6686758,2.886,1.4513,2.897
slovenia,g13_00023_5.tif,6686760,4.352,1.8683,4.044
slovenia,g13_00023_5.tif,6686762,3.026,2.4915,2.571
slovenia,g13_00023_5.tif,6686775,5.557,2.0491,3.725
slovenia,g13_00023_5.tif,6686837,9.482,1.8628,8.729
slovenia,g13_00023_5.tif,6686876,8.577,1.5921,8.027
slovenia,g13_00023_5.tif,6712317,10.764,2.5447,8.385
slovenia,g13_00023_5.tif,6712325,4.363,1.6958,2.897
slovenia,g13_00023_5.tif,6712638,4.677,2.5497,4.413
slovenia,g13_00023_5.tif,6717435,5.614,2.3172,3.807
slovenia,g13_00023_5.tif,6718711,4.966,1.0302,4.044
slovenia,g13_00023_5.tif,6744778,3.169,2.1338,2.069
slovenia,g13_00023_5.tif,6873466,10.333,2.1845,7.863
slovenia,g13_00023_5.tif,6873508,7.341,1.8377,5.89
slovenia,g13_00023_5.tif,6876739,1.237,1.0968,1.242
slovenia,g13_00023_5.tif,6876740,1.237,1.003,1.242
slovenia,g13_00023_5.tif,6947279,12.08,2.1205,9.274
slovenia,g13_00023_5.tif,6947352,6.049,2.1478,4.553
slovenia,g13_00023_5.tif,6947412,5.695,1.5429,4.553
slovenia,g13_00026_17.tif,6593532,1.988,0.3589,1.242
slovenia,g13_00026_17.tif,6593730,1.988,0.6203,1.242
slovenia,g13_00026_18.tif,6177380,1.635,2.5845,1.242
slovenia,g13_00026_18.tif,6177382,1.046,2.522,0.757
slovenia,g13_00026_18.tif,6230989,1.046,1.6935,0.757
slovenia,g13_00026_18.tif,6230991,1.635,2.4714,1.437
slovenia,g13_00026_18.tif,6396910,1.635,1.8913,1.437
slovenia,g13_00026_18.tif,6483481,1.246,2.8815,1.242
slovenia,g13_00026_18.tif,6593537,1.046,2.5045,0.757
slovenia,g13_00029_10.tif,6253290,2.506,2.2904,1.927
slovenia,g13_00029_10.tif,6261267,2.076,2.5503,2.069
slovenia,g13_00029_10.tif,6854894,2.351,1.4149,1.927
slovenia,g13_00029_11.tif,6170105,5.522,1.5287,3.807
slovenia,g13_00029_11.tif,6170106,2.351,1.745,1.927
slovenia,g13_00029_11.tif,6170107,1.988,3.9383,1.242
slovenia,g13_00029_11.tif,6172162,2.506,3.4579,1.927
slovenia,g13_00029_11.tif,6172163,1.046,1.8939,0.757
slovenia,g13_00029_11.tif,6177382,3.047,1.3834,2.069
slovenia,g13_00029_11.tif,6243140,1.246,1.2984,1.242
slovenia,g13_00029_11.tif,6396905,3.047,3.4288,2.571
slovenia,g13_00029_11.tif,6396906,4.999,1.8448,3.725
slovenia,g13_00029_11.tif,6396907,3.047,2.7974,2.069
slovenia,g13_00029_11.tif,6396910,0.786,2.0161,0.414
slovenia,g13_00029_11.tif,6396985,1.988,2.9686,1.242
slovenia,g13_00029_11.tif,6489830,1.988,3.221,1.242
slovenia,g13_00031_14.tif,6139440,1.046,1.8676,0.757
slovenia,g13_00031_14.tif,6139441,1.246,1.136,1.242
slovenia,g13_00031_14.tif,6522422,5.428,1.1471,4.044
slovenia,g13_00031_14.tif,6522423,1.046,1.8199,0.757
slovenia,g13_00031_14.tif,6522433,2.352,0.8852,1.927
slovenia,g13_00031_14.tif,6834016,1.988,1.3856,1.437
slovenia,g13_00031_14.tif,6834210,0.415,1.5565,0.414
slovenia,g13_00032_5.tif,6611149,2.908,3.4712,2.204
slovenia,g13_00032_5.tif,6685069,3.19,2.742,2.897
slovenia,g13_00032_5.tif,6787546,1.046,1.917,0.757
slovenia,g13_00032_6.tif,6231450,4.671,3.2264,3.725
slovenia,g13_00032_6.tif,6231451,5.938,3.0129,4.413
slovenia,g13_00032_6.tif,6237426,2.128,3.0811,1.437
slovenia,g13_00032_6.tif,6289716,3.19,2.0515,2.069
slovenia,g13_00032_6.tif,6685069,3.738,2.1461,3.725
slovenia,g13_00032_6.tif,6685636,2.077,2.2964,1.927
slovenia,g13_00032_7.tif,6204997,3.686,2.4782,3.288
slovenia,g13_00032_7.tif,6204998,1.046,3.0664,0.757
slovenia,g13_00032_7.tif,6205000,2.352,2.5727,2.204
slovenia,g13_00032_7.tif,6234310,3.686,2.7785,2.999
slovenia,g13_00032_7.tif,6235734,2.506,2.1356,1.927
slovenia,g13_00032_7.tif,6235743,2.506,2.4811,2.069
slovenia,g13_00032_7.tif,6240851,2.077,2.06,1.927
slovenia,g13_00032_7.tif,6276548,1.046,3.1864,0.757
slovenia,g13_00032_7.tif,6418828,1.046,2.4838,0.757
slovenia,g13_00032_7.tif,6442954,2.908,2.1175,2.069
slovenia,g13_00032_7.tif,6442961,2.352,2.1552,1.927
slovenia,g13_00033_1.tif,6157871,2.352,1.2709,2.204
slovenia,g13_00033_1.tif,6200452,5.523,1.538,5.139
slovenia,g13_00033_1.tif,6200455,2.077,1.7317,1.927
slovenia,g13_00033_1.tif,6284038,4.712,2.2564,4.268
slovenia,g13_00033_1.tif,6284041,1.046,2.0492,0.757
slovenia,g13_00033_1.tif,6284042,1.988,2.0771,1.242
slovenia,g13_00033_1.tif,6284165,1.046,1.9315,0.757
slovenia,g13_00033_1.tif,6290736,9.183,1.6812,8.385
slovenia,g13_00033_1.tif,6290738,5.4,1.8198,5.139
slovenia,g13_00033_1.tif,6290743,3.19,1.8226,2.069
slovenia,g13_00033_1.tif,6290750,2.908,0.9706,2.571
slovenia,g13_00033_1.tif,6290752,1.635,2.3379,1.437
slovenia,g13_00033_1.tif,6290753,2.352,1.1494,2.204
slovenia,g13_00033_1.tif,6290755,1.988,0.8612,1.242
slovenia,g13_00033_1.tif,6290756,2.352,1.0814,2.204
slovenia,g13_00033_1.tif,6290766,1.635,0.9511,1.437
slovenia,g13_00033_1.tif,6290779,4.712,1.3148,4.268
slovenia,g13_00033_1.tif,6290781,2.077,1.5078,1.437
slovenia,g13_00033_1.tif,6434904,4.569,1.4996,4.413
slovenia,g13_00033_1.tif,6434940,3.686,2.0976,3.288
slovenia,g13_00033_1.tif,6434950,4.569,0.8834,4.044
slovenia,g13_00033_1.tif,6437944,1.988,0.962,1.437
slovenia,g13_00033_1.tif,6439232,1.635,1.475,1.437
slovenia,g13_00033_1.tif,6439233,2.352,1.6284,1.927
slovenia,g13_00033_1.tif,6439236,2.908,1.3125,2.571
slovenia,g13_00033_1.tif,6439837,1.046,1.2893,0.757
slovenia,g13_00033_1.tif,6439854,1.046,1.5497,0.757
slovenia,g13_00033_1.tif,6439865,1.046,1.1002,0.757
slovenia,g13_00033_1.tif,6452221,3.686,1.4493,2.999
slovenia,g13_00033_1.tif,6462808,7.13,1.3038,6.051
slovenia,g13_00033_1.tif,6462832,5.736,1.0954,4.886
slovenia,g13_00033_1.tif,6462838,4.712,1.6067,4.413
slovenia,g13_00033_1.tif,6462841,2.077,1.0299,1.927
slovenia,g13_00033_1.tif,6462844,1.635,1.1581,1.437
slovenia,g13_00033_1.tif,6462845,1.635,1.1183,1.437
slovenia,g13_00033_1.tif,6462870,1.635,1.4456,1.437
slovenia,g13_00033_1.tif,6476644,1.046,0.9247,0.757
slovenia,g13_00033_1.tif,6478361,4.569,1.7549,4.413
slovenia,g13_00033_1.tif,6478362,3.686,0.9316,3.288
slovenia,g13_00033_1.tif,6480932,4.384,1.6177,4.044
slovenia,g13_00033_1.tif,6480933,2.077,1.0502,1.927
slovenia,g13_00033_1.tif,6480934,3.19,2.5595,2.069
slovenia,g13_00033_1.tif,6480937,1.988,2.2206,1.242
slovenia,g13_00033_1.tif,6481026,0.786,2.2514,0.414
slovenia,g13_00033_1.tif,6492023,5.118,1.3385,4.821
slovenia,g13_00033_1.tif,6492028,2.077,1.4734,2.069
slovenia,g13_00033_1.tif,6492029,2.908,1.2756,2.897
slovenia,g13_00033_1.tif,6492032,2.352,1.2859,2.204
slovenia,g13_00033_1.tif,6492040,3.19,1.9059,2.069
slovenia,g13_00033_1.tif,6492041,2.077,1.8592,1.927
slovenia,g13_00033_1.tif,6492042,2.506,1.2559,1.927
slovenia,g13_00033_1.tif,6492045,0.786,1.7895,0.414
slovenia,g13_00033_1.tif,6492375,1.988,1.7832,1.242
slovenia,g13_00033_1.tif,6493487,2.077,1.3194,1.927
slovenia,g13_00033_1.tif,6495415,3.686,1.332,3.288
slovenia,g13_00033_1.tif,6495417,3.686,1.278,2.999
slovenia,g13_00033_1.tif,6495430,1.635,1.4614,1.437
slovenia,g13_00033_1.tif,6495438,3.118,1.6176,2.999
slovenia,g13_00033_1.tif,6498782,9.409,0.9742,8.501
slovenia,g13_00033_1.tif,6498787,2.908,1.8381,2.571
slovenia,g13_00033_1.tif,6498791,2.352,1.237,2.204
slovenia,g13_00033_1.tif,6498802,1.988,1.77,1.437
slovenia,g13_00033_1.tif,6498806,1.635,1.4331,1.437
slovenia,g13_00033_1.tif,6498808,1.246,1.7322,1.242
slovenia,g13_00033_1.tif,6498811,1.635,0.8273,1.437
slovenia,g13_00033_1.tif,6503736,1.988,2.6123,1.242
slovenia,g13_00033_1.tif,6528091,5.736,1.1712,5.139
slovenia,g13_00033_1.tif,6528097,1.988,0.7584,1.242
slovenia,g13_00033_1.tif,6528100,2.077,1.3221,1.927
slovenia,g13_00033_1.tif,6528158,3.19,1.5446,2.897
slovenia,g13_00033_1.tif,6560118,1.988,0.8722,1.242
slovenia,g13_00033_1.tif,6560120,4.392,1.8957,2.897
slovenia,g13_00033_1.tif,6560121,1.988,1.9074,1.242
slovenia,g13_00033_1.tif,6560123,2.506,1.4663,1.927
slovenia,g13_00033_1.tif,6562544,3.047,1.2529,2.571
slovenia,g13_00033_1.tif,6562567,1.246,1.4256,1.242
slovenia,g13_00033_1.tif,6562574,1.635,1.2388,1.242
slovenia,g13_00033_1.tif,6562575,1.988,0.5352,1.242
slovenia,g13_00033_1.tif,6564732,1.635,0.9842,1.437
slovenia,g13_00033_1.tif,6569859,2.506,1.4531,1.927
slovenia,g13_00033_1.tif,6569865,1.246,1.9716,1.242
slovenia,g13_00033_1.tif,6571292,3.118,1.7214,2.999
slovenia,g13_00033_1.tif,6574956,1.635,1.5646,1.242
slovenia,g13_00033_1.tif,6585364,6.451,1.6969,4.553
slovenia,g13_00033_1.tif,6585387,2.077,1.2689,1.927
slovenia,g13_00033_1.tif,6588394,3.19,1.4248,2.069
slovenia,g13_00033_1.tif,6596920,5.118,1.6721,4.821
slovenia,g13_00033_1.tif,6596922,3.047,0.7733,2.571
slovenia,g13_00033_1.tif,6596927,3.047,0.9249,2.571
slovenia,g13_00033_1.tif,6599688,1.246,1.3367,1.242
slovenia,g13_00033_1.tif,6603210,2.077,1.4534,2.069
slovenia,g13_00033_1.tif,6624910,2.506,1.9568,1.927
slovenia,g13_00033_1.tif,6624911,2.077,1.8213,2.069
slovenia,g13_00033_1.tif,6627828,3.554,1.7356,2.571
slovenia,g13_00033_1.tif,6632755,2.077,1.622,1.927
slovenia,g13_00033_1.tif,6642360,1.635,1.6773,1.437
slovenia,g13_00033_1.tif,6642364,3.554,1.8962,2.571
slovenia,g13_00033_1.tif,6642365,1.635,1.5584,1.437
slovenia,g13_00033_1.tif,6642366,1.246,1.8645,1.242
slovenia,g13_00033_1.tif,6673253,1.988,1.1457,1.242
slovenia,g13_00033_1.tif,6698171,1.246,0.9209,1.242
slovenia,g13_00033_1.tif,6712600,5.118,1.2068,4.821
slovenia,g13_00033_1.tif,6712620,2.077,1.4387,1.927
slovenia,g13_00033_1.tif,6741716,5.523,1.05,5.139
slovenia,g13_00033_1.tif,6753003,3.554,1.2501,2.571
slovenia,g13_00033_1.tif,6758717,3.118,1.4865,2.999
slovenia,g13_00033_1.tif,6758719,6.339,1.0616,5.89
slovenia,g13_00033_1.tif,6758720,3.686,1.3091,3.288
slovenia,g13_00033_1.tif,6758724,1.246,1.6581,1.242
slovenia,g13_00033_1.tif,6758726,2.352,1.1941,2.204
slovenia,g13_00033_1.tif,6758730,1.635,1.1858,1.242
slovenia,g13_00033_1.tif,6758829,1.635,1.4623,1.437
slovenia,g13_00033_1.tif,6762048,5.428,1.5005,3.725
slovenia,g13_00033_1.tif,6771200,3.047,0.9253,2.571
slovenia,g13_00033_1.tif,6775142,6.652,2.0852,6.412
slovenia,g13_00033_1.tif,6775154,2.908,1.6849,2.571
slovenia,g13_00033_1.tif,6775161,1.246,1.3481,1.242
slovenia,g13_00033_1.tif,6777630,1.635,1.5266,1.437
slovenia,g13_00033_1.tif,6777917,0.786,1.2443,0.414
slovenia,g13_00033_1.tif,6780576,5.736,1.8301,5.139
slovenia,g13_00033_1.tif,6780577,7.906,1.3004,7.395
slovenia,g13_00033_1.tif,6780648,4.392,1.5461,2.897
slovenia,g13_00033_1.tif,6785709,6.427,0.8083,5.89
slovenia,g13_00033_1.tif,6785723,2.352,1.5854,2.204
slovenia,g13_00033_1.tif,6785726,1.635,1.0542,1.437
slovenia,g13_00033_1.tif,6790115,1.635,1.3208,1.437
slovenia,g13_00033_1.tif,6790772,2.128,0.7143,1.437
slovenia,g13_00033_1.tif,6790774,0.415,1.9157,0.414
slovenia,g13_00033_1.tif,6791316,0.786,1.4259,0.414
slovenia,g13_00033_1.tif,6791363,1.635,1.5204,1.437
slovenia,g13_00033_1.tif,6793107,3.118,1.3565,2.999
slovenia,g13_00033_1.tif,6793110,1.635,0.9505,1.437
slovenia,g13_00033_1.tif,6808536,2.352,1.3035,2.204
slovenia,g13_00033_1.tif,6808537,2.352,1.6305,2.204
slovenia,g13_00033_1.tif,6808540,2.908,1.2397,2.571
slovenia,g13_00033_1.tif,6808966,0.415,1.4859,0.414
slovenia,g13_00033_1.tif,6813616,8.159,1.506,5.612
slovenia,g13_00033_1.tif,6813617,7.158,1.5745,6.658
slovenia,g13_00033_1.tif,6813618,1.988,1.9617,1.437
slovenia,g13_00033_1.tif,6813620,5.4,1.152,5.139
slovenia,g13_00033_1.tif,6813626,2.908,1.0363,2.897
slovenia,g13_00033_1.tif,6813635,2.352,1.4471,1.927
slovenia,g13_00033_1.tif,6862298,16.409,1.3471,12.83
slovenia,g13_00033_1.tif,6894846,2.077,1.8362,1.927
slovenia,g13_00033_1.tif,6894847,2.352,1.5733,2.204
slovenia,g13_00033_1.tif,6894850,2.908,1.5472,2.571
slovenia,g13_00033_1.tif,6894852,2.352,1.6373,2.204
slovenia,g13_00033_1.tif,6894854,2.128,2.2874,1.437
slovenia,g13_00033_1.tif,6894856,1.988,1.827,1.242
slovenia,g13_00033_1.tif,6911154,1.988,1.8713,1.242
slovenia,g13_00033_1.tif,6911158,3.738,1.4836,3.288
slovenia,g13_00033_1.tif,6911161,1.246,1.5075,1.242
slovenia,g13_00033_1.tif,6925601,1.988,1.6136,1.242
slovenia,g13_00033_1.tif,6936026,2.077,1.8363,1.927
slovenia,g13_00033_1.tif,6936029,1.046,1.2185,0.757
slovenia,g13_00033_1.tif,6937289,10.684,1.2707,7.905
slovenia,g13_00033_1.tif,6937290,8.358,1.63,6.208
slovenia,g13_00033_1.tif,6950864,2.128,2.2414,1.437
slovenia,g13_00033_1.tif,6980374,3.047,0.8748,2.571
slovenia,g13_00033_1.tif,6980375,2.128,1.0573,1.437
slovenia,g13_00033_1.tif,6980390,1.635,0.8532,1.437
slovenia,g13_00033_1.tif,6982216,5.593,1.5075,3.725
slovenia,g13_00033_1.tif,6982218,7.524,1.9858,5.38
slovenia,g13_00033_1.tif,6982224,5.593,1.6177,4.044
slovenia,g13_00033_1.tif,6982226,4.712,1.3739,4.268
slovenia,g13_00033_1.tif,6982228,2.908,1.4291,2.571
slovenia,g13_00033_1.tif,6996858,3.047,1.0358,2.571
slovenia,g13_00033_1.tif,6996862,2.352,0.8427,2.204
slovenia,g13_00033_1.tif,7003150,5.118,2.2338,4.821
slovenia,g13_00033_1.tif,7003156,5.593,1.3482,3.725
slovenia,g13_00033_1.tif,7003186,2.908,1.2665,2.571
slovenia,g13_00033_1.tif,7003198,2.077,1.2058,1.927
slovenia,g13_00033_1.tif,7003200,1.988,1.5851,1.242
slovenia,g13_00033_1.tif,7003202,2.352,1.3562,2.204
slovenia,g13_00033_1.tif,7003211,2.908,2.0116,2.204
slovenia,g13_00033_1.tif,7003237,2.128,2.0441,1.437
slovenia,g13_00033_1.tif,7003239,1.635,2.3472,1.437
slovenia,g13_00033_1.tif,7003240,0.786,0.7569,0.414
slovenia,g13_00033_1.tif,7006525,3.909,0.9171,3.725
slovenia,g13_00033_1.tif,7006542,2.908,1.6084,2.571
slovenia,g13_00033_1.tif,7020929,1.046,1.2614,0.757
slovenia,g13_00033_1.tif,7078005,3.19,1.0425,2.069
slovenia,g13_00033_2.tif,6289857,3.286,2.1381,2.204
slovenia,g13_00033_2.tif,6290736,1.238,1.9907,1.242
slovenia,g13_00033_2.tif,6290740,5.092,2.1409,4.821
slovenia,g13_00033_2.tif,6290752,2.889,2.4618,2.571
slovenia,g13_00033_2.tif,6290761,2.34,3.2146,2.204
slovenia,g13_00033_2.tif,6290779,5.067,1.8374,4.413
slovenia,g13_00033_2.tif,6359391,2.34,2.3938,2.204
slovenia,g13_00033_2.tif,6434944,4.363,1.0955,3.725
slovenia,g13_00033_2.tif,6452221,3.038,1.0309,2.571
slovenia,g13_00033_2.tif,6462831,5.819,1.8939,4.044
slovenia,g13_00033_2.tif,6462867,1.629,2.1778,1.437
slovenia,g13_00033_2.tif,6476634,6.877,1.7662,5.89
slovenia,g13_00033_2.tif,6492023,4.539,2.1804,4.413
slovenia,g13_00033_2.tif,6492028,4.683,1.7004,4.268
slovenia,g13_00033_2.tif,6492032,2.34,2.0808,2.204
slovenia,g13_00033_2.tif,6492037,2.889,2.3935,2.571
slovenia,g13_00033_2.tif,6492044,1.629,1.6472,1.437
slovenia,g13_00033_2.tif,6493482,1.238,1.827,1.242
slovenia,g13_00033_2.tif,6494428,2.503,1.6791,1.927
slovenia,g13_00033_2.tif,6494429,0.789,1.9358,0.414
slovenia,g13_00033_2.tif,6494430,4.465,1.927,2.999
slovenia,g13_00033_2.tif,6494572,1.629,2.3788,1.242
slovenia,g13_00033_2.tif,6495411,6.299,2.5602,5.89
slovenia,g13_00033_2.tif,6495419,3.193,1.3671,2.069
slovenia,g13_00033_2.tif,6495426,4.363,2.7791,3.725
slovenia,g13_00033_2.tif,6495428,2.889,1.9978,2.571
slovenia,g13_00033_2.tif,6495436,1.629,1.373,1.437
slovenia,g13_00033_2.tif,6498790,2.34,2.3347,2.204
slovenia,g13_00033_2.tif,6498795,3.038,0.8516,2.069
slovenia,g13_00033_2.tif,6498800,4.363,2.1567,4.044
slovenia,g13_00033_2.tif,6498814,6.614,2.2318,5.139
slovenia,g13_00033_2.tif,6499508,2.063,2.7855,1.927
slovenia,g13_00033_2.tif,6503731,3.671,2.1672,3.288
slovenia,g13_00033_2.tif,6505032,1.991,2.0824,1.242
slovenia,g13_00033_2.tif,6508455,6.845,1.5864,4.821
slovenia,g13_00033_2.tif,6510315,7.999,1.5831,5.439
slovenia,g13_00033_2.tif,6510317,3.038,1.5873,2.069
slovenia,g13_00033_2.tif,6510500,3.038,1.7048,2.069
slovenia,g13_00033_2.tif,6510501,3.193,1.4551,2.069
slovenia,g13_00033_2.tif,6528091,4.539,1.6667,3.725
slovenia,g13_00033_2.tif,6528158,7.103,1.9005,6.051
slovenia,g13_00033_2.tif,6560107,13.212,1.7767,9.274
slovenia,g13_00033_2.tif,6560108,5.067,1.6803,4.413
slovenia,g13_00033_2.tif,6560112,2.129,2.1328,1.437
slovenia,g13_00033_2.tif,6561843,3.193,1.6515,2.069
slovenia,g13_00033_2.tif,6561844,3.038,1.9913,2.571
slovenia,g13_00033_2.tif,6561845,2.34,1.4623,2.204
slovenia,g13_00033_2.tif,6562558,2.34,1.828,2.204
slovenia,g13_00033_2.tif,6562567,1.238,1.8478,1.242
slovenia,g13_00033_2.tif,6571283,3.038,1.2548,2.069
slovenia,g13_00033_2.tif,6576199,3.038,2.2619,2.069
slovenia,g13_00033_2.tif,6576200,4.465,1.7034,2.999
slovenia,g13_00033_2.tif,6580325,5.596,1.1381,3.725
slovenia,g13_00033_2.tif,6580326,4.539,1.446,4.413
slovenia,g13_00033_2.tif,6580339,0.789,1.2538,0.414
slovenia,g13_00033_2.tif,6582875,4.683,1.4479,4.413
slovenia,g13_00033_2.tif,6583090,4.683,1.5928,4.413
slovenia,g13_00033_2.tif,6594437,2.503,2.6364,1.927
slovenia,g13_00033_2.tif,6594440,2.503,2.2611,1.927
slovenia,g13_00033_2.tif,6594442,3.038,2.1737,2.571
slovenia,g13_00033_2.tif,6594447,3.671,1.9401,2.999
slovenia,g13_00033_2.tif,6594452,2.34,1.5798,2.069
slovenia,g13_00033_2.tif,6594516,4.363,1.1723,4.044
slovenia,g13_00033_2.tif,6594517,1.238,1.0434,1.242
slovenia,g13_00033_2.tif,6624911,2.889,3.5601,2.204
slovenia,g13_00033_2.tif,6624914,0.789,2.717,0.414
slovenia,g13_00033_2.tif,6629333,10.528,1.7504,7.738
slovenia,g13_00033_2.tif,6629341,2.129,1.5346,1.437
slovenia,g13_00033_2.tif,6642357,5.419,1.5439,3.807
slovenia,g13_00033_2.tif,6712617,4.994,1.7723,3.725
slovenia,g13_00033_2.tif,6719671,9.342,1.4737,6.412
slovenia,g13_00033_2.tif,6720050,2.503,2.3672,1.927
slovenia,g13_00033_2.tif,6720053,4.994,2.1429,3.725
slovenia,g13_00033_2.tif,6720055,3.961,2.359,2.897
slovenia,g13_00033_2.tif,6720065,3.286,1.849,2.571
slovenia,g13_00033_2.tif,6731665,4.994,1.8912,3.725
slovenia,g13_00033_2.tif,6752988,6.845,1.7038,4.621
slovenia,g13_00033_2.tif,6753000,3.193,1.4283,2.069
slovenia,g13_00033_2.tif,6758721,2.889,2.1542,2.069
slovenia,g13_00033_2.tif,6762056,1.629,1.8334,1.437
slovenia,g13_00033_2.tif,6771197,6.299,2.0614,5.89
slovenia,g13_00033_2.tif,6771199,7.103,2.0965,6.26
slovenia,g13_00033_2.tif,6771265,3.038,2.1193,2.571
slovenia,g13_00033_2.tif,6777627,9.779,1.599,9.239
slovenia,g13_00033_2.tif,6780541,2.34,1.2974,2.204
slovenia,g13_00033_2.tif,6780724,5.419,1.254,3.725
slovenia,g13_00033_2.tif,6800988,7.211,1.4951,5.612
slovenia,g13_00033_2.tif,6800994,2.503,2.3417,1.927
slovenia,g13_00033_2.tif,6800995,8.184,1.9213,5.89
slovenia,g13_00033_2.tif,6813621,5.365,1.7469,5.139
slovenia,g13_00033_2.tif,6813628,3.671,2.2142,3.288
slovenia,g13_00033_2.tif,6813634,4.994,2.3551,3.725
slovenia,g13_00033_2.tif,6862298,38.363,1.5993,28.379
slovenia,g13_00033_2.tif,6911137,10.683,1.4277,7.738
slovenia,g13_00033_2.tif,6911142,11.172,2.2787,9.553
slovenia,g13_00033_2.tif,6911147,3.671,2.2705,3.098
slovenia,g13_00033_2.tif,6911161,3.038,2.1552,2.571
slovenia,g13_00033_2.tif,6911162,2.889,2.6106,2.571
slovenia,g13_00033_2.tif,6911166,2.34,2.3368,2.204
slovenia,g13_00033_2.tif,6950866,2.34,1.5328,2.204
slovenia,g13_00033_2.tif,6953917,2.063,2.8315,1.927
slovenia,g13_00033_2.tif,6980376,2.063,2.3082,1.927
slovenia,g13_00033_2.tif,6980569,0.413,2.2421,0.414
slovenia,g13_00033_2.tif,6982225,5.092,3.0021,4.821
slovenia,g13_00033_2.tif,6996859,3.101,1.1276,2.069
slovenia,g13_00033_2.tif,7003163,3.101,2.0965,2.999
slovenia,g13_00033_2.tif,7003179,3.714,1.3939,3.725
slovenia,g13_00033_2.tif,7003196,2.34,2.6761,1.927
slovenia,g13_00033_2.tif,7003198,1.238,1.0771,1.242
slovenia,g13_00033_2.tif,7003211,3.038,2.0731,2.897
slovenia,g13_00033_2.tif,7003217,2.063,1.4478,2.069
slovenia,g13_00033_2.tif,7006544,1.238,2.3033,1.242
slovenia,g13_00033_2.tif,7020538,2.063,1.6563,2.069
slovenia,g13_00033_3.tif,6104931,8.629,2.5022,6.26
slovenia,g13_00033_3.tif,6104932,1.635,1.9288,1.437
slovenia,g13_00033_3.tif,6106320,2.128,1.9818,1.437
slovenia,g13_00033_3.tif,6106321,2.128,2.7317,1.437
slovenia,g13_00033_3.tif,6106323,1.046,1.7039,0.757
slovenia,g13_00033_3.tif,6111046,3.047,2.4792,2.204
slovenia,g13_00033_3.tif,6127310,3.047,1.0627,2.571
slovenia,g13_00033_3.tif,6127311,2.128,2.0318,1.437
slovenia,g13_00033_3.tif,6127313,2.352,1.8399,1.927
slovenia,g13_00033_3.tif,6127314,1.635,1.442,1.437
slovenia,g13_00033_3.tif,6165046,5.085,2.1467,4.044
slovenia,g13_00033_3.tif,6178495,1.046,1.7859,0.757
slovenia,g13_00033_3.tif,6190600,0.415,2.1144,0.414
slovenia,g13_00033_3.tif,6249274,1.046,0.9018,0.757
slovenia,g13_00033_3.tif,6289861,3.047,1.4726,2.571
slovenia,g13_00033_3.tif,6370107,1.046,1.8712,0.757
slovenia,g13_00033_3.tif,6370121,0.786,1.6866,0.414
slovenia,g13_00033_3.tif,6400449,3.686,1.948,2.999
slovenia,g13_00033_3.tif,6400450,2.128,2.5211,1.927
slovenia,g13_00033_3.tif,6411953,0.786,2.0179,0.414
slovenia,g13_00033_3.tif,6422454,3.554,2.0844,2.571
slovenia,g13_00033_3.tif,6428040,1.635,2.6403,1.242
slovenia,g13_00033_3.tif,6437948,1.046,1.8408,0.757
slovenia,g13_00033_3.tif,6476634,4.999,1.6267,3.725
slovenia,g13_00033_3.tif,6510099,2.077,2.758,2.069
slovenia,g13_00033_3.tif,6510317,2.506,1.5323,1.927
slovenia,g13_00033_3.tif,6510499,6.09,2.2565,4.553
slovenia,g13_00033_3.tif,6510500,2.128,1.8103,1.437
slovenia,g13_00033_3.tif,6557535,1.635,1.6242,1.437
slovenia,g13_00033_3.tif,6557537,1.046,3.6928,0.757
slovenia,g13_00033_3.tif,6557538,2.128,2.6426,1.437
slovenia,g13_00033_3.tif,6557542,2.908,1.4332,2.069
slovenia,g13_00033_3.tif,6557544,2.352,1.4599,2.069
slovenia,g13_00033_3.tif,6557546,0.415,0.9258,0.414
slovenia,g13_00033_3.tif,6558205,8.629,2.5027,6.26
slovenia,g13_00033_3.tif,6560119,0.786,2.2393,0.414
slovenia,g13_00033_3.tif,6563744,4.999,1.6086,3.725
slovenia,g13_00033_3.tif,6563745,2.128,2.9994,1.437
slovenia,g13_00033_3.tif,6571283,2.506,1.5117,1.927
slovenia,g13_00033_3.tif,6571284,6.09,2.0286,4.621
slovenia,g13_00033_3.tif,6571285,2.908,1.7835,2.897
slovenia,g13_00033_3.tif,6571286,2.506,1.5319,1.927
slovenia,g13_00033_3.tif,6574389,1.635,1.4086,1.242
slovenia,g13_00033_3.tif,6576194,2.128,1.7493,1.437
slovenia,g13_00033_3.tif,6576207,2.352,2.5508,1.927
slovenia,g13_00033_3.tif,6580327,5.085,2.0318,4.268
slovenia,g13_00033_3.tif,6593209,2.352,1.3896,2.069
slovenia,g13_00033_3.tif,6593210,3.738,1.8303,3.725
slovenia,g13_00033_3.tif,6593222,2.077,1.7719,1.927
slovenia,g13_00033_3.tif,6594430,1.246,2.5726,1.242
slovenia,g13_00033_3.tif,6594440,1.635,2.6951,1.242
slovenia,g13_00033_3.tif,6599679,5.938,2.2917,4.886
slovenia,g13_00033_3.tif,6599682,7.062,1.4333,6.658
slovenia,g13_00033_3.tif,6599687,2.908,1.6831,2.897
slovenia,g13_00033_3.tif,6606091,5.736,2.415,4.413
slovenia,g13_00033_3.tif,6629333,1.246,2.7039,1.242
slovenia,g13_00033_3.tif,6629339,2.908,1.9973,2.897
slovenia,g13_00033_3.tif,6629341,1.988,2.3142,1.242
slovenia,g13_00033_3.tif,6652346,3.554,2.3426,2.571
slovenia,g13_00033_3.tif,6652353,0.415,1.5063,0.414
slovenia,g13_00033_3.tif,6652354,1.635,1.7109,1.242
slovenia,g13_00033_3.tif,6661024,3.047,2.3408,2.571
slovenia,g13_00033_3.tif,6661027,3.047,1.6176,2.204
slovenia,g13_00033_3.tif,6670650,4.999,2.2834,3.725
slovenia,g13_00033_3.tif,6670662,3.047,2.5434,2.204
slovenia,g13_00033_3.tif,6670671,2.352,1.4667,1.927
slovenia,g13_00033_3.tif,6670683,3.047,2.3771,2.571
slovenia,g13_00033_3.tif,6670684,1.046,2.7654,0.757
slovenia,g13_00033_3.tif,6712617,4.671,1.873,3.288
slovenia,g13_00033_3.tif,6712628,1.046,1.3476,0.757
slovenia,g13_00033_3.tif,6712629,1.046,1.8541,0.757
slovenia,g13_00033_3.tif,6712630,0.415,1.1744,0.414
slovenia,g13_00033_3.tif,6719676,7.392,2.2375,5.555
slovenia,g13_00033_3.tif,6720043,5.819,2.3008,4.413
slovenia,g13_00033_3.tif,6726961,2.908,1.9565,2.204
slovenia,g13_00033_3.tif,6726964,3.047,2.2157,2.204
slovenia,g13_00033_3.tif,6726997,2.352,3.0241,1.927
slovenia,g13_00033_3.tif,6731241,1.046,2.6431,0.757
slovenia,g13_00033_3.tif,6731242,1.046,2.0258,0.757
slovenia,g13_00033_3.tif,6731653,5.593,1.9136,4.044
slovenia,g13_00033_3.tif,6731665,2.908,2.2675,2.069
slovenia,g13_00033_3.tif,6731669,5.4,1.932,5.139
slovenia,g13_00033_3.tif,6731670,5.4,2.9059,5.139
slovenia,g13_00033_3.tif,6731673,2.077,1.944,2.069
slovenia,g13_00033_3.tif,6780728,4.384,1.4423,3.725
slovenia,g13_00033_3.tif,6800988,2.908,1.7134,2.897
slovenia,g13_00033_3.tif,6800994,2.128,2.1175,1.437
slovenia,g13_00033_3.tif,6800999,3.967,2.4097,2.999
slovenia,g13_00033_3.tif,6813641,3.047,2.3734,2.204
slovenia,g13_00033_3.tif,6813642,2.352,1.8855,1.927
slovenia,g13_00033_3.tif,6858389,2.352,1.6917,1.927
slovenia,g13_00033_3.tif,6858405,1.046,2.0413,0.757
slovenia,g13_00033_3.tif,6862298,11.215,1.387,10.347
slovenia,g13_00033_3.tif,6865965,5.736,1.8796,4.413
slovenia,g13_00033_3.tif,6903995,2.506,1.5208,1.927
slovenia,g13_00033_3.tif,6904019,3.047,2.1571,2.204
slovenia,g13_00033_3.tif,6911140,11.277,1.6738,10.691
slovenia,g13_00033_3.tif,6911163,1.988,2.5077,1.437
slovenia,g13_00033_3.tif,6911165,3.047,1.8706,2.204
slovenia,g13_00033_3.tif,6911177,3.118,2.2553,2.999
slovenia,g13_00033_3.tif,6953912,3.554,1.9484,2.571
slovenia,g13_00033_3.tif,6994421,2.506,1.8908,1.927
slovenia,g13_00033_3.tif,6994459,1.635,2.5261,1.242
slovenia,g13_00033_3.tif,7017509,3.118,1.4962,2.571
slovenia,g13_00033_3.tif,7017512,2.077,1.3218,2.069
slovenia,g13_00033_3.tif,7020481,6.889,2.5243,5.439
slovenia,g13_00033_3.tif,7020496,5.938,2.4329,4.886
slovenia,g13_00033_3.tif,7020499,3.967,3.0109,2.999
slovenia,g13_00033_3.tif,7020503,4.671,2.0138,3.725
slovenia,g13_00033_3.tif,7020526,1.635,1.6932,1.437
slovenia,g13_00033_3.tif,7020549,1.635,1.6229,1.242
slovenia,g13_00033_3.tif,7020553,1.635,2.3581,1.437
slovenia,g13_00033_3.tif,7020560,1.046,1.4706,0.757
slovenia,g13_00033_3.tif,7020580,3.047,2.4361,2.204
slovenia,g13_00033_3.tif,7020590,1.988,2.2391,1.242
slovenia,g13_00033_3.tif,7061531,3.554,1.9632,2.571
slovenia,g13_00033_3.tif,7061532,2.352,1.648,2.069
slovenia,g13_00033_3.tif,7061534,0.786,2.1674,0.414
slovenia,g13_00033_3.tif,7061535,1.635,2.0164,1.242
slovenia,g13_00033_3.tif,7080445,2.352,1.6083,1.927
slovenia,g13_00034_17.tif,6272996,1.988,4.4114,1.437
slovenia,g13_00034_17.tif,6275152,6.232,2.0133,4.821
slovenia,g13_00034_17.tif,6275290,3.968,2.4238,2.897
slovenia,g13_00034_17.tif,6275302,1.635,2.2817,1.242
slovenia,g13_00034_17.tif,6278770,1.635,2.544,1.437
slovenia,g13_00034_17.tif,6600760,1.988,3.1127,1.242
slovenia,g13_00034_17.tif,6600764,2.077,4.7872,1.437
slovenia,g13_00034_17.tif,6601907,3.19,3.3179,2.069
slovenia,g13_00034_17.tif,6601908,5.593,3.1694,3.725
slovenia,g13_00034_17.tif,6605741,3.19,3.5865,2.069
slovenia,g13_00034_17.tif,6605743,2.507,4.2218,1.927
slovenia,g13_00034_17.tif,6890624,0.786,2.7486,0.414
slovenia,g13_00034_17.tif,6890625,1.246,3.3816,1.242
slovenia,g13_00034_17.tif,6890628,3.91,3.2509,2.897
slovenia,g13_00034_18.tif,6228950,4.384,3.1812,3.098
slovenia,g13_00034_18.tif,6600764,2.077,4.5484,1.437
slovenia,g13_00034_18.tif,6607404,1.635,4.4949,1.242
slovenia,g13_00034_18.tif,6890625,2.128,4.9586,1.437
slovenia,g13_00034_18.tif,6890628,1.988,4.9135,1.242
slovenia,g13_00034_3.tif,6131546,7.13,2.2692,6.051
slovenia,g13_00034_3.tif,6131548,11.277,2.2889,8.691
slovenia,g13_00034_3.tif,6131551,7.062,2.2218,6.208
slovenia,g13_00034_3.tif,6252350,9.198,1.5663,6.99
slovenia,g13_00034_3.tif,6252351,10.522,2.2533,9.274
slovenia,g13_00034_3.tif,6252352,5.736,1.5832,4.413
slovenia,g13_00034_3.tif,6252353,2.908,1.8144,2.571
slovenia,g13_00034_3.tif,6252354,1.635,1.1005,1.437
slovenia,g13_00034_3.tif,6326765,2.908,1.7995,2.571
slovenia,g13_00034_3.tif,6326766,1.635,1.887,1.437
slovenia,g13_00034_3.tif,6340002,5.819,1.2872,4.413
slovenia,g13_00034_3.tif,6340004,2.908,1.8435,2.571
slovenia,g13_00034_3.tif,6340007,1.046,2.4002,0.757
slovenia,g13_00034_3.tif,6340009,3.047,2.4248,2.571
slovenia,g13_00034_3.tif,6340047,1.635,2.1948,1.437
slovenia,g13_00034_3.tif,6340076,1.988,1.2854,1.242
slovenia,g13_00034_3.tif,6357335,3.967,1.324,2.897
slovenia,g13_00034_3.tif,6357337,2.352,1.9741,2.204
slovenia,g13_00034_3.tif,6357338,7.062,1.8923,6.658
slovenia,g13_00034_3.tif,6375640,3.686,1.9175,2.999
slovenia,g13_00034_3.tif,6429720,4.999,1.6165,3.725
slovenia,g13_00034_3.tif,6429721,2.128,1.6887,1.437
slovenia,g13_00034_3.tif,6429723,4.384,2.1003,4.044
slovenia,g13_00034_3.tif,6429736,1.988,1.6547,1.242
slovenia,g13_00034_3.tif,6431018,6.843,1.5112,5.38
slovenia,g13_00034_3.tif,6433361,4.712,1.2692,4.413
slovenia,g13_00034_3.tif,6433362,5.085,1.504,4.268
slovenia,g13_00034_3.tif,6433364,5.593,1.9111,3.725
slovenia,g13_00034_3.tif,6433366,5.118,1.6639,3.807
slovenia,g13_00034_3.tif,6433367,4.392,1.2856,2.999
slovenia,g13_00034_3.tif,6470429,4.392,1.9716,2.897
slovenia,g13_00034_3.tif,6470431,4.384,2.3306,3.725
slovenia,g13_00034_3.tif,6475217,2.908,1.7291,2.897
slovenia,g13_00034_3.tif,6475223,3.909,1.6817,3.725
slovenia,g13_00034_3.tif,6514068,4.392,1.3141,2.897
slovenia,g13_00034_3.tif,6548430,2.908,1.7031,2.204
slovenia,g13_00034_3.tif,6578769,16.669,1.8371,14.323
slovenia,g13_00034_3.tif,6578775,6.427,1.1449,5.38
slovenia,g13_00034_3.tif,6578776,1.246,1.4243,1.242
slovenia,g13_00034_3.tif,6578779,11.888,1.6467,10.347
slovenia,g13_00034_3.tif,6578797,7.062,1.8059,6.051
slovenia,g13_00034_3.tif,6578802,7.062,1.7009,5.439
slovenia,g13_00034_3.tif,6578808,0.415,1.8179,0.414
slovenia,g13_00034_3.tif,6578822,7.979,1.4513,7.217
slovenia,g13_00034_3.tif,6578826,1.988,1.556,1.242
slovenia,g13_00034_3.tif,6613301,7.438,2.1216,6.99
slovenia,g13_00034_3.tif,6613302,10.652,1.34,9.024
slovenia,g13_00034_3.tif,6613305,9.554,2.6891,8.691
slovenia,g13_00034_3.tif,6613306,7.906,1.344,5.555
slovenia,g13_00034_3.tif,6613310,10.4,1.5055,7.738
slovenia,g13_00034_3.tif,6613313,6.795,1.4092,4.553
slovenia,g13_00034_3.tif,6613316,6.427,1.534,5.139
slovenia,g13_00034_3.tif,6613325,3.686,1.6753,2.897
slovenia,g13_00034_3.tif,6613326,2.077,1.5752,1.437
slovenia,g13_00034_3.tif,6613329,6.795,1.1887,4.821
slovenia,g13_00034_3.tif,6613331,7.885,1.5786,6.208
slovenia,g13_00034_3.tif,6613336,4.488,1.4875,3.807
slovenia,g13_00034_3.tif,6613850,1.246,2.1336,1.242
slovenia,g13_00034_3.tif,6626234,5.593,1.9323,3.725
slovenia,g13_00034_3.tif,6626250,4.392,1.407,2.897
slovenia,g13_00034_3.tif,6626378,7.214,1.8153,5.139
slovenia,g13_00034_3.tif,6631817,3.19,2.1493,2.069
slovenia,g13_00034_3.tif,6674176,1.635,2.3677,1.242
slovenia,g13_00034_3.tif,6674179,4.569,1.812,4.413
slovenia,g13_00034_3.tif,6674180,3.686,1.7748,3.288
slovenia,g13_00034_3.tif,6674182,2.352,1.9345,1.927
slovenia,g13_00034_3.tif,6674351,0.786,1.667,0.414
slovenia,g13_00034_3.tif,6684219,2.506,1.2771,1.927
slovenia,g13_00034_3.tif,6690108,9.838,2.7736,8.385
slovenia,g13_00034_3.tif,6690109,12.941,2.2393,10.845
slovenia,g13_00034_3.tif,6690110,7.146,2.2302,6.658
slovenia,g13_00034_3.tif,6690111,4.712,2.0781,4.044
slovenia,g13_00034_3.tif,6736079,11.225,1.9323,8.691
slovenia,g13_00034_3.tif,6736080,11.225,1.3627,10.347
slovenia,g13_00034_3.tif,6742428,10.527,1.2423,7.863
slovenia,g13_00034_3.tif,6742444,2.352,1.7792,2.069
slovenia,g13_00034_3.tif,6742446,3.967,2.3098,2.999
slovenia,g13_00034_3.tif,6804611,6.652,1.7853,5.38
slovenia,g13_00034_3.tif,6804621,3.686,1.6083,3.098
slovenia,g13_00034_3.tif,6804628,3.047,1.6895,2.571
slovenia,g13_00034_3.tif,6842268,6.451,1.9743,4.621
slovenia,g13_00034_3.tif,6846796,2.506,0.9412,1.927
slovenia,g13_00034_3.tif,6867128,6.652,1.923,5.89
slovenia,g13_00034_3.tif,6907711,3.19,0.6999,2.069
slovenia,g13_00034_3.tif,6913069,4.463,2.9136,2.999
slovenia,g13_00034_3.tif,6916147,5.819,1.937,4.413
slovenia,g13_00034_3.tif,6920856,3.19,1.2805,2.069
slovenia,g13_00034_3.tif,6925035,2.908,1.9393,2.571
slovenia,g13_00034_3.tif,7028347,6.231,1.5663,5.555
slovenia,g13_00034_3.tif,7028349,1.635,1.6063,1.437
slovenia,g13_00034_3.tif,7028350,6.231,1.4743,5.38
slovenia,g13_00034_3.tif,7055468,1.988,1.6037,1.242
slovenia,g13_00034_3.tif,7071038,6.451,1.5684,5.439
slovenia,g13_00034_5.tif,6235364,6.09,2.5338,4.553
slovenia,g13_00034_5.tif,6235365,1.635,2.8961,1.437
slovenia,g13_00034_5.tif,6332699,1.246,2.4382,1.242
slovenia,g13_00034_5.tif,6351378,4.488,1.7827,3.288
slovenia,g13_00034_5.tif,6351379,1.046,2.2463,0.757
slovenia,g13_00034_5.tif,6351380,3.19,1.776,2.069
slovenia,g13_00034_5.tif,6717319,1.246,1.6336,1.242
slovenia,g13_00034_6.tif,6322961,1.246,1.3827,1.242
slovenia,g13_00034_6.tif,6332699,1.635,2.4041,1.242
slovenia,g13_00034_6.tif,6411513,1.046,2.3817,0.757
slovenia,g13_00034_6.tif,6411519,2.077,1.7077,2.069
slovenia,g13_00034_6.tif,6472261,1.046,1.0559,0.757
slovenia,g13_00034_6.tif,6472264,1.046,2.1536,0.757
slovenia,g13_00034_6.tif,6472265,3.739,2.0996,3.098
slovenia,g13_00034_6.tif,6472267,1.988,2.0941,1.242
slovenia,g13_00034_6.tif,6472273,2.077,2.1613,2.069
slovenia,g13_00034_6.tif,6717319,1.246,1.1045,1.242
slovenia,g13_00034_6.tif,6987585,1.046,1.4143,0.757
slovenia,g13_00034_7.tif,6178185,2.507,1.342,2.204
slovenia,g13_00034_7.tif,6228029,1.635,1.6827,1.242
slovenia,g13_00034_7.tif,6399910,2.908,1.8084,2.897
slovenia,g13_00034_7.tif,6411512,4.713,1.634,4.621
slovenia,g13_00034_7.tif,6411513,7.44,1.984,6.99
slovenia,g13_00034_7.tif,6411516,1.635,2.4215,1.242
slovenia,g13_00034_7.tif,6462423,3.968,2.3567,3.725
slovenia,g13_00034_7.tif,6462451,2.352,3.1822,1.927
slovenia,g13_00034_7.tif,6535508,1.246,1.8642,1.242
slovenia,g13_00034_7.tif,6834016,2.908,4.1597,2.069
slovenia,g13_00034_7.tif,6834210,0.415,3.0797,0.414
slovenia,g13_00034_7.tif,6878498,1.046,1.2183,0.757
slovenia,g13_00034_7.tif,6878502,1.988,2.2632,1.437
slovenia,g13_00034_7.tif,6987571,3.554,2.0613,2.571
slovenia,g13_00034_7.tif,6987583,1.988,2.3361,1.437
slovenia,g13_00035_0.tif,6148445,3.739,1.879,2.999
slovenia,g13_00035_0.tif,6148451,1.046,2.9894,0.757
slovenia,g13_00035_0.tif,6149839,3.686,2.261,3.098
slovenia,g13_00035_0.tif,6149840,1.246,2.3143,1.242
slovenia,g13_00035_0.tif,6149856,3.739,2.1684,2.999
slovenia,g13_00035_0.tif,6150901,4.384,2.1263,3.725
slovenia,g13_00035_0.tif,6150902,2.128,1.6193,1.437
slovenia,g13_00035_0.tif,6150906,1.635,2.8472,1.242
slovenia,g13_00035_0.tif,6150907,1.635,1.5083,1.242
slovenia,g13_00035_0.tif,6204998,1.046,2.3399,0.757
slovenia,g13_00035_0.tif,6240851,7.788,1.8878,6.051
slovenia,g13_00035_0.tif,6335488,1.046,3.1397,0.757
slovenia,g13_00035_0.tif,6335490,5.878,2.3883,4.821
slovenia,g13_00035_0.tif,6335550,2.352,1.6306,2.204
slovenia,g13_00035_0.tif,6778230,2.077,3.0315,1.437
slovenia,g13_00035_0.tif,6787260,1.988,2.456,1.242
slovenia,g13_00035_0.tif,6817925,4.671,1.7248,3.288
slovenia,g13_00035_0.tif,6821492,1.635,2.8921,1.242
slovenia,g13_00035_13.tif,6105478,8.235,2.8256,8.027
slovenia,g13_00035_13.tif,6423333,3.739,3.438,3.725
slovenia,g13_00035_13.tif,6444163,2.077,3.3537,2.069
slovenia,g13_00035_13.tif,6478364,2.077,2.7803,2.069
slovenia,g13_00035_13.tif,6478526,0.415,3.0081,0.414
slovenia,g13_00035_13.tif,6478750,0.415,3.7806,0.414
slovenia,g13_00035_13.tif,6487128,8.235,2.5275,7.082
slovenia,g13_00035_13.tif,6501533,12.107,3.1279,11.891
slovenia,g13_00035_13.tif,6501534,8.804,1.2768,8.501
slovenia,g13_00035_13.tif,6528096,3.119,2.3802,2.999
slovenia,g13_00035_13.tif,6562533,3.119,1.8521,2.897
slovenia,g13_00035_13.tif,6562582,2.908,2.4169,2.571
slovenia,g13_00035_13.tif,6596923,3.119,3.2298,2.999
slovenia,g13_00035_13.tif,6596925,4.384,2.3169,4.044
slovenia,g13_00035_13.tif,6597646,1.046,2.0427,0.757
slovenia,g13_00035_13.tif,6600268,3.686,0.8275,3.288
slovenia,g13_00035_13.tif,6607477,5.119,3.4092,4.821
slovenia,g13_00035_13.tif,6607478,4.384,2.1421,4.044
slovenia,g13_00035_13.tif,6607480,2.077,1.5567,1.927
slovenia,g13_00035_13.tif,6607600,2.077,2.9341,2.069
slovenia,g13_00035_13.tif,6611060,4.391,2.3532,2.897
slovenia,g13_00035_13.tif,6611062,2.128,5.7225,1.437
slovenia,g13_00035_13.tif,6611064,2.352,2.7917,2.204
slovenia,g13_00035_13.tif,6611068,1.635,1.8573,1.437
slovenia,g13_00035_13.tif,6611078,5.401,2.5798,4.621
slovenia,g13_00035_13.tif,6612016,3.284,4.2685,2.204
slovenia,g13_00035_13.tif,6615147,4.671,4.3845,3.288
slovenia,g13_00035_13.tif,6618718,6.34,3.2832,6.26
slovenia,g13_00035_13.tif,6618720,3.284,2.7106,2.204
slovenia,g13_00035_13.tif,6618722,2.908,2.6024,2.897
slovenia,g13_00035_13.tif,6626861,10.188,3.2147,9.656
slovenia,g13_00035_13.tif,6630723,2.908,1.8092,2.897
slovenia,g13_00035_13.tif,6631508,2.908,1.1195,2.204
slovenia,g13_00035_13.tif,6632874,10.454,3.0408,10.347
slovenia,g13_00035_13.tif,6632877,7.063,2.7304,6.658
slovenia,g13_00035_13.tif,6633060,16.377,3.1373,15.572
slovenia,g13_00035_13.tif,6633256,3.686,3.0586,3.288
slovenia,g13_00035_13.tif,6635358,7.981,1.4175,7.738
slovenia,g13_00035_13.tif,6635740,6.34,3.5091,6.26
slovenia,g13_00035_13.tif,6635756,5.401,1.9065,5.38
slovenia,g13_00035_13.tif,6642370,7.44,2.6492,7.217
slovenia,g13_00035_13.tif,6642371,1.246,4.8935,1.242
slovenia,g13_00035_13.tif,6642372,3.686,2.5276,3.288
slovenia,g13_00035_13.tif,6642471,3.739,3.6946,3.725
slovenia,g13_00035_13.tif,6643878,4.384,1.8664,4.044
slovenia,g13_00035_13.tif,6643880,2.352,2.1475,2.204
slovenia,g13_00035_13.tif,6666388,1.988,2.764,1.437
slovenia,g13_00035_13.tif,6758719,3.19,2.7334,2.069
slovenia,g13_00035_13.tif,6758729,3.686,2.2152,3.288
slovenia,g13_00035_13.tif,6758732,4.463,4.4153,2.999
slovenia,g13_00035_13.tif,6768403,3.968,5.0862,2.897
slovenia,g13_00035_13.tif,6771202,7.906,3.1974,5.612
slovenia,g13_00035_13.tif,6772010,6.795,3.0957,6.208
slovenia,g13_00035_13.tif,6775138,18.041,2.8833,17.125
slovenia,g13_00035_13.tif,6775163,9.556,3.096,8.84
slovenia,g13_00035_13.tif,6780534,5.737,2.8722,5.38
slovenia,g13_00035_13.tif,6780714,3.047,2.9742,2.571
slovenia,g13_00035_13.tif,6780731,4.57,1.7419,4.553
slovenia,g13_00035_13.tif,6790107,5.119,3.0402,4.621
slovenia,g13_00035_13.tif,6790118,2.908,2.9802,2.571
slovenia,g13_00035_13.tif,6790175,3.686,2.3801,3.288
slovenia,g13_00035_13.tif,6808537,1.046,3.7012,0.757
slovenia,g13_00035_13.tif,6813618,4.713,2.9434,4.621
slovenia,g13_00035_13.tif,6862298,43.592,2.0961,38.49
slovenia,g13_00035_13.tif,6862303,27.007,2.2447,25.246
slovenia,g13_00035_13.tif,6895943,3.119,2.787,2.999
slovenia,g13_00035_13.tif,6895945,3.119,1.8463,2.999
slovenia,g13_00035_13.tif,6895947,3.739,3.0572,3.725
slovenia,g13_00035_13.tif,6917551,8.235,1.2189,7.738
slovenia,g13_00035_13.tif,6936465,6.653,2.4458,6.412
slovenia,g13_00035_13.tif,6936466,1.635,2.8271,1.437
slovenia,g13_00035_13.tif,7011787,4.384,3.268,4.044
slovenia,g13_00035_13.tif,7011893,0.415,2.8924,0.414
slovenia,g13_00035_13.tif,7081992,8.643,2.1693,6.208
slovenia,g13_00035_14.tif,6126171,2.129,3.6691,1.437
slovenia,g13_00035_14.tif,6126175,1.045,2.465,0.757
slovenia,g13_00035_14.tif,6174296,3.038,4.9554,2.571
slovenia,g13_00035_14.tif,6184916,3.553,3.7302,2.571
slovenia,g13_00035_14.tif,6197217,3.671,3.7205,2.999
slovenia,g13_00035_14.tif,6306058,2.503,5.8494,2.204
slovenia,g13_00035_14.tif,6306059,5.068,3.7653,4.044
slovenia,g13_00035_14.tif,6306356,3.038,5.6693,2.204
slovenia,g13_00035_14.tif,6423327,3.671,3.2968,3.098
slovenia,g13_00035_14.tif,6444163,1.629,4.0824,1.242
slovenia,g13_00035_14.tif,6452262,3.715,2.8494,3.288
slovenia,g13_00035_14.tif,6452265,11.694,3.9333,11.115
slovenia,g13_00035_14.tif,6452464,1.629,3.6796,1.437
slovenia,g13_00035_14.tif,6478750,3.671,4.5665,3.098
slovenia,g13_00035_14.tif,6480113,3.671,3.9686,3.098
slovenia,g13_00035_14.tif,6494416,3.553,4.2209,2.571
slovenia,g13_00035_14.tif,6571280,1.629,4.8663,1.437
slovenia,g13_00035_14.tif,6571373,2.129,5.5669,1.437
slovenia,g13_00035_14.tif,6576174,6.49,3.6761,4.821
slovenia,g13_00035_14.tif,6576185,3.038,4.8415,2.571
slovenia,g13_00035_14.tif,6577728,3.961,3.1132,3.098
slovenia,g13_00035_14.tif,6578503,3.553,2.2552,2.897
slovenia,g13_00035_14.tif,6599676,15.161,4.7918,11.807
slovenia,g13_00035_14.tif,6599680,4.364,3.1438,3.288
slovenia,g13_00035_14.tif,6599684,1.629,3.9854,1.242
slovenia,g13_00035_14.tif,6599685,3.553,4.1729,2.571
slovenia,g13_00035_14.tif,6635335,2.34,6.4658,1.927
slovenia,g13_00035_14.tif,6642356,2.34,6.6147,1.927
slovenia,g13_00035_14.tif,6643871,2.34,4.2191,1.927
slovenia,g13_00035_14.tif,6666405,2.34,3.4229,1.927
slovenia,g13_00035_14.tif,6691878,4.364,4.2354,3.288
slovenia,g13_00035_14.tif,6701223,2.503,4.0185,1.927
slovenia,g13_00035_14.tif,6721626,2.503,2.8344,2.069
slovenia,g13_00035_14.tif,6721627,2.34,3.3645,1.927
slovenia,g13_00035_14.tif,6721628,8.516,4.1364,6.707
slovenia,g13_00035_14.tif,6782504,4.995,3.6268,3.725
slovenia,g13_00035_14.tif,6795320,13.223,4.4812,10.845
slovenia,g13_00035_14.tif,6862298,50.973,2.0751,37.662
slovenia,g13_00035_14.tif,6862303,59.614,3.2035,45.134
slovenia,g13_00035_14.tif,6869740,2.503,3.1556,1.927
slovenia,g13_00035_14.tif,6917529,10.282,3.9203,8.385
slovenia,g13_00035_14.tif,6917531,9.349,3.1922,7.217
slovenia,g13_00035_14.tif,6917543,3.553,5.6323,2.571
slovenia,g13_00035_14.tif,6941140,3.671,3.9465,2.897
slovenia,g13_00035_14.tif,6966236,7.756,4.1323,6.051
slovenia,g13_00035_15.tif,6109559,4.713,2.0777,3.725
slovenia,g13_00035_15.tif,6109562,4.391,1.8589,3.725
slovenia,g13_00035_15.tif,6118057,3.968,2.0099,2.999
slovenia,g13_00035_15.tif,6118058,3.554,2.0354,2.571
slovenia,g13_00035_15.tif,6118059,1.635,1.9949,1.437
slovenia,g13_00035_15.tif,6118088,5.429,2.5478,4.044
slovenia,g13_00035_15.tif,6118105,0.786,2.2778,0.414
slovenia,g13_00035_15.tif,6161882,5.429,1.8124,4.044
slovenia,g13_00035_15.tif,6164251,1.988,1.2593,1.242
slovenia,g13_00035_15.tif,6164355,1.046,1.4748,0.757
slovenia,g13_00035_15.tif,6164356,3.047,1.1501,2.571
slovenia,g13_00035_15.tif,6174296,3.047,1.8608,2.204
slovenia,g13_00035_15.tif,6189591,2.908,1.3751,2.897
slovenia,g13_00035_15.tif,6214820,3.968,1.7847,3.098
slovenia,g13_00035_15.tif,6214821,6.232,2.1578,5.612
slovenia,g13_00035_15.tif,6214822,3.968,2.1275,2.999
slovenia,g13_00035_15.tif,6214881,5.737,2.5003,4.821
slovenia,g13_00035_15.tif,6215137,6.428,2.0475,4.886
slovenia,g13_00035_15.tif,6249275,4.384,1.7555,3.288
slovenia,g13_00035_15.tif,6249470,2.507,1.148,1.927
slovenia,g13_00035_15.tif,6249597,3.047,1.3233,2.571
slovenia,g13_00035_15.tif,6280213,3.554,1.232,2.571
slovenia,g13_00035_15.tif,6280245,1.046,0.9906,0.757
slovenia,g13_00035_15.tif,6289858,3.047,1.8046,2.571
slovenia,g13_00035_15.tif,6289866,2.507,2.5152,1.927
slovenia,g13_00035_15.tif,6306058,3.047,2.6016,2.204
slovenia,g13_00035_15.tif,6306063,2.128,1.5121,1.437
slovenia,g13_00035_15.tif,6306356,1.635,2.2487,1.437
slovenia,g13_00035_15.tif,6306519,1.046,2.2076,0.757
slovenia,g13_00035_15.tif,6338476,5.429,2.0896,4.268
slovenia,g13_00035_15.tif,6338478,4.384,0.9099,3.288
slovenia,g13_00035_15.tif,6338480,3.047,1.608,2.571
slovenia,g13_00035_15.tif,6338481,1.635,1.4819,1.437
slovenia,g13_00035_15.tif,6338521,0.415,2.1867,0.414
slovenia,g13_00035_15.tif,6370955,1.046,2.5786,0.757
slovenia,g13_00035_15.tif,6370956,1.046,1.8442,0.757
slovenia,g13_00035_15.tif,6370959,8.351,1.3709,6.61
slovenia,g13_00035_15.tif,6375558,5.737,1.6086,4.413
slovenia,g13_00035_15.tif,6375569,4.384,2.4216,3.288
slovenia,g13_00035_15.tif,6400448,3.686,1.811,3.098
slovenia,g13_00035_15.tif,6452262,19.034,1.2836,16.65
slovenia,g13_00035_15.tif,6452265,0.786,1.567,0.414
slovenia,g13_00035_15.tif,6452464,1.635,1.4154,1.437
slovenia,g13_00035_15.tif,6469770,5.401,1.6937,5.38
slovenia,g13_00035_15.tif,6510318,2.507,2.3437,1.927
slovenia,g13_00035_15.tif,6510319,2.128,1.7681,1.437
slovenia,g13_00035_15.tif,6557532,5.401,1.2606,5.38
slovenia,g13_00035_15.tif,6557542,3.047,1.1533,2.897
slovenia,g13_00035_15.tif,6557544,2.908,1.1195,2.571
slovenia,g13_00035_15.tif,6557546,0.415,0.5949,0.414
slovenia,g13_00035_15.tif,6571285,3.119,1.1395,2.897
slovenia,g13_00035_15.tif,6576185,3.554,2.1902,2.571
slovenia,g13_00035_15.tif,6576191,4.999,2.4475,3.725
slovenia,g13_00035_15.tif,6576193,3.047,1.7497,2.571
slovenia,g13_00035_15.tif,6576197,3.047,2.6684,2.571
slovenia,g13_00035_15.tif,6576205,3.047,1.4677,2.571
slovenia,g13_00035_15.tif,6577728,4.384,1.2528,3.288
slovenia,g13_00035_15.tif,6578503,4.488,1.3535,3.725
slovenia,g13_00035_15.tif,6580327,1.988,2.3085,1.437
slovenia,g13_00035_15.tif,6593183,3.91,2.2308,3.807
slovenia,g13_00035_15.tif,6593184,2.908,0.9811,2.571
slovenia,g13_00035_15.tif,6593209,2.352,1.7773,2.204
slovenia,g13_00035_15.tif,6593210,3.554,2.4992,2.897
slovenia,g13_00035_15.tif,6593222,2.077,2.0732,2.069
slovenia,g13_00035_15.tif,6594430,2.908,1.8847,2.571
slovenia,g13_00035_15.tif,6599680,4.999,1.5049,3.725
slovenia,g13_00035_15.tif,6599681,5.119,0.9758,4.821
slovenia,g13_00035_15.tif,6599682,2.352,1.1229,2.069
slovenia,g13_00035_15.tif,6599684,4.384,1.6716,3.288
slovenia,g13_00035_15.tif,6599687,2.908,1.2382,2.897
slovenia,g13_00035_15.tif,6599689,3.047,2.1827,2.204
slovenia,g13_00035_15.tif,6629340,2.908,2.3937,2.897
slovenia,g13_00035_15.tif,6629342,2.352,1.6005,2.204
slovenia,g13_00035_15.tif,6712633,18.113,1.6813,14.781
slovenia,g13_00035_15.tif,6720025,5.737,0.9035,4.886
slovenia,g13_00035_15.tif,6720036,11.273,1.3602,8.501
slovenia,g13_00035_15.tif,6721626,3.047,1.0783,2.204
slovenia,g13_00035_15.tif,6721627,2.507,1.5146,1.927
slovenia,g13_00035_15.tif,6721628,7.947,1.5254,6.61
slovenia,g13_00035_15.tif,6731653,9.842,1.2688,9.553
slovenia,g13_00035_15.tif,6731672,1.635,1.9538,1.437
slovenia,g13_00035_15.tif,6731673,2.077,1.583,2.069
slovenia,g13_00035_15.tif,6780721,9.973,1.3515,8.108
slovenia,g13_00035_15.tif,6780723,4.384,1.8478,3.288
slovenia,g13_00035_15.tif,6780727,2.908,1.1879,2.897
slovenia,g13_00035_15.tif,6780729,5.085,1.5112,4.268
slovenia,g13_00035_15.tif,6781603,3.047,2.8411,2.204
slovenia,g13_00035_15.tif,6781623,1.046,2.4668,0.757
slovenia,g13_00035_15.tif,6782501,6.51,2.5419,5.139
slovenia,g13_00035_15.tif,6782503,11.89,2.4177,10.186
slovenia,g13_00035_15.tif,6782504,3.047,1.4512,2.571
slovenia,g13_00035_15.tif,6782505,6.89,2.1795,5.439
slovenia,g13_00035_15.tif,6782506,4.391,0.9627,3.725
slovenia,g13_00035_15.tif,6782508,6.428,2.1497,5.439
slovenia,g13_00035_15.tif,6782509,3.686,2.4342,3.098
slovenia,g13_00035_15.tif,6782515,3.047,1.9304,2.571
slovenia,g13_00035_15.tif,6782516,3.047,1.6873,2.204
slovenia,g13_00035_15.tif,6782777,0.786,2.3041,0.414
slovenia,g13_00035_15.tif,6862298,5.819,0.94,4.553
slovenia,g13_00035_15.tif,6862303,14.734,1.4143,14.485
slovenia,g13_00035_15.tif,6869740,3.047,1.4481,2.204
slovenia,g13_00035_15.tif,6911140,3.686,1.8656,2.897
slovenia,g13_00036_15.tif,6103317,4.384,1.0151,3.288
slovenia,g13_00036_15.tif,6141149,4.57,1.9694,4.553
slovenia,g13_00036_15.tif,6141152,7.214,1.3074,5.89
slovenia,g13_00036_15.tif,6141163,2.908,1.722,2.897
slovenia,g13_00036_15.tif,6141164,0.786,1.4276,0.414
slovenia,g13_00036_15.tif,6141169,2.077,1.4986,2.069
slovenia,g13_00036_15.tif,6300406,0.415,1.503,0.414
slovenia,g13_00036_15.tif,6300460,0.415,1.6356,0.414
slovenia,g13_00036_15.tif,6300514,0.415,1.3367,0.414
slovenia,g13_00036_15.tif,6340059,2.507,1.6665,2.204
slovenia,g13_00036_15.tif,6340065,1.635,0.9021,1.437
slovenia,g13_00036_15.tif,6340070,1.635,1.3355,1.437
slovenia,g13_00036_15.tif,6340634,0.415,1.9602,0.414
slovenia,g13_00036_15.tif,6511506,1.246,1.031,1.242
slovenia,g13_00036_15.tif,6511816,7.894,1.6623,7.863
slovenia,g13_00036_15.tif,6511821,2.077,1.634,2.069
slovenia,g13_00036_15.tif,6511822,2.908,1.7587,2.897
slovenia,g13_00036_15.tif,6514046,5.878,1.4466,4.553
slovenia,g13_00036_15.tif,6514048,4.384,2.1113,3.725
slovenia,g13_00036_15.tif,6514051,5.593,1.8763,3.807
slovenia,g13_00036_15.tif,6514067,4.384,0.9814,4.044
slovenia,g13_00036_15.tif,6514068,1.635,0.693,1.242
slovenia,g13_00036_15.tif,6514074,3.686,1.4463,3.288
slovenia,g13_00036_15.tif,6514075,1.046,1.5422,0.757
slovenia,g13_00036_15.tif,6578781,10.899,1.7154,8.729
slovenia,g13_00036_15.tif,6578800,1.635,1.6047,1.242
slovenia,g13_00036_15.tif,6578807,3.739,1.2909,3.725
slovenia,g13_00036_15.tif,6578826,5.401,1.5361,5.139
slovenia,g13_00036_15.tif,6591078,2.077,0.9081,2.069
slovenia,g13_00036_15.tif,6623439,3.739,1.2764,3.725
slovenia,g13_00036_15.tif,6623442,3.739,1.322,3.725
slovenia,g13_00036_15.tif,6627282,4.384,1.9276,3.725
slovenia,g13_00036_15.tif,6630983,2.077,0.9448,2.069
slovenia,g13_00036_15.tif,6679878,9.628,1.7298,9.239
slovenia,g13_00036_15.tif,6679881,1.988,1.5026,1.242
slovenia,g13_00036_15.tif,6679889,2.077,1.877,2.069
slovenia,g13_00036_15.tif,6679893,2.908,1.5509,2.069
slovenia,g13_00036_15.tif,6680249,7.44,1.4284,5.439
slovenia,g13_00036_15.tif,6680250,4.57,1.2163,4.553
slovenia,g13_00036_15.tif,6680251,0.415,0.9233,0.414
slovenia,g13_00036_15.tif,6684214,1.635,1.4041,1.437
slovenia,g13_00036_15.tif,6684217,1.635,1.4031,1.242
slovenia,g13_00036_15.tif,6687558,2.077,0.9502,1.927
slovenia,g13_00036_15.tif,6721957,3.047,1.1863,2.204
slovenia,g13_00036_15.tif,6736079,19.673,2.2015,17.184
slovenia,g13_00036_15.tif,6736080,5.085,1.6061,4.413
slovenia,g13_00036_15.tif,6741903,2.077,1.5244,2.069
slovenia,g13_00036_15.tif,6771234,9.178,1.4677,8.539
slovenia,g13_00036_15.tif,6771240,7.788,1.2618,6.051
slovenia,g13_00036_15.tif,6776724,3.739,0.7631,3.725
slovenia,g13_00036_15.tif,6776732,2.908,1.1454,2.571
slovenia,g13_00036_15.tif,6791113,9.198,1.7182,6.208
slovenia,g13_00036_15.tif,6791115,10.973,1.0971,8.228
slovenia,g13_00036_15.tif,6791168,5.593,1.8157,4.553
slovenia,g13_00036_15.tif,6791178,0.415,1.6224,0.414
slovenia,g13_00036_15.tif,6791196,3.284,1.5467,2.571
slovenia,g13_00036_15.tif,6791217,5.085,1.3007,4.268
slovenia,g13_00036_15.tif,6791218,2.352,1.572,2.204
slovenia,g13_00036_15.tif,6791219,2.077,1.3909,2.069
slovenia,g13_00036_15.tif,6791221,1.635,1.0134,1.437
slovenia,g13_00036_15.tif,6791222,2.077,1.851,2.069
slovenia,g13_00036_15.tif,6791224,1.246,1.2867,1.242
slovenia,g13_00036_15.tif,6800881,1.046,1.1293,0.757
slovenia,g13_00036_15.tif,6801169,6.428,2.204,4.821
slovenia,g13_00036_15.tif,6801719,2.352,1.2499,2.069
slovenia,g13_00036_15.tif,6815207,13.711,1.5008,12.248
slovenia,g13_00036_15.tif,6815209,8.725,1.7889,7.863
slovenia,g13_00036_15.tif,6815217,9.556,1.6485,9.024
slovenia,g13_00036_15.tif,6815218,3.047,0.6686,2.571
slovenia,g13_00036_15.tif,6815236,5.401,1.9499,5.38
slovenia,g13_00036_15.tif,6815250,5.119,1.1809,4.821
slovenia,g13_00036_15.tif,6815284,3.739,1.2549,3.725
slovenia,g13_00036_15.tif,6815287,2.077,1.1542,2.069
slovenia,g13_00036_15.tif,6815288,6.232,1.4482,5.38
slovenia,g13_00036_15.tif,6815290,4.57,1.5159,4.553
slovenia,g13_00036_15.tif,6815291,4.57,1.5645,3.725
slovenia,g13_00036_15.tif,6815293,4.57,1.5372,3.725
slovenia,g13_00036_15.tif,6815294,2.077,1.7669,2.069
slovenia,g13_00036_15.tif,6815295,2.077,1.5007,2.069
slovenia,g13_00036_15.tif,6828871,4.57,1.5603,4.553
slovenia,g13_00036_15.tif,6828888,4.999,1.521,3.725
slovenia,g13_00036_15.tif,6828890,5.085,2.2668,4.413
slovenia,g13_00036_15.tif,6828895,3.554,1.3852,2.571
slovenia,g13_00036_15.tif,6845046,0.786,1.7228,0.414
slovenia,g13_00036_15.tif,6847445,1.246,1.2273,1.242
slovenia,g13_00036_15.tif,6847446,1.635,1.3556,1.437
slovenia,g13_00036_15.tif,6862060,14.383,1.922,10.473
slovenia,g13_00036_15.tif,6867133,2.908,1.7129,2.897
slovenia,g13_00036_15.tif,6867134,2.908,1.6289,2.897
slovenia,g13_00036_15.tif,6897923,1.988,0.9063,1.242
slovenia,g13_00036_15.tif,6913066,4.391,2.3183,2.897
slovenia,g13_00036_15.tif,6993526,1.988,0.6969,1.242
slovenia,g13_00036_15.tif,6993531,14.175,1.3967,11.437
slovenia,g13_00036_15.tif,6997446,11.764,1.6655,11.437
slovenia,g13_00036_15.tif,6998907,12.803,1.598,9.274
slovenia,g13_00036_15.tif,7011921,0.786,1.1916,0.414
slovenia,g13_00036_15.tif,7012738,4.57,1.5141,4.413
slovenia,g13_00036_15.tif,7014213,2.077,1.891,1.927
slovenia,g13_00036_15.tif,7015008,8.358,1.8824,6.208
slovenia,g13_00036_17.tif,6165058,4.377,2.0052,3.288
slovenia,g13_00036_17.tif,6165063,2.494,2.5289,1.927
slovenia,g13_00036_17.tif,6190330,1.039,0.9817,0.757
slovenia,g13_00036_17.tif,6321727,5.071,2.3018,3.807
slovenia,g13_00036_17.tif,6321732,2.494,3.221,2.069
slovenia,g13_00036_17.tif,6321786,2.909,2.3171,2.204
slovenia,g13_00036_17.tif,6359062,2.909,2.7399,2.897
slovenia,g13_00036_17.tif,6359063,3.166,2.4713,2.897
slovenia,g13_00036_17.tif,6359064,3.037,2.7548,2.069
slovenia,g13_00036_17.tif,6367974,1.631,1.5789,1.437
slovenia,g13_00036_17.tif,6467749,4.471,2.057,3.725
slovenia,g13_00036_17.tif,6467750,1.631,3.0628,1.242
slovenia,g13_00036_17.tif,6467752,1.972,2.5603,1.242
slovenia,g13_00036_17.tif,6527202,1.631,2.0518,1.437
slovenia,g13_00036_17.tif,6857915,3.166,2.1297,2.897
slovenia,g13_00036_18.tif,6093526,1.247,2.7002,1.242
slovenia,g13_00036_18.tif,6093533,0.416,2.4678,0.414
slovenia,g13_00036_18.tif,6153797,1.972,2.8134,1.242
slovenia,g13_00036_18.tif,6153898,1.039,2.1295,0.757
slovenia,g13_00036_18.tif,6158945,1.039,1.3874,0.757
slovenia,g13_00036_18.tif,6165065,5.554,1.4742,4.268
slovenia,g13_00036_18.tif,6174464,1.631,2.1727,1.242
slovenia,g13_00036_18.tif,6226842,3.678,1.6935,3.098
slovenia,g13_00036_18.tif,6226846,1.247,2.9378,1.242
slovenia,g13_00036_18.tif,6316769,2.113,1.2131,1.927
slovenia,g13_00036_18.tif,6914472,1.972,1.7923,1.242
slovenia,g13_00036_18.tif,6914473,1.631,2.167,1.242
slovenia,g13_00036_18.tif,7019123,1.631,1.2316,1.437
slovenia,g13_00037_0.tif,6199428,1.039,1.9433,0.757
slovenia,g13_00037_0.tif,6484667,5.403,1.9672,5.139
slovenia,g13_00037_0.tif,6484669,0.778,2.1237,0.414
slovenia,g13_00037_0.tif,6485549,1.039,1.6554,0.757
slovenia,g13_00037_0.tif,6485550,3.533,1.8692,2.897
slovenia,g13_00037_0.tif,6485556,2.909,2.1165,2.571
slovenia,g13_00037_10.tif,6170802,1.039,1.8164,0.757
slovenia,g13_00037_10.tif,6186574,1.631,3.585,1.437
slovenia,g13_00037_10.tif,6201802,3.037,3.3102,2.204
slovenia,g13_00037_10.tif,6201996,6.748,2.4618,4.553
slovenia,g13_00037_10.tif,6202041,1.631,1.8771,1.242
slovenia,g13_00037_10.tif,6202063,6.748,2.9115,4.553
slovenia,g13_00037_10.tif,6203910,3.037,2.8243,2.069
slovenia,g13_00037_10.tif,6289692,3.037,2.7249,2.069
slovenia,g13_00037_10.tif,6289694,2.349,2.1638,2.069
slovenia,g13_00037_10.tif,6289708,2.494,2.6308,1.927
slovenia,g13_00037_10.tif,6289942,1.631,2.2263,1.242
slovenia,g13_00037_10.tif,6290018,1.039,2.1095,0.757
slovenia,g13_00037_10.tif,6290081,1.247,2.1507,1.242
slovenia,g13_00037_10.tif,6395888,7.065,2.4768,5.38
slovenia,g13_00037_10.tif,6395898,3.533,4.2466,2.571
slovenia,g13_00037_10.tif,6407305,1.039,1.7467,0.757
slovenia,g13_00037_10.tif,6428185,1.631,3.1973,1.437
slovenia,g13_00037_10.tif,6428191,1.039,2.4464,0.757
slovenia,g13_00037_10.tif,6600772,4.36,2.4358,2.897
slovenia,g13_00037_10.tif,6622529,5.554,2.7665,3.725
slovenia,g13_00037_10.tif,6622530,3.533,1.3815,2.571
slovenia,g13_00037_10.tif,6622537,3.533,3.1883,2.897
slovenia,g13_00037_10.tif,6624148,10.651,2.6451,8.539
slovenia,g13_00037_10.tif,6624149,0.778,3.1523,0.414
slovenia,g13_00037_10.tif,6624154,3.166,4.1276,2.069
slovenia,g13_00037_10.tif,6624158,3.533,4.3682,2.897
slovenia,g13_00037_10.tif,6624350,1.972,2.4504,1.242
slovenia,g13_00037_10.tif,6624424,0.778,3.3349,0.414
slovenia,g13_00037_10.tif,6667031,3.166,2.4916,2.069
slovenia,g13_00037_10.tif,6667051,3.117,3.3237,2.204
slovenia,g13_00037_10.tif,6790150,1.631,2.8064,1.242
slovenia,g13_00037_10.tif,6790152,1.039,2.6409,0.757
slovenia,g13_00037_10.tif,6790155,1.039,2.2927,0.757
slovenia,g13_00037_10.tif,6790241,1.039,2.6466,0.757
slovenia,g13_00037_11.tif,6111429,1.972,2.1187,1.242
slovenia,g13_00037_11.tif,6395880,3.166,2.2021,2.069
slovenia,g13_00037_11.tif,6395884,1.631,2.7511,1.242
slovenia,g13_00037_11.tif,6395890,6.748,2.6058,4.553
slovenia,g13_00037_11.tif,6428178,2.494,3.0622,1.927
slovenia,g13_00037_11.tif,6567219,1.039,2.7805,0.757
slovenia,g13_00037_11.tif,6573402,1.631,1.6748,1.242
slovenia,g13_00037_11.tif,6588855,1.972,2.1886,1.242
slovenia,g13_00037_11.tif,6620675,1.039,2.3238,0.757
slovenia,g13_00037_11.tif,6622531,6.417,2.0009,4.553
slovenia,g13_00037_11.tif,6667029,4.36,1.9464,2.897
slovenia,g13_00037_11.tif,6667038,4.36,2.3488,2.897
slovenia,g13_00037_11.tif,6978793,4.36,2.6435,2.897
slovenia,g13_00037_11.tif,6978801,3.166,2.6664,2.069
slovenia,g13_00037_11.tif,6978804,0.778,1.4078,0.414
slovenia,g13_00037_11.tif,6978822,2.078,2.7975,2.069
slovenia,g13_00037_11.tif,6978823,3.74,2.7428,3.725
slovenia,g13_00037_11.tif,6978847,2.078,2.8056,2.069
slovenia,g13_00037_11.tif,6978892,1.039,3.3097,0.757
slovenia,g13_00037_11.tif,7019364,3.533,1.2255,2.571
slovenia,g13_00037_11.tif,7019365,6.417,1.8458,4.886
slovenia,g13_00037_11.tif,7019368,7.363,2.7804,6.051
slovenia,g13_00037_11.tif,7019372,9.358,2.7435,7.78
slovenia,g13_00037_11.tif,7019382,2.078,1.8212,1.927
slovenia,g13_00037_11.tif,7020765,4.471,2.3212,3.725
slovenia,g13_00037_11.tif,7055828,3.166,1.7753,2.069
slovenia,g13_00037_12.tif,6567219,2.349,2.9321,1.927
slovenia,g13_00037_12.tif,6665747,3.037,3.4147,2.571
slovenia,g13_00037_12.tif,6811437,6.748,2.5002,4.886
slovenia,g13_00037_12.tif,6811440,4.377,3.0641,3.288
slovenia,g13_00037_12.tif,6811441,3.949,2.7914,2.999
slovenia,g13_00037_12.tif,6811445,2.113,3.3489,1.437
slovenia,g13_00037_12.tif,6811450,1.972,1.8594,1.242
slovenia,g13_00037_12.tif,6817921,3.166,2.501,2.069
slovenia,g13_00037_12.tif,6817922,5.724,2.3757,5.38
slovenia,g13_00037_12.tif,6817995,1.247,2.7595,1.242
slovenia,g13_00037_12.tif,6997874,4.471,2.2939,3.288
slovenia,g13_00037_12.tif,6997875,3.037,1.7436,2.204
slovenia,g13_00037_12.tif,6997876,0.778,2.1588,0.414
slovenia,g13_00037_12.tif,6997877,3.678,2.4841,2.999
slovenia,g13_00037_12.tif,7055828,1.247,1.0101,1.242
slovenia,g13_00038_6.tif,6109564,2.909,2.538,2.897
slovenia,g13_00038_6.tif,6130933,7.437,1.8263,7.217
slovenia,g13_00038_6.tif,6140151,3.949,2.0436,3.098
slovenia,g13_00038_6.tif,6140154,1.631,1.3474,1.242
slovenia,g13_00038_6.tif,6145059,2.349,1.0309,1.927
slovenia,g13_00038_6.tif,6159400,2.078,2.2599,1.927
slovenia,g13_00038_6.tif,6184914,7.92,1.8276,6.26
slovenia,g13_00038_6.tif,6184915,3.037,1.9633,2.571
slovenia,g13_00038_6.tif,6194333,3.037,1.7318,2.204
slovenia,g13_00038_6.tif,6228023,2.349,1.7969,2.204
slovenia,g13_00038_6.tif,6228220,2.078,1.6066,1.927
slovenia,g13_00038_6.tif,6237624,7.112,2.0125,5.555
slovenia,g13_00038_6.tif,6237627,3.949,2.0335,3.098
slovenia,g13_00038_6.tif,6269431,4.377,1.9951,3.725
slovenia,g13_00038_6.tif,6269471,0.416,2.4175,0.414
slovenia,g13_00038_6.tif,6269554,4.377,2.4546,3.725
slovenia,g13_00038_6.tif,6361609,1.039,1.7006,0.757
slovenia,g13_00038_6.tif,6361612,3.533,2.1599,2.571
slovenia,g13_00038_6.tif,6379456,4.972,2.1687,3.725
slovenia,g13_00038_6.tif,6379458,3.678,2.5821,3.098
slovenia,g13_00038_6.tif,6379541,1.039,2.0825,0.757
slovenia,g13_00038_6.tif,6379909,1.039,1.6599,0.757
slovenia,g13_00038_6.tif,6381066,3.678,2.3727,2.999
slovenia,g13_00038_6.tif,6381938,5.403,1.3139,4.268
slovenia,g13_00038_6.tif,6403146,2.078,2.211,1.437
slovenia,g13_00038_6.tif,6403280,1.631,1.6227,1.437
slovenia,g13_00038_6.tif,6423333,3.678,2.3346,3.288
slovenia,g13_00038_6.tif,6431627,2.349,2.5452,2.204
slovenia,g13_00038_6.tif,6444162,3.949,2.433,3.098
slovenia,g13_00038_6.tif,6444163,0.416,0.9305,0.414
slovenia,g13_00038_6.tif,6444164,3.037,1.3198,2.571
slovenia,g13_00038_6.tif,6480177,15.427,1.8244,14.23
slovenia,g13_00038_6.tif,6480179,7.771,1.8925,6.61
slovenia,g13_00038_6.tif,6480180,7.112,1.9908,6.051
slovenia,g13_00038_6.tif,6494413,4.471,1.8643,3.725
slovenia,g13_00038_6.tif,6494415,7.363,1.7754,5.89
slovenia,g13_00038_6.tif,6494535,3.037,1.8804,2.204
slovenia,g13_00038_6.tif,6494536,3.037,1.5512,2.571
slovenia,g13_00038_6.tif,6541375,17.573,1.5733,12.674
slovenia,g13_00038_6.tif,6576186,3.949,1.1383,3.098
slovenia,g13_00038_6.tif,6600268,3.678,0.9414,3.288
slovenia,g13_00038_6.tif,6607477,5.403,2.2471,5.139
slovenia,g13_00038_6.tif,6607480,1.631,1.185,1.437
slovenia,g13_00038_6.tif,6607600,2.078,1.7362,1.927
slovenia,g13_00038_6.tif,6611064,2.349,1.8843,2.204
slovenia,g13_00038_6.tif,6611065,5.524,1.9464,5.38
slovenia,g13_00038_6.tif,6611066,3.678,1.5347,3.288
slovenia,g13_00038_6.tif,6611068,1.631,1.0522,1.437
slovenia,g13_00038_6.tif,6611080,2.113,1.8663,1.437
slovenia,g13_00038_6.tif,6611084,3.117,3.1194,2.999
slovenia,g13_00038_6.tif,6618718,6.65,2.0941,6.26
slovenia,g13_00038_6.tif,6635358,6.65,1.1948,5.139
slovenia,g13_00038_6.tif,6638051,4.377,1.3497,3.288
slovenia,g13_00038_6.tif,6649088,7.771,2.0059,6.61
slovenia,g13_00038_6.tif,6649089,12.597,1.7823,9.958
slovenia,g13_00038_6.tif,6649121,7.112,1.2375,5.555
slovenia,g13_00038_6.tif,6654300,4.377,2.2747,3.725
slovenia,g13_00038_6.tif,6657262,10.504,1.5234,8.385
slovenia,g13_00038_6.tif,6657265,5.071,1.8241,4.268
slovenia,g13_00038_6.tif,6657282,1.039,1.041,0.757
slovenia,g13_00038_6.tif,6666388,8.459,1.3298,7.036
slovenia,g13_00038_6.tif,6666396,5.724,1.7774,4.621
slovenia,g13_00038_6.tif,6666398,7.771,2.088,6.051
slovenia,g13_00038_6.tif,6666407,1.631,1.6194,1.437
slovenia,g13_00038_6.tif,6666413,3.678,1.7944,3.098
slovenia,g13_00038_6.tif,6667534,0.778,2.597,0.414
slovenia,g13_00038_6.tif,6673254,3.678,2.4185,3.288
slovenia,g13_00038_6.tif,6691868,12.549,0.9025,10.722
slovenia,g13_00038_6.tif,6691876,7.137,3.0087,5.89
slovenia,g13_00038_6.tif,6701095,0.778,1.959,0.414
slovenia,g13_00038_6.tif,6724494,5.724,1.8257,4.553
slovenia,g13_00038_6.tif,6724495,3.533,1.5019,2.571
slovenia,g13_00038_6.tif,6724892,1.039,2.1742,0.757
slovenia,g13_00038_6.tif,6741086,7.92,2.1679,6.61
slovenia,g13_00038_6.tif,6741099,1.631,1.9843,1.242
slovenia,g13_00038_6.tif,6768406,7.482,1.4203,5.38
slovenia,g13_00038_6.tif,6795328,3.678,2.5558,2.999
slovenia,g13_00038_6.tif,6795331,1.972,2.4657,1.437
slovenia,g13_00038_6.tif,6813630,3.037,2.0324,2.204
slovenia,g13_00038_6.tif,6819386,8.313,2.2593,6.61
slovenia,g13_00038_6.tif,6819390,5.071,1.9355,4.044
slovenia,g13_00038_6.tif,6819396,4.471,1.4539,3.725
slovenia,g13_00038_6.tif,6819397,15.141,2.0311,11.807
slovenia,g13_00038_6.tif,6842407,5.071,2.0738,4.268
slovenia,g13_00038_6.tif,6842409,3.037,2.006,2.571
slovenia,g13_00038_6.tif,6842411,7.363,1.89,5.89
slovenia,g13_00038_6.tif,6842600,7.112,1.4254,5.555
slovenia,g13_00038_6.tif,6890209,7.112,2.2158,5.555
slovenia,g13_00038_6.tif,6892006,13.911,2.323,11.891
slovenia,g13_00038_6.tif,6892015,5.071,2.0939,4.268
slovenia,g13_00038_6.tif,6892020,4.377,2.5522,3.725
slovenia,g13_00038_6.tif,6892024,4.471,1.9188,3.288
slovenia,g13_00038_6.tif,6895917,7.112,2.9886,6.051
slovenia,g13_00038_6.tif,6895921,2.113,1.9845,1.437
slovenia,g13_00038_6.tif,6895943,3.117,2.0063,2.999
slovenia,g13_00038_6.tif,6916511,5.915,1.5903,4.886
slovenia,g13_00038_6.tif,6917530,8.459,1.9677,7.217
slovenia,g13_00038_6.tif,6917544,3.678,1.434,3.098
slovenia,g13_00038_6.tif,6917547,2.113,1.7708,1.437
slovenia,g13_00038_6.tif,6917551,3.908,1.3112,2.897
slovenia,g13_00038_6.tif,6925120,9.818,2.326,8.385
slovenia,g13_00038_6.tif,6925125,3.678,1.107,3.098
slovenia,g13_00038_6.tif,6936442,1.631,2.2821,1.437
slovenia,g13_00038_6.tif,6936465,6.65,1.67,6.26
slovenia,g13_00038_6.tif,6936466,1.631,2.0327,1.437
slovenia,g13_00038_6.tif,6941128,4.572,1.3923,3.725
slovenia,g13_00038_6.tif,6941148,3.678,2.5168,3.098
slovenia,g13_00038_6.tif,6941222,4.471,1.7484,3.725
slovenia,g13_00038_6.tif,6966237,4.471,1.6433,3.725
slovenia,g13_00038_6.tif,7019857,2.494,1.2302,1.927
slovenia,g13_00038_6.tif,7033468,8.232,1.3962,6.99
slovenia,g13_00038_6.tif,7033471,4.572,2.2337,4.413
slovenia,g13_00038_6.tif,7045314,2.494,2.2679,1.927
slovenia,g13_00038_6.tif,7045315,3.037,2.344,2.571
slovenia,g13_00038_6.tif,7053332,5.403,0.57,4.553
slovenia,g13_00038_6.tif,7081992,10.39,1.8508,7.863
slovenia,g13_00038_7.tif,6126171,1.625,1.9841,1.437
slovenia,g13_00038_7.tif,6126175,1.625,1.3774,1.437
slovenia,g13_00038_7.tif,6126230,0.413,0.6743,0.414
slovenia,g13_00038_7.tif,6130418,2.337,2.3953,1.927
slovenia,g13_00038_7.tif,6130654,1.239,2.3902,1.242
slovenia,g13_00038_7.tif,6147123,4.357,2.3928,3.725
slovenia,g13_00038_7.tif,6158926,2.114,1.7218,1.437
slovenia,g13_00038_7.tif,6159398,3.663,1.6034,2.999
slovenia,g13_00038_7.tif,6159399,1.975,0.9542,1.437
slovenia,g13_00038_7.tif,6159400,1.625,2.7845,1.437
slovenia,g13_00038_7.tif,6184916,3.028,2.1908,2.571
slovenia,g13_00038_7.tif,6269240,1.625,1.6547,1.437
slovenia,g13_00038_7.tif,6269242,1.625,1.2177,1.437
slovenia,g13_00038_7.tif,6270828,5.701,1.4556,4.886
slovenia,g13_00038_7.tif,6270904,4.357,2.3175,3.725
slovenia,g13_00038_7.tif,6280091,9.119,2.0527,7.217
slovenia,g13_00038_7.tif,6280213,2.114,2.3388,1.927
slovenia,g13_00038_7.tif,6360843,5.841,2.3593,5.439
slovenia,g13_00038_7.tif,6379457,4.357,2.8847,3.288
slovenia,g13_00038_7.tif,6423327,4.357,1.2655,3.725
slovenia,g13_00038_7.tif,6431623,5.053,1.0355,4.044
slovenia,g13_00038_7.tif,6431626,6.409,1.7975,4.886
slovenia,g13_00038_7.tif,6431627,1.625,2.8408,1.242
slovenia,g13_00038_7.tif,6437594,7.085,1.6235,6.051
slovenia,g13_00038_7.tif,6444163,3.028,2.0157,2.571
slovenia,g13_00038_7.tif,6469751,7.085,2.1421,6.051
slovenia,g13_00038_7.tif,6469755,5.556,1.9849,4.268
slovenia,g13_00038_7.tif,6469759,4.357,2.0774,3.725
slovenia,g13_00038_7.tif,6469760,10.584,2.4072,8.691
slovenia,g13_00038_7.tif,6469773,5.087,2.038,4.821
slovenia,g13_00038_7.tif,6478750,3.942,2.4106,3.098
slovenia,g13_00038_7.tif,6480179,4.542,1.9463,4.268
slovenia,g13_00038_7.tif,6494413,7.345,2.1633,5.89
slovenia,g13_00038_7.tif,6494416,1.975,1.6681,1.437
slovenia,g13_00038_7.tif,6494419,1.625,1.6447,1.242
slovenia,g13_00038_7.tif,6499095,4.357,2.382,4.044
slovenia,g13_00038_7.tif,6576174,7.739,1.5681,6.61
slovenia,g13_00038_7.tif,6576176,7.085,1.4992,5.89
slovenia,g13_00038_7.tif,6578503,1.975,2.4719,1.437
slovenia,g13_00038_7.tif,6581320,1.625,2.0659,1.437
slovenia,g13_00038_7.tif,6610264,7.085,2.3542,6.26
slovenia,g13_00038_7.tif,6632757,1.039,1.7997,0.757
slovenia,g13_00038_7.tif,6638044,12.652,2.06,9.69
slovenia,g13_00038_7.tif,6638045,6.387,1.9136,5.139
slovenia,g13_00038_7.tif,6638051,4.357,1.1199,3.288
slovenia,g13_00038_7.tif,6642355,2.337,2.6802,1.927
slovenia,g13_00038_7.tif,6649522,1.039,1.7338,0.757
slovenia,g13_00038_7.tif,6649523,1.039,1.5894,0.757
slovenia,g13_00038_7.tif,6654301,3.028,2.4807,2.571
slovenia,g13_00038_7.tif,6655499,2.49,2.4354,2.204
slovenia,g13_00038_7.tif,6657266,3.663,1.3351,2.999
slovenia,g13_00038_7.tif,6657271,4.357,1.7706,3.288
slovenia,g13_00038_7.tif,6666388,9.776,1.75,8.385
slovenia,g13_00038_7.tif,6666405,2.337,1.7714,1.927
slovenia,g13_00038_7.tif,6666412,2.49,1.3297,1.927
slovenia,g13_00038_7.tif,6691876,2.89,3.0957,2.204
slovenia,g13_00038_7.tif,6691878,3.663,2.0106,2.897
slovenia,g13_00038_7.tif,6701083,5.053,2.3113,4.268
slovenia,g13_00038_7.tif,6701223,5.053,1.7204,4.268
slovenia,g13_00038_7.tif,6712580,4.542,2.4362,3.725
slovenia,g13_00038_7.tif,6713322,9.776,1.2097,8.385
slovenia,g13_00038_7.tif,6713327,5.841,1.4628,5.555
slovenia,g13_00038_7.tif,6713330,1.625,1.9793,1.242
slovenia,g13_00038_7.tif,6717165,2.89,1.0348,2.571
slovenia,g13_00038_7.tif,6731644,5.489,1.8742,4.886
slovenia,g13_00038_7.tif,6731648,5.489,2.4171,5.139
slovenia,g13_00038_7.tif,6795320,13.187,1.6088,10.347
slovenia,g13_00038_7.tif,6807755,6.3,1.727,5.89
slovenia,g13_00038_7.tif,6807764,2.89,1.5688,2.571
slovenia,g13_00038_7.tif,6869727,3.663,1.3051,2.897
slovenia,g13_00038_7.tif,6869735,5.087,1.9552,4.821
slovenia,g13_00038_7.tif,6869743,2.337,1.5227,1.927
slovenia,g13_00038_7.tif,6870746,1.039,1.6738,0.757
slovenia,g13_00038_7.tif,6892299,9.849,2.0265,9.239
slovenia,g13_00038_7.tif,6892316,7.739,1.4061,6.61
slovenia,g13_00038_7.tif,6892360,0.781,2.3535,0.414
slovenia,g13_00038_7.tif,6917529,11.155,1.3518,9.239
slovenia,g13_00038_7.tif,6917530,8.421,2.2585,7.217
slovenia,g13_00038_7.tif,6917538,7.944,1.7033,7.395
slovenia,g13_00038_7.tif,6918158,7.896,1.3176,6.26
slovenia,g13_00038_7.tif,6936423,11.155,2.5539,9.553
slovenia,g13_00038_7.tif,6936435,3.663,1.9041,3.098
slovenia,g13_00038_7.tif,6936436,6.611,1.7196,6.051
slovenia,g13_00038_7.tif,6936437,9.776,2.4319,8.84
slovenia,g13_00038_7.tif,6936926,1.039,1.0553,0.757
slovenia,g13_00038_7.tif,6941128,10.519,1.3201,9.519
slovenia,g13_00038_7.tif,6941133,4.967,1.8827,3.725
slovenia,g13_00038_7.tif,6941134,5.841,0.7925,4.886
slovenia,g13_00038_7.tif,6941136,4.459,1.6092,3.725
slovenia,g13_00038_7.tif,6941140,3.028,1.7572,2.571
slovenia,g13_00038_7.tif,6941152,7.739,1.7857,6.61
slovenia,g13_00038_7.tif,6966236,7.739,1.8915,6.61
slovenia,g13_00038_7.tif,6985662,5.053,1.7882,4.268
slovenia,g13_00038_7.tif,6985697,3.663,1.5153,2.999
slovenia,g13_00038_7.tif,6988129,3.885,1.7039,3.725
slovenia,g13_00038_7.tif,7021385,6.193,1.8521,5.38
slovenia,g13_00038_7.tif,7033467,11.155,1.6995,8.501
slovenia,g13_00038_7.tif,7033474,4.357,2.1734,4.044
slovenia,g13_00038_7.tif,7045215,3.885,2.6188,3.725
slovenia,g13_00038_7.tif,7045216,5.053,2.4406,4.268
slovenia,g13_00038_7.tif,7045311,3.942,1.7744,3.098
slovenia,g13_00038_7.tif,7045314,2.337,2.3337,1.927
slovenia,g13_00038_7.tif,7053311,2.49,1.9945,1.927
slovenia,g13_00038_7.tif,7053312,6.611,2.7214,6.051
slovenia,g13_00038_7.tif,7053332,10.587,1.9518,9.553
slovenia,g13_00038_7.tif,7053516,4.357,2.252,3.725
slovenia,g13_00038_7.tif,7053517,4.357,1.5417,3.725
slovenia,g13_00038_8.tif,6109559,3.533,2.5833,2.571
slovenia,g13_00038_8.tif,6109562,3.166,2.2494,2.897
slovenia,g13_00038_8.tif,6118060,1.631,1.7365,1.242
slovenia,g13_00038_8.tif,6164251,4.377,1.2611,3.725
slovenia,g13_00038_8.tif,6164252,3.949,2.2095,3.098
slovenia,g13_00038_8.tif,6169855,1.972,2.5615,1.242
slovenia,g13_00038_8.tif,6255856,3.117,2.3098,2.999
slovenia,g13_00038_8.tif,6280091,2.909,1.9628,2.571
slovenia,g13_00038_8.tif,6280094,3.908,1.8508,3.725
slovenia,g13_00038_8.tif,6280213,2.909,1.7002,2.069
slovenia,g13_00038_8.tif,6289854,6.34,1.575,5.555
slovenia,g13_00038_8.tif,6289855,6.858,2.3152,5.89
slovenia,g13_00038_8.tif,6289858,3.037,1.75,2.571
slovenia,g13_00038_8.tif,6289864,2.494,1.5935,1.927
slovenia,g13_00038_8.tif,6311638,2.349,2.0666,2.204
slovenia,g13_00038_8.tif,6338477,4.712,2.0659,4.413
slovenia,g13_00038_8.tif,6338478,4.377,0.8912,3.725
slovenia,g13_00038_8.tif,6338479,4.471,1.6073,3.725
slovenia,g13_00038_8.tif,6352222,7.437,2.0036,6.99
slovenia,g13_00038_8.tif,6370959,7.92,1.6979,6.26
slovenia,g13_00038_8.tif,6375563,4.377,2.3048,3.725
slovenia,g13_00038_8.tif,6375565,3.949,1.2221,3.098
slovenia,g13_00038_8.tif,6375566,4.471,2.0858,3.725
slovenia,g13_00038_8.tif,6375571,3.037,1.8607,2.204
slovenia,g13_00038_8.tif,6426287,11.199,2.6651,9.553
slovenia,g13_00038_8.tif,6426293,4.377,1.7441,3.288
slovenia,g13_00038_8.tif,6434498,5.114,2.195,4.821
slovenia,g13_00038_8.tif,6437594,7.137,1.4671,6.26
slovenia,g13_00038_8.tif,6437597,5.114,2.0995,4.821
slovenia,g13_00038_8.tif,6448682,5.114,2.1585,4.821
slovenia,g13_00038_8.tif,6452220,11.199,1.8572,9.553
slovenia,g13_00038_8.tif,6485310,7.137,2.4802,6.208
slovenia,g13_00038_8.tif,6488887,3.908,2.1266,3.725
slovenia,g13_00038_8.tif,6493485,1.247,1.9055,1.242
slovenia,g13_00038_8.tif,6499099,3.037,1.9708,2.571
slovenia,g13_00038_8.tif,6510318,1.972,2.2585,1.242
slovenia,g13_00038_8.tif,6533293,4.972,2.4363,3.725
slovenia,g13_00038_8.tif,6564617,9.034,2.5247,8.027
slovenia,g13_00038_8.tif,6564644,2.349,2.041,2.204
slovenia,g13_00038_8.tif,6576176,7.112,1.8006,5.555
slovenia,g13_00038_8.tif,6576182,9.818,1.4451,8.84
slovenia,g13_00038_8.tif,6576184,5.874,1.739,5.555
slovenia,g13_00038_8.tif,6581272,4.972,2.4582,3.725
slovenia,g13_00038_8.tif,6581292,3.533,2.3043,2.571
slovenia,g13_00038_8.tif,6581301,2.078,2.4177,1.927
slovenia,g13_00038_8.tif,6599677,13.715,2.1967,12.933
slovenia,g13_00038_8.tif,6610267,2.078,1.8808,1.927
slovenia,g13_00038_8.tif,6611046,3.678,3.2067,3.098
slovenia,g13_00038_8.tif,6611050,2.349,3.1236,1.927
slovenia,g13_00038_8.tif,6615122,9.404,1.9249,8.84
slovenia,g13_00038_8.tif,6621945,3.678,1.2727,2.999
slovenia,g13_00038_8.tif,6635868,11.523,2.5211,7.905
slovenia,g13_00038_8.tif,6635869,11.76,1.8863,11.085
slovenia,g13_00038_8.tif,6655499,5.524,2.3897,5.139
slovenia,g13_00038_8.tif,6662556,3.678,1.8978,3.288
slovenia,g13_00038_8.tif,6701091,4.377,2.2705,4.044
slovenia,g13_00038_8.tif,6706858,6.417,2.2545,5.439
slovenia,g13_00038_8.tif,6712580,11.371,2.538,9.553
slovenia,g13_00038_8.tif,6712585,12.22,1.8856,9.69
slovenia,g13_00038_8.tif,6712586,14.304,1.9904,10.347
slovenia,g13_00038_8.tif,6712597,10.557,2.0604,8.385
slovenia,g13_00038_8.tif,6713321,18.452,1.5474,16.988
slovenia,g13_00038_8.tif,6720040,7.112,1.1773,5.89
slovenia,g13_00038_8.tif,6721585,6.65,1.5704,6.051
slovenia,g13_00038_8.tif,6780725,4.471,1.6778,3.725
slovenia,g13_00038_8.tif,6782506,4.972,1.0714,3.725
slovenia,g13_00038_8.tif,6782509,3.533,2.6277,2.571
slovenia,g13_00038_8.tif,6782510,7.363,2.1376,6.051
slovenia,g13_00038_8.tif,6782513,4.972,1.7918,3.725
slovenia,g13_00038_8.tif,6782539,4.712,1.9046,4.413
slovenia,g13_00038_8.tif,6782540,11.76,2.6417,11.085
slovenia,g13_00038_8.tif,6782646,4.712,1.6391,4.413
slovenia,g13_00038_8.tif,6785323,6.34,2.9911,4.553
slovenia,g13_00038_8.tif,6810218,7.437,3.1902,6.707
slovenia,g13_00038_8.tif,6810221,6.65,2.6094,6.051
slovenia,g13_00038_8.tif,6810232,1.039,2.1373,0.757
slovenia,g13_00038_8.tif,6812394,7.878,2.3259,7.395
slovenia,g13_00038_8.tif,6813475,20.0,2.7984,18.095
slovenia,g13_00038_8.tif,6819393,2.078,1.6372,2.069
slovenia,g13_00038_8.tif,6861937,10.329,1.9924,9.519
slovenia,g13_00038_8.tif,6861990,25.769,1.9765,21.107
slovenia,g13_00038_8.tif,6869727,7.112,1.93,6.61
slovenia,g13_00038_8.tif,6869743,2.349,1.6921,1.927
slovenia,g13_00038_8.tif,6869745,2.494,1.3523,1.927
slovenia,g13_00038_8.tif,6870746,1.039,1.9775,0.757
slovenia,g13_00038_8.tif,6887246,5.403,2.1648,4.553
slovenia,g13_00038_8.tif,6888555,3.166,2.4977,2.069
slovenia,g13_00038_8.tif,6888562,3.117,2.1748,2.999
slovenia,g13_00038_8.tif,6889797,2.078,2.4727,1.927
slovenia,g13_00038_8.tif,6889850,5.114,2.2623,4.821
slovenia,g13_00038_8.tif,6892316,3.949,1.9532,3.725
slovenia,g13_00038_8.tif,6892331,4.712,1.1987,4.413
slovenia,g13_00038_8.tif,6892871,3.678,2.1913,3.288
slovenia,g13_00038_8.tif,6917538,7.878,1.5238,7.036
slovenia,g13_00038_8.tif,6917552,7.137,2.2602,6.658
slovenia,g13_00038_8.tif,6936435,3.74,1.9796,3.098
slovenia,g13_00038_8.tif,6936926,1.039,1.2126,0.757
slovenia,g13_00038_8.tif,7011786,1.039,1.6931,0.757
slovenia,g13_00038_8.tif,7021385,4.572,3.2707,4.044
slovenia,g13_00038_8.tif,7021386,9.404,2.3585,8.84
slovenia,g13_00039_8.tif,6103295,11.105,1.9248,7.905
slovenia,g13_00039_8.tif,6103313,2.349,1.4819,2.204
slovenia,g13_00039_8.tif,6141138,7.437,1.5874,7.036
slovenia,g13_00039_8.tif,6141145,4.572,2.057,4.553
slovenia,g13_00039_8.tif,6141151,4.36,2.1676,2.897
slovenia,g13_00039_8.tif,6141155,3.037,1.7276,2.069
slovenia,g13_00039_8.tif,6141158,1.972,1.6607,1.437
slovenia,g13_00039_8.tif,6141171,2.078,1.1994,2.069
slovenia,g13_00039_8.tif,6296027,3.261,2.7516,2.571
slovenia,g13_00039_8.tif,6321279,3.74,1.8929,3.725
slovenia,g13_00039_8.tif,6340059,2.909,1.4834,2.571
slovenia,g13_00039_8.tif,6340061,1.247,1.3171,1.242
slovenia,g13_00039_8.tif,6340064,2.078,0.9871,2.069
slovenia,g13_00039_8.tif,6511522,2.078,1.2116,2.069
slovenia,g13_00039_8.tif,6511818,2.909,1.0504,2.897
slovenia,g13_00039_8.tif,6511966,4.572,1.3413,4.413
slovenia,g13_00039_8.tif,6511968,2.909,2.3326,2.571
slovenia,g13_00039_8.tif,6512030,5.403,1.5418,3.725
slovenia,g13_00039_8.tif,6512032,5.874,1.2202,5.439
slovenia,g13_00039_8.tif,6514067,2.078,1.0509,2.069
slovenia,g13_00039_8.tif,6516971,1.247,1.7728,1.242
slovenia,g13_00039_8.tif,6548426,3.678,1.2191,2.897
slovenia,g13_00039_8.tif,6578793,4.712,1.3569,4.621
slovenia,g13_00039_8.tif,6578819,1.631,1.2682,1.437
slovenia,g13_00039_8.tif,6603671,7.982,2.2407,7.738
slovenia,g13_00039_8.tif,6603672,3.166,2.1247,2.069
slovenia,g13_00039_8.tif,6603673,2.494,1.522,1.927
slovenia,g13_00039_8.tif,6610923,2.078,1.9489,1.927
slovenia,g13_00039_8.tif,6630974,8.232,1.4498,7.395
slovenia,g13_00039_8.tif,6630977,4.572,2.2556,4.553
slovenia,g13_00039_8.tif,6630986,4.377,1.4876,3.807
slovenia,g13_00039_8.tif,6630987,3.74,1.5572,3.288
slovenia,g13_00039_8.tif,6679874,1.972,1.9256,1.242
slovenia,g13_00039_8.tif,6679877,3.74,1.1102,2.897
slovenia,g13_00039_8.tif,6679881,5.524,1.8307,4.886
slovenia,g13_00039_8.tif,6679885,1.972,1.4818,1.242
slovenia,g13_00039_8.tif,6679888,2.349,1.4842,2.204
slovenia,g13_00039_8.tif,6684198,8.459,1.3156,7.082
slovenia,g13_00039_8.tif,6684203,7.896,1.4519,7.439
slovenia,g13_00039_8.tif,6684211,2.909,1.627,2.897
slovenia,g13_00039_8.tif,6684214,3.74,1.6508,2.897
slovenia,g13_00039_8.tif,6684217,2.909,1.5858,2.571
slovenia,g13_00039_8.tif,6687554,7.065,1.6695,7.036
slovenia,g13_00039_8.tif,6687555,7.437,1.7051,7.036
slovenia,g13_00039_8.tif,6687557,7.065,1.988,6.658
slovenia,g13_00039_8.tif,6773785,9.841,1.5951,9.553
slovenia,g13_00039_8.tif,6791107,16.379,1.7362,16.079
slovenia,g13_00039_8.tif,6791115,5.554,1.5434,3.725
slovenia,g13_00039_8.tif,6791117,11.464,1.6957,11.115
slovenia,g13_00039_8.tif,6791126,8.232,1.9343,8.027
slovenia,g13_00039_8.tif,6791138,7.878,2.0394,7.395
slovenia,g13_00039_8.tif,6791139,7.878,2.0371,7.439
slovenia,g13_00039_8.tif,6791161,3.261,1.6017,2.204
slovenia,g13_00039_8.tif,6791164,6.65,1.6524,6.26
slovenia,g13_00039_8.tif,6791211,10.182,1.7105,9.519
slovenia,g13_00039_8.tif,6791220,2.349,1.0932,1.927
slovenia,g13_00039_8.tif,6799311,5.554,1.5484,3.725
slovenia,g13_00039_8.tif,6799319,1.247,2.5424,1.242
slovenia,g13_00039_8.tif,6799328,1.247,1.8988,1.242
slovenia,g13_00039_8.tif,6799333,1.247,2.057,1.242
slovenia,g13_00039_8.tif,6800881,1.039,1.2385,0.757
slovenia,g13_00039_8.tif,6801719,2.349,1.4347,2.204
slovenia,g13_00039_8.tif,6802119,2.349,1.6706,2.204
slovenia,g13_00039_8.tif,6815191,9.279,2.0565,6.412
slovenia,g13_00039_8.tif,6815192,8.635,2.0683,8.027
slovenia,g13_00039_8.tif,6815193,10.457,2.039,7.439
slovenia,g13_00039_8.tif,6815205,8.805,2.0871,8.729
slovenia,g13_00039_8.tif,6815213,1.247,1.8871,1.242
slovenia,g13_00039_8.tif,6815214,9.034,2.2371,8.729
slovenia,g13_00039_8.tif,6815222,2.349,1.3368,2.069
slovenia,g13_00039_8.tif,6815231,6.234,1.6514,6.208
slovenia,g13_00039_8.tif,6815267,1.631,1.1589,1.437
slovenia,g13_00039_8.tif,6819849,12.717,1.8289,8.691
slovenia,g13_00039_8.tif,6819944,9.034,1.5551,8.84
slovenia,g13_00039_8.tif,6845041,6.748,2.0015,4.553
slovenia,g13_00039_8.tif,6845042,3.908,1.8953,3.807
slovenia,g13_00039_8.tif,6845046,5.071,1.9251,4.621
slovenia,g13_00039_8.tif,6862048,10.456,1.109,10.347
slovenia,g13_00039_8.tif,6862173,16.208,0.8725,15.848
slovenia,g13_00039_8.tif,6862202,10.361,1.6062,7.082
slovenia,g13_00039_8.tif,6862221,9.404,1.1293,8.691
slovenia,g13_00039_8.tif,6913075,5.554,1.9887,3.725
slovenia,g13_00039_8.tif,6913077,2.909,1.6865,2.897
slovenia,g13_00039_8.tif,6993498,11.864,0.9791,9.553
slovenia,g13_00039_8.tif,6993504,7.896,0.9952,7.439
slovenia,g13_00039_8.tif,6993509,13.096,1.5377,10.056
slovenia,g13_00039_8.tif,6993516,5.611,1.9462,3.807
slovenia,g13_00039_8.tif,6993526,4.641,1.642,3.725
slovenia,g13_00039_8.tif,7002189,1.972,1.1103,1.242
slovenia,g13_00039_8.tif,7002195,8.728,2.1092,8.501
slovenia,g13_00039_8.tif,7002203,1.039,2.2674,0.757
slovenia,g13_00039_8.tif,7002205,1.972,2.053,1.437
slovenia,g13_00039_8.tif,7002209,5.403,1.672,5.139
slovenia,g13_00039_8.tif,7002423,1.972,1.2878,1.242
slovenia,g13_00039_8.tif,7004034,4.432,1.8228,3.288
slovenia,g13_00039_8.tif,7004067,1.972,1.5913,1.242
slovenia,g13_00039_8.tif,7004079,3.166,2.4774,2.204
slovenia,g13_00039_8.tif,7011921,1.247,0.912,1.242
slovenia,g13_00039_8.tif,7014213,1.972,2.1358,1.242
slovenia,g13_00039_8.tif,7014214,2.909,1.8149,2.571
slovenia,g13_00040_10.tif,6109342,2.35,1.7936,1.927
slovenia,g13_00040_10.tif,6109484,2.113,1.5978,1.437
slovenia,g13_00040_10.tif,6111973,1.631,2.1599,1.437
slovenia,g13_00040_10.tif,6114202,6.418,1.4089,4.821
slovenia,g13_00040_10.tif,6114204,3.261,1.6928,2.204
slovenia,g13_00040_10.tif,6115472,2.113,1.6621,1.437
slovenia,g13_00040_10.tif,6115476,2.494,2.2276,1.927
slovenia,g13_00040_10.tif,6115999,6.858,1.5704,5.139
slovenia,g13_00040_10.tif,6117486,9.156,1.5969,6.61
slovenia,g13_00040_10.tif,6117843,1.972,2.5006,1.242
slovenia,g13_00040_10.tif,6173707,7.439,2.0217,5.38
slovenia,g13_00040_10.tif,6178445,7.113,1.675,6.051
slovenia,g13_00040_10.tif,6178446,7.88,1.9776,5.89
slovenia,g13_00040_10.tif,6178449,5.725,1.3721,4.886
slovenia,g13_00040_10.tif,6178451,3.533,1.4349,2.571
slovenia,g13_00040_10.tif,6178453,3.949,0.8728,3.288
slovenia,g13_00040_10.tif,6178454,3.949,1.7263,2.999
slovenia,g13_00040_10.tif,6178456,4.972,2.4006,3.725
slovenia,g13_00040_10.tif,6178460,3.037,1.8626,2.069
slovenia,g13_00040_10.tif,6347767,3.037,1.54,2.204
slovenia,g13_00040_10.tif,6474742,9.456,1.7598,6.99
slovenia,g13_00040_10.tif,6505604,1.631,1.8035,1.437
slovenia,g13_00040_10.tif,6514747,2.494,1.8715,2.069
slovenia,g13_00040_10.tif,6514752,1.972,1.7832,1.242
slovenia,g13_00040_10.tif,6582123,3.949,2.4372,2.897
slovenia,g13_00040_10.tif,6582124,5.611,2.2469,4.044
slovenia,g13_00040_10.tif,6582135,6.417,2.6413,4.886
slovenia,g13_00040_10.tif,6582137,5.781,2.4951,4.413
slovenia,g13_00040_10.tif,6582147,5.404,2.3664,4.044
slovenia,g13_00040_10.tif,6582150,3.533,2.4148,2.571
slovenia,g13_00040_10.tif,6582158,3.949,1.9823,2.897
slovenia,g13_00040_10.tif,6756441,12.717,2.5647,11.292
slovenia,g13_00040_10.tif,6763487,3.037,1.8805,2.571
slovenia,g13_00040_10.tif,6794900,4.972,2.0066,3.725
slovenia,g13_00040_10.tif,6818904,9.943,1.3654,8.228
slovenia,g13_00040_10.tif,6818905,10.802,2.3746,8.84
slovenia,g13_00040_10.tif,6837891,2.91,2.0402,2.571
slovenia,g13_00040_10.tif,6837894,3.037,1.869,2.571
slovenia,g13_00040_10.tif,6916729,2.35,1.7065,2.204
slovenia,g13_00040_10.tif,6992900,3.037,2.2671,2.204
slovenia,g13_00040_10.tif,6992903,12.717,2.2491,9.024
slovenia,g13_00040_10.tif,6992920,5.554,2.4484,3.725
slovenia,g13_00040_10.tif,6992927,6.417,1.4113,4.886
slovenia,g13_00040_10.tif,6992929,5.115,1.9717,4.553
slovenia,g13_00040_10.tif,6992936,4.972,1.7433,3.725
slovenia,g13_00040_10.tif,6992942,7.113,1.6476,5.89
slovenia,g13_00040_10.tif,6992943,5.071,1.8141,4.044
slovenia,g13_00040_10.tif,6993274,1.039,1.8867,0.757
slovenia,g13_00040_10.tif,6993620,0.416,1.6293,0.414
slovenia,g13_00040_10.tif,7044925,3.037,1.6551,2.571
slovenia,g13_00040_11.tif,6114200,7.113,1.996,6.26
slovenia,g13_00040_11.tif,6173708,3.949,1.5654,2.999
slovenia,g13_00040_11.tif,6357693,2.91,1.6792,2.204
slovenia,g13_00040_11.tif,6514734,13.674,1.8739,9.958
slovenia,g13_00040_11.tif,6514746,7.113,1.6342,6.051
slovenia,g13_00040_11.tif,6514747,5.781,2.4982,4.044
slovenia,g13_00040_11.tif,6514748,6.858,1.7417,5.139
slovenia,g13_00040_11.tif,6514749,6.418,3.2698,5.439
slovenia,g13_00040_11.tif,6514758,1.631,2.1786,1.437
slovenia,g13_00040_11.tif,6514760,4.472,2.2601,3.725
slovenia,g13_00040_11.tif,6531463,7.88,3.0168,6.99
slovenia,g13_00040_11.tif,6558182,4.36,2.849,2.897
slovenia,g13_00040_11.tif,6558183,3.678,2.9925,2.999
slovenia,g13_00040_11.tif,6558186,3.533,3.1952,2.571
slovenia,g13_00040_11.tif,6558188,3.949,2.461,2.999
slovenia,g13_00040_11.tif,6558191,2.494,3.1933,1.927
slovenia,g13_00040_11.tif,6660158,5.725,1.5765,4.886
slovenia,g13_00040_11.tif,6660160,7.88,2.9559,7.217
slovenia,g13_00040_11.tif,6660179,3.037,1.058,2.571
slovenia,g13_00040_11.tif,6756446,10.505,2.1198,8.108
slovenia,g13_00040_11.tif,6756466,3.678,2.4152,2.999
slovenia,g13_00040_11.tif,6794918,4.472,2.5768,3.288
slovenia,g13_00040_11.tif,6861895,17.968,1.9099,12.83
slovenia,g13_00040_11.tif,6862097,13.911,2.0272,9.519
slovenia,g13_00040_9.tif,6110267,2.079,0.794,1.927
slovenia,g13_00040_9.tif,6110269,2.35,1.0302,2.204
slovenia,g13_00040_9.tif,6115993,8.461,0.6371,7.217
slovenia,g13_00040_9.tif,6115996,1.972,0.7012,1.242
slovenia,g13_00040_9.tif,6117484,3.166,3.1178,2.069
slovenia,g13_00040_9.tif,6117486,0.778,1.1894,0.414
slovenia,g13_00040_9.tif,6117516,10.769,1.4574,8.385
slovenia,g13_00040_9.tif,6117535,7.169,1.4549,5.139
slovenia,g13_00040_9.tif,6117537,3.037,2.1441,2.204
slovenia,g13_00040_9.tif,6117836,2.35,1.7334,1.927
slovenia,g13_00040_9.tif,6117837,6.858,1.4286,5.555
slovenia,g13_00040_9.tif,6117838,3.533,1.8824,2.571
slovenia,g13_00040_9.tif,6117841,2.079,2.7463,1.437
slovenia,g13_00040_9.tif,6117851,1.631,1.4897,1.242
slovenia,g13_00040_9.tif,6117978,1.039,1.936,0.757
slovenia,g13_00040_9.tif,6188331,9.036,1.4706,7.905
slovenia,g13_00040_9.tif,6188346,3.166,1.7388,2.069
slovenia,g13_00040_9.tif,6298397,5.071,0.9779,4.044
slovenia,g13_00040_9.tif,6298411,3.678,1.111,2.999
slovenia,g13_00040_9.tif,6342651,4.378,1.2237,3.725
slovenia,g13_00040_9.tif,6342799,5.725,1.6254,4.821
slovenia,g13_00040_9.tif,6474734,4.573,1.0903,4.044
slovenia,g13_00040_9.tif,6474735,4.378,1.0988,4.044
slovenia,g13_00040_9.tif,6474736,7.113,1.2515,6.051
slovenia,g13_00040_9.tif,6702104,2.494,1.54,1.927
slovenia,g13_00040_9.tif,6763468,9.156,1.7974,7.395
slovenia,g13_00040_9.tif,6794900,4.36,1.7857,3.725
slovenia,g13_00040_9.tif,6794910,8.814,1.1838,6.26
slovenia,g13_00040_9.tif,6794917,6.417,1.4204,4.553
slovenia,g13_00040_9.tif,6796023,15.887,1.227,11.174
slovenia,g13_00040_9.tif,6796047,9.768,0.9866,7.036
slovenia,g13_00040_9.tif,6818904,2.494,0.596,2.069
slovenia,g13_00040_9.tif,7017156,4.714,1.8783,4.044
slovenia,g13_00043_2.tif,6103608,15.567,0.8075,14.691
slovenia,g13_00043_2.tif,6114199,8.851,1.3447,6.61
slovenia,g13_00043_2.tif,6150089,3.189,0.7594,2.069
slovenia,g13_00043_2.tif,6192019,11.275,0.8614,8.108
slovenia,g13_00043_2.tif,6194323,1.636,1.1352,1.437
slovenia,g13_00043_2.tif,6194327,1.247,0.8522,1.242
slovenia,g13_00043_2.tif,6197158,7.95,1.2006,6.61
slovenia,g13_00043_2.tif,6197159,1.046,1.1199,0.757
slovenia,g13_00043_2.tif,6233721,5.528,0.8762,4.886
slovenia,g13_00043_2.tif,6285155,1.247,1.1637,1.242
slovenia,g13_00043_2.tif,6299590,5.819,1.1264,4.044
slovenia,g13_00043_2.tif,6299599,2.079,0.6817,2.069
slovenia,g13_00043_2.tif,6367461,1.988,1.6216,1.242
slovenia,g13_00043_2.tif,6367495,1.988,1.3166,1.242
slovenia,g13_00043_2.tif,6367534,2.079,0.9113,1.437
slovenia,g13_00043_2.tif,6367591,3.189,0.7694,2.069
slovenia,g13_00043_2.tif,6381201,15.984,0.9695,14.23
slovenia,g13_00043_2.tif,6387956,7.394,0.9202,5.555
slovenia,g13_00043_2.tif,6387960,13.227,1.0048,9.588
slovenia,g13_00043_2.tif,6387964,8.63,1.4621,6.26
slovenia,g13_00043_2.tif,6387971,1.988,1.3665,1.242
slovenia,g13_00043_2.tif,6404495,1.247,0.7664,1.242
slovenia,g13_00043_2.tif,6527282,3.555,1.0417,2.571
slovenia,g13_00043_2.tif,6527283,3.555,1.0818,2.571
slovenia,g13_00043_2.tif,6531432,18.052,1.0742,16.87
slovenia,g13_00043_2.tif,6531464,6.237,1.2256,5.612
slovenia,g13_00043_2.tif,6630470,11.772,0.7276,10.347
slovenia,g13_00043_2.tif,6641467,8.968,0.9946,6.658
slovenia,g13_00043_2.tif,6756422,6.891,0.6547,6.208
slovenia,g13_00043_2.tif,6764580,6.452,1.177,4.621
slovenia,g13_00043_2.tif,6820365,11.232,1.1874,9.69
slovenia,g13_00043_2.tif,6840405,12.288,0.8429,11.638
slovenia,g13_00043_2.tif,6916728,1.988,1.5319,1.242
slovenia,g13_00043_2.tif,6930263,2.127,0.8505,1.437
slovenia,g13_00043_2.tif,6985638,0.786,1.1297,0.414
slovenia,g13_00043_2.tif,6985642,16.147,1.4549,13.237
slovenia,g13_00043_2.tif,6985658,7.151,1.0347,6.61
slovenia,g13_00043_2.tif,7016238,8.968,1.7101,6.658
slovenia,g13_00043_3.tif,6128503,6.452,1.4237,4.821
slovenia,g13_00043_3.tif,6128508,3.912,1.4252,3.725
slovenia,g13_00043_3.tif,6178461,7.525,1.7455,5.439
slovenia,g13_00043_3.tif,6178539,1.046,1.7281,0.757
slovenia,g13_00043_3.tif,6194313,8.479,1.2701,7.395
slovenia,g13_00043_3.tif,6194317,6.431,1.503,5.139
slovenia,g13_00043_3.tif,6194320,5.528,1.8978,4.821
slovenia,g13_00043_3.tif,6194323,1.636,1.3949,1.437
slovenia,g13_00043_3.tif,6218804,2.079,1.3587,2.069
slovenia,g13_00043_3.tif,6219010,7.151,1.6049,6.61
slovenia,g13_00043_3.tif,6219026,7.792,1.8179,6.61
slovenia,g13_00043_3.tif,6221697,3.189,2.0585,2.069
slovenia,g13_00043_3.tif,6221698,3.968,2.1771,2.999
slovenia,g13_00043_3.tif,6221700,1.988,2.3753,1.437
slovenia,g13_00043_3.tif,6221852,2.127,1.9832,1.437
slovenia,g13_00043_3.tif,6222908,2.353,1.0999,1.927
slovenia,g13_00043_3.tif,6222909,2.911,1.4132,2.897
slovenia,g13_00043_3.tif,6225383,5.123,1.9626,4.413
slovenia,g13_00043_3.tif,6225384,2.079,1.784,2.069
slovenia,g13_00043_3.tif,6233721,5.74,1.2802,4.886
slovenia,g13_00043_3.tif,6233722,5.593,2.015,4.413
slovenia,g13_00043_3.tif,6233723,5.123,1.3498,4.553
slovenia,g13_00043_3.tif,6233724,3.121,1.9737,2.999
slovenia,g13_00043_3.tif,6245732,5.43,1.5834,4.044
slovenia,g13_00043_3.tif,6285140,1.636,0.9583,1.437
slovenia,g13_00043_3.tif,6285141,4.391,2.587,3.725
slovenia,g13_00043_3.tif,6285143,4.391,2.1542,2.897
slovenia,g13_00043_3.tif,6285144,2.911,1.8053,2.897
slovenia,g13_00043_3.tif,6285148,3.688,2.2286,2.897
slovenia,g13_00043_3.tif,6285149,2.127,2.1512,1.927
slovenia,g13_00043_3.tif,6285154,3.742,1.7402,3.725
slovenia,g13_00043_3.tif,6285155,3.048,1.4275,2.571
slovenia,g13_00043_3.tif,6285158,1.636,2.1947,1.242
slovenia,g13_00043_3.tif,6285411,1.988,2.0032,1.242
slovenia,g13_00043_3.tif,6296796,6.452,0.9744,4.621
slovenia,g13_00043_3.tif,6296853,5.882,1.4044,5.555
slovenia,g13_00043_3.tif,6296874,1.247,2.3584,1.242
slovenia,g13_00043_3.tif,6327061,10.4,1.3507,7.439
slovenia,g13_00043_3.tif,6514733,32.569,1.4082,28.319
slovenia,g13_00043_3.tif,6514737,10.527,1.5384,8.691
slovenia,g13_00043_3.tif,6514738,9.757,1.6722,6.99
slovenia,g13_00043_3.tif,6514745,1.247,1.9678,1.242
slovenia,g13_00043_3.tif,6514757,7.134,1.6717,5.89
slovenia,g13_00043_3.tif,6514762,9.918,1.5053,8.951
slovenia,g13_00043_3.tif,6630470,14.184,0.9589,12.674
slovenia,g13_00043_3.tif,6660149,7.165,2.0067,5.555
slovenia,g13_00043_3.tif,6660167,7.134,1.7823,6.051
slovenia,g13_00043_3.tif,6660169,2.911,1.7482,2.571
slovenia,g13_00043_3.tif,6660172,2.507,1.7774,1.927
slovenia,g13_00043_3.tif,6660175,13.722,1.2923,12.856
slovenia,g13_00043_3.tif,6660183,1.046,1.849,0.757
slovenia,g13_00043_3.tif,6661741,18.732,2.0395,16.346
slovenia,g13_00043_3.tif,6661764,10.823,1.873,8.501
slovenia,g13_00043_3.tif,6756422,12.579,1.1209,10.722
slovenia,g13_00043_3.tif,6756430,8.968,1.9926,6.26
slovenia,g13_00043_3.tif,6756435,3.688,1.6777,3.098
slovenia,g13_00043_3.tif,6756463,4.387,1.7271,4.044
slovenia,g13_00043_3.tif,6820365,10.591,1.7096,9.519
slovenia,g13_00043_3.tif,6916723,6.658,2.17,6.051
slovenia,g13_00043_3.tif,6985658,7.792,1.4182,6.61
slovenia,g13_00043_3.tif,6985741,8.648,1.3948,6.99
slovenia,g13_00043_3.tif,7077538,3.284,1.6794,2.571
slovenia,g13_00043_3.tif,7077539,2.079,1.9408,2.069
slovenia,g13_00043_4.tif,6164648,1.636,2.4286,1.242
slovenia,g13_00043_4.tif,6164649,1.988,1.9959,1.242
slovenia,g13_00043_4.tif,6164650,11.716,3.2129,9.239
slovenia,g13_00043_4.tif,6164653,2.127,2.6664,1.437
slovenia,g13_00043_4.tif,6164654,1.988,2.1505,1.242
slovenia,g13_00043_4.tif,6164817,8.811,2.9706,6.658
slovenia,g13_00043_4.tif,6170221,10.309,2.1655,8.108
slovenia,g13_00043_4.tif,6170237,5.43,1.6252,3.725
slovenia,g13_00043_4.tif,6218807,6.891,2.7298,5.555
slovenia,g13_00043_4.tif,6222910,10.529,2.146,9.024
slovenia,g13_00043_4.tif,6266455,10.9,3.1364,8.108
slovenia,g13_00043_4.tif,6285144,3.742,2.7936,3.725
slovenia,g13_00043_4.tif,6285146,7.151,1.8401,6.658
slovenia,g13_00043_4.tif,6285149,3.555,2.4196,2.897
slovenia,g13_00043_4.tif,6285322,6.09,3.4614,4.553
slovenia,g13_00043_4.tif,6357692,8.851,3.1637,6.658
slovenia,g13_00043_4.tif,6357693,6.452,1.9583,5.89
slovenia,g13_00043_4.tif,6357698,7.151,1.343,6.658
slovenia,g13_00043_4.tif,6410552,5.94,2.5289,4.553
slovenia,g13_00043_4.tif,6514737,10.844,2.4489,9.024
slovenia,g13_00043_4.tif,6514739,1.247,2.5106,1.242
slovenia,g13_00043_4.tif,6514741,7.445,2.5206,6.99
slovenia,g13_00043_4.tif,6514745,4.717,2.2057,4.413
slovenia,g13_00043_4.tif,6514750,7.134,2.7447,5.555
slovenia,g13_00043_4.tif,6514758,8.479,1.9807,7.439
slovenia,g13_00043_4.tif,6514765,3.742,3.0919,3.288
slovenia,g13_00043_4.tif,6514766,7.134,2.3213,5.555
slovenia,g13_00043_4.tif,6644256,3.048,2.0167,2.069
slovenia,g13_00043_4.tif,6644270,7.792,2.155,6.051
slovenia,g13_00043_4.tif,6644284,6.345,3.2158,5.439
slovenia,g13_00043_4.tif,6660158,5.74,1.685,4.886
slovenia,g13_00043_4.tif,6660164,5.123,2.3745,4.821
slovenia,g13_00043_4.tif,6660175,4.574,2.1229,4.553
slovenia,g13_00043_4.tif,6660179,3.688,1.3423,3.288
slovenia,g13_00043_4.tif,6756449,5.0,2.9794,3.725
slovenia,g13_00043_4.tif,6756469,3.189,2.6077,2.069
slovenia,g13_00043_4.tif,6756472,1.988,2.36,1.242
slovenia,g13_00043_4.tif,6836164,6.452,2.4713,4.821
slovenia,g13_00043_4.tif,6916730,1.247,2.6928,1.242
slovenia,g13_00043_4.tif,6919721,7.525,1.3787,5.89
slovenia,g13_00043_4.tif,7050884,5.0,1.4971,3.725
slovenia,g13_00043_4.tif,7050885,1.636,1.9215,1.437
slovenia,g13_00043_4.tif,7050902,1.988,2.0719,1.242
slovenia,g13_00045_14.tif,6150089,6.239,1.9308,6.208
slovenia,g13_00045_14.tif,6277952,5.407,2.2728,5.38
slovenia,g13_00045_14.tif,6299599,2.08,1.8074,2.069
slovenia,g13_00045_14.tif,6367461,2.911,2.719,2.897
slovenia,g13_00045_14.tif,6367495,4.575,2.2161,4.553
slovenia,g13_00045_14.tif,6367534,2.08,2.228,2.069
slovenia,g13_00045_14.tif,6367591,6.239,2.5472,6.208
slovenia,g13_00045_14.tif,6381201,3.555,3.4782,2.571
slovenia,g13_00045_14.tif,6387948,18.973,3.0668,13.461
slovenia,g13_00045_14.tif,6387949,17.999,4.3129,13.658
slovenia,g13_00045_14.tif,6387951,15.206,3.4649,10.347
slovenia,g13_00045_14.tif,6387970,6.659,2.8903,6.051
slovenia,g13_00045_14.tif,6387971,7.07,2.6624,7.036
slovenia,g13_00045_14.tif,6404495,2.911,2.2655,2.897
slovenia,g13_00045_14.tif,6561635,9.045,2.9168,8.108
slovenia,g13_00045_14.tif,6585238,14.177,2.2691,13.755
slovenia,g13_00045_14.tif,6671295,8.358,3.7003,6.208
slovenia,g13_00045_14.tif,6671296,8.159,3.0342,6.208
slovenia,g13_00045_14.tif,6671303,6.659,2.829,6.26
slovenia,g13_00045_14.tif,6671338,14.005,3.5618,9.519
slovenia,g13_00045_14.tif,6671368,12.301,3.1449,8.691
slovenia,g13_00045_14.tif,6752735,1.248,2.1013,1.242
slovenia,g13_00045_14.tif,6759745,4.575,2.2776,4.553
slovenia,g13_00045_14.tif,6796535,13.735,3.4925,12.674
slovenia,g13_00045_14.tif,6796540,5.65,2.6019,5.38
slovenia,g13_00045_14.tif,6796582,13.735,3.0395,12.933
slovenia,g13_00045_14.tif,6796583,5.883,2.0604,5.555
slovenia,g13_00045_14.tif,6919729,10.662,2.8552,9.958
slovenia,g13_00045_14.tif,6985638,7.902,2.5148,7.863
slovenia,g13_00045_14.tif,6985744,10.197,2.7635,8.691
slovenia,g13_00045_14.tif,6992908,11.291,2.6876,10.845
slovenia,g13_00045_15.tif,6160562,13.108,1.6616,9.519
slovenia,g13_00045_15.tif,6168948,10.416,1.745,7.217
slovenia,g13_00045_15.tif,6168951,6.09,1.6618,4.413
slovenia,g13_00045_15.tif,6194313,4.388,1.9402,3.725
slovenia,g13_00045_15.tif,6194323,1.248,2.0835,1.242
slovenia,g13_00045_15.tif,6194332,1.636,2.386,1.437
slovenia,g13_00045_15.tif,6252264,10.31,1.7391,8.385
slovenia,g13_00045_15.tif,6299598,3.049,1.6514,2.571
slovenia,g13_00045_15.tif,6327061,12.955,1.7527,9.519
slovenia,g13_00045_15.tif,6330034,7.902,1.8924,7.395
slovenia,g13_00045_15.tif,6368949,7.996,1.2855,5.38
slovenia,g13_00045_15.tif,6368951,5.593,1.6904,3.725
slovenia,g13_00045_15.tif,6368962,3.689,2.3476,3.098
slovenia,g13_00045_15.tif,6368963,9.757,2.7976,7.036
slovenia,g13_00045_15.tif,6387948,25.552,2.0182,18.095
slovenia,g13_00045_15.tif,6387979,5.819,1.052,4.044
slovenia,g13_00045_15.tif,6387987,3.284,1.5762,2.204
slovenia,g13_00045_15.tif,6409664,2.127,1.904,2.069
slovenia,g13_00045_15.tif,6409665,2.127,1.3944,1.437
slovenia,g13_00045_15.tif,6410548,18.845,1.5775,16.326
slovenia,g13_00045_15.tif,6461980,8.358,2.5545,5.89
slovenia,g13_00045_15.tif,6514761,0.786,1.4059,0.414
slovenia,g13_00045_15.tif,6514767,2.507,1.3556,1.927
slovenia,g13_00045_15.tif,6561619,1.046,2.831,0.757
slovenia,g13_00045_15.tif,6573154,13.725,1.825,11.891
slovenia,g13_00045_15.tif,6594747,7.07,1.3721,7.036
slovenia,g13_00045_15.tif,6594748,12.893,2.1343,12.002
slovenia,g13_00045_15.tif,6630470,7.996,1.4863,5.38
slovenia,g13_00045_15.tif,6749803,17.283,2.4324,12.933
slovenia,g13_00045_15.tif,6766308,22.667,1.8835,17.664
slovenia,g13_00045_15.tif,6833615,10.663,2.4067,9.553
slovenia,g13_00045_15.tif,6833636,8.968,1.7837,7.395
slovenia,g13_00045_15.tif,6833936,5.883,1.7255,5.439
slovenia,g13_00045_15.tif,6837885,1.636,2.2444,1.437
slovenia,g13_00045_15.tif,6854905,5.0,2.9388,3.725
slovenia,g13_00045_15.tif,6854987,9.757,1.1605,6.99
slovenia,g13_00045_15.tif,6854988,9.757,2.2895,6.99
slovenia,g13_00045_15.tif,6894304,7.135,1.4249,5.38
slovenia,g13_00045_15.tif,6919729,7.07,2.316,6.658
slovenia,g13_00045_15.tif,7077892,7.893,1.9014,7.217
slovenia,g13_00045_16.tif,6116131,5.883,1.6404,5.612
slovenia,g13_00045_16.tif,6160562,3.122,1.4928,2.897
slovenia,g13_00045_16.tif,6285157,5.53,2.2065,4.044
slovenia,g13_00045_16.tif,6311207,7.447,1.7217,6.707
slovenia,g13_00045_16.tif,6318670,5.0,1.6367,3.725
slovenia,g13_00045_16.tif,6330034,9.198,1.1713,8.691
slovenia,g13_00045_16.tif,6367438,1.248,2.181,1.242
slovenia,g13_00045_16.tif,6368949,7.908,1.6427,5.38
slovenia,g13_00045_16.tif,6368963,4.388,2.6202,3.725
slovenia,g13_00045_16.tif,6409599,2.911,1.477,2.204
slovenia,g13_00045_16.tif,6409664,4.391,1.6926,2.897
slovenia,g13_00045_16.tif,6409665,3.049,1.6126,2.069
slovenia,g13_00045_16.tif,6410550,3.969,1.4871,2.999
slovenia,g13_00045_16.tif,6410552,5.53,2.0968,4.413
slovenia,g13_00045_16.tif,6514761,10.197,1.8966,8.228
slovenia,g13_00045_16.tif,6606330,11.898,1.7417,10.186
slovenia,g13_00045_16.tif,6606331,5.0,1.9387,3.725
slovenia,g13_00045_16.tif,6644275,3.555,1.6847,2.571
slovenia,g13_00045_16.tif,6644290,3.913,1.2111,3.288
slovenia,g13_00045_16.tif,6649023,3.049,1.2134,2.204
slovenia,g13_00045_16.tif,6676416,3.189,2.1835,2.069
slovenia,g13_00045_16.tif,6756443,11.769,1.547,9.958
slovenia,g13_00045_16.tif,6756450,3.969,2.2102,3.288
slovenia,g13_00045_16.tif,6794895,8.358,2.1103,5.89
slovenia,g13_00045_16.tif,6794898,11.234,1.5642,8.84
slovenia,g13_00045_16.tif,6854934,12.297,2.0663,9.024
slovenia,g13_00045_16.tif,6854987,10.416,1.153,7.082
slovenia,g13_00045_16.tif,6854988,9.341,1.7905,6.412
slovenia,g13_00045_16.tif,6894304,8.037,1.9036,5.439
slovenia,g13_00045_16.tif,6919730,13.714,2.1392,11.115
slovenia,g13_00045_16.tif,6919734,5.53,1.9744,5.439
slovenia,g13_00045_16.tif,6985702,4.388,1.956,3.725
slovenia,g13_00045_16.tif,7050890,5.593,2.1208,3.807
slovenia,g13_00045_16.tif,7050898,1.636,1.4492,1.437
slovenia,g13_00045_16.tif,7065401,1.046,1.6921,0.757
slovenia,g13_00047_14.tif,6128080,5.593,0.9801,3.725
slovenia,g13_00047_14.tif,6148356,6.661,1.7287,5.89
slovenia,g13_00047_14.tif,6148357,1.637,1.7316,1.242
slovenia,g13_00047_14.tif,6155010,2.507,2.1574,1.927
slovenia,g13_00047_14.tif,6260313,7.794,1.371,6.707
slovenia,g13_00047_14.tif,6260314,5.431,1.2149,4.413
slovenia,g13_00047_14.tif,6260316,6.661,1.5085,5.38
slovenia,g13_00047_14.tif,6260318,6.348,1.4053,5.89
slovenia,g13_00047_14.tif,6260349,1.637,1.5234,1.437
slovenia,g13_00047_14.tif,6272812,5.431,1.3509,4.413
slovenia,g13_00047_14.tif,6272859,0.786,0.9906,0.414
slovenia,g13_00047_14.tif,6468235,6.661,1.6528,6.26
slovenia,g13_00047_14.tif,6468239,6.24,1.6579,6.208
slovenia,g13_00047_14.tif,6468247,1.046,2.4156,0.757
slovenia,g13_00047_14.tif,6489321,1.046,1.9938,0.757
slovenia,g13_00047_14.tif,6519248,3.969,1.5701,2.999
slovenia,g13_00047_14.tif,6519249,5.819,1.0559,4.886
slovenia,g13_00047_14.tif,6519250,5.593,1.3313,3.725
slovenia,g13_00047_14.tif,6519251,5.408,1.9952,4.553
slovenia,g13_00047_14.tif,6519253,4.388,1.5827,3.807
slovenia,g13_00047_14.tif,6531802,2.912,1.1204,2.571
slovenia,g13_00047_14.tif,6531808,2.507,1.7699,1.927
slovenia,g13_00047_14.tif,6531860,4.388,1.2022,4.044
slovenia,g13_00047_14.tif,6534392,5.885,1.014,5.139
slovenia,g13_00047_14.tif,6535730,3.555,1.2188,2.571
slovenia,g13_00047_14.tif,6535731,3.049,1.6275,2.571
slovenia,g13_00047_14.tif,6535734,2.354,1.3874,1.927
slovenia,g13_00047_14.tif,6535741,2.507,1.4776,1.927
slovenia,g13_00047_14.tif,6535861,2.08,1.8016,1.927
slovenia,g13_00047_14.tif,6590038,2.912,1.7651,2.897
slovenia,g13_00047_14.tif,6590054,2.354,1.9726,2.069
slovenia,g13_00047_14.tif,6629370,3.744,1.3928,3.725
slovenia,g13_00047_14.tif,6653925,8.244,0.9815,7.738
slovenia,g13_00047_14.tif,6692523,1.987,0.9349,1.437
slovenia,g13_00047_14.tif,6734117,8.736,1.6966,8.539
slovenia,g13_00047_14.tif,6734121,2.912,1.4433,2.897
slovenia,g13_00047_14.tif,6752830,2.912,1.4499,2.897
slovenia,g13_00047_14.tif,6761820,1.046,1.0688,0.757
slovenia,g13_00047_14.tif,6761827,1.987,1.0342,1.242
slovenia,g13_00047_14.tif,6762064,2.912,1.4505,2.571
slovenia,g13_00047_14.tif,6762068,1.046,1.5634,0.757
slovenia,g13_00047_14.tif,6821039,10.532,1.4693,9.958
slovenia,g13_00047_14.tif,6854684,6.794,1.6933,4.553
slovenia,g13_00047_14.tif,6859712,4.388,2.1455,3.725
slovenia,g13_00047_14.tif,6859716,1.046,1.5765,0.757
slovenia,g13_00047_14.tif,6880789,6.348,1.816,5.89
slovenia,g13_00047_14.tif,6880802,0.786,1.0464,0.414
slovenia,g13_00047_14.tif,7007433,7.072,1.8319,6.051
slovenia,g13_00047_14.tif,7007434,4.462,1.8586,2.999
slovenia,g13_00047_14.tif,7007435,4.576,1.3461,4.044
slovenia,g13_00047_14.tif,7007436,7.449,1.4079,6.051
slovenia,g13_00047_14.tif,7007438,3.049,1.9693,2.069
slovenia,g13_00047_14.tif,7007439,3.689,1.4504,3.098
slovenia,g13_00047_14.tif,7007486,3.689,1.3914,2.897
slovenia,g13_00047_14.tif,7007487,3.689,1.2513,3.098
slovenia,g13_00047_14.tif,7078241,7.794,1.109,6.208
slovenia,g13_00047_15.tif,6107932,3.049,1.9309,2.204
slovenia,g13_00047_15.tif,6107933,7.072,1.7126,6.658
slovenia,g13_00047_15.tif,6235426,4.49,1.5008,3.288
slovenia,g13_00047_15.tif,6373169,5.0,0.9883,3.725
slovenia,g13_00047_15.tif,6414220,9.421,1.8366,7.738
slovenia,g13_00047_15.tif,6414223,5.0,1.7873,3.725
slovenia,g13_00047_15.tif,6414280,2.354,1.5156,1.927
slovenia,g13_00047_15.tif,6414303,2.354,1.7232,1.927
slovenia,g13_00047_15.tif,6414414,1.248,1.7878,1.242
slovenia,g13_00047_15.tif,6454218,3.189,1.9216,2.897
slovenia,g13_00047_15.tif,6514086,3.689,2.0222,2.999
slovenia,g13_00047_15.tif,6524559,4.388,1.4482,3.098
slovenia,g13_00047_15.tif,6687786,1.637,2.1641,1.437
slovenia,g13_00047_15.tif,6687787,1.987,1.9669,1.437
slovenia,g13_00047_15.tif,6849017,9.047,0.968,7.863
slovenia,g13_00047_15.tif,6849436,4.391,1.6243,2.897
slovenia,g13_00047_15.tif,6854684,2.912,1.0519,2.069
slovenia,g13_00047_15.tif,6854692,13.728,1.3107,12.002
slovenia,g13_00047_15.tif,6854702,10.399,1.5615,7.395
slovenia,g13_00047_15.tif,6854710,5.593,0.9519,3.725
slovenia,g13_00047_15.tif,6859711,7.396,2.6798,5.89
slovenia,g13_00047_15.tif,6859712,10.594,1.8762,7.439
slovenia,g13_00047_15.tif,6863071,6.794,1.7741,4.821
slovenia,g13_00047_15.tif,6951853,5.742,1.5756,4.413
slovenia,g13_00047_15.tif,6951861,5.408,1.7043,4.044
slovenia,g13_00047_15.tif,6951868,1.046,1.5419,0.757
slovenia,g13_00047_15.tif,6952080,3.049,2.071,2.204
slovenia,g13_00047_15.tif,7061127,2.08,1.6932,1.927
slovenia,g13_00047_15.tif,7061129,3.189,1.4021,2.069
slovenia,g13_00047_15.tif,7061138,1.046,2.0104,0.757
slovenia,g13_00047_16.tif,6107929,1.046,1.0594,0.757
slovenia,g13_00047_16.tif,6107932,0.416,2.2517,0.414
slovenia,g13_00047_16.tif,6107933,3.122,1.9243,2.897
slovenia,g13_00047_16.tif,6180276,3.689,2.2131,3.098
slovenia,g13_00047_16.tif,6180277,6.892,1.5817,5.139
slovenia,g13_00047_16.tif,6180281,1.248,1.7729,1.242
slovenia,g13_00047_16.tif,6180516,2.08,1.9644,1.927
slovenia,g13_00047_16.tif,6193777,6.892,2.0509,5.439
slovenia,g13_00047_16.tif,6197801,5.089,1.9857,3.725
slovenia,g13_00047_16.tif,6261016,3.555,2.0433,2.571
slovenia,g13_00047_16.tif,6272391,7.794,1.7557,5.89
slovenia,g13_00047_16.tif,6282451,1.046,1.1454,0.757
slovenia,g13_00047_16.tif,6282457,3.914,1.836,2.999
slovenia,g13_00047_16.tif,6349241,1.637,1.4803,1.437
slovenia,g13_00047_16.tif,6481665,5.089,2.2596,4.268
slovenia,g13_00047_16.tif,6669201,4.462,1.965,2.999
slovenia,g13_00047_16.tif,6669202,1.637,2.4099,1.437
slovenia,g13_00047_16.tif,6733739,1.046,1.7475,0.757
slovenia,g13_00047_16.tif,6799847,6.794,1.7559,5.139
slovenia,g13_00047_16.tif,6799854,3.122,1.121,2.999
slovenia,g13_00047_16.tif,6800509,5.885,1.1947,5.555
slovenia,g13_00047_16.tif,6944665,1.248,1.5002,1.242
slovenia,g13_00047_16.tif,6951203,2.127,1.3025,1.927
slovenia,g13_00047_16.tif,6963742,4.391,1.9722,2.897
slovenia,g13_00047_16.tif,6967114,4.671,1.5695,3.725
slovenia,g13_00047_16.tif,6967125,3.049,1.9516,2.069
slovenia,g13_00047_16.tif,7007098,6.24,1.6633,4.553
slovenia,g13_00047_16.tif,7061127,1.637,1.6569,1.437
slovenia,g13_00047_16.tif,7061128,2.354,2.1826,1.927
slovenia,g13_00049_6.tif,6131300,1.987,2.9325,1.242
slovenia,g13_00049_6.tif,6132744,4.671,3.11,3.725
slovenia,g13_00049_6.tif,6132745,2.127,2.8491,1.437
slovenia,g13_00049_6.tif,6132746,4.391,1.9805,2.897
slovenia,g13_00049_6.tif,6132764,0.786,3.8859,0.414
slovenia,g13_00049_6.tif,6132766,1.637,4.1371,1.242
slovenia,g13_00049_6.tif,6132792,0.786,2.248,0.414
slovenia,g13_00049_6.tif,6132795,1.046,2.3168,0.757
slovenia,g13_00049_6.tif,6245104,1.046,1.6846,0.757
slovenia,g13_00049_6.tif,6245105,5.742,1.942,4.413
slovenia,g13_00049_6.tif,6245107,5.593,1.2529,3.807
slovenia,g13_00049_6.tif,6249978,4.388,1.935,3.288
slovenia,g13_00049_6.tif,6249979,1.248,2.5566,1.242
slovenia,g13_00049_6.tif,6249980,5.125,1.8765,4.413
slovenia,g13_00049_6.tif,6249983,2.912,2.388,2.204
slovenia,g13_00049_6.tif,6250039,3.689,2.361,3.098
slovenia,g13_00049_6.tif,6250070,2.354,2.0898,1.927
slovenia,g13_00049_6.tif,6250100,1.046,2.5546,0.757
slovenia,g13_00049_6.tif,6344224,3.689,2.7781,3.288
slovenia,g13_00049_6.tif,6344227,4.462,3.6382,3.807
slovenia,g13_00049_6.tif,6344229,5.593,1.6842,3.725
slovenia,g13_00049_6.tif,6344234,1.046,2.2636,0.757
slovenia,g13_00049_6.tif,6344236,1.046,3.4315,0.757
slovenia,g13_00049_6.tif,6344313,1.248,3.2631,1.242
slovenia,g13_00049_6.tif,6344359,3.189,3.7034,2.069
slovenia,g13_00049_6.tif,6442944,8.244,1.9596,7.395
slovenia,g13_00049_6.tif,6442945,5.593,2.5997,3.725
slovenia,g13_00049_6.tif,6442946,1.248,2.1208,1.242
slovenia,g13_00049_6.tif,6442959,5.885,2.5835,5.439
slovenia,g13_00049_6.tif,6442967,3.914,3.0694,3.807
slovenia,g13_00049_6.tif,6442980,2.08,2.5085,2.069
slovenia,g13_00049_6.tif,6442982,1.248,2.2255,1.242
slovenia,g13_00049_6.tif,6442985,1.248,1.1921,1.242
slovenia,g13_00049_6.tif,6649709,7.996,2.1317,5.612
slovenia,g13_00049_6.tif,6649717,3.914,1.9638,3.807
slovenia,g13_00049_6.tif,6751240,0.786,3.5671,0.414
slovenia,g13_00049_6.tif,6770197,6.984,2.2204,5.139
slovenia,g13_00049_6.tif,6770204,7.904,2.863,7.036
slovenia,g13_00049_6.tif,6770212,7.168,1.7618,6.99
slovenia,g13_00049_6.tif,6770214,7.072,2.2113,7.036
slovenia,g13_00049_6.tif,6770228,1.248,2.2012,1.242
slovenia,g13_00049_6.tif,6770229,2.08,2.5361,2.069
slovenia,g13_00049_6.tif,6770282,5.885,2.929,5.439
slovenia,g13_00049_6.tif,6770298,5.531,1.9851,5.439
slovenia,g13_00049_6.tif,6770299,7.072,2.4123,7.036
slovenia,g13_00049_6.tif,6770300,9.516,3.6517,6.99
slovenia,g13_00049_6.tif,6866782,2.08,1.3521,1.927
slovenia,g13_00049_6.tif,7016556,7.794,2.2399,6.208
slovenia,g13_00049_6.tif,7016558,2.08,2.3822,1.927
slovenia,g13_00049_7.tif,6092740,4.49,1.512,3.288
slovenia,g13_00049_7.tif,6110234,2.507,2.766,1.927
slovenia,g13_00049_7.tif,6110236,2.507,1.6654,1.927
slovenia,g13_00049_7.tif,6110343,0.786,2.4654,0.414
slovenia,g13_00049_7.tif,6110348,3.189,2.1918,2.069
slovenia,g13_00049_7.tif,6110380,1.987,3.1557,1.242
slovenia,g13_00049_7.tif,6221412,4.391,1.7801,2.897
slovenia,g13_00049_7.tif,6221414,1.046,2.2018,0.757
slovenia,g13_00049_7.tif,6221416,3.555,1.1196,2.571
slovenia,g13_00049_7.tif,6221418,4.391,1.2377,2.999
slovenia,g13_00049_7.tif,6223332,4.391,3.0538,2.999
slovenia,g13_00049_7.tif,6252455,7.794,2.8676,6.99
slovenia,g13_00049_7.tif,6252459,5.089,2.5285,4.044
slovenia,g13_00049_7.tif,6252461,4.391,3.5012,2.897
slovenia,g13_00049_7.tif,6252523,0.786,2.4349,0.414
slovenia,g13_00049_7.tif,6264627,7.525,1.3758,6.051
slovenia,g13_00049_7.tif,6283035,1.637,2.3555,1.242
slovenia,g13_00049_7.tif,6327981,3.969,2.763,3.098
slovenia,g13_00049_7.tif,6327992,1.987,1.1577,1.437
slovenia,g13_00049_7.tif,6328106,1.637,3.2772,1.242
slovenia,g13_00049_7.tif,6341375,3.122,1.0772,2.897
slovenia,g13_00049_7.tif,6341390,6.794,2.2135,4.553
slovenia,g13_00049_7.tif,6344227,2.08,3.2933,1.927
slovenia,g13_00049_7.tif,6344359,3.689,3.5421,2.897
slovenia,g13_00049_7.tif,6380399,8.037,2.919,6.26
slovenia,g13_00049_7.tif,6380403,4.388,2.0697,3.725
slovenia,g13_00049_7.tif,6380405,6.984,1.8422,5.89
slovenia,g13_00049_7.tif,6380406,6.434,1.9673,5.439
slovenia,g13_00049_7.tif,6380407,4.388,2.6979,3.288
slovenia,g13_00049_7.tif,6380409,1.046,2.8152,0.757
slovenia,g13_00049_7.tif,6380411,2.08,1.8987,2.069
slovenia,g13_00049_7.tif,6398751,4.576,1.9401,3.725
slovenia,g13_00049_7.tif,6437936,3.189,2.4378,2.204
slovenia,g13_00049_7.tif,6562856,1.987,3.0002,1.242
slovenia,g13_00049_7.tif,6635606,3.189,3.5465,2.069
slovenia,g13_00049_7.tif,6649740,4.388,1.0182,3.725
slovenia,g13_00049_7.tif,6653561,14.752,2.8561,14.042
slovenia,g13_00049_7.tif,6653566,10.399,2.9999,7.395
slovenia,g13_00049_7.tif,6756601,1.637,2.8762,1.242
slovenia,g13_00049_7.tif,6756616,2.912,2.6336,2.897
slovenia,g13_00049_7.tif,6770204,2.912,3.0752,2.204
slovenia,g13_00049_7.tif,6770205,7.525,2.6702,5.38
slovenia,g13_00049_7.tif,6770206,6.892,2.9438,4.821
slovenia,g13_00049_7.tif,6770222,1.987,1.758,1.242
slovenia,g13_00049_7.tif,6770225,4.671,2.7651,3.725
slovenia,g13_00049_7.tif,6770232,4.576,3.0939,4.553
slovenia,g13_00049_7.tif,6770284,8.354,2.9141,7.036
slovenia,g13_00049_7.tif,6770292,12.896,2.0088,9.958
slovenia,g13_00049_7.tif,6774587,4.391,2.9267,2.897
slovenia,g13_00049_7.tif,6774588,5.941,1.8492,4.553
slovenia,g13_00049_7.tif,6774592,1.987,3.3878,1.242
slovenia,g13_00049_7.tif,6774593,4.391,1.5936,2.897
slovenia,g13_00049_7.tif,6774598,3.049,3.2168,2.571
slovenia,g13_00049_7.tif,6805398,8.244,3.7576,7.738
slovenia,g13_00049_7.tif,6823606,7.794,2.6625,6.61
slovenia,g13_00049_7.tif,6829264,8.244,1.3173,6.208
slovenia,g13_00049_7.tif,6860112,5.593,2.1282,4.044
slovenia,g13_00049_7.tif,6860115,3.189,2.9571,2.204
slovenia,g13_00049_7.tif,6862588,1.637,2.8318,1.437
slovenia,g13_00049_7.tif,6887688,8.159,3.3342,7.738
slovenia,g13_00049_7.tif,6894186,3.914,2.7707,3.725
slovenia,g13_00049_7.tif,7000878,6.453,3.2279,5.139
slovenia,g13_00049_7.tif,7034472,3.189,2.0743,2.069
slovenia,g13_00049_8.tif,6098023,3.049,1.1582,2.204
slovenia,g13_00049_8.tif,6110175,6.794,1.4054,5.439
slovenia,g13_00049_8.tif,6110177,4.388,2.1592,4.044
slovenia,g13_00049_8.tif,6110179,1.248,1.2522,1.242
slovenia,g13_00049_8.tif,6120224,12.185,1.3295,10.378
slovenia,g13_00049_8.tif,6120228,7.904,2.241,5.439
slovenia,g13_00049_8.tif,6176673,4.388,1.0954,4.044
slovenia,g13_00049_8.tif,6184806,7.449,1.8265,7.036
slovenia,g13_00049_8.tif,6184827,5.0,2.2817,3.725
slovenia,g13_00049_8.tif,6214880,3.744,1.8989,3.725
slovenia,g13_00049_8.tif,6214903,1.046,1.9309,0.757
slovenia,g13_00049_8.tif,6223341,3.689,1.1602,3.288
slovenia,g13_00049_8.tif,6232032,5.125,1.988,4.821
slovenia,g13_00049_8.tif,6252463,5.593,1.2439,3.807
slovenia,g13_00049_8.tif,6252465,2.354,1.7011,2.204
slovenia,g13_00049_8.tif,6253354,6.348,1.7077,5.89
slovenia,g13_00049_8.tif,6264621,5.742,1.4258,4.413
slovenia,g13_00049_8.tif,6264622,5.0,1.5834,3.725
slovenia,g13_00049_8.tif,6283032,9.568,2.0223,9.274
slovenia,g13_00049_8.tif,6283036,4.719,1.6074,4.413
slovenia,g13_00049_8.tif,6338362,6.794,1.7415,5.439
slovenia,g13_00049_8.tif,6339203,10.985,1.7418,10.056
slovenia,g13_00049_8.tif,6341388,2.507,1.8564,2.069
slovenia,g13_00049_8.tif,6341390,5.089,1.3502,4.044
slovenia,g13_00049_8.tif,6345597,0.416,1.1482,0.414
slovenia,g13_00049_8.tif,6345598,4.388,1.3977,3.288
slovenia,g13_00049_8.tif,6355204,6.434,1.0507,5.89
slovenia,g13_00049_8.tif,6374858,2.912,1.2006,2.897
slovenia,g13_00049_8.tif,6380397,4.388,1.4634,3.807
slovenia,g13_00049_8.tif,6380401,5.0,1.3053,4.044
slovenia,g13_00049_8.tif,6381093,12.858,2.1307,10.186
slovenia,g13_00049_8.tif,6397236,3.122,1.6053,2.999
slovenia,g13_00049_8.tif,6398006,4.719,1.3069,4.553
slovenia,g13_00049_8.tif,6398751,1.248,1.4925,1.242
slovenia,g13_00049_8.tif,6398754,3.049,1.0664,2.571
slovenia,g13_00049_8.tif,6412989,2.08,1.5347,2.069
slovenia,g13_00049_8.tif,6418525,0.786,1.44,0.414
slovenia,g13_00049_8.tif,6418526,4.391,1.3846,2.897
slovenia,g13_00049_8.tif,6418528,1.046,1.6237,0.757
slovenia,g13_00049_8.tif,6418673,1.987,1.2074,1.437
slovenia,g13_00049_8.tif,6418685,0.786,1.6831,0.414
slovenia,g13_00049_8.tif,6430631,3.744,1.1364,3.725
slovenia,g13_00049_8.tif,6455753,3.049,1.4609,2.897
slovenia,g13_00049_8.tif,6494093,3.914,1.3831,3.725
slovenia,g13_00049_8.tif,6494119,2.08,1.0299,1.927
slovenia,g13_00049_8.tif,6494186,0.416,0.7838,0.414
slovenia,g13_00049_8.tif,6592376,5.593,1.8942,4.044
slovenia,g13_00049_8.tif,6613319,12.597,1.8624,8.84
slovenia,g13_00049_8.tif,6615615,6.434,2.0491,5.439
slovenia,g13_00049_8.tif,6615616,9.047,1.8443,8.108
slovenia,g13_00049_8.tif,6670159,2.127,1.389,1.927
slovenia,g13_00049_8.tif,6670162,3.689,1.1665,2.999
slovenia,g13_00049_8.tif,6670180,5.742,1.5006,4.413
slovenia,g13_00049_8.tif,6670519,1.046,1.6313,0.757
slovenia,g13_00049_8.tif,6670537,2.507,1.061,1.927
slovenia,g13_00049_8.tif,6689559,7.794,1.599,6.99
slovenia,g13_00049_8.tif,6710357,3.122,2.7853,2.999
slovenia,g13_00049_8.tif,6710358,2.08,2.0477,2.069
slovenia,g13_00049_8.tif,6710363,5.408,1.6586,5.38
slovenia,g13_00049_8.tif,6710364,4.391,2.0297,2.999
slovenia,g13_00049_8.tif,6713642,6.24,1.6274,5.612
slovenia,g13_00049_8.tif,6751246,17.677,1.7559,12.856
slovenia,g13_00049_8.tif,6770213,5.65,1.9622,3.807
slovenia,g13_00049_8.tif,6770233,6.348,0.9229,5.89
slovenia,g13_00049_8.tif,6770292,18.799,2.2542,14.983
slovenia,g13_00049_8.tif,6805403,2.08,1.9985,2.069
slovenia,g13_00049_8.tif,6823598,4.576,1.8777,4.553
slovenia,g13_00049_8.tif,6823613,5.742,2.3363,4.886
slovenia,g13_00049_8.tif,6823614,1.637,0.9825,1.437
slovenia,g13_00049_8.tif,6841824,3.744,1.5659,3.288
slovenia,g13_00049_8.tif,6841834,3.189,1.2805,2.999
slovenia,g13_00049_8.tif,6841843,5.408,1.9692,5.38
slovenia,g13_00049_8.tif,6860114,3.122,1.3583,2.999
slovenia,g13_00049_8.tif,6894168,6.348,1.4882,6.26
slovenia,g13_00049_8.tif,6894186,2.08,1.2747,1.927
slovenia,g13_00049_8.tif,6897698,4.576,2.3389,4.553
slovenia,g13_00049_8.tif,6897700,3.555,1.9666,2.571
slovenia,g13_00049_8.tif,6897721,6.514,2.2475,5.555
slovenia,g13_00049_8.tif,6899693,5.885,1.7179,5.612
slovenia,g13_00049_8.tif,6906333,15.393,1.5026,12.002
slovenia,g13_00049_8.tif,6906421,6.661,1.3629,5.89
slovenia,g13_00049_8.tif,6906422,4.576,1.9299,4.413
slovenia,g13_00049_8.tif,6997569,7.449,3.0137,7.217
slovenia,g13_00049_8.tif,6997572,8.853,1.9443,6.658
slovenia,g13_00049_8.tif,6997575,3.744,1.0693,2.897
slovenia,g13_00049_8.tif,6997584,3.049,2.1131,2.897
slovenia,g13_00049_8.tif,7000868,3.744,1.7566,3.725
slovenia,g13_00050_7.tif,6128080,5.592,0.8236,4.268
slovenia,g13_00050_7.tif,6128102,6.435,0.8868,4.886
slovenia,g13_00050_7.tif,6396835,2.127,0.8861,1.437
slovenia,g13_00050_7.tif,6460493,5.743,1.7665,4.821
slovenia,g13_00050_7.tif,6467981,4.671,0.8347,3.725
slovenia,g13_00050_7.tif,6467982,1.046,0.4152,0.757
slovenia,g13_00050_7.tif,6467985,1.248,1.0846,1.242
slovenia,g13_00050_7.tif,6467986,4.577,1.5659,4.413
slovenia,g13_00050_7.tif,6484282,1.248,1.1031,1.242
slovenia,g13_00050_7.tif,6484421,9.758,1.5372,7.036
slovenia,g13_00050_7.tif,6484482,5.592,1.3056,3.725
slovenia,g13_00050_7.tif,6484509,1.987,1.5089,1.242
slovenia,g13_00050_7.tif,6498496,11.78,1.123,10.691
slovenia,g13_00050_7.tif,6534390,3.284,1.0072,2.204
slovenia,g13_00050_7.tif,6534401,8.246,1.256,6.26
slovenia,g13_00050_7.tif,6534402,4.389,0.6256,4.044
slovenia,g13_00050_7.tif,6591771,3.555,1.2625,2.571
slovenia,g13_00050_7.tif,6591772,1.046,1.2533,0.757
slovenia,g13_00050_7.tif,6597015,1.637,1.7109,1.242
slovenia,g13_00050_7.tif,6619656,9.186,1.1135,7.78
slovenia,g13_00050_7.tif,6629370,2.913,1.6109,2.204
slovenia,g13_00050_7.tif,6629371,2.081,2.3406,1.927
slovenia,g13_00050_7.tif,6678677,9.049,1.8861,8.385
slovenia,g13_00050_7.tif,6692523,4.491,0.6152,3.725
slovenia,g13_00050_7.tif,6758748,4.491,1.2437,3.288
slovenia,g13_00050_7.tif,6854676,21.812,1.0469,17.047
slovenia,g13_00050_7.tif,6854677,6.242,0.8371,5.38
slovenia,g13_00050_7.tif,6854684,20.013,0.924,14.849
slovenia,g13_00050_7.tif,6854704,11.902,1.2378,10.691
slovenia,g13_00050_7.tif,6854705,7.074,0.9681,6.412
slovenia,g13_00050_7.tif,7078241,9.186,1.6428,7.217
slovenia,g13_00050_7.tif,7079352,8.354,1.1173,6.61
slovenia,g13_00050_8.tif,6123472,2.355,0.6322,2.204
slovenia,g13_00050_8.tif,6194605,1.987,1.244,1.242
slovenia,g13_00050_8.tif,6519254,2.081,0.4908,1.927
slovenia,g13_00050_8.tif,6549572,6.435,1.2029,5.555
slovenia,g13_00050_8.tif,6854676,13.286,0.7846,12.463
slovenia,g13_00050_8.tif,6854677,4.462,0.504,3.288
slovenia,g13_00050_8.tif,6854684,10.667,0.7404,10.347
slovenia,g13_00050_8.tif,6854688,16.401,1.1213,14.804
slovenia,g13_00050_8.tif,6854692,10.988,0.7315,9.958
slovenia,g13_00050_8.tif,6854695,18.741,0.8376,16.141
slovenia,g13_00050_8.tif,6854703,13.754,0.6909,11.174
slovenia,g13_00050_8.tif,6854705,7.074,0.9799,6.412
slovenia,g13_00050_8.tif,6854706,6.893,0.8074,5.139
slovenia,g13_00050_8.tif,6854707,7.45,1.1548,5.89
slovenia,g13_00050_8.tif,6854708,4.391,0.8317,2.897
slovenia,g13_00050_8.tif,7017161,1.046,0.6246,0.757
slovenia,g13_00050_9.tif,6083760,1.987,0.8734,1.242
slovenia,g13_00050_9.tif,6084863,1.987,1.4208,1.242
slovenia,g13_00050_9.tif,6084865,2.913,1.785,2.897
slovenia,g13_00050_9.tif,6127129,1.987,2.5571,1.242
slovenia,g13_00050_9.tif,6184396,1.987,1.3625,1.242
slovenia,g13_00050_9.tif,6249710,1.987,1.6212,1.242
slovenia,g13_00050_9.tif,6255363,1.987,0.65,1.242
slovenia,g13_00050_9.tif,6267715,2.355,0.8633,1.927
slovenia,g13_00050_9.tif,6267718,2.127,1.297,2.069
slovenia,g13_00050_9.tif,6276533,1.046,1.2489,0.757
slovenia,g13_00050_9.tif,6306413,2.127,1.0126,1.437
slovenia,g13_00050_9.tif,6327072,9.049,1.6368,6.208
slovenia,g13_00050_9.tif,6327075,1.987,0.7718,1.242
slovenia,g13_00050_9.tif,6346067,3.915,1.2371,3.807
slovenia,g13_00050_9.tif,6349551,4.391,0.8464,2.897
slovenia,g13_00050_9.tif,6349659,3.189,0.7545,2.069
slovenia,g13_00050_9.tif,6371584,3.189,0.6606,2.069
slovenia,g13_00050_9.tif,6371585,4.391,1.1735,2.897
slovenia,g13_00050_9.tif,6371595,6.242,1.3494,5.89
slovenia,g13_00050_9.tif,6375906,2.355,0.9551,2.204
slovenia,g13_00050_9.tif,6418055,3.969,1.1073,2.897
slovenia,g13_00050_9.tif,6418056,3.189,1.1028,2.069
slovenia,g13_00050_9.tif,6418062,3.189,1.6931,2.069
slovenia,g13_00050_9.tif,6452170,2.913,1.3051,2.897
slovenia,g13_00050_9.tif,6452354,1.987,0.9074,1.242
slovenia,g13_00050_9.tif,6524874,1.637,1.3053,1.242
slovenia,g13_00050_9.tif,6542721,1.637,1.2347,1.242
slovenia,g13_00050_9.tif,6542723,3.745,0.8976,2.897
slovenia,g13_00050_9.tif,6549571,5.592,1.4633,3.725
slovenia,g13_00050_9.tif,6549576,6.984,1.2506,5.38
slovenia,g13_00050_9.tif,6550113,11.235,1.2942,11.174
slovenia,g13_00050_9.tif,6550140,9.516,2.1223,6.658
slovenia,g13_00050_9.tif,6733249,3.69,1.4275,2.999
slovenia,g13_00050_9.tif,6777712,3.745,1.0901,3.725
slovenia,g13_00050_9.tif,6788105,6.453,1.6927,4.553
slovenia,g13_00050_9.tif,6803791,9.049,1.4269,6.412
slovenia,g13_00050_9.tif,6815062,1.987,0.6675,1.242
slovenia,g13_00050_9.tif,6821052,1.987,1.2545,1.242
slovenia,g13_00050_9.tif,6836771,1.987,0.9011,1.242
slovenia,g13_00050_9.tif,6880796,1.987,0.9807,1.242
slovenia,g13_00050_9.tif,6880901,6.984,0.9503,5.89
slovenia,g13_00050_9.tif,6880906,10.417,1.1617,7.863
slovenia,g13_00050_9.tif,6913253,1.987,0.8037,1.242
slovenia,g13_00050_9.tif,6969957,1.637,0.9955,1.437
slovenia,g13_00050_9.tif,6974298,1.248,2.6674,1.242
slovenia,g13_00050_9.tif,6974300,1.248,2.6181,1.242
slovenia,g13_00050_9.tif,6974305,3.049,1.6258,2.204
slovenia,g13_00050_9.tif,6974307,1.987,0.7421,1.242
slovenia,g13_00050_9.tif,6974345,5.592,2.3355,3.725
slovenia,g13_00050_9.tif,7016232,16.408,1.7882,12.002
slovenia,g13_00050_9.tif,7047109,10.403,1.7549,8.691
slovenia,g13_00051_18.tif,6182094,10.825,1.9888,8.951
slovenia,g13_00051_18.tif,6182096,8.354,2.3165,6.051
slovenia,g13_00051_18.tif,6182097,2.127,2.9148,1.927
slovenia,g13_00051_18.tif,6196446,6.453,1.7326,5.612
slovenia,g13_00051_18.tif,6230967,6.453,1.7779,5.439
slovenia,g13_00051_18.tif,6230968,3.69,2.8888,2.999
slovenia,g13_00051_18.tif,6230978,3.69,2.0306,2.999
slovenia,g13_00051_18.tif,6339205,7.896,2.1315,6.99
slovenia,g13_00051_18.tif,6380410,2.081,1.5868,2.069
slovenia,g13_00051_18.tif,6381099,6.453,2.4909,4.886
slovenia,g13_00051_18.tif,6392095,7.996,1.797,5.439
slovenia,g13_00051_18.tif,6392096,3.69,1.937,2.897
slovenia,g13_00051_18.tif,6435532,2.507,1.3387,1.927
slovenia,g13_00051_18.tif,6435607,3.555,1.72,2.571
slovenia,g13_00051_18.tif,6442942,3.189,1.5389,2.069
slovenia,g13_00051_18.tif,6442949,7.996,2.6135,5.38
slovenia,g13_00051_18.tif,6442971,5.431,1.9325,3.725
slovenia,g13_00051_18.tif,6580294,1.248,1.1883,1.242
slovenia,g13_00051_18.tif,6740436,11.235,1.9435,9.519
slovenia,g13_00051_18.tif,6770197,7.996,2.1429,5.38
slovenia,g13_00051_18.tif,6770198,12.9,3.5447,9.519
slovenia,g13_00051_18.tif,6770207,7.906,2.0428,7.036
slovenia,g13_00051_18.tif,6770211,5.743,2.5425,5.139
slovenia,g13_00051_18.tif,6770219,1.046,1.433,0.757
slovenia,g13_00051_18.tif,6770226,4.389,1.3022,3.725
slovenia,g13_00051_18.tif,6774586,6.435,3.0085,5.439
slovenia,g13_00051_18.tif,6774595,5.126,2.0851,4.044
slovenia,g13_00051_18.tif,7000827,13.379,2.6419,12.194
slovenia,g13_00051_18.tif,7000892,3.745,1.4372,3.725
slovenia,g13_00051_18.tif,7016546,4.462,2.0939,2.999
slovenia,g13_00051_18.tif,7016549,0.786,2.9341,0.414
slovenia,g13_00051_18.tif,7016556,1.987,2.2405,1.242
slovenia,g13_00051_18.tif,7041632,6.893,1.5275,5.439
slovenia,g13_00051_18.tif,7049823,6.515,1.6946,5.439
slovenia,g13_00051_18.tif,7049826,6.435,1.8307,4.821
slovenia,g13_00051_18.tif,7052350,4.391,1.7522,2.897
slovenia,g13_00051_18.tif,7052415,1.987,2.0999,1.242
slovenia,g13_00052_0.tif,6087986,1.248,2.4788,1.242
slovenia,g13_00052_0.tif,6182091,8.484,2.1093,7.738
slovenia,g13_00052_0.tif,6182098,9.198,1.4377,6.61
slovenia,g13_00052_0.tif,6190797,0.416,1.2241,0.414
slovenia,g13_00052_0.tif,6190799,3.969,1.7844,2.999
slovenia,g13_00052_0.tif,6190800,1.248,1.154,1.242
slovenia,g13_00052_0.tif,6190801,7.953,2.0533,5.89
slovenia,g13_00052_0.tif,6190803,5.09,2.1395,4.044
slovenia,g13_00052_0.tif,6217734,11.771,1.6274,9.274
slovenia,g13_00052_0.tif,6226250,3.969,2.0097,2.897
slovenia,g13_00052_0.tif,6296607,6.349,1.6864,5.89
slovenia,g13_00052_0.tif,6327992,1.248,1.1036,1.242
slovenia,g13_00052_0.tif,6341375,2.355,0.8782,2.069
slovenia,g13_00052_0.tif,6380403,3.969,1.3057,2.897
slovenia,g13_00052_0.tif,6649705,10.667,2.3505,8.228
slovenia,g13_00052_0.tif,6649736,4.389,1.0509,3.725
slovenia,g13_00052_0.tif,6649740,2.913,0.8268,2.897
slovenia,g13_00052_0.tif,6740436,3.69,2.174,3.098
slovenia,g13_00052_0.tif,6770195,12.859,2.7918,9.519
slovenia,g13_00052_0.tif,6770222,1.987,1.6496,1.242
slovenia,g13_00052_0.tif,6770238,12.016,2.0909,8.691
slovenia,g13_00052_0.tif,6770239,9.186,2.7247,7.217
slovenia,g13_00052_0.tif,6774587,1.987,2.644,1.242
slovenia,g13_00052_0.tif,6774589,4.391,1.8112,2.897
slovenia,g13_00052_0.tif,6774591,3.284,2.2646,2.204
slovenia,g13_00052_0.tif,6803761,4.491,1.9179,3.725
slovenia,g13_00052_0.tif,6829264,5.09,0.9547,3.807
slovenia,g13_00052_0.tif,6860113,4.389,1.4703,4.044
slovenia,g13_00052_0.tif,6873366,5.743,1.812,5.38
slovenia,g13_00052_0.tif,7000847,9.366,2.1456,7.395
slovenia,g13_00052_0.tif,7000892,4.671,1.2264,4.268
slovenia,g13_00052_0.tif,7034472,9.186,1.5315,7.217
slovenia,g13_00052_0.tif,7038771,5.819,1.622,4.413
slovenia,g13_00052_0.tif,7038772,11.771,1.6787,9.553
slovenia,g13_00052_0.tif,7038773,6.842,1.836,5.38
slovenia,g13_00052_0.tif,7038774,6.349,2.0142,4.886
slovenia,g13_00052_0.tif,7038775,4.491,1.8114,3.725
slovenia,g13_00052_0.tif,7038776,1.637,2.1576,1.242
slovenia,g13_00052_1.tif,6190469,1.248,2.0755,1.242
slovenia,g13_00052_1.tif,6190470,7.074,1.6328,6.26
slovenia,g13_00052_1.tif,6190471,5.592,1.5079,3.807
slovenia,g13_00052_1.tif,6190474,11.172,1.4023,8.84
slovenia,g13_00052_1.tif,6190475,4.389,1.4816,3.725
slovenia,g13_00052_1.tif,6190796,13.231,1.7881,9.825
slovenia,g13_00052_1.tif,6190797,7.796,1.4479,6.412
slovenia,g13_00052_1.tif,6190799,6.662,1.3929,5.89
slovenia,g13_00052_1.tif,6190800,3.969,1.1429,2.897
slovenia,g13_00052_1.tif,6190801,2.913,1.7431,2.571
slovenia,g13_00052_1.tif,6190803,2.507,2.4618,2.069
slovenia,g13_00052_1.tif,6194785,8.739,0.9681,7.036
slovenia,g13_00052_1.tif,6196445,10.847,1.5663,8.539
slovenia,g13_00052_1.tif,6264619,1.248,1.7282,1.242
slovenia,g13_00052_1.tif,6264621,7.909,1.1554,5.89
slovenia,g13_00052_1.tif,6296608,1.248,0.9247,1.242
slovenia,g13_00052_1.tif,6414261,3.123,1.5238,2.897
slovenia,g13_00052_1.tif,6418525,1.987,1.3862,1.242
slovenia,g13_00052_1.tif,6418526,1.046,2.2533,0.757
slovenia,g13_00052_1.tif,6897617,4.72,1.0238,4.044
slovenia,g13_00052_1.tif,6897709,4.391,1.6515,3.725
slovenia,g13_00052_1.tif,6997566,9.816,1.4848,7.439
slovenia,g13_00052_1.tif,7038773,1.987,0.9737,1.242
slovenia,g13_00053_0.tif,6971221,6.436,1.8112,5.439
slovenia,g13_00053_0.tif,6980488,5.411,1.6217,4.413
slovenia,g13_00053_0.tif,7047120,1.249,1.7355,1.242
slovenia,g13_00053_1.tif,6160273,1.046,1.289,0.757
slovenia,g13_00053_1.tif,6165943,1.987,1.6063,1.242
slovenia,g13_00053_1.tif,6421433,5.592,1.7153,3.807
slovenia,g13_00053_1.tif,6421438,0.416,0.9443,0.414
slovenia,g13_00053_1.tif,6421450,3.05,1.3528,2.069
slovenia,g13_00053_1.tif,6421451,2.914,1.4442,2.204
slovenia,g13_00053_1.tif,6421553,5.592,1.6591,4.886
slovenia,g13_00053_1.tif,6615155,1.046,0.8178,0.757
slovenia,g13_00053_1.tif,6615156,5.819,1.8819,4.044
slovenia,g13_00053_1.tif,6971221,6.243,1.1886,5.439
slovenia,g13_00053_1.tif,6993334,10.399,1.3643,7.738
slovenia,g13_00053_2.tif,6132336,2.914,1.1105,2.897
slovenia,g13_00053_2.tif,6132337,5.001,1.3949,3.725
slovenia,g13_00053_2.tif,6140907,7.076,0.9468,6.658
slovenia,g13_00053_2.tif,6149368,2.127,1.4977,1.437
slovenia,g13_00053_2.tif,6149370,1.046,2.9111,0.757
slovenia,g13_00053_2.tif,6149372,1.637,2.3757,1.242
slovenia,g13_00053_2.tif,6160265,3.69,2.3673,2.999
slovenia,g13_00053_2.tif,6160277,6.984,2.8241,5.38
slovenia,g13_00053_2.tif,6160281,2.914,0.9289,2.571
slovenia,g13_00053_2.tif,6160291,4.462,1.4846,2.999
slovenia,g13_00053_2.tif,6187098,2.127,1.3336,1.437
slovenia,g13_00053_2.tif,6187099,1.637,1.659,1.242
slovenia,g13_00053_2.tif,6187100,2.127,1.6538,1.437
slovenia,g13_00053_2.tif,6187104,1.046,1.3593,0.757
slovenia,g13_00053_2.tif,6194610,2.127,1.4783,1.437
slovenia,g13_00053_2.tif,6211547,5.819,1.9002,4.268
slovenia,g13_00053_2.tif,6211551,2.508,2.4438,1.927
slovenia,g13_00053_2.tif,6211553,2.127,1.6516,1.437
slovenia,g13_00053_2.tif,6276533,9.425,1.7187,8.228
slovenia,g13_00053_2.tif,6281545,3.916,1.2725,3.725
slovenia,g13_00053_2.tif,6290650,3.189,0.7907,2.069
slovenia,g13_00053_2.tif,6290654,3.284,1.144,2.204
slovenia,g13_00053_2.tif,6300983,1.046,1.8609,0.757
slovenia,g13_00053_2.tif,6306408,6.794,1.6969,4.886
slovenia,g13_00053_2.tif,6319440,3.189,1.0838,2.069
slovenia,g13_00053_2.tif,6319490,3.969,1.1344,2.897
slovenia,g13_00053_2.tif,6320537,8.359,1.6861,6.26
slovenia,g13_00053_2.tif,6320538,2.508,1.6187,1.927
slovenia,g13_00053_2.tif,6340045,3.916,1.2251,3.725
slovenia,g13_00053_2.tif,6340053,3.555,1.0749,2.571
slovenia,g13_00053_2.tif,6350851,3.124,2.1314,2.204
slovenia,g13_00053_2.tif,6350859,7.526,1.5316,5.38
slovenia,g13_00053_2.tif,6350862,9.858,1.5514,8.385
slovenia,g13_00053_2.tif,6350868,3.746,1.5863,2.897
slovenia,g13_00053_2.tif,6350914,1.249,0.8786,1.242
slovenia,g13_00053_2.tif,6371592,5.592,1.1806,3.725
slovenia,g13_00053_2.tif,6371614,4.491,1.248,3.288
slovenia,g13_00053_2.tif,6371622,6.893,1.5214,4.821
slovenia,g13_00053_2.tif,6410810,5.127,0.8114,4.821
slovenia,g13_00053_2.tif,6413043,3.969,1.5036,3.098
slovenia,g13_00053_2.tif,6413045,3.05,1.7526,2.069
slovenia,g13_00053_2.tif,6413048,3.05,1.9409,2.204
slovenia,g13_00053_2.tif,6413049,3.05,1.8749,2.069
slovenia,g13_00053_2.tif,6413051,4.671,1.3269,3.288
slovenia,g13_00053_2.tif,6417241,2.127,2.1264,1.437
slovenia,g13_00053_2.tif,6418200,1.046,1.6422,0.757
slovenia,g13_00053_2.tif,6421431,5.592,1.5411,3.725
slovenia,g13_00053_2.tif,6421433,2.914,1.4988,2.897
slovenia,g13_00053_2.tif,6421434,6.091,1.7301,4.413
slovenia,g13_00053_2.tif,6421437,2.081,1.0985,2.069
slovenia,g13_00053_2.tif,6421440,2.127,1.5184,1.437
slovenia,g13_00053_2.tif,6421451,1.046,2.2369,0.757
slovenia,g13_00053_2.tif,6426493,1.046,1.1629,0.757
slovenia,g13_00053_2.tif,6426517,1.046,1.207,0.757
slovenia,g13_00053_2.tif,6437466,1.046,1.7376,0.757
slovenia,g13_00053_2.tif,6437839,1.987,1.4794,1.242
slovenia,g13_00053_2.tif,6464992,1.249,1.638,1.242
slovenia,g13_00053_2.tif,6465006,1.249,1.8658,1.242
slovenia,g13_00053_2.tif,6465105,3.189,1.9705,2.069
slovenia,g13_00053_2.tif,6469706,3.284,1.3992,2.204
slovenia,g13_00053_2.tif,6551690,10.669,0.7765,10.056
slovenia,g13_00053_2.tif,6614064,7.996,1.403,5.439
slovenia,g13_00053_2.tif,6614068,7.172,1.7109,5.38
slovenia,g13_00053_2.tif,6615156,2.081,1.9661,1.927
slovenia,g13_00053_2.tif,6654894,2.508,1.865,1.927
slovenia,g13_00053_2.tif,6678697,1.637,0.6494,1.437
slovenia,g13_00053_2.tif,6733237,2.127,1.5935,1.437
slovenia,g13_00053_2.tif,6733240,3.189,2.3227,2.204
slovenia,g13_00053_2.tif,6733245,1.637,1.0406,1.242
slovenia,g13_00053_2.tif,6733250,1.987,1.8912,1.437
slovenia,g13_00053_2.tif,6736343,0.416,1.941,0.414
slovenia,g13_00053_2.tif,6736390,1.046,1.9573,0.757
slovenia,g13_00053_2.tif,6741496,2.127,1.1468,1.437
slovenia,g13_00053_2.tif,6755862,3.124,1.6292,2.999
slovenia,g13_00053_2.tif,6755890,5.592,1.0974,3.725
slovenia,g13_00053_2.tif,6780862,1.249,0.9048,1.242
slovenia,g13_00053_2.tif,6788115,4.462,1.162,2.999
slovenia,g13_00053_2.tif,6788124,1.637,1.1264,1.437
slovenia,g13_00053_2.tif,6808345,1.046,1.1403,0.757
slovenia,g13_00053_2.tif,6845777,3.916,1.732,3.807
slovenia,g13_00053_2.tif,6849279,6.453,1.7279,4.553
slovenia,g13_00053_2.tif,6882769,5.534,1.1729,5.439
slovenia,g13_00053_2.tif,6940497,1.987,1.6245,1.242
slovenia,g13_00053_2.tif,6974301,12.071,2.3347,9.274
slovenia,g13_00053_2.tif,6975171,4.391,1.2628,2.897
slovenia,g13_00053_2.tif,6975172,5.887,2.1777,5.612
slovenia,g13_00053_2.tif,6975174,7.452,0.8966,5.38
slovenia,g13_00053_2.tif,6975182,1.987,1.6998,1.242
slovenia,g13_00053_2.tif,6975184,1.987,2.4157,1.242
slovenia,g13_00053_2.tif,6975185,3.555,1.3141,2.571
slovenia,g13_00053_2.tif,6993334,2.355,1.4683,2.069
slovenia,g13_00053_2.tif,6998388,2.914,2.3109,2.571
slovenia,g13_00053_2.tif,6998391,1.046,1.8835,0.757
slovenia,g13_00053_2.tif,7005593,4.391,1.9612,2.999
slovenia,g13_00053_2.tif,7011682,5.592,1.371,3.725
slovenia,g13_00053_2.tif,7011772,6.794,1.893,4.553
slovenia,g13_00053_2.tif,7012517,2.081,0.9053,1.927
slovenia,g13_00053_2.tif,7022705,1.249,0.9815,1.242
slovenia,g13_00053_2.tif,7047113,6.794,2.3534,4.621
slovenia,g13_00054_11.tif,6103823,2.127,1.839,1.437
slovenia,g13_00054_11.tif,6103824,2.355,2.1046,2.204
slovenia,g13_00054_11.tif,6111508,3.69,2.1737,2.897
slovenia,g13_00054_11.tif,6427251,2.081,1.3557,1.927
slovenia,g13_00054_11.tif,6441353,2.127,1.9467,1.437
slovenia,g13_00054_11.tif,6441354,2.355,1.1503,1.927
slovenia,g13_00054_11.tif,6451937,1.637,2.0609,1.242
slovenia,g13_00054_11.tif,6608299,2.081,2.0205,1.927
slovenia,g13_00054_11.tif,6608300,1.249,2.2522,1.242
slovenia,g13_00054_11.tif,6813501,3.124,1.5944,2.999
slovenia,g13_00054_11.tif,6875007,2.914,2.0289,2.571
slovenia,g13_00054_11.tif,7049821,4.671,1.5127,3.725
slovenia,g13_00054_12.tif,6142558,4.391,1.3854,3.288
slovenia,g13_00054_12.tif,6568474,17.898,1.804,14.042
slovenia,g13_00054_12.tif,6568478,7.452,1.5336,6.658
slovenia,g13_00054_12.tif,7049813,14.529,1.6068,13.658
slovenia,g13_00054_12.tif,7049821,2.081,1.1709,2.069
slovenia,g13_00054_12.tif,7049827,6.516,1.26,6.208
slovenia,g13_00054_12.tif,7049828,5.411,1.437,4.413
slovenia,g13_00054_13.tif,6135408,2.508,1.3636,1.927
slovenia,g13_00054_13.tif,6167515,3.916,1.2016,3.725
slovenia,g13_00054_13.tif,6178146,2.355,1.4054,1.927
slovenia,g13_00054_13.tif,6178147,1.987,2.1654,1.242
slovenia,g13_00054_13.tif,6190471,8.631,1.0296,6.208
slovenia,g13_00054_13.tif,6194785,9.196,1.4954,7.905
slovenia,g13_00054_13.tif,6194786,5.942,1.2454,4.821
slovenia,g13_00054_13.tif,6196445,1.987,1.2306,1.242
slovenia,g13_00054_13.tif,6217500,4.391,1.1891,2.897
slovenia,g13_00054_13.tif,6286401,2.355,1.54,1.927
slovenia,g13_00054_13.tif,6309889,3.05,1.3584,2.204
slovenia,g13_00054_13.tif,6311352,5.887,1.5955,4.821
slovenia,g13_00054_13.tif,6372948,1.249,2.2445,1.242
slovenia,g13_00054_13.tif,6375658,2.127,1.1027,1.437
slovenia,g13_00054_13.tif,6403025,2.355,1.6276,2.069
slovenia,g13_00054_13.tif,6637341,2.127,1.589,1.437
slovenia,g13_00054_13.tif,6661966,2.508,1.5149,1.927
slovenia,g13_00054_13.tif,6661968,1.249,0.8735,1.242
slovenia,g13_00054_13.tif,6661977,6.984,1.6111,5.139
slovenia,g13_00054_13.tif,6661978,3.555,1.9503,2.897
slovenia,g13_00054_13.tif,6809526,2.127,1.4581,1.927
slovenia,g13_00054_13.tif,6952881,1.637,1.9855,1.242
slovenia,g13_00054_13.tif,6952890,2.127,1.7623,1.437
slovenia,g13_00054_13.tif,6979565,1.046,0.7974,0.757
slovenia,g13_00054_13.tif,6997566,2.081,1.7695,1.927
slovenia,g13_00054_13.tif,7024571,3.05,1.0869,2.204
slovenia,g6_00003_14.tif,6099948,0.775,1.5243,0.414
slovenia,g6_00003_14.tif,6168187,2.362,2.8131,1.927
slovenia,g6_00003_14.tif,6168188,1.039,1.8268,0.757
slovenia,g6_00003_14.tif,6186686,1.638,1.7273,1.242
slovenia,g6_00003_14.tif,6200892,2.497,2.2817,1.927
slovenia,g6_00003_14.tif,6200955,2.497,1.5963,1.927
slovenia,g6_00003_14.tif,6664380,2.362,2.138,1.927
slovenia,g6_00003_14.tif,6664390,1.039,2.5636,0.757
slovenia,g6_00003_14.tif,6972917,2.362,1.4626,1.927
slovenia,g6_00003_15.tif,6099794,1.039,1.4275,0.757
slovenia,g6_00003_15.tif,6099798,1.638,2.0518,1.437
slovenia,g6_00003_15.tif,6099924,3.136,1.9115,2.999
slovenia,g6_00003_15.tif,6099948,0.775,1.9703,0.414
slovenia,g6_00003_15.tif,6168187,0.775,2.873,0.414
slovenia,g6_00003_15.tif,6186661,4.743,2.2922,4.268
slovenia,g6_00003_15.tif,6186676,2.497,2.8412,2.069
slovenia,g6_00003_15.tif,6186686,1.638,1.8654,1.242
slovenia,g6_00003_15.tif,6186907,1.969,1.3906,1.242
slovenia,g6_00003_15.tif,6200892,2.497,2.4346,1.927
slovenia,g6_00003_15.tif,6200955,2.497,2.1247,1.927
slovenia,g6_00003_15.tif,6249988,1.255,2.5969,1.242
slovenia,g6_00003_15.tif,6366021,2.092,1.2033,1.437
slovenia,g6_00003_15.tif,6659154,1.638,1.6733,1.242
slovenia,g6_00003_15.tif,6860169,1.039,1.2876,0.757
slovenia,g6_00003_15.tif,6860170,3.694,1.384,2.897
slovenia,g6_00003_15.tif,6860171,1.969,1.3514,1.242
slovenia,g6_00003_15.tif,7021036,3.535,0.6023,2.571
slovenia,g6_00003_15.tif,7021046,1.255,2.6168,1.242
slovenia,g6_00003_15.tif,7023699,1.255,2.3932,1.242
slovenia,g6_00003_15.tif,7029785,2.092,1.6087,2.069
slovenia,g6_00003_15.tif,7077166,1.255,1.7535,1.242
slovenia,g6_00003_15.tif,7077168,1.969,1.9857,1.242
slovenia,g6_00003_15.tif,7077169,1.039,1.5637,0.757
slovenia,g6_00003_16.tif,6249989,7.877,1.4587,5.38
slovenia,g6_00003_16.tif,6249990,5.55,1.1441,3.725
slovenia,g6_00003_16.tif,6250000,1.969,0.9937,1.242
slovenia,g6_00003_16.tif,6366019,3.163,2.2002,2.069
slovenia,g6_00003_16.tif,6366020,2.362,0.9353,1.927
slovenia,g6_00003_16.tif,6366021,2.092,0.952,1.927
slovenia,g6_00003_16.tif,6366026,3.933,0.9728,3.725
slovenia,g6_00003_16.tif,6366028,2.092,0.8557,1.927
slovenia,g6_00003_16.tif,6465134,7.938,0.9825,5.38
slovenia,g6_00003_16.tif,6545711,4.4,1.2167,3.725
slovenia,g6_00003_16.tif,6545718,3.163,1.5401,2.069
slovenia,g6_00003_16.tif,6567399,15.059,0.8008,10.845
slovenia,g6_00003_16.tif,6567445,3.163,0.9063,2.571
slovenia,g6_00003_16.tif,6567451,3.694,1.1641,3.098
slovenia,g6_00003_16.tif,6567454,3.046,0.7613,2.069
slovenia,g6_00003_16.tif,6567473,7.806,1.4572,6.208
slovenia,g6_00003_16.tif,6634491,7.98,1.0095,5.439
slovenia,g6_00003_16.tif,6693343,0.775,0.7903,0.414
slovenia,g6_00003_16.tif,6710067,5.55,1.5449,3.725
slovenia,g6_00003_16.tif,6799693,9.132,1.0544,6.208
slovenia,g6_00003_16.tif,6820055,5.55,2.1456,3.725
slovenia,g6_00003_16.tif,6843349,12.232,1.147,8.84
slovenia,g6_00003_16.tif,6860176,3.046,1.9213,2.069
slovenia,g6_00003_16.tif,6962549,2.497,1.4356,1.927
slovenia,g6_00003_16.tif,6962867,2.112,1.3657,1.437
slovenia,g6_00003_16.tif,6962952,1.039,0.8743,0.757
slovenia,g6_00003_16.tif,6963075,3.955,1.2496,2.999
slovenia,g6_00003_16.tif,6973865,7.951,1.804,7.082
slovenia,g6_00003_16.tif,6973891,5.75,1.0016,5.139
slovenia,g6_00003_16.tif,6973905,3.694,0.8728,3.098
slovenia,g6_00003_16.tif,6973912,2.362,0.9925,1.927
slovenia,g6_00003_16.tif,6996178,3.136,1.2179,2.999
slovenia,g6_00003_16.tif,6996183,18.682,1.4418,12.83
slovenia,g6_00003_16.tif,6996438,6.744,1.2553,4.886
slovenia,g6_00003_16.tif,7021036,3.535,0.515,2.571
slovenia,g6_00003_16.tif,7021044,4.357,0.8298,2.897
slovenia,g6_00003_16.tif,7021046,1.969,1.9792,1.242
slovenia,g6_00003_16.tif,7021052,1.969,0.7066,1.242
slovenia,g6_00003_16.tif,7023699,1.969,1.9009,1.242
slovenia,g6_00003_16.tif,7023714,1.969,0.6765,1.242
slovenia,g6_00003_16.tif,7029781,8.307,1.3367,6.208
slovenia,g6_00003_16.tif,7029785,5.55,1.0523,3.725
slovenia,g6_00003_16.tif,7029798,3.163,0.8778,2.069
slovenia,g6_00003_2.tif,6433909,1.039,1.4495,0.757
slovenia,g6_00003_2.tif,6450055,2.362,1.9537,1.927
slovenia,g6_00003_2.tif,6592607,0.775,1.1664,0.414
slovenia,g6_00003_2.tif,6869778,1.969,0.8773,1.242
slovenia,g6_00003_3.tif,6128373,2.362,1.7086,1.927
slovenia,g6_00003_3.tif,6128374,1.255,0.8172,1.242
slovenia,g6_00003_3.tif,6128378,1.039,1.3599,0.757
slovenia,g6_00003_3.tif,6274364,1.969,2.4446,1.242
slovenia,g6_00003_3.tif,6287783,1.638,1.6407,1.242
slovenia,g6_00003_3.tif,6699035,2.362,2.1692,1.927
slovenia,g6_00003_3.tif,6699098,1.638,2.3719,1.437
slovenia,g6_00003_3.tif,7039522,1.638,1.2492,1.242
slovenia,g6_00003_3.tif,7039523,2.092,1.6787,1.927
slovenia,g6_00003_3.tif,7039526,1.638,2.2468,1.242
slovenia,g6_00003_3.tif,7039529,2.112,2.8176,1.437
slovenia,g6_00003_4.tif,6311519,1.638,1.6887,1.242
slovenia,g6_00003_4.tif,6311520,1.969,1.6267,1.242
slovenia,g6_00003_4.tif,6311526,1.638,1.9609,1.242
slovenia,g6_00003_4.tif,6311535,2.497,1.8177,1.927
slovenia,g6_00003_4.tif,6528946,1.969,1.006,1.242
slovenia,g6_00003_4.tif,6528948,1.039,1.9846,0.757
slovenia,g6_00003_4.tif,6543604,1.255,1.1682,1.242
slovenia,g6_00006_15.tif,6090604,4.388,0.8793,2.897
slovenia,g6_00006_15.tif,6090616,5.005,0.9994,4.044
slovenia,g6_00006_15.tif,6090794,2.366,0.8706,2.069
slovenia,g6_00006_15.tif,6094417,1.985,0.77,1.242
slovenia,g6_00006_15.tif,6099793,3.975,1.9914,2.897
slovenia,g6_00006_15.tif,6099808,3.703,1.7503,3.098
slovenia,g6_00006_15.tif,6099824,0.419,0.9308,0.414
slovenia,g6_00006_15.tif,6099865,1.985,2.172,1.242
slovenia,g6_00006_15.tif,6168179,3.767,1.4373,3.725
slovenia,g6_00006_15.tif,6168184,3.703,1.5011,3.098
slovenia,g6_00006_15.tif,6209285,1.985,0.9195,1.242
slovenia,g6_00006_15.tif,6250020,2.093,0.4596,2.069
slovenia,g6_00006_15.tif,6250182,2.093,0.5346,2.069
slovenia,g6_00006_15.tif,6259435,2.93,0.7766,2.897
slovenia,g6_00006_15.tif,6284834,1.046,1.0841,0.757
slovenia,g6_00006_15.tif,6284838,2.093,1.3919,2.069
slovenia,g6_00006_15.tif,6284839,1.256,1.1374,1.242
slovenia,g6_00006_15.tif,6451499,1.985,1.1974,1.242
slovenia,g6_00006_15.tif,6593428,1.985,1.9653,1.242
slovenia,g6_00006_15.tif,6669216,7.531,0.8694,5.38
slovenia,g6_00006_15.tif,6710204,6.46,1.0741,5.439
slovenia,g6_00006_15.tif,6710213,8.36,1.1843,6.26
slovenia,g6_00006_15.tif,6710215,4.408,0.6161,3.725
slovenia,g6_00006_15.tif,6820044,3.139,1.1032,2.999
slovenia,g6_00006_15.tif,6820057,5.59,2.1132,3.725
slovenia,g6_00006_15.tif,6857273,1.985,0.8444,1.242
slovenia,g6_00006_15.tif,6860366,5.915,0.8598,5.439
slovenia,g6_00006_15.tif,6860367,3.703,0.3947,3.288
slovenia,g6_00006_15.tif,6860369,4.604,0.5596,4.413
slovenia,g6_00006_15.tif,6860375,5.439,1.2612,4.044
slovenia,g6_00006_15.tif,6860381,3.186,1.0049,2.069
slovenia,g6_00006_15.tif,6860525,5.439,1.155,3.725
slovenia,g6_00006_15.tif,6860599,1.985,0.9937,1.242
slovenia,g6_00006_15.tif,6860964,0.783,0.9969,0.414
slovenia,g6_00006_15.tif,6861170,1.985,0.8359,1.242
slovenia,g6_00006_15.tif,6861767,1.046,0.7323,0.757
slovenia,g6_00006_15.tif,6862132,5.439,1.5726,3.807
slovenia,g6_00006_15.tif,6897449,3.058,1.3708,2.069
slovenia,g6_00006_15.tif,6972907,5.439,1.2252,3.725
slovenia,g6_00006_15.tif,6972908,3.186,1.0897,2.069
slovenia,g6_00006_15.tif,6972917,1.985,1.2107,1.242
slovenia,g6_00006_15.tif,7077164,13.336,0.8832,11.085
slovenia,g6_00006_15.tif,7077180,7.825,0.8659,6.61
slovenia,g6_00006_16.tif,6098871,4.671,1.3146,3.288
slovenia,g6_00006_16.tif,6098872,4.388,1.3841,2.897
slovenia,g6_00006_16.tif,6098877,4.46,1.4034,3.288
slovenia,g6_00006_16.tif,6099042,3.058,0.9904,2.069
slovenia,g6_00006_16.tif,6099808,3.058,2.2876,2.571
slovenia,g6_00006_16.tif,6099823,4.408,3.1498,3.725
slovenia,g6_00006_16.tif,6099824,3.703,1.9498,3.098
slovenia,g6_00006_16.tif,6168184,1.256,2.706,1.242
slovenia,g6_00006_16.tif,6186664,5.106,2.2823,4.268
slovenia,g6_00006_16.tif,6186667,3.703,2.4762,2.999
slovenia,g6_00006_16.tif,6191838,3.058,1.1754,2.069
slovenia,g6_00006_16.tif,6200984,3.703,1.6896,3.098
slovenia,g6_00006_16.tif,6249995,11.947,1.2533,9.553
slovenia,g6_00006_16.tif,6249997,3.058,0.9427,2.571
slovenia,g6_00006_16.tif,6522029,2.093,1.2932,2.069
slovenia,g6_00006_16.tif,6537291,0.419,0.9919,0.414
slovenia,g6_00006_16.tif,6537598,5.442,1.4334,4.821
slovenia,g6_00006_16.tif,6545697,8.368,1.7855,6.61
slovenia,g6_00006_16.tif,6545699,9.886,1.0352,7.863
slovenia,g6_00006_16.tif,6593401,3.282,1.3645,2.571
slovenia,g6_00006_16.tif,6593417,3.186,2.5996,2.069
slovenia,g6_00006_16.tif,6664360,3.058,1.3253,2.571
slovenia,g6_00006_16.tif,6710204,16.069,1.5121,13.633
slovenia,g6_00006_16.tif,6710212,8.519,1.7947,7.217
slovenia,g6_00006_16.tif,6710215,4.408,1.1172,3.725
slovenia,g6_00006_16.tif,6710219,5.005,1.552,4.044
slovenia,g6_00006_16.tif,6820069,3.282,1.0647,2.571
slovenia,g6_00006_16.tif,6820108,3.556,1.1995,2.571
slovenia,g6_00006_16.tif,6868471,3.186,1.903,2.069
slovenia,g6_00006_16.tif,6868655,3.058,1.2178,2.204
slovenia,g6_00006_16.tif,6868674,2.51,1.3868,1.927
slovenia,g6_00006_16.tif,6868766,2.51,1.2525,1.927
slovenia,g6_00006_16.tif,6897405,6.093,2.3655,4.886
slovenia,g6_00006_16.tif,6897406,4.388,1.9058,2.897
slovenia,g6_00006_16.tif,6897411,7.161,1.3876,6.26
slovenia,g6_00006_16.tif,6897748,3.703,0.8604,3.098
slovenia,g6_00006_16.tif,6897964,2.51,1.5079,1.927
slovenia,g6_00006_16.tif,6972904,17.715,1.762,14.042
slovenia,g6_00006_16.tif,6972908,3.186,1.9921,2.069
slovenia,g6_00006_16.tif,6972912,3.058,1.6433,2.069
slovenia,g6_00006_16.tif,6973830,6.279,1.117,4.886
slovenia,g6_00006_16.tif,6973836,1.256,1.4457,1.242
slovenia,g6_00006_16.tif,6973838,10.255,1.3199,8.84
slovenia,g6_00006_16.tif,6973863,5.764,1.1265,4.886
slovenia,g6_00006_16.tif,6988088,12.976,1.0349,9.825
slovenia,g6_00006_16.tif,6988297,4.604,1.2126,4.044
slovenia,g6_00006_16.tif,7077173,2.126,1.0088,1.437
slovenia,g6_00006_16.tif,7077180,4.408,1.4322,3.725
slovenia,g6_00006_17.tif,6098870,8.868,1.4134,7.863
slovenia,g6_00006_17.tif,6098965,3.556,1.4556,2.571
slovenia,g6_00006_17.tif,6366012,7.825,1.7713,6.61
slovenia,g6_00006_17.tif,6377430,3.058,2.0472,2.069
slovenia,g6_00006_17.tif,6479372,4.388,1.9275,2.897
slovenia,g6_00006_17.tif,6479387,4.408,2.198,3.725
slovenia,g6_00006_17.tif,6479440,3.058,1.7277,2.069
slovenia,g6_00006_17.tif,6479936,4.408,2.0942,3.725
slovenia,g6_00006_17.tif,6537291,4.604,1.5382,4.413
slovenia,g6_00006_17.tif,6537598,2.93,1.6766,2.069
slovenia,g6_00006_17.tif,6545699,7.531,1.5096,6.208
slovenia,g6_00006_17.tif,6567399,0.783,1.2422,0.414
slovenia,g6_00006_17.tif,6567414,7.918,1.3551,5.612
slovenia,g6_00006_17.tif,6567445,3.703,0.9755,2.897
slovenia,g6_00006_17.tif,6567446,3.975,1.1021,2.897
slovenia,g6_00006_17.tif,6567454,2.126,0.8818,1.437
slovenia,g6_00006_17.tif,6634496,1.985,1.4495,1.242
slovenia,g6_00006_17.tif,6693343,9.761,1.2695,6.99
slovenia,g6_00006_17.tif,6693345,8.158,1.3914,5.612
slovenia,g6_00006_17.tif,6693350,8.977,1.6654,6.412
slovenia,g6_00006_17.tif,6693356,6.093,2.7614,4.413
slovenia,g6_00006_17.tif,6693359,11.598,2.4869,7.863
slovenia,g6_00006_17.tif,6693373,3.556,1.9976,2.571
slovenia,g6_00006_17.tif,6693439,4.388,1.9582,2.897
slovenia,g6_00006_17.tif,6701964,4.46,2.253,2.999
slovenia,g6_00006_17.tif,6710066,4.408,1.3551,3.725
slovenia,g6_00006_17.tif,6710219,5.439,1.7835,4.268
slovenia,g6_00006_17.tif,6747866,1.985,1.3994,1.242
slovenia,g6_00006_17.tif,6820032,9.218,1.4814,7.738
slovenia,g6_00006_17.tif,6820037,12.636,1.557,10.347
slovenia,g6_00006_17.tif,6820082,3.058,1.5749,2.571
slovenia,g6_00006_17.tif,6820103,2.51,1.5619,1.927
slovenia,g6_00006_17.tif,6843350,3.282,1.6548,2.204
slovenia,g6_00006_17.tif,6851229,9.339,1.457,6.658
slovenia,g6_00006_17.tif,6856938,5.439,2.0095,4.268
slovenia,g6_00006_17.tif,6897393,2.51,1.5512,1.927
slovenia,g6_00006_17.tif,6897395,3.058,2.018,2.069
slovenia,g6_00006_17.tif,6897496,3.058,1.9477,2.204
slovenia,g6_00006_17.tif,6897503,3.058,1.9795,2.204
slovenia,g6_00006_17.tif,6973827,1.985,0.8239,1.437
slovenia,g6_00006_17.tif,6973830,12.799,1.045,8.729
slovenia,g6_00006_17.tif,6973836,11.178,1.2977,8.501
slovenia,g6_00006_17.tif,6973847,8.36,2.2167,5.89
slovenia,g6_00006_17.tif,6973859,8.291,1.7198,7.217
slovenia,g6_00006_17.tif,6973889,6.791,1.6672,4.553
slovenia,g6_00006_17.tif,6973928,1.985,1.1243,1.242
slovenia,g6_00006_17.tif,6973947,1.985,1.6776,1.437
slovenia,g6_00006_17.tif,6979431,6.791,1.084,4.553
slovenia,g6_00006_17.tif,6988088,7.825,1.0836,6.61
slovenia,g6_00006_17.tif,6988297,9.339,1.4202,6.658
slovenia,g6_00006_17.tif,6996131,12.056,2.7012,8.84
slovenia,g6_00006_17.tif,6996143,9.339,1.8078,6.412
slovenia,g6_00006_17.tif,6996144,7.116,2.199,5.38
slovenia,g6_00006_17.tif,6996145,10.396,1.3305,7.439
slovenia,g6_00006_17.tif,6996151,5.005,1.1096,3.725
slovenia,g6_00006_17.tif,6996153,4.388,0.7715,2.897
slovenia,g6_00006_17.tif,6996155,4.388,2.1577,2.897
slovenia,g6_00006_17.tif,6996187,2.126,1.7295,1.437
slovenia,g6_00006_17.tif,6996357,4.388,1.7684,3.098
slovenia,g6_00006_17.tif,6996438,10.396,1.2712,7.439
slovenia,g6_00006_17.tif,6998248,6.46,2.4446,4.553
slovenia,g6_00006_17.tif,7021056,4.746,0.7493,3.807
slovenia,g6_00006_3.tif,6136400,1.046,0.6839,0.757
slovenia,g6_00006_3.tif,6737614,1.046,0.8512,0.757
slovenia,g6_00006_3.tif,6737628,1.046,2.0664,0.757
slovenia,g6_00006_3.tif,6826738,2.51,2.1465,1.927
slovenia,g6_00006_3.tif,6826742,3.186,2.2812,2.069
slovenia,g6_00006_3.tif,6826743,2.51,1.5112,1.927
slovenia,g6_00006_3.tif,6826745,4.388,1.8885,2.897
slovenia,g6_00006_3.tif,6826752,2.126,1.999,1.927
slovenia,g6_00006_3.tif,6826755,2.126,2.4512,1.437
slovenia,g6_00006_3.tif,6856440,1.642,1.7106,1.437
slovenia,g6_00006_4.tif,6085695,1.642,1.7589,1.242
slovenia,g6_00006_4.tif,6085698,2.126,2.3178,1.437
slovenia,g6_00006_4.tif,6085700,3.556,2.1175,2.571
slovenia,g6_00006_4.tif,6085702,3.058,2.0752,2.069
slovenia,g6_00006_4.tif,6085708,1.046,2.2891,0.757
slovenia,g6_00006_4.tif,6223680,1.985,0.9754,1.242
slovenia,g6_00006_4.tif,6275528,2.093,1.6253,2.069
slovenia,g6_00006_4.tif,6275536,3.186,2.283,2.069
slovenia,g6_00006_4.tif,6302276,2.93,2.3262,2.571
slovenia,g6_00006_4.tif,6314762,1.046,2.3333,0.757
slovenia,g6_00006_4.tif,6458974,1.046,1.0077,0.757
slovenia,g6_00006_4.tif,6526453,1.256,2.0799,1.242
slovenia,g6_00006_4.tif,6544269,3.058,1.5079,2.204
slovenia,g6_00006_4.tif,6600408,1.046,1.4884,0.757
slovenia,g6_00006_4.tif,6600436,1.046,1.1422,0.757
slovenia,g6_00006_4.tif,6604373,2.93,2.1347,2.897
slovenia,g6_00006_4.tif,6694727,2.093,1.468,2.069
slovenia,g6_00006_4.tif,6705102,3.058,1.9156,2.069
slovenia,g6_00006_4.tif,6734257,1.985,1.1965,1.242
slovenia,g6_00006_4.tif,6908002,1.642,1.7489,1.242
slovenia,g6_00006_4.tif,6908013,3.058,0.6826,2.204
slovenia,g6_00006_4.tif,7058843,2.51,2.256,1.927
slovenia,g6_00006_4.tif,7058871,1.642,1.2547,1.242
slovenia,g6_00006_4.tif,7058872,3.186,1.2381,2.069
slovenia,g6_00006_5.tif,6085730,3.556,1.4717,2.571
slovenia,g6_00006_5.tif,6085735,1.256,1.0538,1.242
slovenia,g6_00006_5.tif,6085736,1.985,2.4451,1.242
slovenia,g6_00006_5.tif,6085740,1.046,2.2572,0.757
slovenia,g6_00006_5.tif,6086501,1.256,1.2738,1.242
slovenia,g6_00006_5.tif,6086524,1.256,1.3488,1.242
slovenia,g6_00006_5.tif,6191389,1.046,1.1051,0.757
slovenia,g6_00006_5.tif,6191390,1.046,1.5975,0.757
slovenia,g6_00006_5.tif,6191392,3.058,1.3647,2.571
slovenia,g6_00006_5.tif,6191394,2.093,2.3233,1.437
slovenia,g6_00006_5.tif,6191449,0.783,1.2106,0.414
slovenia,g6_00006_5.tif,6191454,1.642,1.2738,1.437
slovenia,g6_00006_5.tif,6223686,1.046,1.4526,0.757
slovenia,g6_00006_5.tif,6275532,3.186,3.0854,2.069
slovenia,g6_00006_5.tif,6311395,1.985,2.1259,1.242
slovenia,g6_00006_5.tif,6365117,3.282,2.5817,2.571
slovenia,g6_00006_5.tif,6419975,1.256,0.7735,1.242
slovenia,g6_00006_5.tif,6436537,2.126,1.5346,1.437
slovenia,g6_00006_5.tif,6436538,2.93,1.7488,2.069
slovenia,g6_00006_5.tif,6550461,2.126,1.5509,1.927
slovenia,g6_00006_5.tif,6550463,0.783,1.6155,0.414
slovenia,g6_00006_5.tif,6705080,2.093,2.6255,2.069
slovenia,g6_00006_5.tif,6705090,2.126,2.5467,1.927
slovenia,g6_00006_5.tif,6705091,1.642,1.6395,1.437
slovenia,g6_00006_5.tif,6744603,1.642,1.9434,1.437
slovenia,g6_00006_5.tif,6744622,1.046,1.9888,0.757
slovenia,g6_00006_5.tif,6773233,1.256,2.3615,1.242
slovenia,g6_00006_5.tif,6891434,1.256,1.2747,1.242
slovenia,g6_00006_5.tif,6954415,1.256,1.2405,1.242
slovenia,g6_00006_5.tif,6954441,1.256,1.4614,1.242
slovenia,g6_00009_16.tif,6160255,2.931,0.9009,2.571
slovenia,g6_00009_16.tif,6160258,2.931,0.8541,2.897
slovenia,g6_00009_16.tif,6160262,2.366,0.9056,2.204
slovenia,g6_00009_16.tif,6250020,2.093,0.804,1.927
slovenia,g6_00009_16.tif,6250182,1.985,0.8514,1.437
slovenia,g6_00009_16.tif,6259433,3.058,0.8024,2.204
slovenia,g6_00009_16.tif,6259438,3.186,1.0922,2.069
slovenia,g6_00009_16.tif,6259440,6.46,0.6576,5.439
slovenia,g6_00009_16.tif,6277997,4.388,1.3886,2.897
slovenia,g6_00009_16.tif,6278255,4.606,1.5966,3.725
slovenia,g6_00009_16.tif,6468919,1.643,0.833,1.437
slovenia,g6_00009_16.tif,6522080,2.366,0.8288,2.204
slovenia,g6_00009_16.tif,6522081,2.093,0.7214,2.069
slovenia,g6_00009_16.tif,6537286,1.046,1.7443,0.757
slovenia,g6_00009_16.tif,6537287,1.256,1.0614,1.242
slovenia,g6_00009_16.tif,6593425,3.704,1.1989,3.098
slovenia,g6_00009_16.tif,6597935,2.366,1.3059,2.204
slovenia,g6_00009_16.tif,6669204,1.643,0.854,1.437
slovenia,g6_00009_16.tif,6693347,2.366,0.9881,1.927
slovenia,g6_00009_16.tif,6747865,1.256,0.8255,1.242
slovenia,g6_00009_16.tif,6748019,2.093,0.8926,1.927
slovenia,g6_00009_16.tif,6748040,2.093,0.8199,1.927
slovenia,g6_00009_16.tif,6756411,1.985,0.6452,1.242
slovenia,g6_00009_16.tif,6792328,3.282,1.4963,2.571
slovenia,g6_00009_16.tif,6897409,6.28,0.9805,5.612
slovenia,g6_00009_16.tif,6899501,1.046,0.798,0.757
slovenia,g6_00009_16.tif,6901598,6.463,0.9448,5.439
slovenia,g6_00009_16.tif,6901606,1.985,1.215,1.242
slovenia,g6_00009_17.tif,6098875,2.093,2.5399,1.437
slovenia,g6_00009_17.tif,6098876,3.768,1.8438,3.288
slovenia,g6_00009_17.tif,6098879,2.931,1.6559,2.571
slovenia,g6_00009_17.tif,6098880,3.282,1.9187,2.204
slovenia,g6_00009_17.tif,6160262,0.419,0.9852,0.414
slovenia,g6_00009_17.tif,6160268,2.126,1.0908,1.437
slovenia,g6_00009_17.tif,6160271,2.126,0.9931,1.437
slovenia,g6_00009_17.tif,6160494,4.409,1.6232,3.725
slovenia,g6_00009_17.tif,6160495,1.643,1.0986,1.437
slovenia,g6_00009_17.tif,6191834,2.126,1.2433,1.437
slovenia,g6_00009_17.tif,6267398,5.819,2.0035,4.044
slovenia,g6_00009_17.tif,6267417,2.126,1.9645,1.437
slovenia,g6_00009_17.tif,6268526,1.643,1.319,1.437
slovenia,g6_00009_17.tif,6272948,3.556,1.5838,2.571
slovenia,g6_00009_17.tif,6272949,0.783,1.2974,0.414
slovenia,g6_00009_17.tif,6277992,3.975,1.4437,2.999
slovenia,g6_00009_17.tif,6278101,2.126,1.1329,1.437
slovenia,g6_00009_17.tif,6278118,2.126,1.0747,1.437
slovenia,g6_00009_17.tif,6278329,1.046,1.2411,0.757
slovenia,g6_00009_17.tif,6284829,1.985,1.4715,1.437
slovenia,g6_00009_17.tif,6468914,3.975,1.3667,2.999
slovenia,g6_00009_17.tif,6479391,3.14,1.7309,2.999
slovenia,g6_00009_17.tif,6479392,2.931,1.3717,2.204
slovenia,g6_00009_17.tif,6479428,3.704,1.81,3.288
slovenia,g6_00009_17.tif,6479435,3.186,2.1833,2.069
slovenia,g6_00009_17.tif,6516288,3.058,1.6883,2.571
slovenia,g6_00009_17.tif,6516290,4.46,1.1106,2.999
slovenia,g6_00009_17.tif,6516291,2.366,0.5449,1.927
slovenia,g6_00009_17.tif,6516351,0.783,1.4239,0.414
slovenia,g6_00009_17.tif,6516355,1.643,1.1214,1.242
slovenia,g6_00009_17.tif,6516550,1.643,1.555,1.242
slovenia,g6_00009_17.tif,6522041,5.956,1.2552,4.413
slovenia,g6_00009_17.tif,6522056,5.956,1.7961,4.413
slovenia,g6_00009_17.tif,6522064,1.643,1.5603,1.242
slovenia,g6_00009_17.tif,6522146,3.186,1.3354,2.204
slovenia,g6_00009_17.tif,6522205,3.975,1.2033,2.999
slovenia,g6_00009_17.tif,6537279,8.977,1.4546,6.412
slovenia,g6_00009_17.tif,6537284,5.005,1.6977,3.725
slovenia,g6_00009_17.tif,6537287,0.419,1.1491,0.414
slovenia,g6_00009_17.tif,6537561,2.126,1.077,1.437
slovenia,g6_00009_17.tif,6537563,1.643,1.0476,1.242
slovenia,g6_00009_17.tif,6537581,3.975,1.5139,2.897
slovenia,g6_00009_17.tif,6552531,8.792,1.3105,6.208
slovenia,g6_00009_17.tif,6597921,2.126,0.7372,1.437
slovenia,g6_00009_17.tif,6666613,8.36,1.6969,5.89
slovenia,g6_00009_17.tif,6666617,1.046,1.0776,0.757
slovenia,g6_00009_17.tif,6666618,3.937,1.23,3.288
slovenia,g6_00009_17.tif,6669237,3.186,1.1317,2.069
slovenia,g6_00009_17.tif,6669246,3.975,0.8543,2.999
slovenia,g6_00009_17.tif,6710226,6.904,0.8485,5.139
slovenia,g6_00009_17.tif,6747865,4.409,1.1327,4.044
slovenia,g6_00009_17.tif,6748019,2.931,1.1111,2.571
slovenia,g6_00009_17.tif,6748040,0.419,0.9803,0.414
slovenia,g6_00009_17.tif,6774736,1.643,1.16,1.242
slovenia,g6_00009_17.tif,6774737,3.282,2.1443,2.571
slovenia,g6_00009_17.tif,6774743,3.058,0.9488,2.204
slovenia,g6_00009_17.tif,6775615,4.502,1.2036,3.725
slovenia,g6_00009_17.tif,6868204,3.704,1.9439,2.999
slovenia,g6_00009_17.tif,6868838,3.058,1.0188,2.069
slovenia,g6_00009_17.tif,6868899,1.046,1.0354,0.757
slovenia,g6_00009_17.tif,6868909,1.643,0.8437,1.242
slovenia,g6_00009_17.tif,6897400,6.698,1.76,6.26
slovenia,g6_00009_17.tif,6897417,5.443,1.0432,5.139
slovenia,g6_00009_17.tif,6897419,6.46,1.2479,4.821
slovenia,g6_00009_17.tif,6897464,4.409,1.3823,4.044
slovenia,g6_00009_17.tif,6897491,3.282,1.633,2.204
slovenia,g6_00009_17.tif,6989289,5.44,1.4518,3.725
slovenia,g6_00009_17.tif,7040860,1.046,1.9466,0.757
slovenia,g6_00009_17.tif,7040862,3.704,1.0708,2.897
slovenia,g6_00009_17.tif,7040863,1.046,1.3433,0.757
slovenia,g6_00009_17.tif,7040865,1.046,1.7664,0.757
slovenia,g6_00009_17.tif,7050016,11.178,1.3349,8.027
slovenia,g6_00009_17.tif,7050020,4.671,1.3577,3.288
slovenia,g6_00009_17.tif,7050021,2.126,1.5315,1.437
slovenia,g6_00009_17.tif,7056209,5.565,1.3861,5.139
slovenia,g6_00009_17.tif,7056210,1.256,1.94,1.242
slovenia,g6_00009_17.tif,7056250,4.388,0.8685,2.897
slovenia,g6_00009_17.tif,7056265,5.005,1.2425,4.553
slovenia,g6_00009_18.tif,6160248,7.826,1.8674,6.051
slovenia,g6_00009_18.tif,6191827,6.904,1.5804,5.139
slovenia,g6_00009_18.tif,6191829,1.046,1.2512,0.757
slovenia,g6_00009_18.tif,6191832,2.126,1.2615,1.437
slovenia,g6_00009_18.tif,6191834,2.126,1.4991,1.437
slovenia,g6_00009_18.tif,6191837,3.556,1.4541,2.571
slovenia,g6_00009_18.tif,6277988,5.565,1.8131,4.821
slovenia,g6_00009_18.tif,6278083,4.409,1.767,4.044
slovenia,g6_00009_18.tif,6278101,2.126,1.2739,1.437
slovenia,g6_00009_18.tif,6278118,2.126,1.0764,1.437
slovenia,g6_00009_18.tif,6345912,3.937,1.8048,3.725
slovenia,g6_00009_18.tif,6468911,7.162,1.3032,5.439
slovenia,g6_00009_18.tif,6468912,8.698,1.5847,8.108
slovenia,g6_00009_18.tif,6468914,3.975,1.5112,2.999
slovenia,g6_00009_18.tif,6468921,3.058,1.1591,2.204
slovenia,g6_00009_18.tif,6479373,7.993,1.4082,5.38
slovenia,g6_00009_18.tif,6479384,10.396,1.3141,7.036
slovenia,g6_00009_18.tif,6479399,6.791,1.4718,4.621
slovenia,g6_00009_18.tif,6479407,3.186,1.6787,2.069
slovenia,g6_00009_18.tif,6479417,4.388,1.6196,2.999
slovenia,g6_00009_18.tif,6479449,3.14,1.4009,2.897
slovenia,g6_00009_18.tif,6480212,1.985,1.3186,1.242
slovenia,g6_00009_18.tif,6480213,1.985,0.9465,1.242
slovenia,g6_00009_18.tif,6516351,5.005,1.2739,3.725
slovenia,g6_00009_18.tif,6521981,7.826,1.302,6.61
slovenia,g6_00009_18.tif,6521984,11.049,2.2286,10.347
slovenia,g6_00009_18.tif,6522024,1.256,1.9888,1.242
slovenia,g6_00009_18.tif,6522041,5.956,1.3933,4.413
slovenia,g6_00009_18.tif,6522137,1.985,1.5809,1.242
slovenia,g6_00009_18.tif,6522179,4.409,1.5121,4.044
slovenia,g6_00009_18.tif,6593415,3.186,1.6182,2.069
slovenia,g6_00009_18.tif,6593441,3.186,1.7421,2.069
slovenia,g6_00009_18.tif,6593447,3.186,1.7618,2.204
slovenia,g6_00009_18.tif,6666610,11.279,1.657,9.958
slovenia,g6_00009_18.tif,6666618,4.502,1.3474,3.288
slovenia,g6_00009_18.tif,6666834,7.189,1.353,6.61
slovenia,g6_00009_18.tif,6667033,5.956,1.4038,4.413
slovenia,g6_00009_18.tif,6667117,5.956,1.55,4.413
slovenia,g6_00009_18.tif,6669237,5.44,1.1769,3.725
slovenia,g6_00009_18.tif,6669238,3.186,1.1419,2.069
slovenia,g6_00009_18.tif,6669243,3.186,1.3013,2.069
slovenia,g6_00009_18.tif,6669245,3.975,1.2173,2.897
slovenia,g6_00009_18.tif,6693340,7.118,1.965,7.036
slovenia,g6_00009_18.tif,6693419,12.649,2.4718,11.085
slovenia,g6_00009_18.tif,6693432,1.985,2.3229,1.242
slovenia,g6_00009_18.tif,6710209,1.643,1.0661,1.242
slovenia,g6_00009_18.tif,6710223,5.589,1.0891,3.725
slovenia,g6_00009_18.tif,6710229,6.094,1.0598,4.553
slovenia,g6_00009_18.tif,6710233,5.005,1.5203,3.725
slovenia,g6_00009_18.tif,6720399,3.768,2.3611,3.288
slovenia,g6_00009_18.tif,6792280,4.409,1.361,3.725
slovenia,g6_00009_18.tif,6792285,3.186,1.2964,2.069
slovenia,g6_00009_18.tif,6792288,0.783,1.3627,0.414
slovenia,g6_00009_18.tif,6792291,9.194,2.1596,6.658
slovenia,g6_00009_18.tif,6792301,3.282,1.6667,2.204
slovenia,g6_00009_18.tif,6792326,3.186,1.6436,2.069
slovenia,g6_00009_18.tif,6792356,2.366,2.0993,2.204
slovenia,g6_00009_18.tif,6792359,2.093,1.8152,1.927
slovenia,g6_00009_18.tif,6792372,5.589,1.7091,3.725
slovenia,g6_00009_18.tif,6792374,1.985,1.1632,1.242
slovenia,g6_00009_18.tif,6897419,4.502,1.2124,3.725
slovenia,g6_00009_18.tif,6898416,3.937,1.4015,3.725
slovenia,g6_00009_18.tif,6899092,3.058,1.4011,2.571
slovenia,g6_00009_18.tif,6899104,7.492,1.7402,6.707
slovenia,g6_00009_18.tif,6899155,3.975,1.3406,3.725
slovenia,g6_00009_18.tif,6899208,3.704,1.5037,3.288
slovenia,g6_00009_18.tif,6899209,3.937,1.436,3.725
slovenia,g6_00009_18.tif,6899302,3.186,1.2624,2.069
slovenia,g6_00009_18.tif,6949437,7.216,1.5356,6.208
slovenia,g6_00009_18.tif,6972242,2.126,1.6603,1.437
slovenia,g6_00009_18.tif,6972245,4.502,1.7954,3.288
slovenia,g6_00009_18.tif,6989315,5.765,1.7539,4.553
slovenia,g6_00009_18.tif,7056222,3.704,0.8907,3.288
slovenia,g6_00009_18.tif,7056223,3.937,0.9738,3.725
slovenia,g6_00009_18.tif,7056248,4.388,1.3876,2.897
slovenia,g6_00009_18.tif,7056281,3.186,1.2901,2.069
slovenia,g6_00009_18.tif,7056286,1.985,0.7911,1.242
slovenia,g6_00009_4.tif,6275548,1.643,2.7418,1.242
slovenia,g6_00009_4.tif,6284080,1.256,1.2687,1.242
slovenia,g6_00009_4.tif,6369030,1.643,3.4481,1.242
slovenia,g6_00009_4.tif,6451685,3.058,2.433,2.069
slovenia,g6_00009_4.tif,6459006,1.643,3.1223,1.437
slovenia,g6_00009_4.tif,6494342,2.093,2.6584,1.437
slovenia,g6_00009_4.tif,6494688,1.256,1.125,1.242
slovenia,g6_00009_4.tif,6612057,1.046,2.4672,0.757
slovenia,g6_00009_4.tif,6708166,1.643,1.7351,1.242
slovenia,g6_00009_4.tif,6708174,1.985,1.7424,1.242
slovenia,g6_00009_4.tif,6750233,1.046,1.872,0.757
slovenia,g6_00009_4.tif,6826328,0.783,2.7207,0.414
slovenia,g6_00009_4.tif,6826743,1.985,1.4848,1.242
slovenia,g6_00009_4.tif,6875657,2.511,1.7203,1.927
slovenia,g6_00009_4.tif,6875697,1.985,2.0766,1.242
slovenia,g6_00009_4.tif,7068078,1.256,2.6449,1.242
slovenia,g6_00009_5.tif,6085693,3.704,1.6246,3.288
slovenia,g6_00009_5.tif,6085694,3.058,2.2374,2.571
slovenia,g6_00009_5.tif,6275554,1.046,1.8539,0.757
slovenia,g6_00009_5.tif,6355562,1.046,2.5752,0.757
slovenia,g6_00009_5.tif,6355690,1.643,2.1946,1.242
slovenia,g6_00009_5.tif,6494342,1.985,2.6525,1.242
slovenia,g6_00009_5.tif,6494363,3.186,1.8511,2.571
slovenia,g6_00009_5.tif,6612024,1.046,2.3438,0.757
slovenia,g6_00009_5.tif,6644867,1.643,1.523,1.242
slovenia,g6_00009_5.tif,6694727,1.643,1.8885,1.437
slovenia,g6_00009_5.tif,6708188,3.058,1.8914,2.069
slovenia,g6_00009_5.tif,6750250,3.058,2.2813,2.571
slovenia,g6_00009_5.tif,6927516,5.005,1.7163,3.725
slovenia,g6_00009_5.tif,6927517,2.126,1.3335,1.927
slovenia,g6_00009_5.tif,6927519,1.985,2.5974,1.242
slovenia,g6_00009_5.tif,6927520,0.419,1.5716,0.414
slovenia,g6_00009_5.tif,6927522,1.985,2.8638,1.242
slovenia,g6_00009_5.tif,7068083,1.643,2.1726,1.437
slovenia,g6_00009_5.tif,7068084,1.643,2.3265,1.242
slovenia,g6_00009_6.tif,6085693,4.409,1.0639,3.725
slovenia,g6_00009_6.tif,6540172,3.704,1.7823,2.897
slovenia,g6_00009_6.tif,6540174,1.046,1.3859,0.757
slovenia,g6_00009_6.tif,6540180,1.256,1.8235,1.242
slovenia,g6_00009_6.tif,6891406,1.643,1.6655,1.242
slovenia,g6_00009_6.tif,6891408,1.256,1.7664,1.242
slovenia,g6_00009_6.tif,6954219,1.046,1.6401,0.757
slovenia,g6_00009_6.tif,6974470,3.058,2.3223,2.069
slovenia,g6_00009_6.tif,6974473,2.511,1.7368,1.927
slovenia,g6_00014_3.tif,6201304,3.744,1.9609,3.725
slovenia,g6_00014_3.tif,6201309,3.744,1.5214,2.897
slovenia,g6_00014_3.tif,6201311,5.592,2.8124,3.725
slovenia,g6_00014_3.tif,6201315,3.189,1.5347,2.069
slovenia,g6_00014_3.tif,6201318,2.08,1.5552,2.069
slovenia,g6_00014_3.tif,6201320,2.08,1.1724,2.069
slovenia,g6_00014_3.tif,6201714,1.248,0.9085,1.242
slovenia,g6_00014_3.tif,6203805,6.348,1.912,6.26
slovenia,g6_00014_3.tif,6203821,2.354,1.7375,1.927
slovenia,g6_00014_3.tif,6222141,1.637,1.3417,1.437
slovenia,g6_00014_3.tif,6222146,1.987,1.764,1.242
slovenia,g6_00014_3.tif,6222202,1.046,1.1471,0.757
slovenia,g6_00014_3.tif,6222204,1.248,1.2766,1.242
slovenia,g6_00014_3.tif,6322619,1.046,0.9077,0.757
slovenia,g6_00014_3.tif,6322621,2.08,1.084,2.069
slovenia,g6_00014_3.tif,6322627,5.0,1.8448,3.725
slovenia,g6_00014_3.tif,6322630,1.046,0.6473,0.757
slovenia,g6_00014_3.tif,6322787,1.046,2.2901,0.757
slovenia,g6_00014_3.tif,6339191,1.987,0.8499,1.242
slovenia,g6_00014_3.tif,6339193,2.08,0.7246,2.069
slovenia,g6_00014_3.tif,6339196,1.248,1.2444,1.242
slovenia,g6_00014_3.tif,6529297,1.248,1.5982,1.242
slovenia,g6_00014_3.tif,6529298,2.08,0.6995,1.927
slovenia,g6_00014_3.tif,6529302,6.434,1.3413,5.439
slovenia,g6_00014_3.tif,6529303,4.67,1.8154,3.725
slovenia,g6_00014_3.tif,6529305,3.189,1.5935,2.897
slovenia,g6_00014_3.tif,6570333,5.125,0.9031,4.821
slovenia,g6_00014_3.tif,6570361,1.987,0.6949,1.242
slovenia,g6_00014_3.tif,6570460,3.189,1.0166,2.069
slovenia,g6_00014_3.tif,6570511,7.905,1.1021,7.439
slovenia,g6_00014_3.tif,6570630,1.046,1.4425,0.757
slovenia,g6_00014_3.tif,6754144,2.127,2.2775,1.927
slovenia,g6_00014_3.tif,6859479,1.987,1.0255,1.242
slovenia,g6_00014_3.tif,6958494,1.637,1.7925,1.242
slovenia,g6_00014_3.tif,7003293,1.046,1.2095,0.757
slovenia,g6_00014_3.tif,7003300,3.915,2.466,3.288
slovenia,g6_00014_3.tif,7003386,3.284,1.5217,2.204
slovenia,g6_00014_3.tif,7003551,1.248,1.0144,1.242
slovenia,g6_00014_4.tif,6201298,4.46,1.1525,3.288
slovenia,g6_00014_4.tif,6201299,2.094,0.9772,1.927
slovenia,g6_00014_4.tif,6201308,2.094,1.4645,1.927
slovenia,g6_00014_4.tif,6201309,4.46,1.5832,2.999
slovenia,g6_00014_4.tif,6203805,3.556,1.2852,2.999
slovenia,g6_00014_4.tif,6203820,0.783,3.1464,0.414
slovenia,g6_00014_4.tif,6203821,2.511,1.4027,1.927
slovenia,g6_00014_4.tif,6203827,2.367,1.9778,1.927
slovenia,g6_00014_4.tif,6203940,1.643,1.2511,1.242
slovenia,g6_00014_4.tif,6205933,0.783,2.4939,0.414
slovenia,g6_00014_4.tif,6205935,2.126,1.7958,1.927
slovenia,g6_00014_4.tif,6322619,5.819,0.9869,4.044
slovenia,g6_00014_4.tif,6322643,1.256,1.791,1.242
slovenia,g6_00014_4.tif,6529295,7.828,1.8457,6.26
slovenia,g6_00014_4.tif,6570322,0.783,1.9688,0.414
slovenia,g6_00014_4.tif,6570630,1.984,1.4702,1.242
slovenia,g6_00014_4.tif,6859476,6.535,1.3786,4.821
slovenia,g6_00014_4.tif,6859651,4.671,1.8923,3.725
slovenia,g6_00014_4.tif,6859699,0.783,1.6776,0.414
slovenia,g6_00014_4.tif,6978643,1.984,1.7439,1.242
slovenia,g6_00014_4.tif,6978673,1.256,1.2318,1.242
slovenia,g6_00014_4.tif,6978675,1.256,1.2392,1.242
slovenia,g6_00014_5.tif,6147188,3.704,2.986,2.999
slovenia,g6_00014_5.tif,6147190,3.769,2.5276,3.098
slovenia,g6_00014_5.tif,6147192,0.419,2.0446,0.414
slovenia,g6_00014_5.tif,6147194,1.046,1.408,0.757
slovenia,g6_00014_5.tif,6147203,2.126,1.4893,1.437
slovenia,g6_00014_5.tif,6147209,1.256,2.2341,1.242
slovenia,g6_00014_5.tif,6147210,2.511,1.8185,1.927
slovenia,g6_00014_5.tif,6147261,1.046,2.1498,0.757
slovenia,g6_00014_5.tif,6437722,1.984,1.9335,1.242
slovenia,g6_00014_5.tif,6437723,2.126,2.3147,1.437
slovenia,g6_00014_5.tif,6437732,2.367,1.342,1.927
slovenia,g6_00014_5.tif,6437871,1.256,2.0677,1.242
slovenia,g6_00014_5.tif,6437913,2.511,1.897,1.927
slovenia,g6_00014_5.tif,6437953,1.643,2.1659,1.437
slovenia,g6_00014_5.tif,6438079,3.704,2.3082,3.098
slovenia,g6_00014_5.tif,6496829,3.282,1.5489,2.204
slovenia,g6_00014_5.tif,6496834,3.556,1.6313,2.571
slovenia,g6_00014_5.tif,6496839,2.126,1.4798,1.437
slovenia,g6_00014_5.tif,6497108,3.282,1.4767,2.204
slovenia,g6_00014_5.tif,6497210,1.046,2.0014,0.757
slovenia,g6_00014_5.tif,6570322,1.046,2.024,0.757
slovenia,g6_00014_5.tif,6587761,3.186,2.0917,2.204
slovenia,g6_00014_5.tif,6587768,2.511,1.9886,1.927
slovenia,g6_00014_5.tif,6587773,1.046,1.5983,0.757
slovenia,g6_00014_5.tif,6587776,1.046,1.6065,0.757
slovenia,g6_00014_5.tif,6587947,1.984,2.2158,1.242
slovenia,g6_00014_5.tif,6702947,2.126,2.9143,1.437
slovenia,g6_00014_5.tif,6702948,2.094,1.0089,1.927
slovenia,g6_00014_5.tif,6702957,2.511,2.1065,1.927
slovenia,g6_00014_5.tif,6702964,1.643,1.5326,1.242
slovenia,g6_00014_5.tif,6702971,3.556,2.3845,2.571
slovenia,g6_00014_5.tif,6702977,3.556,2.176,2.571
slovenia,g6_00014_5.tif,6702978,3.186,3.2263,2.069
slovenia,g6_00014_5.tif,6702986,1.643,1.1353,1.242
slovenia,g6_00014_5.tif,6702987,1.643,1.4218,1.242
slovenia,g6_00014_5.tif,6702992,2.932,2.4695,2.571
slovenia,g6_00014_5.tif,6703907,1.046,1.9447,0.757
slovenia,g6_00014_5.tif,6703931,1.984,2.2951,1.242
slovenia,g6_00014_5.tif,6836613,1.643,1.9952,1.242
slovenia,g6_00014_5.tif,6836656,1.046,1.9233,0.757
slovenia,g6_00014_5.tif,6836687,3.058,1.9403,2.571
slovenia,g6_00017_4.tif,6134668,1.637,0.9077,1.242
slovenia,g6_00017_4.tif,6154528,1.637,0.6524,1.242
slovenia,g6_00017_4.tif,6187558,1.046,0.5698,0.757
slovenia,g6_00017_4.tif,6187559,1.046,1.0191,0.757
slovenia,g6_00017_4.tif,6187563,1.637,1.1484,1.242
slovenia,g6_00017_4.tif,6187689,1.637,0.6975,1.242
slovenia,g6_00017_4.tif,6187939,1.046,0.9803,0.757
slovenia,g6_00017_4.tif,6187940,5.743,1.0037,4.886
slovenia,g6_00017_4.tif,6187941,5.126,0.964,4.413
slovenia,g6_00017_4.tif,6188119,2.355,1.4407,2.069
slovenia,g6_00017_4.tif,6188201,1.248,1.0167,1.242
slovenia,g6_00017_4.tif,6188249,1.248,0.8046,1.242
slovenia,g6_00017_4.tif,6188286,1.248,0.745,1.242
slovenia,g6_00017_4.tif,6188308,3.049,1.1226,2.204
slovenia,g6_00017_4.tif,6529297,1.637,1.0582,1.437
slovenia,g6_00017_4.tif,6529298,3.049,0.9703,2.571
slovenia,g6_00017_4.tif,6534863,1.046,1.6675,0.757
slovenia,g6_00017_4.tif,6559002,1.637,1.8664,1.242
slovenia,g6_00017_4.tif,6559011,0.416,1.0858,0.414
slovenia,g6_00017_4.tif,6565774,4.39,1.928,2.897
slovenia,g6_00017_4.tif,6565775,1.987,1.062,1.437
slovenia,g6_00017_4.tif,6565790,2.355,1.2292,1.927
slovenia,g6_00017_4.tif,6565792,3.189,2.1776,2.069
slovenia,g6_00017_4.tif,6565795,3.284,0.8313,2.571
slovenia,g6_00017_4.tif,6565835,2.355,1.4736,1.927
slovenia,g6_00017_4.tif,6565836,1.046,1.1054,0.757
slovenia,g6_00017_4.tif,6566186,1.637,0.8259,1.242
slovenia,g6_00017_4.tif,6566187,1.046,0.641,0.757
slovenia,g6_00017_4.tif,6566213,0.785,0.7133,0.414
slovenia,g6_00017_4.tif,6591667,1.248,1.3731,1.242
slovenia,g6_00017_4.tif,6591838,1.637,1.5145,1.437
slovenia,g6_00017_4.tif,6749466,4.39,1.1324,3.725
slovenia,g6_00017_4.tif,6749469,2.081,1.9572,2.069
slovenia,g6_00017_4.tif,6749883,3.915,1.1658,3.725
slovenia,g6_00017_4.tif,6754133,5.942,1.4751,4.413
slovenia,g6_00017_4.tif,6754157,1.046,1.9224,0.757
slovenia,g6_00017_4.tif,6754388,1.248,1.8575,1.242
slovenia,g6_00017_4.tif,6988055,1.987,0.5694,1.242
slovenia,g6_00017_4.tif,6988394,0.785,1.2082,0.414
slovenia,g6_00017_5.tif,6152309,5.108,2.3662,3.725
slovenia,g6_00017_5.tif,6152310,7.164,3.0536,5.89
slovenia,g6_00017_5.tif,6201298,2.367,1.3023,1.927
slovenia,g6_00017_5.tif,6201299,2.094,0.8654,2.069
slovenia,g6_00017_5.tif,6203820,7.216,3.0416,5.139
slovenia,g6_00017_5.tif,6859476,3.705,1.8306,2.897
slovenia,g6_00017_5.tif,6978643,9.105,2.2106,8.228
slovenia,g6_00017_6.tif,6152304,3.705,1.3936,3.098
slovenia,g6_00017_6.tif,6152306,4.411,1.4989,3.725
slovenia,g6_00017_6.tif,6180898,1.984,1.8055,1.242
slovenia,g6_00017_6.tif,6180900,3.556,2.3783,2.571
slovenia,g6_00017_6.tif,6180948,2.511,2.2523,1.927
slovenia,g6_00017_6.tif,6181028,1.046,1.2684,0.757
slovenia,g6_00017_6.tif,6181079,2.126,1.9024,1.437
slovenia,g6_00017_6.tif,6181110,1.046,2.4026,0.757
slovenia,g6_00017_6.tif,6525242,1.046,1.1567,0.757
slovenia,g6_00017_6.tif,6599799,4.388,1.276,2.999
slovenia,g6_00017_6.tif,6599803,1.984,2.006,1.242
slovenia,g6_00017_6.tif,6656815,2.932,2.4078,2.571
slovenia,g6_00017_6.tif,6656841,2.367,1.4731,1.927
slovenia,g6_00017_6.tif,6656845,2.126,1.6031,1.437
slovenia,g6_00017_6.tif,6656850,2.367,1.9596,1.927
slovenia,g6_00017_6.tif,6657171,2.094,1.9787,1.927
slovenia,g6_00017_6.tif,6657228,1.046,2.6042,0.757
slovenia,g6_00017_6.tif,6657523,0.419,1.4558,0.414
slovenia,g6_00017_6.tif,6714968,3.705,2.0305,3.288
slovenia,g6_00017_6.tif,6714969,2.367,1.917,1.927
slovenia,g6_00017_6.tif,6714972,2.511,1.9623,1.927
slovenia,g6_00017_6.tif,6714976,3.059,1.8741,2.069
slovenia,g6_00017_6.tif,6714977,2.932,2.0816,2.571
slovenia,g6_00017_6.tif,6935664,4.388,1.4453,2.897
slovenia,g6_00017_6.tif,6978646,2.126,2.869,1.437
slovenia,g6_00017_6.tif,6978653,3.939,1.2732,2.897
slovenia,g6_00017_6.tif,6978655,1.643,0.954,1.437
slovenia,g6_00017_6.tif,6978663,5.767,2.2286,4.886
slovenia,g6_00017_6.tif,6978665,3.186,1.3848,2.069
slovenia,g6_00017_6.tif,6978669,4.46,1.9743,2.999
slovenia,g6_00017_6.tif,6978688,4.411,2.1723,3.725
slovenia,g6_00017_6.tif,6978718,0.419,2.5544,0.414
slovenia,g6_00017_6.tif,6978719,5.153,2.3635,4.821
slovenia,g6_00017_6.tif,6978726,1.643,0.9613,1.437
slovenia,g6_00017_6.tif,6978778,0.419,0.7973,0.414
slovenia,g6_00017_6.tif,7018370,1.643,1.6069,1.437
slovenia,g6_00017_6.tif,7018402,2.126,1.7794,1.437
slovenia,g6_00017_6.tif,7018419,2.126,1.8224,1.927
slovenia,g6_00017_6.tif,7018437,1.643,1.9199,1.242
slovenia,g6_00017_6.tif,7018461,1.046,1.5645,0.757
slovenia,g6_00017_6.tif,7018473,1.046,3.2543,0.757
slovenia,g6_00017_6.tif,7018474,1.257,3.4871,1.242
slovenia,g6_00017_6.tif,7019154,1.643,1.9276,1.437
slovenia,g6_00017_6.tif,7019491,1.984,2.0146,1.242
slovenia,g6_00017_6.tif,7019678,1.643,1.8302,1.437
slovenia,g6_00020_5.tif,6134624,2.355,2.7388,1.927
slovenia,g6_00020_5.tif,6134625,1.987,3.197,1.437
slovenia,g6_00020_5.tif,6187555,3.69,2.5767,3.288
slovenia,g6_00020_5.tif,6187575,2.127,1.9391,1.437
slovenia,g6_00020_5.tif,6525249,1.046,1.9856,0.757
slovenia,g6_00020_5.tif,6565766,2.507,1.7857,1.927
slovenia,g6_00020_5.tif,6565811,4.462,2.3578,2.999
slovenia,g6_00020_5.tif,6565835,2.127,1.3907,1.437
slovenia,g6_00020_5.tif,6565836,5.431,1.149,4.044
slovenia,g6_00020_5.tif,6640602,6.351,2.131,6.26
slovenia,g6_00020_5.tif,6988050,1.046,1.3026,0.757
slovenia,g6_00020_5.tif,6988070,1.637,2.072,1.242
slovenia,g6_00020_5.tif,6988077,3.05,2.0088,2.204
slovenia,g6_00020_5.tif,6988079,1.637,2.7215,1.437
slovenia,g6_00020_5.tif,6988081,1.987,1.8033,1.242
slovenia,g6_00020_5.tif,6988394,1.637,1.7202,1.242
slovenia,g6_00020_5.tif,6989140,3.189,2.3169,2.204
slovenia,g6_00020_6.tif,6174567,3.059,3.012,2.571
slovenia,g6_00020_6.tif,6174569,4.609,2.4992,4.553
slovenia,g6_00020_6.tif,6174585,2.095,1.4866,2.069
slovenia,g6_00020_6.tif,6303371,2.933,2.439,2.571
slovenia,g6_00020_6.tif,6303373,1.257,1.6076,1.242
slovenia,g6_00020_6.tif,6580758,3.706,1.4596,2.999
slovenia,g6_00020_6.tif,6580769,1.257,1.6608,1.242
slovenia,g6_00020_6.tif,6580783,1.046,3.2331,0.757
slovenia,g6_00020_6.tif,6775871,4.411,2.3238,4.044
slovenia,g6_00020_6.tif,6794255,3.976,1.5048,2.897
slovenia,g6_00020_6.tif,6794258,1.984,1.9292,1.242
slovenia,g6_00020_6.tif,6794259,4.411,2.063,3.288
slovenia,g6_00020_6.tif,6906066,3.186,1.7689,2.069
slovenia,g6_00020_6.tif,6906089,5.768,2.8146,5.139
slovenia,g6_00020_6.tif,6906107,2.367,1.8811,2.204
slovenia,g6_00020_6.tif,6906112,2.367,2.5829,1.927
slovenia,g6_00020_6.tif,6906510,1.046,2.4413,0.757
slovenia,g6_00020_6.tif,6997022,1.046,1.6452,0.757
slovenia,g6_00020_7.tif,6301462,1.984,1.8341,1.242
slovenia,g6_00020_7.tif,6320753,3.556,2.2867,2.571
slovenia,g6_00020_7.tif,6320757,2.367,1.2339,1.927
slovenia,g6_00020_7.tif,6320762,3.186,1.595,2.069
slovenia,g6_00020_7.tif,6320772,1.046,2.6414,0.757
slovenia,g6_00020_7.tif,6320803,4.388,2.1771,2.897
slovenia,g6_00020_7.tif,6320807,1.046,1.934,0.757
slovenia,g6_00020_7.tif,6436729,1.046,2.4704,0.757
slovenia,g6_00020_7.tif,6775840,2.095,1.6254,1.437
slovenia,g6_00020_7.tif,6775853,4.411,1.1613,3.807
slovenia,g6_00020_7.tif,6775857,3.059,2.1964,2.204
slovenia,g6_00020_7.tif,6776550,1.046,1.797,0.757
slovenia,g6_00020_7.tif,7057916,3.059,2.5263,2.571
slovenia,g6_00020_7.tif,7057921,2.126,1.8515,1.437
slovenia,g6_00023_15.tif,6111432,7.217,1.1048,5.38
slovenia,g6_00023_15.tif,6232840,13.83,1.8558,13.658
slovenia,g6_00023_15.tif,6232846,5.005,2.4651,3.725
slovenia,g6_00023_15.tif,6250367,4.61,1.8983,4.553
slovenia,g6_00023_15.tif,6250371,4.61,1.6113,4.553
slovenia,g6_00023_15.tif,6268134,2.368,2.096,2.069
slovenia,g6_00023_15.tif,6268330,1.984,1.9731,1.242
slovenia,g6_00023_15.tif,6270672,5.589,1.3404,3.725
slovenia,g6_00023_15.tif,6270675,2.934,1.9305,2.571
slovenia,g6_00023_15.tif,6319534,3.941,1.607,3.725
slovenia,g6_00023_15.tif,6319589,2.934,1.0284,2.571
slovenia,g6_00023_15.tif,6319592,3.941,1.5185,3.725
slovenia,g6_00023_15.tif,6362656,13.036,1.6162,9.024
slovenia,g6_00023_15.tif,6362662,3.976,1.4133,2.897
slovenia,g6_00023_15.tif,6362877,11.597,1.3947,7.863
slovenia,g6_00023_15.tif,6362964,0.783,1.2483,0.414
slovenia,g6_00023_15.tif,6408126,1.984,2.1533,1.242
slovenia,g6_00023_15.tif,6408127,5.005,1.9056,3.725
slovenia,g6_00023_15.tif,6453825,6.287,1.6865,6.208
slovenia,g6_00023_15.tif,6574775,5.921,1.3001,5.612
slovenia,g6_00023_15.tif,6575099,4.61,1.9633,4.553
slovenia,g6_00023_15.tif,6575135,2.096,1.9031,2.069
slovenia,g6_00023_15.tif,6575142,2.934,1.5825,2.571
slovenia,g6_00023_15.tif,6575181,2.934,2.0823,2.897
slovenia,g6_00023_15.tif,6599563,3.186,1.3979,2.069
slovenia,g6_00023_15.tif,6599577,4.387,2.2527,2.897
slovenia,g6_00023_15.tif,6611666,6.791,1.3482,4.553
slovenia,g6_00023_15.tif,6640849,6.094,1.56,4.821
slovenia,g6_00023_15.tif,6658482,8.705,1.2305,8.108
slovenia,g6_00023_15.tif,6658486,3.941,1.4986,3.725
slovenia,g6_00023_15.tif,6659719,3.706,1.2096,3.288
slovenia,g6_00023_15.tif,6666591,7.125,1.608,7.036
slovenia,g6_00023_15.tif,6666592,1.257,1.7219,1.242
slovenia,g6_00023_15.tif,6666593,5.589,1.3532,3.725
slovenia,g6_00023_15.tif,6666602,0.419,1.0367,0.414
slovenia,g6_00023_15.tif,6666604,3.706,1.3997,3.288
slovenia,g6_00023_15.tif,6666779,10.739,1.9104,9.958
slovenia,g6_00023_15.tif,6666780,4.61,1.3586,4.413
slovenia,g6_00023_15.tif,6666789,8.301,1.6591,7.395
slovenia,g6_00023_15.tif,6666799,7.166,1.9173,6.051
slovenia,g6_00023_15.tif,6666804,5.589,2.3954,3.725
slovenia,g6_00023_15.tif,6670715,5.589,1.5243,3.725
slovenia,g6_00023_15.tif,6691922,7.532,1.543,7.036
slovenia,g6_00023_15.tif,6724651,4.61,2.0126,3.725
slovenia,g6_00023_15.tif,6724656,3.282,1.1268,2.571
slovenia,g6_00023_15.tif,6736609,3.186,1.7982,2.069
slovenia,g6_00023_15.tif,6802234,1.046,2.1608,0.757
slovenia,g6_00023_15.tif,6802281,6.094,2.758,4.413
slovenia,g6_00023_15.tif,6891334,12.799,1.8013,9.274
slovenia,g6_00023_15.tif,6891339,10.266,1.354,9.588
slovenia,g6_00023_15.tif,6891344,8.371,1.7858,7.439
slovenia,g6_00023_15.tif,6891636,10.729,1.2227,9.958
slovenia,g6_00023_15.tif,6891649,4.412,1.3789,4.044
slovenia,g6_00023_15.tif,6891728,5.769,1.6719,5.139
slovenia,g6_00023_15.tif,6891740,1.643,1.7765,1.437
slovenia,g6_00023_15.tif,6908527,3.941,1.162,3.098
slovenia,g6_00023_15.tif,6908530,2.511,1.6734,1.927
slovenia,g6_00023_15.tif,6975417,3.557,2.2747,2.571
slovenia,g6_00023_15.tif,7014833,5.448,1.848,5.139
slovenia,g6_00023_15.tif,7014839,5.589,1.7097,3.725
slovenia,g6_00023_15.tif,7014970,1.643,1.4924,1.437
slovenia,g6_00023_15.tif,7018617,2.096,1.5397,2.069
slovenia,g6_00023_15.tif,7018619,5.005,2.2169,3.725
slovenia,g6_00023_15.tif,7018622,6.461,1.1585,4.886
slovenia,g6_00023_15.tif,7018906,3.186,1.7105,2.069
slovenia,g6_00023_15.tif,7018907,3.282,2.0947,2.204
slovenia,g6_00023_15.tif,7019234,3.059,1.8097,2.204
slovenia,g6_00023_15.tif,7044216,2.126,2.5141,1.927
slovenia,g6_00023_15.tif,7064082,2.934,1.6575,2.571
slovenia,g6_00023_15.tif,7064086,3.706,1.6263,3.288
slovenia,g6_00023_16.tif,6111442,4.387,2.0775,2.999
slovenia,g6_00023_16.tif,6141489,1.984,1.9746,1.242
slovenia,g6_00023_16.tif,6171463,1.257,1.9132,1.242
slovenia,g6_00023_16.tif,6172340,6.467,2.4423,5.89
slovenia,g6_00023_16.tif,6172343,7.498,2.0492,6.26
slovenia,g6_00023_16.tif,6250367,8.801,2.2061,7.863
slovenia,g6_00023_16.tif,6268137,3.186,2.7342,2.069
slovenia,g6_00023_16.tif,6270679,3.557,1.1554,2.571
slovenia,g6_00023_16.tif,6324357,3.143,2.1328,2.999
slovenia,g6_00023_16.tif,6326019,11.626,1.6014,10.473
slovenia,g6_00023_16.tif,6326158,1.643,1.8268,1.242
slovenia,g6_00023_16.tif,6362656,2.934,1.9108,2.204
slovenia,g6_00023_16.tif,6362663,2.126,1.4279,1.437
slovenia,g6_00023_16.tif,6593065,7.992,2.3425,5.439
slovenia,g6_00023_16.tif,6600429,3.143,1.9554,2.571
slovenia,g6_00023_16.tif,6601224,0.419,1.6584,0.414
slovenia,g6_00023_16.tif,6666597,4.412,2.1902,4.044
slovenia,g6_00023_16.tif,6666599,3.186,1.4822,2.069
slovenia,g6_00023_16.tif,6666600,1.984,1.3685,1.242
slovenia,g6_00023_16.tif,6666601,3.186,2.5858,2.069
slovenia,g6_00023_16.tif,6666602,3.772,1.5907,3.725
slovenia,g6_00023_16.tif,6666607,2.096,1.6894,2.069
slovenia,g6_00023_16.tif,6666795,6.839,1.8836,6.051
slovenia,g6_00023_16.tif,6670713,4.387,1.6924,2.897
slovenia,g6_00023_16.tif,6670714,7.125,1.7804,6.99
slovenia,g6_00023_16.tif,6705284,5.589,1.5726,3.725
slovenia,g6_00023_16.tif,6705321,2.368,2.4318,2.069
slovenia,g6_00023_16.tif,6714340,4.412,2.4447,3.288
slovenia,g6_00023_16.tif,6715861,7.963,1.9626,7.217
slovenia,g6_00023_16.tif,6716770,3.059,1.867,2.571
slovenia,g6_00023_16.tif,6726223,6.393,1.6028,5.439
slovenia,g6_00023_16.tif,6736607,3.772,1.7944,3.725
slovenia,g6_00023_16.tif,6736616,1.984,1.3669,1.242
slovenia,g6_00023_16.tif,6736710,2.368,1.8068,2.204
slovenia,g6_00023_16.tif,6886248,4.387,1.3894,2.897
slovenia,g6_00023_16.tif,6886585,4.387,3.2546,2.897
slovenia,g6_00023_16.tif,6886587,2.126,3.2139,1.437
slovenia,g6_00023_16.tif,6908526,6.791,1.3372,4.553
slovenia,g6_00023_16.tif,6908527,1.257,1.3231,1.242
slovenia,g6_00023_16.tif,6908528,1.257,1.2787,1.242
slovenia,g6_00023_16.tif,6936731,2.934,1.3129,2.897
slovenia,g6_00023_16.tif,6936734,3.557,2.2612,2.897
slovenia,g6_00023_16.tif,6936838,1.984,2.4022,1.242
slovenia,g6_00023_16.tif,7014833,2.368,1.7192,2.069
slovenia,g6_00023_16.tif,7018612,5.448,1.3773,4.553
slovenia,g6_00023_16.tif,7018621,5.589,1.1139,3.725
slovenia,g6_00023_16.tif,7018622,1.257,1.3721,1.242
slovenia,g6_00023_16.tif,7018629,3.941,1.8234,3.807
slovenia,g6_00023_16.tif,7018636,3.976,1.7234,2.897
slovenia,g6_00023_16.tif,7052891,8.301,2.0827,7.395
slovenia,g6_00023_17.tif,6112660,1.984,1.169,1.437
slovenia,g6_00023_17.tif,6112697,1.046,1.225,0.757
slovenia,g6_00023_17.tif,6163367,1.257,1.5445,1.242
slovenia,g6_00023_17.tif,6178804,1.046,1.0847,0.757
slovenia,g6_00023_17.tif,6185194,3.282,1.9525,2.204
slovenia,g6_00023_17.tif,6185196,3.557,1.7599,2.571
slovenia,g6_00023_17.tif,6185197,2.511,1.4026,1.927
slovenia,g6_00023_17.tif,6273099,5.769,1.4222,4.413
slovenia,g6_00023_17.tif,6273103,4.504,1.8644,3.288
slovenia,g6_00023_17.tif,6273320,0.783,2.0428,0.414
slovenia,g6_00023_17.tif,6273464,3.059,1.147,2.571
slovenia,g6_00023_17.tif,6273473,0.419,1.2718,0.414
slovenia,g6_00023_17.tif,6341901,3.186,1.3916,2.069
slovenia,g6_00023_17.tif,6341905,4.752,1.9138,3.725
slovenia,g6_00023_17.tif,6341910,6.393,1.6612,5.38
slovenia,g6_00023_17.tif,6341912,1.046,1.2734,0.757
slovenia,g6_00023_17.tif,6342217,1.643,1.8285,1.437
slovenia,g6_00023_17.tif,6342266,1.257,0.9923,1.242
slovenia,g6_00023_17.tif,6363523,7.992,1.3979,5.38
slovenia,g6_00023_17.tif,6558967,2.096,0.8369,1.927
slovenia,g6_00023_17.tif,6600412,1.643,2.4033,1.242
slovenia,g6_00023_17.tif,6600420,2.096,1.1324,1.927
slovenia,g6_00023_17.tif,6600513,2.511,2.0721,2.069
slovenia,g6_00023_17.tif,6601205,1.046,1.0806,0.757
slovenia,g6_00023_17.tif,6666595,6.467,2.354,4.821
slovenia,g6_00023_17.tif,6670694,3.059,0.9674,2.069
slovenia,g6_00023_17.tif,6670695,9.381,1.3746,6.99
slovenia,g6_00023_17.tif,6670730,2.934,1.7981,2.571
slovenia,g6_00023_17.tif,6670749,2.934,2.0607,2.069
slovenia,g6_00023_17.tif,6715839,14.025,1.5104,10.056
slovenia,g6_00023_17.tif,6715885,3.143,1.1946,2.999
slovenia,g6_00023_17.tif,6715904,6.791,2.3922,4.553
slovenia,g6_00023_17.tif,6736602,7.992,1.8247,6.208
slovenia,g6_00023_17.tif,6736603,9.381,1.8447,7.439
slovenia,g6_00023_17.tif,6886569,5.589,2.0339,3.725
slovenia,g6_00023_17.tif,6886572,7.217,1.8392,5.439
slovenia,g6_00023_17.tif,6886573,5.819,1.9381,4.044
slovenia,g6_00023_17.tif,6886581,4.46,2.4402,2.999
slovenia,g6_00023_17.tif,6886582,5.005,2.7497,3.725
slovenia,g6_00023_17.tif,6886610,5.769,1.6949,4.413
slovenia,g6_00023_17.tif,6908520,6.791,0.5781,4.553
slovenia,g6_00023_17.tif,6926864,2.368,1.0712,1.927
slovenia,g6_00023_17.tif,6946845,8.705,1.7957,8.108
slovenia,g6_00023_17.tif,6946851,7.125,2.1521,6.051
slovenia,g6_00023_17.tif,6946859,3.941,2.0944,3.807
slovenia,g6_00023_17.tif,6947031,7.831,2.0779,6.61
slovenia,g6_00023_17.tif,6947050,1.643,1.7138,1.242
slovenia,g6_00023_17.tif,6953414,3.186,1.4831,2.069
slovenia,g6_00023_17.tif,6957581,4.412,1.2788,3.725
slovenia,g6_00023_17.tif,6957587,3.557,2.2491,2.571
slovenia,g6_00023_17.tif,6957594,2.368,0.9767,2.069
slovenia,g6_00023_17.tif,6957870,5.155,1.6559,4.413
slovenia,g6_00023_17.tif,6957927,1.984,1.6808,1.437
slovenia,g6_00023_17.tif,6957966,1.046,1.8405,0.757
slovenia,g6_00023_17.tif,6984788,2.934,1.1307,2.571
slovenia,g6_00023_17.tif,6984944,7.166,2.1985,6.051
slovenia,g6_00023_17.tif,6984969,7.831,2.1043,6.051
slovenia,g6_00023_17.tif,7045236,3.143,1.6485,2.999
slovenia,g6_00023_17.tif,7064454,3.059,1.0366,2.069
slovenia,g6_00023_18.tif,6094963,1.257,0.8969,1.242
slovenia,g6_00023_18.tif,6094964,2.934,0.996,2.897
slovenia,g6_00023_18.tif,6094965,1.643,1.5714,1.437
slovenia,g6_00023_18.tif,6094966,3.143,1.0893,2.999
slovenia,g6_00023_18.tif,6094967,1.046,0.8415,0.757
slovenia,g6_00023_18.tif,6094972,3.186,1.2258,2.069
slovenia,g6_00023_18.tif,6094976,2.096,1.8342,2.069
slovenia,g6_00023_18.tif,6095025,3.282,1.9192,2.204
slovenia,g6_00023_18.tif,6095050,3.772,1.3517,3.725
slovenia,g6_00023_18.tif,6095061,3.706,1.2431,3.288
slovenia,g6_00023_18.tif,6095749,1.984,0.8647,1.242
slovenia,g6_00023_18.tif,6142461,3.059,2.0122,2.069
slovenia,g6_00023_18.tif,6185193,5.005,1.5524,3.725
slovenia,g6_00023_18.tif,6185197,1.984,1.2323,1.242
slovenia,g6_00023_18.tif,6202138,2.368,1.7671,1.927
slovenia,g6_00023_18.tif,6246367,1.257,1.5577,1.242
slovenia,g6_00023_18.tif,6273103,3.143,1.3698,2.897
slovenia,g6_00023_18.tif,6273126,1.984,1.1583,1.242
slovenia,g6_00023_18.tif,6296125,2.368,1.1604,2.204
slovenia,g6_00023_18.tif,6364858,5.57,1.5198,5.139
slovenia,g6_00023_18.tif,6509340,3.282,1.5858,2.204
slovenia,g6_00023_18.tif,6558967,2.368,1.1133,2.069
slovenia,g6_00023_18.tif,6600410,2.368,1.687,1.927
slovenia,g6_00023_18.tif,6600412,1.643,1.4598,1.242
slovenia,g6_00023_18.tif,6600513,5.109,1.6318,3.725
slovenia,g6_00023_18.tif,6600580,1.257,1.5365,1.242
slovenia,g6_00023_18.tif,6600588,1.046,1.7773,0.757
slovenia,g6_00023_18.tif,6600753,1.257,1.6955,1.242
slovenia,g6_00023_18.tif,6601122,0.419,1.1935,0.414
slovenia,g6_00023_18.tif,6605623,2.096,1.7384,1.927
slovenia,g6_00023_18.tif,6605670,1.984,1.4311,1.242
slovenia,g6_00023_18.tif,6624743,8.301,1.0461,7.082
slovenia,g6_00023_18.tif,6624752,3.772,1.7133,3.725
slovenia,g6_00023_18.tif,6624865,7.532,1.0361,5.38
slovenia,g6_00023_18.tif,6624874,6.839,1.0544,4.621
slovenia,g6_00023_18.tif,6643194,4.387,0.9052,2.999
slovenia,g6_00023_18.tif,6643203,2.934,1.074,2.897
slovenia,g6_00023_18.tif,6643436,1.257,1.0755,1.242
slovenia,g6_00023_18.tif,6670695,2.934,1.2892,2.571
slovenia,g6_00023_18.tif,6670702,3.706,0.7792,3.288
slovenia,g6_00023_18.tif,6670707,1.643,1.0803,1.437
slovenia,g6_00023_18.tif,6670718,4.61,0.7971,4.553
slovenia,g6_00023_18.tif,6670723,4.61,2.3623,4.553
slovenia,g6_00023_18.tif,6670749,1.643,2.0945,1.242
slovenia,g6_00023_18.tif,6686380,1.643,0.7684,1.437
slovenia,g6_00023_18.tif,6696060,1.257,0.9964,1.242
slovenia,g6_00023_18.tif,6696128,1.046,0.9147,0.757
slovenia,g6_00023_18.tif,6738137,1.046,1.0643,0.757
slovenia,g6_00023_18.tif,6742984,2.368,1.0164,2.069
slovenia,g6_00023_18.tif,6742990,2.096,1.9414,1.927
slovenia,g6_00023_18.tif,6742996,2.126,1.3051,1.437
slovenia,g6_00023_18.tif,6742998,1.984,1.2232,1.242
slovenia,g6_00023_18.tif,6744391,3.772,1.2498,3.288
slovenia,g6_00023_18.tif,6744403,1.257,1.3087,1.242
slovenia,g6_00023_18.tif,6744404,1.046,1.6821,0.757
slovenia,g6_00023_18.tif,6744551,1.257,1.8027,1.242
slovenia,g6_00023_18.tif,6745909,3.059,1.4674,2.069
slovenia,g6_00023_18.tif,6749903,3.976,1.7195,2.897
slovenia,g6_00023_18.tif,6749907,4.387,1.55,2.897
slovenia,g6_00023_18.tif,6749914,3.186,1.9933,2.069
slovenia,g6_00023_18.tif,6749921,3.059,1.0679,2.069
slovenia,g6_00023_18.tif,6749974,1.046,1.498,0.757
slovenia,g6_00023_18.tif,6794671,2.511,1.2494,1.927
slovenia,g6_00023_18.tif,6794672,1.643,1.2708,1.242
slovenia,g6_00023_18.tif,6794809,2.126,1.2241,1.437
slovenia,g6_00023_18.tif,6808650,1.984,1.7927,1.242
slovenia,g6_00023_18.tif,6808651,1.984,1.3455,1.242
slovenia,g6_00023_18.tif,6808663,3.186,1.4376,2.069
slovenia,g6_00023_18.tif,6808666,2.934,1.9912,2.897
slovenia,g6_00023_18.tif,6808686,5.441,1.0374,3.725
slovenia,g6_00023_18.tif,6809339,1.257,2.3585,1.242
slovenia,g6_00023_18.tif,6809855,1.046,1.0702,0.757
slovenia,g6_00023_18.tif,6863008,10.586,1.3723,9.239
slovenia,g6_00023_18.tif,6863025,2.096,1.6698,2.069
slovenia,g6_00023_18.tif,6863027,2.126,1.6568,1.437
slovenia,g6_00023_18.tif,6863033,5.589,2.4029,4.268
slovenia,g6_00023_18.tif,6863034,2.368,0.8982,2.204
slovenia,g6_00023_18.tif,6863036,4.412,0.837,3.807
slovenia,g6_00023_18.tif,6886583,4.671,1.3267,3.288
slovenia,g6_00023_18.tif,6946862,5.769,1.4635,4.413
slovenia,g6_00023_18.tif,6946863,2.934,1.2,2.897
slovenia,g6_00023_18.tif,6947815,2.368,1.2567,2.069
slovenia,g6_00023_18.tif,6957579,4.46,1.1991,2.999
slovenia,g6_00023_18.tif,6957594,0.419,1.5654,0.414
slovenia,g6_00023_18.tif,6957602,2.126,1.5659,1.437
slovenia,g6_00023_18.tif,6957666,0.783,1.0007,0.414
slovenia,g6_00023_18.tif,6959711,10.478,1.001,8.228
slovenia,g6_00023_18.tif,6984788,3.706,1.2055,3.288
slovenia,g6_00023_18.tif,6984793,4.61,1.036,4.268
slovenia,g6_00023_18.tif,6984795,2.368,1.1983,2.204
slovenia,g6_00023_18.tif,6992705,10.396,2.1649,7.863
slovenia,g6_00023_18.tif,6992710,3.186,1.5703,2.069
slovenia,g6_00023_18.tif,6992713,5.769,1.3736,4.413
slovenia,g6_00024_0.tif,6094974,2.915,1.1654,2.897
slovenia,g6_00024_0.tif,6121758,1.637,0.9613,1.437
slovenia,g6_00024_0.tif,6121766,3.917,1.3705,3.807
slovenia,g6_00024_0.tif,6121887,1.637,1.3955,1.437
slovenia,g6_00024_0.tif,6283611,1.249,0.9658,1.242
slovenia,g6_00024_0.tif,6283615,3.691,2.0523,2.999
slovenia,g6_00024_0.tif,6285642,5.535,1.6185,4.886
slovenia,g6_00024_0.tif,6285643,1.637,1.4673,1.242
slovenia,g6_00024_0.tif,6285647,3.05,2.3099,2.069
slovenia,g6_00024_0.tif,6285648,3.05,2.2824,2.571
slovenia,g6_00024_0.tif,6285872,1.046,1.6395,0.757
slovenia,g6_00024_0.tif,6296078,12.801,2.0033,9.519
slovenia,g6_00024_0.tif,6352006,1.637,0.8645,1.242
slovenia,g6_00024_0.tif,6352011,2.082,1.3208,1.927
slovenia,g6_00024_0.tif,6352036,1.637,1.3659,1.437
slovenia,g6_00024_0.tif,6425676,6.453,1.3203,4.821
slovenia,g6_00024_0.tif,6425698,7.798,2.0707,6.61
slovenia,g6_00024_0.tif,6425772,2.356,1.7613,1.927
slovenia,g6_00024_0.tif,6425894,1.637,1.599,1.437
slovenia,g6_00024_0.tif,6427240,3.05,0.9328,2.204
slovenia,g6_00024_0.tif,6427380,0.785,1.0389,0.414
slovenia,g6_00024_0.tif,6597569,5.431,1.7757,4.044
slovenia,g6_00024_0.tif,6597577,1.249,1.4855,1.242
slovenia,g6_00024_0.tif,6742984,2.915,0.9507,2.571
slovenia,g6_00024_0.tif,6749914,1.987,2.7115,1.242
slovenia,g6_00024_0.tif,6808638,5.091,1.8915,4.621
slovenia,g6_00024_0.tif,6808640,3.917,1.5379,3.725
slovenia,g6_00024_0.tif,6947815,3.189,1.5416,2.069
slovenia,g6_00024_0.tif,6950300,1.046,1.7784,0.757
slovenia,g6_00024_0.tif,6950302,3.283,1.7685,2.571
slovenia,g6_00024_1.tif,6117393,1.643,1.9586,1.242
slovenia,g6_00024_1.tif,6117394,1.643,0.8676,1.437
slovenia,g6_00024_1.tif,6117395,3.186,1.4136,2.069
slovenia,g6_00024_1.tif,6117398,1.046,1.5397,0.757
slovenia,g6_00024_1.tif,6117401,1.984,1.7447,1.437
slovenia,g6_00024_1.tif,6117480,2.126,1.3106,1.437
slovenia,g6_00024_1.tif,6117690,1.984,0.8387,1.242
slovenia,g6_00024_1.tif,6117691,2.096,2.1611,1.927
slovenia,g6_00024_1.tif,6117697,3.059,1.3096,2.069
slovenia,g6_00024_1.tif,6117705,4.387,0.7842,3.725
slovenia,g6_00024_1.tif,6117747,1.257,1.0294,1.242
slovenia,g6_00024_1.tif,6117753,1.257,0.7746,1.242
slovenia,g6_00024_1.tif,6117805,2.511,2.2083,1.927
slovenia,g6_00024_1.tif,6148141,1.257,1.1648,1.242
slovenia,g6_00024_1.tif,6162554,1.046,0.5325,0.757
slovenia,g6_00024_1.tif,6164121,2.096,2.0771,1.437
slovenia,g6_00024_1.tif,6164123,2.368,1.449,2.204
slovenia,g6_00024_1.tif,6188364,1.643,1.1347,1.437
slovenia,g6_00024_1.tif,6188367,0.419,1.8068,0.414
slovenia,g6_00024_1.tif,6188368,1.643,1.6034,1.242
slovenia,g6_00024_1.tif,6188463,1.984,1.1179,1.242
slovenia,g6_00024_1.tif,6213667,3.976,1.2458,3.807
slovenia,g6_00024_1.tif,6213668,2.096,0.8668,2.069
slovenia,g6_00024_1.tif,6213715,1.046,1.0064,0.757
slovenia,g6_00024_1.tif,6233450,4.412,0.9486,4.044
slovenia,g6_00024_1.tif,6233452,4.752,0.8891,4.621
slovenia,g6_00024_1.tif,6233453,2.126,1.6952,1.437
slovenia,g6_00024_1.tif,6239979,1.257,1.4989,1.242
slovenia,g6_00024_1.tif,6285642,3.772,1.6102,3.098
slovenia,g6_00024_1.tif,6285656,2.511,2.2491,1.927
slovenia,g6_00024_1.tif,6285872,1.046,1.6141,0.757
slovenia,g6_00024_1.tif,6425674,2.126,1.0064,1.437
slovenia,g6_00024_1.tif,6425676,0.419,1.704,0.414
slovenia,g6_00024_1.tif,6425678,2.511,1.8327,1.927
slovenia,g6_00024_1.tif,6460370,1.046,2.1459,0.757
slovenia,g6_00024_1.tif,6597517,2.096,1.3445,2.069
slovenia,g6_00024_1.tif,6597557,7.532,1.5409,6.051
slovenia,g6_00024_1.tif,6606677,1.046,2.2353,0.757
slovenia,g6_00024_1.tif,6606686,1.257,1.7625,1.242
slovenia,g6_00024_1.tif,6614563,5.109,2.2465,4.268
slovenia,g6_00024_1.tif,6813396,6.538,1.6112,5.139
slovenia,g6_00024_1.tif,6817456,3.059,1.6074,2.069
slovenia,g6_00024_1.tif,6817458,1.046,1.5329,0.757
slovenia,g6_00024_1.tif,6817460,1.257,1.0915,1.242
slovenia,g6_00024_1.tif,6817461,1.643,0.9273,1.437
slovenia,g6_00024_1.tif,6817466,5.441,1.5284,3.725
slovenia,g6_00024_1.tif,6817474,3.186,0.8959,2.069
slovenia,g6_00024_1.tif,6817476,4.412,1.8172,4.044
slovenia,g6_00024_1.tif,6817669,1.046,1.8284,0.757
slovenia,g6_00024_1.tif,6909682,1.046,2.2138,0.757
slovenia,g6_00024_1.tif,6912932,7.217,1.359,5.139
slovenia,g6_00024_1.tif,6912934,6.094,1.2206,5.439
slovenia,g6_00026_16.tif,6099287,1.258,1.8637,1.242
slovenia,g6_00026_16.tif,6099304,1.04,2.9782,0.757
slovenia,g6_00026_16.tif,6111432,4.356,0.8338,2.999
slovenia,g6_00026_16.tif,6111444,2.111,0.6666,2.069
slovenia,g6_00026_16.tif,6120060,3.049,1.3444,2.571
slovenia,g6_00026_16.tif,6173845,1.639,1.5356,1.437
slovenia,g6_00026_16.tif,6173955,1.639,1.32,1.437
slovenia,g6_00026_16.tif,6173970,3.698,1.4335,3.098
slovenia,g6_00026_16.tif,6173997,1.258,1.3454,1.242
slovenia,g6_00026_16.tif,6174006,1.04,1.5018,0.757
slovenia,g6_00026_16.tif,6179252,11.781,1.3694,9.519
slovenia,g6_00026_16.tif,6179253,6.743,1.5448,4.553
slovenia,g6_00026_16.tif,6179256,4.642,1.5179,3.288
slovenia,g6_00026_16.tif,6179394,1.968,1.2334,1.242
slovenia,g6_00026_16.tif,6179535,5.917,1.4699,4.553
slovenia,g6_00026_16.tif,6194375,2.934,1.2397,2.571
slovenia,g6_00026_16.tif,6232846,4.978,2.0736,3.725
slovenia,g6_00026_16.tif,6232858,1.04,1.7705,0.757
slovenia,g6_00026_16.tif,6248990,2.934,1.4418,2.897
slovenia,g6_00026_16.tif,6250357,11.258,1.2805,8.951
slovenia,g6_00026_16.tif,6250359,6.394,1.4611,5.89
slovenia,g6_00026_16.tif,6250361,4.611,0.7093,4.413
slovenia,g6_00026_16.tif,6250362,5.094,1.0858,4.413
slovenia,g6_00026_16.tif,6250366,5.149,1.0308,4.821
slovenia,g6_00026_16.tif,6250371,4.611,1.3332,4.553
slovenia,g6_00026_16.tif,6250372,1.639,1.1138,1.437
slovenia,g6_00026_16.tif,6270669,8.803,1.3716,7.395
slovenia,g6_00026_16.tif,6270671,1.258,0.8016,1.242
slovenia,g6_00026_16.tif,6270675,2.934,1.6761,2.571
slovenia,g6_00026_16.tif,6270678,1.639,1.0394,1.437
slovenia,g6_00026_16.tif,6270683,5.756,1.2558,4.886
slovenia,g6_00026_16.tif,6270686,5.149,1.211,4.413
slovenia,g6_00026_16.tif,6324348,2.498,0.8163,1.927
slovenia,g6_00026_16.tif,6324356,1.639,0.9817,1.437
slovenia,g6_00026_16.tif,6359097,4.405,1.3614,3.098
slovenia,g6_00026_16.tif,6364834,6.743,1.1997,4.553
slovenia,g6_00026_16.tif,6408125,3.94,1.4659,3.807
slovenia,g6_00026_16.tif,6408126,6.394,1.1555,6.208
slovenia,g6_00026_16.tif,6408127,3.162,1.4007,2.204
slovenia,g6_00026_16.tif,6408143,4.611,1.5605,4.413
slovenia,g6_00026_16.tif,6408146,2.365,1.3302,2.069
slovenia,g6_00026_16.tif,6408181,2.934,1.4193,2.069
slovenia,g6_00026_16.tif,6414921,3.162,1.5766,2.069
slovenia,g6_00026_16.tif,6414927,3.049,1.9388,2.571
slovenia,g6_00026_16.tif,6453819,9.168,1.5234,6.26
slovenia,g6_00026_16.tif,6453825,1.968,0.9901,1.242
slovenia,g6_00026_16.tif,6500762,1.04,1.1844,0.757
slovenia,g6_00026_16.tif,6525858,2.934,1.5452,2.571
slovenia,g6_00026_16.tif,6525862,3.94,1.1946,3.288
slovenia,g6_00026_16.tif,6525939,1.04,1.649,0.757
slovenia,g6_00026_16.tif,6593059,3.141,1.8877,2.571
slovenia,g6_00026_16.tif,6593061,1.258,2.6476,1.242
slovenia,g6_00026_16.tif,6593067,4.642,1.7402,3.288
slovenia,g6_00026_16.tif,6593068,5.45,1.7833,4.413
slovenia,g6_00026_16.tif,6593071,4.642,2.135,3.288
slovenia,g6_00026_16.tif,6593333,5.608,1.9142,3.807
slovenia,g6_00026_16.tif,6593349,3.162,2.088,2.069
slovenia,g6_00026_16.tif,6593363,1.968,1.5806,1.242
slovenia,g6_00026_16.tif,6593450,1.639,1.717,1.437
slovenia,g6_00026_16.tif,6605272,7.979,1.6118,5.439
slovenia,g6_00026_16.tif,6605343,2.934,1.6691,2.897
slovenia,g6_00026_16.tif,6605344,1.258,1.8751,1.242
slovenia,g6_00026_16.tif,6605564,1.258,1.6913,1.242
slovenia,g6_00026_16.tif,6605924,1.968,1.8039,1.242
slovenia,g6_00026_16.tif,6605925,1.968,1.7799,1.242
slovenia,g6_00026_16.tif,6621806,0.419,0.5841,0.414
slovenia,g6_00026_16.tif,6630253,3.162,1.5007,2.069
slovenia,g6_00026_16.tif,6630399,1.968,1.5211,1.242
slovenia,g6_00026_16.tif,6634682,7.184,2.084,6.412
slovenia,g6_00026_16.tif,6634683,11.319,2.3939,8.691
slovenia,g6_00026_16.tif,6634685,9.131,1.761,6.208
slovenia,g6_00026_16.tif,6634713,1.04,1.6603,0.757
slovenia,g6_00026_16.tif,6640851,2.365,1.7303,2.069
slovenia,g6_00026_16.tif,6640854,3.049,1.3071,2.897
slovenia,g6_00026_16.tif,6640857,3.698,1.5156,3.288
slovenia,g6_00026_16.tif,6658474,10.608,1.6616,8.385
slovenia,g6_00026_16.tif,6659726,14.263,1.203,12.542
slovenia,g6_00026_16.tif,6659730,8.307,1.3491,5.89
slovenia,g6_00026_16.tif,6661240,7.387,1.1594,5.555
slovenia,g6_00026_16.tif,6661243,3.94,1.396,3.725
slovenia,g6_00026_16.tif,6661246,3.049,1.3411,2.204
slovenia,g6_00026_16.tif,6661247,5.094,1.725,4.044
slovenia,g6_00026_16.tif,6661251,4.356,0.8003,2.897
slovenia,g6_00026_16.tif,6661257,4.487,1.8591,3.725
slovenia,g6_00026_16.tif,6661561,1.258,0.9033,1.242
slovenia,g6_00026_16.tif,6661639,5.55,1.3711,3.807
slovenia,g6_00026_16.tif,6661724,3.049,1.8903,2.571
slovenia,g6_00026_16.tif,6661843,9.202,1.4117,6.99
slovenia,g6_00026_16.tif,6661906,3.141,1.2048,2.999
slovenia,g6_00026_16.tif,6661907,5.781,1.5165,5.139
slovenia,g6_00026_16.tif,6663224,6.7,1.5839,5.89
slovenia,g6_00026_16.tif,6663226,9.107,1.5229,7.78
slovenia,g6_00026_16.tif,6663227,12.253,1.7545,10.845
slovenia,g6_00026_16.tif,6686415,6.288,1.8092,5.439
slovenia,g6_00026_16.tif,6692968,5.608,1.3702,4.044
slovenia,g6_00026_16.tif,6712956,3.162,0.9552,2.069
slovenia,g6_00026_16.tif,6712959,3.259,1.6617,2.204
slovenia,g6_00026_16.tif,6724642,2.096,1.1519,2.069
slovenia,g6_00026_16.tif,6724644,6.875,1.7643,5.139
slovenia,g6_00026_16.tif,6724651,4.405,1.6739,4.044
slovenia,g6_00026_16.tif,6725036,9.921,1.1014,9.239
slovenia,g6_00026_16.tif,6725068,1.258,1.3548,1.242
slovenia,g6_00026_16.tif,6743517,3.259,1.3833,2.571
slovenia,g6_00026_16.tif,6758260,5.149,1.9286,4.821
slovenia,g6_00026_16.tif,6758265,0.419,1.5032,0.414
slovenia,g6_00026_16.tif,6758266,1.258,1.7786,1.242
slovenia,g6_00026_16.tif,6758344,1.04,1.6795,0.757
slovenia,g6_00026_16.tif,6758445,0.775,1.6086,0.414
slovenia,g6_00026_16.tif,6802229,3.957,1.3507,2.897
slovenia,g6_00026_16.tif,6802234,4.356,1.4777,2.897
slovenia,g6_00026_16.tif,6802236,3.773,1.3864,3.725
slovenia,g6_00026_16.tif,6802241,0.419,1.9773,0.414
slovenia,g6_00026_16.tif,6802245,1.968,1.6619,1.242
slovenia,g6_00026_16.tif,6803827,9.335,1.8708,6.658
slovenia,g6_00026_16.tif,6803837,4.356,1.2705,2.897
slovenia,g6_00026_16.tif,6803843,3.773,2.2616,3.725
slovenia,g6_00026_16.tif,6803945,3.162,1.557,2.069
slovenia,g6_00026_16.tif,6803967,1.968,1.9287,1.437
slovenia,g6_00026_16.tif,6804399,0.419,2.0211,0.414
slovenia,g6_00026_16.tif,6832133,2.498,1.5696,1.927
slovenia,g6_00026_16.tif,6832164,2.498,1.7789,1.927
slovenia,g6_00026_16.tif,6926865,3.698,1.2658,3.288
slovenia,g6_00026_16.tif,6935506,5.935,1.0451,4.413
slovenia,g6_00026_16.tif,6935536,3.535,1.512,2.571
slovenia,g6_00026_16.tif,6965874,3.698,1.0513,3.098
slovenia,g6_00026_16.tif,6966077,3.698,1.0134,3.288
slovenia,g6_00026_16.tif,7005030,8.05,1.35,7.863
slovenia,g6_00026_16.tif,7005031,5.756,1.3495,4.413
slovenia,g6_00026_16.tif,7018690,5.45,1.8234,5.38
slovenia,g6_00026_16.tif,7018695,2.365,1.4607,2.204
slovenia,g6_00026_16.tif,7045982,11.981,1.4025,8.729
slovenia,g6_00026_16.tif,7045984,1.968,2.085,1.242
slovenia,g6_00026_16.tif,7045987,7.979,1.3551,6.61
slovenia,g6_00026_16.tif,7045990,4.611,1.2221,4.413
slovenia,g6_00026_16.tif,7045995,3.162,1.7282,2.069
slovenia,g6_00026_16.tif,7074175,1.639,2.3032,1.437
slovenia,g6_00026_16.tif,7074181,5.55,1.9174,3.725
slovenia,g6_00026_17.tif,6087692,4.429,1.805,2.999
slovenia,g6_00026_17.tif,6097744,3.773,1.2586,3.725
slovenia,g6_00026_17.tif,6143571,1.639,0.8219,1.242
slovenia,g6_00026_17.tif,6155039,3.259,1.6025,2.204
slovenia,g6_00026_17.tif,6163363,7.814,2.021,6.61
slovenia,g6_00026_17.tif,6163365,8.51,1.8863,7.395
slovenia,g6_00026_17.tif,6171461,1.258,1.0182,1.242
slovenia,g6_00026_17.tif,6171462,1.639,1.7643,1.437
slovenia,g6_00026_17.tif,6172345,5.094,2.0155,4.413
slovenia,g6_00026_17.tif,6172346,1.258,3.0811,1.242
slovenia,g6_00026_17.tif,6172492,0.775,1.596,0.414
slovenia,g6_00026_17.tif,6250364,5.57,1.4125,5.139
slovenia,g6_00026_17.tif,6250366,1.258,0.9152,1.242
slovenia,g6_00026_17.tif,6250372,2.934,1.5166,2.571
slovenia,g6_00026_17.tif,6251600,1.639,0.8826,1.242
slovenia,g6_00026_17.tif,6270665,6.427,1.8926,4.553
slovenia,g6_00026_17.tif,6270668,6.427,1.9319,4.821
slovenia,g6_00026_17.tif,6270677,3.957,1.2446,2.897
slovenia,g6_00026_17.tif,6270678,2.096,1.3435,1.927
slovenia,g6_00026_17.tif,6270680,1.968,1.0234,1.242
slovenia,g6_00026_17.tif,6324356,2.365,1.0968,2.069
slovenia,g6_00026_17.tif,6325888,11.258,1.6324,9.553
slovenia,g6_00026_17.tif,6359096,0.775,1.6996,0.414
slovenia,g6_00026_17.tif,6359099,2.498,1.7544,1.927
slovenia,g6_00026_17.tif,6359167,1.639,1.5877,1.242
slovenia,g6_00026_17.tif,6408118,4.642,1.615,3.725
slovenia,g6_00026_17.tif,6408133,5.55,2.0619,5.139
slovenia,g6_00026_17.tif,6408173,1.639,1.468,1.437
slovenia,g6_00026_17.tif,6409804,6.427,1.2151,4.553
slovenia,g6_00026_17.tif,6409816,4.642,1.3614,3.288
slovenia,g6_00026_17.tif,6409822,3.141,1.2695,2.999
slovenia,g6_00026_17.tif,6409840,2.365,1.2456,2.204
slovenia,g6_00026_17.tif,6412748,3.162,1.1417,2.069
slovenia,g6_00026_17.tif,6412753,4.978,1.528,3.725
slovenia,g6_00026_17.tif,6412760,3.141,1.4417,2.571
slovenia,g6_00026_17.tif,6412767,2.934,1.1993,2.571
slovenia,g6_00026_17.tif,6414900,7.495,1.2493,6.412
slovenia,g6_00026_17.tif,6414913,2.365,1.3751,2.204
slovenia,g6_00026_17.tif,6414917,1.968,1.5125,1.242
slovenia,g6_00026_17.tif,6414919,2.934,1.6753,2.897
slovenia,g6_00026_17.tif,6414925,1.639,1.5353,1.242
slovenia,g6_00026_17.tif,6416488,7.127,1.835,5.89
slovenia,g6_00026_17.tif,6418429,5.45,1.8398,5.38
slovenia,g6_00026_17.tif,6420880,4.405,1.6939,3.725
slovenia,g6_00026_17.tif,6453807,3.049,1.5812,2.571
slovenia,g6_00026_17.tif,6453808,3.162,1.7498,2.069
slovenia,g6_00026_17.tif,6453809,4.405,1.446,3.725
slovenia,g6_00026_17.tif,6453826,5.45,1.2895,4.821
slovenia,g6_00026_17.tif,6453836,1.968,1.2842,1.242
slovenia,g6_00026_17.tif,6453849,2.096,2.1303,2.069
slovenia,g6_00026_17.tif,6454184,1.639,1.8181,1.242
slovenia,g6_00026_17.tif,6454224,2.111,1.6335,1.437
slovenia,g6_00026_17.tif,6500535,5.45,1.6824,5.139
slovenia,g6_00026_17.tif,6500538,1.639,0.956,1.437
slovenia,g6_00026_17.tif,6500762,5.094,1.298,4.268
slovenia,g6_00026_17.tif,6501390,3.535,2.188,2.571
slovenia,g6_00026_17.tif,6501393,3.049,1.485,2.571
slovenia,g6_00026_17.tif,6501394,1.968,1.9262,1.437
slovenia,g6_00026_17.tif,6501396,2.096,1.3616,2.069
slovenia,g6_00026_17.tif,6501399,1.04,2.2495,0.757
slovenia,g6_00026_17.tif,6501413,5.094,1.4439,4.044
slovenia,g6_00026_17.tif,6501416,2.365,1.4143,1.927
slovenia,g6_00026_17.tif,6501489,1.04,1.935,0.757
slovenia,g6_00026_17.tif,6575147,0.775,1.0075,0.414
slovenia,g6_00026_17.tif,6589564,5.094,2.4206,4.268
slovenia,g6_00026_17.tif,6589577,1.639,1.8485,1.437
slovenia,g6_00026_17.tif,6589634,4.405,1.7124,3.725
slovenia,g6_00026_17.tif,6593068,2.365,1.5712,1.927
slovenia,g6_00026_17.tif,6634688,3.957,1.4521,2.897
slovenia,g6_00026_17.tif,6634689,5.094,2.0971,4.268
slovenia,g6_00026_17.tif,6640854,2.934,1.5212,2.571
slovenia,g6_00026_17.tif,6640855,0.775,1.7435,0.414
slovenia,g6_00026_17.tif,6686401,9.457,1.2967,6.658
slovenia,g6_00026_17.tif,6686404,10.01,1.4766,7.082
slovenia,g6_00026_17.tif,6686408,7.147,1.5072,5.555
slovenia,g6_00026_17.tif,6686415,5.149,1.8036,4.268
slovenia,g6_00026_17.tif,6686422,1.04,1.344,0.757
slovenia,g6_00026_17.tif,6694164,4.751,1.2748,4.553
slovenia,g6_00026_17.tif,6705275,5.149,1.104,4.821
slovenia,g6_00026_17.tif,6705278,4.429,1.5854,3.098
slovenia,g6_00026_17.tif,6705285,4.429,1.5248,2.999
slovenia,g6_00026_17.tif,6705288,4.751,1.5203,4.621
slovenia,g6_00026_17.tif,6705453,0.775,1.6156,0.414
slovenia,g6_00026_17.tif,6714340,2.111,3.1814,1.437
slovenia,g6_00026_17.tif,6714343,3.049,1.2738,2.069
slovenia,g6_00026_17.tif,6714726,1.968,1.51,1.242
slovenia,g6_00026_17.tif,6715842,4.978,1.4426,3.725
slovenia,g6_00026_17.tif,6715843,4.429,1.2774,2.999
slovenia,g6_00026_17.tif,6715856,7.937,1.7304,6.051
slovenia,g6_00026_17.tif,6715881,4.751,0.972,4.553
slovenia,g6_00026_17.tif,6724642,11.444,1.3881,7.905
slovenia,g6_00026_17.tif,6724658,2.498,1.3364,1.927
slovenia,g6_00026_17.tif,6725036,2.934,1.0255,2.204
slovenia,g6_00026_17.tif,6743656,3.162,1.1107,2.069
slovenia,g6_00026_17.tif,6758265,1.04,2.3631,0.757
slovenia,g6_00026_17.tif,6758267,2.111,2.5869,1.437
slovenia,g6_00026_17.tif,6758344,1.04,1.6547,0.757
slovenia,g6_00026_17.tif,6758445,1.639,2.6057,1.242
slovenia,g6_00026_17.tif,6822390,1.04,1.32,0.757
slovenia,g6_00026_17.tif,6822392,1.04,0.9479,0.757
slovenia,g6_00026_17.tif,6822396,6.875,1.7359,5.555
slovenia,g6_00026_17.tif,6822409,9.703,1.6037,7.082
slovenia,g6_00026_17.tif,6822431,0.775,1.2039,0.414
slovenia,g6_00026_17.tif,6831989,2.096,1.4215,2.069
slovenia,g6_00026_17.tif,6886249,3.94,1.4802,3.725
slovenia,g6_00026_17.tif,6894042,6.792,1.0811,5.555
slovenia,g6_00026_17.tif,6894066,3.698,1.4891,2.999
slovenia,g6_00026_17.tif,6935512,8.51,1.4891,7.395
slovenia,g6_00026_17.tif,6935924,1.04,0.9768,0.757
slovenia,g6_00026_17.tif,6953423,2.096,1.1345,2.069
slovenia,g6_00026_17.tif,6965881,2.498,1.4435,1.927
slovenia,g6_00026_17.tif,7005035,4.405,1.204,3.725
slovenia,g6_00026_17.tif,7005041,3.535,1.9792,2.571
slovenia,g6_00026_18.tif,6084446,4.978,1.7844,3.725
slovenia,g6_00026_18.tif,6084450,4.487,1.3727,3.288
slovenia,g6_00026_18.tif,6084453,2.096,1.2456,1.927
slovenia,g6_00026_18.tif,6084454,1.639,1.6081,1.437
slovenia,g6_00026_18.tif,6084456,3.049,2.5839,2.571
slovenia,g6_00026_18.tif,6084458,1.968,2.3643,1.242
slovenia,g6_00026_18.tif,6097738,9.474,1.0408,7.738
slovenia,g6_00026_18.tif,6112660,1.04,1.8848,0.757
slovenia,g6_00026_18.tif,6141485,4.429,1.2821,3.098
slovenia,g6_00026_18.tif,6141571,1.04,1.4363,0.757
slovenia,g6_00026_18.tif,6143038,0.775,1.7294,0.414
slovenia,g6_00026_18.tif,6143171,1.639,2.1937,1.242
slovenia,g6_00026_18.tif,6143575,3.698,1.6165,2.999
slovenia,g6_00026_18.tif,6143576,3.535,1.7676,2.571
slovenia,g6_00026_18.tif,6143579,5.917,1.2048,5.555
slovenia,g6_00026_18.tif,6143582,6.743,1.7074,5.139
slovenia,g6_00026_18.tif,6143586,3.141,1.6655,2.571
slovenia,g6_00026_18.tif,6143588,4.978,2.4373,3.725
slovenia,g6_00026_18.tif,6143594,1.639,2.1538,1.242
slovenia,g6_00026_18.tif,6172344,7.127,1.6921,7.036
slovenia,g6_00026_18.tif,6172346,3.049,2.6325,2.069
slovenia,g6_00026_18.tif,6172492,1.639,2.403,1.242
slovenia,g6_00026_18.tif,6178804,1.258,0.9122,1.242
slovenia,g6_00026_18.tif,6178806,4.356,1.5565,2.897
slovenia,g6_00026_18.tif,6178815,1.258,0.9401,1.242
slovenia,g6_00026_18.tif,6251600,1.639,0.7208,1.242
slovenia,g6_00026_18.tif,6341900,2.365,1.6226,1.927
slovenia,g6_00026_18.tif,6341901,9.131,1.0121,7.036
slovenia,g6_00026_18.tif,6341905,6.743,1.8165,5.89
slovenia,g6_00026_18.tif,6341912,1.968,3.5544,1.242
slovenia,g6_00026_18.tif,6341914,2.096,1.9897,2.069
slovenia,g6_00026_18.tif,6341917,9.107,1.6159,7.863
slovenia,g6_00026_18.tif,6342217,1.04,2.3082,0.757
slovenia,g6_00026_18.tif,6363524,8.298,2.1841,7.738
slovenia,g6_00026_18.tif,6363528,3.773,1.0597,3.725
slovenia,g6_00026_18.tif,6370536,3.957,1.9606,2.897
slovenia,g6_00026_18.tif,6374037,4.751,1.2968,4.621
slovenia,g6_00026_18.tif,6400392,4.405,1.4849,3.288
slovenia,g6_00026_18.tif,6400574,1.968,1.8107,1.242
slovenia,g6_00026_18.tif,6409798,4.405,0.9373,4.044
slovenia,g6_00026_18.tif,6409817,2.365,1.6866,2.204
slovenia,g6_00026_18.tif,6409822,3.049,1.0866,2.571
slovenia,g6_00026_18.tif,6410071,1.639,1.7474,1.437
slovenia,g6_00026_18.tif,6410411,3.773,0.8612,3.288
slovenia,g6_00026_18.tif,6412748,3.162,1.133,2.069
slovenia,g6_00026_18.tif,6414880,14.672,3.0521,13.362
slovenia,g6_00026_18.tif,6414884,11.444,1.6196,8.501
slovenia,g6_00026_18.tif,6414901,8.51,2.1191,7.395
slovenia,g6_00026_18.tif,6430682,3.698,1.1607,3.288
slovenia,g6_00026_18.tif,6430683,5.416,1.1975,4.413
slovenia,g6_00026_18.tif,6453817,12.66,2.2946,9.656
slovenia,g6_00026_18.tif,6575091,1.639,1.2824,1.242
slovenia,g6_00026_18.tif,6575147,1.639,1.1083,1.437
slovenia,g6_00026_18.tif,6600415,3.535,2.206,2.897
slovenia,g6_00026_18.tif,6600421,2.096,1.7293,2.069
slovenia,g6_00026_18.tif,6616246,3.259,1.6954,2.999
slovenia,g6_00026_18.tif,6616508,2.365,1.9027,2.204
slovenia,g6_00026_18.tif,6616534,3.94,1.7471,3.725
slovenia,g6_00026_18.tif,6621468,7.937,1.3413,7.036
slovenia,g6_00026_18.tif,6670704,3.773,1.218,3.725
slovenia,g6_00026_18.tif,6681404,3.049,1.3377,2.204
slovenia,g6_00026_18.tif,6681845,4.642,1.3524,3.288
slovenia,g6_00026_18.tif,6681847,3.535,1.6956,2.571
slovenia,g6_00026_18.tif,6699252,7.965,1.3912,7.738
slovenia,g6_00026_18.tif,6699256,4.642,1.5618,3.288
slovenia,g6_00026_18.tif,6702430,2.096,1.6726,1.927
slovenia,g6_00026_18.tif,6705302,6.427,1.4775,4.886
slovenia,g6_00026_18.tif,6706456,1.639,1.5049,1.242
slovenia,g6_00026_18.tif,6707182,3.698,2.0945,2.999
slovenia,g6_00026_18.tif,6707196,1.968,1.5714,1.437
slovenia,g6_00026_18.tif,6715853,8.333,1.6177,6.26
slovenia,g6_00026_18.tif,6715862,8.05,1.2508,7.036
slovenia,g6_00026_18.tif,6715870,5.756,1.9225,4.886
slovenia,g6_00026_18.tif,6715885,1.04,2.2938,0.757
slovenia,g6_00026_18.tif,6715886,3.141,1.2447,2.999
slovenia,g6_00026_18.tif,6715891,3.957,1.8093,2.999
slovenia,g6_00026_18.tif,6715900,2.096,1.0924,2.069
slovenia,g6_00026_18.tif,6715914,7.22,1.942,6.658
slovenia,g6_00026_18.tif,6716239,3.698,1.3378,3.098
slovenia,g6_00026_18.tif,6758276,3.535,1.4908,2.897
slovenia,g6_00026_18.tif,6822392,0.775,1.0343,0.414
slovenia,g6_00026_18.tif,6859361,3.773,1.0231,3.725
slovenia,g6_00026_18.tif,6894042,4.642,0.9975,3.725
slovenia,g6_00026_18.tif,6926852,6.288,1.6284,6.208
slovenia,g6_00026_18.tif,6935546,4.487,1.1532,3.288
slovenia,g6_00026_18.tif,6936735,3.049,1.601,2.571
slovenia,g6_00026_18.tif,6953345,8.585,1.5768,6.99
slovenia,g6_00026_18.tif,6953412,4.487,2.2318,3.288
slovenia,g6_00026_18.tif,6953423,5.55,1.3482,3.725
slovenia,g6_00026_18.tif,6953452,1.968,1.4584,1.242
slovenia,g6_00026_18.tif,6953467,1.639,1.5063,1.437
slovenia,g6_00026_18.tif,6988791,6.7,1.5239,6.208
slovenia,g6_00026_18.tif,7061043,1.258,2.3789,1.242
slovenia,g6_00026_18.tif,7077279,1.258,1.5437,1.242
slovenia,g6_00027_0.tif,6091551,1.639,0.6892,1.437
slovenia,g6_00027_0.tif,6094975,3.141,1.6881,2.999
slovenia,g6_00027_0.tif,6095749,4.356,1.1567,2.897
slovenia,g6_00027_0.tif,6095766,3.957,1.765,2.897
slovenia,g6_00027_0.tif,6296104,2.934,1.5273,2.571
slovenia,g6_00027_0.tif,6371240,1.968,0.8818,1.242
slovenia,g6_00027_0.tif,6371309,1.968,1.5653,1.242
slovenia,g6_00027_0.tif,6371321,1.04,0.9714,0.757
slovenia,g6_00027_0.tif,6395249,1.258,0.6079,1.242
slovenia,g6_00027_0.tif,6395255,5.57,1.1265,4.886
slovenia,g6_00027_0.tif,6400392,3.049,1.1231,2.069
slovenia,g6_00027_0.tif,6400640,1.04,0.7196,0.757
slovenia,g6_00027_0.tif,6409850,3.141,1.5936,2.897
slovenia,g6_00027_0.tif,6409859,5.55,0.9682,3.725
slovenia,g6_00027_0.tif,6425681,1.968,0.8679,1.437
slovenia,g6_00027_0.tif,6469358,3.049,1.3885,2.571
slovenia,g6_00027_0.tif,6469359,0.775,1.4579,0.414
slovenia,g6_00027_0.tif,6469360,2.498,1.6301,2.069
slovenia,g6_00027_0.tif,6509323,3.94,1.0241,3.288
slovenia,g6_00027_0.tif,6509333,2.498,1.2935,1.927
slovenia,g6_00027_0.tif,6600415,3.957,2.2967,3.098
slovenia,g6_00027_0.tif,6616251,1.639,1.485,1.242
slovenia,g6_00027_0.tif,6624743,1.258,0.9534,1.242
slovenia,g6_00027_0.tif,6638511,1.968,0.631,1.437
slovenia,g6_00027_0.tif,6638512,7.184,0.6763,6.26
slovenia,g6_00027_0.tif,6638513,4.429,1.3653,2.999
slovenia,g6_00027_0.tif,6638517,3.162,1.1077,2.069
slovenia,g6_00027_0.tif,6638521,6.427,1.8956,4.553
slovenia,g6_00027_0.tif,6638526,1.258,1.1694,1.242
slovenia,g6_00027_0.tif,6638909,0.775,0.8011,0.414
slovenia,g6_00027_0.tif,6640413,2.934,0.8695,2.571
slovenia,g6_00027_0.tif,6643191,3.957,1.1824,2.897
slovenia,g6_00027_0.tif,6643193,11.114,2.0028,8.228
slovenia,g6_00027_0.tif,6643197,5.416,1.0733,3.725
slovenia,g6_00027_0.tif,6643510,1.258,1.4753,1.242
slovenia,g6_00027_0.tif,6643587,1.968,1.6118,1.242
slovenia,g6_00027_0.tif,6649780,1.258,1.2527,1.242
slovenia,g6_00027_0.tif,6649782,3.049,0.91,2.204
slovenia,g6_00027_0.tif,6649783,3.049,0.943,2.204
slovenia,g6_00027_0.tif,6649856,1.639,1.0658,1.242
slovenia,g6_00027_0.tif,6653855,6.743,1.4584,4.886
slovenia,g6_00027_0.tif,6663322,1.968,1.3682,1.242
slovenia,g6_00027_0.tif,6663324,1.04,2.1506,0.757
slovenia,g6_00027_0.tif,6670690,1.04,0.7385,0.757
slovenia,g6_00027_0.tif,6675372,1.968,0.7873,1.242
slovenia,g6_00027_0.tif,6685749,2.096,0.7857,2.069
slovenia,g6_00027_0.tif,6685752,1.258,0.6471,1.242
slovenia,g6_00027_0.tif,6705316,1.258,0.8829,1.242
slovenia,g6_00027_0.tif,6705317,1.258,0.5783,1.242
slovenia,g6_00027_0.tif,6707995,1.639,1.1953,1.437
slovenia,g6_00027_0.tif,6716978,1.04,1.1198,0.757
slovenia,g6_00027_0.tif,6717015,1.04,0.9199,0.757
slovenia,g6_00027_0.tif,6926859,4.978,1.0223,3.725
slovenia,g6_00027_0.tif,6926875,3.049,1.1565,2.204
slovenia,g6_00027_0.tif,6953520,9.168,0.9229,6.99
slovenia,g6_00027_0.tif,7014843,2.934,0.6683,2.897
slovenia,g6_00027_0.tif,7077273,1.258,0.7929,1.242
slovenia,g6_00027_1.tif,6094974,2.915,1.4878,2.069
slovenia,g6_00027_1.tif,6095753,4.359,2.6577,2.897
slovenia,g6_00027_1.tif,6095756,1.971,1.8647,1.242
slovenia,g6_00027_1.tif,6102195,10.271,2.5522,7.78
slovenia,g6_00027_1.tif,6116249,1.633,0.8487,1.242
slovenia,g6_00027_1.tif,6116252,3.04,1.11,2.069
slovenia,g6_00027_1.tif,6116253,2.915,1.0266,2.897
slovenia,g6_00027_1.tif,6116254,3.165,1.0989,2.204
slovenia,g6_00027_1.tif,6116257,4.359,1.605,2.897
slovenia,g6_00027_1.tif,6116258,2.082,1.2099,1.927
slovenia,g6_00027_1.tif,6116260,3.165,2.1063,2.571
slovenia,g6_00027_1.tif,6116261,1.249,1.8734,1.242
slovenia,g6_00027_1.tif,6116262,1.971,1.5433,1.242
slovenia,g6_00027_1.tif,6116337,0.416,0.9738,0.414
slovenia,g6_00027_1.tif,6243437,1.249,1.0362,1.242
slovenia,g6_00027_1.tif,6293793,3.748,1.1292,3.725
slovenia,g6_00027_1.tif,6296090,5.414,1.6224,5.38
slovenia,g6_00027_1.tif,6296104,3.682,2.1659,3.098
slovenia,g6_00027_1.tif,6296107,4.359,1.5911,2.999
slovenia,g6_00027_1.tif,6296115,7.17,1.1538,5.139
slovenia,g6_00027_1.tif,6296217,1.971,1.3202,1.242
slovenia,g6_00027_1.tif,6395249,7.12,1.0634,6.61
slovenia,g6_00027_1.tif,6395253,6.247,1.0777,5.89
slovenia,g6_00027_1.tif,6395255,3.682,1.659,3.098
slovenia,g6_00027_1.tif,6399723,1.249,1.2203,1.242
slovenia,g6_00027_1.tif,6409809,3.95,1.2946,3.288
slovenia,g6_00027_1.tif,6613260,7.913,1.9224,5.38
slovenia,g6_00027_1.tif,6613265,3.165,0.9272,2.204
slovenia,g6_00027_1.tif,6613267,1.971,1.5631,1.242
slovenia,g6_00027_1.tif,6613268,4.359,1.2026,2.897
slovenia,g6_00027_1.tif,6613275,2.915,1.3061,2.571
slovenia,g6_00027_1.tif,6613276,1.971,1.1706,1.242
slovenia,g6_00027_1.tif,6613278,1.633,1.0694,1.242
slovenia,g6_00027_1.tif,6613279,1.039,0.9265,0.757
slovenia,g6_00027_1.tif,6638519,7.148,2.4892,5.555
slovenia,g6_00027_1.tif,6638521,1.249,2.0694,1.242
slovenia,g6_00027_1.tif,6638525,1.971,1.6052,1.242
slovenia,g6_00027_1.tif,6638527,2.353,1.9156,1.927
slovenia,g6_00027_1.tif,6644551,4.384,1.9188,3.725
slovenia,g6_00027_1.tif,6644800,1.633,1.6348,1.437
slovenia,g6_00027_1.tif,6707995,3.916,2.3329,3.725
slovenia,g6_00027_1.tif,6862997,1.249,2.4925,1.242
slovenia,g6_00027_1.tif,6862998,12.078,1.5902,11.437
slovenia,g6_00027_1.tif,6863000,15.103,1.3304,10.473
slovenia,g6_00027_1.tif,6863003,6.247,2.324,6.208
slovenia,g6_00027_1.tif,6863004,3.123,1.3165,2.897
slovenia,g6_00027_1.tif,6863005,8.58,1.835,6.61
slovenia,g6_00027_1.tif,7014835,9.134,1.7443,6.412
slovenia,g6_00027_1.tif,7014836,4.581,1.0729,4.553
slovenia,g6_00027_1.tif,7014843,2.353,0.9501,1.927
slovenia,g6_00027_1.tif,7014846,2.915,0.9765,2.897
slovenia,g6_00027_2.tif,6094065,3.162,1.3774,2.069
slovenia,g6_00027_2.tif,6094067,2.365,1.6143,1.927
slovenia,g6_00027_2.tif,6094069,3.162,1.5997,2.069
slovenia,g6_00027_2.tif,6095608,3.049,1.465,2.204
slovenia,g6_00027_2.tif,6095612,2.096,1.2107,2.069
slovenia,g6_00027_2.tif,6095613,1.258,1.117,1.242
slovenia,g6_00027_2.tif,6095615,3.535,1.5726,2.571
slovenia,g6_00027_2.tif,6102191,4.978,1.278,3.725
slovenia,g6_00027_2.tif,6102194,3.957,1.829,2.999
slovenia,g6_00027_2.tif,6102211,3.773,1.6249,3.725
slovenia,g6_00027_2.tif,6102519,1.04,1.7038,0.757
slovenia,g6_00027_2.tif,6102522,1.258,1.6568,1.242
slovenia,g6_00027_2.tif,6121756,1.258,1.5466,1.242
slovenia,g6_00027_2.tif,6121764,5.094,1.1124,4.044
slovenia,g6_00027_2.tif,6121961,1.639,1.3713,1.437
slovenia,g6_00027_2.tif,6165263,1.968,1.2067,1.242
slovenia,g6_00027_2.tif,6165266,2.934,0.8569,2.571
slovenia,g6_00027_2.tif,6165274,3.162,1.3374,2.069
slovenia,g6_00027_2.tif,6165284,1.968,1.5877,1.242
slovenia,g6_00027_2.tif,6165357,0.419,0.8478,0.414
slovenia,g6_00027_2.tif,6167140,1.639,1.0859,1.242
slovenia,g6_00027_2.tif,6167141,1.04,1.0863,0.757
slovenia,g6_00027_2.tif,6169138,1.968,0.9991,1.242
slovenia,g6_00027_2.tif,6212156,2.365,0.6417,1.927
slovenia,g6_00027_2.tif,6243444,1.04,1.1203,0.757
slovenia,g6_00027_2.tif,6243446,1.639,1.1769,1.242
slovenia,g6_00027_2.tif,6243453,1.639,1.0218,1.242
slovenia,g6_00027_2.tif,6370529,2.934,1.1682,2.571
slovenia,g6_00027_2.tif,6370530,2.365,1.5255,2.204
slovenia,g6_00027_2.tif,6370531,1.04,1.021,0.757
slovenia,g6_00027_2.tif,6370539,3.141,1.4831,2.999
slovenia,g6_00027_2.tif,6370546,4.611,1.2767,4.268
slovenia,g6_00027_2.tif,6370634,1.639,1.4389,1.437
slovenia,g6_00027_2.tif,6370653,0.419,1.617,0.414
slovenia,g6_00027_2.tif,6396935,1.258,1.5233,1.242
slovenia,g6_00027_2.tif,6399723,1.258,0.7662,1.242
slovenia,g6_00027_2.tif,6399728,1.258,1.8265,1.242
slovenia,g6_00027_2.tif,6399744,1.639,1.0856,1.437
slovenia,g6_00027_2.tif,6401108,4.978,1.4391,3.725
slovenia,g6_00027_2.tif,6401117,1.04,1.0052,0.757
slovenia,g6_00027_2.tif,6401237,1.04,1.4262,0.757
slovenia,g6_00027_2.tif,6401248,1.04,1.3387,0.757
slovenia,g6_00027_2.tif,6406006,1.639,0.8823,1.437
slovenia,g6_00027_2.tif,6406007,2.096,1.509,1.927
slovenia,g6_00027_2.tif,6406009,1.258,0.7169,1.242
slovenia,g6_00027_2.tif,6463972,1.258,0.9942,1.242
slovenia,g6_00027_2.tif,6463980,1.639,1.8181,1.437
slovenia,g6_00027_2.tif,6469356,2.111,1.8572,1.437
slovenia,g6_00027_2.tif,6469357,0.775,2.008,0.414
slovenia,g6_00027_2.tif,6505457,1.04,1.9157,0.757
slovenia,g6_00027_2.tif,6505493,1.04,1.7229,0.757
slovenia,g6_00027_2.tif,6563156,1.258,1.7145,1.242
slovenia,g6_00027_2.tif,6613267,1.968,1.5167,1.242
slovenia,g6_00027_2.tif,6613281,1.639,1.3827,1.437
slovenia,g6_00027_2.tif,6939036,1.639,0.751,1.242
slovenia,g6_00027_2.tif,6945219,1.04,2.2871,0.757
slovenia,g6_00027_2.tif,6945306,3.049,2.0696,2.069
slovenia,g6_00027_2.tif,6945462,1.258,2.2718,1.242
slovenia,g6_00027_2.tif,7025844,1.968,1.1746,1.242
slovenia,g6_00027_2.tif,7025845,1.639,1.0362,1.242
slovenia,g6_00029_17.tif,6102119,5.589,1.4402,3.725
slovenia,g6_00029_17.tif,6102131,5.77,0.9139,4.413
slovenia,g6_00029_17.tif,6102137,3.186,1.8821,2.069
slovenia,g6_00029_17.tif,6102234,3.06,2.2258,2.069
slovenia,g6_00029_17.tif,6155085,1.046,0.9968,0.757
slovenia,g6_00029_17.tif,6205363,4.387,1.5795,2.897
slovenia,g6_00029_17.tif,6212478,4.46,0.6363,3.288
slovenia,g6_00029_17.tif,6212481,3.977,0.9329,2.999
slovenia,g6_00029_17.tif,6212482,4.671,1.4688,3.288
slovenia,g6_00029_17.tif,6212486,2.511,1.6546,1.927
slovenia,g6_00029_17.tif,6212487,3.943,1.1227,3.725
slovenia,g6_00029_17.tif,6212489,4.754,2.0196,4.621
slovenia,g6_00029_17.tif,6212532,1.644,1.3589,1.242
slovenia,g6_00029_17.tif,6224891,2.126,1.4446,1.437
slovenia,g6_00029_17.tif,6225102,2.126,1.0547,1.927
slovenia,g6_00029_17.tif,6225136,2.097,1.2932,1.927
slovenia,g6_00029_17.tif,6225250,3.06,1.6961,2.069
slovenia,g6_00029_17.tif,6225320,0.782,1.4424,0.414
slovenia,g6_00029_17.tif,6248986,5.589,1.0346,5.38
slovenia,g6_00029_17.tif,6248987,3.186,2.3426,2.069
slovenia,g6_00029_17.tif,6248993,4.612,1.3081,3.725
slovenia,g6_00029_17.tif,6249062,2.935,1.5345,2.571
slovenia,g6_00029_17.tif,6265796,1.046,1.6199,0.757
slovenia,g6_00029_17.tif,6265869,3.06,1.5784,2.204
slovenia,g6_00029_17.tif,6265884,1.046,1.9352,0.757
slovenia,g6_00029_17.tif,6298192,3.707,1.4868,2.999
slovenia,g6_00029_17.tif,6298194,3.06,1.5535,2.571
slovenia,g6_00029_17.tif,6298195,2.126,1.6399,1.437
slovenia,g6_00029_17.tif,6298198,1.644,1.0054,1.437
slovenia,g6_00029_17.tif,6298199,1.644,1.8261,1.242
slovenia,g6_00029_17.tif,6298234,4.387,1.7132,2.999
slovenia,g6_00029_17.tif,6333421,1.644,0.7492,1.242
slovenia,g6_00029_17.tif,6333439,1.046,1.1236,0.757
slovenia,g6_00029_17.tif,6359097,2.369,1.5711,2.069
slovenia,g6_00029_17.tif,6408129,7.168,1.7877,5.555
slovenia,g6_00029_17.tif,6408146,3.707,0.7408,2.897
slovenia,g6_00029_17.tif,6408148,3.557,0.6524,2.571
slovenia,g6_00029_17.tif,6408183,1.258,1.8911,1.242
slovenia,g6_00029_17.tif,6409811,4.612,1.077,4.413
slovenia,g6_00029_17.tif,6412763,1.258,1.4938,1.242
slovenia,g6_00029_17.tif,6414888,9.897,1.7456,7.439
slovenia,g6_00029_17.tif,6416489,1.258,1.6842,1.242
slovenia,g6_00029_17.tif,6420875,4.612,1.5403,4.553
slovenia,g6_00029_17.tif,6486817,2.511,1.1317,1.927
slovenia,g6_00029_17.tif,6491986,5.442,0.9534,4.413
slovenia,g6_00029_17.tif,6491989,3.557,1.2249,2.571
slovenia,g6_00029_17.tif,6491996,1.046,1.462,0.757
slovenia,g6_00029_17.tif,6491998,2.126,1.6303,1.437
slovenia,g6_00029_17.tif,6621489,3.06,1.3336,2.069
slovenia,g6_00029_17.tif,6621493,3.06,1.6088,2.069
slovenia,g6_00029_17.tif,6621494,1.984,0.7149,1.437
slovenia,g6_00029_17.tif,6640844,7.502,1.8459,6.99
slovenia,g6_00029_17.tif,6640845,5.11,1.5547,4.044
slovenia,g6_00029_17.tif,6640860,2.511,1.9915,1.927
slovenia,g6_00029_17.tif,6640951,1.984,1.1623,1.242
slovenia,g6_00029_17.tif,6641026,1.046,1.2595,0.757
slovenia,g6_00029_17.tif,6661240,5.006,0.8912,3.725
slovenia,g6_00029_17.tif,6661243,1.046,2.2022,0.757
slovenia,g6_00029_17.tif,6661251,5.157,1.2022,3.725
slovenia,g6_00029_17.tif,6661252,5.924,1.2123,5.439
slovenia,g6_00029_17.tif,6661254,5.77,1.6532,4.413
slovenia,g6_00029_17.tif,6661256,2.097,1.1985,1.927
slovenia,g6_00029_17.tif,6661262,3.557,1.8384,2.571
slovenia,g6_00029_17.tif,6699956,6.907,1.8673,5.555
slovenia,g6_00029_17.tif,6699957,2.511,1.3916,1.927
slovenia,g6_00029_17.tif,6726219,11.626,1.5849,7.905
slovenia,g6_00029_17.tif,6726224,8.878,0.929,7.217
slovenia,g6_00029_17.tif,6726227,3.186,1.3542,2.069
slovenia,g6_00029_17.tif,6726229,3.707,2.1897,2.897
slovenia,g6_00029_17.tif,6726231,5.451,1.2468,3.725
slovenia,g6_00029_17.tif,6726488,1.046,1.5032,0.757
slovenia,g6_00029_17.tif,6758266,1.984,1.1712,1.437
slovenia,g6_00029_17.tif,6781691,3.774,0.9747,3.725
slovenia,g6_00029_17.tif,6781695,3.06,1.9265,2.069
slovenia,g6_00029_17.tif,6918318,3.186,1.5792,2.069
slovenia,g6_00029_17.tif,6918324,3.943,1.9089,3.725
slovenia,g6_00029_17.tif,6918335,6.094,1.6204,5.439
slovenia,g6_00029_17.tif,6918348,3.06,1.6386,2.204
slovenia,g6_00029_17.tif,7005028,5.006,1.158,3.725
slovenia,g6_00029_17.tif,7045982,3.06,1.9339,2.204
slovenia,g6_00029_17.tif,7045984,7.834,1.9543,6.99
slovenia,g6_00029_17.tif,7045993,2.369,1.0938,1.927
slovenia,g6_00029_17.tif,7045994,2.369,1.4373,1.927
slovenia,g6_00029_17.tif,7045996,3.06,1.0692,2.571
slovenia,g6_00029_17.tif,7046464,3.707,1.0552,2.999
slovenia,g6_00029_18.tif,6084447,1.258,2.8807,1.242
slovenia,g6_00029_18.tif,6086052,5.589,1.4651,3.725
slovenia,g6_00029_18.tif,6086738,2.369,0.8863,2.204
slovenia,g6_00029_18.tif,6086741,2.935,2.5023,2.897
slovenia,g6_00029_18.tif,6086750,3.943,1.3621,3.725
slovenia,g6_00029_18.tif,6097740,9.113,2.1529,7.863
slovenia,g6_00029_18.tif,6097748,2.511,2.0326,1.927
slovenia,g6_00029_18.tif,6097845,1.046,1.5322,0.757
slovenia,g6_00029_18.tif,6143569,1.046,0.7317,0.757
slovenia,g6_00029_18.tif,6143571,0.782,0.6021,0.414
slovenia,g6_00029_18.tif,6168454,3.06,2.4963,2.069
slovenia,g6_00029_18.tif,6168483,2.097,1.3416,2.069
slovenia,g6_00029_18.tif,6168492,3.186,1.4561,2.069
slovenia,g6_00029_18.tif,6168522,1.046,1.955,0.757
slovenia,g6_00029_18.tif,6194371,7.502,1.6974,6.61
slovenia,g6_00029_18.tif,6194381,2.097,1.1236,2.069
slovenia,g6_00029_18.tif,6194383,2.369,1.4505,2.069
slovenia,g6_00029_18.tif,6194416,3.943,1.2721,3.725
slovenia,g6_00029_18.tif,6194429,0.419,1.2477,0.414
slovenia,g6_00029_18.tif,6196970,2.097,0.9292,2.069
slovenia,g6_00029_18.tif,6197169,4.414,1.096,4.044
slovenia,g6_00029_18.tif,6197181,1.046,1.1228,0.757
slovenia,g6_00029_18.tif,6212484,2.369,1.3341,2.204
slovenia,g6_00029_18.tif,6212491,3.977,2.2576,2.897
slovenia,g6_00029_18.tif,6212493,2.935,1.8332,2.897
slovenia,g6_00029_18.tif,6265897,2.097,0.7464,1.927
slovenia,g6_00029_18.tif,6298198,1.258,0.9336,1.242
slovenia,g6_00029_18.tif,6359096,4.414,1.8875,3.725
slovenia,g6_00029_18.tif,6359097,0.419,1.7235,0.414
slovenia,g6_00029_18.tif,6374038,2.935,1.2753,2.571
slovenia,g6_00029_18.tif,6374040,2.935,1.181,2.571
slovenia,g6_00029_18.tif,6408081,1.258,0.6834,1.242
slovenia,g6_00029_18.tif,6408105,0.419,1.4243,0.414
slovenia,g6_00029_18.tif,6408140,6.462,1.8974,4.621
slovenia,g6_00029_18.tif,6408148,2.369,1.4077,2.204
slovenia,g6_00029_18.tif,6408149,2.935,1.0401,2.897
slovenia,g6_00029_18.tif,6408186,3.186,1.2602,2.204
slovenia,g6_00029_18.tif,6408506,1.046,2.1873,0.757
slovenia,g6_00029_18.tif,6408549,5.451,2.0951,5.139
slovenia,g6_00029_18.tif,6409806,1.984,1.1438,1.242
slovenia,g6_00029_18.tif,6410302,1.644,1.0396,1.242
slovenia,g6_00029_18.tif,6412757,6.396,1.3578,5.38
slovenia,g6_00029_18.tif,6412759,1.046,1.6267,0.757
slovenia,g6_00029_18.tif,6412763,3.774,1.6062,3.725
slovenia,g6_00029_18.tif,6412766,1.258,2.1095,1.242
slovenia,g6_00029_18.tif,6412802,1.258,2.3098,1.242
slovenia,g6_00029_18.tif,6412916,5.589,0.7952,3.725
slovenia,g6_00029_18.tif,6412917,1.046,1.1088,0.757
slovenia,g6_00029_18.tif,6414888,1.046,1.5671,0.757
slovenia,g6_00029_18.tif,6414917,3.06,1.8077,2.069
slovenia,g6_00029_18.tif,6414925,2.097,1.7032,1.927
slovenia,g6_00029_18.tif,6416489,6.707,1.4515,5.89
slovenia,g6_00029_18.tif,6416492,1.258,2.0429,1.242
slovenia,g6_00029_18.tif,6418434,2.369,0.9108,1.927
slovenia,g6_00029_18.tif,6418442,1.984,1.8244,1.242
slovenia,g6_00029_18.tif,6418789,2.935,1.9312,2.897
slovenia,g6_00029_18.tif,6418790,6.396,1.2257,6.208
slovenia,g6_00029_18.tif,6420954,2.097,1.1232,2.069
slovenia,g6_00029_18.tif,6453804,1.046,1.6584,0.757
slovenia,g6_00029_18.tif,6453806,1.644,2.5401,1.437
slovenia,g6_00029_18.tif,6453809,3.06,1.5425,2.069
slovenia,g6_00029_18.tif,6453851,2.511,2.7406,1.927
slovenia,g6_00029_18.tif,6454184,0.782,1.3227,0.414
slovenia,g6_00029_18.tif,6501399,5.573,1.4561,4.413
slovenia,g6_00029_18.tif,6621487,9.194,1.7366,6.208
slovenia,g6_00029_18.tif,6640855,2.097,1.466,2.069
slovenia,g6_00029_18.tif,6661260,2.935,1.2689,2.204
slovenia,g6_00029_18.tif,6681401,5.006,2.0063,3.725
slovenia,g6_00029_18.tif,6694131,2.935,1.253,2.571
slovenia,g6_00029_18.tif,6694177,3.144,1.5105,2.999
slovenia,g6_00029_18.tif,6694456,1.644,1.1066,1.437
slovenia,g6_00029_18.tif,6702800,4.505,1.3501,3.288
slovenia,g6_00029_18.tif,6702829,1.644,0.8048,1.437
slovenia,g6_00029_18.tif,6702830,2.097,1.2957,2.069
slovenia,g6_00029_18.tif,6702912,0.782,1.1753,0.414
slovenia,g6_00029_18.tif,6705311,1.046,3.2084,0.757
slovenia,g6_00029_18.tif,6707186,1.644,1.0939,1.437
slovenia,g6_00029_18.tif,6707190,1.984,1.3322,1.242
slovenia,g6_00029_18.tif,6707251,1.258,1.6059,1.242
slovenia,g6_00029_18.tif,6707294,1.258,1.5797,1.242
slovenia,g6_00029_18.tif,6714336,1.046,1.4118,0.757
slovenia,g6_00029_18.tif,6715871,4.505,1.474,3.725
slovenia,g6_00029_18.tif,6715872,5.11,1.3135,4.268
slovenia,g6_00029_18.tif,6715884,3.707,1.0758,3.098
slovenia,g6_00029_18.tif,6715888,1.046,1.4098,0.757
slovenia,g6_00029_18.tif,6715893,2.369,2.649,1.927
slovenia,g6_00029_18.tif,6715894,1.046,2.1556,0.757
slovenia,g6_00029_18.tif,6715897,1.046,2.3093,0.757
slovenia,g6_00029_18.tif,6758266,1.258,1.9559,1.242
slovenia,g6_00029_18.tif,6905777,5.77,1.9119,4.621
slovenia,g6_00029_18.tif,6905783,2.097,1.9143,2.069
slovenia,g6_00029_18.tif,6953326,4.612,1.63,4.413
slovenia,g6_00029_18.tif,6953331,9.113,1.8598,8.84
slovenia,g6_00029_18.tif,6953338,6.79,0.836,4.821
slovenia,g6_00029_18.tif,6953370,4.414,1.8063,3.725
slovenia,g6_00029_18.tif,6953416,6.094,1.7374,4.413
slovenia,g6_00029_18.tif,6953425,5.589,0.8462,3.725
slovenia,g6_00029_18.tif,6953438,4.387,1.6478,2.999
slovenia,g6_00029_18.tif,6953447,2.097,1.6891,2.069
slovenia,g6_00029_18.tif,6953490,3.282,1.4394,2.571
slovenia,g6_00029_18.tif,6954821,1.046,1.5607,0.757
slovenia,g6_00029_18.tif,7005041,1.984,1.4443,1.242
slovenia,g6_00030_0.tif,6084446,3.977,1.7139,2.999
slovenia,g6_00030_0.tif,6084447,2.935,2.0271,2.571
slovenia,g6_00030_0.tif,6084448,3.06,2.3036,2.069
slovenia,g6_00030_0.tif,6086049,7.533,1.9916,5.439
slovenia,g6_00030_0.tif,6086090,5.959,1.8705,4.413
slovenia,g6_00030_0.tif,6086731,5.006,1.0535,3.725
slovenia,g6_00030_0.tif,6091545,1.046,1.1525,0.757
slovenia,g6_00030_0.tif,6143036,3.06,2.322,2.069
slovenia,g6_00030_0.tif,6143038,0.782,1.6228,0.414
slovenia,g6_00030_0.tif,6143079,0.782,1.0116,0.414
slovenia,g6_00030_0.tif,6143115,0.782,1.0226,0.414
slovenia,g6_00030_0.tif,6143171,1.046,2.2437,0.757
slovenia,g6_00030_0.tif,6143571,2.126,1.2299,1.437
slovenia,g6_00030_0.tif,6143576,5.589,2.1291,3.725
slovenia,g6_00030_0.tif,6168449,1.644,1.9275,1.242
slovenia,g6_00030_0.tif,6251594,7.981,2.0061,6.61
slovenia,g6_00030_0.tif,6251600,1.644,0.9159,1.437
slovenia,g6_00030_0.tif,6359098,2.935,1.3037,2.897
slovenia,g6_00030_0.tif,6408142,6.29,1.9102,5.439
slovenia,g6_00030_0.tif,6409824,3.977,1.9087,2.897
slovenia,g6_00030_0.tif,6409826,4.414,1.3549,3.098
slovenia,g6_00030_0.tif,6409862,2.935,1.1526,2.897
slovenia,g6_00030_0.tif,6412761,4.387,1.5975,2.897
slovenia,g6_00030_0.tif,6430684,3.144,1.0406,2.069
slovenia,g6_00030_0.tif,6680023,1.258,1.2065,1.242
slovenia,g6_00030_0.tif,6680270,1.258,1.0986,1.242
slovenia,g6_00030_0.tif,6680362,1.258,1.2742,1.242
slovenia,g6_00030_0.tif,6681401,0.419,3.3157,0.414
slovenia,g6_00030_0.tif,6681403,2.369,1.3931,1.927
slovenia,g6_00030_0.tif,6681404,3.06,1.3304,2.204
slovenia,g6_00030_0.tif,6681405,2.369,1.5948,2.204
slovenia,g6_00030_0.tif,6681406,2.097,1.1825,2.069
slovenia,g6_00030_0.tif,6681841,2.369,1.999,2.069
slovenia,g6_00030_0.tif,6686373,5.157,2.2939,4.821
slovenia,g6_00030_0.tif,6686390,5.77,1.6383,5.139
slovenia,g6_00030_0.tif,6686392,2.511,1.2357,2.069
slovenia,g6_00030_0.tif,6686398,1.644,1.8274,1.437
slovenia,g6_00030_0.tif,6691917,1.258,1.2481,1.242
slovenia,g6_00030_0.tif,6691920,4.414,1.1591,3.288
slovenia,g6_00030_0.tif,6691938,1.644,1.3294,1.437
slovenia,g6_00030_0.tif,6694127,6.47,1.1904,5.89
slovenia,g6_00030_0.tif,6694140,6.462,0.9503,4.821
slovenia,g6_00030_0.tif,6694154,5.924,1.5012,5.439
slovenia,g6_00030_0.tif,6694174,2.097,1.2895,2.069
slovenia,g6_00030_0.tif,6699250,3.707,1.902,3.288
slovenia,g6_00030_0.tif,6699263,2.097,1.3108,2.069
slovenia,g6_00030_0.tif,6699270,1.046,2.4052,0.757
slovenia,g6_00030_0.tif,6699943,1.046,1.7263,0.757
slovenia,g6_00030_0.tif,6699988,1.046,2.2575,0.757
slovenia,g6_00030_0.tif,6702430,1.046,3.0192,0.757
slovenia,g6_00030_0.tif,6702443,1.046,1.8847,0.757
slovenia,g6_00030_0.tif,6702444,1.258,1.885,1.242
slovenia,g6_00030_0.tif,6702448,0.419,2.8869,0.414
slovenia,g6_00030_0.tif,6702815,3.144,1.3592,2.897
slovenia,g6_00030_0.tif,6702816,3.282,1.9771,2.571
slovenia,g6_00030_0.tif,6702817,3.186,1.4567,2.897
slovenia,g6_00030_0.tif,6702823,2.369,1.6363,2.069
slovenia,g6_00030_0.tif,6702834,3.06,1.2384,2.571
slovenia,g6_00030_0.tif,6706456,1.046,2.8032,0.757
slovenia,g6_00030_0.tif,6707071,2.126,1.1196,1.437
slovenia,g6_00030_0.tif,6707072,1.644,0.9601,1.242
slovenia,g6_00030_0.tif,6707110,0.782,1.3628,0.414
slovenia,g6_00030_0.tif,6707196,2.511,1.5462,1.927
slovenia,g6_00030_0.tif,6715853,5.589,1.0817,4.044
slovenia,g6_00030_0.tif,6715879,4.46,1.6588,2.999
slovenia,g6_00030_0.tif,6715884,4.612,1.3287,3.725
slovenia,g6_00030_0.tif,6715889,2.935,2.1284,2.897
slovenia,g6_00030_0.tif,6718646,1.046,1.3489,0.757
slovenia,g6_00030_0.tif,6718647,3.943,1.4142,3.288
slovenia,g6_00030_0.tif,6750763,6.839,1.028,5.139
slovenia,g6_00030_0.tif,6758271,1.258,0.3889,1.242
slovenia,g6_00030_0.tif,6758276,0.782,1.0487,0.414
slovenia,g6_00030_0.tif,6791686,3.06,2.469,2.069
slovenia,g6_00030_0.tif,6894033,10.068,1.4325,7.395
slovenia,g6_00030_0.tif,6894044,5.157,1.0372,4.621
slovenia,g6_00030_0.tif,6927190,1.984,1.3093,1.242
slovenia,g6_00030_0.tif,6953370,2.935,1.541,2.897
slovenia,g6_00030_0.tif,6953393,8.304,1.0007,7.905
slovenia,g6_00030_0.tif,6953408,3.144,1.5436,2.999
slovenia,g6_00030_0.tif,6953418,3.774,1.2844,3.288
slovenia,g6_00030_0.tif,6953443,3.144,1.2325,2.571
slovenia,g6_00030_0.tif,6953444,3.707,1.5339,2.999
slovenia,g6_00030_0.tif,6953451,2.097,1.438,2.069
slovenia,g6_00030_0.tif,6953453,3.774,1.3699,3.725
slovenia,g6_00030_0.tif,6953454,3.06,1.3309,2.069
slovenia,g6_00030_0.tif,6953460,1.984,1.1849,1.242
slovenia,g6_00030_1.tif,6086060,3.144,2.1439,2.999
slovenia,g6_00030_1.tif,6091541,1.046,1.3264,0.757
slovenia,g6_00030_1.tif,6091546,5.157,2.4945,3.725
slovenia,g6_00030_1.tif,6091556,3.06,1.5694,2.571
slovenia,g6_00030_1.tif,6091563,2.511,1.8035,2.204
slovenia,g6_00030_1.tif,6360198,4.387,1.5711,3.725
slovenia,g6_00030_1.tif,6409814,4.612,2.0836,3.725
slovenia,g6_00030_1.tif,6502713,2.097,1.6616,1.437
slovenia,g6_00030_1.tif,6502722,4.414,2.0634,3.725
slovenia,g6_00030_1.tif,6638528,6.462,2.2064,4.553
slovenia,g6_00030_1.tif,6681841,5.006,2.5405,3.725
slovenia,g6_00030_1.tif,6686388,3.943,1.3613,3.725
slovenia,g6_00030_1.tif,6691917,4.612,1.3691,4.553
slovenia,g6_00030_1.tif,6691920,0.419,1.3727,0.414
slovenia,g6_00030_1.tif,6694123,5.157,2.1529,4.821
slovenia,g6_00030_1.tif,6694180,2.935,2.1132,2.897
slovenia,g6_00030_1.tif,6699255,5.819,2.4264,4.044
slovenia,g6_00030_1.tif,6702817,4.414,1.8894,3.725
slovenia,g6_00030_1.tif,6717334,2.935,1.6683,2.571
slovenia,g6_00030_1.tif,6717335,1.644,2.4371,1.242
slovenia,g6_00030_1.tif,6753792,5.11,1.6408,4.044
slovenia,g6_00030_1.tif,6753794,3.774,2.5882,2.999
slovenia,g6_00030_1.tif,6753797,1.046,1.2926,0.757
slovenia,g6_00030_1.tif,6760066,3.144,1.2027,2.069
slovenia,g6_00030_1.tif,6879122,1.984,1.9612,1.242
slovenia,g6_00030_1.tif,6894044,5.451,1.7391,4.553
slovenia,g6_00030_1.tif,6953349,1.046,1.7968,0.757
slovenia,g6_00030_1.tif,7005985,3.186,2.5289,2.069
slovenia,g6_00030_1.tif,7005986,1.046,1.5437,0.757
slovenia,g6_00030_1.tif,7005987,2.511,1.9986,1.927
slovenia,g6_00030_2.tif,6343097,4.39,2.5246,2.897
slovenia,g6_00030_2.tif,6343105,3.692,2.5142,2.999
slovenia,g6_00030_2.tif,6343106,7.91,1.7846,5.38
slovenia,g6_00030_2.tif,6343107,5.592,1.7967,3.725
slovenia,g6_00030_2.tif,6498885,5.432,1.765,4.413
slovenia,g6_00030_2.tif,6498886,2.508,2.0592,1.927
slovenia,g6_00030_2.tif,6498889,7.903,1.9115,6.26
slovenia,g6_00030_2.tif,6498891,1.987,1.3483,1.242
slovenia,g6_00030_2.tif,6498896,2.357,2.4368,2.069
slovenia,g6_00030_2.tif,6499008,1.046,1.6085,0.757
slovenia,g6_00030_2.tif,6499026,6.793,1.7951,4.553
slovenia,g6_00030_2.tif,6500913,1.25,0.7054,1.242
slovenia,g6_00030_2.tif,6500921,5.415,2.9324,5.38
slovenia,g6_00030_2.tif,6500923,3.919,3.0181,3.725
slovenia,g6_00030_2.tif,6502707,1.046,1.4796,0.757
slovenia,g6_00030_2.tif,6502713,3.051,1.9197,2.204
slovenia,g6_00030_2.tif,6502714,3.97,1.7727,3.098
slovenia,g6_00030_2.tif,6502719,2.127,2.1443,1.437
slovenia,g6_00030_2.tif,6502722,2.916,2.1941,2.571
slovenia,g6_00030_2.tif,6502726,2.357,2.05,2.204
slovenia,g6_00030_2.tif,6502739,1.987,2.0399,1.242
slovenia,g6_00030_2.tif,6502740,1.046,1.5062,0.757
slovenia,g6_00030_2.tif,6502742,2.916,2.6399,2.204
slovenia,g6_00030_2.tif,6507001,1.987,1.2273,1.242
slovenia,g6_00030_2.tif,6600251,1.987,2.6641,1.242
slovenia,g6_00030_2.tif,6753792,1.25,2.2254,1.242
slovenia,g6_00030_2.tif,6814381,3.051,2.1561,2.204
slovenia,g6_00030_2.tif,6953349,6.249,1.301,4.821
slovenia,g6_00030_2.tif,6953390,10.398,2.0826,7.863
slovenia,g6_00030_3.tif,6095618,1.644,1.959,1.437
slovenia,g6_00030_3.tif,6095619,2.097,2.0077,1.927
slovenia,g6_00030_3.tif,6102198,4.387,2.2021,2.897
slovenia,g6_00030_3.tif,6102200,2.097,1.6331,2.069
slovenia,g6_00030_3.tif,6165790,1.984,1.5179,1.242
slovenia,g6_00030_3.tif,6256808,4.671,2.9622,4.413
slovenia,g6_00030_3.tif,6256811,3.06,1.4637,2.204
slovenia,g6_00030_3.tif,6256815,9.927,3.2561,8.84
slovenia,g6_00030_3.tif,6256825,1.258,1.6098,1.242
slovenia,g6_00030_3.tif,6256896,1.984,2.0856,1.242
slovenia,g6_00030_3.tif,6341913,5.442,2.3489,3.725
slovenia,g6_00030_3.tif,6370066,1.258,1.8806,1.242
slovenia,g6_00030_3.tif,6370543,1.258,1.8691,1.242
slovenia,g6_00030_3.tif,6406018,1.258,0.9965,1.242
slovenia,g6_00030_3.tif,6424491,1.258,1.3373,1.242
slovenia,g6_00030_3.tif,6424492,0.419,1.0153,0.414
slovenia,g6_00030_3.tif,6463982,2.097,1.3707,2.069
slovenia,g6_00030_3.tif,6469356,1.046,1.1151,0.757
slovenia,g6_00030_3.tif,6469357,3.557,1.358,2.571
slovenia,g6_00030_3.tif,6486562,5.451,2.6879,4.553
slovenia,g6_00030_3.tif,6502745,1.258,2.0202,1.242
slovenia,g6_00030_3.tif,6507017,1.046,1.6593,0.757
slovenia,g6_00030_3.tif,6597515,4.46,2.8996,2.999
slovenia,g6_00030_3.tif,6638599,1.644,1.2802,1.242
slovenia,g6_00030_3.tif,6644565,1.046,1.8865,0.757
slovenia,g6_00030_3.tif,6644566,1.046,1.9105,0.757
slovenia,g6_00030_3.tif,6699665,4.414,1.9364,3.288
slovenia,g6_00030_3.tif,6699672,1.984,1.7042,1.242
slovenia,g6_00030_3.tif,6699864,2.511,2.1477,1.927
slovenia,g6_00030_3.tif,6699930,1.644,1.6149,1.242
slovenia,g6_00030_3.tif,6700619,1.046,1.7724,0.757
slovenia,g6_00030_3.tif,6772531,1.258,2.3083,1.242
slovenia,g6_00030_3.tif,6912184,2.097,2.2832,1.927
slovenia,g6_00032_10.tif,6103343,1.046,1.1213,0.757
slovenia,g6_00032_10.tif,6103344,1.984,1.5261,1.242
slovenia,g6_00032_10.tif,6114823,1.046,1.8675,0.757
slovenia,g6_00032_10.tif,6114824,1.046,1.3166,0.757
slovenia,g6_00032_10.tif,6114830,1.258,1.1196,1.242
slovenia,g6_00032_11.tif,6103346,1.644,2.7504,1.242
slovenia,g6_00032_11.tif,6112353,2.126,2.3335,1.437
slovenia,g6_00032_11.tif,6112357,1.046,1.9765,0.757
slovenia,g6_00032_11.tif,6114822,2.097,1.3054,1.927
slovenia,g6_00032_11.tif,6114849,2.936,1.3299,2.571
slovenia,g6_00032_11.tif,6114856,1.258,1.2565,1.242
slovenia,g6_00032_11.tif,6130823,1.258,1.5429,1.242
slovenia,g6_00032_11.tif,6130912,0.419,1.4366,0.414
slovenia,g6_00032_11.tif,6144269,2.511,1.2066,2.069
slovenia,g6_00032_11.tif,6219017,2.369,2.1111,1.927
slovenia,g6_00032_11.tif,6219018,2.097,1.3534,1.437
slovenia,g6_00032_11.tif,6566069,2.936,2.3894,2.204
slovenia,g6_00032_11.tif,6566070,2.097,1.9359,1.927
slovenia,g6_00032_11.tif,6566071,2.369,1.8234,2.204
slovenia,g6_00032_11.tif,6566087,1.258,1.336,1.242
slovenia,g6_00032_11.tif,6566353,1.046,1.537,0.757
slovenia,g6_00032_11.tif,6713829,2.936,1.6244,2.897
slovenia,g6_00032_11.tif,6780259,1.984,1.4411,1.242
slovenia,g6_00032_11.tif,6780261,1.984,1.7829,1.242
slovenia,g6_00032_11.tif,6780268,5.452,1.8716,5.139
slovenia,g6_00032_11.tif,6780568,2.126,1.1878,1.437
slovenia,g6_00032_11.tif,6780580,1.644,1.3526,1.242
slovenia,g6_00032_11.tif,6865058,1.258,1.343,1.242
slovenia,g6_00032_11.tif,6934073,2.936,1.88,2.897
slovenia,g6_00032_11.tif,6973439,3.06,1.9038,2.204
slovenia,g6_00032_11.tif,6973445,3.185,1.67,2.069
slovenia,g6_00032_11.tif,6973468,2.511,2.6756,2.069
slovenia,g6_00032_11.tif,6973535,3.557,1.7769,2.571
slovenia,g6_00032_11.tif,6973575,1.046,2.0826,0.757
slovenia,g6_00032_11.tif,6973878,0.782,1.7149,0.414
slovenia,g6_00032_11.tif,7004274,2.126,2.1485,2.069
slovenia,g6_00032_11.tif,7073789,1.258,1.377,1.242
slovenia,g6_00032_11.tif,7073790,2.936,1.6759,2.897
slovenia,g6_00032_11.tif,7073793,2.097,1.663,2.069
slovenia,g6_00032_11.tif,7073794,1.984,1.6312,1.242
slovenia,g6_00032_11.tif,7073796,1.644,1.4884,1.242
slovenia,g6_00032_9.tif,6788962,2.127,1.8555,1.437
slovenia,g6_00034_6.tif,6092269,1.046,1.3467,0.757
slovenia,g6_00034_6.tif,6092277,2.512,2.1404,1.927
slovenia,g6_00034_6.tif,6094566,1.046,2.6066,0.757
slovenia,g6_00034_6.tif,6106888,1.259,1.522,1.242
slovenia,g6_00034_6.tif,6106898,1.046,2.2648,0.757
slovenia,g6_00034_6.tif,6287195,2.098,1.4038,1.437
slovenia,g6_00034_6.tif,6287197,1.046,1.4946,0.757
slovenia,g6_00034_6.tif,6287198,1.046,1.3231,0.757
slovenia,g6_00034_6.tif,6287204,1.046,0.9257,0.757
slovenia,g6_00034_6.tif,6350692,2.098,1.5163,1.927
slovenia,g6_00034_6.tif,6350694,1.046,1.0535,0.757
slovenia,g6_00034_6.tif,6350696,1.046,1.6036,0.757
slovenia,g6_00034_6.tif,6350698,1.046,1.2286,0.757
slovenia,g6_00034_6.tif,6350974,1.046,0.7202,0.757
slovenia,g6_00034_6.tif,6382218,1.644,1.0825,1.242
slovenia,g6_00034_6.tif,6426821,2.937,1.3069,2.204
slovenia,g6_00034_6.tif,6522243,1.046,1.1376,0.757
slovenia,g6_00034_6.tif,6522253,1.644,1.9567,1.242
slovenia,g6_00034_7.tif,6091075,1.644,1.3126,1.242
slovenia,g6_00034_7.tif,6091076,1.259,0.935,1.242
slovenia,g6_00034_7.tif,6091079,1.644,1.53,1.437
slovenia,g6_00034_7.tif,6092501,1.046,1.0335,0.757
slovenia,g6_00034_7.tif,6092508,3.145,2.305,2.571
slovenia,g6_00034_7.tif,6092509,0.782,1.5861,0.414
slovenia,g6_00034_7.tif,6100702,1.046,2.2675,0.757
slovenia,g6_00034_7.tif,6198392,1.046,1.3405,0.757
slovenia,g6_00034_7.tif,6291881,1.984,2.3153,1.242
slovenia,g6_00034_7.tif,6291889,1.644,2.1939,1.242
slovenia,g6_00034_7.tif,6314049,4.756,2.1027,3.807
slovenia,g6_00034_7.tif,6332592,2.512,2.1281,1.927
slovenia,g6_00034_7.tif,6332594,1.046,1.7703,0.757
slovenia,g6_00034_7.tif,6418581,1.046,1.0446,0.757
slovenia,g6_00034_7.tif,6418582,1.046,1.5575,0.757
slovenia,g6_00034_7.tif,6452693,3.145,2.1679,2.069
slovenia,g6_00034_7.tif,6544280,1.046,1.5354,0.757
slovenia,g6_00034_7.tif,6627590,1.046,1.5266,0.757
slovenia,g6_00034_7.tif,6627597,1.644,1.9733,1.437
slovenia,g6_00034_7.tif,6627601,1.046,1.9439,0.757
slovenia,g6_00034_7.tif,6627606,3.977,2.1896,2.999
slovenia,g6_00034_7.tif,6629578,1.644,1.3628,1.437
slovenia,g6_00034_7.tif,6629579,1.046,2.1634,0.757
slovenia,g6_00034_7.tif,6641448,1.644,1.1302,1.437
slovenia,g6_00034_7.tif,6641449,1.046,1.1289,0.757
slovenia,g6_00034_7.tif,6819377,1.046,0.8071,0.757
slovenia,g6_00034_7.tif,6867383,2.126,1.7864,1.437
slovenia,g6_00034_7.tif,6929642,1.046,1.5952,0.757
slovenia,g6_00034_7.tif,6929643,3.282,1.8252,2.999
slovenia,g6_00034_7.tif,6929651,1.046,0.8892,0.757
slovenia,g6_00034_7.tif,7008831,1.644,1.6846,1.242
slovenia,g6_00034_7.tif,7008848,1.046,2.2997,0.757
slovenia,g6_00034_7.tif,7008870,2.512,2.0779,1.927
slovenia,g6_00035_10.tif,6125005,1.986,0.9485,1.242
slovenia,g6_00035_10.tif,6519963,1.986,1.828,1.242
slovenia,g6_00035_10.tif,6519964,1.046,2.2335,0.757
slovenia,g6_00035_10.tif,6519966,1.986,2.6146,1.242
slovenia,g6_00035_10.tif,6719032,5.541,1.9732,4.886
slovenia,g6_00035_10.tif,6744273,4.394,2.1986,3.725
slovenia,g6_00035_10.tif,6744279,2.508,1.7641,2.204
slovenia,g6_00035_11.tif,6340443,2.126,1.1588,1.437
slovenia,g6_00035_11.tif,6340535,1.046,1.4533,0.757
slovenia,g6_00035_11.tif,6788964,2.512,2.8283,1.927
slovenia,g6_00035_12.tif,6084420,1.984,1.4456,1.242
slovenia,g6_00035_12.tif,6084428,2.37,1.3979,1.927
slovenia,g6_00035_12.tif,6116267,2.098,1.7345,1.927
slovenia,g6_00035_12.tif,6116268,1.046,1.4628,0.757
slovenia,g6_00035_12.tif,6116273,2.098,1.3341,1.437
slovenia,g6_00035_12.tif,6116275,2.126,1.8906,1.437
slovenia,g6_00035_12.tif,6116281,1.259,1.0227,1.242
slovenia,g6_00035_12.tif,6116309,1.046,1.8829,0.757
slovenia,g6_00035_12.tif,6116366,2.098,1.0891,1.927
slovenia,g6_00035_12.tif,6116384,2.37,1.3546,2.069
slovenia,g6_00035_12.tif,6140480,5.589,2.3256,3.725
slovenia,g6_00035_12.tif,6140481,1.984,2.4289,1.242
slovenia,g6_00035_12.tif,6140484,5.589,2.5771,3.725
slovenia,g6_00035_12.tif,6140497,2.37,2.5877,1.927
slovenia,g6_00035_12.tif,6140535,1.046,2.52,0.757
slovenia,g6_00035_12.tif,6140579,0.782,2.4823,0.414
slovenia,g6_00035_12.tif,6189607,1.644,1.6113,1.242
slovenia,g6_00035_12.tif,6228535,1.259,1.701,1.242
slovenia,g6_00035_12.tif,6269077,2.098,1.8132,1.927
slovenia,g6_00035_12.tif,6269243,1.259,1.2141,1.242
slovenia,g6_00035_12.tif,6269250,1.644,1.1925,1.242
slovenia,g6_00035_12.tif,6399611,1.259,2.3101,1.242
slovenia,g6_00035_12.tif,6523719,1.984,1.6532,1.242
slovenia,g6_00035_12.tif,6523720,1.984,1.2271,1.242
slovenia,g6_00035_12.tif,6523992,0.782,1.8938,0.414
slovenia,g6_00035_12.tif,6541082,3.145,2.8427,2.069
slovenia,g6_00035_12.tif,6541083,0.42,2.0201,0.414
slovenia,g6_00035_12.tif,6541084,1.644,1.5716,1.242
slovenia,g6_00035_12.tif,6598732,1.644,1.5961,1.437
slovenia,g6_00035_12.tif,6598768,1.046,1.8387,0.757
slovenia,g6_00035_12.tif,6598771,1.046,1.6292,0.757
slovenia,g6_00035_12.tif,6614924,1.984,2.11,1.437
slovenia,g6_00035_12.tif,6615036,1.644,1.3262,1.437
slovenia,g6_00035_12.tif,6615069,1.984,1.8903,1.437
slovenia,g6_00035_12.tif,6635960,1.984,2.4248,1.242
slovenia,g6_00035_12.tif,6757987,1.644,1.6426,1.242
slovenia,g6_00035_12.tif,6757989,1.644,1.4824,1.437
slovenia,g6_00035_12.tif,6757991,1.046,1.1221,0.757
slovenia,g6_00035_12.tif,6758123,2.126,1.5998,1.437
slovenia,g6_00035_12.tif,6758174,1.046,1.9485,0.757
slovenia,g6_00035_12.tif,6758348,1.046,1.6647,0.757
slovenia,g6_00035_12.tif,6969246,1.259,1.5898,1.242
slovenia,g6_00035_12.tif,6969247,2.37,2.3646,1.927
slovenia,g6_00035_12.tif,6969252,2.098,1.2642,1.927
slovenia,g6_00035_12.tif,6969325,2.098,1.9087,1.927
slovenia,g6_00035_12.tif,6969343,1.259,2.2756,1.242
slovenia,g6_00035_12.tif,7006049,1.046,1.8575,0.757
slovenia,g6_00037_7.tif,6198406,1.984,2.6385,1.437
slovenia,g6_00037_8.tif,6091065,1.046,1.8421,0.757
slovenia,g6_00038_11.tif,6145510,0.785,1.7005,0.414
slovenia,g6_00038_11.tif,6719326,3.188,1.6065,2.069
slovenia,g6_00038_13.tif,6116267,2.37,1.68,2.204
slovenia,g6_00038_13.tif,6116268,1.046,0.9158,0.757
slovenia,g6_00038_13.tif,6116281,1.046,1.0196,0.757
slovenia,g6_00038_13.tif,6116366,1.645,1.1483,1.242
slovenia,g6_00038_13.tif,6116384,1.984,1.3076,1.242
slovenia,g6_00038_13.tif,6140481,3.185,2.0467,2.069
slovenia,g6_00038_13.tif,6140488,3.709,3.1119,3.098
slovenia,g6_00038_13.tif,6140490,2.126,1.8562,1.437
slovenia,g6_00038_13.tif,6140491,1.645,0.9323,1.242
slovenia,g6_00038_13.tif,6140496,1.645,1.5012,1.242
slovenia,g6_00038_13.tif,6140498,1.984,2.0575,1.242
slovenia,g6_00038_13.tif,6175364,0.42,3.0866,0.414
slovenia,g6_00038_13.tif,6244662,3.185,1.4228,2.069
slovenia,g6_00038_13.tif,6269077,2.098,1.2616,2.069
slovenia,g6_00038_13.tif,6360692,2.098,2.1005,2.069
slovenia,g6_00038_13.tif,6360696,3.061,1.9373,2.069
slovenia,g6_00038_13.tif,6360698,2.126,1.5013,1.927
slovenia,g6_00038_13.tif,6364420,8.714,1.9775,7.738
slovenia,g6_00038_13.tif,6364438,3.709,1.4836,2.999
slovenia,g6_00038_13.tif,6364446,1.984,1.9184,1.242
slovenia,g6_00038_13.tif,6364457,1.645,2.179,1.242
slovenia,g6_00038_13.tif,6364596,2.098,1.6526,1.437
slovenia,g6_00038_13.tif,6431719,1.645,1.5187,1.437
slovenia,g6_00038_13.tif,6431774,2.126,1.5162,1.437
slovenia,g6_00038_13.tif,6598732,1.645,0.8934,1.437
slovenia,g6_00038_13.tif,6635573,1.984,0.8517,1.242
slovenia,g6_00038_13.tif,6678624,3.945,1.6822,3.807
slovenia,g6_00038_13.tif,6678639,0.42,2.1571,0.414
slovenia,g6_00038_13.tif,6678641,0.42,1.7521,0.414
slovenia,g6_00038_13.tif,6678649,0.42,2.4183,0.414
slovenia,g6_00038_13.tif,6691815,3.061,1.014,2.069
slovenia,g6_00038_13.tif,6691819,1.645,0.7803,1.242
slovenia,g6_00038_13.tif,6691918,1.984,2.4448,1.242
slovenia,g6_00038_13.tif,6693987,5.773,2.2255,4.821
slovenia,g6_00038_13.tif,6718225,14.0,1.4019,10.347
slovenia,g6_00038_13.tif,6718271,1.259,0.6945,1.242
slovenia,g6_00038_13.tif,6718286,1.046,2.1491,0.757
slovenia,g6_00038_13.tif,6718374,1.046,1.3665,0.757
slovenia,g6_00038_13.tif,6767241,1.259,1.409,1.242
slovenia,g6_00038_13.tif,6767369,1.259,1.6812,1.242
slovenia,g6_00038_13.tif,6969246,1.259,1.9395,1.242
slovenia,g6_00038_13.tif,6969252,2.37,0.9894,1.927
slovenia,g6_00038_13.tif,7006049,0.782,0.9149,0.414
slovenia,g6_00038_13.tif,7032951,4.506,1.6621,3.288
slovenia,g6_00038_13.tif,7032952,5.006,1.6894,3.725
slovenia,g6_00039_14.tif,6361165,1.046,1.5858,0.757
slovenia,g6_00039_14.tif,6361166,1.046,1.0789,0.757
slovenia,g6_00039_14.tif,6522770,3.778,1.736,3.725
slovenia,g6_00039_14.tif,6609039,1.046,1.3062,0.757
slovenia,g6_00039_14.tif,6723891,3.061,1.899,2.069
slovenia,g6_00039_14.tif,6723893,3.061,1.3853,2.571
slovenia,g6_00039_14.tif,6723913,1.046,0.924,0.757
slovenia,g6_00039_14.tif,6838980,1.046,1.8098,0.757
slovenia,g6_00039_14.tif,6869902,1.046,1.5725,0.757
slovenia,g6_00039_14.tif,6960460,3.709,1.9941,2.999
slovenia,g6_00039_14.tif,6960462,1.259,1.4124,1.242
slovenia,g6_00039_14.tif,6960464,0.782,2.3903,0.414
slovenia,g6_00039_15.tif,6161108,5.161,1.5648,4.413
slovenia,g6_00039_15.tif,6161111,4.507,1.87,3.725
slovenia,g6_00039_15.tif,6161115,3.946,2.0159,3.288
slovenia,g6_00039_15.tif,6294798,1.046,1.767,0.757
slovenia,g6_00039_15.tif,6294800,1.259,1.7791,1.242
slovenia,g6_00039_15.tif,6483319,1.046,2.8259,0.757
slovenia,g6_00039_15.tif,6483357,1.046,1.0609,0.757
slovenia,g6_00039_15.tif,6540429,1.259,2.1735,1.242
slovenia,g6_00039_15.tif,6540432,1.259,2.8166,1.242
slovenia,g6_00039_15.tif,6599322,3.778,1.4316,2.999
slovenia,g6_00039_15.tif,6599325,1.046,1.3237,0.757
slovenia,g6_00039_15.tif,6609039,1.046,1.5683,0.757
slovenia,g6_00039_15.tif,6656784,1.645,1.6179,1.437
slovenia,g6_00039_15.tif,6656808,1.046,1.7082,0.757
slovenia,g6_00039_15.tif,6705780,1.046,1.8878,0.757
slovenia,g6_00039_15.tif,6716617,1.259,2.2822,1.242
slovenia,g6_00039_15.tif,6716619,3.185,2.5618,2.897
slovenia,g6_00039_15.tif,6716646,2.099,1.6771,1.437
slovenia,g6_00039_15.tif,6838988,1.259,2.9234,1.242
slovenia,g6_00039_15.tif,6838990,1.259,2.1322,1.242
slovenia,g6_00039_15.tif,6868244,6.095,1.7504,4.413
slovenia,g6_00039_15.tif,6868261,3.147,2.0527,2.999
slovenia,g6_00039_15.tif,6897760,2.099,1.4055,2.069
slovenia,g6_00039_15.tif,6897779,1.645,2.3492,1.242
slovenia,g6_00041_16.tif,6085836,1.046,1.3582,0.757
slovenia,g6_00041_16.tif,6085838,1.645,1.6316,1.437
slovenia,g6_00041_16.tif,6085843,1.259,0.8483,1.242
slovenia,g6_00041_16.tif,6114079,1.983,1.8109,1.242
slovenia,g6_00041_16.tif,6114081,1.046,1.7706,0.757
slovenia,g6_00041_16.tif,6128660,1.645,1.5467,1.242
slovenia,g6_00041_16.tif,6296180,1.983,0.7582,1.242
slovenia,g6_00041_16.tif,6296200,1.983,1.5687,1.242
slovenia,g6_00041_16.tif,6296208,0.782,1.467,0.414
slovenia,g6_00041_16.tif,6403368,2.099,1.5089,2.069
slovenia,g6_00041_16.tif,6403370,1.645,1.1214,1.437
slovenia,g6_00041_16.tif,6403454,2.938,1.7844,2.069
slovenia,g6_00041_16.tif,6589550,2.126,2.0508,1.437
slovenia,g6_00041_16.tif,6589609,1.645,1.2668,1.242
slovenia,g6_00041_16.tif,6589811,0.782,3.0655,0.414
slovenia,g6_00041_16.tif,6748353,0.782,1.7402,0.414
slovenia,g6_00041_16.tif,6748354,1.645,1.7554,1.437
slovenia,g6_00041_16.tif,6768170,1.645,1.525,1.437
slovenia,g6_00041_16.tif,6768171,1.259,1.6053,1.242
slovenia,g6_00041_16.tif,6768172,3.557,2.0484,2.571
slovenia,g6_00041_16.tif,6768182,3.147,1.9922,2.897
slovenia,g6_00041_16.tif,6983642,3.709,0.9234,3.098
slovenia,g6_00041_16.tif,6983644,1.259,2.1455,1.242
slovenia,g6_00041_16.tif,6983648,2.099,0.7939,1.927
slovenia,g6_00041_16.tif,7045592,4.387,1.6479,2.897
slovenia,g6_00041_16.tif,7045600,3.185,2.1361,2.069
slovenia,g6_00041_16.tif,7045603,3.282,1.9768,2.204
slovenia,g6_00041_16.tif,7045717,2.099,2.1485,2.069
slovenia,g6_00041_16.tif,7045750,1.259,2.2569,1.242
slovenia,g6_00041_17.tif,6088426,1.645,1.4482,1.437
slovenia,g6_00041_17.tif,6088433,1.645,2.7018,1.242
slovenia,g6_00041_17.tif,6088437,1.645,2.1408,1.437
slovenia,g6_00041_17.tif,6114076,1.259,1.3933,1.242
slovenia,g6_00041_17.tif,6114081,1.046,1.2801,0.757
slovenia,g6_00041_17.tif,6114097,1.259,2.213,1.242
slovenia,g6_00041_17.tif,6128673,1.259,2.5676,1.242
slovenia,g6_00041_17.tif,6129178,1.046,1.3565,0.757
slovenia,g6_00041_17.tif,6129183,1.046,1.7824,0.757
slovenia,g6_00041_17.tif,6129210,1.645,1.5588,1.242
slovenia,g6_00041_17.tif,6139295,2.099,1.3264,1.927
slovenia,g6_00041_17.tif,6139304,2.099,1.0183,1.927
slovenia,g6_00041_17.tif,6139318,3.778,1.3693,3.288
slovenia,g6_00041_17.tif,6139349,2.938,1.7194,2.897
slovenia,g6_00041_17.tif,6196758,1.259,1.8594,1.242
slovenia,g6_00041_17.tif,6196860,1.046,0.9093,0.757
slovenia,g6_00041_17.tif,6197093,1.046,0.8506,0.757
slovenia,g6_00041_17.tif,6227315,2.938,1.6367,2.897
slovenia,g6_00041_17.tif,6243304,1.259,2.1012,1.242
slovenia,g6_00041_17.tif,6243307,1.259,1.4766,1.242
slovenia,g6_00041_17.tif,6243308,2.371,1.8597,2.204
slovenia,g6_00041_17.tif,6243383,2.938,1.352,2.571
slovenia,g6_00041_17.tif,6252688,1.046,1.698,0.757
slovenia,g6_00041_17.tif,6252728,0.42,1.834,0.414
slovenia,g6_00041_17.tif,6260720,1.046,0.9709,0.757
slovenia,g6_00041_17.tif,6304740,1.645,2.1103,1.437
slovenia,g6_00041_17.tif,6304743,2.099,1.4524,1.927
slovenia,g6_00041_17.tif,6304840,1.259,2.1631,1.242
slovenia,g6_00041_17.tif,6568718,1.259,1.5169,1.242
slovenia,g6_00041_17.tif,6718423,1.645,0.8907,1.437
slovenia,g6_00041_17.tif,6748353,0.42,1.3543,0.414
slovenia,g6_00041_17.tif,6748354,1.046,1.5848,0.757
slovenia,g6_00041_17.tif,6768178,2.099,2.173,2.069
slovenia,g6_00041_17.tif,6773373,1.046,1.5518,0.757
slovenia,g6_00041_17.tif,6773382,1.259,1.3249,1.242
slovenia,g6_00041_17.tif,6773383,1.259,2.1025,1.242
slovenia,g6_00041_17.tif,6773601,0.42,1.7388,0.414
slovenia,g6_00041_17.tif,6808499,1.046,1.4276,0.757
slovenia,g6_00041_17.tif,6808517,3.061,2.6173,2.069
slovenia,g6_00041_17.tif,6808629,1.645,1.6798,1.437
slovenia,g6_00041_17.tif,6808725,1.259,1.7667,1.242
slovenia,g6_00041_17.tif,6824848,0.42,2.0863,0.414
slovenia,g6_00041_17.tif,6943905,2.099,1.8827,1.927
slovenia,g6_00041_17.tif,6952611,2.099,2.1791,1.927
slovenia,g6_00041_17.tif,6952642,1.046,1.3627,0.757
slovenia,g6_00041_17.tif,6995942,1.046,2.2164,0.757
slovenia,g6_00041_17.tif,6995949,2.099,1.437,1.927
slovenia,g6_00041_17.tif,6996298,1.645,1.0561,1.437
slovenia,g6_00041_17.tif,6996317,1.645,1.6967,1.437
slovenia,g6_00041_17.tif,7045592,4.387,1.2746,2.999
slovenia,g6_00041_17.tif,7068454,2.099,3.0204,2.069
slovenia,g6_00041_17.tif,7068457,1.645,2.8123,1.437
slovenia,g6_00042_10.tif,6087167,1.046,0.7437,0.757
slovenia,g6_00042_10.tif,6130101,1.259,1.5856,1.242
slovenia,g6_00042_10.tif,6130114,1.645,3.0223,1.437
slovenia,g6_00042_10.tif,6131568,2.126,1.4555,1.437
slovenia,g6_00042_10.tif,6131575,1.645,1.22,1.437
slovenia,g6_00042_10.tif,6135115,1.983,1.39,1.437
slovenia,g6_00042_10.tif,6204602,2.099,0.9908,1.927
slovenia,g6_00042_10.tif,6206292,1.645,1.5913,1.437
slovenia,g6_00042_10.tif,6206305,2.099,1.4973,2.069
slovenia,g6_00042_10.tif,6206308,3.978,1.2266,3.288
slovenia,g6_00042_10.tif,6206309,2.099,2.1639,1.927
slovenia,g6_00042_10.tif,6206310,1.983,0.9248,1.242
slovenia,g6_00042_10.tif,6206311,1.259,2.2683,1.242
slovenia,g6_00042_10.tif,6206780,0.42,2.3101,0.414
slovenia,g6_00042_10.tif,6208574,1.983,0.9299,1.242
slovenia,g6_00042_10.tif,6208577,5.443,1.0765,3.725
slovenia,g6_00042_10.tif,6208579,4.507,1.3737,3.288
slovenia,g6_00042_10.tif,6259628,1.259,2.6297,1.242
slovenia,g6_00042_10.tif,6259636,3.778,2.3126,3.725
slovenia,g6_00042_10.tif,6259637,2.938,1.8696,2.069
slovenia,g6_00042_10.tif,6259971,0.42,1.7526,0.414
slovenia,g6_00042_10.tif,6264511,4.387,2.4233,2.897
slovenia,g6_00042_10.tif,6264516,1.259,1.1523,1.242
slovenia,g6_00042_10.tif,6282282,0.42,0.3773,0.414
slovenia,g6_00042_10.tif,6316183,2.099,1.0524,1.927
slovenia,g6_00042_10.tif,6316201,2.099,2.317,1.927
slovenia,g6_00042_10.tif,6316202,2.371,2.0593,2.204
slovenia,g6_00042_10.tif,6316259,0.782,1.9333,0.414
slovenia,g6_00042_10.tif,6317052,3.061,1.4604,2.571
slovenia,g6_00042_10.tif,6319188,2.126,1.5441,1.437
slovenia,g6_00042_10.tif,6319190,1.046,1.5253,0.757
slovenia,g6_00042_10.tif,6319194,3.946,1.2503,3.725
slovenia,g6_00042_10.tif,6320917,2.371,0.6448,2.204
slovenia,g6_00042_10.tif,6320922,3.061,2.0407,2.571
slovenia,g6_00042_10.tif,6323683,4.417,1.6852,3.725
slovenia,g6_00042_10.tif,6323684,2.126,2.4577,1.437
slovenia,g6_00042_10.tif,6323686,3.061,1.4473,2.069
slovenia,g6_00042_10.tif,6323688,6.463,1.2656,4.553
slovenia,g6_00042_10.tif,6323697,3.978,1.8966,2.897
slovenia,g6_00042_10.tif,6323724,1.259,2.6849,1.242
slovenia,g6_00042_10.tif,6325412,3.709,2.6504,3.288
slovenia,g6_00042_10.tif,6325421,3.185,2.5721,2.069
slovenia,g6_00042_10.tif,6325426,2.938,1.4905,2.204
slovenia,g6_00042_10.tif,6327401,3.061,1.8745,2.069
slovenia,g6_00042_10.tif,6330860,1.259,1.4775,1.242
slovenia,g6_00042_10.tif,6399083,1.645,1.0413,1.437
slovenia,g6_00042_10.tif,6399084,1.046,1.2084,0.757
slovenia,g6_00042_10.tif,6401144,2.099,1.6098,1.437
slovenia,g6_00042_10.tif,6401220,2.099,2.1899,2.069
slovenia,g6_00042_10.tif,6401333,0.42,1.6051,0.414
slovenia,g6_00042_10.tif,6413884,1.259,1.4771,1.242
slovenia,g6_00042_10.tif,6455462,2.512,1.6838,1.927
slovenia,g6_00042_10.tif,6455463,1.046,1.2535,0.757
slovenia,g6_00042_10.tif,6455473,1.645,1.8991,1.437
slovenia,g6_00042_10.tif,6455707,2.099,1.502,2.069
slovenia,g6_00042_10.tif,6455843,2.371,1.4747,2.069
slovenia,g6_00042_10.tif,6486301,0.42,2.0394,0.414
slovenia,g6_00042_10.tif,6489338,1.645,1.9433,1.242
slovenia,g6_00042_10.tif,6489346,1.645,0.7873,1.242
slovenia,g6_00042_10.tif,6489363,1.046,0.8294,0.757
slovenia,g6_00042_10.tif,6489399,1.046,1.5226,0.757
slovenia,g6_00042_10.tif,6508474,1.645,1.2728,1.437
slovenia,g6_00042_10.tif,6508500,1.259,1.0192,1.242
slovenia,g6_00042_10.tif,6508548,1.259,1.383,1.242
slovenia,g6_00042_10.tif,6508606,0.782,1.3892,0.414
slovenia,g6_00042_10.tif,6568698,3.946,1.3222,3.725
slovenia,g6_00042_10.tif,6568866,2.126,2.227,1.437
slovenia,g6_00042_10.tif,6589075,3.185,2.2744,2.069
slovenia,g6_00042_10.tif,6593892,3.061,1.7052,2.204
slovenia,g6_00042_10.tif,6593894,4.417,1.2844,3.288
slovenia,g6_00042_10.tif,6593895,5.161,1.1077,4.553
slovenia,g6_00042_10.tif,6593897,0.42,1.434,0.414
slovenia,g6_00042_10.tif,6593924,2.126,1.3948,1.437
slovenia,g6_00042_10.tif,6594136,0.42,1.4074,0.414
slovenia,g6_00042_10.tif,6594242,0.42,1.394,0.414
slovenia,g6_00042_10.tif,6604728,6.909,1.5734,6.051
slovenia,g6_00042_10.tif,6604730,2.099,1.2267,1.927
slovenia,g6_00042_10.tif,6604732,3.557,2.2425,2.999
slovenia,g6_00042_10.tif,6604733,3.147,1.5184,2.897
slovenia,g6_00042_10.tif,6604734,3.147,2.2623,2.999
slovenia,g6_00042_10.tif,6604768,1.259,1.4828,1.242
slovenia,g6_00042_10.tif,6681022,1.645,1.5263,1.437
slovenia,g6_00042_10.tif,6681027,1.046,0.997,0.757
slovenia,g6_00042_10.tif,6683962,2.126,1.828,1.437
slovenia,g6_00042_10.tif,6683971,1.645,1.0924,1.242
slovenia,g6_00042_10.tif,6762496,5.443,1.1035,4.044
slovenia,g6_00042_10.tif,6762499,2.126,2.5294,1.927
slovenia,g6_00042_10.tif,6762549,1.983,1.357,1.242
slovenia,g6_00042_10.tif,6762552,1.983,0.735,1.437
slovenia,g6_00042_10.tif,6763976,1.046,1.3337,0.757
slovenia,g6_00042_10.tif,6765436,1.259,1.1066,1.242
slovenia,g6_00042_10.tif,6765437,3.978,0.8503,2.999
slovenia,g6_00042_10.tif,6786617,3.185,1.392,2.897
slovenia,g6_00042_10.tif,6808789,2.126,1.4101,1.437
slovenia,g6_00042_10.tif,6808791,6.713,1.6434,6.26
slovenia,g6_00042_10.tif,6808792,2.938,1.5305,2.897
slovenia,g6_00042_10.tif,6808806,2.371,0.9899,2.204
slovenia,g6_00042_10.tif,6808881,2.099,1.666,1.927
slovenia,g6_00042_10.tif,6900314,1.645,1.0474,1.437
slovenia,g6_00042_10.tif,6900412,2.512,1.4054,1.927
slovenia,g6_00042_10.tif,6900495,2.371,1.6703,1.927
slovenia,g6_00042_10.tif,6900501,0.42,0.9899,0.414
slovenia,g6_00042_10.tif,6900773,1.046,1.3856,0.757
slovenia,g6_00042_10.tif,6945929,3.061,2.2814,2.204
slovenia,g6_00042_10.tif,6945946,1.645,1.492,1.437
slovenia,g6_00042_10.tif,6948302,3.778,0.9152,2.999
slovenia,g6_00042_10.tif,6948322,1.046,2.3006,0.757
slovenia,g6_00042_10.tif,6948335,3.061,1.8544,2.571
slovenia,g6_00042_10.tif,6948584,1.259,1.784,1.242
slovenia,g6_00042_10.tif,6966536,2.938,1.281,2.204
slovenia,g6_00042_10.tif,7065629,3.061,1.1256,2.069
slovenia,g6_00042_15.tif,6483312,2.099,1.4579,2.069
slovenia,g6_00042_16.tif,6220123,2.099,2.2107,1.437
slovenia,g6_00042_16.tif,6483357,1.04,1.4262,0.757
slovenia,g6_00042_16.tif,6542018,1.04,1.3006,0.757
slovenia,g6_00042_16.tif,6566618,1.641,1.508,1.242
slovenia,g6_00042_16.tif,6619821,1.641,2.8111,1.242
slovenia,g6_00042_16.tif,6716624,2.368,1.8734,1.927
slovenia,g6_00042_16.tif,6716634,1.04,2.8906,0.757
slovenia,g6_00042_16.tif,6838986,1.968,1.6751,1.242
slovenia,g6_00042_16.tif,6868251,1.968,1.5504,1.437
slovenia,g6_00042_16.tif,6868261,0.774,3.5424,0.414
slovenia,g6_00042_16.tif,6868268,2.111,2.565,1.437
slovenia,g6_00042_16.tif,6891483,1.04,2.7478,0.757
slovenia,g6_00042_16.tif,6927018,3.145,1.8909,2.571
slovenia,g6_00042_16.tif,6927028,1.04,2.7166,0.757
slovenia,g6_00042_16.tif,6927030,2.099,1.9114,2.069
slovenia,g6_00042_16.tif,6927033,3.051,2.2772,2.204
slovenia,g6_00042_17.tif,6635774,2.099,2.0545,1.927
slovenia,g6_00042_17.tif,6716624,1.04,1.7397,0.757
slovenia,g6_00042_8.tif,6083900,1.983,2.1956,1.437
slovenia,g6_00042_8.tif,6130604,1.046,1.1223,0.757
slovenia,g6_00042_8.tif,6130606,1.259,1.9077,1.242
slovenia,g6_00042_8.tif,6130607,1.046,1.5577,0.757
slovenia,g6_00042_8.tif,6130975,1.983,2.0073,1.242
slovenia,g6_00042_8.tif,6130976,1.645,2.1332,1.242
slovenia,g6_00042_8.tif,6148010,1.983,1.7402,1.437
slovenia,g6_00042_8.tif,6148011,1.046,1.5838,0.757
slovenia,g6_00042_8.tif,6164061,1.983,1.2842,1.242
slovenia,g6_00042_8.tif,6175261,1.983,1.9301,1.242
slovenia,g6_00042_8.tif,6182316,2.126,1.6902,1.437
slovenia,g6_00042_8.tif,6184121,2.126,1.5202,1.437
slovenia,g6_00042_8.tif,6184125,2.126,1.2138,1.437
slovenia,g6_00042_8.tif,6184227,1.259,1.1167,1.242
slovenia,g6_00042_8.tif,6184229,1.645,1.4246,1.437
slovenia,g6_00042_8.tif,6188335,1.645,1.6502,1.437
slovenia,g6_00042_8.tif,6188338,1.645,1.7415,1.242
slovenia,g6_00042_8.tif,6206298,1.046,2.3134,0.757
slovenia,g6_00042_8.tif,6206299,2.126,1.7296,1.927
slovenia,g6_00042_8.tif,6206300,2.099,1.356,1.437
slovenia,g6_00042_8.tif,6206302,1.645,2.3318,1.242
slovenia,g6_00042_8.tif,6206303,1.645,0.95,1.242
slovenia,g6_00042_8.tif,6208585,1.645,2.0152,1.437
slovenia,g6_00042_8.tif,6208586,2.371,1.583,1.927
slovenia,g6_00042_8.tif,6215457,1.983,1.6558,1.242
slovenia,g6_00042_8.tif,6215458,1.983,1.5824,1.242
slovenia,g6_00042_8.tif,6215459,1.645,2.338,1.242
slovenia,g6_00042_8.tif,6219241,2.512,1.5174,1.927
slovenia,g6_00042_8.tif,6226656,1.645,1.3965,1.437
slovenia,g6_00042_8.tif,6226657,1.046,1.835,0.757
slovenia,g6_00042_8.tif,6233256,2.126,1.4195,1.437
slovenia,g6_00042_8.tif,6236981,1.046,2.3952,0.757
slovenia,g6_00042_8.tif,6240365,1.046,1.7105,0.757
slovenia,g6_00042_8.tif,6240366,1.645,2.0713,1.242
slovenia,g6_00042_8.tif,6248620,2.099,1.3506,1.927
slovenia,g6_00042_8.tif,6248621,1.259,2.0491,1.242
slovenia,g6_00042_8.tif,6252114,0.782,0.8334,0.414
slovenia,g6_00042_8.tif,6258828,1.983,1.5957,1.242
slovenia,g6_00042_8.tif,6258830,0.782,1.066,0.414
slovenia,g6_00042_8.tif,6260877,2.126,1.6678,1.437
slovenia,g6_00042_8.tif,6264248,2.126,1.8001,1.437
slovenia,g6_00042_8.tif,6264249,1.645,2.7879,1.242
slovenia,g6_00042_8.tif,6264250,3.061,2.385,2.069
slovenia,g6_00042_8.tif,6264251,1.983,1.5122,1.242
slovenia,g6_00042_8.tif,6267666,0.782,0.963,0.414
slovenia,g6_00042_8.tif,6267668,1.259,1.9273,1.242
slovenia,g6_00042_8.tif,6268241,3.061,1.8185,2.069
slovenia,g6_00042_8.tif,6268884,0.782,1.2105,0.414
slovenia,g6_00042_8.tif,6268885,1.046,1.5066,0.757
slovenia,g6_00042_8.tif,6281351,2.512,2.0915,2.069
slovenia,g6_00042_8.tif,6313077,1.983,1.6831,1.242
slovenia,g6_00042_8.tif,6314301,1.983,1.8034,1.242
slovenia,g6_00042_8.tif,6314304,1.983,1.6807,1.242
slovenia,g6_00042_8.tif,6319091,2.512,1.6209,1.927
slovenia,g6_00042_8.tif,6319093,2.099,2.4992,1.437
slovenia,g6_00042_8.tif,6319094,1.046,2.4859,0.757
slovenia,g6_00042_8.tif,6319318,1.645,1.927,1.242
slovenia,g6_00042_8.tif,6393598,2.371,1.6514,1.927
slovenia,g6_00042_8.tif,6413883,2.126,2.218,1.437
slovenia,g6_00042_8.tif,6436459,2.938,1.2774,2.069
slovenia,g6_00042_8.tif,6449575,1.645,1.4444,1.242
slovenia,g6_00042_8.tif,6452895,2.126,1.3844,1.437
slovenia,g6_00042_8.tif,6455491,1.645,1.793,1.242
slovenia,g6_00042_8.tif,6465221,1.983,2.4031,1.242
slovenia,g6_00042_8.tif,6465222,1.983,1.6758,1.242
slovenia,g6_00042_8.tif,6486315,1.645,1.3089,1.242
slovenia,g6_00042_8.tif,6486316,2.126,1.5817,1.927
slovenia,g6_00042_8.tif,6489352,1.259,0.8674,1.242
slovenia,g6_00042_8.tif,6489355,1.046,1.8275,0.757
slovenia,g6_00042_8.tif,6556740,3.282,1.7069,2.204
slovenia,g6_00042_8.tif,6558643,1.046,2.2441,0.757
slovenia,g6_00042_8.tif,6558645,1.645,1.4238,1.242
slovenia,g6_00042_8.tif,6568712,1.046,2.1612,0.757
slovenia,g6_00042_8.tif,6587155,1.259,0.7631,1.242
slovenia,g6_00042_8.tif,6587157,1.046,1.4913,0.757
slovenia,g6_00042_8.tif,6606817,1.983,2.6895,1.242
slovenia,g6_00042_8.tif,6627355,1.645,1.4896,1.437
slovenia,g6_00042_8.tif,6659970,1.645,2.0161,1.242
slovenia,g6_00042_8.tif,6659972,1.983,1.7034,1.242
slovenia,g6_00042_8.tif,6681024,1.046,0.9107,0.757
slovenia,g6_00042_8.tif,6681026,1.259,1.6104,1.242
slovenia,g6_00042_8.tif,6706713,1.046,1.1344,0.757
slovenia,g6_00042_8.tif,6755801,1.983,1.4967,1.242
slovenia,g6_00042_8.tif,6755804,1.983,2.1681,1.242
slovenia,g6_00042_8.tif,6757177,3.147,1.6031,2.204
slovenia,g6_00042_8.tif,6763965,2.126,1.3747,1.437
slovenia,g6_00042_8.tif,6790423,2.126,1.8437,1.437
slovenia,g6_00042_8.tif,6801923,1.645,1.5352,1.242
slovenia,g6_00042_8.tif,6801924,1.046,1.7422,0.757
slovenia,g6_00042_8.tif,6801925,1.645,0.9274,1.242
slovenia,g6_00042_8.tif,6811524,1.983,2.0681,1.242
slovenia,g6_00042_8.tif,6823259,1.046,2.0275,0.757
slovenia,g6_00042_8.tif,6823260,1.645,1.8467,1.242
slovenia,g6_00042_8.tif,6823264,1.046,0.9645,0.757
slovenia,g6_00042_8.tif,6868937,1.046,1.5256,0.757
slovenia,g6_00042_8.tif,6868938,1.645,2.2309,1.242
slovenia,g6_00042_8.tif,6868939,1.645,1.4891,1.242
slovenia,g6_00042_8.tif,6897993,2.512,1.3651,1.927
slovenia,g6_00042_8.tif,6897996,1.983,2.1256,1.242
slovenia,g6_00042_8.tif,6908712,4.387,2.0789,2.897
slovenia,g6_00042_8.tif,7011885,1.983,1.4645,1.242
slovenia,g6_00042_9.tif,6087163,1.046,2.67,0.757
slovenia,g6_00042_9.tif,6130103,5.456,2.6096,4.886
slovenia,g6_00042_9.tif,6130113,2.126,2.1297,1.437
slovenia,g6_00042_9.tif,6206267,2.938,2.4587,2.571
slovenia,g6_00042_9.tif,6206272,2.371,3.0259,1.927
slovenia,g6_00042_9.tif,6206276,1.046,1.4647,0.757
slovenia,g6_00042_9.tif,6206282,1.645,2.3691,1.437
slovenia,g6_00042_9.tif,6206284,2.938,2.1064,2.897
slovenia,g6_00042_9.tif,6206286,2.099,1.4191,2.069
slovenia,g6_00042_9.tif,6206288,2.371,3.7946,2.069
slovenia,g6_00042_9.tif,6206498,2.371,2.6369,1.927
slovenia,g6_00042_9.tif,6231810,1.983,1.7915,1.242
slovenia,g6_00042_9.tif,6259628,3.946,1.322,3.725
slovenia,g6_00042_9.tif,6259631,3.709,2.1683,2.999
slovenia,g6_00042_9.tif,6264515,0.42,0.8146,0.414
slovenia,g6_00042_9.tif,6392924,2.371,2.0871,1.927
slovenia,g6_00042_9.tif,6401145,2.512,2.0978,1.927
slovenia,g6_00042_9.tif,6401151,2.099,1.5905,1.927
slovenia,g6_00042_9.tif,6413881,2.938,1.8032,2.571
slovenia,g6_00042_9.tif,6486296,0.782,2.1983,0.414
slovenia,g6_00042_9.tif,6486301,4.387,2.0134,2.897
slovenia,g6_00042_9.tif,6486303,2.371,1.0924,1.927
slovenia,g6_00042_9.tif,6486319,1.046,1.7102,0.757
slovenia,g6_00042_9.tif,6489338,2.126,2.433,1.437
slovenia,g6_00042_9.tif,6489346,1.046,0.9709,0.757
slovenia,g6_00042_9.tif,6489357,3.709,2.084,3.288
slovenia,g6_00042_9.tif,6489363,1.046,1.1009,0.757
slovenia,g6_00042_9.tif,6568698,2.126,2.3309,1.927
slovenia,g6_00042_9.tif,6568708,2.099,2.0169,1.927
slovenia,g6_00042_9.tif,6589077,1.645,1.7878,1.437
slovenia,g6_00042_9.tif,6604721,9.903,1.247,7.036
slovenia,g6_00042_9.tif,6604737,2.099,1.6019,2.069
slovenia,g6_00042_9.tif,6648850,1.645,2.0002,1.437
slovenia,g6_00042_9.tif,6683962,2.512,2.4372,1.927
slovenia,g6_00042_9.tif,6683971,1.645,1.3412,1.242
slovenia,g6_00042_9.tif,6683993,2.371,1.7762,1.927
slovenia,g6_00042_9.tif,6762496,5.113,1.3625,4.268
slovenia,g6_00042_9.tif,6762503,7.135,2.1274,6.658
slovenia,g6_00042_9.tif,6762549,3.061,2.0827,2.069
slovenia,g6_00042_9.tif,6762552,1.046,0.8691,0.757
slovenia,g6_00042_9.tif,6762553,2.938,2.0069,2.897
slovenia,g6_00042_9.tif,6765437,3.557,1.0715,2.571
slovenia,g6_00042_9.tif,6900315,2.938,2.3043,2.897
slovenia,g6_00042_9.tif,6900322,2.126,1.9019,1.437
slovenia,g6_00042_9.tif,6900412,2.512,1.5817,1.927
slovenia,g6_00042_9.tif,6945933,2.099,2.0893,1.927
slovenia,g6_00042_9.tif,6945934,3.061,1.1094,2.571
slovenia,g6_00042_9.tif,6948302,13.27,1.4745,9.958
slovenia,g6_00042_9.tif,6948887,3.061,1.4013,2.897
slovenia,g6_00042_9.tif,6948888,0.42,1.6963,0.414
slovenia,g6_00042_9.tif,6966499,2.099,1.3921,1.927
slovenia,g6_00042_9.tif,6966556,0.782,1.4147,0.414
slovenia,g6_00042_9.tif,7065626,1.645,1.8324,1.437
slovenia,g6_00042_9.tif,7065629,3.061,1.6071,2.069
slovenia,g6_00043_4.tif,6302586,3.161,1.6682,2.069
slovenia,g6_00043_4.tif,6302591,2.111,1.6528,1.437
slovenia,g6_00043_4.tif,6302592,1.04,2.6245,0.757
slovenia,g6_00043_4.tif,6302602,1.04,1.9452,0.757
slovenia,g6_00043_4.tif,6906747,3.701,2.265,3.098
slovenia,g6_00043_4.tif,7065074,1.259,0.7699,1.242
slovenia,g6_00043_4.tif,7065075,1.04,2.0417,0.757
slovenia,g6_00043_4.tif,7065082,3.145,1.6716,2.571
slovenia,g6_00043_4.tif,7065083,1.04,1.9262,0.757
slovenia,g6_00043_4.tif,7072608,2.368,1.7427,1.927
slovenia,g6_00043_5.tif,6681503,1.259,0.924,1.242
slovenia,g6_00043_6.tif,6790753,3.161,2.7119,2.571
slovenia,g6_00043_6.tif,6790755,1.04,1.4831,0.757
slovenia,g6_00043_6.tif,6790756,1.259,1.8732,1.242
slovenia,g6_00043_6.tif,7003773,2.099,2.1494,1.437
slovenia,g6_00043_6.tif,7003775,1.641,1.7355,1.242
slovenia,g6_00043_6.tif,7003776,1.259,2.2101,1.242
slovenia,g6_00044_16.tif,6142696,1.259,1.7775,1.242
slovenia,g6_00044_16.tif,6220032,1.259,1.1717,1.242
slovenia,g6_00044_16.tif,6220043,1.641,2.0821,1.242
slovenia,g6_00044_16.tif,6220183,1.04,1.7299,0.757
slovenia,g6_00044_16.tif,6221100,1.259,2.3219,1.242
slovenia,g6_00044_16.tif,6408224,1.968,1.2118,1.242
slovenia,g6_00044_16.tif,6408226,2.111,1.4607,1.437
slovenia,g6_00044_16.tif,6505369,2.111,1.7433,1.437
slovenia,g6_00044_16.tif,6832571,0.774,4.7074,0.414
slovenia,g6_00044_17.tif,6297107,2.499,2.6645,1.927
slovenia,g6_00044_17.tif,6297108,3.701,2.188,3.098
slovenia,g6_00044_17.tif,6297110,3.701,2.3027,2.897
slovenia,g6_00044_17.tif,6297111,3.701,2.2258,2.897
slovenia,g6_00044_17.tif,6297121,3.051,1.8898,2.069
slovenia,g6_00044_17.tif,6297123,1.04,1.8729,0.757
slovenia,g6_00044_17.tif,6297350,1.641,1.777,1.437
slovenia,g6_00044_17.tif,6297389,1.04,1.5104,0.757
slovenia,g6_00044_17.tif,6983642,3.701,0.3662,2.897
slovenia,g6_00044_17.tif,6983643,3.701,1.8374,3.288
slovenia,g6_00044_17.tif,6983644,2.099,3.5483,1.927
slovenia,g6_00044_17.tif,6984228,1.641,1.0136,1.437
slovenia,g6_00044_18.tif,6103512,4.758,2.204,4.044
slovenia,g6_00044_18.tif,6103514,1.641,1.0772,1.437
slovenia,g6_00044_18.tif,6103515,1.259,1.2461,1.242
slovenia,g6_00044_18.tif,6117991,2.099,1.5179,2.069
slovenia,g6_00044_18.tif,6117993,1.968,1.9235,1.242
slovenia,g6_00044_18.tif,6118053,1.641,1.1576,1.242
slovenia,g6_00044_18.tif,6118061,1.04,1.8266,0.757
slovenia,g6_00044_18.tif,6118092,2.111,1.9135,1.437
slovenia,g6_00044_18.tif,6141211,1.968,1.9614,1.242
slovenia,g6_00044_18.tif,6141214,1.04,1.1237,0.757
slovenia,g6_00044_18.tif,6141222,1.04,2.4613,0.757
slovenia,g6_00044_18.tif,6141356,1.641,1.5105,1.242
slovenia,g6_00044_18.tif,6173507,1.04,1.1211,0.757
slovenia,g6_00044_18.tif,6183993,2.099,1.6147,1.927
slovenia,g6_00044_18.tif,6184003,1.968,2.0315,1.242
slovenia,g6_00044_18.tif,6435282,2.099,1.391,2.069
slovenia,g6_00044_18.tif,6534923,1.04,2.9897,0.757
slovenia,g6_00044_18.tif,6534936,2.099,2.0758,1.437
slovenia,g6_00044_18.tif,6534938,1.259,1.5448,1.242
slovenia,g6_00044_18.tif,6534941,1.04,1.8647,0.757
slovenia,g6_00044_18.tif,6534942,3.161,1.8103,2.069
slovenia,g6_00044_18.tif,6748355,2.939,2.3861,2.897
slovenia,g6_00044_18.tif,6778466,1.259,1.4062,1.242
slovenia,g6_00044_18.tif,6778470,2.368,1.0935,2.204
slovenia,g6_00044_18.tif,6778472,1.259,0.9983,1.242
slovenia,g6_00045_10.tif,6130111,1.968,2.1046,1.242
slovenia,g6_00045_10.tif,6181062,4.979,1.2916,3.725
slovenia,g6_00045_10.tif,6181070,6.297,1.6967,6.208
slovenia,g6_00045_10.tif,6181074,3.051,1.8699,2.069
slovenia,g6_00045_10.tif,6181092,1.641,2.2016,1.437
slovenia,g6_00045_10.tif,6182310,1.641,1.2293,1.242
slovenia,g6_00045_10.tif,6182311,1.641,1.8747,1.437
slovenia,g6_00045_10.tif,6182314,2.368,1.3847,2.204
slovenia,g6_00045_10.tif,6182341,1.641,1.5134,1.242
slovenia,g6_00045_10.tif,6184222,5.458,1.6255,5.38
slovenia,g6_00045_10.tif,6184225,3.536,1.9191,2.571
slovenia,g6_00045_10.tif,6184234,4.618,1.2597,4.413
slovenia,g6_00045_10.tif,6184408,2.099,2.0071,2.069
slovenia,g6_00045_10.tif,6188325,2.099,2.2028,1.437
slovenia,g6_00045_10.tif,6188326,1.04,1.2289,0.757
slovenia,g6_00045_10.tif,6192557,4.41,1.4477,3.288
slovenia,g6_00045_10.tif,6192558,7.193,1.6718,6.051
slovenia,g6_00045_10.tif,6192560,2.499,1.8195,1.927
slovenia,g6_00045_10.tif,6192564,2.939,1.5939,2.571
slovenia,g6_00045_10.tif,6192570,1.641,1.8044,1.242
slovenia,g6_00045_10.tif,6192572,2.099,1.886,1.927
slovenia,g6_00045_10.tif,6192618,1.04,1.442,0.757
slovenia,g6_00045_10.tif,6206280,3.051,1.8298,2.571
slovenia,g6_00045_10.tif,6206296,2.099,1.7155,2.069
slovenia,g6_00045_10.tif,6226650,2.939,1.8831,2.069
slovenia,g6_00045_10.tif,6226651,2.499,1.9989,1.927
slovenia,g6_00045_10.tif,6226652,1.04,1.5951,0.757
slovenia,g6_00045_10.tif,6426419,1.641,0.9954,1.437
slovenia,g6_00045_10.tif,6486301,3.145,1.4143,2.999
slovenia,g6_00045_10.tif,6558621,5.418,1.5755,3.725
slovenia,g6_00045_10.tif,6558623,1.259,1.587,1.242
slovenia,g6_00045_10.tif,6558626,5.098,2.2768,4.268
slovenia,g6_00045_10.tif,6558629,3.701,1.709,3.098
slovenia,g6_00045_10.tif,6558638,1.641,1.7518,1.437
slovenia,g6_00045_10.tif,6558639,1.259,1.2667,1.242
slovenia,g6_00045_10.tif,6558641,2.499,1.7889,2.204
slovenia,g6_00045_10.tif,6558751,1.259,2.5029,1.242
slovenia,g6_00045_10.tif,6568708,1.259,1.0283,1.242
slovenia,g6_00045_10.tif,6587140,1.259,1.9656,1.242
slovenia,g6_00045_10.tif,6587441,2.939,1.7338,2.897
slovenia,g6_00045_10.tif,6587459,1.641,2.2634,1.242
slovenia,g6_00045_10.tif,6667631,5.578,1.8247,4.821
slovenia,g6_00045_10.tif,6667636,3.161,1.6317,2.069
slovenia,g6_00045_10.tif,6692402,2.099,1.7378,1.437
slovenia,g6_00045_10.tif,6706696,1.04,2.1762,0.757
slovenia,g6_00045_10.tif,6706697,2.099,1.4988,1.437
slovenia,g6_00045_10.tif,6706702,2.939,1.6107,2.897
slovenia,g6_00045_10.tif,6706703,2.368,1.1826,2.204
slovenia,g6_00045_10.tif,6706704,2.099,2.0662,2.069
slovenia,g6_00045_10.tif,6706708,2.939,1.1547,2.897
slovenia,g6_00045_10.tif,6706719,2.499,1.315,1.927
slovenia,g6_00045_10.tif,6706776,1.04,1.5463,0.757
slovenia,g6_00045_10.tif,6706905,1.641,1.8337,1.437
slovenia,g6_00045_10.tif,6707081,0.42,1.8813,0.414
slovenia,g6_00045_10.tif,6780784,5.155,1.8013,4.821
slovenia,g6_00045_10.tif,6780788,3.145,1.3146,2.999
slovenia,g6_00045_10.tif,6823234,3.778,1.9488,3.725
slovenia,g6_00045_10.tif,6823236,3.945,2.0774,3.725
slovenia,g6_00045_10.tif,6823243,2.939,1.9724,2.571
slovenia,g6_00045_10.tif,6823370,1.04,2.0219,0.757
slovenia,g6_00045_10.tif,6823454,2.099,2.1314,2.069
slovenia,g6_00045_10.tif,6823514,2.368,1.7654,2.204
slovenia,g6_00045_10.tif,6823577,1.04,1.2054,0.757
slovenia,g6_00045_10.tif,6948318,3.701,1.1414,3.098
slovenia,g6_00045_10.tif,6948887,2.939,0.8568,2.897
slovenia,g6_00045_10.tif,6966462,1.641,1.6095,1.437
slovenia,g6_00045_11.tif,6181092,1.04,2.0143,0.757
slovenia,g6_00045_11.tif,6182314,2.368,1.8999,1.927
slovenia,g6_00045_11.tif,6316168,4.41,2.1405,3.725
slovenia,g6_00045_11.tif,6316201,2.099,2.2783,1.927
slovenia,g6_00045_11.tif,6319194,0.774,1.9044,0.414
slovenia,g6_00045_11.tif,6323688,4.41,1.9749,3.725
slovenia,g6_00045_11.tif,6323697,3.778,2.0471,3.725
slovenia,g6_00045_11.tif,6330860,2.099,1.5539,1.927
slovenia,g6_00045_11.tif,6330868,1.641,2.7804,1.437
slovenia,g6_00045_11.tif,6330909,1.259,2.5455,1.242
slovenia,g6_00045_11.tif,6786617,3.701,1.4442,3.288
slovenia,g6_00045_11.tif,6808806,2.099,2.0494,2.069
slovenia,g6_00045_11.tif,6808911,1.259,2.2458,1.242
slovenia,g6_00045_16.tif,6092333,1.046,1.8924,0.757
slovenia,g6_00045_16.tif,6238825,3.062,2.698,2.069
slovenia,g6_00045_16.tif,6238830,1.26,1.6516,1.242
slovenia,g6_00045_16.tif,6238831,0.42,1.7039,0.414
slovenia,g6_00045_16.tif,6457574,1.046,1.3953,0.757
slovenia,g6_00045_16.tif,6457576,1.26,1.7974,1.242
slovenia,g6_00045_16.tif,6457578,1.26,2.1067,1.242
slovenia,g6_00045_16.tif,6562588,1.046,1.782,0.757
slovenia,g6_00045_16.tif,6562594,1.046,1.0511,0.757
slovenia,g6_00045_16.tif,6593595,1.645,1.5673,1.437
slovenia,g6_00045_16.tif,6616082,1.645,1.4982,1.437
slovenia,g6_00045_16.tif,6650483,2.1,1.7137,1.437
slovenia,g6_00045_16.tif,6650484,1.26,1.9694,1.242
slovenia,g6_00045_16.tif,6651812,1.26,2.0885,1.242
slovenia,g6_00045_16.tif,6705892,3.711,1.3715,3.288
slovenia,g6_00045_16.tif,6705913,1.046,2.9435,0.757
slovenia,g6_00045_16.tif,6705920,1.26,2.1741,1.242
slovenia,g6_00045_16.tif,6706102,1.046,1.3129,0.757
slovenia,g6_00045_16.tif,6744939,1.645,1.5836,1.437
slovenia,g6_00045_17.tif,6457581,2.512,1.3929,1.927
slovenia,g6_00045_17.tif,6593576,1.046,2.1559,0.757
slovenia,g6_00045_17.tif,6705936,2.512,1.9043,2.204
slovenia,g6_00045_17.tif,6984926,1.983,3.765,1.242
slovenia,g6_00045_17.tif,6984927,0.782,3.6262,0.414
slovenia,g6_00045_9.tif,6086255,3.051,1.4315,2.204
slovenia,g6_00045_9.tif,6181088,2.111,2.2002,1.437
slovenia,g6_00045_9.tif,6192574,3.145,2.0047,2.999
slovenia,g6_00045_9.tif,6226653,3.161,2.6569,2.069
slovenia,g6_00045_9.tif,6258830,1.259,1.7791,1.242
slovenia,g6_00045_9.tif,6455468,2.099,1.8212,1.927
slovenia,g6_00045_9.tif,6455471,1.641,1.1124,1.437
slovenia,g6_00045_9.tif,6558647,1.259,1.7389,1.242
slovenia,g6_00045_9.tif,6587155,1.04,1.8906,0.757
slovenia,g6_00045_9.tif,6706713,1.04,2.0054,0.757
slovenia,g6_00045_9.tif,6823258,1.04,2.1795,0.757
slovenia,g6_00045_9.tif,6823259,0.42,1.4848,0.414
slovenia,g6_00045_9.tif,6823260,1.641,1.9774,1.242
slovenia,g6_00045_9.tif,6823265,1.04,2.3327,0.757
slovenia,g6_00045_9.tif,6948339,2.111,2.3615,1.437
slovenia,g6_00046_6.tif,6123886,1.26,1.6305,1.242
slovenia,g6_00046_6.tif,6123890,1.046,1.1575,0.757
slovenia,g6_00046_6.tif,6153591,1.26,1.9083,1.242
slovenia,g6_00046_6.tif,6220128,1.645,1.8204,1.242
slovenia,g6_00046_6.tif,6220129,2.126,1.8828,1.437
slovenia,g6_00046_6.tif,6220134,2.512,2.5676,2.069
slovenia,g6_00046_6.tif,6220142,2.94,2.8922,2.069
slovenia,g6_00046_6.tif,6272425,1.046,2.1517,0.757
slovenia,g6_00046_6.tif,6307917,1.046,0.9748,0.757
slovenia,g6_00046_6.tif,6307931,3.062,1.7583,2.204
slovenia,g6_00046_6.tif,6404191,2.1,1.4775,2.069
slovenia,g6_00046_6.tif,6404192,1.645,1.9026,1.242
slovenia,g6_00046_6.tif,6404193,3.062,2.7191,2.204
slovenia,g6_00046_6.tif,6504527,5.114,1.3237,4.268
slovenia,g6_00046_6.tif,6876239,1.046,1.1833,0.757
slovenia,g6_00046_6.tif,6876240,1.046,0.701,0.757
slovenia,g6_00046_6.tif,6876248,1.046,2.5411,0.757
slovenia,g6_00046_6.tif,6877839,1.046,2.5006,0.757
slovenia,g6_00046_6.tif,6879700,1.26,1.4445,1.242
slovenia,g6_00046_6.tif,6906876,2.1,2.7976,2.069
slovenia,g6_00046_6.tif,7070587,1.046,2.3293,0.757
slovenia,g6_00046_6.tif,7070595,1.046,1.1672,0.757
slovenia,g6_00046_6.tif,7070597,1.046,2.1647,0.757
slovenia,g6_00046_6.tif,7073450,2.94,2.5976,2.204
slovenia,g6_00046_6.tif,7073457,1.645,2.9129,1.242
slovenia,g6_00046_6.tif,7073459,1.046,2.2661,0.757
slovenia,g6_00046_7.tif,6448177,2.512,1.7197,1.927
slovenia,g6_00046_7.tif,6448178,1.046,1.6591,0.757
slovenia,g6_00046_7.tif,6906856,1.645,2.1891,1.437
slovenia,g6_00046_7.tif,6906857,2.126,1.3007,1.437
slovenia,g6_00046_7.tif,6906864,2.512,1.5397,1.927
slovenia,g6_00046_7.tif,6906876,3.557,3.0889,2.571
slovenia,g6_00046_7.tif,6907731,2.512,1.8247,1.927
slovenia,g6_00046_8.tif,6138886,1.046,2.6634,0.757
slovenia,g6_00046_8.tif,6138889,3.053,2.2682,2.204
slovenia,g6_00046_8.tif,6138894,1.046,1.6824,0.757
slovenia,g6_00046_8.tif,6164924,1.639,1.5032,1.242
slovenia,g6_00046_8.tif,6644709,3.283,2.106,2.571
slovenia,g6_00047_17.tif,6086521,1.645,1.5751,1.242
slovenia,g6_00047_17.tif,6086528,1.26,2.3871,1.242
slovenia,g6_00047_17.tif,6142696,1.645,1.1428,1.242
slovenia,g6_00047_17.tif,6162260,1.983,3.2291,1.242
slovenia,g6_00047_17.tif,6162261,1.983,1.3544,1.242
slovenia,g6_00047_17.tif,6162268,1.645,1.7494,1.242
slovenia,g6_00047_17.tif,6162271,3.148,2.3544,2.897
slovenia,g6_00047_17.tif,6220112,1.983,2.4135,1.242
slovenia,g6_00047_17.tif,6221081,1.046,2.7825,0.757
slovenia,g6_00047_17.tif,6221091,1.26,2.6654,1.242
slovenia,g6_00047_17.tif,6221095,2.512,2.0172,1.927
slovenia,g6_00047_17.tif,6221190,1.046,2.414,0.757
slovenia,g6_00047_17.tif,6266674,2.126,2.0256,1.437
slovenia,g6_00047_17.tif,6432343,1.046,3.8313,0.757
slovenia,g6_00047_17.tif,6832571,1.645,2.5455,1.437
slovenia,g6_00047_17.tif,7063179,1.046,2.2489,0.757
slovenia,g6_00047_18.tif,6128701,1.645,3.5654,1.242
slovenia,g6_00047_18.tif,6580323,1.983,2.2094,1.437
slovenia,g6_00047_18.tif,6990969,1.046,4.7901,0.757
slovenia,g6_00047_18.tif,6990987,1.046,0.7689,0.757
slovenia,g6_00047_18.tif,6991012,1.046,3.0511,0.757
slovenia,g6_00048_0.tif,6128697,1.046,1.4181,0.757
slovenia,g6_00048_0.tif,6161997,1.26,1.7209,1.242
slovenia,g6_00048_0.tif,6162000,1.26,1.383,1.242
slovenia,g6_00048_0.tif,6162008,3.148,1.4367,2.069
slovenia,g6_00048_0.tif,6162058,1.046,1.4429,0.757
slovenia,g6_00048_0.tif,6179761,2.126,1.4941,1.437
slovenia,g6_00048_0.tif,6220050,1.983,1.5051,1.242
slovenia,g6_00048_0.tif,6268988,1.645,1.5027,1.437
slovenia,g6_00048_0.tif,6290574,1.26,1.9333,1.242
slovenia,g6_00048_0.tif,6290585,1.645,1.4092,1.437
slovenia,g6_00048_0.tif,6307803,1.645,1.2148,1.437
slovenia,g6_00048_0.tif,6307804,1.645,2.2551,1.242
slovenia,g6_00048_0.tif,6325901,1.26,1.3781,1.242
slovenia,g6_00048_0.tif,6325902,1.046,1.5385,0.757
slovenia,g6_00048_0.tif,6494494,1.046,1.2283,0.757
slovenia,g6_00048_0.tif,6580314,1.046,2.2685,0.757
slovenia,g6_00048_0.tif,6580320,1.645,1.1296,1.437
slovenia,g6_00048_0.tif,6610561,1.046,1.1035,0.757
slovenia,g6_00048_0.tif,6610635,0.42,1.3259,0.414
slovenia,g6_00048_0.tif,6613621,1.983,1.5512,1.242
slovenia,g6_00048_0.tif,6688746,1.645,1.7128,1.437
slovenia,g6_00048_0.tif,6688883,1.046,1.5603,0.757
slovenia,g6_00048_0.tif,6688950,0.782,1.4967,0.414
slovenia,g6_00048_0.tif,6689063,0.782,1.7334,0.414
slovenia,g6_00048_0.tif,6690034,4.459,1.9681,3.098
slovenia,g6_00048_0.tif,6690037,1.046,1.9716,0.757
slovenia,g6_00048_0.tif,6690216,1.046,1.4949,0.757
slovenia,g6_00048_0.tif,6978856,1.645,1.4814,1.242
slovenia,g6_00048_0.tif,6990991,1.645,1.9049,1.242
slovenia,g6_00048_0.tif,7016573,1.046,1.1073,0.757
slovenia,g6_00048_10.tif,6756353,3.779,3.115,3.725
slovenia,g6_00048_10.tif,6756354,3.062,1.6761,2.571
slovenia,g6_00048_10.tif,6756375,2.126,1.6483,1.437
slovenia,g6_00048_10.tif,6756382,1.983,2.7034,1.242
slovenia,g6_00050_12.tif,6114954,3.557,1.1546,2.571
slovenia,g6_00050_12.tif,6149526,1.046,1.9872,0.757
slovenia,g6_00050_12.tif,6149529,1.646,1.5587,1.437
slovenia,g6_00050_12.tif,6223616,5.777,1.3211,4.413
slovenia,g6_00050_12.tif,6258200,1.046,1.416,0.757
slovenia,g6_00050_12.tif,6318857,1.046,1.5068,0.757
slovenia,g6_00050_12.tif,6405246,3.978,1.9027,3.725
slovenia,g6_00050_12.tif,6433137,1.046,1.4332,0.757
slovenia,g6_00050_12.tif,6433292,2.372,1.4845,1.927
slovenia,g6_00050_12.tif,6433579,1.046,0.7433,0.757
slovenia,g6_00050_12.tif,6554186,3.711,1.3894,3.098
slovenia,g6_00050_12.tif,6559582,4.419,1.3372,3.288
slovenia,g6_00050_12.tif,6559583,2.372,1.436,1.927
slovenia,g6_00050_12.tif,6559585,2.126,1.359,1.437
slovenia,g6_00050_12.tif,6559586,2.126,1.4164,1.437
slovenia,g6_00050_12.tif,6571695,3.062,1.9722,2.204
slovenia,g6_00050_12.tif,6571699,1.046,1.7249,0.757
slovenia,g6_00050_12.tif,6571701,1.646,1.7139,1.242
slovenia,g6_00050_12.tif,6571711,1.646,1.302,1.437
slovenia,g6_00050_12.tif,6571801,1.646,1.4308,1.437
slovenia,g6_00050_12.tif,6606930,1.046,1.6055,0.757
slovenia,g6_00050_12.tif,6607059,1.646,1.8028,1.437
slovenia,g6_00050_12.tif,6634276,1.646,1.6753,1.437
slovenia,g6_00050_12.tif,6691957,3.711,1.6737,2.897
slovenia,g6_00050_12.tif,6691960,5.963,1.7031,4.886
slovenia,g6_00050_12.tif,6692069,0.782,2.3955,0.414
slovenia,g6_00050_12.tif,6698793,4.508,1.5553,3.288
slovenia,g6_00050_12.tif,6745445,2.372,0.9708,1.927
slovenia,g6_00050_12.tif,6745451,0.782,0.9485,0.414
slovenia,g6_00050_12.tif,6747013,1.046,0.9102,0.757
slovenia,g6_00050_12.tif,6757191,2.126,1.3554,1.437
slovenia,g6_00050_12.tif,6757422,1.046,1.2819,0.757
slovenia,g6_00050_12.tif,6762937,3.978,2.0003,3.098
slovenia,g6_00050_12.tif,6774479,3.978,1.5182,2.999
slovenia,g6_00050_12.tif,6831424,3.062,1.8022,2.571
slovenia,g6_00050_12.tif,6831437,1.983,1.5662,1.437
slovenia,g6_00050_12.tif,6831476,2.126,2.2324,1.437
slovenia,g6_00050_12.tif,6835935,2.372,1.2394,1.927
slovenia,g6_00050_12.tif,6835943,2.372,1.1225,1.927
slovenia,g6_00050_12.tif,6845065,1.046,1.363,0.757
slovenia,g6_00050_12.tif,6879397,1.646,1.511,1.242
slovenia,g6_00050_12.tif,6879401,1.983,2.121,1.242
slovenia,g6_00050_12.tif,6884497,5.007,1.6485,3.725
slovenia,g6_00050_12.tif,6884511,0.782,1.5065,0.414
slovenia,g6_00050_12.tif,6884938,1.046,1.3949,0.757
slovenia,g6_00050_12.tif,6951717,3.978,2.0978,2.999
slovenia,g6_00050_12.tif,7001634,5.115,1.7159,4.044
slovenia,g6_00050_12.tif,7001636,3.062,2.8639,2.571
slovenia,g6_00050_12.tif,7001642,5.007,2.0812,3.725
slovenia,g6_00050_12.tif,7001647,2.512,1.5722,1.927
slovenia,g6_00050_12.tif,7001651,2.372,2.7424,1.927
slovenia,g6_00050_12.tif,7001689,1.046,1.2966,0.757
slovenia,g6_00050_12.tif,7011842,1.646,1.3687,1.437
slovenia,g6_00050_12.tif,7017015,1.26,1.6713,1.242
slovenia,g6_00050_12.tif,7017104,1.046,1.6907,0.757
slovenia,g6_00050_12.tif,7018909,4.508,3.372,3.725
slovenia,g6_00050_12.tif,7043319,7.924,1.7284,6.051
slovenia,g6_00050_12.tif,7043323,3.557,1.0836,2.571
slovenia,g6_00050_13.tif,6109339,1.983,1.3072,1.437
slovenia,g6_00050_13.tif,6109676,1.046,1.9608,0.757
slovenia,g6_00050_13.tif,6114954,3.711,1.326,2.999
slovenia,g6_00050_13.tif,6149529,1.646,1.9666,1.437
slovenia,g6_00050_13.tif,6150562,1.046,2.465,0.757
slovenia,g6_00050_13.tif,6150564,1.646,1.8233,1.437
slovenia,g6_00050_13.tif,6150567,2.126,1.759,1.437
slovenia,g6_00050_13.tif,6185915,1.046,1.2756,0.757
slovenia,g6_00050_13.tif,6185917,1.646,1.1286,1.437
slovenia,g6_00050_13.tif,6223480,1.646,1.0664,1.437
slovenia,g6_00050_13.tif,6223745,1.046,2.2126,0.757
slovenia,g6_00050_13.tif,6223847,1.046,1.8221,0.757
slovenia,g6_00050_13.tif,6317228,1.646,1.8674,1.437
slovenia,g6_00050_13.tif,6318042,1.26,1.94,1.242
slovenia,g6_00050_13.tif,6558913,1.046,0.5811,0.757
slovenia,g6_00050_13.tif,6558914,0.782,0.9993,0.414
slovenia,g6_00050_13.tif,6559583,2.94,1.2636,2.571
slovenia,g6_00050_13.tif,6563991,1.046,1.7271,0.757
slovenia,g6_00050_13.tif,6623090,1.046,1.4509,0.757
slovenia,g6_00050_13.tif,6623473,1.046,1.5896,0.757
slovenia,g6_00050_13.tif,6698814,1.646,1.2936,1.242
slovenia,g6_00050_13.tif,6747544,1.046,1.2408,0.757
slovenia,g6_00050_13.tif,6747545,1.26,1.4595,1.242
slovenia,g6_00050_13.tif,6747678,1.646,1.0914,1.437
slovenia,g6_00050_13.tif,6774485,1.046,0.996,0.757
slovenia,g6_00050_13.tif,6774487,1.046,0.9047,0.757
slovenia,g6_00050_13.tif,6774488,1.046,1.0591,0.757
slovenia,g6_00050_13.tif,6831424,1.646,1.6563,1.437
slovenia,g6_00050_13.tif,6831476,2.126,2.0347,1.437
slovenia,g6_00050_13.tif,6831555,1.046,1.7148,0.757
slovenia,g6_00050_13.tif,6884511,1.046,1.6185,0.757
slovenia,g6_00050_13.tif,6884938,1.046,1.5034,0.757
slovenia,g6_00050_13.tif,6915397,1.046,1.5955,0.757
slovenia,g6_00050_13.tif,7006995,1.046,2.2347,0.757
slovenia,g6_00050_13.tif,7015417,3.978,1.102,2.999
slovenia,g6_00050_13.tif,7043317,1.26,1.2864,1.242
slovenia,g6_00053_13.tif,6454097,1.046,1.0292,0.757
slovenia,g6_00053_13.tif,6691957,3.557,1.1914,2.571
slovenia,g6_00053_13.tif,6692069,1.046,1.5845,0.757
slovenia,g6_00053_13.tif,6797880,2.126,1.2351,1.437
slovenia,g6_00053_13.tif,6835943,2.372,1.3036,1.927
slovenia,g6_00053_13.tif,7043323,3.063,0.8655,2.571
slovenia,g6_00053_14.tif,6114938,2.126,1.8199,1.437
slovenia,g6_00053_14.tif,6114947,1.646,1.1816,1.242
slovenia,g6_00053_14.tif,6114956,1.046,1.1163,0.757
slovenia,g6_00053_14.tif,6115033,1.046,1.8552,0.757
slovenia,g6_00053_14.tif,6115139,1.046,1.7695,0.757
slovenia,g6_00053_14.tif,6143808,2.126,2.6386,1.437
slovenia,g6_00053_14.tif,6151729,1.046,2.1972,0.757
slovenia,g6_00053_14.tif,6151738,1.046,2.8496,0.757
slovenia,g6_00053_14.tif,6185961,1.046,1.9802,0.757
slovenia,g6_00053_14.tif,6216863,1.983,1.1166,1.242
slovenia,g6_00053_14.tif,6273889,1.646,1.3578,1.242
slovenia,g6_00053_14.tif,6274038,1.046,1.0695,0.757
slovenia,g6_00053_14.tif,6318054,2.126,0.9903,1.437
slovenia,g6_00053_14.tif,6318059,3.712,2.152,3.098
slovenia,g6_00053_14.tif,6318064,1.646,1.3133,1.242
slovenia,g6_00053_14.tif,6318069,1.646,0.932,1.437
slovenia,g6_00053_14.tif,6318072,1.983,2.2893,1.437
slovenia,g6_00053_14.tif,6401528,1.646,1.5446,1.242
slovenia,g6_00053_14.tif,6401529,3.063,1.4786,2.204
slovenia,g6_00053_14.tif,6558914,1.046,1.4433,0.757
slovenia,g6_00053_14.tif,6563991,0.781,1.7409,0.414
slovenia,g6_00053_14.tif,6563996,1.046,1.0421,0.757
slovenia,g6_00053_14.tif,6610927,1.646,1.3113,1.242
slovenia,g6_00053_14.tif,6610928,1.046,1.9764,0.757
slovenia,g6_00053_14.tif,6610929,1.046,1.078,0.757
slovenia,g6_00053_14.tif,6623065,1.046,1.322,0.757
slovenia,g6_00053_14.tif,6623072,1.646,0.7825,1.437
slovenia,g6_00053_14.tif,6623086,1.046,1.6842,0.757
slovenia,g6_00053_14.tif,6692000,1.046,1.1625,0.757
slovenia,g6_00053_14.tif,6694118,1.046,0.874,0.757
slovenia,g6_00053_14.tif,6698800,1.983,1.0284,1.242
slovenia,g6_00053_14.tif,6698805,3.281,1.5563,2.204
slovenia,g6_00053_14.tif,6698811,1.646,0.7227,1.242
slovenia,g6_00053_14.tif,6698815,9.13,2.1276,7.395
slovenia,g6_00053_14.tif,6698824,1.046,1.1792,0.757
slovenia,g6_00053_14.tif,6698831,1.983,1.1335,1.242
slovenia,g6_00053_14.tif,6724914,1.646,1.3625,1.242
slovenia,g6_00053_14.tif,6788277,1.26,1.594,1.242
slovenia,g6_00053_14.tif,6788282,1.046,2.2806,0.757
slovenia,g6_00053_14.tif,6788334,1.046,2.4582,0.757
slovenia,g6_00053_14.tif,6827116,1.646,2.4677,1.242
slovenia,g6_00053_14.tif,6827119,1.046,2.2793,0.757
slovenia,g6_00053_14.tif,6828983,1.646,2.0018,1.437
slovenia,g6_00053_14.tif,6884499,3.063,1.4282,2.897
slovenia,g6_00053_14.tif,6884501,2.372,1.1039,2.069
slovenia,g6_00053_14.tif,6884510,2.372,1.052,1.927
slovenia,g6_00053_14.tif,6884525,1.646,0.9892,1.437
slovenia,g6_00053_14.tif,6884532,1.646,0.9727,1.437
slovenia,g6_00053_14.tif,6884538,1.046,1.0583,0.757
slovenia,g6_00053_14.tif,6884557,1.046,2.8706,0.757
slovenia,g6_00053_14.tif,6884577,3.149,1.5753,2.999
slovenia,g6_00053_14.tif,6951770,3.979,1.4497,3.098
slovenia,g6_00053_14.tif,6952925,1.646,1.0673,1.437
slovenia,g6_00053_14.tif,7015417,1.26,1.7539,1.242
slovenia,g6_00053_14.tif,7015418,2.101,1.6271,1.927
slovenia,g6_00053_14.tif,7019970,1.646,2.7579,1.242
slovenia,g6_00053_14.tif,7030600,6.479,1.7013,5.439
slovenia,g6_00053_14.tif,7030602,2.941,1.4098,2.204
slovenia,g6_00053_14.tif,7030603,1.046,2.7096,0.757
slovenia,g6_00053_14.tif,7043318,1.046,1.0462,0.757
slovenia,g6_00053_14.tif,7043326,3.063,1.4707,2.571
slovenia,g6_00053_14.tif,7043328,1.646,1.2517,1.437
slovenia,g6_00053_14.tif,7043335,3.557,2.1437,2.571
slovenia,g6_00053_14.tif,7043338,2.372,1.2203,1.927
slovenia,g6_00053_15.tif,6115033,1.046,1.6001,0.757
slovenia,g6_00053_15.tif,6184155,2.372,1.3563,1.927
slovenia,g6_00053_15.tif,6184671,1.646,0.7824,1.437
slovenia,g6_00053_15.tif,6216863,2.126,1.5032,1.437
slovenia,g6_00053_15.tif,6216872,2.126,2.1423,1.437
slovenia,g6_00053_15.tif,6604920,1.046,0.9208,0.757
slovenia,g6_00053_15.tif,6604921,1.046,1.4096,0.757
slovenia,g6_00053_15.tif,6605060,2.126,1.0483,1.437
slovenia,g6_00053_15.tif,6605075,1.046,1.1308,0.757
slovenia,g6_00053_15.tif,6623086,1.046,1.2632,0.757
slovenia,g6_00053_15.tif,6774478,4.459,0.9766,3.288
slovenia,g6_00053_15.tif,6831426,2.941,1.112,2.897
slovenia,g6_00053_15.tif,6884499,6.911,1.6315,5.139
slovenia,g6_00053_15.tif,6884501,2.101,1.3574,2.069
slovenia,g6_00053_15.tif,6884516,2.512,1.1371,1.927
slovenia,g6_00053_15.tif,6884575,5.445,1.2239,3.725
slovenia,g6_00053_15.tif,6915372,1.646,1.827,1.437
slovenia,g6_00053_15.tif,7030603,1.046,1.8661,0.757
slovenia,g6_00056_14.tif,6826642,1.646,1.3828,1.437
slovenia,g6_00056_16.tif,6698798,2.126,0.5856,1.437
slovenia,g6_00056_16.tif,6969654,3.063,1.4655,2.204
slovenia,g6_00056_16.tif,7030510,3.712,2.6999,2.999
slovenia,g6_00056_16.tif,7030597,2.513,1.1164,1.927
slovenia,g6_00056_16.tif,7030598,3.063,1.5015,2.204
slovenia,g6_00060_17.tif,6126915,3.184,3.6329,2.069
slovenia,g6_00060_17.tif,6126918,1.983,1.9104,1.242
slovenia,g6_00060_17.tif,6126929,0.781,2.4962,0.414
slovenia,g6_00060_17.tif,6126930,1.646,2.7386,1.242
slovenia,g6_00060_17.tif,6126931,2.373,3.4159,1.927
slovenia,g6_00060_17.tif,6126932,1.983,2.7264,1.437
slovenia,g6_00060_17.tif,6126945,2.126,3.6473,1.927
slovenia,g6_00060_18.tif,6126927,3.187,3.27,2.069
slovenia,g6_00060_18.tif,6128516,1.986,2.3629,1.242
slovenia,g6_00060_18.tif,6128518,1.986,1.5194,1.242
slovenia,g6_00060_18.tif,6128520,1.046,1.7003,0.757
slovenia,g6_00060_18.tif,6128521,2.361,2.2423,2.204
slovenia,g6_00060_18.tif,6139563,1.986,2.1474,1.242
slovenia,g6_00060_18.tif,6139566,1.986,1.8231,1.242
slovenia,g6_00060_18.tif,6139576,2.088,2.1116,1.927
slovenia,g6_00060_18.tif,6139583,1.986,2.0783,1.242
slovenia,g6_00060_18.tif,6139618,1.64,2.7481,1.242
slovenia,g6_00060_18.tif,6139744,1.64,2.1,1.242
slovenia,g6_00060_18.tif,6142403,3.133,2.2746,2.897
slovenia,g6_00060_18.tif,6142408,1.986,2.72,1.242
slovenia,g6_00060_18.tif,6142409,1.986,2.6794,1.242
slovenia,g6_00060_18.tif,6142411,1.986,1.5462,1.242
slovenia,g6_00060_18.tif,6142413,2.361,1.7212,1.927
slovenia,g6_00060_18.tif,6142562,1.64,2.23,1.242
slovenia,g6_00060_18.tif,6142609,1.046,1.8317,0.757
slovenia,g6_00060_18.tif,6260964,3.187,2.0194,2.069
slovenia,g6_00060_18.tif,6260973,2.088,3.2368,1.437
slovenia,g6_00060_18.tif,6285503,1.986,2.1948,1.437
slovenia,g6_00060_18.tif,6314546,1.986,2.0319,1.242
slovenia,g6_00060_18.tif,6460914,3.187,1.9544,2.069
slovenia,g6_00060_18.tif,6460916,1.64,1.9858,1.242
slovenia,g6_00060_18.tif,6460917,1.986,1.5206,1.437
slovenia,g6_00060_18.tif,6461064,2.361,1.9862,2.069
slovenia,g6_00060_18.tif,6461086,2.088,1.5162,1.437
slovenia,g6_00060_18.tif,6498371,1.986,1.6871,1.242
slovenia,g6_00060_18.tif,6498373,1.64,2.1497,1.437
slovenia,g6_00060_18.tif,6498445,1.986,2.7869,1.242
slovenia,g6_00060_18.tif,6498558,1.64,1.6167,1.242
slovenia,g6_00060_18.tif,6607430,0.418,1.3503,0.414
slovenia,g6_00060_18.tif,6620126,2.361,1.8956,2.204
slovenia,g6_00061_0.tif,6139573,3.281,1.977,2.204
slovenia,g6_00061_0.tif,6142403,2.102,2.8314,1.927
slovenia,g6_00061_0.tif,6142404,1.261,1.5108,1.242
slovenia,g6_00061_0.tif,6176161,1.046,1.3523,0.757
slovenia,g6_00061_0.tif,6176164,2.126,1.1591,1.437
slovenia,g6_00061_0.tif,6176166,1.646,0.7458,1.242
slovenia,g6_00061_0.tif,6285501,2.126,1.4193,1.437
slovenia,g6_00061_0.tif,6285506,1.646,1.8557,1.242
slovenia,g6_00061_0.tif,6285622,1.983,1.0228,1.437
slovenia,g6_00061_0.tif,6607430,1.983,1.4148,1.437
slovenia,g6_00061_0.tif,6611795,2.102,1.2836,1.927
slovenia,g6_00061_0.tif,6612479,2.513,1.1098,1.927
slovenia,g6_00061_0.tif,6648423,1.046,1.3833,0.757
slovenia,g6_00061_0.tif,6648424,1.646,1.6597,1.437
slovenia,g6_00061_0.tif,6650066,5.465,1.2039,3.725
slovenia,g6_00061_0.tif,6650076,1.983,1.1337,1.242
slovenia,g6_00061_0.tif,6671553,1.046,2.3432,0.757
slovenia,g6_00061_0.tif,6671554,1.646,1.4788,1.437
slovenia,g6_00061_0.tif,6673026,1.646,1.2699,1.437
slovenia,g6_00061_0.tif,6673029,1.046,1.1687,0.757
slovenia,g6_00061_0.tif,6673157,1.646,1.3107,1.437
slovenia,g6_00061_0.tif,6673158,1.646,1.4111,1.437
slovenia,g6_00061_0.tif,6673277,4.386,0.7075,2.897
slovenia,g6_00061_0.tif,6704599,5.965,1.3434,4.413
slovenia,g6_00061_0.tif,6716066,9.387,2.2026,6.658
slovenia,g6_00061_0.tif,6719536,7.925,1.6162,5.89
slovenia,g6_00061_0.tif,6719835,8.361,1.8918,5.89
slovenia,g6_00061_0.tif,6719879,8.361,2.256,5.89
slovenia,g6_00061_0.tif,6772468,1.261,1.3815,1.242
slovenia,g6_00061_0.tif,6934832,1.646,1.4275,1.437
slovenia,g6_00061_0.tif,6998732,1.261,1.3399,1.242
slovenia,g6_00064_1.tif,6297076,6.47,2.2072,5.139
slovenia,g6_00064_1.tif,6297174,3.053,2.3245,2.571
slovenia,g6_00064_1.tif,6297284,1.04,3.062,0.757
slovenia,g6_00064_1.tif,6497111,1.04,2.1092,0.757
slovenia,g6_00064_1.tif,6497112,2.111,2.541,1.437
slovenia,g6_00064_1.tif,6497113,1.967,2.1684,1.242
slovenia,g6_00064_1.tif,6497114,3.053,2.1818,2.204
slovenia,g6_00064_1.tif,6497121,3.161,2.0983,2.069
slovenia,g6_00064_1.tif,6497126,5.42,1.8632,3.807
slovenia,g6_00064_1.tif,6497129,2.111,1.6649,1.437
slovenia,g6_00064_1.tif,6497133,1.04,2.7261,0.757
slovenia,g6_00064_1.tif,6497345,1.967,3.2469,1.242
slovenia,g6_00064_1.tif,6611712,3.96,2.3884,2.999
slovenia,g6_00064_1.tif,6611717,2.5,2.3061,1.927
slovenia,g6_00064_1.tif,6611747,6.937,2.3222,4.821
slovenia,g6_00064_1.tif,6611751,2.5,1.8816,1.927
slovenia,g6_00064_1.tif,6611752,4.642,1.8256,3.288
slovenia,g6_00064_1.tif,6611758,3.96,2.3447,2.897
slovenia,g6_00064_1.tif,6611761,1.642,1.98,1.437
slovenia,g6_00064_1.tif,6611764,1.04,2.207,0.757
slovenia,g6_00064_1.tif,6611767,3.536,2.4349,2.571
slovenia,g6_00064_1.tif,6611772,1.04,2.0682,0.757
slovenia,g6_00064_1.tif,6611783,2.111,2.7264,1.437
slovenia,g6_00064_1.tif,6611797,3.053,2.3986,2.069
slovenia,g6_00064_1.tif,6611814,3.053,3.0439,2.897
slovenia,g6_00064_1.tif,6612229,1.967,1.9392,1.242
slovenia,g6_00064_1.tif,6612348,0.42,2.0682,0.414
slovenia,g6_00064_1.tif,6673010,3.96,1.934,2.897
slovenia,g6_00064_1.tif,6673011,3.053,2.9636,2.069
slovenia,g6_00064_1.tif,6673015,3.704,2.4579,2.999
slovenia,g6_00064_1.tif,6673024,1.967,2.2973,1.437
slovenia,g6_00064_1.tif,6673121,3.053,2.7304,2.069
slovenia,g6_00064_1.tif,6673122,3.536,2.5434,2.571
slovenia,g6_00064_1.tif,6673277,15.401,2.1254,11.437
slovenia,g6_00064_1.tif,6682712,2.943,1.4875,2.571
slovenia,g6_00064_1.tif,6719536,3.161,2.9517,2.069
slovenia,g6_00064_1.tif,6998728,3.258,1.5795,2.897
slovenia,g6_00064_1.tif,6998729,7.159,1.6796,6.26
slovenia,g6_00064_1.tif,6998856,1.04,2.7968,0.757
slovenia,g6_00064_1.tif,6998909,1.642,2.5291,1.242
