country,chip,parcel_id,px_x_m,px_y_m,width_published_m,width_ground_m,ratio
slovenia,g13_00002_16.tif,6402188,4.1152,6.0088,12.42,12.35,0.9944
slovenia,g13_00002_16.tif,6983393,4.1152,6.0088,22.04,28.81,1.3072
slovenia,g13_00002_16.tif,7079929,4.1152,6.0088,19.27,25.02,1.2984
slovenia,g13_00002_17.tif,6113948,4.1423,6.0088,19.27,23.46,1.2174
slovenia,g13_00002_18.tif,6157272,4.1423,6.0088,7.57,10.45,1.3804
slovenia,g13_00003_12.tif,6166700,4.1423,6.0088,22.04,29.0,1.3158
slovenia,g13_00003_12.tif,6166702,4.1423,6.0088,22.04,29.0,1.3158
slovenia,g13_00003_12.tif,6166704,4.1423,6.0088,14.37,16.33,1.1364
slovenia,g13_00003_12.tif,6490468,4.1423,6.0088,14.37,16.33,1.1364
slovenia,g13_00003_12.tif,6490470,4.1423,6.0088,7.57,10.45,1.3804
slovenia,g13_00003_12.tif,6514417,4.1423,6.0088,78.63,92.0,1.17
slovenia,g13_00003_12.tif,6514421,4.1423,6.0088,28.97,32.85,1.1339
slovenia,g13_00003_12.tif,6514422,4.1423,6.0088,40.44,51.07,1.2629
slovenia,g13_00003_12.tif,6572178,4.1423,6.0088,37.25,39.65,1.0644
slovenia,g13_00003_12.tif,6737064,4.1423,6.0088,22.04,31.91,1.4478
slovenia,g13_00003_12.tif,6910737,4.1423,6.0088,12.42,16.33,1.3148
slovenia,g13_00003_12.tif,6910738,4.1423,6.0088,19.27,23.46,1.2174
slovenia,g13_00003_12.tif,6910741,4.1423,6.0088,7.57,10.45,1.3804
slovenia,g13_00003_12.tif,6910746,4.1423,6.0088,29.99,43.75,1.4588
slovenia,g13_00003_13.tif,6166702,4.1423,6.0088,20.69,23.46,1.1339
slovenia,g13_00003_13.tif,6324650,4.1423,6.0088,14.37,21.28,1.4809
slovenia,g13_00003_13.tif,6324653,4.1423,6.0088,7.57,10.45,1.3804
slovenia,g13_00003_13.tif,6524321,4.1423,6.0088,22.04,30.43,1.3807
slovenia,g13_00003_13.tif,6524323,4.1423,6.0088,20.69,31.91,1.5423
slovenia,g13_00003_13.tif,6524324,4.1423,6.0088,7.57,10.45,1.3804
slovenia,g13_00003_13.tif,6524325,4.1423,6.0088,29.99,35.54,1.1851
slovenia,g13_00003_13.tif,6737065,4.1423,6.0088,32.88,36.79,1.1189
slovenia,g13_00003_13.tif,6737066,4.1423,6.0088,25.71,29.0,1.128
slovenia,g13_00003_14.tif,6145881,4.1423,6.0088,12.42,16.33,1.3148
slovenia,g13_00003_14.tif,6145882,4.1423,6.0088,85.01,98.14,1.1545
slovenia,g13_00003_14.tif,6145886,4.1423,6.0088,4.14,4.14,1.0
slovenia,g13_00003_14.tif,6145887,4.1423,6.0088,7.57,10.45,1.3804
slovenia,g13_00003_14.tif,6145890,4.1423,6.0088,29.99,43.93,1.4648
slovenia,g13_00003_14.tif,6145891,4.1423,6.0088,28.97,31.91,1.1015
slovenia,g13_00003_14.tif,6145892,4.1423,6.0088,37.25,49.97,1.3415
slovenia,g13_00003_14.tif,6145893,4.1423,6.0088,20.69,31.91,1.5423
slovenia,g13_00003_14.tif,6199100,4.1423,6.0088,20.69,20.71,1.001
slovenia,g13_00003_14.tif,6394110,4.1423,6.0088,12.42,16.33,1.3148
slovenia,g13_00003_14.tif,6446137,4.1423,6.0088,14.37,19.89,1.3841
slovenia,g13_00003_14.tif,6537426,4.1423,6.0088,14.37,16.33,1.1364
slovenia,g13_00003_14.tif,6560698,4.1423,6.0088,48.21,65.01,1.3485
slovenia,g13_00003_14.tif,6560699,4.1423,6.0088,37.25,43.75,1.1745
slovenia,g13_00003_14.tif,6774220,4.1423,6.0088,7.57,10.45,1.3804
slovenia,g13_00003_14.tif,6774225,4.1423,6.0088,12.42,16.33,1.3148
slovenia,g13_00003_14.tif,6872553,4.1423,6.0088,48.21,64.48,1.3375
slovenia,g13_00003_14.tif,7019528,4.1423,6.0088,7.57,10.45,1.3804
slovenia,g13_00003_14.tif,7019531,4.1423,6.0088,40.44,43.75,1.0818
slovenia,g13_00003_18.tif,6133722,4.1423,6.0088,53.8,75.21,1.398
slovenia,g13_00003_18.tif,6146415,4.1423,6.0088,30.98,38.99,1.2586
slovenia,g13_00003_18.tif,6146416,4.1423,6.0088,29.99,37.28,1.2431
slovenia,g13_00003_18.tif,6224238,4.1423,6.0088,70.36,82.12,1.1671
slovenia,g13_00003_18.tif,6224239,4.1423,6.0088,12.42,19.89,1.6014
slovenia,g13_00003_18.tif,6224304,4.1423,6.0088,54.39,66.36,1.2201
slovenia,g13_00003_18.tif,6224344,4.1423,6.0088,20.69,29.0,1.4016
slovenia,g13_00003_18.tif,6224464,4.1423,6.0088,19.27,20.71,1.0747
slovenia,g13_00003_18.tif,6625264,4.1423,6.0088,74.39,78.7,1.0579
slovenia,g13_00003_18.tif,6736122,4.1423,6.0088,69.9,77.73,1.112
slovenia,g13_00003_18.tif,6862344,4.1423,6.0088,62.08,81.6,1.3144
slovenia,g13_00003_18.tif,6862375,4.1423,6.0088,194.52,264.13,1.3579
slovenia,g13_00003_18.tif,6862397,4.1423,6.0088,144.85,180.07,1.2431
slovenia,g13_00003_18.tif,6862405,4.1423,6.0088,14.37,19.89,1.3841
slovenia,g13_00003_18.tif,6862407,4.1423,6.0088,70.36,104.02,1.4784
slovenia,g13_00003_18.tif,6862425,4.1423,6.0088,4.14,7.88,1.9034
slovenia,g13_00003_18.tif,6953125,4.1423,6.0088,134.61,143.83,1.0685
slovenia,g13_00003_18.tif,6953150,4.1423,6.0088,40.44,55.95,1.3835
slovenia,g13_00003_18.tif,6970149,4.1423,6.0088,103.47,128.96,1.2464
slovenia,g13_00004_0.tif,6090653,4.1423,6.0088,14.37,16.33,1.1364
slovenia,g13_00004_0.tif,6090654,4.1423,6.0088,19.27,25.05,1.2999
slovenia,g13_00004_0.tif,6090658,4.1423,6.0088,7.57,10.45,1.3804
slovenia,g13_00004_0.tif,6111251,4.1423,6.0088,4.14,7.88,1.9034
slovenia,g13_00004_0.tif,6111252,4.1423,6.0088,19.27,25.05,1.2999
slovenia,g13_00004_0.tif,6208423,4.1423,6.0088,12.42,16.33,1.3148
slovenia,g13_00004_0.tif,6316528,4.1423,6.0088,38.07,43.75,1.1492
slovenia,g13_00004_0.tif,6316531,4.1423,6.0088,4.14,7.88,1.9034
slovenia,g13_00004_0.tif,6707003,4.1423,6.0088,44.13,56.51,1.2805
slovenia,g13_00004_0.tif,6707008,4.1423,6.0088,28.97,37.28,1.2868
slovenia,g13_00004_0.tif,6788595,4.1423,6.0088,20.69,20.71,1.001
slovenia,g13_00004_0.tif,6788596,4.1423,6.0088,87.29,103.56,1.1864
slovenia,g13_00004_0.tif,6862344,4.1423,6.0088,45.53,67.96,1.4926
slovenia,g13_00004_0.tif,6862365,4.1423,6.0088,158.91,172.11,1.0831
slovenia,g13_00004_0.tif,6862366,4.1423,6.0088,95.19,128.05,1.3452
slovenia,g13_00004_0.tif,6862373,4.1423,6.0088,206.89,274.24,1.3255
slovenia,g13_00004_0.tif,6862394,4.1423,6.0088,154.86,204.15,1.3183
slovenia,g13_00004_0.tif,6862396,4.1423,6.0088,155.72,176.35,1.1325
slovenia,g13_00004_0.tif,6862397,4.1423,6.0088,4.14,4.14,1.0
slovenia,g13_00004_0.tif,6910498,4.1423,6.0088,132.88,137.21,1.0326
slovenia,g13_00004_0.tif,6987753,4.1423,6.0088,28.97,43.93,1.5164
slovenia,g13_00004_0.tif,7044089,4.1423,6.0088,38.07,55.95,1.4697
slovenia,g13_00004_0.tif,7044092,4.1423,6.0088,48.21,59.31,1.2302
slovenia,g13_00004_0.tif,7049957,4.1423,6.0088,12.42,16.33,1.3148
slovenia,g13_00004_1.tif,6090656,4.1423,6.0088,78.63,108.13,1.3752
slovenia,g13_00004_1.tif,6094132,4.1423,6.0088,30.98,39.65,1.2799
slovenia,g13_00004_1.tif,6094133,4.1423,6.0088,7.57,10.45,1.3804
slovenia,g13_00004_1.tif,6094134,4.1423,6.0088,7.57,10.45,1.3804
slovenia,g13_00004_1.tif,6094137,4.1423,6.0088,45.53,55.08,1.2098
slovenia,g13_00004_1.tif,6094214,4.1423,6.0088,37.25,55.95,1.502
slovenia,g13_00004_1.tif,6165385,4.1423,6.0088,134.61,148.98,1.1068
slovenia,g13_00004_1.tif,6165391,4.1423,6.0088,44.13,59.31,1.344
slovenia,g13_00004_1.tif,6267989,4.1423,6.0088,128.56,176.12,1.3699
slovenia,g13_00004_1.tif,6420102,4.1423,6.0088,20.69,20.71,1.001
slovenia,g13_00004_1.tif,6443932,4.1423,6.0088,4.14,7.88,1.9034
slovenia,g13_00004_1.tif,6443934,4.1423,6.0088,69.9,86.21,1.2333
slovenia,g13_00004_1.tif,6443941,4.1423,6.0088,60.51,71.18,1.1763
slovenia,g13_00004_1.tif,6443952,4.1423,6.0088,22.04,25.05,1.1366
slovenia,g13_00004_1.tif,6444032,4.1423,6.0088,25.71,30.43,1.1836
slovenia,g13_00004_1.tif,6444073,4.1423,6.0088,30.98,36.79,1.1875
slovenia,g13_00004_1.tif,6444273,4.1423,6.0088,69.9,88.39,1.2645
slovenia,g13_00004_1.tif,6444289,4.1423,6.0088,58.9,80.39,1.3649
slovenia,g13_00004_1.tif,6444732,4.1423,6.0088,149.83,179.7,1.1994
slovenia,g13_00004_1.tif,6503716,4.1423,6.0088,54.39,55.08,1.0127
slovenia,g13_00004_1.tif,6503721,4.1423,6.0088,48.86,55.08,1.1273
slovenia,g13_00004_1.tif,6503913,4.1423,6.0088,54.39,55.08,1.0127
slovenia,g13_00004_1.tif,6503966,4.1423,6.0088,4.14,7.88,1.9034
slovenia,g13_00004_1.tif,6504115,4.1423,6.0088,62.6,72.13,1.1522
slovenia,g13_00004_1.tif,6504116,4.1423,6.0088,69.9,74.2,1.0615
slovenia,g13_00004_1.tif,6504194,4.1423,6.0088,42.68,50.77,1.1896
slovenia,g13_00004_1.tif,6559607,4.1423,6.0088,28.97,43.93,1.5164
slovenia,g13_00004_1.tif,6578268,4.1423,6.0088,62.6,78.7,1.2572
slovenia,g13_00004_1.tif,6578397,4.1423,6.0088,45.53,50.77,1.1151
slovenia,g13_00004_1.tif,6578410,4.1423,6.0088,70.36,83.58,1.1879
slovenia,g13_00004_1.tif,6578413,4.1423,6.0088,48.21,51.07,1.0593
slovenia,g13_00004_1.tif,6578415,4.1423,6.0088,12.42,12.43,1.0008
slovenia,g13_00004_1.tif,6581409,4.1423,6.0088,136.33,156.63,1.1489
slovenia,g13_00004_1.tif,6581410,4.1423,6.0088,7.57,10.45,1.3804
slovenia,g13_00004_1.tif,6581411,4.1423,6.0088,19.27,23.46,1.2174
slovenia,g13_00004_1.tif,6689417,4.1423,6.0088,20.69,31.91,1.5423
slovenia,g13_00004_1.tif,6707003,4.1423,6.0088,48.21,53.85,1.117
slovenia,g13_00004_1.tif,6707008,4.1423,6.0088,25.71,35.54,1.3823
slovenia,g13_00004_1.tif,6788595,4.1423,6.0088,88.4,128.05,1.4485
slovenia,g13_00004_1.tif,6788596,4.1423,6.0088,20.69,23.46,1.1339
slovenia,g13_00004_1.tif,6862312,4.1423,6.0088,210.75,272.76,1.2942
slovenia,g13_00004_1.tif,6862365,4.1423,6.0088,169.88,200.21,1.1785
slovenia,g13_00004_1.tif,6862373,4.1423,6.0088,111.74,141.02,1.262
slovenia,g13_00004_1.tif,6862379,4.1423,6.0088,186.42,264.13,1.4169
slovenia,g13_00004_1.tif,6862393,4.1423,6.0088,86.91,122.97,1.4149
slovenia,g13_00004_1.tif,6917340,4.1423,6.0088,69.9,84.57,1.2099
slovenia,g13_00004_1.tif,6945580,4.1423,6.0088,14.37,21.28,1.4809
slovenia,g13_00004_1.tif,6945581,4.1423,6.0088,25.71,35.54,1.3823
slovenia,g13_00004_1.tif,6961800,4.1423,6.0088,28.97,43.93,1.5164
slovenia,g13_00004_1.tif,6961802,4.1423,6.0088,37.25,49.97,1.3415
slovenia,g13_00004_1.tif,7044089,4.1423,6.0088,45.53,62.13,1.3646
slovenia,g13_00005_10.tif,6689886,4.1434,5.9695,48.21,59.08,1.2255
slovenia,g13_00005_11.tif,6689885,4.1434,5.9695,12.42,19.73,1.5886
slovenia,g13_00005_9.tif,7079929,4.1163,5.9695,19.27,21.14,1.097
slovenia,g13_00006_11.tif,6085712,4.1434,5.9695,58.9,62.15,1.0552
slovenia,g13_00006_11.tif,6085714,4.1434,5.9695,12.42,16.28,1.3108
slovenia,g13_00006_11.tif,6085715,4.1434,5.9695,73.95,82.1,1.1102
slovenia,g13_00006_11.tif,6093619,4.1434,5.9695,66.58,70.44,1.058
slovenia,g13_00006_11.tif,6093620,4.1434,5.9695,92.39,105.39,1.1407
slovenia,g13_00006_11.tif,6093628,4.1434,5.9695,106.91,136.73,1.2789
slovenia,g13_00006_11.tif,6109021,4.1434,5.9695,12.42,16.28,1.3108
slovenia,g13_00006_11.tif,6645080,4.1434,5.9695,4.14,4.14,1.0
slovenia,g13_00006_11.tif,6953134,4.1434,5.9695,95.53,111.84,1.1707
slovenia,g13_00006_11.tif,6987751,4.1434,5.9695,80.27,109.38,1.3627
slovenia,g13_00006_11.tif,6995387,4.1434,5.9695,86.91,122.23,1.4064
slovenia,g13_00006_11.tif,6995390,4.1434,5.9695,20.69,31.67,1.5307
slovenia,g13_00006_12.tif,6085722,4.1434,5.9695,22.04,32.62,1.48
slovenia,g13_00006_12.tif,6089770,4.1434,5.9695,82.28,91.37,1.1105
slovenia,g13_00006_12.tif,6089772,4.1434,5.9695,28.97,36.71,1.2672
slovenia,g13_00006_12.tif,6093624,4.1434,5.9695,88.4,109.38,1.2373
slovenia,g13_00006_12.tif,6093625,4.1434,5.9695,107.22,125.22,1.1679
slovenia,g13_00006_12.tif,6093628,4.1434,5.9695,45.53,57.81,1.2697
slovenia,g13_00006_12.tif,6093632,4.1434,5.9695,58.9,66.32,1.126
slovenia,g13_00006_12.tif,6109021,4.1434,5.9695,100.56,132.2,1.3146
slovenia,g13_00006_12.tif,6109028,4.1434,5.9695,46.21,67.49,1.4605
slovenia,g13_00006_12.tif,6111252,4.1434,5.9695,19.27,24.92,1.2932
slovenia,g13_00006_12.tif,6166271,4.1434,5.9695,19.27,24.92,1.2932
slovenia,g13_00006_12.tif,6166272,4.1434,5.9695,4.14,4.14,1.0
slovenia,g13_00006_12.tif,6166273,4.1434,5.9695,14.37,16.28,1.1329
slovenia,g13_00006_12.tif,6166275,4.1434,5.9695,28.97,43.61,1.5054
slovenia,g13_00006_12.tif,6166276,4.1434,5.9695,38.07,55.55,1.4592
slovenia,g13_00006_12.tif,6378684,4.1434,5.9695,12.42,12.43,1.0008
slovenia,g13_00006_12.tif,6378686,4.1434,5.9695,69.9,74.17,1.0611
slovenia,g13_00006_12.tif,6445437,4.1434,5.9695,19.27,21.13,1.0965
slovenia,g13_00006_12.tif,6445438,4.1434,5.9695,12.42,16.28,1.3108
slovenia,g13_00006_12.tif,6466917,4.1434,5.9695,74.39,89.14,1.1983
slovenia,g13_00006_12.tif,6466921,4.1434,5.9695,12.42,12.43,1.0008
slovenia,g13_00006_12.tif,6625247,4.1434,5.9695,95.88,98.76,1.03
slovenia,g13_00006_12.tif,6645080,4.1434,5.9695,4.14,4.14,1.0
slovenia,g13_00006_12.tif,6733272,4.1434,5.9695,28.97,43.61,1.5054
slovenia,g13_00006_12.tif,6733273,4.1434,5.9695,37.25,43.68,1.1726
slovenia,g13_00006_12.tif,6733275,4.1434,5.9695,14.37,16.28,1.1329
slovenia,g13_00006_12.tif,6733747,4.1434,5.9695,20.69,31.67,1.5307
slovenia,g13_00006_12.tif,6733959,4.1434,5.9695,7.57,10.39,1.3725
slovenia,g13_00006_12.tif,6802503,4.1434,5.9695,28.97,36.71,1.2672
slovenia,g13_00006_12.tif,6803482,4.1434,5.9695,28.97,36.71,1.2672
slovenia,g13_00006_12.tif,6879486,4.1434,5.9695,70.82,85.07,1.2012
slovenia,g13_00006_12.tif,6916073,4.1434,5.9695,55.55,64.03,1.1527
slovenia,g13_00006_12.tif,6987753,4.1434,5.9695,19.27,24.92,1.2932
slovenia,g13_00006_12.tif,7049945,4.1434,5.9695,78.63,91.5,1.1637
slovenia,g13_00006_12.tif,7049954,4.1434,5.9695,32.88,36.71,1.1165
slovenia,g13_00006_12.tif,7049957,4.1434,5.9695,62.6,73.55,1.1749
slovenia,g13_00006_12.tif,7049958,4.1434,5.9695,62.08,85.07,1.3703
slovenia,g13_00006_13.tif,6115133,4.1434,5.9695,45.53,64.14,1.4087
slovenia,g13_00006_13.tif,6115134,4.1434,5.9695,30.98,39.46,1.2737
slovenia,g13_00006_13.tif,6115178,4.1434,5.9695,29.99,31.09,1.0367
slovenia,g13_00006_13.tif,6115225,4.1434,5.9695,29.99,36.71,1.2241
slovenia,g13_00006_13.tif,6165385,4.1434,5.9695,20.69,24.92,1.2044
slovenia,g13_00006_13.tif,6166271,4.1434,5.9695,7.57,10.39,1.3725
slovenia,g13_00006_13.tif,6166272,4.1434,5.9695,29.99,39.46,1.3158
slovenia,g13_00006_13.tif,6166273,4.1434,5.9695,7.57,10.39,1.3725
slovenia,g13_00006_13.tif,6166275,4.1434,5.9695,66.58,92.8,1.3938
slovenia,g13_00006_13.tif,6166279,4.1434,5.9695,7.57,10.39,1.3725
slovenia,g13_00006_13.tif,6227446,4.1434,5.9695,40.44,53.99,1.3351
slovenia,g13_00006_13.tif,6378684,4.1434,5.9695,69.9,91.73,1.3123
slovenia,g13_00006_13.tif,6378686,4.1434,5.9695,37.25,46.41,1.2459
slovenia,g13_00006_13.tif,6378689,4.1434,5.9695,37.25,43.68,1.1726
slovenia,g13_00006_13.tif,6378690,4.1434,5.9695,29.99,36.71,1.2241
slovenia,g13_00006_13.tif,6378692,4.1434,5.9695,7.57,10.39,1.3725
slovenia,g13_00006_13.tif,6420102,4.1434,5.9695,48.21,68.52,1.4213
slovenia,g13_00006_13.tif,6420112,4.1434,5.9695,12.42,16.28,1.3108
slovenia,g13_00006_13.tif,6420113,4.1434,5.9695,14.37,16.28,1.1329
slovenia,g13_00006_13.tif,6420114,4.1434,5.9695,20.69,20.72,1.0014
slovenia,g13_00006_13.tif,6420115,4.1434,5.9695,25.71,31.67,1.2318
slovenia,g13_00006_13.tif,6420116,4.1434,5.9695,12.42,16.28,1.3108
slovenia,g13_00006_13.tif,6443934,4.1434,5.9695,45.53,58.59,1.2868
slovenia,g13_00006_13.tif,6476900,4.1434,5.9695,55.55,78.61,1.4151
slovenia,g13_00006_13.tif,6476901,4.1434,5.9695,19.27,24.92,1.2932
slovenia,g13_00006_13.tif,6476908,4.1434,5.9695,58.9,78.61,1.3346
slovenia,g13_00006_13.tif,6496620,4.1434,5.9695,19.27,24.92,1.2932
slovenia,g13_00006_13.tif,6496622,4.1434,5.9695,54.39,63.22,1.1623
slovenia,g13_00006_13.tif,6496623,4.1434,5.9695,60.51,70.44,1.1641
slovenia,g13_00006_13.tif,6496626,4.1434,5.9695,51.39,66.32,1.2905
slovenia,g13_00006_13.tif,6496631,4.1434,5.9695,12.42,16.28,1.3108
slovenia,g13_00006_13.tif,6496632,4.1434,5.9695,12.42,19.73,1.5886
slovenia,g13_00006_13.tif,6496741,4.1434,5.9695,19.27,23.44,1.2164
slovenia,g13_00006_13.tif,6503716,4.1434,5.9695,4.14,7.8,1.8841
slovenia,g13_00006_13.tif,6503722,4.1434,5.9695,58.9,71.39,1.2121
slovenia,g13_00006_13.tif,6503723,4.1434,5.9695,14.37,21.13,1.4704
slovenia,g13_00006_13.tif,6503725,4.1434,5.9695,48.21,59.08,1.2255
slovenia,g13_00006_13.tif,6503726,4.1434,5.9695,53.8,55.08,1.0238
slovenia,g13_00006_13.tif,6503729,4.1434,5.9695,22.04,31.67,1.4369
slovenia,g13_00006_13.tif,6503910,4.1434,5.9695,82.28,86.13,1.0468
slovenia,g13_00006_13.tif,6503913,4.1434,5.9695,78.63,79.58,1.0121
slovenia,g13_00006_13.tif,6503966,4.1434,5.9695,7.57,10.39,1.3725
slovenia,g13_00006_13.tif,6504062,4.1434,5.9695,62.6,85.76,1.37
slovenia,g13_00006_13.tif,6504063,4.1434,5.9695,72.17,91.39,1.2663
slovenia,g13_00006_13.tif,6504064,4.1434,5.9695,14.37,21.13,1.4704
slovenia,g13_00006_13.tif,6523596,4.1434,5.9695,30.98,36.71,1.185
slovenia,g13_00006_13.tif,6578410,4.1434,5.9695,42.68,46.99,1.101
slovenia,g13_00006_13.tif,6625271,4.1434,5.9695,56.12,62.15,1.1074
slovenia,g13_00006_13.tif,6668356,4.1434,5.9695,64.12,83.05,1.2952
slovenia,g13_00006_13.tif,6715455,4.1434,5.9695,113.5,139.43,1.2285
slovenia,g13_00006_13.tif,6715465,4.1434,5.9695,29.99,44.33,1.4782
slovenia,g13_00006_13.tif,6888878,4.1434,5.9695,44.13,53.86,1.2205
slovenia,g13_00006_13.tif,6888881,4.1434,5.9695,4.14,7.8,1.8841
slovenia,g13_00006_13.tif,6888882,4.1434,5.9695,19.27,24.92,1.2932
slovenia,g13_00006_13.tif,6888883,4.1434,5.9695,37.25,37.29,1.0011
slovenia,g13_00006_13.tif,6917369,4.1434,5.9695,66.58,70.44,1.058
slovenia,g13_00006_13.tif,6917377,4.1434,5.9695,51.39,55.08,1.0718
slovenia,g13_00006_13.tif,6917383,4.1434,5.9695,12.42,16.28,1.3108
slovenia,g13_00006_13.tif,6945577,4.1434,5.9695,20.69,23.44,1.1329
slovenia,g13_00006_5.tif,6098813,4.1434,5.9695,14.37,16.28,1.1329
slovenia,g13_00006_5.tif,6098814,4.1434,5.9695,12.42,12.43,1.0008
slovenia,g13_00006_5.tif,6166701,4.1434,5.9695,37.25,49.7,1.3342
slovenia,g13_00006_5.tif,6469566,4.1434,5.9695,14.37,16.28,1.1329
slovenia,g13_00006_5.tif,6649668,4.1434,5.9695,25.71,35.32,1.3738
slovenia,g13_00006_5.tif,6649670,4.1434,5.9695,22.04,30.33,1.3761
slovenia,g13_00006_5.tif,6649671,4.1434,5.9695,14.37,16.28,1.1329
slovenia,g13_00006_5.tif,6649672,4.1434,5.9695,29.99,36.71,1.2241
slovenia,g13_00006_5.tif,6649673,4.1434,5.9695,29.99,39.46,1.3158
slovenia,g13_00006_5.tif,6649818,4.1434,5.9695,7.57,10.39,1.3725
slovenia,g13_00006_5.tif,6895511,4.1434,5.9695,32.88,43.68,1.3285
slovenia,g13_00006_5.tif,6895518,4.1434,5.9695,22.04,23.44,1.0635
slovenia,g13_00006_5.tif,6899202,4.1434,5.9695,25.71,30.33,1.1797
slovenia,g13_00006_5.tif,6899203,4.1434,5.9695,19.27,24.92,1.2932
slovenia,g13_00006_5.tif,6899212,4.1434,5.9695,25.71,30.33,1.1797
slovenia,g13_00006_5.tif,6899213,4.1434,5.9695,7.57,10.39,1.3725
slovenia,g13_00006_6.tif,6098812,4.1434,5.9695,37.25,38.98,1.0464
slovenia,g13_00006_6.tif,6098814,4.1434,5.9695,4.14,4.14,1.0
slovenia,g13_00006_6.tif,6098816,4.1434,5.9695,38.07,44.66,1.1731
slovenia,g13_00006_6.tif,6537427,4.1434,5.9695,14.37,21.13,1.4704
slovenia,g13_00006_7.tif,6338980,4.1434,5.9695,54.39,74.17,1.3637
slovenia,g13_00006_7.tif,6446137,4.1434,5.9695,20.69,31.67,1.5307
slovenia,g13_00006_7.tif,6793026,4.1434,5.9695,7.57,10.39,1.3725
slovenia,g13_00006_7.tif,6793028,4.1434,5.9695,20.69,21.13,1.0213
slovenia,g13_00006_7.tif,6793029,4.1434,5.9695,40.44,45.58,1.1271
slovenia,g13_00006_7.tif,6793030,4.1434,5.9695,12.42,12.43,1.0008
slovenia,g13_00006_7.tif,6793031,4.1434,5.9695,4.14,4.14,1.0
slovenia,g13_00006_7.tif,6801711,4.1434,5.9695,25.71,29.0,1.128
slovenia,g13_00006_7.tif,6801712,4.1434,5.9695,22.04,29.0,1.3158
slovenia,g13_00016_0.tif,6102575,4.1205,6.0087,14.37,21.29,1.4816
slovenia,g13_00016_0.tif,6220602,4.1205,6.0087,12.42,12.36,0.9952
slovenia,g13_00016_0.tif,6243944,4.1205,6.0087,7.57,10.45,1.3804
slovenia,g13_00016_0.tif,6243948,4.1205,6.0087,37.25,43.58,1.1699
slovenia,g13_00016_0.tif,6248570,4.1205,6.0087,14.37,21.29,1.4816
slovenia,g13_00016_0.tif,6309752,4.1205,6.0087,19.27,25.02,1.2984
slovenia,g13_00016_0.tif,6343333,4.1205,6.0087,25.71,30.36,1.1809
slovenia,g13_00016_0.tif,6959166,4.1205,6.0087,28.97,38.8,1.3393
slovenia,g13_00016_1.tif,6243948,4.1476,6.0087,12.42,19.89,1.6014
slovenia,g13_00017_17.tif,6092968,4.1476,6.0087,14.37,21.28,1.4809
slovenia,g13_00017_17.tif,6112021,4.1476,6.0087,19.27,23.49,1.219
slovenia,g13_00017_17.tif,6164514,4.1476,6.0087,66.1,92.35,1.3971
slovenia,g13_00017_17.tif,6168691,4.1476,6.0087,22.04,29.03,1.3172
slovenia,g13_00017_17.tif,6168692,4.1476,6.0087,20.69,30.45,1.4717
slovenia,g13_00017_17.tif,6168693,4.1476,6.0087,19.27,25.06,1.3005
slovenia,g13_00017_17.tif,6168694,4.1476,6.0087,46.21,64.49,1.3956
slovenia,g13_00017_17.tif,6193419,4.1476,6.0087,28.97,36.82,1.271
slovenia,g13_00017_17.tif,6239504,4.1476,6.0087,19.27,21.28,1.1043
slovenia,g13_00017_17.tif,6239505,4.1476,6.0087,29.99,44.63,1.4882
slovenia,g13_00017_17.tif,6239746,4.1476,6.0087,19.27,23.49,1.219
slovenia,g13_00017_17.tif,6241660,4.1476,6.0087,45.53,63.29,1.3901
slovenia,g13_00017_17.tif,6257963,4.1476,6.0087,46.21,47.05,1.0182
slovenia,g13_00017_17.tif,6257967,4.1476,6.0087,20.69,25.06,1.2112
slovenia,g13_00017_17.tif,6298597,4.1476,6.0087,28.97,39.66,1.369
slovenia,g13_00017_17.tif,6298647,4.1476,6.0087,14.37,21.28,1.4809
slovenia,g13_00017_17.tif,6335164,4.1476,6.0087,19.27,25.06,1.3005
slovenia,g13_00017_17.tif,6335165,4.1476,6.0087,12.42,19.89,1.6014
slovenia,g13_00017_17.tif,6357855,4.1476,6.0087,78.63,78.8,1.0022
slovenia,g13_00017_17.tif,6357856,4.1476,6.0087,83.85,101.72,1.2131
slovenia,g13_00017_17.tif,6357859,4.1476,6.0087,4.14,4.15,1.0024
slovenia,g13_00017_17.tif,6368730,4.1476,6.0087,29.99,31.14,1.0383
slovenia,g13_00017_17.tif,6373005,4.1476,6.0087,37.25,37.33,1.0021
slovenia,g13_00017_17.tif,6373841,4.1476,6.0087,19.27,25.06,1.3005
slovenia,g13_00017_17.tif,6373935,4.1476,6.0087,19.27,21.28,1.1043
slovenia,g13_00017_17.tif,6373937,4.1476,6.0087,12.42,16.34,1.3156
slovenia,g13_00017_17.tif,6373938,4.1476,6.0087,19.27,23.49,1.219
slovenia,g13_00017_17.tif,6373939,4.1476,6.0087,12.42,12.44,1.0016
slovenia,g13_00017_17.tif,6410172,4.1476,6.0087,48.21,64.49,1.3377
slovenia,g13_00017_17.tif,6469623,4.1476,6.0087,4.14,7.87,1.901
slovenia,g13_00017_17.tif,6469625,4.1476,6.0087,20.69,21.28,1.0285
slovenia,g13_00017_17.tif,6469709,4.1476,6.0087,28.97,29.03,1.0021
slovenia,g13_00017_17.tif,6477163,4.1476,6.0087,25.71,31.9,1.2408
slovenia,g13_00017_17.tif,6477164,4.1476,6.0087,55.55,71.23,1.2823
slovenia,g13_00017_17.tif,6477167,4.1476,6.0087,25.71,35.54,1.3823
slovenia,g13_00017_17.tif,6477168,4.1476,6.0087,14.37,16.34,1.1371
slovenia,g13_00017_17.tif,6500731,4.1476,6.0087,4.14,4.15,1.0024
slovenia,g13_00017_17.tif,6606604,4.1476,6.0087,14.37,19.89,1.3841
slovenia,g13_00017_17.tif,6617028,4.1476,6.0087,25.71,30.45,1.1844
slovenia,g13_00017_17.tif,6639520,4.1476,6.0087,73.95,88.43,1.1958
slovenia,g13_00017_17.tif,6639522,4.1476,6.0087,56.12,66.43,1.1837
slovenia,g13_00017_17.tif,6639523,4.1476,6.0087,66.58,77.79,1.1684
slovenia,g13_00017_17.tif,6639526,4.1476,6.0087,118.07,162.22,1.3739
slovenia,g13_00017_17.tif,6639528,4.1476,6.0087,72.17,91.69,1.2705
slovenia,g13_00017_17.tif,6639530,4.1476,6.0087,77.8,104.11,1.3382
slovenia,g13_00017_17.tif,6639538,4.1476,6.0087,69.9,79.03,1.1306
slovenia,g13_00017_17.tif,6639542,4.1476,6.0087,44.13,58.7,1.3302
slovenia,g13_00017_17.tif,6639546,4.1476,6.0087,62.08,81.59,1.3143
slovenia,g13_00017_17.tif,6639548,4.1476,6.0087,48.21,69.84,1.4487
slovenia,g13_00017_17.tif,6639554,4.1476,6.0087,37.25,54.26,1.4566
slovenia,g13_00017_17.tif,6639759,4.1476,6.0087,19.27,20.74,1.0763
slovenia,g13_00017_17.tif,6647091,4.1476,6.0087,53.8,57.31,1.0652
slovenia,g13_00017_17.tif,6647092,4.1476,6.0087,28.97,39.66,1.369
slovenia,g13_00017_17.tif,6658340,4.1476,6.0087,70.82,100.56,1.4199
slovenia,g13_00017_17.tif,6658343,4.1476,6.0087,69.9,71.47,1.0225
slovenia,g13_00017_17.tif,6668555,4.1476,6.0087,120.3,145.65,1.2107
slovenia,g13_00017_17.tif,6668562,4.1476,6.0087,19.27,23.49,1.219
slovenia,g13_00017_17.tif,6676156,4.1476,6.0087,20.69,30.45,1.4717
slovenia,g13_00017_17.tif,6676158,4.1476,6.0087,70.82,97.56,1.3776
slovenia,g13_00017_17.tif,6676159,4.1476,6.0087,46.21,64.49,1.3956
slovenia,g13_00017_17.tif,6713230,4.1476,6.0087,62.6,88.43,1.4126
slovenia,g13_00017_17.tif,6717412,4.1476,6.0087,44.13,55.94,1.2676
slovenia,g13_00017_17.tif,6717413,4.1476,6.0087,20.69,30.45,1.4717
slovenia,g13_00017_17.tif,6717423,4.1476,6.0087,42.68,50.81,1.1905
slovenia,g13_00017_17.tif,6717424,4.1476,6.0087,29.99,36.82,1.2277
slovenia,g13_00017_17.tif,6717427,4.1476,6.0087,25.71,32.85,1.2777
slovenia,g13_00017_17.tif,6717437,4.1476,6.0087,38.07,39.03,1.0252
slovenia,g13_00017_17.tif,6846301,4.1476,6.0087,45.53,54.26,1.1917
slovenia,g13_00017_17.tif,6846303,4.1476,6.0087,32.88,43.79,1.3318
slovenia,g13_00017_17.tif,6846341,4.1476,6.0087,45.53,67.96,1.4926
slovenia,g13_00017_17.tif,6846357,4.1476,6.0087,4.14,4.15,1.0024
slovenia,g13_00017_17.tif,6853088,4.1476,6.0087,85.01,90.21,1.0612
slovenia,g13_00017_17.tif,6853106,4.1476,6.0087,14.37,21.28,1.4809
slovenia,g13_00017_17.tif,6881114,4.1476,6.0087,86.91,95.39,1.0976
slovenia,g13_00017_17.tif,6940227,4.1476,6.0087,78.63,99.64,1.2672
slovenia,g13_00017_17.tif,6940228,4.1476,6.0087,62.08,63.29,1.0195
slovenia,g13_00017_18.tif,6084205,4.1476,6.0087,37.25,43.79,1.1756
slovenia,g13_00017_18.tif,6084321,4.1476,6.0087,72.17,88.43,1.2253
slovenia,g13_00017_18.tif,6084429,4.1476,6.0087,12.42,19.89,1.6014
slovenia,g13_00017_18.tif,6092954,4.1476,6.0087,78.63,104.01,1.3228
slovenia,g13_00017_18.tif,6092968,4.1476,6.0087,12.42,19.89,1.6014
slovenia,g13_00017_18.tif,6092971,4.1476,6.0087,22.04,23.49,1.0658
slovenia,g13_00017_18.tif,6092977,4.1476,6.0087,20.69,31.9,1.5418
slovenia,g13_00017_18.tif,6092979,4.1476,6.0087,19.27,23.49,1.219
slovenia,g13_00017_18.tif,6108633,4.1476,6.0087,44.13,54.26,1.2295
slovenia,g13_00017_18.tif,6109207,4.1476,6.0087,20.69,31.9,1.5418
slovenia,g13_00017_18.tif,6109287,4.1476,6.0087,19.27,25.06,1.3005
slovenia,g13_00017_18.tif,6109328,4.1476,6.0087,37.25,55.94,1.5017
slovenia,g13_00017_18.tif,6109658,4.1476,6.0087,45.53,57.31,1.2587
slovenia,g13_00017_18.tif,6112017,4.1476,6.0087,30.98,36.82,1.1885
slovenia,g13_00017_18.tif,6112019,4.1476,6.0087,7.57,10.45,1.3804
slovenia,g13_00017_18.tif,6112020,4.1476,6.0087,4.14,4.15,1.0024
slovenia,g13_00017_18.tif,6112022,4.1476,6.0087,29.99,31.14,1.0383
slovenia,g13_00017_18.tif,6112905,4.1476,6.0087,37.25,49.98,1.3417
slovenia,g13_00017_18.tif,6131465,4.1476,6.0087,62.08,91.99,1.4818
slovenia,g13_00017_18.tif,6131467,4.1476,6.0087,62.6,77.79,1.2427
slovenia,g13_00017_18.tif,6146992,4.1476,6.0087,44.13,55.15,1.2497
slovenia,g13_00017_18.tif,6146993,4.1476,6.0087,45.53,67.96,1.4926
slovenia,g13_00017_18.tif,6151740,4.1476,6.0087,25.71,30.45,1.1844
slovenia,g13_00017_18.tif,6151741,4.1476,6.0087,19.27,20.74,1.0763
slovenia,g13_00017_18.tif,6151743,4.1476,6.0087,80.27,112.67,1.4036
slovenia,g13_00017_18.tif,6151793,4.1476,6.0087,28.97,32.85,1.1339
slovenia,g13_00017_18.tif,6164514,4.1476,6.0087,37.25,44.85,1.204
slovenia,g13_00017_18.tif,6164517,4.1476,6.0087,29.99,31.14,1.0383
slovenia,g13_00017_18.tif,6168840,4.1476,6.0087,19.27,20.74,1.0763
slovenia,g13_00017_18.tif,6168893,4.1476,6.0087,67.07,77.79,1.1598
slovenia,g13_00017_18.tif,6168940,4.1476,6.0087,25.71,30.45,1.1844
slovenia,g13_00017_18.tif,6169057,4.1476,6.0087,14.37,16.34,1.1371
slovenia,g13_00017_18.tif,6169713,4.1476,6.0087,37.25,50.81,1.364
slovenia,g13_00017_18.tif,6193417,4.1476,6.0087,22.04,31.9,1.4474
slovenia,g13_00017_18.tif,6212727,4.1476,6.0087,7.57,10.45,1.3804
slovenia,g13_00017_18.tif,6232871,4.1476,6.0087,29.99,36.82,1.2277
slovenia,g13_00017_18.tif,6232876,4.1476,6.0087,12.42,12.44,1.0016
slovenia,g13_00017_18.tif,6232954,4.1476,6.0087,29.99,36.82,1.2277
slovenia,g13_00017_18.tif,6239505,4.1476,6.0087,29.99,44.63,1.4882
slovenia,g13_00017_18.tif,6239507,4.1476,6.0087,44.13,51.12,1.1584
slovenia,g13_00017_18.tif,6239509,4.1476,6.0087,14.37,16.34,1.1371
slovenia,g13_00017_18.tif,6239511,4.1476,6.0087,7.57,10.45,1.3804
slovenia,g13_00017_18.tif,6239512,4.1476,6.0087,22.04,30.45,1.3816
slovenia,g13_00017_18.tif,6239524,4.1476,6.0087,12.42,16.34,1.3156
slovenia,g13_00017_18.tif,6239528,4.1476,6.0087,19.27,25.06,1.3005
slovenia,g13_00017_18.tif,6239746,4.1476,6.0087,20.69,31.9,1.5418
slovenia,g13_00017_18.tif,6297786,4.1476,6.0087,14.37,21.28,1.4809
slovenia,g13_00017_18.tif,6297788,4.1476,6.0087,12.42,19.89,1.6014
slovenia,g13_00017_18.tif,6297790,4.1476,6.0087,19.27,21.28,1.1043
slovenia,g13_00017_18.tif,6297791,4.1476,6.0087,12.42,12.44,1.0016
slovenia,g13_00017_18.tif,6297926,4.1476,6.0087,115.24,158.24,1.3731
slovenia,g13_00017_18.tif,6298613,4.1476,6.0087,48.21,64.2,1.3317
slovenia,g13_00017_18.tif,6298617,4.1476,6.0087,40.44,54.26,1.3417
slovenia,g13_00017_18.tif,6298624,4.1476,6.0087,7.57,10.45,1.3804
slovenia,g13_00017_18.tif,6309519,4.1476,6.0087,30.98,43.79,1.4135
slovenia,g13_00017_18.tif,6309520,4.1476,6.0087,42.68,50.81,1.1905
slovenia,g13_00017_18.tif,6373003,4.1476,6.0087,20.69,30.45,1.4717
slovenia,g13_00017_18.tif,6373005,4.1476,6.0087,51.39,68.86,1.3399
slovenia,g13_00017_18.tif,6375580,4.1476,6.0087,7.57,10.45,1.3804
slovenia,g13_00017_18.tif,6375581,4.1476,6.0087,19.27,20.74,1.0763
slovenia,g13_00017_18.tif,6410172,4.1476,6.0087,4.14,7.87,1.901
slovenia,g13_00017_18.tif,6411008,4.1476,6.0087,42.68,50.81,1.1905
slovenia,g13_00017_18.tif,6411743,4.1476,6.0087,54.39,64.2,1.1804
slovenia,g13_00017_18.tif,6500714,4.1476,6.0087,54.39,75.23,1.3832
slovenia,g13_00017_18.tif,6500724,4.1476,6.0087,40.44,43.92,1.0861
slovenia,g13_00017_18.tif,6500731,4.1476,6.0087,32.88,44.85,1.3641
slovenia,g13_00017_18.tif,6500739,4.1476,6.0087,22.04,30.45,1.3816
slovenia,g13_00017_18.tif,6606637,4.1476,6.0087,42.68,47.05,1.1024
slovenia,g13_00017_18.tif,6606662,4.1476,6.0087,42.68,50.81,1.1905
slovenia,g13_00017_18.tif,6606913,4.1476,6.0087,44.13,57.31,1.2987
slovenia,g13_00017_18.tif,6615112,4.1476,6.0087,53.8,55.94,1.0398
slovenia,g13_00017_18.tif,6622108,4.1476,6.0087,20.69,31.9,1.5418
slovenia,g13_00017_18.tif,6630066,4.1476,6.0087,30.98,36.82,1.1885
slovenia,g13_00017_18.tif,6639549,4.1476,6.0087,37.25,49.98,1.3417
slovenia,g13_00017_18.tif,6645614,4.1476,6.0087,30.98,36.82,1.1885
slovenia,g13_00017_18.tif,6704745,4.1476,6.0087,32.88,39.66,1.2062
slovenia,g13_00017_18.tif,6704749,4.1476,6.0087,12.42,19.89,1.6014
slovenia,g13_00017_18.tif,6712320,4.1476,6.0087,37.25,45.62,1.2247
slovenia,g13_00017_18.tif,6713230,4.1476,6.0087,28.97,30.45,1.0511
slovenia,g13_00017_18.tif,6713269,4.1476,6.0087,25.71,30.45,1.1844
slovenia,g13_00017_18.tif,6713276,4.1476,6.0087,14.37,16.34,1.1371
slovenia,g13_00017_18.tif,6713286,4.1476,6.0087,19.27,23.49,1.219
slovenia,g13_00017_18.tif,6714168,4.1476,6.0087,7.57,10.45,1.3804
slovenia,g13_00017_18.tif,6717422,4.1476,6.0087,54.39,59.34,1.091
slovenia,g13_00017_18.tif,6717427,4.1476,6.0087,28.97,30.45,1.0511
slovenia,g13_00017_18.tif,6717449,4.1476,6.0087,51.39,64.49,1.2549
slovenia,g13_00017_18.tif,6717456,4.1476,6.0087,25.71,31.14,1.2112
slovenia,g13_00017_18.tif,6717457,4.1476,6.0087,20.69,31.9,1.5418
slovenia,g13_00017_18.tif,6800797,4.1476,6.0087,46.21,47.05,1.0182
slovenia,g13_00017_18.tif,6800800,4.1476,6.0087,19.27,21.28,1.1043
slovenia,g13_00017_18.tif,6800801,4.1476,6.0087,14.37,16.34,1.1371
slovenia,g13_00017_18.tif,6853092,4.1476,6.0087,66.58,83.47,1.2537
slovenia,g13_00017_18.tif,6853094,4.1476,6.0087,12.42,12.44,1.0016
slovenia,g13_00017_18.tif,6853097,4.1476,6.0087,48.21,64.49,1.3377
slovenia,g13_00017_18.tif,6853113,4.1476,6.0087,14.37,16.34,1.1371
slovenia,g13_00017_18.tif,6862171,4.1476,6.0087,42.68,45.62,1.0689
slovenia,g13_00017_18.tif,6873507,4.1476,6.0087,77.8,93.96,1.2077
slovenia,g13_00017_18.tif,6873509,4.1476,6.0087,20.69,23.49,1.1353
slovenia,g13_00017_18.tif,6873510,4.1476,6.0087,14.37,21.28,1.4809
slovenia,g13_00017_18.tif,6881114,4.1476,6.0087,53.8,62.21,1.1563
slovenia,g13_00017_18.tif,6881124,4.1476,6.0087,64.12,83.47,1.3018
slovenia,g13_00017_18.tif,6944704,4.1476,6.0087,37.25,55.94,1.5017
slovenia,g13_00017_18.tif,6944766,4.1476,6.0087,30.98,36.82,1.1885
slovenia,g13_00017_18.tif,6944796,4.1476,6.0087,20.69,23.49,1.1353
slovenia,g13_00017_18.tif,6955933,4.1476,6.0087,60.51,77.79,1.2856
slovenia,g13_00018_0.tif,6084416,4.1205,6.0087,46.21,62.89,1.361
slovenia,g13_00018_0.tif,6108638,4.1205,6.0087,29.99,30.97,1.0327
slovenia,g13_00018_0.tif,6109333,4.1205,6.0087,22.04,23.37,1.0603
slovenia,g13_00018_0.tif,6109654,4.1205,6.0087,78.63,93.58,1.1901
slovenia,g13_00018_0.tif,6109656,4.1205,6.0087,92.39,117.3,1.2696
slovenia,g13_00018_0.tif,6109658,4.1205,6.0087,20.69,20.6,0.9957
slovenia,g13_00018_0.tif,6109660,4.1205,6.0087,40.44,54.17,1.3395
slovenia,g13_00018_0.tif,6109661,4.1205,6.0087,55.55,63.91,1.1505
slovenia,g13_00018_0.tif,6109663,4.1205,6.0087,14.37,21.29,1.4816
slovenia,g13_00018_0.tif,6109720,4.1205,6.0087,7.57,10.45,1.3804
slovenia,g13_00018_0.tif,6112020,4.1205,6.0087,14.37,16.28,1.1329
slovenia,g13_00018_0.tif,6120345,4.1205,6.0087,7.57,10.45,1.3804
slovenia,g13_00018_0.tif,6131462,4.1205,6.0087,90.24,122.92,1.3621
slovenia,g13_00018_0.tif,6131465,4.1205,6.0087,53.8,62.89,1.169
slovenia,g13_00018_0.tif,6131472,4.1205,6.0087,46.21,64.41,1.3939
slovenia,g13_00018_0.tif,6131477,4.1205,6.0087,25.71,28.84,1.1217
slovenia,g13_00018_0.tif,6131479,4.1205,6.0087,19.27,21.29,1.1048
slovenia,g13_00018_0.tif,6139993,4.1205,6.0087,37.25,49.93,1.3404
slovenia,g13_00018_0.tif,6139998,4.1205,6.0087,40.44,58.19,1.4389
slovenia,g13_00018_0.tif,6140001,4.1205,6.0087,44.13,53.57,1.2139
slovenia,g13_00018_0.tif,6140002,4.1205,6.0087,28.97,43.95,1.5171
slovenia,g13_00018_0.tif,6140004,4.1205,6.0087,12.42,19.91,1.6031
slovenia,g13_00018_0.tif,6168848,4.1205,6.0087,51.39,54.8,1.0664
slovenia,g13_00018_0.tif,6226124,4.1205,6.0087,55.55,61.81,1.1127
slovenia,g13_00018_0.tif,6250816,4.1205,6.0087,44.13,45.33,1.0272
slovenia,g13_00018_0.tif,6279233,4.1205,6.0087,54.39,58.37,1.0732
slovenia,g13_00018_0.tif,6279236,4.1205,6.0087,28.97,35.52,1.2261
slovenia,g13_00018_0.tif,6279360,4.1205,6.0087,46.21,50.86,1.1006
slovenia,g13_00018_0.tif,6279379,4.1205,6.0087,7.57,10.45,1.3804
slovenia,g13_00018_0.tif,6301286,4.1205,6.0087,69.9,78.35,1.1209
slovenia,g13_00018_0.tif,6301290,4.1205,6.0087,62.08,62.89,1.013
slovenia,g13_00018_0.tif,6301291,4.1205,6.0087,29.99,44.65,1.4888
slovenia,g13_00018_0.tif,6301293,4.1205,6.0087,28.97,28.84,0.9955
slovenia,g13_00018_0.tif,6307194,4.1205,6.0087,86.91,103.01,1.1852
slovenia,g13_00018_0.tif,6307196,4.1205,6.0087,38.07,54.17,1.4229
slovenia,g13_00018_0.tif,6307199,4.1205,6.0087,30.98,36.68,1.184
slovenia,g13_00018_0.tif,6307200,4.1205,6.0087,28.97,30.97,1.069
slovenia,g13_00018_0.tif,6307325,4.1205,6.0087,25.71,32.86,1.2781
slovenia,g13_00018_0.tif,6307857,4.1205,6.0087,79.05,108.95,1.3782
slovenia,g13_00018_0.tif,6353375,4.1205,6.0087,28.97,30.36,1.048
slovenia,g13_00018_0.tif,6363218,4.1205,6.0087,70.36,71.02,1.0094
slovenia,g13_00018_0.tif,6375580,4.1205,6.0087,14.37,16.28,1.1329
slovenia,g13_00018_0.tif,6388885,4.1205,6.0087,48.21,57.07,1.1838
slovenia,g13_00018_0.tif,6388891,4.1205,6.0087,44.13,58.19,1.3186
slovenia,g13_00018_0.tif,6388898,4.1205,6.0087,22.04,23.37,1.0603
slovenia,g13_00018_0.tif,6395747,4.1205,6.0087,53.8,68.74,1.2777
slovenia,g13_00018_0.tif,6395752,4.1205,6.0087,28.97,28.84,0.9955
slovenia,g13_00018_0.tif,6395805,4.1205,6.0087,4.14,7.9,1.9082
slovenia,g13_00018_0.tif,6412497,4.1205,6.0087,78.63,78.29,0.9957
slovenia,g13_00018_0.tif,6412501,4.1205,6.0087,20.69,31.93,1.5433
slovenia,g13_00018_0.tif,6412626,4.1205,6.0087,62.6,70.05,1.119
slovenia,g13_00018_0.tif,6412632,4.1205,6.0087,40.44,43.58,1.0776
slovenia,g13_00018_0.tif,6412633,4.1205,6.0087,40.44,43.58,1.0776
slovenia,g13_00018_0.tif,6412733,4.1205,6.0087,20.69,23.37,1.1295
slovenia,g13_00018_0.tif,6448923,4.1205,6.0087,78.63,111.25,1.4149
slovenia,g13_00018_0.tif,6448926,4.1205,6.0087,12.42,12.36,0.9952
slovenia,g13_00018_0.tif,6449043,4.1205,6.0087,25.71,35.52,1.3816
slovenia,g13_00018_0.tif,6454973,4.1205,6.0087,55.55,73.7,1.3267
slovenia,g13_00018_0.tif,6454974,4.1205,6.0087,12.42,16.28,1.3108
slovenia,g13_00018_0.tif,6454976,4.1205,6.0087,19.27,20.6,1.069
slovenia,g13_00018_0.tif,6454977,4.1205,6.0087,53.8,63.91,1.1879
slovenia,g13_00018_0.tif,6454982,4.1205,6.0087,48.21,59.19,1.2278
slovenia,g13_00018_0.tif,6455172,4.1205,6.0087,42.68,50.63,1.1863
slovenia,g13_00018_0.tif,6500699,4.1205,6.0087,106.91,132.95,1.2436
slovenia,g13_00018_0.tif,6500706,4.1205,6.0087,161.41,168.94,1.0467
slovenia,g13_00018_0.tif,6500717,4.1205,6.0087,70.82,78.29,1.1055
slovenia,g13_00018_0.tif,6500733,4.1205,6.0087,12.42,19.91,1.6031
slovenia,g13_00018_0.tif,6500788,4.1205,6.0087,83.85,108.0,1.288
slovenia,g13_00018_0.tif,6500792,4.1205,6.0087,70.36,93.42,1.3277
slovenia,g13_00018_0.tif,6500795,4.1205,6.0087,37.25,37.08,0.9954
slovenia,g13_00018_0.tif,6502777,4.1205,6.0087,12.42,12.36,0.9952
slovenia,g13_00018_0.tif,6508732,4.1205,6.0087,62.6,66.05,1.0551
slovenia,g13_00018_0.tif,6543027,4.1205,6.0087,37.25,37.08,0.9954
slovenia,g13_00018_0.tif,6630066,4.1205,6.0087,4.14,4.12,0.9952
slovenia,g13_00018_0.tif,6639563,4.1205,6.0087,40.44,43.58,1.0776
slovenia,g13_00018_0.tif,6645613,4.1205,6.0087,95.19,122.51,1.287
slovenia,g13_00018_0.tif,6645614,4.1205,6.0087,29.99,36.68,1.2231
slovenia,g13_00018_0.tif,6645632,4.1205,6.0087,37.25,49.93,1.3404
slovenia,g13_00018_0.tif,6645638,4.1205,6.0087,48.21,54.8,1.1367
slovenia,g13_00018_0.tif,6694033,4.1205,6.0087,37.25,37.08,0.9954
slovenia,g13_00018_0.tif,6704689,4.1205,6.0087,129.33,185.42,1.4337
slovenia,g13_00018_0.tif,6704691,4.1205,6.0087,103.47,146.15,1.4125
slovenia,g13_00018_0.tif,6704731,4.1205,6.0087,45.53,45.33,0.9956
slovenia,g13_00018_0.tif,6704734,4.1205,6.0087,37.25,49.93,1.3404
slovenia,g13_00018_0.tif,6704737,4.1205,6.0087,45.53,45.33,0.9956
slovenia,g13_00018_0.tif,6704741,4.1205,6.0087,20.69,31.93,1.5433
slovenia,g13_00018_0.tif,6712308,4.1205,6.0087,12.42,19.91,1.6031
slovenia,g13_00018_0.tif,6712320,4.1205,6.0087,12.42,16.28,1.3108
slovenia,g13_00018_0.tif,6713224,4.1205,6.0087,92.74,95.5,1.0298
slovenia,g13_00018_0.tif,6713227,4.1205,6.0087,12.42,16.28,1.3108
slovenia,g13_00018_0.tif,6713262,4.1205,6.0087,62.08,61.81,0.9957
slovenia,g13_00018_0.tif,6713273,4.1205,6.0087,58.9,73.84,1.2537
slovenia,g13_00018_0.tif,6713276,4.1205,6.0087,14.37,16.28,1.1329
slovenia,g13_00018_0.tif,6713279,4.1205,6.0087,32.88,36.68,1.1156
slovenia,g13_00018_0.tif,6713282,4.1205,6.0087,14.37,16.28,1.1329
slovenia,g13_00018_0.tif,6713283,4.1205,6.0087,12.42,19.91,1.6031
slovenia,g13_00018_0.tif,6718684,4.1205,6.0087,22.04,23.37,1.0603
slovenia,g13_00018_0.tif,6748707,4.1205,6.0087,37.25,37.08,0.9954
slovenia,g13_00018_0.tif,6789601,4.1205,6.0087,62.08,79.18,1.2755
slovenia,g13_00018_0.tif,6789605,4.1205,6.0087,64.12,66.05,1.0301
slovenia,g13_00018_0.tif,6853094,4.1205,6.0087,32.88,36.68,1.1156
slovenia,g13_00018_0.tif,6853114,4.1205,6.0087,79.05,79.16,1.0014
slovenia,g13_00018_0.tif,6859845,4.1205,6.0087,28.97,43.95,1.5171
slovenia,g13_00018_0.tif,6862171,4.1205,6.0087,158.91,193.02,1.2146
slovenia,g13_00018_0.tif,6944702,4.1205,6.0087,29.99,30.97,1.0327
slovenia,g13_00018_0.tif,6944703,4.1205,6.0087,37.25,37.08,0.9954
slovenia,g13_00018_0.tif,7008078,4.1205,6.0087,166.5,202.76,1.2178
slovenia,g13_00018_0.tif,7047230,4.1205,6.0087,28.97,43.58,1.5043
slovenia,g13_00018_12.tif,6220597,4.1215,6.0087,54.39,66.07,1.2147
slovenia,g13_00018_12.tif,6245714,4.1215,6.0087,25.71,35.52,1.3816
slovenia,g13_00018_12.tif,6245715,4.1215,6.0087,14.37,16.28,1.1329
slovenia,g13_00018_12.tif,6309755,4.1215,6.0087,7.57,10.45,1.3804
slovenia,g13_00018_12.tif,6959166,4.1215,6.0087,7.57,10.45,1.3804
slovenia,g13_00020_10.tif,6109665,4.1486,6.0087,12.42,19.89,1.6014
slovenia,g13_00020_10.tif,6112021,4.1486,6.0087,30.98,39.04,1.2602
slovenia,g13_00020_10.tif,6130378,4.1486,6.0087,32.88,44.63,1.3574
slovenia,g13_00020_10.tif,6130379,4.1486,6.0087,25.71,30.45,1.1844
slovenia,g13_00020_10.tif,6143655,4.1486,6.0087,54.39,63.31,1.164
slovenia,g13_00020_10.tif,6143656,4.1486,6.0087,25.71,30.45,1.1844
slovenia,g13_00020_10.tif,6144827,4.1486,6.0087,14.37,16.34,1.1371
slovenia,g13_00020_10.tif,6144829,4.1486,6.0087,42.68,50.81,1.1905
slovenia,g13_00020_10.tif,6144833,4.1486,6.0087,40.44,45.63,1.1283
slovenia,g13_00020_10.tif,6144835,4.1486,6.0087,25.71,30.45,1.1844
slovenia,g13_00020_10.tif,6144850,4.1486,6.0087,14.37,16.34,1.1371
slovenia,g13_00020_10.tif,6146988,4.1486,6.0087,7.57,10.45,1.3804
slovenia,g13_00020_10.tif,6146989,4.1486,6.0087,7.57,10.45,1.3804
slovenia,g13_00020_10.tif,6146994,4.1486,6.0087,32.88,43.8,1.3321
slovenia,g13_00020_10.tif,6207621,4.1486,6.0087,25.71,30.45,1.1844
slovenia,g13_00020_10.tif,6207622,4.1486,6.0087,25.71,29.04,1.1295
slovenia,g13_00020_10.tif,6212691,4.1486,6.0087,29.99,31.15,1.0387
slovenia,g13_00020_10.tif,6212694,4.1486,6.0087,14.37,16.34,1.1371
slovenia,g13_00020_10.tif,6212695,4.1486,6.0087,29.99,36.83,1.2281
slovenia,g13_00020_10.tif,6213421,4.1486,6.0087,32.88,43.8,1.3321
slovenia,g13_00020_10.tif,6213467,4.1486,6.0087,40.44,54.27,1.342
slovenia,g13_00020_10.tif,6213494,4.1486,6.0087,29.99,43.8,1.4605
slovenia,g13_00020_10.tif,6217968,4.1486,6.0087,25.71,29.04,1.1295
slovenia,g13_00020_10.tif,6226111,4.1486,6.0087,37.25,49.98,1.3417
slovenia,g13_00020_10.tif,6226114,4.1486,6.0087,19.27,20.74,1.0763
slovenia,g13_00020_10.tif,6226115,4.1486,6.0087,37.25,45.63,1.225
slovenia,g13_00020_10.tif,6226117,4.1486,6.0087,4.14,7.87,1.901
slovenia,g13_00020_10.tif,6226120,4.1486,6.0087,14.37,16.34,1.1371
slovenia,g13_00020_10.tif,6226121,4.1486,6.0087,19.27,20.74,1.0763
slovenia,g13_00020_10.tif,6226251,4.1486,6.0087,37.25,49.98,1.3417
slovenia,g13_00020_10.tif,6226252,4.1486,6.0087,4.14,7.87,1.901
slovenia,g13_00020_10.tif,6239519,4.1486,6.0087,12.42,12.45,1.0024
slovenia,g13_00020_10.tif,6239520,4.1486,6.0087,12.42,12.45,1.0024
slovenia,g13_00020_10.tif,6239521,4.1486,6.0087,28.97,29.04,1.0024
slovenia,g13_00020_10.tif,6301008,4.1486,6.0087,38.07,43.8,1.1505
slovenia,g13_00020_10.tif,6301012,4.1486,6.0087,20.69,20.74,1.0024
slovenia,g13_00020_10.tif,6307203,4.1486,6.0087,20.69,23.49,1.1353
slovenia,g13_00020_10.tif,6357856,4.1486,6.0087,4.14,7.87,1.901
slovenia,g13_00020_10.tif,6357861,4.1486,6.0087,20.69,29.04,1.4036
slovenia,g13_00020_10.tif,6398484,4.1486,6.0087,25.71,30.45,1.1844
slovenia,g13_00020_10.tif,6398485,4.1486,6.0087,32.88,46.7,1.4203
slovenia,g13_00020_10.tif,6398487,4.1486,6.0087,20.69,20.74,1.0024
slovenia,g13_00020_10.tif,6411748,4.1486,6.0087,25.71,31.15,1.2116
slovenia,g13_00020_10.tif,6411749,4.1486,6.0087,22.04,23.49,1.0658
slovenia,g13_00020_10.tif,6477162,4.1486,6.0087,20.69,29.04,1.4036
slovenia,g13_00020_10.tif,6477163,4.1486,6.0087,12.42,16.34,1.3156
slovenia,g13_00020_10.tif,6477164,4.1486,6.0087,20.69,31.15,1.5056
slovenia,g13_00020_10.tif,6477167,4.1486,6.0087,7.57,10.45,1.3804
slovenia,g13_00020_10.tif,6477168,4.1486,6.0087,14.37,19.89,1.3841
slovenia,g13_00020_10.tif,6477169,4.1486,6.0087,14.37,21.28,1.4809
slovenia,g13_00020_10.tif,6500735,4.1486,6.0087,22.04,31.9,1.4474
slovenia,g13_00020_10.tif,6590947,4.1486,6.0087,12.42,16.34,1.3156
slovenia,g13_00020_10.tif,6602108,4.1486,6.0087,48.86,64.21,1.3142
slovenia,g13_00020_10.tif,6602132,4.1486,6.0087,51.39,64.5,1.2551
slovenia,g13_00020_10.tif,6602142,4.1486,6.0087,44.13,58.19,1.3186
slovenia,g13_00020_10.tif,6602153,4.1486,6.0087,44.13,47.06,1.0664
slovenia,g13_00020_10.tif,6602220,4.1486,6.0087,54.39,64.21,1.1805
slovenia,g13_00020_10.tif,6615093,4.1486,6.0087,40.44,44.85,1.1091
slovenia,g13_00020_10.tif,6615107,4.1486,6.0087,25.71,35.54,1.3823
slovenia,g13_00020_10.tif,6615108,4.1486,6.0087,25.71,35.54,1.3823
slovenia,g13_00020_10.tif,6615115,4.1486,6.0087,19.27,25.06,1.3005
slovenia,g13_00020_10.tif,6625512,4.1486,6.0087,19.27,23.49,1.219
slovenia,g13_00020_10.tif,6656369,4.1486,6.0087,32.88,44.85,1.3641
slovenia,g13_00020_10.tif,6656378,4.1486,6.0087,25.71,35.54,1.3823
slovenia,g13_00020_10.tif,6658338,4.1486,6.0087,20.69,30.45,1.4717
slovenia,g13_00020_10.tif,6685838,4.1486,6.0087,14.37,19.89,1.3841
slovenia,g13_00020_10.tif,6685840,4.1486,6.0087,14.37,21.28,1.4809
slovenia,g13_00020_10.tif,6704705,4.1486,6.0087,69.9,93.41,1.3363
slovenia,g13_00020_10.tif,6704707,4.1486,6.0087,77.38,93.6,1.2096
slovenia,g13_00020_10.tif,6704709,4.1486,6.0087,19.27,25.06,1.3005
slovenia,g13_00020_10.tif,6704711,4.1486,6.0087,29.99,39.66,1.3224
slovenia,g13_00020_10.tif,6713287,4.1486,6.0087,14.37,21.28,1.4809
slovenia,g13_00020_10.tif,6800802,4.1486,6.0087,14.37,21.28,1.4809
slovenia,g13_00020_10.tif,6800804,4.1486,6.0087,12.42,16.34,1.3156
slovenia,g13_00020_10.tif,6833229,4.1486,6.0087,81.08,105.12,1.2965
slovenia,g13_00020_10.tif,6833236,4.1486,6.0087,20.69,31.15,1.5056
slovenia,g13_00020_10.tif,6833689,4.1486,6.0087,37.25,50.81,1.364
slovenia,g13_00020_10.tif,6869043,4.1486,6.0087,66.1,78.77,1.1917
slovenia,g13_00020_10.tif,6881120,4.1486,6.0087,28.97,29.04,1.0024
slovenia,g13_00020_10.tif,6940235,4.1486,6.0087,20.69,23.49,1.1353
slovenia,g13_00020_10.tif,6955930,4.1486,6.0087,85.01,116.03,1.3649
slovenia,g13_00020_10.tif,6955936,4.1486,6.0087,4.14,4.15,1.0024
slovenia,g13_00020_10.tif,6955955,4.1486,6.0087,38.07,54.27,1.4255
slovenia,g13_00020_10.tif,6955968,4.1486,6.0087,38.07,54.27,1.4255
slovenia,g13_00020_10.tif,6955971,4.1486,6.0087,44.13,59.35,1.3449
slovenia,g13_00020_10.tif,6955972,4.1486,6.0087,19.27,21.28,1.1043
slovenia,g13_00020_10.tif,6955974,4.1486,6.0087,7.57,10.45,1.3804
slovenia,g13_00020_10.tif,6955976,4.1486,6.0087,88.4,112.14,1.2686
slovenia,g13_00020_11.tif,6091534,4.1486,6.0087,32.88,36.83,1.1201
slovenia,g13_00020_11.tif,6091535,4.1486,6.0087,30.98,39.66,1.2802
slovenia,g13_00020_11.tif,6091536,4.1486,6.0087,12.42,16.34,1.3156
slovenia,g13_00020_11.tif,6091537,4.1486,6.0087,37.25,54.27,1.4569
slovenia,g13_00020_11.tif,6112021,4.1486,6.0087,4.14,4.15,1.0024
slovenia,g13_00020_11.tif,6125325,4.1486,6.0087,12.42,12.45,1.0024
slovenia,g13_00020_11.tif,6125326,4.1486,6.0087,44.13,58.19,1.3186
slovenia,g13_00020_11.tif,6125328,4.1486,6.0087,7.57,10.45,1.3804
slovenia,g13_00020_11.tif,6149356,4.1486,6.0087,45.53,64.5,1.4166
slovenia,g13_00020_11.tif,6194780,4.1486,6.0087,37.25,43.92,1.1791
slovenia,g13_00020_11.tif,6194781,4.1486,6.0087,12.42,16.34,1.3156
slovenia,g13_00020_11.tif,6202551,4.1486,6.0087,14.37,16.34,1.1371
slovenia,g13_00020_11.tif,6202552,4.1486,6.0087,12.42,12.45,1.0024
slovenia,g13_00020_11.tif,6202553,4.1486,6.0087,14.37,16.34,1.1371
slovenia,g13_00020_11.tif,6212710,4.1486,6.0087,51.39,68.43,1.3316
slovenia,g13_00020_11.tif,6212713,4.1486,6.0087,70.82,104.01,1.4687
slovenia,g13_00020_11.tif,6212719,4.1486,6.0087,44.13,59.35,1.3449
slovenia,g13_00020_11.tif,6212724,4.1486,6.0087,37.25,37.34,1.0024
slovenia,g13_00020_11.tif,6212725,4.1486,6.0087,40.44,50.81,1.2564
slovenia,g13_00020_11.tif,6212727,4.1486,6.0087,56.12,77.81,1.3865
slovenia,g13_00020_11.tif,6226115,4.1486,6.0087,62.08,79.97,1.2882
slovenia,g13_00020_11.tif,6226118,4.1486,6.0087,54.39,68.87,1.2662
slovenia,g13_00020_11.tif,6226120,4.1486,6.0087,28.97,39.66,1.369
slovenia,g13_00020_11.tif,6226356,4.1486,6.0087,67.07,84.66,1.2623
slovenia,g13_00020_11.tif,6226406,4.1486,6.0087,25.71,30.45,1.1844
slovenia,g13_00020_11.tif,6250828,4.1486,6.0087,12.42,12.45,1.0024
slovenia,g13_00020_11.tif,6250829,4.1486,6.0087,7.57,10.45,1.3804
slovenia,g13_00020_11.tif,6304000,4.1486,6.0087,32.88,39.66,1.2062
slovenia,g13_00020_11.tif,6304001,4.1486,6.0087,28.97,35.54,1.2268
slovenia,g13_00020_11.tif,6304731,4.1486,6.0087,53.8,72.13,1.3407
slovenia,g13_00020_11.tif,6304733,4.1486,6.0087,22.04,31.9,1.4474
slovenia,g13_00020_11.tif,6304739,4.1486,6.0087,32.88,44.85,1.3641
slovenia,g13_00020_11.tif,6304808,4.1486,6.0087,4.14,7.87,1.901
slovenia,g13_00020_11.tif,6366435,4.1486,6.0087,37.25,39.04,1.0481
slovenia,g13_00020_11.tif,6366436,4.1486,6.0087,12.42,16.34,1.3156
slovenia,g13_00020_11.tif,6366437,4.1486,6.0087,46.21,51.13,1.1065
slovenia,g13_00020_11.tif,6366438,4.1486,6.0087,46.21,51.13,1.1065
slovenia,g13_00020_11.tif,6399301,4.1486,6.0087,4.14,7.87,1.901
slovenia,g13_00020_11.tif,6399302,4.1486,6.0087,37.25,37.34,1.0024
slovenia,g13_00020_11.tif,6399305,4.1486,6.0087,22.04,23.49,1.0658
slovenia,g13_00020_11.tif,6399482,4.1486,6.0087,12.42,16.34,1.3156
slovenia,g13_00020_11.tif,6475324,4.1486,6.0087,29.99,43.92,1.4645
slovenia,g13_00020_11.tif,6500740,4.1486,6.0087,45.53,59.35,1.3035
slovenia,g13_00020_11.tif,6577590,4.1486,6.0087,4.14,7.87,1.901
slovenia,g13_00020_11.tif,6577591,4.1486,6.0087,19.27,21.28,1.1043
slovenia,g13_00020_11.tif,6577593,4.1486,6.0087,12.42,12.45,1.0024
slovenia,g13_00020_11.tif,6599037,4.1486,6.0087,28.97,43.92,1.5161
slovenia,g13_00020_11.tif,6602195,4.1486,6.0087,51.39,57.32,1.1154
slovenia,g13_00020_11.tif,6615084,4.1486,6.0087,112.92,134.4,1.1902
slovenia,g13_00020_11.tif,6615093,4.1486,6.0087,48.86,62.23,1.2736
slovenia,g13_00020_11.tif,6615099,4.1486,6.0087,48.86,60.89,1.2462
slovenia,g13_00020_11.tif,6615102,4.1486,6.0087,19.27,23.49,1.219
slovenia,g13_00020_11.tif,6615103,4.1486,6.0087,48.21,67.96,1.4097
slovenia,g13_00020_11.tif,6676886,4.1486,6.0087,69.9,77.81,1.1132
slovenia,g13_00020_11.tif,6685843,4.1486,6.0087,25.71,30.45,1.1844
slovenia,g13_00020_11.tif,6686730,4.1486,6.0087,37.25,49.98,1.3417
slovenia,g13_00020_11.tif,6693590,4.1486,6.0087,72.17,78.77,1.0915
slovenia,g13_00020_11.tif,6700486,4.1486,6.0087,60.51,70.53,1.1656
slovenia,g13_00020_11.tif,6741679,4.1486,6.0087,12.42,12.45,1.0024
slovenia,g13_00020_11.tif,6748714,4.1486,6.0087,45.53,53.93,1.1845
slovenia,g13_00020_11.tif,6800015,4.1486,6.0087,20.69,20.74,1.0024
slovenia,g13_00020_11.tif,6800018,4.1486,6.0087,22.04,23.49,1.0658
slovenia,g13_00020_11.tif,6800027,4.1486,6.0087,20.69,30.45,1.4717
slovenia,g13_00020_11.tif,6955936,4.1486,6.0087,42.68,58.19,1.3634
slovenia,g13_00020_11.tif,6955948,4.1486,6.0087,69.9,93.6,1.3391
slovenia,g13_00020_11.tif,6955953,4.1486,6.0087,62.6,77.81,1.243
slovenia,g13_00020_11.tif,6955965,4.1486,6.0087,44.13,55.94,1.2676
slovenia,g13_00020_11.tif,6955967,4.1486,6.0087,37.25,37.34,1.0024
slovenia,g13_00020_12.tif,6091665,4.1215,6.0087,58.9,73.7,1.2513
slovenia,g13_00020_12.tif,6120344,4.1215,6.0087,30.98,36.68,1.184
slovenia,g13_00020_12.tif,6120345,4.1215,6.0087,28.97,28.85,0.9959
slovenia,g13_00020_12.tif,6120347,4.1215,6.0087,19.27,20.61,1.0695
slovenia,g13_00020_12.tif,6120348,4.1215,6.0087,4.14,7.9,1.9082
slovenia,g13_00020_12.tif,6120349,4.1215,6.0087,14.37,16.28,1.1329
slovenia,g13_00020_12.tif,6131482,4.1215,6.0087,12.42,16.28,1.3108
slovenia,g13_00020_12.tif,6131483,4.1215,6.0087,14.37,16.28,1.1329
slovenia,g13_00020_12.tif,6131488,4.1215,6.0087,19.27,25.02,1.2984
slovenia,g13_00020_12.tif,6140287,4.1215,6.0087,19.27,23.37,1.2128
slovenia,g13_00020_12.tif,6140289,4.1215,6.0087,29.99,36.68,1.2231
slovenia,g13_00020_12.tif,6140342,4.1215,6.0087,54.39,64.85,1.1923
slovenia,g13_00020_12.tif,6144834,4.1215,6.0087,48.86,63.92,1.3082
slovenia,g13_00020_12.tif,6149353,4.1215,6.0087,85.01,103.04,1.2121
slovenia,g13_00020_12.tif,6149355,4.1215,6.0087,28.97,30.36,1.048
slovenia,g13_00020_12.tif,6190872,4.1215,6.0087,19.27,25.02,1.2984
slovenia,g13_00020_12.tif,6207600,4.1215,6.0087,28.97,35.52,1.2261
slovenia,g13_00020_12.tif,6207601,4.1215,6.0087,12.42,12.36,0.9952
slovenia,g13_00020_12.tif,6207602,4.1215,6.0087,37.25,50.64,1.3595
slovenia,g13_00020_12.tif,6207620,4.1215,6.0087,22.04,23.37,1.0603
slovenia,g13_00020_12.tif,6207654,4.1215,6.0087,12.42,12.36,0.9952
slovenia,g13_00020_12.tif,6211399,4.1215,6.0087,74.39,78.31,1.0527
slovenia,g13_00020_12.tif,6254402,4.1215,6.0087,45.53,67.98,1.4931
slovenia,g13_00020_12.tif,6254403,4.1215,6.0087,12.42,19.91,1.6031
slovenia,g13_00020_12.tif,6254404,4.1215,6.0087,14.37,19.91,1.3855
slovenia,g13_00020_12.tif,6254405,4.1215,6.0087,7.57,10.45,1.3804
slovenia,g13_00020_12.tif,6254406,4.1215,6.0087,20.69,23.37,1.1295
slovenia,g13_00020_12.tif,6254407,4.1215,6.0087,12.42,16.28,1.3108
slovenia,g13_00020_12.tif,6254412,4.1215,6.0087,19.27,20.61,1.0695
slovenia,g13_00020_12.tif,6254629,4.1215,6.0087,22.04,25.02,1.1352
slovenia,g13_00020_12.tif,6254648,4.1215,6.0087,22.04,28.85,1.309
slovenia,g13_00020_12.tif,6279236,4.1215,6.0087,19.27,25.02,1.2984
slovenia,g13_00020_12.tif,6279239,4.1215,6.0087,12.42,16.28,1.3108
slovenia,g13_00020_12.tif,6280192,4.1215,6.0087,12.42,19.91,1.6031
slovenia,g13_00020_12.tif,6280251,4.1215,6.0087,12.42,19.91,1.6031
slovenia,g13_00020_12.tif,6284505,4.1215,6.0087,32.88,46.7,1.4203
slovenia,g13_00020_12.tif,6284506,4.1215,6.0087,19.27,25.02,1.2984
slovenia,g13_00020_12.tif,6284507,4.1215,6.0087,29.99,30.97,1.0327
slovenia,g13_00020_12.tif,6302989,4.1215,6.0087,45.53,45.34,0.9958
slovenia,g13_00020_12.tif,6302990,4.1215,6.0087,44.13,46.78,1.06
slovenia,g13_00020_12.tif,6302991,4.1215,6.0087,25.71,28.85,1.1221
slovenia,g13_00020_12.tif,6302994,4.1215,6.0087,29.99,36.68,1.2231
slovenia,g13_00020_12.tif,6302998,4.1215,6.0087,12.42,19.91,1.6031
slovenia,g13_00020_12.tif,6302999,4.1215,6.0087,19.27,20.61,1.0695
slovenia,g13_00020_12.tif,6303000,4.1215,6.0087,14.37,16.28,1.1329
slovenia,g13_00020_12.tif,6303059,4.1215,6.0087,4.14,4.12,0.9952
slovenia,g13_00020_12.tif,6303084,4.1215,6.0087,4.14,7.9,1.9082
slovenia,g13_00020_12.tif,6312254,4.1215,6.0087,37.25,37.09,0.9957
slovenia,g13_00020_12.tif,6312257,4.1215,6.0087,29.99,30.97,1.0327
slovenia,g13_00020_12.tif,6312260,4.1215,6.0087,22.04,28.85,1.309
slovenia,g13_00020_12.tif,6312261,4.1215,6.0087,22.04,28.85,1.309
slovenia,g13_00020_12.tif,6312262,4.1215,6.0087,22.04,25.02,1.1352
slovenia,g13_00020_12.tif,6312263,4.1215,6.0087,7.57,10.45,1.3804
slovenia,g13_00020_12.tif,6312264,4.1215,6.0087,14.37,16.28,1.1329
slovenia,g13_00020_12.tif,6312265,4.1215,6.0087,14.37,16.28,1.1329
slovenia,g13_00020_12.tif,6312266,4.1215,6.0087,32.88,37.09,1.128
slovenia,g13_00020_12.tif,6312267,4.1215,6.0087,19.27,20.61,1.0695
slovenia,g13_00020_12.tif,6347966,4.1215,6.0087,14.37,21.29,1.4816
slovenia,g13_00020_12.tif,6347969,4.1215,6.0087,44.13,50.87,1.1527
slovenia,g13_00020_12.tif,6347971,4.1215,6.0087,20.69,31.93,1.5433
slovenia,g13_00020_12.tif,6347976,4.1215,6.0087,20.69,30.36,1.4674
slovenia,g13_00020_12.tif,6348037,4.1215,6.0087,30.98,36.68,1.184
slovenia,g13_00020_12.tif,6353369,4.1215,6.0087,14.37,21.29,1.4816
slovenia,g13_00020_12.tif,6353373,4.1215,6.0087,22.04,30.36,1.3775
slovenia,g13_00020_12.tif,6353374,4.1215,6.0087,25.71,35.52,1.3816
slovenia,g13_00020_12.tif,6366439,4.1215,6.0087,20.69,20.61,0.9961
slovenia,g13_00020_12.tif,6366443,4.1215,6.0087,28.97,30.97,1.069
slovenia,g13_00020_12.tif,6366444,4.1215,6.0087,12.42,19.91,1.6031
slovenia,g13_00020_12.tif,6366447,4.1215,6.0087,12.42,19.91,1.6031
slovenia,g13_00020_12.tif,6369143,4.1215,6.0087,19.27,23.37,1.2128
slovenia,g13_00020_12.tif,6405375,4.1215,6.0087,151.38,192.52,1.2718
slovenia,g13_00020_12.tif,6405382,4.1215,6.0087,54.39,58.39,1.0735
slovenia,g13_00020_12.tif,6405383,4.1215,6.0087,20.69,23.37,1.1295
slovenia,g13_00020_12.tif,6405384,4.1215,6.0087,40.44,49.94,1.2349
slovenia,g13_00020_12.tif,6410196,4.1215,6.0087,85.01,116.05,1.3651
slovenia,g13_00020_12.tif,6410205,4.1215,6.0087,48.21,61.82,1.2823
slovenia,g13_00020_12.tif,6410207,4.1215,6.0087,19.27,25.02,1.2984
slovenia,g13_00020_12.tif,6410208,4.1215,6.0087,14.37,20.61,1.4342
slovenia,g13_00020_12.tif,6474341,4.1215,6.0087,66.1,83.32,1.2605
slovenia,g13_00020_12.tif,6474344,4.1215,6.0087,32.88,36.68,1.1156
slovenia,g13_00020_12.tif,6474345,4.1215,6.0087,4.14,4.12,0.9952
slovenia,g13_00020_12.tif,6474350,4.1215,6.0087,22.04,31.93,1.4487
slovenia,g13_00020_12.tif,6486267,4.1215,6.0087,38.07,56.53,1.4849
slovenia,g13_00020_12.tif,6500726,4.1215,6.0087,28.97,39.6,1.3669
slovenia,g13_00020_12.tif,6500728,4.1215,6.0087,44.13,50.64,1.1475
slovenia,g13_00020_12.tif,6500733,4.1215,6.0087,45.53,55.97,1.2293
slovenia,g13_00020_12.tif,6500736,4.1215,6.0087,14.37,16.28,1.1329
slovenia,g13_00020_12.tif,6500740,4.1215,6.0087,37.25,44.73,1.2008
slovenia,g13_00020_12.tif,6500788,4.1215,6.0087,12.42,19.91,1.6031
slovenia,g13_00020_12.tif,6500792,4.1215,6.0087,4.14,7.9,1.9082
slovenia,g13_00020_12.tif,6501079,4.1215,6.0087,72.17,91.3,1.2651
slovenia,g13_00020_12.tif,6501103,4.1215,6.0087,62.6,79.18,1.2649
slovenia,g13_00020_12.tif,6501575,4.1215,6.0087,4.14,4.12,0.9952
slovenia,g13_00020_12.tif,6577595,4.1215,6.0087,14.37,21.29,1.4816
slovenia,g13_00020_12.tif,6584508,4.1215,6.0087,19.27,23.37,1.2128
slovenia,g13_00020_12.tif,6590936,4.1215,6.0087,4.14,4.12,0.9952
slovenia,g13_00020_12.tif,6590943,4.1215,6.0087,28.97,43.95,1.5171
slovenia,g13_00020_12.tif,6590944,4.1215,6.0087,12.42,19.91,1.6031
slovenia,g13_00020_12.tif,6590945,4.1215,6.0087,37.25,38.81,1.0419
slovenia,g13_00020_12.tif,6590946,4.1215,6.0087,19.27,20.61,1.0695
slovenia,g13_00020_12.tif,6599036,4.1215,6.0087,78.63,104.35,1.3271
slovenia,g13_00020_12.tif,6599041,4.1215,6.0087,20.69,30.36,1.4674
slovenia,g13_00020_12.tif,6599058,4.1215,6.0087,4.14,7.9,1.9082
slovenia,g13_00020_12.tif,6600369,4.1215,6.0087,12.42,12.36,0.9952
slovenia,g13_00020_12.tif,6600373,4.1215,6.0087,28.97,43.95,1.5171
slovenia,g13_00020_12.tif,6600377,4.1215,6.0087,28.97,43.95,1.5171
slovenia,g13_00020_12.tif,6611143,4.1215,6.0087,28.97,43.95,1.5171
slovenia,g13_00020_12.tif,6620971,4.1215,6.0087,62.08,92.02,1.4823
slovenia,g13_00020_12.tif,6645631,4.1215,6.0087,51.39,54.82,1.0667
slovenia,g13_00020_12.tif,6685826,4.1215,6.0087,37.25,55.97,1.5026
slovenia,g13_00020_12.tif,6686744,4.1215,6.0087,69.9,80.0,1.1445
slovenia,g13_00020_12.tif,6686755,4.1215,6.0087,20.69,30.36,1.4674
slovenia,g13_00020_12.tif,6700486,4.1215,6.0087,14.37,16.28,1.1329
slovenia,g13_00020_12.tif,6700488,4.1215,6.0087,28.97,43.95,1.5171
slovenia,g13_00020_12.tif,6700492,4.1215,6.0087,42.68,54.17,1.2692
slovenia,g13_00020_12.tif,6704739,4.1215,6.0087,51.39,72.11,1.4032
slovenia,g13_00020_12.tif,6704740,4.1215,6.0087,20.69,31.93,1.5433
slovenia,g13_00020_12.tif,6712308,4.1215,6.0087,131.62,154.45,1.1735
slovenia,g13_00020_12.tif,6741681,4.1215,6.0087,45.53,50.87,1.1173
slovenia,g13_00020_12.tif,6741686,4.1215,6.0087,19.27,20.61,1.0695
slovenia,g13_00020_12.tif,6744783,4.1215,6.0087,70.82,77.48,1.094
slovenia,g13_00020_12.tif,6748705,4.1215,6.0087,37.25,55.97,1.5026
slovenia,g13_00020_12.tif,6748709,4.1215,6.0087,19.27,23.37,1.2128
slovenia,g13_00020_12.tif,6748711,4.1215,6.0087,29.99,36.68,1.2231
slovenia,g13_00020_12.tif,6748712,4.1215,6.0087,19.27,25.02,1.2984
slovenia,g13_00020_12.tif,6748714,4.1215,6.0087,37.25,44.73,1.2008
slovenia,g13_00020_12.tif,6748715,4.1215,6.0087,12.42,19.91,1.6031
slovenia,g13_00020_12.tif,6748716,4.1215,6.0087,25.71,28.85,1.1221
slovenia,g13_00020_12.tif,6748927,4.1215,6.0087,7.57,10.45,1.3804
slovenia,g13_00020_12.tif,6867825,4.1215,6.0087,48.21,50.87,1.0552
slovenia,g13_00020_12.tif,6867827,4.1215,6.0087,48.21,53.58,1.1114
slovenia,g13_00020_12.tif,6873475,4.1215,6.0087,12.42,16.28,1.3108
slovenia,g13_00020_12.tif,6873483,4.1215,6.0087,28.97,28.85,0.9959
slovenia,g13_00020_12.tif,6873487,4.1215,6.0087,19.27,20.61,1.0695
slovenia,g13_00020_12.tif,6873505,4.1215,6.0087,44.13,45.34,1.0274
slovenia,g13_00020_12.tif,6873506,4.1215,6.0087,53.8,54.82,1.019
slovenia,g13_00020_12.tif,6881235,4.1215,6.0087,29.99,39.6,1.3204
slovenia,g13_00020_12.tif,6955927,4.1215,6.0087,85.39,111.62,1.3072
slovenia,g13_00020_12.tif,7047216,4.1215,6.0087,32.88,46.7,1.4203
slovenia,g13_00020_12.tif,7047230,4.1215,6.0087,29.99,43.95,1.4655
slovenia,g13_00020_12.tif,7047234,4.1215,6.0087,12.42,19.91,1.6031
slovenia,g13_00023_3.tif,6176617,4.1497,5.9694,19.27,20.75,1.0768
slovenia,g13_00023_3.tif,6176621,4.1497,5.9694,14.37,21.13,1.4704
slovenia,g13_00023_3.tif,6176622,4.1497,5.9694,14.37,21.13,1.4704
slovenia,g13_00023_3.tif,6180101,4.1497,5.9694,20.69,20.75,1.0029
slovenia,g13_00023_3.tif,6180102,4.1497,5.9694,14.37,21.13,1.4704
slovenia,g13_00023_3.tif,6180437,4.1497,5.9694,28.97,30.35,1.0476
slovenia,g13_00023_3.tif,6180488,4.1497,5.9694,4.14,4.15,1.0024
slovenia,g13_00023_3.tif,6192938,4.1497,5.9694,7.57,10.39,1.3725
slovenia,g13_00023_3.tif,6192941,4.1497,5.9694,37.25,37.35,1.0027
slovenia,g13_00023_3.tif,6192943,4.1497,5.9694,25.71,31.67,1.2318
slovenia,g13_00023_3.tif,6194717,4.1497,5.9694,72.17,78.69,1.0903
slovenia,g13_00023_3.tif,6194718,4.1497,5.9694,60.51,71.05,1.1742
slovenia,g13_00023_3.tif,6194719,4.1497,5.9694,37.25,43.73,1.174
slovenia,g13_00023_3.tif,6194721,4.1497,5.9694,67.07,74.8,1.1153
slovenia,g13_00023_3.tif,6194722,4.1497,5.9694,38.07,50.67,1.331
slovenia,g13_00023_3.tif,6194724,4.1497,5.9694,22.04,23.46,1.0644
slovenia,g13_00023_3.tif,6194725,4.1497,5.9694,37.25,43.73,1.174
slovenia,g13_00023_3.tif,6194761,4.1497,5.9694,7.57,10.39,1.3725
slovenia,g13_00023_3.tif,6195192,4.1497,5.9694,67.07,74.27,1.1074
slovenia,g13_00023_3.tif,6195193,4.1497,5.9694,48.21,59.12,1.2263
slovenia,g13_00023_3.tif,6195197,4.1497,5.9694,28.97,29.05,1.0028
slovenia,g13_00023_3.tif,6195200,4.1497,5.9694,7.57,10.39,1.3725
slovenia,g13_00023_3.tif,6210159,4.1497,5.9694,20.69,20.75,1.0029
slovenia,g13_00023_3.tif,6210160,4.1497,5.9694,7.57,10.39,1.3725
slovenia,g13_00023_3.tif,6214751,4.1497,5.9694,30.98,36.74,1.1859
slovenia,g13_00023_3.tif,6214753,4.1497,5.9694,14.37,16.3,1.1343
slovenia,g13_00023_3.tif,6250570,4.1497,5.9694,70.36,71.29,1.0132
slovenia,g13_00023_3.tif,6250571,4.1497,5.9694,14.37,20.75,1.444
slovenia,g13_00023_3.tif,6250573,4.1497,5.9694,20.69,20.75,1.0029
slovenia,g13_00023_3.tif,6250575,4.1497,5.9694,28.97,37.35,1.2893
slovenia,g13_00023_3.tif,6250576,4.1497,5.9694,12.42,12.45,1.0024
slovenia,g13_00023_3.tif,6283647,4.1497,5.9694,37.25,54.01,1.4499
slovenia,g13_00023_3.tif,6283648,4.1497,5.9694,20.69,23.46,1.1339
slovenia,g13_00023_3.tif,6283651,4.1497,5.9694,19.27,23.46,1.2174
slovenia,g13_00023_3.tif,6283689,4.1497,5.9694,48.21,64.15,1.3306
slovenia,g13_00023_3.tif,6283691,4.1497,5.9694,29.99,31.13,1.038
slovenia,g13_00023_3.tif,6283704,4.1497,5.9694,48.86,57.19,1.1705
slovenia,g13_00023_3.tif,6288707,4.1497,5.9694,19.27,20.75,1.0768
slovenia,g13_00023_3.tif,6288708,4.1497,5.9694,25.71,31.13,1.2108
slovenia,g13_00023_3.tif,6292192,4.1497,5.9694,7.57,10.39,1.3725
slovenia,g13_00023_3.tif,6292193,4.1497,5.9694,19.27,24.93,1.2937
slovenia,g13_00023_3.tif,6292195,4.1497,5.9694,19.27,20.75,1.0768
slovenia,g13_00023_3.tif,6292196,4.1497,5.9694,30.98,39.03,1.2598
slovenia,g13_00023_3.tif,6292333,4.1497,5.9694,45.53,58.66,1.2884
slovenia,g13_00023_3.tif,6292391,4.1497,5.9694,25.71,35.33,1.3742
slovenia,g13_00023_3.tif,6315005,4.1497,5.9694,7.57,10.39,1.3725
slovenia,g13_00023_3.tif,6315006,4.1497,5.9694,19.27,23.46,1.2174
slovenia,g13_00023_3.tif,6341204,4.1497,5.9694,72.17,91.47,1.2674
slovenia,g13_00023_3.tif,6341205,4.1497,5.9694,54.39,63.31,1.164
slovenia,g13_00023_3.tif,6341208,4.1497,5.9694,51.39,64.15,1.2483
slovenia,g13_00023_3.tif,6341209,4.1497,5.9694,29.99,39.47,1.3161
slovenia,g13_00023_3.tif,6341210,4.1497,5.9694,29.99,36.74,1.2251
slovenia,g13_00023_3.tif,6359704,4.1497,5.9694,7.57,10.39,1.3725
slovenia,g13_00023_3.tif,6359705,4.1497,5.9694,37.25,43.73,1.174
slovenia,g13_00023_3.tif,6359706,4.1497,5.9694,14.37,21.13,1.4704
slovenia,g13_00023_3.tif,6359707,4.1497,5.9694,20.69,31.13,1.5046
slovenia,g13_00023_3.tif,6359773,4.1497,5.9694,25.71,29.05,1.1299
slovenia,g13_00023_3.tif,6389679,4.1497,5.9694,32.88,36.74,1.1174
slovenia,g13_00023_3.tif,6389680,4.1497,5.9694,25.71,30.35,1.1805
slovenia,g13_00023_3.tif,6392298,4.1497,5.9694,12.42,19.73,1.5886
slovenia,g13_00023_3.tif,6392299,4.1497,5.9694,20.69,23.46,1.1339
slovenia,g13_00023_3.tif,6408866,4.1497,5.9694,54.39,63.31,1.164
slovenia,g13_00023_3.tif,6456338,4.1497,5.9694,7.57,10.39,1.3725
slovenia,g13_00023_3.tif,6508736,4.1497,5.9694,37.25,50.67,1.3603
slovenia,g13_00023_3.tif,6595950,4.1497,5.9694,48.86,54.01,1.1054
slovenia,g13_00023_3.tif,6599040,4.1497,5.9694,22.04,29.05,1.3181
slovenia,g13_00023_3.tif,6602220,4.1497,5.9694,12.42,19.73,1.5886
slovenia,g13_00023_3.tif,6602240,4.1497,5.9694,46.21,53.95,1.1675
slovenia,g13_00023_3.tif,6602242,4.1497,5.9694,42.68,46.41,1.0874
slovenia,g13_00023_3.tif,6686766,4.1497,5.9694,37.25,37.35,1.0027
slovenia,g13_00023_3.tif,6745274,4.1497,5.9694,37.25,39.47,1.0596
slovenia,g13_00023_3.tif,6751102,4.1497,5.9694,28.97,31.13,1.0746
slovenia,g13_00023_3.tif,6859853,4.1497,5.9694,53.8,60.53,1.1251
slovenia,g13_00023_3.tif,6859859,4.1497,5.9694,37.25,55.54,1.491
slovenia,g13_00023_3.tif,6859871,4.1497,5.9694,28.97,43.61,1.5054
slovenia,g13_00023_3.tif,6859873,4.1497,5.9694,40.44,43.73,1.0814
slovenia,g13_00023_3.tif,6912356,4.1497,5.9694,62.08,83.09,1.3384
slovenia,g13_00023_3.tif,7051287,4.1497,5.9694,48.21,53.95,1.1191
slovenia,g13_00023_3.tif,7051290,4.1497,5.9694,44.13,59.12,1.3397
slovenia,g13_00023_4.tif,6140005,4.1497,5.9694,28.97,29.05,1.0028
slovenia,g13_00023_4.tif,6140007,4.1497,5.9694,14.37,20.75,1.444
slovenia,g13_00023_4.tif,6173757,4.1497,5.9694,14.37,16.3,1.1343
slovenia,g13_00023_4.tif,6173763,4.1497,5.9694,7.57,10.39,1.3725
slovenia,g13_00023_4.tif,6173972,4.1497,5.9694,14.37,16.3,1.1343
slovenia,g13_00023_4.tif,6178970,4.1497,5.9694,22.04,29.05,1.3181
slovenia,g13_00023_4.tif,6180099,4.1497,5.9694,19.27,20.75,1.0768
slovenia,g13_00023_4.tif,6210159,4.1497,5.9694,4.14,4.15,1.0024
slovenia,g13_00023_4.tif,6210160,4.1497,5.9694,4.14,4.15,1.0024
slovenia,g13_00023_4.tif,6212184,4.1497,5.9694,86.91,117.44,1.3513
slovenia,g13_00023_4.tif,6238591,4.1497,5.9694,46.21,60.53,1.3099
slovenia,g13_00023_4.tif,6238594,4.1497,5.9694,32.88,39.03,1.187
slovenia,g13_00023_4.tif,6238596,4.1497,5.9694,37.25,39.03,1.0478
slovenia,g13_00023_4.tif,6238597,4.1497,5.9694,12.42,12.45,1.0024
slovenia,g13_00023_4.tif,6254408,4.1497,5.9694,19.27,23.46,1.2174
slovenia,g13_00023_4.tif,6254409,4.1497,5.9694,22.04,32.62,1.48
slovenia,g13_00023_4.tif,6257204,4.1497,5.9694,12.42,16.3,1.3124
slovenia,g13_00023_4.tif,6257205,4.1497,5.9694,20.69,30.35,1.4669
slovenia,g13_00023_4.tif,6257207,4.1497,5.9694,54.39,68.55,1.2603
slovenia,g13_00023_4.tif,6257208,4.1497,5.9694,44.13,51.08,1.1575
slovenia,g13_00023_4.tif,6259769,4.1497,5.9694,7.57,10.39,1.3725
slovenia,g13_00023_4.tif,6259770,4.1497,5.9694,7.57,10.39,1.3725
slovenia,g13_00023_4.tif,6259778,4.1497,5.9694,14.37,21.13,1.4704
slovenia,g13_00023_4.tif,6280193,4.1497,5.9694,19.27,23.46,1.2174
slovenia,g13_00023_4.tif,6280194,4.1497,5.9694,19.27,24.93,1.2937
slovenia,g13_00023_4.tif,6302987,4.1497,5.9694,51.39,71.69,1.395
slovenia,g13_00023_4.tif,6302995,4.1497,5.9694,12.42,16.3,1.3124
slovenia,g13_00023_4.tif,6338983,4.1497,5.9694,20.69,31.67,1.5307
slovenia,g13_00023_4.tif,6345687,4.1497,5.9694,14.37,16.3,1.1343
slovenia,g13_00023_4.tif,6345688,4.1497,5.9694,7.57,10.39,1.3725
slovenia,g13_00023_4.tif,6371419,4.1497,5.9694,37.25,43.61,1.1707
slovenia,g13_00023_4.tif,6371422,4.1497,5.9694,28.97,29.05,1.0028
slovenia,g13_00023_4.tif,6391496,4.1497,5.9694,40.44,54.01,1.3356
slovenia,g13_00023_4.tif,6391497,4.1497,5.9694,37.25,45.65,1.2255
slovenia,g13_00023_4.tif,6391498,4.1497,5.9694,12.42,16.3,1.3124
slovenia,g13_00023_4.tif,6391501,4.1497,5.9694,28.97,36.74,1.2682
slovenia,g13_00023_4.tif,6395062,4.1497,5.9694,70.36,78.84,1.1205
slovenia,g13_00023_4.tif,6395065,4.1497,5.9694,14.37,21.13,1.4704
slovenia,g13_00023_4.tif,6395066,4.1497,5.9694,14.37,21.13,1.4704
slovenia,g13_00023_4.tif,6395068,4.1497,5.9694,25.71,35.33,1.3742
slovenia,g13_00023_4.tif,6395069,4.1497,5.9694,19.27,23.46,1.2174
slovenia,g13_00023_4.tif,6395071,4.1497,5.9694,32.88,46.41,1.4115
slovenia,g13_00023_4.tif,6395072,4.1497,5.9694,32.88,37.35,1.1359
slovenia,g13_00023_4.tif,6395697,4.1497,5.9694,20.69,31.67,1.5307
slovenia,g13_00023_4.tif,6395701,4.1497,5.9694,19.27,20.75,1.0768
slovenia,g13_00023_4.tif,6395704,4.1497,5.9694,28.97,30.35,1.0476
slovenia,g13_00023_4.tif,6395783,4.1497,5.9694,22.04,23.46,1.0644
slovenia,g13_00023_4.tif,6399566,4.1497,5.9694,40.44,54.01,1.3356
slovenia,g13_00023_4.tif,6399567,4.1497,5.9694,7.57,10.39,1.3725
slovenia,g13_00023_4.tif,6399576,4.1497,5.9694,12.42,12.45,1.0024
slovenia,g13_00023_4.tif,6399660,4.1497,5.9694,4.14,7.79,1.8816
slovenia,g13_00023_4.tif,6399775,4.1497,5.9694,14.37,16.3,1.1343
slovenia,g13_00023_4.tif,6411564,4.1497,5.9694,53.8,58.66,1.0903
slovenia,g13_00023_4.tif,6411567,4.1497,5.9694,28.97,43.61,1.5054
slovenia,g13_00023_4.tif,6411569,4.1497,5.9694,48.21,64.1,1.3296
slovenia,g13_00023_4.tif,6411570,4.1497,5.9694,28.97,39.47,1.3624
slovenia,g13_00023_4.tif,6456338,4.1497,5.9694,14.37,21.13,1.4704
slovenia,g13_00023_4.tif,6577594,4.1497,5.9694,32.88,36.74,1.1174
slovenia,g13_00023_4.tif,6584506,4.1497,5.9694,40.44,54.01,1.3356
slovenia,g13_00023_4.tif,6599040,4.1497,5.9694,20.69,24.93,1.2049
slovenia,g13_00023_4.tif,6602068,4.1497,5.9694,70.36,92.79,1.3188
slovenia,g13_00023_4.tif,6602210,4.1497,5.9694,32.88,37.35,1.1359
slovenia,g13_00023_4.tif,6605610,4.1497,5.9694,12.42,12.45,1.0024
slovenia,g13_00023_4.tif,6671275,4.1497,5.9694,25.71,30.35,1.1805
slovenia,g13_00023_4.tif,6676877,4.1497,5.9694,20.69,23.46,1.1339
slovenia,g13_00023_4.tif,6676905,4.1497,5.9694,19.27,21.13,1.0965
slovenia,g13_00023_4.tif,6684241,4.1497,5.9694,28.97,29.05,1.0028
slovenia,g13_00023_4.tif,6684242,4.1497,5.9694,28.97,29.05,1.0028
slovenia,g13_00023_4.tif,6686730,4.1497,5.9694,44.13,51.08,1.1575
slovenia,g13_00023_4.tif,6686733,4.1497,5.9694,66.58,91.72,1.3776
slovenia,g13_00023_4.tif,6686735,4.1497,5.9694,66.58,85.77,1.2882
slovenia,g13_00023_4.tif,6686740,4.1497,5.9694,60.51,71.05,1.1742
slovenia,g13_00023_4.tif,6686747,4.1497,5.9694,4.14,4.15,1.0024
slovenia,g13_00023_4.tif,6686749,4.1497,5.9694,62.08,71.05,1.1445
slovenia,g13_00023_4.tif,6686753,4.1497,5.9694,58.9,78.63,1.335
slovenia,g13_00023_4.tif,6686758,4.1497,5.9694,4.14,4.15,1.0024
slovenia,g13_00023_4.tif,6686777,4.1497,5.9694,37.25,54.01,1.4499
slovenia,g13_00023_4.tif,6686778,4.1497,5.9694,32.88,44.69,1.3592
slovenia,g13_00023_4.tif,6693596,4.1497,5.9694,20.69,31.67,1.5307
slovenia,g13_00023_4.tif,6693599,4.1497,5.9694,20.69,31.67,1.5307
slovenia,g13_00023_4.tif,6718697,4.1497,5.9694,28.97,29.05,1.0028
slovenia,g13_00023_4.tif,6718701,4.1497,5.9694,12.42,19.73,1.5886
slovenia,g13_00023_4.tif,6718702,4.1497,5.9694,12.42,19.73,1.5886
slovenia,g13_00023_4.tif,6718711,4.1497,5.9694,25.71,35.33,1.3742
slovenia,g13_00023_4.tif,6718718,4.1497,5.9694,20.69,31.67,1.5307
slovenia,g13_00023_4.tif,6738717,4.1497,5.9694,40.44,44.69,1.1051
slovenia,g13_00023_4.tif,6738730,4.1497,5.9694,37.25,49.71,1.3345
slovenia,g13_00023_4.tif,6741682,4.1497,5.9694,32.88,43.73,1.33
slovenia,g13_00023_4.tif,6744786,4.1497,5.9694,62.08,62.25,1.0027
slovenia,g13_00023_4.tif,6751102,4.1497,5.9694,20.69,23.46,1.1339
slovenia,g13_00023_4.tif,6873504,4.1497,5.9694,19.27,23.46,1.2174
slovenia,g13_00023_4.tif,6881129,4.1497,5.9694,42.68,57.19,1.34
slovenia,g13_00023_4.tif,6947332,4.1497,5.9694,70.36,95.44,1.3565
slovenia,g13_00023_4.tif,7077940,4.1497,5.9694,29.99,39.47,1.3161
slovenia,g13_00023_4.tif,7077946,4.1497,5.9694,22.04,30.35,1.377
slovenia,g13_00023_5.tif,6116416,4.1225,5.9694,20.69,30.95,1.4959
slovenia,g13_00023_5.tif,6125329,4.1225,5.9694,12.42,12.37,0.996
slovenia,g13_00023_5.tif,6125330,4.1225,5.9694,28.97,28.86,0.9962
slovenia,g13_00023_5.tif,6131440,4.1225,5.9694,29.99,39.41,1.3141
slovenia,g13_00023_5.tif,6131443,4.1225,5.9694,32.88,38.8,1.18
slovenia,g13_00023_5.tif,6178961,4.1225,5.9694,32.88,46.4,1.4112
slovenia,g13_00023_5.tif,6178970,4.1225,5.9694,28.97,35.31,1.2188
slovenia,g13_00023_5.tif,6179104,4.1225,5.9694,37.25,55.57,1.4918
slovenia,g13_00023_5.tif,6207600,4.1225,5.9694,53.8,70.08,1.3026
slovenia,g13_00023_5.tif,6207602,4.1225,5.9694,28.97,43.63,1.506
slovenia,g13_00023_5.tif,6207654,4.1225,5.9694,7.57,10.39,1.3725
slovenia,g13_00023_5.tif,6211404,4.1225,5.9694,29.99,39.41,1.3141
slovenia,g13_00023_5.tif,6211405,4.1225,5.9694,12.42,19.76,1.591
slovenia,g13_00023_5.tif,6211407,4.1225,5.9694,48.86,64.08,1.3115
slovenia,g13_00023_5.tif,6211409,4.1225,5.9694,32.88,43.52,1.3236
slovenia,g13_00023_5.tif,6211411,4.1225,5.9694,22.04,31.69,1.4378
slovenia,g13_00023_5.tif,6259219,4.1225,5.9694,51.39,71.66,1.3944
slovenia,g13_00023_5.tif,6259221,4.1225,5.9694,70.36,74.74,1.0623
slovenia,g13_00023_5.tif,6259223,4.1225,5.9694,28.97,28.86,0.9962
slovenia,g13_00023_5.tif,6259224,4.1225,5.9694,25.71,28.86,1.1225
slovenia,g13_00023_5.tif,6259762,4.1225,5.9694,62.08,61.84,0.9961
slovenia,g13_00023_5.tif,6259778,4.1225,5.9694,25.71,30.26,1.177
slovenia,g13_00023_5.tif,6259779,4.1225,5.9694,60.51,74.74,1.2352
slovenia,g13_00023_5.tif,6259780,4.1225,5.9694,62.08,73.83,1.1893
slovenia,g13_00023_5.tif,6259783,4.1225,5.9694,45.53,67.51,1.4828
slovenia,g13_00023_5.tif,6259785,4.1225,5.9694,25.71,28.86,1.1225
slovenia,g13_00023_5.tif,6259787,4.1225,5.9694,19.27,20.61,1.0695
slovenia,g13_00023_5.tif,6259876,4.1225,5.9694,12.42,12.37,0.996
slovenia,g13_00023_5.tif,6318753,4.1225,5.9694,53.8,53.59,0.9961
slovenia,g13_00023_5.tif,6323636,4.1225,5.9694,48.21,53.59,1.1116
slovenia,g13_00023_5.tif,6323637,4.1225,5.9694,37.25,37.1,0.996
slovenia,g13_00023_5.tif,6338981,4.1225,5.9694,37.25,44.57,1.1965
slovenia,g13_00023_5.tif,6338982,4.1225,5.9694,22.04,30.26,1.373
slovenia,g13_00023_5.tif,6338984,4.1225,5.9694,28.97,38.8,1.3393
slovenia,g13_00023_5.tif,6347965,4.1225,5.9694,46.21,67.98,1.4711
slovenia,g13_00023_5.tif,6351936,4.1225,5.9694,38.07,53.59,1.4077
slovenia,g13_00023_5.tif,6351948,4.1225,5.9694,20.69,20.61,0.9961
slovenia,g13_00023_5.tif,6371419,4.1225,5.9694,46.21,67.51,1.4609
slovenia,g13_00023_5.tif,6375576,4.1225,5.9694,54.39,70.79,1.3015
slovenia,g13_00023_5.tif,6375583,4.1225,5.9694,20.69,28.86,1.3949
slovenia,g13_00023_5.tif,6375584,4.1225,5.9694,12.42,19.76,1.591
slovenia,g13_00023_5.tif,6375585,4.1225,5.9694,30.98,44.34,1.4312
slovenia,g13_00023_5.tif,6389673,4.1225,5.9694,86.91,97.66,1.1237
slovenia,g13_00023_5.tif,6484412,4.1225,5.9694,28.97,28.86,0.9962
slovenia,g13_00023_5.tif,6577594,4.1225,5.9694,19.27,20.61,1.0695
slovenia,g13_00023_5.tif,6657943,4.1225,5.9694,12.42,12.37,0.996
slovenia,g13_00023_5.tif,6676861,4.1225,5.9694,37.25,45.35,1.2174
slovenia,g13_00023_5.tif,6676873,4.1225,5.9694,62.08,62.91,1.0134
slovenia,g13_00023_5.tif,6676877,4.1225,5.9694,72.17,97.44,1.3501
slovenia,g13_00023_5.tif,6676881,4.1225,5.9694,51.39,54.81,1.0665
slovenia,g13_00023_5.tif,6676902,4.1225,5.9694,53.8,71.66,1.332
slovenia,g13_00023_5.tif,6676904,4.1225,5.9694,53.8,67.51,1.2548
slovenia,g13_00023_5.tif,6676905,4.1225,5.9694,25.71,35.31,1.3734
slovenia,g13_00023_5.tif,6676906,4.1225,5.9694,19.27,23.34,1.2112
slovenia,g13_00023_5.tif,6686701,4.1225,5.9694,20.69,20.61,0.9961
slovenia,g13_00023_5.tif,6686705,4.1225,5.9694,55.55,79.45,1.4302
slovenia,g13_00023_5.tif,6686716,4.1225,5.9694,82.28,111.95,1.3606
slovenia,g13_00023_5.tif,6686726,4.1225,5.9694,70.82,71.04,1.0031
slovenia,g13_00023_5.tif,6686727,4.1225,5.9694,81.08,93.39,1.1518
slovenia,g13_00023_5.tif,6686740,4.1225,5.9694,12.42,12.37,0.996
slovenia,g13_00023_5.tif,6686747,4.1225,5.9694,55.55,62.91,1.1325
slovenia,g13_00023_5.tif,6686758,4.1225,5.9694,28.97,28.86,0.9962
slovenia,g13_00023_5.tif,6686760,4.1225,5.9694,40.44,43.52,1.0762
slovenia,g13_00023_5.tif,6686762,4.1225,5.9694,25.71,30.26,1.177
slovenia,g13_00023_5.tif,6686775,4.1225,5.9694,37.25,55.57,1.4918
slovenia,g13_00023_5.tif,6686837,4.1225,5.9694,87.29,94.82,1.0863
slovenia,g13_00023_5.tif,6686876,4.1225,5.9694,80.27,85.77,1.0685
slovenia,g13_00023_5.tif,6712317,4.1225,5.9694,83.85,107.64,1.2837
slovenia,g13_00023_5.tif,6712325,4.1225,5.9694,28.97,43.63,1.506
slovenia,g13_00023_5.tif,6712638,4.1225,5.9694,44.13,46.77,1.0598
slovenia,g13_00023_5.tif,6717435,4.1225,5.9694,38.07,56.14,1.4747
slovenia,g13_00023_5.tif,6718711,4.1225,5.9694,40.44,49.66,1.228
slovenia,g13_00023_5.tif,6744778,4.1225,5.9694,20.69,31.69,1.5317
slovenia,g13_00023_5.tif,6873466,4.1225,5.9694,78.63,103.33,1.3141
slovenia,g13_00023_5.tif,6873508,4.1225,5.9694,58.9,73.41,1.2463
slovenia,g13_00023_5.tif,6876739,4.1225,5.9694,12.42,12.37,0.996
slovenia,g13_00023_5.tif,6876740,4.1225,5.9694,12.42,12.37,0.996
slovenia,g13_00023_5.tif,6947279,4.1225,5.9694,92.74,120.8,1.3026
slovenia,g13_00023_5.tif,6947352,4.1225,5.9694,45.53,60.49,1.3286
slovenia,g13_00023_5.tif,6947412,4.1225,5.9694,45.53,56.95,1.2508
slovenia,g13_00026_17.tif,6593532,4.1518,6.0087,12.42,19.88,1.6006
slovenia,g13_00026_17.tif,6593730,4.1518,6.0087,12.42,19.88,1.6006
slovenia,g13_00026_18.tif,6177380,4.1518,6.0087,12.42,16.35,1.3164
slovenia,g13_00026_18.tif,6177382,4.1518,6.0087,7.57,10.46,1.3818
slovenia,g13_00026_18.tif,6230989,4.1518,6.0087,7.57,10.46,1.3818
slovenia,g13_00026_18.tif,6230991,4.1518,6.0087,14.37,16.35,1.1378
slovenia,g13_00026_18.tif,6396910,4.1518,6.0087,14.37,16.35,1.1378
slovenia,g13_00026_18.tif,6483481,4.1518,6.0087,12.42,12.46,1.0032
slovenia,g13_00026_18.tif,6593537,4.1518,6.0087,7.57,10.46,1.3818
slovenia,g13_00029_10.tif,6253290,4.1528,6.0087,19.27,25.06,1.3005
slovenia,g13_00029_10.tif,6261267,4.1528,6.0087,20.69,20.76,1.0034
slovenia,g13_00029_10.tif,6854894,4.1528,6.0087,19.27,23.51,1.22
slovenia,g13_00029_11.tif,6170105,4.1528,6.0087,38.07,55.22,1.4505
slovenia,g13_00029_11.tif,6170106,4.1528,6.0087,19.27,23.51,1.22
slovenia,g13_00029_11.tif,6170107,4.1528,6.0087,12.42,19.88,1.6006
slovenia,g13_00029_11.tif,6172162,4.1528,6.0087,19.27,25.06,1.3005
slovenia,g13_00029_11.tif,6172163,4.1528,6.0087,7.57,10.46,1.3818
slovenia,g13_00029_11.tif,6177382,4.1528,6.0087,20.69,30.47,1.4727
slovenia,g13_00029_11.tif,6243140,4.1528,6.0087,12.42,12.46,1.0032
slovenia,g13_00029_11.tif,6396905,4.1528,6.0087,25.71,30.47,1.1851
slovenia,g13_00029_11.tif,6396906,4.1528,6.0087,37.25,49.99,1.342
slovenia,g13_00029_11.tif,6396907,4.1528,6.0087,20.69,30.47,1.4727
slovenia,g13_00029_11.tif,6396910,4.1528,6.0087,4.14,7.86,1.8986
slovenia,g13_00029_11.tif,6396985,4.1528,6.0087,12.42,19.88,1.6006
slovenia,g13_00029_11.tif,6489830,4.1528,6.0087,12.42,19.88,1.6006
slovenia,g13_00031_14.tif,6139440,4.1539,6.0086,7.57,10.46,1.3818
slovenia,g13_00031_14.tif,6139441,4.1539,6.0086,12.42,12.46,1.0032
slovenia,g13_00031_14.tif,6522422,4.1539,6.0086,40.44,54.28,1.3422
slovenia,g13_00031_14.tif,6522423,4.1539,6.0086,7.57,10.46,1.3818
slovenia,g13_00031_14.tif,6522433,4.1539,6.0086,19.27,23.52,1.2206
slovenia,g13_00031_14.tif,6834016,4.1539,6.0086,14.37,19.88,1.3834
slovenia,g13_00031_14.tif,6834210,4.1539,6.0086,4.14,4.15,1.0024
slovenia,g13_00032_5.tif,6611149,4.1539,6.0086,22.04,29.08,1.3194
slovenia,g13_00032_5.tif,6685069,4.1539,6.0086,28.97,31.9,1.1011
slovenia,g13_00032_5.tif,6787546,4.1539,6.0086,7.57,10.46,1.3818
slovenia,g13_00032_6.tif,6231450,4.1539,6.0086,37.25,46.71,1.254
slovenia,g13_00032_6.tif,6231451,4.1539,6.0086,44.13,59.38,1.3456
slovenia,g13_00032_6.tif,6237426,4.1539,6.0086,14.37,21.28,1.4809
slovenia,g13_00032_6.tif,6289716,4.1539,6.0086,20.69,31.9,1.5418
slovenia,g13_00032_6.tif,6685069,4.1539,6.0086,37.25,37.38,1.0035
slovenia,g13_00032_6.tif,6685636,4.1539,6.0086,19.27,20.77,1.0778
slovenia,g13_00032_7.tif,6204997,4.1539,6.0086,32.88,36.86,1.121
slovenia,g13_00032_7.tif,6204998,4.1539,6.0086,7.57,10.46,1.3818
slovenia,g13_00032_7.tif,6205000,4.1539,6.0086,22.04,23.52,1.0672
slovenia,g13_00032_7.tif,6234310,4.1539,6.0086,29.99,36.86,1.2291
slovenia,g13_00032_7.tif,6235734,4.1539,6.0086,19.27,25.06,1.3005
slovenia,g13_00032_7.tif,6235743,4.1539,6.0086,20.69,25.06,1.2112
slovenia,g13_00032_7.tif,6240851,4.1539,6.0086,19.27,20.77,1.0778
slovenia,g13_00032_7.tif,6276548,4.1539,6.0086,7.57,10.46,1.3818
slovenia,g13_00032_7.tif,6418828,4.1539,6.0086,7.57,10.46,1.3818
slovenia,g13_00032_7.tif,6442954,4.1539,6.0086,20.69,29.08,1.4055
slovenia,g13_00032_7.tif,6442961,4.1539,6.0086,19.27,23.52,1.2206
slovenia,g13_00033_1.tif,6157871,4.1539,6.0086,22.04,23.52,1.0672
slovenia,g13_00033_1.tif,6200452,4.1539,6.0086,51.39,55.23,1.0747
slovenia,g13_00033_1.tif,6200455,4.1539,6.0086,19.27,20.77,1.0778
slovenia,g13_00033_1.tif,6284038,4.1539,6.0086,42.68,47.12,1.104
slovenia,g13_00033_1.tif,6284041,4.1539,6.0086,7.57,10.46,1.3818
slovenia,g13_00033_1.tif,6284042,4.1539,6.0086,12.42,19.88,1.6006
slovenia,g13_00033_1.tif,6284165,4.1539,6.0086,7.57,10.46,1.3818
slovenia,g13_00033_1.tif,6290736,4.1539,6.0086,83.85,91.83,1.0952
slovenia,g13_00033_1.tif,6290738,4.1539,6.0086,51.39,54.0,1.0508
slovenia,g13_00033_1.tif,6290743,4.1539,6.0086,20.69,31.9,1.5418
slovenia,g13_00033_1.tif,6290750,4.1539,6.0086,25.71,29.08,1.1311
slovenia,g13_00033_1.tif,6290752,4.1539,6.0086,14.37,16.35,1.1378
slovenia,g13_00033_1.tif,6290753,4.1539,6.0086,22.04,23.52,1.0672
slovenia,g13_00033_1.tif,6290755,4.1539,6.0086,12.42,19.88,1.6006
slovenia,g13_00033_1.tif,6290756,4.1539,6.0086,22.04,23.52,1.0672
slovenia,g13_00033_1.tif,6290766,4.1539,6.0086,14.37,16.35,1.1378
slovenia,g13_00033_1.tif,6290779,4.1539,6.0086,42.68,47.12,1.104
slovenia,g13_00033_1.tif,6290781,4.1539,6.0086,14.37,20.77,1.4454
slovenia,g13_00033_1.tif,6434904,4.1539,6.0086,44.13,45.69,1.0354
slovenia,g13_00033_1.tif,6434940,4.1539,6.0086,32.88,36.86,1.121
slovenia,g13_00033_1.tif,6434950,4.1539,6.0086,40.44,45.69,1.1298
slovenia,g13_00033_1.tif,6437944,4.1539,6.0086,14.37,19.88,1.3834
slovenia,g13_00033_1.tif,6439232,4.1539,6.0086,14.37,16.35,1.1378
slovenia,g13_00033_1.tif,6439233,4.1539,6.0086,19.27,23.52,1.2206
slovenia,g13_00033_1.tif,6439236,4.1539,6.0086,25.71,29.08,1.1311
slovenia,g13_00033_1.tif,6439837,4.1539,6.0086,7.57,10.46,1.3818
slovenia,g13_00033_1.tif,6439854,4.1539,6.0086,7.57,10.46,1.3818
slovenia,g13_00033_1.tif,6439865,4.1539,6.0086,7.57,10.46,1.3818
slovenia,g13_00033_1.tif,6452221,4.1539,6.0086,29.99,36.86,1.2291
slovenia,g13_00033_1.tif,6462808,4.1539,6.0086,60.51,71.3,1.1783
slovenia,g13_00033_1.tif,6462832,4.1539,6.0086,48.86,57.36,1.174
slovenia,g13_00033_1.tif,6462838,4.1539,6.0086,44.13,47.12,1.0678
slovenia,g13_00033_1.tif,6462841,4.1539,6.0086,19.27,20.77,1.0778
slovenia,g13_00033_1.tif,6462844,4.1539,6.0086,14.37,16.35,1.1378
slovenia,g13_00033_1.tif,6462845,4.1539,6.0086,14.37,16.35,1.1378
slovenia,g13_00033_1.tif,6462870,4.1539,6.0086,14.37,16.35,1.1378
slovenia,g13_00033_1.tif,6476644,4.1539,6.0086,7.57,10.46,1.3818
slovenia,g13_00033_1.tif,6478361,4.1539,6.0086,44.13,45.69,1.0354
slovenia,g13_00033_1.tif,6478362,4.1539,6.0086,32.88,36.86,1.121
slovenia,g13_00033_1.tif,6480932,4.1539,6.0086,40.44,43.84,1.0841
slovenia,g13_00033_1.tif,6480933,4.1539,6.0086,19.27,20.77,1.0778
slovenia,g13_00033_1.tif,6480934,4.1539,6.0086,20.69,31.9,1.5418
slovenia,g13_00033_1.tif,6480937,4.1539,6.0086,12.42,19.88,1.6006
slovenia,g13_00033_1.tif,6481026,4.1539,6.0086,4.14,7.86,1.8986
slovenia,g13_00033_1.tif,6492023,4.1539,6.0086,48.21,51.18,1.0616
slovenia,g13_00033_1.tif,6492028,4.1539,6.0086,20.69,20.77,1.0039
slovenia,g13_00033_1.tif,6492029,4.1539,6.0086,28.97,29.08,1.0038
slovenia,g13_00033_1.tif,6492032,4.1539,6.0086,22.04,23.52,1.0672
slovenia,g13_00033_1.tif,6492040,4.1539,6.0086,20.69,31.9,1.5418
slovenia,g13_00033_1.tif,6492041,4.1539,6.0086,19.27,20.77,1.0778
slovenia,g13_00033_1.tif,6492042,4.1539,6.0086,19.27,25.06,1.3005
slovenia,g13_00033_1.tif,6492045,4.1539,6.0086,4.14,7.86,1.8986
slovenia,g13_00033_1.tif,6492375,4.1539,6.0086,12.42,19.88,1.6006
slovenia,g13_00033_1.tif,6493487,4.1539,6.0086,19.27,20.77,1.0778
slovenia,g13_00033_1.tif,6495415,4.1539,6.0086,32.88,36.86,1.121
slovenia,g13_00033_1.tif,6495417,4.1539,6.0086,29.99,36.86,1.2291
slovenia,g13_00033_1.tif,6495430,4.1539,6.0086,14.37,16.35,1.1378
slovenia,g13_00033_1.tif,6495438,4.1539,6.0086,29.99,31.18,1.0397
slovenia,g13_00033_1.tif,6498782,4.1539,6.0086,85.01,94.09,1.1068
slovenia,g13_00033_1.tif,6498787,4.1539,6.0086,25.71,29.08,1.1311
slovenia,g13_00033_1.tif,6498791,4.1539,6.0086,22.04,23.52,1.0672
slovenia,g13_00033_1.tif,6498802,4.1539,6.0086,14.37,19.88,1.3834
slovenia,g13_00033_1.tif,6498806,4.1539,6.0086,14.37,16.35,1.1378
slovenia,g13_00033_1.tif,6498808,4.1539,6.0086,12.42,12.46,1.0032
slovenia,g13_00033_1.tif,6498811,4.1539,6.0086,14.37,16.35,1.1378
slovenia,g13_00033_1.tif,6503736,4.1539,6.0086,12.42,19.88,1.6006
slovenia,g13_00033_1.tif,6528091,4.1539,6.0086,51.39,57.36,1.1162
slovenia,g13_00033_1.tif,6528097,4.1539,6.0086,12.42,19.88,1.6006
slovenia,g13_00033_1.tif,6528100,4.1539,6.0086,19.27,20.77,1.0778
slovenia,g13_00033_1.tif,6528158,4.1539,6.0086,28.97,31.9,1.1011
slovenia,g13_00033_1.tif,6560118,4.1539,6.0086,12.42,19.88,1.6006
slovenia,g13_00033_1.tif,6560120,4.1539,6.0086,28.97,43.92,1.5161
slovenia,g13_00033_1.tif,6560121,4.1539,6.0086,12.42,19.88,1.6006
slovenia,g13_00033_1.tif,6560123,4.1539,6.0086,19.27,25.06,1.3005
slovenia,g13_00033_1.tif,6562544,4.1539,6.0086,25.71,30.47,1.1851
slovenia,g13_00033_1.tif,6562567,4.1539,6.0086,12.42,12.46,1.0032
slovenia,g13_00033_1.tif,6562574,4.1539,6.0086,12.42,16.35,1.3164
slovenia,g13_00033_1.tif,6562575,4.1539,6.0086,12.42,19.88,1.6006
slovenia,g13_00033_1.tif,6564732,4.1539,6.0086,14.37,16.35,1.1378
slovenia,g13_00033_1.tif,6569859,4.1539,6.0086,19.27,25.06,1.3005
slovenia,g13_00033_1.tif,6569865,4.1539,6.0086,12.42,12.46,1.0032
slovenia,g13_00033_1.tif,6571292,4.1539,6.0086,29.99,31.18,1.0397
slovenia,g13_00033_1.tif,6574956,4.1539,6.0086,12.42,16.35,1.3164
slovenia,g13_00033_1.tif,6585364,4.1539,6.0086,45.53,64.51,1.4169
slovenia,g13_00033_1.tif,6585387,4.1539,6.0086,19.27,20.77,1.0778
slovenia,g13_00033_1.tif,6588394,4.1539,6.0086,20.69,31.9,1.5418
slovenia,g13_00033_1.tif,6596920,4.1539,6.0086,48.21,51.18,1.0616
slovenia,g13_00033_1.tif,6596922,4.1539,6.0086,25.71,30.47,1.1851
slovenia,g13_00033_1.tif,6596927,4.1539,6.0086,25.71,30.47,1.1851
slovenia,g13_00033_1.tif,6599688,4.1539,6.0086,12.42,12.46,1.0032
slovenia,g13_00033_1.tif,6603210,4.1539,6.0086,20.69,20.77,1.0039
slovenia,g13_00033_1.tif,6624910,4.1539,6.0086,19.27,25.06,1.3005
slovenia,g13_00033_1.tif,6624911,4.1539,6.0086,20.69,20.77,1.0039
slovenia,g13_00033_1.tif,6627828,4.1539,6.0086,25.71,35.54,1.3823
slovenia,g13_00033_1.tif,6632755,4.1539,6.0086,19.27,20.77,1.0778
slovenia,g13_00033_1.tif,6642360,4.1539,6.0086,14.37,16.35,1.1378
slovenia,g13_00033_1.tif,6642364,4.1539,6.0086,25.71,35.54,1.3823
slovenia,g13_00033_1.tif,6642365,4.1539,6.0086,14.37,16.35,1.1378
slovenia,g13_00033_1.tif,6642366,4.1539,6.0086,12.42,12.46,1.0032
slovenia,g13_00033_1.tif,6673253,4.1539,6.0086,12.42,19.88,1.6006
slovenia,g13_00033_1.tif,6698171,4.1539,6.0086,12.42,12.46,1.0032
slovenia,g13_00033_1.tif,6712600,4.1539,6.0086,48.21,51.18,1.0616
slovenia,g13_00033_1.tif,6712620,4.1539,6.0086,19.27,20.77,1.0778
slovenia,g13_00033_1.tif,6741716,4.1539,6.0086,51.39,55.23,1.0747
slovenia,g13_00033_1.tif,6753003,4.1539,6.0086,25.71,35.54,1.3823
slovenia,g13_00033_1.tif,6758717,4.1539,6.0086,29.99,31.18,1.0397
slovenia,g13_00033_1.tif,6758719,4.1539,6.0086,58.9,63.39,1.0762
slovenia,g13_00033_1.tif,6758720,4.1539,6.0086,32.88,36.86,1.121
slovenia,g13_00033_1.tif,6758724,4.1539,6.0086,12.42,12.46,1.0032
slovenia,g13_00033_1.tif,6758726,4.1539,6.0086,22.04,23.52,1.0672
slovenia,g13_00033_1.tif,6758730,4.1539,6.0086,12.42,16.35,1.3164
slovenia,g13_00033_1.tif,6758829,4.1539,6.0086,14.37,16.35,1.1378
slovenia,g13_00033_1.tif,6762048,4.1539,6.0086,37.25,54.28,1.4572
slovenia,g13_00033_1.tif,6771200,4.1539,6.0086,25.71,30.47,1.1851
slovenia,g13_00033_1.tif,6775142,4.1539,6.0086,64.12,66.52,1.0374
slovenia,g13_00033_1.tif,6775154,4.1539,6.0086,25.71,29.08,1.1311
slovenia,g13_00033_1.tif,6775161,4.1539,6.0086,12.42,12.46,1.0032
slovenia,g13_00033_1.tif,6777630,4.1539,6.0086,14.37,16.35,1.1378
slovenia,g13_00033_1.tif,6777917,4.1539,6.0086,4.14,7.86,1.8986
slovenia,g13_00033_1.tif,6780576,4.1539,6.0086,51.39,57.36,1.1162
slovenia,g13_00033_1.tif,6780577,4.1539,6.0086,73.95,79.06,1.0691
slovenia,g13_00033_1.tif,6780648,4.1539,6.0086,28.97,43.92,1.5161
slovenia,g13_00033_1.tif,6785709,4.1539,6.0086,58.9,64.27,1.0912
slovenia,g13_00033_1.tif,6785723,4.1539,6.0086,22.04,23.52,1.0672
slovenia,g13_00033_1.tif,6785726,4.1539,6.0086,14.37,16.35,1.1378
slovenia,g13_00033_1.tif,6790115,4.1539,6.0086,14.37,16.35,1.1378
slovenia,g13_00033_1.tif,6790772,4.1539,6.0086,14.37,21.28,1.4809
slovenia,g13_00033_1.tif,6790774,4.1539,6.0086,4.14,4.15,1.0024
slovenia,g13_00033_1.tif,6791316,4.1539,6.0086,4.14,7.86,1.8986
slovenia,g13_00033_1.tif,6791363,4.1539,6.0086,14.37,16.35,1.1378
slovenia,g13_00033_1.tif,6793107,4.1539,6.0086,29.99,31.18,1.0397
slovenia,g13_00033_1.tif,6793110,4.1539,6.0086,14.37,16.35,1.1378
slovenia,g13_00033_1.tif,6808536,4.1539,6.0086,22.04,23.52,1.0672
slovenia,g13_00033_1.tif,6808537,4.1539,6.0086,22.04,23.52,1.0672
slovenia,g13_00033_1.tif,6808540,4.1539,6.0086,25.71,29.08,1.1311
slovenia,g13_00033_1.tif,6808966,4.1539,6.0086,4.14,4.15,1.0024
slovenia,g13_00033_1.tif,6813616,4.1539,6.0086,56.12,81.59,1.4538
slovenia,g13_00033_1.tif,6813617,4.1539,6.0086,66.58,71.58,1.0751
slovenia,g13_00033_1.tif,6813618,4.1539,6.0086,14.37,19.88,1.3834
slovenia,g13_00033_1.tif,6813620,4.1539,6.0086,51.39,54.0,1.0508
slovenia,g13_00033_1.tif,6813626,4.1539,6.0086,28.97,29.08,1.0038
slovenia,g13_00033_1.tif,6813635,4.1539,6.0086,19.27,23.52,1.2206
slovenia,g13_00033_1.tif,6862298,4.1539,6.0086,128.3,164.09,1.279
slovenia,g13_00033_1.tif,6894846,4.1539,6.0086,19.27,20.77,1.0778
slovenia,g13_00033_1.tif,6894847,4.1539,6.0086,22.04,23.52,1.0672
slovenia,g13_00033_1.tif,6894850,4.1539,6.0086,25.71,29.08,1.1311
slovenia,g13_00033_1.tif,6894852,4.1539,6.0086,22.04,23.52,1.0672
slovenia,g13_00033_1.tif,6894854,4.1539,6.0086,14.37,21.28,1.4809
slovenia,g13_00033_1.tif,6894856,4.1539,6.0086,12.42,19.88,1.6006
slovenia,g13_00033_1.tif,6911154,4.1539,6.0086,12.42,19.88,1.6006
slovenia,g13_00033_1.tif,6911158,4.1539,6.0086,32.88,37.38,1.1369
slovenia,g13_00033_1.tif,6911161,4.1539,6.0086,12.42,12.46,1.0032
slovenia,g13_00033_1.tif,6925601,4.1539,6.0086,12.42,19.88,1.6006
slovenia,g13_00033_1.tif,6936026,4.1539,6.0086,19.27,20.77,1.0778
slovenia,g13_00033_1.tif,6936029,4.1539,6.0086,7.57,10.46,1.3818
slovenia,g13_00033_1.tif,6937289,4.1539,6.0086,79.05,106.84,1.3515
slovenia,g13_00033_1.tif,6937290,4.1539,6.0086,62.08,83.58,1.3463
slovenia,g13_00033_1.tif,6950864,4.1539,6.0086,14.37,21.28,1.4809
slovenia,g13_00033_1.tif,6980374,4.1539,6.0086,25.71,30.47,1.1851
slovenia,g13_00033_1.tif,6980375,4.1539,6.0086,14.37,21.28,1.4809
slovenia,g13_00033_1.tif,6980390,4.1539,6.0086,14.37,16.35,1.1378
slovenia,g13_00033_1.tif,6982216,4.1539,6.0086,37.25,55.93,1.5015
slovenia,g13_00033_1.tif,6982218,4.1539,6.0086,53.8,75.24,1.3985
slovenia,g13_00033_1.tif,6982224,4.1539,6.0086,40.44,55.93,1.383
slovenia,g13_00033_1.tif,6982226,4.1539,6.0086,42.68,47.12,1.104
slovenia,g13_00033_1.tif,6982228,4.1539,6.0086,25.71,29.08,1.1311
slovenia,g13_00033_1.tif,6996858,4.1539,6.0086,25.71,30.47,1.1851
slovenia,g13_00033_1.tif,6996862,4.1539,6.0086,22.04,23.52,1.0672
slovenia,g13_00033_1.tif,7003150,4.1539,6.0086,48.21,51.18,1.0616
slovenia,g13_00033_1.tif,7003156,4.1539,6.0086,37.25,55.93,1.5015
slovenia,g13_00033_1.tif,7003186,4.1539,6.0086,25.71,29.08,1.1311
slovenia,g13_00033_1.tif,7003198,4.1539,6.0086,19.27,20.77,1.0778
slovenia,g13_00033_1.tif,7003200,4.1539,6.0086,12.42,19.88,1.6006
slovenia,g13_00033_1.tif,7003202,4.1539,6.0086,22.04,23.52,1.0672
slovenia,g13_00033_1.tif,7003211,4.1539,6.0086,22.04,29.08,1.3194
slovenia,g13_00033_1.tif,7003237,4.1539,6.0086,14.37,21.28,1.4809
slovenia,g13_00033_1.tif,7003239,4.1539,6.0086,14.37,16.35,1.1378
slovenia,g13_00033_1.tif,7003240,4.1539,6.0086,4.14,7.86,1.8986
slovenia,g13_00033_1.tif,7006525,4.1539,6.0086,37.25,39.09,1.0494
slovenia,g13_00033_1.tif,7006542,4.1539,6.0086,25.71,29.08,1.1311
slovenia,g13_00033_1.tif,7020929,4.1539,6.0086,7.57,10.46,1.3818
slovenia,g13_00033_1.tif,7078005,4.1539,6.0086,20.69,31.9,1.5418
slovenia,g13_00033_2.tif,6289857,4.1267,6.0086,22.04,32.86,1.4909
slovenia,g13_00033_2.tif,6290736,4.1267,6.0086,12.42,12.38,0.9968
slovenia,g13_00033_2.tif,6290740,4.1267,6.0086,48.21,50.92,1.0562
slovenia,g13_00033_2.tif,6290752,4.1267,6.0086,25.71,28.89,1.1237
slovenia,g13_00033_2.tif,6290761,4.1267,6.0086,22.04,23.4,1.0617
slovenia,g13_00033_2.tif,6290779,4.1267,6.0086,44.13,50.67,1.1482
slovenia,g13_00033_2.tif,6359391,4.1267,6.0086,22.04,23.4,1.0617
slovenia,g13_00033_2.tif,6434944,4.1267,6.0086,37.25,43.63,1.1713
slovenia,g13_00033_2.tif,6452221,4.1267,6.0086,25.71,30.38,1.1816
slovenia,g13_00033_2.tif,6462831,4.1267,6.0086,40.44,58.19,1.4389
slovenia,g13_00033_2.tif,6462867,4.1267,6.0086,14.37,16.29,1.1336
slovenia,g13_00033_2.tif,6476634,4.1267,6.0086,58.9,68.77,1.1676
slovenia,g13_00033_2.tif,6492023,4.1267,6.0086,44.13,45.39,1.0286
slovenia,g13_00033_2.tif,6492028,4.1267,6.0086,42.68,46.83,1.0972
slovenia,g13_00033_2.tif,6492032,4.1267,6.0086,22.04,23.4,1.0617
slovenia,g13_00033_2.tif,6492037,4.1267,6.0086,25.71,28.89,1.1237
slovenia,g13_00033_2.tif,6492044,4.1267,6.0086,14.37,16.29,1.1336
slovenia,g13_00033_2.tif,6493482,4.1267,6.0086,12.42,12.38,0.9968
slovenia,g13_00033_2.tif,6494428,4.1267,6.0086,19.27,25.03,1.2989
slovenia,g13_00033_2.tif,6494429,4.1267,6.0086,4.14,7.89,1.9058
slovenia,g13_00033_2.tif,6494430,4.1267,6.0086,29.99,44.65,1.4888
slovenia,g13_00033_2.tif,6494572,4.1267,6.0086,12.42,16.29,1.3116
slovenia,g13_00033_2.tif,6495411,4.1267,6.0086,58.9,62.99,1.0694
slovenia,g13_00033_2.tif,6495419,4.1267,6.0086,20.69,31.93,1.5433
slovenia,g13_00033_2.tif,6495426,4.1267,6.0086,37.25,43.63,1.1713
slovenia,g13_00033_2.tif,6495428,4.1267,6.0086,25.71,28.89,1.1237
slovenia,g13_00033_2.tif,6495436,4.1267,6.0086,14.37,16.29,1.1336
slovenia,g13_00033_2.tif,6498790,4.1267,6.0086,22.04,23.4,1.0617
slovenia,g13_00033_2.tif,6498795,4.1267,6.0086,20.69,30.38,1.4683
slovenia,g13_00033_2.tif,6498800,4.1267,6.0086,40.44,43.63,1.0789
slovenia,g13_00033_2.tif,6498814,4.1267,6.0086,51.39,66.14,1.287
slovenia,g13_00033_2.tif,6499508,4.1267,6.0086,19.27,20.63,1.0706
slovenia,g13_00033_2.tif,6503731,4.1267,6.0086,32.88,36.71,1.1165
slovenia,g13_00033_2.tif,6505032,4.1267,6.0086,12.42,19.91,1.6031
slovenia,g13_00033_2.tif,6508455,4.1267,6.0086,48.21,68.45,1.4198
slovenia,g13_00033_2.tif,6510315,4.1267,6.0086,54.39,79.99,1.4707
slovenia,g13_00033_2.tif,6510317,4.1267,6.0086,20.69,30.38,1.4683
slovenia,g13_00033_2.tif,6510500,4.1267,6.0086,20.69,30.38,1.4683
slovenia,g13_00033_2.tif,6510501,4.1267,6.0086,20.69,31.93,1.5433
slovenia,g13_00033_2.tif,6528091,4.1267,6.0086,37.25,45.39,1.2185
slovenia,g13_00033_2.tif,6528158,4.1267,6.0086,60.51,71.03,1.1739
slovenia,g13_00033_2.tif,6560107,4.1267,6.0086,92.74,132.12,1.4246
slovenia,g13_00033_2.tif,6560108,4.1267,6.0086,44.13,50.67,1.1482
slovenia,g13_00033_2.tif,6560112,4.1267,6.0086,14.37,21.29,1.4816
slovenia,g13_00033_2.tif,6561843,4.1267,6.0086,20.69,31.93,1.5433
slovenia,g13_00033_2.tif,6561844,4.1267,6.0086,25.71,30.38,1.1816
slovenia,g13_00033_2.tif,6561845,4.1267,6.0086,22.04,23.4,1.0617
slovenia,g13_00033_2.tif,6562558,4.1267,6.0086,22.04,23.4,1.0617
slovenia,g13_00033_2.tif,6562567,4.1267,6.0086,12.42,12.38,0.9968
slovenia,g13_00033_2.tif,6571283,4.1267,6.0086,20.69,30.38,1.4683
slovenia,g13_00033_2.tif,6576199,4.1267,6.0086,20.69,30.38,1.4683
slovenia,g13_00033_2.tif,6576200,4.1267,6.0086,29.99,44.65,1.4888
slovenia,g13_00033_2.tif,6580325,4.1267,6.0086,37.25,55.96,1.5023
slovenia,g13_00033_2.tif,6580326,4.1267,6.0086,44.13,45.39,1.0286
slovenia,g13_00033_2.tif,6580339,4.1267,6.0086,4.14,7.89,1.9058
slovenia,g13_00033_2.tif,6582875,4.1267,6.0086,44.13,46.83,1.0612
slovenia,g13_00033_2.tif,6583090,4.1267,6.0086,44.13,46.83,1.0612
slovenia,g13_00033_2.tif,6594437,4.1267,6.0086,19.27,25.03,1.2989
slovenia,g13_00033_2.tif,6594440,4.1267,6.0086,19.27,25.03,1.2989
slovenia,g13_00033_2.tif,6594442,4.1267,6.0086,25.71,30.38,1.1816
slovenia,g13_00033_2.tif,6594447,4.1267,6.0086,29.99,36.71,1.2241
slovenia,g13_00033_2.tif,6594452,4.1267,6.0086,20.69,23.4,1.131
slovenia,g13_00033_2.tif,6594516,4.1267,6.0086,40.44,43.63,1.0789
slovenia,g13_00033_2.tif,6594517,4.1267,6.0086,12.42,12.38,0.9968
slovenia,g13_00033_2.tif,6624911,4.1267,6.0086,22.04,28.89,1.3108
slovenia,g13_00033_2.tif,6624914,4.1267,6.0086,4.14,7.89,1.9058
slovenia,g13_00033_2.tif,6629333,4.1267,6.0086,77.38,105.28,1.3606
slovenia,g13_00033_2.tif,6629341,4.1267,6.0086,14.37,21.29,1.4816
slovenia,g13_00033_2.tif,6642357,4.1267,6.0086,38.07,54.19,1.4234
slovenia,g13_00033_2.tif,6712617,4.1267,6.0086,37.25,49.94,1.3407
slovenia,g13_00033_2.tif,6719671,4.1267,6.0086,64.12,93.42,1.457
slovenia,g13_00033_2.tif,6720050,4.1267,6.0086,19.27,25.03,1.2989
slovenia,g13_00033_2.tif,6720053,4.1267,6.0086,37.25,49.94,1.3407
slovenia,g13_00033_2.tif,6720055,4.1267,6.0086,28.97,39.61,1.3673
slovenia,g13_00033_2.tif,6720065,4.1267,6.0086,25.71,32.86,1.2781
slovenia,g13_00033_2.tif,6731665,4.1267,6.0086,37.25,49.94,1.3407
slovenia,g13_00033_2.tif,6752988,4.1267,6.0086,46.21,68.45,1.4813
slovenia,g13_00033_2.tif,6753000,4.1267,6.0086,20.69,31.93,1.5433
slovenia,g13_00033_2.tif,6758721,4.1267,6.0086,20.69,28.89,1.3963
slovenia,g13_00033_2.tif,6762056,4.1267,6.0086,14.37,16.29,1.1336
slovenia,g13_00033_2.tif,6771197,4.1267,6.0086,58.9,62.99,1.0694
slovenia,g13_00033_2.tif,6771199,4.1267,6.0086,62.6,71.03,1.1347
slovenia,g13_00033_2.tif,6771265,4.1267,6.0086,25.71,30.38,1.1816
slovenia,g13_00033_2.tif,6777627,4.1267,6.0086,92.39,97.79,1.0584
slovenia,g13_00033_2.tif,6780541,4.1267,6.0086,22.04,23.4,1.0617
slovenia,g13_00033_2.tif,6780724,4.1267,6.0086,37.25,54.19,1.4548
slovenia,g13_00033_2.tif,6800988,4.1267,6.0086,56.12,72.11,1.2849
slovenia,g13_00033_2.tif,6800994,4.1267,6.0086,19.27,25.03,1.2989
slovenia,g13_00033_2.tif,6800995,4.1267,6.0086,58.9,81.84,1.3895
slovenia,g13_00033_2.tif,6813621,4.1267,6.0086,51.39,53.65,1.044
slovenia,g13_00033_2.tif,6813628,4.1267,6.0086,32.88,36.71,1.1165
slovenia,g13_00033_2.tif,6813634,4.1267,6.0086,37.25,49.94,1.3407
slovenia,g13_00033_2.tif,6862298,4.1267,6.0086,283.79,383.63,1.3518
slovenia,g13_00033_2.tif,6911137,4.1267,6.0086,77.38,106.83,1.3806
slovenia,g13_00033_2.tif,6911142,4.1267,6.0086,95.53,111.72,1.1695
slovenia,g13_00033_2.tif,6911147,4.1267,6.0086,30.98,36.71,1.185
slovenia,g13_00033_2.tif,6911161,4.1267,6.0086,25.71,30.38,1.1816
slovenia,g13_00033_2.tif,6911162,4.1267,6.0086,25.71,28.89,1.1237
slovenia,g13_00033_2.tif,6911166,4.1267,6.0086,22.04,23.4,1.0617
slovenia,g13_00033_2.tif,6950866,4.1267,6.0086,22.04,23.4,1.0617
slovenia,g13_00033_2.tif,6953917,4.1267,6.0086,19.27,20.63,1.0706
slovenia,g13_00033_2.tif,6980376,4.1267,6.0086,19.27,20.63,1.0706
slovenia,g13_00033_2.tif,6980569,4.1267,6.0086,4.14,4.13,0.9976
slovenia,g13_00033_2.tif,6982225,4.1267,6.0086,48.21,50.92,1.0562
slovenia,g13_00033_2.tif,6996859,4.1267,6.0086,20.69,31.01,1.4988
slovenia,g13_00033_2.tif,7003163,4.1267,6.0086,29.99,31.01,1.034
slovenia,g13_00033_2.tif,7003179,4.1267,6.0086,37.25,37.14,0.997
slovenia,g13_00033_2.tif,7003196,4.1267,6.0086,19.27,23.4,1.2143
slovenia,g13_00033_2.tif,7003198,4.1267,6.0086,12.42,12.38,0.9968
slovenia,g13_00033_2.tif,7003211,4.1267,6.0086,28.97,30.38,1.0487
slovenia,g13_00033_2.tif,7003217,4.1267,6.0086,20.69,20.63,0.9971
slovenia,g13_00033_2.tif,7006544,4.1267,6.0086,12.42,12.38,0.9968
slovenia,g13_00033_2.tif,7020538,4.1267,6.0086,20.69,20.63,0.9971
slovenia,g13_00033_3.tif,6104931,4.1539,6.0086,62.6,86.29,1.3784
slovenia,g13_00033_3.tif,6104932,4.1539,6.0086,14.37,16.35,1.1378
slovenia,g13_00033_3.tif,6106320,4.1539,6.0086,14.37,21.28,1.4809
slovenia,g13_00033_3.tif,6106321,4.1539,6.0086,14.37,21.28,1.4809
slovenia,g13_00033_3.tif,6106323,4.1539,6.0086,7.57,10.46,1.3818
slovenia,g13_00033_3.tif,6111046,4.1539,6.0086,22.04,30.47,1.3825
slovenia,g13_00033_3.tif,6127310,4.1539,6.0086,25.71,30.47,1.1851
slovenia,g13_00033_3.tif,6127311,4.1539,6.0086,14.37,21.28,1.4809
slovenia,g13_00033_3.tif,6127313,4.1539,6.0086,19.27,23.52,1.2206
slovenia,g13_00033_3.tif,6127314,4.1539,6.0086,14.37,16.35,1.1378
slovenia,g13_00033_3.tif,6165046,4.1539,6.0086,40.44,50.85,1.2574
slovenia,g13_00033_3.tif,6178495,4.1539,6.0086,7.57,10.46,1.3818
slovenia,g13_00033_3.tif,6190600,4.1539,6.0086,4.14,4.15,1.0024
slovenia,g13_00033_3.tif,6249274,4.1539,6.0086,7.57,10.46,1.3818
slovenia,g13_00033_3.tif,6289861,4.1539,6.0086,25.71,30.47,1.1851
slovenia,g13_00033_3.tif,6370107,4.1539,6.0086,7.57,10.46,1.3818
slovenia,g13_00033_3.tif,6370121,4.1539,6.0086,4.14,7.86,1.8986
slovenia,g13_00033_3.tif,6400449,4.1539,6.0086,29.99,36.86,1.2291
slovenia,g13_00033_3.tif,6400450,4.1539,6.0086,19.27,21.28,1.1043
slovenia,g13_00033_3.tif,6411953,4.1539,6.0086,4.14,7.86,1.8986
slovenia,g13_00033_3.tif,6422454,4.1539,6.0086,25.71,35.54,1.3823
slovenia,g13_00033_3.tif,6428040,4.1539,6.0086,12.42,16.35,1.3164
slovenia,g13_00033_3.tif,6437948,4.1539,6.0086,7.57,10.46,1.3818
slovenia,g13_00033_3.tif,6476634,4.1539,6.0086,37.25,49.99,1.342
slovenia,g13_00033_3.tif,6510099,4.1539,6.0086,20.69,20.77,1.0039
slovenia,g13_00033_3.tif,6510317,4.1539,6.0086,19.27,25.06,1.3005
slovenia,g13_00033_3.tif,6510499,4.1539,6.0086,45.53,60.9,1.3376
slovenia,g13_00033_3.tif,6510500,4.1539,6.0086,14.37,21.28,1.4809
slovenia,g13_00033_3.tif,6557535,4.1539,6.0086,14.37,16.35,1.1378
slovenia,g13_00033_3.tif,6557537,4.1539,6.0086,7.57,10.46,1.3818
slovenia,g13_00033_3.tif,6557538,4.1539,6.0086,14.37,21.28,1.4809
slovenia,g13_00033_3.tif,6557542,4.1539,6.0086,20.69,29.08,1.4055
slovenia,g13_00033_3.tif,6557544,4.1539,6.0086,20.69,23.52,1.1368
slovenia,g13_00033_3.tif,6557546,4.1539,6.0086,4.14,4.15,1.0024
slovenia,g13_00033_3.tif,6558205,4.1539,6.0086,62.6,86.29,1.3784
slovenia,g13_00033_3.tif,6560119,4.1539,6.0086,4.14,7.86,1.8986
slovenia,g13_00033_3.tif,6563744,4.1539,6.0086,37.25,49.99,1.342
slovenia,g13_00033_3.tif,6563745,4.1539,6.0086,14.37,21.28,1.4809
slovenia,g13_00033_3.tif,6571283,4.1539,6.0086,19.27,25.06,1.3005
slovenia,g13_00033_3.tif,6571284,4.1539,6.0086,46.21,60.9,1.3179
slovenia,g13_00033_3.tif,6571285,4.1539,6.0086,28.97,29.08,1.0038
slovenia,g13_00033_3.tif,6571286,4.1539,6.0086,19.27,25.06,1.3005
slovenia,g13_00033_3.tif,6574389,4.1539,6.0086,12.42,16.35,1.3164
slovenia,g13_00033_3.tif,6576194,4.1539,6.0086,14.37,21.28,1.4809
slovenia,g13_00033_3.tif,6576207,4.1539,6.0086,19.27,23.52,1.2206
slovenia,g13_00033_3.tif,6580327,4.1539,6.0086,42.68,50.85,1.1914
slovenia,g13_00033_3.tif,6593209,4.1539,6.0086,20.69,23.52,1.1368
slovenia,g13_00033_3.tif,6593210,4.1539,6.0086,37.25,37.38,1.0035
slovenia,g13_00033_3.tif,6593222,4.1539,6.0086,19.27,20.77,1.0778
slovenia,g13_00033_3.tif,6594430,4.1539,6.0086,12.42,12.46,1.0032
slovenia,g13_00033_3.tif,6594440,4.1539,6.0086,12.42,16.35,1.3164
slovenia,g13_00033_3.tif,6599679,4.1539,6.0086,48.86,59.38,1.2153
slovenia,g13_00033_3.tif,6599682,4.1539,6.0086,66.58,70.62,1.0607
slovenia,g13_00033_3.tif,6599687,4.1539,6.0086,28.97,29.08,1.0038
slovenia,g13_00033_3.tif,6606091,4.1539,6.0086,44.13,57.36,1.2998
slovenia,g13_00033_3.tif,6629333,4.1539,6.0086,12.42,12.46,1.0032
slovenia,g13_00033_3.tif,6629339,4.1539,6.0086,28.97,29.08,1.0038
slovenia,g13_00033_3.tif,6629341,4.1539,6.0086,12.42,19.88,1.6006
slovenia,g13_00033_3.tif,6652346,4.1539,6.0086,25.71,35.54,1.3823
slovenia,g13_00033_3.tif,6652353,4.1539,6.0086,4.14,4.15,1.0024
slovenia,g13_00033_3.tif,6652354,4.1539,6.0086,12.42,16.35,1.3164
slovenia,g13_00033_3.tif,6661024,4.1539,6.0086,25.71,30.47,1.1851
slovenia,g13_00033_3.tif,6661027,4.1539,6.0086,22.04,30.47,1.3825
slovenia,g13_00033_3.tif,6670650,4.1539,6.0086,37.25,49.99,1.342
slovenia,g13_00033_3.tif,6670662,4.1539,6.0086,22.04,30.47,1.3825
slovenia,g13_00033_3.tif,6670671,4.1539,6.0086,19.27,23.52,1.2206
slovenia,g13_00033_3.tif,6670683,4.1539,6.0086,25.71,30.47,1.1851
slovenia,g13_00033_3.tif,6670684,4.1539,6.0086,7.57,10.46,1.3818
slovenia,g13_00033_3.tif,6712617,4.1539,6.0086,32.88,46.71,1.4206
slovenia,g13_00033_3.tif,6712628,4.1539,6.0086,7.57,10.46,1.3818
slovenia,g13_00033_3.tif,6712629,4.1539,6.0086,7.57,10.46,1.3818
slovenia,g13_00033_3.tif,6712630,4.1539,6.0086,4.14,4.15,1.0024
slovenia,g13_00033_3.tif,6719676,4.1539,6.0086,55.55,73.92,1.3307
slovenia,g13_00033_3.tif,6720043,4.1539,6.0086,44.13,58.19,1.3186
slovenia,g13_00033_3.tif,6726961,4.1539,6.0086,22.04,29.08,1.3194
slovenia,g13_00033_3.tif,6726964,4.1539,6.0086,22.04,30.47,1.3825
slovenia,g13_00033_3.tif,6726997,4.1539,6.0086,19.27,23.52,1.2206
slovenia,g13_00033_3.tif,6731241,4.1539,6.0086,7.57,10.46,1.3818
slovenia,g13_00033_3.tif,6731242,4.1539,6.0086,7.57,10.46,1.3818
slovenia,g13_00033_3.tif,6731653,4.1539,6.0086,40.44,55.93,1.383
slovenia,g13_00033_3.tif,6731665,4.1539,6.0086,20.69,29.08,1.4055
slovenia,g13_00033_3.tif,6731669,4.1539,6.0086,51.39,54.0,1.0508
slovenia,g13_00033_3.tif,6731670,4.1539,6.0086,51.39,54.0,1.0508
slovenia,g13_00033_3.tif,6731673,4.1539,6.0086,20.69,20.77,1.0039
slovenia,g13_00033_3.tif,6780728,4.1539,6.0086,37.25,43.84,1.1769
slovenia,g13_00033_3.tif,6800988,4.1539,6.0086,28.97,29.08,1.0038
slovenia,g13_00033_3.tif,6800994,4.1539,6.0086,14.37,21.28,1.4809
slovenia,g13_00033_3.tif,6800999,4.1539,6.0086,29.99,39.67,1.3228
slovenia,g13_00033_3.tif,6813641,4.1539,6.0086,22.04,30.47,1.3825
slovenia,g13_00033_3.tif,6813642,4.1539,6.0086,19.27,23.52,1.2206
slovenia,g13_00033_3.tif,6858389,4.1539,6.0086,19.27,23.52,1.2206
slovenia,g13_00033_3.tif,6858405,4.1539,6.0086,7.57,10.46,1.3818
slovenia,g13_00033_3.tif,6862298,4.1539,6.0086,103.47,112.15,1.0839
slovenia,g13_00033_3.tif,6865965,4.1539,6.0086,44.13,57.36,1.2998
slovenia,g13_00033_3.tif,6903995,4.1539,6.0086,19.27,25.06,1.3005
slovenia,g13_00033_3.tif,6904019,4.1539,6.0086,22.04,30.47,1.3825
slovenia,g13_00033_3.tif,6911140,4.1539,6.0086,106.91,112.77,1.0548
slovenia,g13_00033_3.tif,6911163,4.1539,6.0086,14.37,19.88,1.3834
slovenia,g13_00033_3.tif,6911165,4.1539,6.0086,22.04,30.47,1.3825
slovenia,g13_00033_3.tif,6911177,4.1539,6.0086,29.99,31.18,1.0397
slovenia,g13_00033_3.tif,6953912,4.1539,6.0086,25.71,35.54,1.3823
slovenia,g13_00033_3.tif,6994421,4.1539,6.0086,19.27,25.06,1.3005
slovenia,g13_00033_3.tif,6994459,4.1539,6.0086,12.42,16.35,1.3164
slovenia,g13_00033_3.tif,7017509,4.1539,6.0086,25.71,31.18,1.2128
slovenia,g13_00033_3.tif,7017512,4.1539,6.0086,20.69,20.77,1.0039
slovenia,g13_00033_3.tif,7020481,4.1539,6.0086,54.39,68.89,1.2666
slovenia,g13_00033_3.tif,7020496,4.1539,6.0086,48.86,59.38,1.2153
slovenia,g13_00033_3.tif,7020499,4.1539,6.0086,29.99,39.67,1.3228
slovenia,g13_00033_3.tif,7020503,4.1539,6.0086,37.25,46.71,1.254
slovenia,g13_00033_3.tif,7020526,4.1539,6.0086,14.37,16.35,1.1378
slovenia,g13_00033_3.tif,7020549,4.1539,6.0086,12.42,16.35,1.3164
slovenia,g13_00033_3.tif,7020553,4.1539,6.0086,14.37,16.35,1.1378
slovenia,g13_00033_3.tif,7020560,4.1539,6.0086,7.57,10.46,1.3818
slovenia,g13_00033_3.tif,7020580,4.1539,6.0086,22.04,30.47,1.3825
slovenia,g13_00033_3.tif,7020590,4.1539,6.0086,12.42,19.88,1.6006
slovenia,g13_00033_3.tif,7061531,4.1539,6.0086,25.71,35.54,1.3823
slovenia,g13_00033_3.tif,7061532,4.1539,6.0086,20.69,23.52,1.1368
slovenia,g13_00033_3.tif,7061534,4.1539,6.0086,4.14,7.86,1.8986
slovenia,g13_00033_3.tif,7061535,4.1539,6.0086,12.42,16.35,1.3164
slovenia,g13_00033_3.tif,7080445,4.1539,6.0086,19.27,23.52,1.2206
slovenia,g13_00034_17.tif,6272996,4.1549,6.0086,14.37,19.88,1.3834
slovenia,g13_00034_17.tif,6275152,4.1549,6.0086,48.21,62.32,1.2927
slovenia,g13_00034_17.tif,6275290,4.1549,6.0086,28.97,39.68,1.3697
slovenia,g13_00034_17.tif,6275302,4.1549,6.0086,12.42,16.35,1.3164
slovenia,g13_00034_17.tif,6278770,4.1549,6.0086,14.37,16.35,1.1378
slovenia,g13_00034_17.tif,6600760,4.1549,6.0086,12.42,19.88,1.6006
slovenia,g13_00034_17.tif,6600764,4.1549,6.0086,14.37,20.77,1.4454
slovenia,g13_00034_17.tif,6601907,4.1549,6.0086,20.69,31.9,1.5418
slovenia,g13_00034_17.tif,6601908,4.1549,6.0086,37.25,55.93,1.5015
slovenia,g13_00034_17.tif,6605741,4.1549,6.0086,20.69,31.9,1.5418
slovenia,g13_00034_17.tif,6605743,4.1549,6.0086,19.27,25.07,1.301
slovenia,g13_00034_17.tif,6890624,4.1549,6.0086,4.14,7.86,1.8986
slovenia,g13_00034_17.tif,6890625,4.1549,6.0086,12.42,12.46,1.0032
slovenia,g13_00034_17.tif,6890628,4.1549,6.0086,28.97,39.1,1.3497
slovenia,g13_00034_18.tif,6228950,4.1549,6.0086,30.98,43.84,1.4151
slovenia,g13_00034_18.tif,6600764,4.1549,6.0086,14.37,20.77,1.4454
slovenia,g13_00034_18.tif,6607404,4.1549,6.0086,12.42,16.35,1.3164
slovenia,g13_00034_18.tif,6890625,4.1549,6.0086,14.37,21.28,1.4809
slovenia,g13_00034_18.tif,6890628,4.1549,6.0086,12.42,19.88,1.6006
slovenia,g13_00034_3.tif,6131546,4.1539,6.0086,60.51,71.3,1.1783
slovenia,g13_00034_3.tif,6131548,4.1539,6.0086,86.91,112.77,1.2975
slovenia,g13_00034_3.tif,6131551,4.1539,6.0086,62.08,70.62,1.1376
slovenia,g13_00034_3.tif,6252350,4.1539,6.0086,69.9,91.98,1.3159
slovenia,g13_00034_3.tif,6252351,4.1539,6.0086,92.74,105.22,1.1346
slovenia,g13_00034_3.tif,6252352,4.1539,6.0086,44.13,57.36,1.2998
slovenia,g13_00034_3.tif,6252353,4.1539,6.0086,25.71,29.08,1.1311
slovenia,g13_00034_3.tif,6252354,4.1539,6.0086,14.37,16.35,1.1378
slovenia,g13_00034_3.tif,6326765,4.1539,6.0086,25.71,29.08,1.1311
slovenia,g13_00034_3.tif,6326766,4.1539,6.0086,14.37,16.35,1.1378
slovenia,g13_00034_3.tif,6340002,4.1539,6.0086,44.13,58.19,1.3186
slovenia,g13_00034_3.tif,6340004,4.1539,6.0086,25.71,29.08,1.1311
slovenia,g13_00034_3.tif,6340007,4.1539,6.0086,7.57,10.46,1.3818
slovenia,g13_00034_3.tif,6340009,4.1539,6.0086,25.71,30.47,1.1851
slovenia,g13_00034_3.tif,6340047,4.1539,6.0086,14.37,16.35,1.1378
slovenia,g13_00034_3.tif,6340076,4.1539,6.0086,12.42,19.88,1.6006
slovenia,g13_00034_3.tif,6357335,4.1539,6.0086,28.97,39.67,1.3693
slovenia,g13_00034_3.tif,6357337,4.1539,6.0086,22.04,23.52,1.0672
slovenia,g13_00034_3.tif,6357338,4.1539,6.0086,66.58,70.62,1.0607
slovenia,g13_00034_3.tif,6375640,4.1539,6.0086,29.99,36.86,1.2291
slovenia,g13_00034_3.tif,6429720,4.1539,6.0086,37.25,49.99,1.342
slovenia,g13_00034_3.tif,6429721,4.1539,6.0086,14.37,21.28,1.4809
slovenia,g13_00034_3.tif,6429723,4.1539,6.0086,40.44,43.84,1.0841
slovenia,g13_00034_3.tif,6429736,4.1539,6.0086,12.42,19.88,1.6006
slovenia,g13_00034_3.tif,6431018,4.1539,6.0086,53.8,68.43,1.2719
slovenia,g13_00034_3.tif,6433361,4.1539,6.0086,44.13,47.12,1.0678
slovenia,g13_00034_3.tif,6433362,4.1539,6.0086,42.68,50.85,1.1914
slovenia,g13_00034_3.tif,6433364,4.1539,6.0086,37.25,55.93,1.5015
slovenia,g13_00034_3.tif,6433366,4.1539,6.0086,38.07,51.18,1.3444
slovenia,g13_00034_3.tif,6433367,4.1539,6.0086,29.99,43.92,1.4645
slovenia,g13_00034_3.tif,6470429,4.1539,6.0086,28.97,43.92,1.5161
slovenia,g13_00034_3.tif,6470431,4.1539,6.0086,37.25,43.84,1.1769
slovenia,g13_00034_3.tif,6475217,4.1539,6.0086,28.97,29.08,1.0038
slovenia,g13_00034_3.tif,6475223,4.1539,6.0086,37.25,39.09,1.0494
slovenia,g13_00034_3.tif,6514068,4.1539,6.0086,28.97,43.92,1.5161
slovenia,g13_00034_3.tif,6548430,4.1539,6.0086,22.04,29.08,1.3194
slovenia,g13_00034_3.tif,6578769,4.1539,6.0086,143.23,166.69,1.1638
slovenia,g13_00034_3.tif,6578775,4.1539,6.0086,53.8,64.27,1.1946
slovenia,g13_00034_3.tif,6578776,4.1539,6.0086,12.42,12.46,1.0032
slovenia,g13_00034_3.tif,6578779,4.1539,6.0086,103.47,118.88,1.1489
slovenia,g13_00034_3.tif,6578797,4.1539,6.0086,60.51,70.62,1.1671
slovenia,g13_00034_3.tif,6578802,4.1539,6.0086,54.39,70.62,1.2984
slovenia,g13_00034_3.tif,6578808,4.1539,6.0086,4.14,4.15,1.0024
slovenia,g13_00034_3.tif,6578822,4.1539,6.0086,72.17,79.79,1.1056
slovenia,g13_00034_3.tif,6578826,4.1539,6.0086,12.42,19.88,1.6006
slovenia,g13_00034_3.tif,6613301,4.1539,6.0086,69.9,74.38,1.0641
slovenia,g13_00034_3.tif,6613302,4.1539,6.0086,90.24,106.52,1.1804
slovenia,g13_00034_3.tif,6613305,4.1539,6.0086,86.91,95.54,1.0993
slovenia,g13_00034_3.tif,6613306,4.1539,6.0086,55.55,79.06,1.4232
slovenia,g13_00034_3.tif,6613310,4.1539,6.0086,77.38,104.0,1.344
slovenia,g13_00034_3.tif,6613313,4.1539,6.0086,45.53,67.95,1.4924
slovenia,g13_00034_3.tif,6613316,4.1539,6.0086,51.39,64.27,1.2506
slovenia,g13_00034_3.tif,6613325,4.1539,6.0086,28.97,36.86,1.2724
slovenia,g13_00034_3.tif,6613326,4.1539,6.0086,14.37,20.77,1.4454
slovenia,g13_00034_3.tif,6613329,4.1539,6.0086,48.21,67.95,1.4095
slovenia,g13_00034_3.tif,6613331,4.1539,6.0086,62.08,78.85,1.2701
slovenia,g13_00034_3.tif,6613336,4.1539,6.0086,38.07,44.88,1.1789
slovenia,g13_00034_3.tif,6613850,4.1539,6.0086,12.42,12.46,1.0032
slovenia,g13_00034_3.tif,6626234,4.1539,6.0086,37.25,55.93,1.5015
slovenia,g13_00034_3.tif,6626250,4.1539,6.0086,28.97,43.92,1.5161
slovenia,g13_00034_3.tif,6626378,4.1539,6.0086,51.39,72.14,1.4038
slovenia,g13_00034_3.tif,6631817,4.1539,6.0086,20.69,31.9,1.5418
slovenia,g13_00034_3.tif,6674176,4.1539,6.0086,12.42,16.35,1.3164
slovenia,g13_00034_3.tif,6674179,4.1539,6.0086,44.13,45.69,1.0354
slovenia,g13_00034_3.tif,6674180,4.1539,6.0086,32.88,36.86,1.121
slovenia,g13_00034_3.tif,6674182,4.1539,6.0086,19.27,23.52,1.2206
slovenia,g13_00034_3.tif,6674351,4.1539,6.0086,4.14,7.86,1.8986
slovenia,g13_00034_3.tif,6684219,4.1539,6.0086,19.27,25.06,1.3005
slovenia,g13_00034_3.tif,6690108,4.1539,6.0086,83.85,98.38,1.1733
slovenia,g13_00034_3.tif,6690109,4.1539,6.0086,108.45,129.41,1.1933
slovenia,g13_00034_3.tif,6690110,4.1539,6.0086,66.58,71.46,1.0733
slovenia,g13_00034_3.tif,6690111,4.1539,6.0086,40.44,47.12,1.1652
slovenia,g13_00034_3.tif,6736079,4.1539,6.0086,86.91,112.25,1.2916
slovenia,g13_00034_3.tif,6736080,4.1539,6.0086,103.47,112.25,1.0849
slovenia,g13_00034_3.tif,6742428,4.1539,6.0086,78.63,105.27,1.3388
slovenia,g13_00034_3.tif,6742444,4.1539,6.0086,20.69,23.52,1.1368
slovenia,g13_00034_3.tif,6742446,4.1539,6.0086,29.99,39.67,1.3228
slovenia,g13_00034_3.tif,6804611,4.1539,6.0086,53.8,66.52,1.2364
slovenia,g13_00034_3.tif,6804621,4.1539,6.0086,30.98,36.86,1.1898
slovenia,g13_00034_3.tif,6804628,4.1539,6.0086,25.71,30.47,1.1851
slovenia,g13_00034_3.tif,6842268,4.1539,6.0086,46.21,64.51,1.396
slovenia,g13_00034_3.tif,6846796,4.1539,6.0086,19.27,25.06,1.3005
slovenia,g13_00034_3.tif,6867128,4.1539,6.0086,58.9,66.52,1.1294
slovenia,g13_00034_3.tif,6907711,4.1539,6.0086,20.69,31.9,1.5418
slovenia,g13_00034_3.tif,6913069,4.1539,6.0086,29.99,44.63,1.4882
slovenia,g13_00034_3.tif,6916147,4.1539,6.0086,44.13,58.19,1.3186
slovenia,g13_00034_3.tif,6920856,4.1539,6.0086,20.69,31.9,1.5418
slovenia,g13_00034_3.tif,6925035,4.1539,6.0086,25.71,29.08,1.1311
slovenia,g13_00034_3.tif,7028347,4.1539,6.0086,55.55,62.31,1.1217
slovenia,g13_00034_3.tif,7028349,4.1539,6.0086,14.37,16.35,1.1378
slovenia,g13_00034_3.tif,7028350,4.1539,6.0086,53.8,62.31,1.1582
slovenia,g13_00034_3.tif,7055468,4.1539,6.0086,12.42,19.88,1.6006
slovenia,g13_00034_3.tif,7071038,4.1539,6.0086,54.39,64.51,1.1861
slovenia,g13_00034_5.tif,6235364,4.1549,6.0086,45.53,60.9,1.3376
slovenia,g13_00034_5.tif,6235365,4.1549,6.0086,14.37,16.35,1.1378
slovenia,g13_00034_5.tif,6332699,4.1549,6.0086,12.42,12.46,1.0032
slovenia,g13_00034_5.tif,6351378,4.1549,6.0086,32.88,44.88,1.365
slovenia,g13_00034_5.tif,6351379,4.1549,6.0086,7.57,10.46,1.3818
slovenia,g13_00034_5.tif,6351380,4.1549,6.0086,20.69,31.9,1.5418
slovenia,g13_00034_5.tif,6717319,4.1549,6.0086,12.42,12.46,1.0032
slovenia,g13_00034_6.tif,6322961,4.1549,6.0086,12.42,12.46,1.0032
slovenia,g13_00034_6.tif,6332699,4.1549,6.0086,12.42,16.35,1.3164
slovenia,g13_00034_6.tif,6411513,4.1549,6.0086,7.57,10.46,1.3818
slovenia,g13_00034_6.tif,6411519,4.1549,6.0086,20.69,20.77,1.0039
slovenia,g13_00034_6.tif,6472261,4.1549,6.0086,7.57,10.46,1.3818
slovenia,g13_00034_6.tif,6472264,4.1549,6.0086,7.57,10.46,1.3818
slovenia,g13_00034_6.tif,6472265,4.1549,6.0086,30.98,37.39,1.2069
slovenia,g13_00034_6.tif,6472267,4.1549,6.0086,12.42,19.88,1.6006
slovenia,g13_00034_6.tif,6472273,4.1549,6.0086,20.69,20.77,1.0039
slovenia,g13_00034_6.tif,6717319,4.1549,6.0086,12.42,12.46,1.0032
slovenia,g13_00034_6.tif,6987585,4.1549,6.0086,7.57,10.46,1.3818
slovenia,g13_00034_7.tif,6178185,4.1549,6.0086,22.04,25.07,1.1375
slovenia,g13_00034_7.tif,6228029,4.1549,6.0086,12.42,16.35,1.3164
slovenia,g13_00034_7.tif,6399910,4.1549,6.0086,28.97,29.08,1.0038
slovenia,g13_00034_7.tif,6411512,4.1549,6.0086,46.21,47.13,1.0199
slovenia,g13_00034_7.tif,6411513,4.1549,6.0086,69.9,74.4,1.0644
slovenia,g13_00034_7.tif,6411516,4.1549,6.0086,12.42,16.35,1.3164
slovenia,g13_00034_7.tif,6462423,4.1549,6.0086,37.25,39.68,1.0652
slovenia,g13_00034_7.tif,6462451,4.1549,6.0086,19.27,23.52,1.2206
slovenia,g13_00034_7.tif,6535508,4.1549,6.0086,12.42,12.46,1.0032
slovenia,g13_00034_7.tif,6834016,4.1549,6.0086,20.69,29.08,1.4055
slovenia,g13_00034_7.tif,6834210,4.1549,6.0086,4.14,4.15,1.0024
slovenia,g13_00034_7.tif,6878498,4.1549,6.0086,7.57,10.46,1.3818
slovenia,g13_00034_7.tif,6878502,4.1549,6.0086,14.37,19.88,1.3834
slovenia,g13_00034_7.tif,6987571,4.1549,6.0086,25.71,35.54,1.3823
slovenia,g13_00034_7.tif,6987583,4.1549,6.0086,14.37,19.88,1.3834
slovenia,g13_00035_0.tif,6148445,4.1549,6.0086,29.99,37.39,1.2467
slovenia,g13_00035_0.tif,6148451,4.1549,6.0086,7.57,10.46,1.3818
slovenia,g13_00035_0.tif,6149839,4.1549,6.0086,30.98,36.86,1.1898
slovenia,g13_00035_0.tif,6149840,4.1549,6.0086,12.42,12.46,1.0032
slovenia,g13_00035_0.tif,6149856,4.1549,6.0086,29.99,37.39,1.2467
slovenia,g13_00035_0.tif,6150901,4.1549,6.0086,37.25,43.84,1.1769
slovenia,g13_00035_0.tif,6150902,4.1549,6.0086,14.37,21.28,1.4809
slovenia,g13_00035_0.tif,6150906,4.1549,6.0086,12.42,16.35,1.3164
slovenia,g13_00035_0.tif,6150907,4.1549,6.0086,12.42,16.35,1.3164
slovenia,g13_00035_0.tif,6204998,4.1549,6.0086,7.57,10.46,1.3818
slovenia,g13_00035_0.tif,6240851,4.1549,6.0086,60.51,77.88,1.2871
slovenia,g13_00035_0.tif,6335488,4.1549,6.0086,7.57,10.46,1.3818
slovenia,g13_00035_0.tif,6335490,4.1549,6.0086,48.21,58.78,1.2192
slovenia,g13_00035_0.tif,6335550,4.1549,6.0086,22.04,23.52,1.0672
slovenia,g13_00035_0.tif,6778230,4.1549,6.0086,14.37,20.77,1.4454
slovenia,g13_00035_0.tif,6787260,4.1549,6.0086,12.42,19.88,1.6006
slovenia,g13_00035_0.tif,6817925,4.1549,6.0086,32.88,46.71,1.4206
slovenia,g13_00035_0.tif,6821492,4.1549,6.0086,12.42,16.35,1.3164
slovenia,g13_00035_13.tif,6105478,4.1549,6.0086,80.27,82.35,1.0259
slovenia,g13_00035_13.tif,6423333,4.1549,6.0086,37.25,37.39,1.0038
slovenia,g13_00035_13.tif,6444163,4.1549,6.0086,20.69,20.77,1.0039
slovenia,g13_00035_13.tif,6478364,4.1549,6.0086,20.69,20.77,1.0039
slovenia,g13_00035_13.tif,6478526,4.1549,6.0086,4.14,4.15,1.0024
slovenia,g13_00035_13.tif,6478750,4.1549,6.0086,4.14,4.15,1.0024
slovenia,g13_00035_13.tif,6487128,4.1549,6.0086,70.82,82.35,1.1628
slovenia,g13_00035_13.tif,6501533,4.1549,6.0086,118.91,121.07,1.0182
slovenia,g13_00035_13.tif,6501534,4.1549,6.0086,85.01,88.04,1.0356
slovenia,g13_00035_13.tif,6528096,4.1549,6.0086,29.99,31.19,1.04
slovenia,g13_00035_13.tif,6562533,4.1549,6.0086,28.97,31.19,1.0766
slovenia,g13_00035_13.tif,6562582,4.1549,6.0086,25.71,29.08,1.1311
slovenia,g13_00035_13.tif,6596923,4.1549,6.0086,29.99,31.19,1.04
slovenia,g13_00035_13.tif,6596925,4.1549,6.0086,40.44,43.84,1.0841
slovenia,g13_00035_13.tif,6597646,4.1549,6.0086,7.57,10.46,1.3818
slovenia,g13_00035_13.tif,6600268,4.1549,6.0086,32.88,36.86,1.121
slovenia,g13_00035_13.tif,6607477,4.1549,6.0086,48.21,51.19,1.0618
slovenia,g13_00035_13.tif,6607478,4.1549,6.0086,40.44,43.84,1.0841
slovenia,g13_00035_13.tif,6607480,4.1549,6.0086,19.27,20.77,1.0778
slovenia,g13_00035_13.tif,6607600,4.1549,6.0086,20.69,20.77,1.0039
slovenia,g13_00035_13.tif,6611060,4.1549,6.0086,28.97,43.91,1.5157
slovenia,g13_00035_13.tif,6611062,4.1549,6.0086,14.37,21.28,1.4809
slovenia,g13_00035_13.tif,6611064,4.1549,6.0086,22.04,23.52,1.0672
slovenia,g13_00035_13.tif,6611068,4.1549,6.0086,14.37,16.35,1.1378
slovenia,g13_00035_13.tif,6611078,4.1549,6.0086,46.21,54.01,1.1688
slovenia,g13_00035_13.tif,6612016,4.1549,6.0086,22.04,32.84,1.49
slovenia,g13_00035_13.tif,6615147,4.1549,6.0086,32.88,46.71,1.4206
slovenia,g13_00035_13.tif,6618718,4.1549,6.0086,62.6,63.4,1.0128
slovenia,g13_00035_13.tif,6618720,4.1549,6.0086,22.04,32.84,1.49
slovenia,g13_00035_13.tif,6618722,4.1549,6.0086,28.97,29.08,1.0038
slovenia,g13_00035_13.tif,6626861,4.1549,6.0086,96.56,101.88,1.0551
slovenia,g13_00035_13.tif,6630723,4.1549,6.0086,28.97,29.08,1.0038
slovenia,g13_00035_13.tif,6631508,4.1549,6.0086,22.04,29.08,1.3194
slovenia,g13_00035_13.tif,6632874,4.1549,6.0086,103.47,104.54,1.0103
slovenia,g13_00035_13.tif,6632877,4.1549,6.0086,66.58,70.63,1.0608
slovenia,g13_00035_13.tif,6633060,4.1549,6.0086,155.72,163.77,1.0517
slovenia,g13_00035_13.tif,6633256,4.1549,6.0086,32.88,36.86,1.121
slovenia,g13_00035_13.tif,6635358,4.1549,6.0086,77.38,79.81,1.0314
slovenia,g13_00035_13.tif,6635740,4.1549,6.0086,62.6,63.4,1.0128
slovenia,g13_00035_13.tif,6635756,4.1549,6.0086,53.8,54.01,1.0039
slovenia,g13_00035_13.tif,6642370,4.1549,6.0086,72.17,74.4,1.0309
slovenia,g13_00035_13.tif,6642371,4.1549,6.0086,12.42,12.46,1.0032
slovenia,g13_00035_13.tif,6642372,4.1549,6.0086,32.88,36.86,1.121
slovenia,g13_00035_13.tif,6642471,4.1549,6.0086,37.25,37.39,1.0038
slovenia,g13_00035_13.tif,6643878,4.1549,6.0086,40.44,43.84,1.0841
slovenia,g13_00035_13.tif,6643880,4.1549,6.0086,22.04,23.52,1.0672
slovenia,g13_00035_13.tif,6666388,4.1549,6.0086,14.37,19.88,1.3834
slovenia,g13_00035_13.tif,6758719,4.1549,6.0086,20.69,31.9,1.5418
slovenia,g13_00035_13.tif,6758729,4.1549,6.0086,32.88,36.86,1.121
slovenia,g13_00035_13.tif,6758732,4.1549,6.0086,29.99,44.63,1.4882
slovenia,g13_00035_13.tif,6768403,4.1549,6.0086,28.97,39.68,1.3697
slovenia,g13_00035_13.tif,6771202,4.1549,6.0086,56.12,79.06,1.4088
slovenia,g13_00035_13.tif,6772010,4.1549,6.0086,62.08,67.95,1.0946
slovenia,g13_00035_13.tif,6775138,4.1549,6.0086,171.25,180.41,1.0535
slovenia,g13_00035_13.tif,6775163,4.1549,6.0086,88.4,95.56,1.081
slovenia,g13_00035_13.tif,6780534,4.1549,6.0086,53.8,57.37,1.0664
slovenia,g13_00035_13.tif,6780714,4.1549,6.0086,25.71,30.47,1.1851
slovenia,g13_00035_13.tif,6780731,4.1549,6.0086,45.53,45.7,1.0037
slovenia,g13_00035_13.tif,6790107,4.1549,6.0086,46.21,51.19,1.1078
slovenia,g13_00035_13.tif,6790118,4.1549,6.0086,25.71,29.08,1.1311
slovenia,g13_00035_13.tif,6790175,4.1549,6.0086,32.88,36.86,1.121
slovenia,g13_00035_13.tif,6808537,4.1549,6.0086,7.57,10.46,1.3818
slovenia,g13_00035_13.tif,6813618,4.1549,6.0086,46.21,47.13,1.0199
slovenia,g13_00035_13.tif,6862298,4.1549,6.0086,384.9,435.92,1.1326
slovenia,g13_00035_13.tif,6862303,4.1549,6.0086,252.46,270.07,1.0698
slovenia,g13_00035_13.tif,6895943,4.1549,6.0086,29.99,31.19,1.04
slovenia,g13_00035_13.tif,6895945,4.1549,6.0086,29.99,31.19,1.04
slovenia,g13_00035_13.tif,6895947,4.1549,6.0086,37.25,37.39,1.0038
slovenia,g13_00035_13.tif,6917551,4.1549,6.0086,77.38,82.35,1.0642
slovenia,g13_00035_13.tif,6936465,4.1549,6.0086,64.12,66.53,1.0376
slovenia,g13_00035_13.tif,6936466,4.1549,6.0086,14.37,16.35,1.1378
slovenia,g13_00035_13.tif,7011787,4.1549,6.0086,40.44,43.84,1.0841
slovenia,g13_00035_13.tif,7011893,4.1549,6.0086,4.14,4.15,1.0024
slovenia,g13_00035_13.tif,7081992,4.1549,6.0086,62.08,86.43,1.3922
slovenia,g13_00035_14.tif,6126171,4.1278,6.0086,14.37,21.29,1.4816
slovenia,g13_00035_14.tif,6126175,4.1278,6.0086,7.57,10.45,1.3804
slovenia,g13_00035_14.tif,6174296,4.1278,6.0086,25.71,30.38,1.1816
slovenia,g13_00035_14.tif,6184916,4.1278,6.0086,25.71,35.53,1.382
slovenia,g13_00035_14.tif,6197217,4.1278,6.0086,29.99,36.71,1.2241
slovenia,g13_00035_14.tif,6306058,4.1278,6.0086,22.04,25.03,1.1357
slovenia,g13_00035_14.tif,6306059,4.1278,6.0086,40.44,50.68,1.2532
slovenia,g13_00035_14.tif,6306356,4.1278,6.0086,22.04,30.38,1.3784
slovenia,g13_00035_14.tif,6423327,4.1278,6.0086,30.98,36.71,1.185
slovenia,g13_00035_14.tif,6444163,4.1278,6.0086,12.42,16.29,1.3116
slovenia,g13_00035_14.tif,6452262,4.1278,6.0086,32.88,37.15,1.1299
slovenia,g13_00035_14.tif,6452265,4.1278,6.0086,111.15,116.94,1.0521
slovenia,g13_00035_14.tif,6452464,4.1278,6.0086,14.37,16.29,1.1336
slovenia,g13_00035_14.tif,6478750,4.1278,6.0086,30.98,36.71,1.185
slovenia,g13_00035_14.tif,6480113,4.1278,6.0086,30.98,36.71,1.185
slovenia,g13_00035_14.tif,6494416,4.1278,6.0086,25.71,35.53,1.382
slovenia,g13_00035_14.tif,6571280,4.1278,6.0086,14.37,16.29,1.1336
slovenia,g13_00035_14.tif,6571373,4.1278,6.0086,14.37,21.29,1.4816
slovenia,g13_00035_14.tif,6576174,4.1278,6.0086,48.21,64.9,1.3462
slovenia,g13_00035_14.tif,6576185,4.1278,6.0086,25.71,30.38,1.1816
slovenia,g13_00035_14.tif,6577728,4.1278,6.0086,30.98,39.61,1.2786
slovenia,g13_00035_14.tif,6578503,4.1278,6.0086,28.97,35.53,1.2264
slovenia,g13_00035_14.tif,6599676,4.1278,6.0086,118.07,151.61,1.2841
slovenia,g13_00035_14.tif,6599680,4.1278,6.0086,32.88,43.64,1.3273
slovenia,g13_00035_14.tif,6599684,4.1278,6.0086,12.42,16.29,1.3116
slovenia,g13_00035_14.tif,6599685,4.1278,6.0086,25.71,35.53,1.382
slovenia,g13_00035_14.tif,6635335,4.1278,6.0086,19.27,23.4,1.2143
slovenia,g13_00035_14.tif,6642356,4.1278,6.0086,19.27,23.4,1.2143
slovenia,g13_00035_14.tif,6643871,4.1278,6.0086,19.27,23.4,1.2143
slovenia,g13_00035_14.tif,6666405,4.1278,6.0086,19.27,23.4,1.2143
slovenia,g13_00035_14.tif,6691878,4.1278,6.0086,32.88,43.64,1.3273
slovenia,g13_00035_14.tif,6701223,4.1278,6.0086,19.27,25.03,1.2989
slovenia,g13_00035_14.tif,6721626,4.1278,6.0086,20.69,25.03,1.2098
slovenia,g13_00035_14.tif,6721627,4.1278,6.0086,19.27,23.4,1.2143
slovenia,g13_00035_14.tif,6721628,4.1278,6.0086,67.07,85.16,1.2697
slovenia,g13_00035_14.tif,6782504,4.1278,6.0086,37.25,49.95,1.3409
slovenia,g13_00035_14.tif,6795320,4.1278,6.0086,108.45,132.23,1.2193
slovenia,g13_00035_14.tif,6862298,4.1278,6.0086,376.62,509.73,1.3534
slovenia,g13_00035_14.tif,6862303,4.1278,6.0086,451.34,596.14,1.3208
slovenia,g13_00035_14.tif,6869740,4.1278,6.0086,19.27,25.03,1.2989
slovenia,g13_00035_14.tif,6917529,4.1278,6.0086,83.85,102.82,1.2262
slovenia,g13_00035_14.tif,6917531,4.1278,6.0086,72.17,93.49,1.2954
slovenia,g13_00035_14.tif,6917543,4.1278,6.0086,25.71,35.53,1.382
slovenia,g13_00035_14.tif,6941140,4.1278,6.0086,28.97,36.71,1.2672
slovenia,g13_00035_14.tif,6966236,4.1278,6.0086,60.51,77.56,1.2818
slovenia,g13_00035_15.tif,6109559,4.1549,6.0086,37.25,47.13,1.2652
slovenia,g13_00035_15.tif,6109562,4.1549,6.0086,37.25,43.91,1.1788
slovenia,g13_00035_15.tif,6118057,4.1549,6.0086,29.99,39.68,1.3231
slovenia,g13_00035_15.tif,6118058,4.1549,6.0086,25.71,35.54,1.3823
slovenia,g13_00035_15.tif,6118059,4.1549,6.0086,14.37,16.35,1.1378
slovenia,g13_00035_15.tif,6118088,4.1549,6.0086,40.44,54.29,1.3425
slovenia,g13_00035_15.tif,6118105,4.1549,6.0086,4.14,7.86,1.8986
slovenia,g13_00035_15.tif,6161882,4.1549,6.0086,40.44,54.29,1.3425
slovenia,g13_00035_15.tif,6164251,4.1549,6.0086,12.42,19.88,1.6006
slovenia,g13_00035_15.tif,6164355,4.1549,6.0086,7.57,10.46,1.3818
slovenia,g13_00035_15.tif,6164356,4.1549,6.0086,25.71,30.47,1.1851
slovenia,g13_00035_15.tif,6174296,4.1549,6.0086,22.04,30.47,1.3825
slovenia,g13_00035_15.tif,6189591,4.1549,6.0086,28.97,29.08,1.0038
slovenia,g13_00035_15.tif,6214820,4.1549,6.0086,30.98,39.68,1.2808
slovenia,g13_00035_15.tif,6214821,4.1549,6.0086,56.12,62.32,1.1105
slovenia,g13_00035_15.tif,6214822,4.1549,6.0086,29.99,39.68,1.3231
slovenia,g13_00035_15.tif,6214881,4.1549,6.0086,48.21,57.37,1.19
slovenia,g13_00035_15.tif,6215137,4.1549,6.0086,48.86,64.28,1.3156
slovenia,g13_00035_15.tif,6249275,4.1549,6.0086,32.88,43.84,1.3333
slovenia,g13_00035_15.tif,6249470,4.1549,6.0086,19.27,25.07,1.301
slovenia,g13_00035_15.tif,6249597,4.1549,6.0086,25.71,30.47,1.1851
slovenia,g13_00035_15.tif,6280213,4.1549,6.0086,25.71,35.54,1.3823
slovenia,g13_00035_15.tif,6280245,4.1549,6.0086,7.57,10.46,1.3818
slovenia,g13_00035_15.tif,6289858,4.1549,6.0086,25.71,30.47,1.1851
slovenia,g13_00035_15.tif,6289866,4.1549,6.0086,19.27,25.07,1.301
slovenia,g13_00035_15.tif,6306058,4.1549,6.0086,22.04,30.47,1.3825
slovenia,g13_00035_15.tif,6306063,4.1549,6.0086,14.37,21.28,1.4809
slovenia,g13_00035_15.tif,6306356,4.1549,6.0086,14.37,16.35,1.1378
slovenia,g13_00035_15.tif,6306519,4.1549,6.0086,7.57,10.46,1.3818
slovenia,g13_00035_15.tif,6338476,4.1549,6.0086,42.68,54.29,1.272
slovenia,g13_00035_15.tif,6338478,4.1549,6.0086,32.88,43.84,1.3333
slovenia,g13_00035_15.tif,6338480,4.1549,6.0086,25.71,30.47,1.1851
slovenia,g13_00035_15.tif,6338481,4.1549,6.0086,14.37,16.35,1.1378
slovenia,g13_00035_15.tif,6338521,4.1549,6.0086,4.14,4.15,1.0024
slovenia,g13_00035_15.tif,6370955,4.1549,6.0086,7.57,10.46,1.3818
slovenia,g13_00035_15.tif,6370956,4.1549,6.0086,7.57,10.46,1.3818
slovenia,g13_00035_15.tif,6370959,4.1549,6.0086,66.1,83.51,1.2634
slovenia,g13_00035_15.tif,6375558,4.1549,6.0086,44.13,57.37,1.3
slovenia,g13_00035_15.tif,6375569,4.1549,6.0086,32.88,43.84,1.3333
slovenia,g13_00035_15.tif,6400448,4.1549,6.0086,30.98,36.86,1.1898
slovenia,g13_00035_15.tif,6452262,4.1549,6.0086,166.5,190.34,1.1432
slovenia,g13_00035_15.tif,6452265,4.1549,6.0086,4.14,7.86,1.8986
slovenia,g13_00035_15.tif,6452464,4.1549,6.0086,14.37,16.35,1.1378
slovenia,g13_00035_15.tif,6469770,4.1549,6.0086,53.8,54.01,1.0039
slovenia,g13_00035_15.tif,6510318,4.1549,6.0086,19.27,25.07,1.301
slovenia,g13_00035_15.tif,6510319,4.1549,6.0086,14.37,21.28,1.4809
slovenia,g13_00035_15.tif,6557532,4.1549,6.0086,53.8,54.01,1.0039
slovenia,g13_00035_15.tif,6557542,4.1549,6.0086,28.97,30.47,1.0518
slovenia,g13_00035_15.tif,6557544,4.1549,6.0086,25.71,29.08,1.1311
slovenia,g13_00035_15.tif,6557546,4.1549,6.0086,4.14,4.15,1.0024
slovenia,g13_00035_15.tif,6571285,4.1549,6.0086,28.97,31.19,1.0766
slovenia,g13_00035_15.tif,6576185,4.1549,6.0086,25.71,35.54,1.3823
slovenia,g13_00035_15.tif,6576191,4.1549,6.0086,37.25,49.99,1.342
slovenia,g13_00035_15.tif,6576193,4.1549,6.0086,25.71,30.47,1.1851
slovenia,g13_00035_15.tif,6576197,4.1549,6.0086,25.71,30.47,1.1851
slovenia,g13_00035_15.tif,6576205,4.1549,6.0086,25.71,30.47,1.1851
slovenia,g13_00035_15.tif,6577728,4.1549,6.0086,32.88,43.84,1.3333
slovenia,g13_00035_15.tif,6578503,4.1549,6.0086,37.25,44.88,1.2048
slovenia,g13_00035_15.tif,6580327,4.1549,6.0086,14.37,19.88,1.3834
slovenia,g13_00035_15.tif,6593183,4.1549,6.0086,38.07,39.1,1.0271
slovenia,g13_00035_15.tif,6593184,4.1549,6.0086,25.71,29.08,1.1311
slovenia,g13_00035_15.tif,6593209,4.1549,6.0086,22.04,23.52,1.0672
slovenia,g13_00035_15.tif,6593210,4.1549,6.0086,28.97,35.54,1.2268
slovenia,g13_00035_15.tif,6593222,4.1549,6.0086,20.69,20.77,1.0039
slovenia,g13_00035_15.tif,6594430,4.1549,6.0086,25.71,29.08,1.1311
slovenia,g13_00035_15.tif,6599680,4.1549,6.0086,37.25,49.99,1.342
slovenia,g13_00035_15.tif,6599681,4.1549,6.0086,48.21,51.19,1.0618
slovenia,g13_00035_15.tif,6599682,4.1549,6.0086,20.69,23.52,1.1368
slovenia,g13_00035_15.tif,6599684,4.1549,6.0086,32.88,43.84,1.3333
slovenia,g13_00035_15.tif,6599687,4.1549,6.0086,28.97,29.08,1.0038
slovenia,g13_00035_15.tif,6599689,4.1549,6.0086,22.04,30.47,1.3825
slovenia,g13_00035_15.tif,6629340,4.1549,6.0086,28.97,29.08,1.0038
slovenia,g13_00035_15.tif,6629342,4.1549,6.0086,22.04,23.52,1.0672
slovenia,g13_00035_15.tif,6712633,4.1549,6.0086,147.81,181.13,1.2254
slovenia,g13_00035_15.tif,6720025,4.1549,6.0086,48.86,57.37,1.1742
slovenia,g13_00035_15.tif,6720036,4.1549,6.0086,85.01,112.73,1.3261
slovenia,g13_00035_15.tif,6721626,4.1549,6.0086,22.04,30.47,1.3825
slovenia,g13_00035_15.tif,6721627,4.1549,6.0086,19.27,25.07,1.301
slovenia,g13_00035_15.tif,6721628,4.1549,6.0086,66.1,79.47,1.2023
slovenia,g13_00035_15.tif,6731653,4.1549,6.0086,95.53,98.42,1.0303
slovenia,g13_00035_15.tif,6731672,4.1549,6.0086,14.37,16.35,1.1378
slovenia,g13_00035_15.tif,6731673,4.1549,6.0086,20.69,20.77,1.0039
slovenia,g13_00035_15.tif,6780721,4.1549,6.0086,81.08,99.73,1.23
slovenia,g13_00035_15.tif,6780723,4.1549,6.0086,32.88,43.84,1.3333
slovenia,g13_00035_15.tif,6780727,4.1549,6.0086,28.97,29.08,1.0038
slovenia,g13_00035_15.tif,6780729,4.1549,6.0086,42.68,50.85,1.1914
slovenia,g13_00035_15.tif,6781603,4.1549,6.0086,22.04,30.47,1.3825
slovenia,g13_00035_15.tif,6781623,4.1549,6.0086,7.57,10.46,1.3818
slovenia,g13_00035_15.tif,6782501,4.1549,6.0086,51.39,65.1,1.2668
slovenia,g13_00035_15.tif,6782503,4.1549,6.0086,101.86,118.9,1.1673
slovenia,g13_00035_15.tif,6782504,4.1549,6.0086,25.71,30.47,1.1851
slovenia,g13_00035_15.tif,6782505,4.1549,6.0086,54.39,68.9,1.2668
slovenia,g13_00035_15.tif,6782506,4.1549,6.0086,37.25,43.91,1.1788
slovenia,g13_00035_15.tif,6782508,4.1549,6.0086,54.39,64.28,1.1818
slovenia,g13_00035_15.tif,6782509,4.1549,6.0086,30.98,36.86,1.1898
slovenia,g13_00035_15.tif,6782515,4.1549,6.0086,25.71,30.47,1.1851
slovenia,g13_00035_15.tif,6782516,4.1549,6.0086,22.04,30.47,1.3825
slovenia,g13_00035_15.tif,6782777,4.1549,6.0086,4.14,7.86,1.8986
slovenia,g13_00035_15.tif,6862298,4.1549,6.0086,45.53,58.19,1.2781
slovenia,g13_00035_15.tif,6862303,4.1549,6.0086,144.85,147.34,1.0172
slovenia,g13_00035_15.tif,6869740,4.1549,6.0086,22.04,30.47,1.3825
slovenia,g13_00035_15.tif,6911140,4.1549,6.0086,28.97,36.86,1.2724
slovenia,g13_00036_15.tif,6103317,4.1549,6.0086,32.88,43.84,1.3333
slovenia,g13_00036_15.tif,6141149,4.1549,6.0086,45.53,45.7,1.0037
slovenia,g13_00036_15.tif,6141152,4.1549,6.0086,58.9,72.14,1.2248
slovenia,g13_00036_15.tif,6141163,4.1549,6.0086,28.97,29.08,1.0038
slovenia,g13_00036_15.tif,6141164,4.1549,6.0086,4.14,7.86,1.8986
slovenia,g13_00036_15.tif,6141169,4.1549,6.0086,20.69,20.77,1.0039
slovenia,g13_00036_15.tif,6300406,4.1549,6.0086,4.14,4.15,1.0024
slovenia,g13_00036_15.tif,6300460,4.1549,6.0086,4.14,4.15,1.0024
slovenia,g13_00036_15.tif,6300514,4.1549,6.0086,4.14,4.15,1.0024
slovenia,g13_00036_15.tif,6340059,4.1549,6.0086,22.04,25.07,1.1375
slovenia,g13_00036_15.tif,6340065,4.1549,6.0086,14.37,16.35,1.1378
slovenia,g13_00036_15.tif,6340070,4.1549,6.0086,14.37,16.35,1.1378
slovenia,g13_00036_15.tif,6340634,4.1549,6.0086,4.14,4.15,1.0024
slovenia,g13_00036_15.tif,6511506,4.1549,6.0086,12.42,12.46,1.0032
slovenia,g13_00036_15.tif,6511816,4.1549,6.0086,78.63,78.94,1.0039
slovenia,g13_00036_15.tif,6511821,4.1549,6.0086,20.69,20.77,1.0039
slovenia,g13_00036_15.tif,6511822,4.1549,6.0086,28.97,29.08,1.0038
slovenia,g13_00036_15.tif,6514046,4.1549,6.0086,45.53,58.78,1.291
slovenia,g13_00036_15.tif,6514048,4.1549,6.0086,37.25,43.84,1.1769
slovenia,g13_00036_15.tif,6514051,4.1549,6.0086,38.07,55.93,1.4691
slovenia,g13_00036_15.tif,6514067,4.1549,6.0086,40.44,43.84,1.0841
slovenia,g13_00036_15.tif,6514068,4.1549,6.0086,12.42,16.35,1.3164
slovenia,g13_00036_15.tif,6514074,4.1549,6.0086,32.88,36.86,1.121
slovenia,g13_00036_15.tif,6514075,4.1549,6.0086,7.57,10.46,1.3818
slovenia,g13_00036_15.tif,6578781,4.1549,6.0086,87.29,108.99,1.2486
slovenia,g13_00036_15.tif,6578800,4.1549,6.0086,12.42,16.35,1.3164
slovenia,g13_00036_15.tif,6578807,4.1549,6.0086,37.25,37.39,1.0038
slovenia,g13_00036_15.tif,6578826,4.1549,6.0086,51.39,54.01,1.051
slovenia,g13_00036_15.tif,6591078,4.1549,6.0086,20.69,20.77,1.0039
slovenia,g13_00036_15.tif,6623439,4.1549,6.0086,37.25,37.39,1.0038
slovenia,g13_00036_15.tif,6623442,4.1549,6.0086,37.25,37.39,1.0038
slovenia,g13_00036_15.tif,6627282,4.1549,6.0086,37.25,43.84,1.1769
slovenia,g13_00036_15.tif,6630983,4.1549,6.0086,20.69,20.77,1.0039
slovenia,g13_00036_15.tif,6679878,4.1549,6.0086,92.39,96.28,1.0421
slovenia,g13_00036_15.tif,6679881,4.1549,6.0086,12.42,19.88,1.6006
slovenia,g13_00036_15.tif,6679889,4.1549,6.0086,20.69,20.77,1.0039
slovenia,g13_00036_15.tif,6679893,4.1549,6.0086,20.69,29.08,1.4055
slovenia,g13_00036_15.tif,6680249,4.1549,6.0086,54.39,74.4,1.3679
slovenia,g13_00036_15.tif,6680250,4.1549,6.0086,45.53,45.7,1.0037
slovenia,g13_00036_15.tif,6680251,4.1549,6.0086,4.14,4.15,1.0024
slovenia,g13_00036_15.tif,6684214,4.1549,6.0086,14.37,16.35,1.1378
slovenia,g13_00036_15.tif,6684217,4.1549,6.0086,12.42,16.35,1.3164
slovenia,g13_00036_15.tif,6687558,4.1549,6.0086,19.27,20.77,1.0778
slovenia,g13_00036_15.tif,6721957,4.1549,6.0086,22.04,30.47,1.3825
slovenia,g13_00036_15.tif,6736079,4.1549,6.0086,171.84,196.73,1.1448
slovenia,g13_00036_15.tif,6736080,4.1549,6.0086,44.13,50.85,1.1523
slovenia,g13_00036_15.tif,6741903,4.1549,6.0086,20.69,20.77,1.0039
slovenia,g13_00036_15.tif,6771234,4.1549,6.0086,85.39,91.78,1.0748
slovenia,g13_00036_15.tif,6771240,4.1549,6.0086,60.51,77.88,1.2871
slovenia,g13_00036_15.tif,6776724,4.1549,6.0086,37.25,37.39,1.0038
slovenia,g13_00036_15.tif,6776732,4.1549,6.0086,25.71,29.08,1.1311
slovenia,g13_00036_15.tif,6791113,4.1549,6.0086,62.08,91.98,1.4816
slovenia,g13_00036_15.tif,6791115,4.1549,6.0086,82.28,109.73,1.3336
slovenia,g13_00036_15.tif,6791168,4.1549,6.0086,45.53,55.93,1.2284
slovenia,g13_00036_15.tif,6791178,4.1549,6.0086,4.14,4.15,1.0024
slovenia,g13_00036_15.tif,6791196,4.1549,6.0086,25.71,32.84,1.2773
slovenia,g13_00036_15.tif,6791217,4.1549,6.0086,42.68,50.85,1.1914
slovenia,g13_00036_15.tif,6791218,4.1549,6.0086,22.04,23.52,1.0672
slovenia,g13_00036_15.tif,6791219,4.1549,6.0086,20.69,20.77,1.0039
slovenia,g13_00036_15.tif,6791221,4.1549,6.0086,14.37,16.35,1.1378
slovenia,g13_00036_15.tif,6791222,4.1549,6.0086,20.69,20.77,1.0039
slovenia,g13_00036_15.tif,6791224,4.1549,6.0086,12.42,12.46,1.0032
slovenia,g13_00036_15.tif,6800881,4.1549,6.0086,7.57,10.46,1.3818
slovenia,g13_00036_15.tif,6801169,4.1549,6.0086,48.21,64.28,1.3333
slovenia,g13_00036_15.tif,6801719,4.1549,6.0086,20.69,23.52,1.1368
slovenia,g13_00036_15.tif,6815207,4.1549,6.0086,122.48,137.11,1.1194
slovenia,g13_00036_15.tif,6815209,4.1549,6.0086,78.63,87.25,1.1096
slovenia,g13_00036_15.tif,6815217,4.1549,6.0086,90.24,95.56,1.059
slovenia,g13_00036_15.tif,6815218,4.1549,6.0086,25.71,30.47,1.1851
slovenia,g13_00036_15.tif,6815236,4.1549,6.0086,53.8,54.01,1.0039
slovenia,g13_00036_15.tif,6815250,4.1549,6.0086,48.21,51.19,1.0618
slovenia,g13_00036_15.tif,6815284,4.1549,6.0086,37.25,37.39,1.0038
slovenia,g13_00036_15.tif,6815287,4.1549,6.0086,20.69,20.77,1.0039
slovenia,g13_00036_15.tif,6815288,4.1549,6.0086,53.8,62.32,1.1584
slovenia,g13_00036_15.tif,6815290,4.1549,6.0086,45.53,45.7,1.0037
slovenia,g13_00036_15.tif,6815291,4.1549,6.0086,37.25,45.7,1.2268
slovenia,g13_00036_15.tif,6815293,4.1549,6.0086,37.25,45.7,1.2268
slovenia,g13_00036_15.tif,6815294,4.1549,6.0086,20.69,20.77,1.0039
slovenia,g13_00036_15.tif,6815295,4.1549,6.0086,20.69,20.77,1.0039
slovenia,g13_00036_15.tif,6828871,4.1549,6.0086,45.53,45.7,1.0037
slovenia,g13_00036_15.tif,6828888,4.1549,6.0086,37.25,49.99,1.342
slovenia,g13_00036_15.tif,6828890,4.1549,6.0086,44.13,50.85,1.1523
slovenia,g13_00036_15.tif,6828895,4.1549,6.0086,25.71,35.54,1.3823
slovenia,g13_00036_15.tif,6845046,4.1549,6.0086,4.14,7.86,1.8986
slovenia,g13_00036_15.tif,6847445,4.1549,6.0086,12.42,12.46,1.0032
slovenia,g13_00036_15.tif,6847446,4.1549,6.0086,14.37,16.35,1.1378
slovenia,g13_00036_15.tif,6862060,4.1549,6.0086,104.73,143.83,1.3733
slovenia,g13_00036_15.tif,6867133,4.1549,6.0086,28.97,29.08,1.0038
slovenia,g13_00036_15.tif,6867134,4.1549,6.0086,28.97,29.08,1.0038
slovenia,g13_00036_15.tif,6897923,4.1549,6.0086,12.42,19.88,1.6006
slovenia,g13_00036_15.tif,6913066,4.1549,6.0086,28.97,43.91,1.5157
slovenia,g13_00036_15.tif,6993526,4.1549,6.0086,12.42,19.88,1.6006
slovenia,g13_00036_15.tif,6993531,4.1549,6.0086,114.37,141.75,1.2394
slovenia,g13_00036_15.tif,6997446,4.1549,6.0086,114.37,117.64,1.0286
slovenia,g13_00036_15.tif,6998907,4.1549,6.0086,92.74,128.03,1.3805
slovenia,g13_00036_15.tif,7011921,4.1549,6.0086,4.14,7.86,1.8986
slovenia,g13_00036_15.tif,7012738,4.1549,6.0086,44.13,45.7,1.0356
slovenia,g13_00036_15.tif,7014213,4.1549,6.0086,19.27,20.77,1.0778
slovenia,g13_00036_15.tif,7015008,4.1549,6.0086,62.08,83.58,1.3463
slovenia,g13_00036_17.tif,6165058,4.156,5.9693,32.88,43.77,1.3312
slovenia,g13_00036_17.tif,6165063,4.156,5.9693,19.27,24.94,1.2942
slovenia,g13_00036_17.tif,6190330,4.156,5.9693,7.57,10.39,1.3725
slovenia,g13_00036_17.tif,6321727,4.156,5.9693,38.07,50.71,1.332
slovenia,g13_00036_17.tif,6321732,4.156,5.9693,20.69,24.94,1.2054
slovenia,g13_00036_17.tif,6321786,4.156,5.9693,22.04,29.09,1.3199
slovenia,g13_00036_17.tif,6359062,4.156,5.9693,28.97,29.09,1.0041
slovenia,g13_00036_17.tif,6359063,4.156,5.9693,28.97,31.66,1.0929
slovenia,g13_00036_17.tif,6359064,4.156,5.9693,20.69,30.37,1.4679
slovenia,g13_00036_17.tif,6367974,4.156,5.9693,14.37,16.31,1.135
slovenia,g13_00036_17.tif,6467749,4.156,5.9693,37.25,44.71,1.2003
slovenia,g13_00036_17.tif,6467750,4.156,5.9693,12.42,16.31,1.3132
slovenia,g13_00036_17.tif,6467752,4.156,5.9693,12.42,19.72,1.5878
slovenia,g13_00036_17.tif,6527202,4.156,5.9693,14.37,16.31,1.135
slovenia,g13_00036_17.tif,6857915,4.156,5.9693,28.97,31.66,1.0929
slovenia,g13_00036_18.tif,6093526,4.156,5.9693,12.42,12.47,1.004
slovenia,g13_00036_18.tif,6093533,4.156,5.9693,4.14,4.16,1.0048
slovenia,g13_00036_18.tif,6153797,4.156,5.9693,12.42,19.72,1.5878
slovenia,g13_00036_18.tif,6153898,4.156,5.9693,7.57,10.39,1.3725
slovenia,g13_00036_18.tif,6158945,4.156,5.9693,7.57,10.39,1.3725
slovenia,g13_00036_18.tif,6165065,4.156,5.9693,42.68,55.54,1.3013
slovenia,g13_00036_18.tif,6174464,4.156,5.9693,12.42,16.31,1.3132
slovenia,g13_00036_18.tif,6226842,4.156,5.9693,30.98,36.78,1.1872
slovenia,g13_00036_18.tif,6226846,4.156,5.9693,12.42,12.47,1.004
slovenia,g13_00036_18.tif,6316769,4.156,5.9693,19.27,21.13,1.0965
slovenia,g13_00036_18.tif,6914472,4.156,5.9693,12.42,19.72,1.5878
slovenia,g13_00036_18.tif,6914473,4.156,5.9693,12.42,16.31,1.3132
slovenia,g13_00036_18.tif,7019123,4.156,5.9693,14.37,16.31,1.135
slovenia,g13_00037_0.tif,6199428,4.156,5.9693,7.57,10.39,1.3725
slovenia,g13_00037_0.tif,6484667,4.156,5.9693,51.39,54.03,1.0514
slovenia,g13_00037_0.tif,6484669,4.156,5.9693,4.14,7.78,1.8792
slovenia,g13_00037_0.tif,6485549,4.156,5.9693,7.57,10.39,1.3725
slovenia,g13_00037_0.tif,6485550,4.156,5.9693,28.97,35.33,1.2195
slovenia,g13_00037_0.tif,6485556,4.156,5.9693,25.71,29.09,1.1315
slovenia,g13_00037_10.tif,6170802,4.156,5.9693,7.57,10.39,1.3725
slovenia,g13_00037_10.tif,6186574,4.156,5.9693,14.37,16.31,1.135
slovenia,g13_00037_10.tif,6201802,4.156,5.9693,22.04,30.37,1.3779
slovenia,g13_00037_10.tif,6201996,4.156,5.9693,45.53,67.48,1.4821
slovenia,g13_00037_10.tif,6202041,4.156,5.9693,12.42,16.31,1.3132
slovenia,g13_00037_10.tif,6202063,4.156,5.9693,45.53,67.48,1.4821
slovenia,g13_00037_10.tif,6203910,4.156,5.9693,20.69,30.37,1.4679
slovenia,g13_00037_10.tif,6289692,4.156,5.9693,20.69,30.37,1.4679
slovenia,g13_00037_10.tif,6289694,4.156,5.9693,20.69,23.49,1.1353
slovenia,g13_00037_10.tif,6289708,4.156,5.9693,19.27,24.94,1.2942
slovenia,g13_00037_10.tif,6289942,4.156,5.9693,12.42,16.31,1.3132
slovenia,g13_00037_10.tif,6290018,4.156,5.9693,7.57,10.39,1.3725
slovenia,g13_00037_10.tif,6290081,4.156,5.9693,12.42,12.47,1.004
slovenia,g13_00037_10.tif,6395888,4.156,5.9693,53.8,70.65,1.3132
slovenia,g13_00037_10.tif,6395898,4.156,5.9693,25.71,35.33,1.3742
slovenia,g13_00037_10.tif,6407305,4.156,5.9693,7.57,10.39,1.3725
slovenia,g13_00037_10.tif,6428185,4.156,5.9693,14.37,16.31,1.135
slovenia,g13_00037_10.tif,6428191,4.156,5.9693,7.57,10.39,1.3725
slovenia,g13_00037_10.tif,6600772,4.156,5.9693,28.97,43.6,1.505
slovenia,g13_00037_10.tif,6622529,4.156,5.9693,37.25,55.54,1.491
slovenia,g13_00037_10.tif,6622530,4.156,5.9693,25.71,35.33,1.3742
slovenia,g13_00037_10.tif,6622537,4.156,5.9693,28.97,35.33,1.2195
slovenia,g13_00037_10.tif,6624148,4.156,5.9693,85.39,106.51,1.2473
slovenia,g13_00037_10.tif,6624149,4.156,5.9693,4.14,7.78,1.8792
slovenia,g13_00037_10.tif,6624154,4.156,5.9693,20.69,31.66,1.5302
slovenia,g13_00037_10.tif,6624158,4.156,5.9693,28.97,35.33,1.2195
slovenia,g13_00037_10.tif,6624350,4.156,5.9693,12.42,19.72,1.5878
slovenia,g13_00037_10.tif,6624424,4.156,5.9693,4.14,7.78,1.8792
slovenia,g13_00037_10.tif,6667031,4.156,5.9693,20.69,31.66,1.5302
slovenia,g13_00037_10.tif,6667051,4.156,5.9693,22.04,31.17,1.4142
slovenia,g13_00037_10.tif,6790150,4.156,5.9693,12.42,16.31,1.3132
slovenia,g13_00037_10.tif,6790152,4.156,5.9693,7.57,10.39,1.3725
slovenia,g13_00037_10.tif,6790155,4.156,5.9693,7.57,10.39,1.3725
slovenia,g13_00037_10.tif,6790241,4.156,5.9693,7.57,10.39,1.3725
slovenia,g13_00037_11.tif,6111429,4.156,5.9693,12.42,19.72,1.5878
slovenia,g13_00037_11.tif,6395880,4.156,5.9693,20.69,31.66,1.5302
slovenia,g13_00037_11.tif,6395884,4.156,5.9693,12.42,16.31,1.3132
slovenia,g13_00037_11.tif,6395890,4.156,5.9693,45.53,67.48,1.4821
slovenia,g13_00037_11.tif,6428178,4.156,5.9693,19.27,24.94,1.2942
slovenia,g13_00037_11.tif,6567219,4.156,5.9693,7.57,10.39,1.3725
slovenia,g13_00037_11.tif,6573402,4.156,5.9693,12.42,16.31,1.3132
slovenia,g13_00037_11.tif,6588855,4.156,5.9693,12.42,19.72,1.5878
slovenia,g13_00037_11.tif,6620675,4.156,5.9693,7.57,10.39,1.3725
slovenia,g13_00037_11.tif,6622531,4.156,5.9693,45.53,64.17,1.4094
slovenia,g13_00037_11.tif,6667029,4.156,5.9693,28.97,43.6,1.505
slovenia,g13_00037_11.tif,6667038,4.156,5.9693,28.97,43.6,1.505
slovenia,g13_00037_11.tif,6978793,4.156,5.9693,28.97,43.6,1.505
slovenia,g13_00037_11.tif,6978801,4.156,5.9693,20.69,31.66,1.5302
slovenia,g13_00037_11.tif,6978804,4.156,5.9693,4.14,7.78,1.8792
slovenia,g13_00037_11.tif,6978822,4.156,5.9693,20.69,20.78,1.0043
slovenia,g13_00037_11.tif,6978823,4.156,5.9693,37.25,37.4,1.004
slovenia,g13_00037_11.tif,6978847,4.156,5.9693,20.69,20.78,1.0043
slovenia,g13_00037_11.tif,6978892,4.156,5.9693,7.57,10.39,1.3725
slovenia,g13_00037_11.tif,7019364,4.156,5.9693,25.71,35.33,1.3742
slovenia,g13_00037_11.tif,7019365,4.156,5.9693,48.86,64.17,1.3133
slovenia,g13_00037_11.tif,7019368,4.156,5.9693,60.51,73.63,1.2168
slovenia,g13_00037_11.tif,7019372,4.156,5.9693,77.8,93.58,1.2028
slovenia,g13_00037_11.tif,7019382,4.156,5.9693,19.27,20.78,1.0784
slovenia,g13_00037_11.tif,7020765,4.156,5.9693,37.25,44.71,1.2003
slovenia,g13_00037_11.tif,7055828,4.156,5.9693,20.69,31.66,1.5302
slovenia,g13_00037_12.tif,6567219,4.156,5.9693,19.27,23.49,1.219
slovenia,g13_00037_12.tif,6665747,4.156,5.9693,25.71,30.37,1.1813
slovenia,g13_00037_12.tif,6811437,4.156,5.9693,48.86,67.48,1.3811
slovenia,g13_00037_12.tif,6811440,4.156,5.9693,32.88,43.77,1.3312
slovenia,g13_00037_12.tif,6811441,4.156,5.9693,29.99,39.49,1.3168
slovenia,g13_00037_12.tif,6811445,4.156,5.9693,14.37,21.13,1.4704
slovenia,g13_00037_12.tif,6811450,4.156,5.9693,12.42,19.72,1.5878
slovenia,g13_00037_12.tif,6817921,4.156,5.9693,20.69,31.66,1.5302
slovenia,g13_00037_12.tif,6817922,4.156,5.9693,53.8,57.24,1.0639
slovenia,g13_00037_12.tif,6817995,4.156,5.9693,12.42,12.47,1.004
slovenia,g13_00037_12.tif,6997874,4.156,5.9693,32.88,44.71,1.3598
slovenia,g13_00037_12.tif,6997875,4.156,5.9693,22.04,30.37,1.3779
slovenia,g13_00037_12.tif,6997876,4.156,5.9693,4.14,7.78,1.8792
slovenia,g13_00037_12.tif,6997877,4.156,5.9693,29.99,36.78,1.2264
slovenia,g13_00037_12.tif,7055828,4.156,5.9693,12.42,12.47,1.004
slovenia,g13_00038_6.tif,6109564,4.156,5.9693,28.97,29.09,1.0041
slovenia,g13_00038_6.tif,6130933,4.156,5.9693,72.17,74.37,1.0305
slovenia,g13_00038_6.tif,6140151,4.156,5.9693,30.98,39.49,1.2747
slovenia,g13_00038_6.tif,6140154,4.156,5.9693,12.42,16.31,1.3132
slovenia,g13_00038_6.tif,6145059,4.156,5.9693,19.27,23.49,1.219
slovenia,g13_00038_6.tif,6159400,4.156,5.9693,19.27,20.78,1.0784
slovenia,g13_00038_6.tif,6184914,4.156,5.9693,62.6,79.2,1.2652
slovenia,g13_00038_6.tif,6184915,4.156,5.9693,25.71,30.37,1.1813
slovenia,g13_00038_6.tif,6194333,4.156,5.9693,22.04,30.37,1.3779
slovenia,g13_00038_6.tif,6228023,4.156,5.9693,22.04,23.49,1.0658
slovenia,g13_00038_6.tif,6228220,4.156,5.9693,19.27,20.78,1.0784
slovenia,g13_00038_6.tif,6237624,4.156,5.9693,55.55,71.12,1.2803
slovenia,g13_00038_6.tif,6237627,4.156,5.9693,30.98,39.49,1.2747
slovenia,g13_00038_6.tif,6269431,4.156,5.9693,37.25,43.77,1.175
slovenia,g13_00038_6.tif,6269471,4.156,5.9693,4.14,4.16,1.0048
slovenia,g13_00038_6.tif,6269554,4.156,5.9693,37.25,43.77,1.175
slovenia,g13_00038_6.tif,6361609,4.156,5.9693,7.57,10.39,1.3725
slovenia,g13_00038_6.tif,6361612,4.156,5.9693,25.71,35.33,1.3742
slovenia,g13_00038_6.tif,6379456,4.156,5.9693,37.25,49.72,1.3348
slovenia,g13_00038_6.tif,6379458,4.156,5.9693,30.98,36.78,1.1872
slovenia,g13_00038_6.tif,6379541,4.156,5.9693,7.57,10.39,1.3725
slovenia,g13_00038_6.tif,6379909,4.156,5.9693,7.57,10.39,1.3725
slovenia,g13_00038_6.tif,6381066,4.156,5.9693,29.99,36.78,1.2264
slovenia,g13_00038_6.tif,6381938,4.156,5.9693,42.68,54.03,1.2659
slovenia,g13_00038_6.tif,6403146,4.156,5.9693,14.37,20.78,1.4461
slovenia,g13_00038_6.tif,6403280,4.156,5.9693,14.37,16.31,1.135
slovenia,g13_00038_6.tif,6423333,4.156,5.9693,32.88,36.78,1.1186
slovenia,g13_00038_6.tif,6431627,4.156,5.9693,22.04,23.49,1.0658
slovenia,g13_00038_6.tif,6444162,4.156,5.9693,30.98,39.49,1.2747
slovenia,g13_00038_6.tif,6444163,4.156,5.9693,4.14,4.16,1.0048
slovenia,g13_00038_6.tif,6444164,4.156,5.9693,25.71,30.37,1.1813
slovenia,g13_00038_6.tif,6480177,4.156,5.9693,142.3,154.27,1.0841
slovenia,g13_00038_6.tif,6480179,4.156,5.9693,66.1,77.71,1.1756
slovenia,g13_00038_6.tif,6480180,4.156,5.9693,60.51,71.12,1.1753
slovenia,g13_00038_6.tif,6494413,4.156,5.9693,37.25,44.71,1.2003
slovenia,g13_00038_6.tif,6494415,4.156,5.9693,58.9,73.63,1.2501
slovenia,g13_00038_6.tif,6494535,4.156,5.9693,22.04,30.37,1.3779
slovenia,g13_00038_6.tif,6494536,4.156,5.9693,25.71,30.37,1.1813
slovenia,g13_00038_6.tif,6541375,4.156,5.9693,126.74,175.73,1.3865
slovenia,g13_00038_6.tif,6576186,4.156,5.9693,30.98,39.49,1.2747
slovenia,g13_00038_6.tif,6600268,4.156,5.9693,32.88,36.78,1.1186
slovenia,g13_00038_6.tif,6607477,4.156,5.9693,51.39,54.03,1.0514
slovenia,g13_00038_6.tif,6607480,4.156,5.9693,14.37,16.31,1.135
slovenia,g13_00038_6.tif,6607600,4.156,5.9693,19.27,20.78,1.0784
slovenia,g13_00038_6.tif,6611064,4.156,5.9693,22.04,23.49,1.0658
slovenia,g13_00038_6.tif,6611065,4.156,5.9693,53.8,55.24,1.0268
slovenia,g13_00038_6.tif,6611066,4.156,5.9693,32.88,36.78,1.1186
slovenia,g13_00038_6.tif,6611068,4.156,5.9693,14.37,16.31,1.135
slovenia,g13_00038_6.tif,6611080,4.156,5.9693,14.37,21.13,1.4704
slovenia,g13_00038_6.tif,6611084,4.156,5.9693,29.99,31.17,1.0393
slovenia,g13_00038_6.tif,6618718,4.156,5.9693,62.6,66.5,1.0623
slovenia,g13_00038_6.tif,6635358,4.156,5.9693,51.39,66.5,1.294
slovenia,g13_00038_6.tif,6638051,4.156,5.9693,32.88,43.77,1.3312
slovenia,g13_00038_6.tif,6649088,4.156,5.9693,66.1,77.71,1.1756
slovenia,g13_00038_6.tif,6649089,4.156,5.9693,99.58,125.97,1.265
slovenia,g13_00038_6.tif,6649121,4.156,5.9693,55.55,71.12,1.2803
slovenia,g13_00038_6.tif,6654300,4.156,5.9693,37.25,43.77,1.175
slovenia,g13_00038_6.tif,6657262,4.156,5.9693,83.85,105.04,1.2527
slovenia,g13_00038_6.tif,6657265,4.156,5.9693,42.68,50.71,1.1881
slovenia,g13_00038_6.tif,6657282,4.156,5.9693,7.57,10.39,1.3725
slovenia,g13_00038_6.tif,6666388,4.156,5.9693,70.36,84.59,1.2022
slovenia,g13_00038_6.tif,6666396,4.156,5.9693,46.21,57.24,1.2387
slovenia,g13_00038_6.tif,6666398,4.156,5.9693,60.51,77.71,1.2843
slovenia,g13_00038_6.tif,6666407,4.156,5.9693,14.37,16.31,1.135
slovenia,g13_00038_6.tif,6666413,4.156,5.9693,30.98,36.78,1.1872
slovenia,g13_00038_6.tif,6667534,4.156,5.9693,4.14,7.78,1.8792
slovenia,g13_00038_6.tif,6673254,4.156,5.9693,32.88,36.78,1.1186
slovenia,g13_00038_6.tif,6691868,4.156,5.9693,107.22,125.49,1.1704
slovenia,g13_00038_6.tif,6691876,4.156,5.9693,58.9,71.37,1.2117
slovenia,g13_00038_6.tif,6701095,4.156,5.9693,4.14,7.78,1.8792
slovenia,g13_00038_6.tif,6724494,4.156,5.9693,45.53,57.24,1.2572
slovenia,g13_00038_6.tif,6724495,4.156,5.9693,25.71,35.33,1.3742
slovenia,g13_00038_6.tif,6724892,4.156,5.9693,7.57,10.39,1.3725
slovenia,g13_00038_6.tif,6741086,4.156,5.9693,66.1,79.2,1.1982
slovenia,g13_00038_6.tif,6741099,4.156,5.9693,12.42,16.31,1.3132
slovenia,g13_00038_6.tif,6768406,4.156,5.9693,53.8,74.82,1.3907
slovenia,g13_00038_6.tif,6795328,4.156,5.9693,29.99,36.78,1.2264
slovenia,g13_00038_6.tif,6795331,4.156,5.9693,14.37,19.72,1.3723
slovenia,g13_00038_6.tif,6813630,4.156,5.9693,22.04,30.37,1.3779
slovenia,g13_00038_6.tif,6819386,4.156,5.9693,66.1,83.13,1.2576
slovenia,g13_00038_6.tif,6819390,4.156,5.9693,40.44,50.71,1.254
slovenia,g13_00038_6.tif,6819396,4.156,5.9693,37.25,44.71,1.2003
slovenia,g13_00038_6.tif,6819397,4.156,5.9693,118.07,151.41,1.2824
slovenia,g13_00038_6.tif,6842407,4.156,5.9693,42.68,50.71,1.1881
slovenia,g13_00038_6.tif,6842409,4.156,5.9693,25.71,30.37,1.1813
slovenia,g13_00038_6.tif,6842411,4.156,5.9693,58.9,73.63,1.2501
slovenia,g13_00038_6.tif,6842600,4.156,5.9693,55.55,71.12,1.2803
slovenia,g13_00038_6.tif,6890209,4.156,5.9693,55.55,71.12,1.2803
slovenia,g13_00038_6.tif,6892006,4.156,5.9693,118.91,139.11,1.1699
slovenia,g13_00038_6.tif,6892015,4.156,5.9693,42.68,50.71,1.1881
slovenia,g13_00038_6.tif,6892020,4.156,5.9693,37.25,43.77,1.175
slovenia,g13_00038_6.tif,6892024,4.156,5.9693,32.88,44.71,1.3598
slovenia,g13_00038_6.tif,6895917,4.156,5.9693,60.51,71.12,1.1753
slovenia,g13_00038_6.tif,6895921,4.156,5.9693,14.37,21.13,1.4704
slovenia,g13_00038_6.tif,6895943,4.156,5.9693,29.99,31.17,1.0393
slovenia,g13_00038_6.tif,6916511,4.156,5.9693,48.86,59.15,1.2106
slovenia,g13_00038_6.tif,6917530,4.156,5.9693,72.17,84.59,1.1721
slovenia,g13_00038_6.tif,6917544,4.156,5.9693,30.98,36.78,1.1872
slovenia,g13_00038_6.tif,6917547,4.156,5.9693,14.37,21.13,1.4704
slovenia,g13_00038_6.tif,6917551,4.156,5.9693,28.97,39.08,1.349
slovenia,g13_00038_6.tif,6925120,4.156,5.9693,83.85,98.18,1.1709
slovenia,g13_00038_6.tif,6925125,4.156,5.9693,30.98,36.78,1.1872
slovenia,g13_00038_6.tif,6936442,4.156,5.9693,14.37,16.31,1.135
slovenia,g13_00038_6.tif,6936465,4.156,5.9693,62.6,66.5,1.0623
slovenia,g13_00038_6.tif,6936466,4.156,5.9693,14.37,16.31,1.135
slovenia,g13_00038_6.tif,6941128,4.156,5.9693,37.25,45.72,1.2274
slovenia,g13_00038_6.tif,6941148,4.156,5.9693,30.98,36.78,1.1872
slovenia,g13_00038_6.tif,6941222,4.156,5.9693,37.25,44.71,1.2003
slovenia,g13_00038_6.tif,6966237,4.156,5.9693,37.25,44.71,1.2003
slovenia,g13_00038_6.tif,7019857,4.156,5.9693,19.27,24.94,1.2942
slovenia,g13_00038_6.tif,7033468,4.156,5.9693,69.9,82.32,1.1777
slovenia,g13_00038_6.tif,7033471,4.156,5.9693,44.13,45.72,1.036
slovenia,g13_00038_6.tif,7045314,4.156,5.9693,19.27,24.94,1.2942
slovenia,g13_00038_6.tif,7045315,4.156,5.9693,25.71,30.37,1.1813
slovenia,g13_00038_6.tif,7053332,4.156,5.9693,45.53,54.03,1.1867
slovenia,g13_00038_6.tif,7081992,4.156,5.9693,78.63,103.9,1.3214
slovenia,g13_00038_7.tif,6126171,4.1288,5.9693,14.37,16.25,1.1308
slovenia,g13_00038_7.tif,6126175,4.1288,5.9693,14.37,16.25,1.1308
slovenia,g13_00038_7.tif,6126230,4.1288,5.9693,4.14,4.13,0.9976
slovenia,g13_00038_7.tif,6130418,4.1288,5.9693,19.27,23.37,1.2128
slovenia,g13_00038_7.tif,6130654,4.1288,5.9693,12.42,12.39,0.9976
slovenia,g13_00038_7.tif,6147123,4.1288,5.9693,37.25,43.57,1.1697
slovenia,g13_00038_7.tif,6158926,4.1288,5.9693,14.37,21.14,1.4711
slovenia,g13_00038_7.tif,6159398,4.1288,5.9693,29.99,36.63,1.2214
slovenia,g13_00038_7.tif,6159399,4.1288,5.9693,14.37,19.75,1.3744
slovenia,g13_00038_7.tif,6159400,4.1288,5.9693,14.37,16.25,1.1308
slovenia,g13_00038_7.tif,6184916,4.1288,5.9693,25.71,30.28,1.1778
slovenia,g13_00038_7.tif,6269240,4.1288,5.9693,14.37,16.25,1.1308
slovenia,g13_00038_7.tif,6269242,4.1288,5.9693,14.37,16.25,1.1308
slovenia,g13_00038_7.tif,6270828,4.1288,5.9693,48.86,57.01,1.1668
slovenia,g13_00038_7.tif,6270904,4.1288,5.9693,37.25,43.57,1.1697
slovenia,g13_00038_7.tif,6280091,4.1288,5.9693,72.17,91.19,1.2635
slovenia,g13_00038_7.tif,6280213,4.1288,5.9693,19.27,21.14,1.097
slovenia,g13_00038_7.tif,6360843,4.1288,5.9693,54.39,58.41,1.0739
slovenia,g13_00038_7.tif,6379457,4.1288,5.9693,32.88,43.57,1.3251
slovenia,g13_00038_7.tif,6423327,4.1288,5.9693,37.25,43.57,1.1697
slovenia,g13_00038_7.tif,6431623,4.1288,5.9693,40.44,50.53,1.2495
slovenia,g13_00038_7.tif,6431626,4.1288,5.9693,48.86,64.09,1.3117
slovenia,g13_00038_7.tif,6431627,4.1288,5.9693,12.42,16.25,1.3084
slovenia,g13_00038_7.tif,6437594,4.1288,5.9693,60.51,70.85,1.1709
slovenia,g13_00038_7.tif,6444163,4.1288,5.9693,25.71,30.28,1.1778
slovenia,g13_00038_7.tif,6469751,4.1288,5.9693,60.51,70.85,1.1709
slovenia,g13_00038_7.tif,6469755,4.1288,5.9693,42.68,55.56,1.3018
slovenia,g13_00038_7.tif,6469759,4.1288,5.9693,37.25,43.57,1.1697
slovenia,g13_00038_7.tif,6469760,4.1288,5.9693,86.91,105.84,1.2178
slovenia,g13_00038_7.tif,6469773,4.1288,5.9693,48.21,50.87,1.0552
slovenia,g13_00038_7.tif,6478750,4.1288,5.9693,30.98,39.42,1.2724
slovenia,g13_00038_7.tif,6480179,4.1288,5.9693,42.68,45.42,1.0642
slovenia,g13_00038_7.tif,6494413,4.1288,5.9693,58.9,73.45,1.247
slovenia,g13_00038_7.tif,6494416,4.1288,5.9693,14.37,19.75,1.3744
slovenia,g13_00038_7.tif,6494419,4.1288,5.9693,12.42,16.25,1.3084
slovenia,g13_00038_7.tif,6499095,4.1288,5.9693,40.44,43.57,1.0774
slovenia,g13_00038_7.tif,6576174,4.1288,5.9693,66.1,77.39,1.1708
slovenia,g13_00038_7.tif,6576176,4.1288,5.9693,58.9,70.85,1.2029
slovenia,g13_00038_7.tif,6578503,4.1288,5.9693,14.37,19.75,1.3744
slovenia,g13_00038_7.tif,6581320,4.1288,5.9693,14.37,16.25,1.1308
slovenia,g13_00038_7.tif,6610264,4.1288,5.9693,62.6,70.85,1.1318
slovenia,g13_00038_7.tif,6632757,4.1288,5.9693,7.57,10.39,1.3725
slovenia,g13_00038_7.tif,6638044,4.1288,5.9693,96.9,126.52,1.3057
slovenia,g13_00038_7.tif,6638045,4.1288,5.9693,51.39,63.87,1.2428
slovenia,g13_00038_7.tif,6638051,4.1288,5.9693,32.88,43.57,1.3251
slovenia,g13_00038_7.tif,6642355,4.1288,5.9693,19.27,23.37,1.2128
slovenia,g13_00038_7.tif,6649522,4.1288,5.9693,7.57,10.39,1.3725
slovenia,g13_00038_7.tif,6649523,4.1288,5.9693,7.57,10.39,1.3725
slovenia,g13_00038_7.tif,6654301,4.1288,5.9693,25.71,30.28,1.1778
slovenia,g13_00038_7.tif,6655499,4.1288,5.9693,22.04,24.9,1.1298
slovenia,g13_00038_7.tif,6657266,4.1288,5.9693,29.99,36.63,1.2214
slovenia,g13_00038_7.tif,6657271,4.1288,5.9693,32.88,43.57,1.3251
slovenia,g13_00038_7.tif,6666388,4.1288,5.9693,83.85,97.76,1.1659
slovenia,g13_00038_7.tif,6666405,4.1288,5.9693,19.27,23.37,1.2128
slovenia,g13_00038_7.tif,6666412,4.1288,5.9693,19.27,24.9,1.2922
slovenia,g13_00038_7.tif,6691876,4.1288,5.9693,22.04,28.9,1.3113
slovenia,g13_00038_7.tif,6691878,4.1288,5.9693,28.97,36.63,1.2644
slovenia,g13_00038_7.tif,6701083,4.1288,5.9693,42.68,50.53,1.1839
slovenia,g13_00038_7.tif,6701223,4.1288,5.9693,42.68,50.53,1.1839
slovenia,g13_00038_7.tif,6712580,4.1288,5.9693,37.25,45.42,1.2193
slovenia,g13_00038_7.tif,6713322,4.1288,5.9693,83.85,97.76,1.1659
slovenia,g13_00038_7.tif,6713327,4.1288,5.9693,55.55,58.41,1.0515
slovenia,g13_00038_7.tif,6713330,4.1288,5.9693,12.42,16.25,1.3084
slovenia,g13_00038_7.tif,6717165,4.1288,5.9693,25.71,28.9,1.1241
slovenia,g13_00038_7.tif,6731644,4.1288,5.9693,48.86,54.89,1.1234
slovenia,g13_00038_7.tif,6731648,4.1288,5.9693,51.39,54.89,1.0681
slovenia,g13_00038_7.tif,6795320,4.1288,5.9693,103.47,131.87,1.2745
slovenia,g13_00038_7.tif,6807755,4.1288,5.9693,58.9,63.0,1.0696
slovenia,g13_00038_7.tif,6807764,4.1288,5.9693,25.71,28.9,1.1241
slovenia,g13_00038_7.tif,6869727,4.1288,5.9693,28.97,36.63,1.2644
slovenia,g13_00038_7.tif,6869735,4.1288,5.9693,48.21,50.87,1.0552
slovenia,g13_00038_7.tif,6869743,4.1288,5.9693,19.27,23.37,1.2128
slovenia,g13_00038_7.tif,6870746,4.1288,5.9693,7.57,10.39,1.3725
slovenia,g13_00038_7.tif,6892299,4.1288,5.9693,92.39,98.49,1.066
slovenia,g13_00038_7.tif,6892316,4.1288,5.9693,66.1,77.39,1.1708
slovenia,g13_00038_7.tif,6892360,4.1288,5.9693,4.14,7.81,1.8865
slovenia,g13_00038_7.tif,6917529,4.1288,5.9693,92.39,111.55,1.2074
slovenia,g13_00038_7.tif,6917530,4.1288,5.9693,72.17,84.21,1.1668
slovenia,g13_00038_7.tif,6917538,4.1288,5.9693,73.95,79.44,1.0742
slovenia,g13_00038_7.tif,6918158,4.1288,5.9693,62.6,78.96,1.2613
slovenia,g13_00038_7.tif,6936423,4.1288,5.9693,95.53,111.55,1.1677
slovenia,g13_00038_7.tif,6936435,4.1288,5.9693,30.98,36.63,1.1824
slovenia,g13_00038_7.tif,6936436,4.1288,5.9693,60.51,66.11,1.0925
slovenia,g13_00038_7.tif,6936437,4.1288,5.9693,88.4,97.76,1.1059
slovenia,g13_00038_7.tif,6936926,4.1288,5.9693,7.57,10.39,1.3725
slovenia,g13_00038_7.tif,6941128,4.1288,5.9693,95.19,105.19,1.1051
slovenia,g13_00038_7.tif,6941133,4.1288,5.9693,37.25,49.67,1.3334
slovenia,g13_00038_7.tif,6941134,4.1288,5.9693,48.86,58.41,1.1955
slovenia,g13_00038_7.tif,6941136,4.1288,5.9693,37.25,44.59,1.197
slovenia,g13_00038_7.tif,6941140,4.1288,5.9693,25.71,30.28,1.1778
slovenia,g13_00038_7.tif,6941152,4.1288,5.9693,66.1,77.39,1.1708
slovenia,g13_00038_7.tif,6966236,4.1288,5.9693,66.1,77.39,1.1708
slovenia,g13_00038_7.tif,6985662,4.1288,5.9693,42.68,50.53,1.1839
slovenia,g13_00038_7.tif,6985697,4.1288,5.9693,29.99,36.63,1.2214
slovenia,g13_00038_7.tif,6988129,4.1288,5.9693,37.25,38.85,1.043
slovenia,g13_00038_7.tif,7021385,4.1288,5.9693,53.8,61.93,1.1511
slovenia,g13_00038_7.tif,7033467,4.1288,5.9693,85.01,111.55,1.3122
slovenia,g13_00038_7.tif,7033474,4.1288,5.9693,40.44,43.57,1.0774
slovenia,g13_00038_7.tif,7045215,4.1288,5.9693,37.25,38.85,1.043
slovenia,g13_00038_7.tif,7045216,4.1288,5.9693,42.68,50.53,1.1839
slovenia,g13_00038_7.tif,7045311,4.1288,5.9693,30.98,39.42,1.2724
slovenia,g13_00038_7.tif,7045314,4.1288,5.9693,19.27,23.37,1.2128
slovenia,g13_00038_7.tif,7053311,4.1288,5.9693,19.27,24.9,1.2922
slovenia,g13_00038_7.tif,7053312,4.1288,5.9693,60.51,66.11,1.0925
slovenia,g13_00038_7.tif,7053332,4.1288,5.9693,95.53,105.87,1.1082
slovenia,g13_00038_7.tif,7053516,4.1288,5.9693,37.25,43.57,1.1697
slovenia,g13_00038_7.tif,7053517,4.1288,5.9693,37.25,43.57,1.1697
slovenia,g13_00038_8.tif,6109559,4.156,5.9693,25.71,35.33,1.3742
slovenia,g13_00038_8.tif,6109562,4.156,5.9693,28.97,31.66,1.0929
slovenia,g13_00038_8.tif,6118060,4.156,5.9693,12.42,16.31,1.3132
slovenia,g13_00038_8.tif,6164251,4.156,5.9693,37.25,43.77,1.175
slovenia,g13_00038_8.tif,6164252,4.156,5.9693,30.98,39.49,1.2747
slovenia,g13_00038_8.tif,6169855,4.156,5.9693,12.42,19.72,1.5878
slovenia,g13_00038_8.tif,6255856,4.156,5.9693,29.99,31.17,1.0393
slovenia,g13_00038_8.tif,6280091,4.156,5.9693,25.71,29.09,1.1315
slovenia,g13_00038_8.tif,6280094,4.156,5.9693,37.25,39.08,1.0491
slovenia,g13_00038_8.tif,6280213,4.156,5.9693,20.69,29.09,1.406
slovenia,g13_00038_8.tif,6289854,4.156,5.9693,55.55,63.4,1.1413
slovenia,g13_00038_8.tif,6289855,4.156,5.9693,58.9,68.58,1.1643
slovenia,g13_00038_8.tif,6289858,4.156,5.9693,25.71,30.37,1.1813
slovenia,g13_00038_8.tif,6289864,4.156,5.9693,19.27,24.94,1.2942
slovenia,g13_00038_8.tif,6311638,4.156,5.9693,22.04,23.49,1.0658
slovenia,g13_00038_8.tif,6338477,4.156,5.9693,44.13,47.12,1.0678
slovenia,g13_00038_8.tif,6338478,4.156,5.9693,37.25,43.77,1.175
slovenia,g13_00038_8.tif,6338479,4.156,5.9693,37.25,44.71,1.2003
slovenia,g13_00038_8.tif,6352222,4.156,5.9693,69.9,74.37,1.0639
slovenia,g13_00038_8.tif,6370959,4.156,5.9693,62.6,79.2,1.2652
slovenia,g13_00038_8.tif,6375563,4.156,5.9693,37.25,43.77,1.175
slovenia,g13_00038_8.tif,6375565,4.156,5.9693,30.98,39.49,1.2747
slovenia,g13_00038_8.tif,6375566,4.156,5.9693,37.25,44.71,1.2003
slovenia,g13_00038_8.tif,6375571,4.156,5.9693,22.04,30.37,1.3779
slovenia,g13_00038_8.tif,6426287,4.156,5.9693,95.53,111.99,1.1723
slovenia,g13_00038_8.tif,6426293,4.156,5.9693,32.88,43.77,1.3312
slovenia,g13_00038_8.tif,6434498,4.156,5.9693,48.21,51.14,1.0608
slovenia,g13_00038_8.tif,6437594,4.156,5.9693,62.6,71.37,1.1401
slovenia,g13_00038_8.tif,6437597,4.156,5.9693,48.21,51.14,1.0608
slovenia,g13_00038_8.tif,6448682,4.156,5.9693,48.21,51.14,1.0608
slovenia,g13_00038_8.tif,6452220,4.156,5.9693,95.53,111.99,1.1723
slovenia,g13_00038_8.tif,6485310,4.156,5.9693,62.08,71.37,1.1496
slovenia,g13_00038_8.tif,6488887,4.156,5.9693,37.25,39.08,1.0491
slovenia,g13_00038_8.tif,6493485,4.156,5.9693,12.42,12.47,1.004
slovenia,g13_00038_8.tif,6499099,4.156,5.9693,25.71,30.37,1.1813
slovenia,g13_00038_8.tif,6510318,4.156,5.9693,12.42,19.72,1.5878
slovenia,g13_00038_8.tif,6533293,4.156,5.9693,37.25,49.72,1.3348
slovenia,g13_00038_8.tif,6564617,4.156,5.9693,80.27,90.34,1.1255
slovenia,g13_00038_8.tif,6564644,4.156,5.9693,22.04,23.49,1.0658
slovenia,g13_00038_8.tif,6576176,4.156,5.9693,55.55,71.12,1.2803
slovenia,g13_00038_8.tif,6576182,4.156,5.9693,88.4,98.18,1.1106
slovenia,g13_00038_8.tif,6576184,4.156,5.9693,55.55,58.74,1.0574
slovenia,g13_00038_8.tif,6581272,4.156,5.9693,37.25,49.72,1.3348
slovenia,g13_00038_8.tif,6581292,4.156,5.9693,25.71,35.33,1.3742
slovenia,g13_00038_8.tif,6581301,4.156,5.9693,19.27,20.78,1.0784
slovenia,g13_00038_8.tif,6599677,4.156,5.9693,129.33,137.15,1.0605
slovenia,g13_00038_8.tif,6610267,4.156,5.9693,19.27,20.78,1.0784
slovenia,g13_00038_8.tif,6611046,4.156,5.9693,30.98,36.78,1.1872
slovenia,g13_00038_8.tif,6611050,4.156,5.9693,19.27,23.49,1.219
slovenia,g13_00038_8.tif,6615122,4.156,5.9693,88.4,94.04,1.0638
slovenia,g13_00038_8.tif,6621945,4.156,5.9693,29.99,36.78,1.2264
slovenia,g13_00038_8.tif,6635868,4.156,5.9693,79.05,115.23,1.4577
slovenia,g13_00038_8.tif,6635869,4.156,5.9693,110.85,117.6,1.0609
slovenia,g13_00038_8.tif,6655499,4.156,5.9693,51.39,55.24,1.0749
slovenia,g13_00038_8.tif,6662556,4.156,5.9693,32.88,36.78,1.1186
slovenia,g13_00038_8.tif,6701091,4.156,5.9693,40.44,43.77,1.0823
slovenia,g13_00038_8.tif,6706858,4.156,5.9693,54.39,64.17,1.1798
slovenia,g13_00038_8.tif,6712580,4.156,5.9693,95.53,113.71,1.1903
slovenia,g13_00038_8.tif,6712585,4.156,5.9693,96.9,122.2,1.2611
slovenia,g13_00038_8.tif,6712586,4.156,5.9693,103.47,143.04,1.3824
slovenia,g13_00038_8.tif,6712597,4.156,5.9693,83.85,105.57,1.259
slovenia,g13_00038_8.tif,6713321,4.156,5.9693,169.88,184.52,1.0862
slovenia,g13_00038_8.tif,6720040,4.156,5.9693,58.9,71.12,1.2075
slovenia,g13_00038_8.tif,6721585,4.156,5.9693,60.51,66.5,1.099
slovenia,g13_00038_8.tif,6780725,4.156,5.9693,37.25,44.71,1.2003
slovenia,g13_00038_8.tif,6782506,4.156,5.9693,37.25,49.72,1.3348
slovenia,g13_00038_8.tif,6782509,4.156,5.9693,25.71,35.33,1.3742
slovenia,g13_00038_8.tif,6782510,4.156,5.9693,60.51,73.63,1.2168
slovenia,g13_00038_8.tif,6782513,4.156,5.9693,37.25,49.72,1.3348
slovenia,g13_00038_8.tif,6782539,4.156,5.9693,44.13,47.12,1.0678
slovenia,g13_00038_8.tif,6782540,4.156,5.9693,110.85,117.6,1.0609
slovenia,g13_00038_8.tif,6782646,4.156,5.9693,44.13,47.12,1.0678
slovenia,g13_00038_8.tif,6785323,4.156,5.9693,45.53,63.4,1.3925
slovenia,g13_00038_8.tif,6810218,4.156,5.9693,67.07,74.37,1.1088
slovenia,g13_00038_8.tif,6810221,4.156,5.9693,60.51,66.5,1.099
slovenia,g13_00038_8.tif,6810232,4.156,5.9693,7.57,10.39,1.3725
slovenia,g13_00038_8.tif,6812394,4.156,5.9693,73.95,78.78,1.0653
slovenia,g13_00038_8.tif,6813475,4.156,5.9693,180.95,200.0,1.1053
slovenia,g13_00038_8.tif,6819393,4.156,5.9693,20.69,20.78,1.0043
slovenia,g13_00038_8.tif,6861937,4.156,5.9693,95.19,103.29,1.0851
slovenia,g13_00038_8.tif,6861990,4.156,5.9693,211.07,257.69,1.2209
slovenia,g13_00038_8.tif,6869727,4.156,5.9693,66.1,71.12,1.0759
slovenia,g13_00038_8.tif,6869743,4.156,5.9693,19.27,23.49,1.219
slovenia,g13_00038_8.tif,6869745,4.156,5.9693,19.27,24.94,1.2942
slovenia,g13_00038_8.tif,6870746,4.156,5.9693,7.57,10.39,1.3725
slovenia,g13_00038_8.tif,6887246,4.156,5.9693,45.53,54.03,1.1867
slovenia,g13_00038_8.tif,6888555,4.156,5.9693,20.69,31.66,1.5302
slovenia,g13_00038_8.tif,6888562,4.156,5.9693,29.99,31.17,1.0393
slovenia,g13_00038_8.tif,6889797,4.156,5.9693,19.27,20.78,1.0784
slovenia,g13_00038_8.tif,6889850,4.156,5.9693,48.21,51.14,1.0608
slovenia,g13_00038_8.tif,6892316,4.156,5.9693,37.25,39.49,1.0601
slovenia,g13_00038_8.tif,6892331,4.156,5.9693,44.13,47.12,1.0678
slovenia,g13_00038_8.tif,6892871,4.156,5.9693,32.88,36.78,1.1186
slovenia,g13_00038_8.tif,6917538,4.156,5.9693,70.36,78.78,1.1197
slovenia,g13_00038_8.tif,6917552,4.156,5.9693,66.58,71.37,1.0719
slovenia,g13_00038_8.tif,6936435,4.156,5.9693,30.98,37.4,1.2072
slovenia,g13_00038_8.tif,6936926,4.156,5.9693,7.57,10.39,1.3725
slovenia,g13_00038_8.tif,7011786,4.156,5.9693,7.57,10.39,1.3725
slovenia,g13_00038_8.tif,7021385,4.156,5.9693,40.44,45.72,1.1306
slovenia,g13_00038_8.tif,7021386,4.156,5.9693,88.4,94.04,1.0638
slovenia,g13_00039_8.tif,6103295,4.156,5.9693,79.05,111.05,1.4048
slovenia,g13_00039_8.tif,6103313,4.156,5.9693,22.04,23.49,1.0658
slovenia,g13_00039_8.tif,6141138,4.156,5.9693,70.36,74.37,1.057
slovenia,g13_00039_8.tif,6141145,4.156,5.9693,45.53,45.72,1.0042
slovenia,g13_00039_8.tif,6141151,4.156,5.9693,28.97,43.6,1.505
slovenia,g13_00039_8.tif,6141155,4.156,5.9693,20.69,30.37,1.4679
slovenia,g13_00039_8.tif,6141158,4.156,5.9693,14.37,19.72,1.3723
slovenia,g13_00039_8.tif,6141171,4.156,5.9693,20.69,20.78,1.0043
slovenia,g13_00039_8.tif,6296027,4.156,5.9693,25.71,32.61,1.2684
slovenia,g13_00039_8.tif,6321279,4.156,5.9693,37.25,37.4,1.004
slovenia,g13_00039_8.tif,6340059,4.156,5.9693,25.71,29.09,1.1315
slovenia,g13_00039_8.tif,6340061,4.156,5.9693,12.42,12.47,1.004
slovenia,g13_00039_8.tif,6340064,4.156,5.9693,20.69,20.78,1.0043
slovenia,g13_00039_8.tif,6511522,4.156,5.9693,20.69,20.78,1.0043
slovenia,g13_00039_8.tif,6511818,4.156,5.9693,28.97,29.09,1.0041
slovenia,g13_00039_8.tif,6511966,4.156,5.9693,44.13,45.72,1.036
slovenia,g13_00039_8.tif,6511968,4.156,5.9693,25.71,29.09,1.1315
slovenia,g13_00039_8.tif,6512030,4.156,5.9693,37.25,54.03,1.4505
slovenia,g13_00039_8.tif,6512032,4.156,5.9693,54.39,58.74,1.08
slovenia,g13_00039_8.tif,6514067,4.156,5.9693,20.69,20.78,1.0043
slovenia,g13_00039_8.tif,6516971,4.156,5.9693,12.42,12.47,1.004
slovenia,g13_00039_8.tif,6548426,4.156,5.9693,28.97,36.78,1.2696
slovenia,g13_00039_8.tif,6578793,4.156,5.9693,46.21,47.12,1.0197
slovenia,g13_00039_8.tif,6578819,4.156,5.9693,14.37,16.31,1.135
slovenia,g13_00039_8.tif,6603671,4.156,5.9693,77.38,79.82,1.0315
slovenia,g13_00039_8.tif,6603672,4.156,5.9693,20.69,31.66,1.5302
slovenia,g13_00039_8.tif,6603673,4.156,5.9693,19.27,24.94,1.2942
slovenia,g13_00039_8.tif,6610923,4.156,5.9693,19.27,20.78,1.0784
slovenia,g13_00039_8.tif,6630974,4.156,5.9693,73.95,82.32,1.1132
slovenia,g13_00039_8.tif,6630977,4.156,5.9693,45.53,45.72,1.0042
slovenia,g13_00039_8.tif,6630986,4.156,5.9693,38.07,43.77,1.1497
slovenia,g13_00039_8.tif,6630987,4.156,5.9693,32.88,37.4,1.1375
slovenia,g13_00039_8.tif,6679874,4.156,5.9693,12.42,19.72,1.5878
slovenia,g13_00039_8.tif,6679877,4.156,5.9693,28.97,37.4,1.291
slovenia,g13_00039_8.tif,6679881,4.156,5.9693,48.86,55.24,1.1306
slovenia,g13_00039_8.tif,6679885,4.156,5.9693,12.42,19.72,1.5878
slovenia,g13_00039_8.tif,6679888,4.156,5.9693,22.04,23.49,1.0658
slovenia,g13_00039_8.tif,6684198,4.156,5.9693,70.82,84.59,1.1944
slovenia,g13_00039_8.tif,6684203,4.156,5.9693,74.39,78.96,1.0614
slovenia,g13_00039_8.tif,6684211,4.156,5.9693,28.97,29.09,1.0041
slovenia,g13_00039_8.tif,6684214,4.156,5.9693,28.97,37.4,1.291
slovenia,g13_00039_8.tif,6684217,4.156,5.9693,25.71,29.09,1.1315
slovenia,g13_00039_8.tif,6687554,4.156,5.9693,70.36,70.65,1.0041
slovenia,g13_00039_8.tif,6687555,4.156,5.9693,70.36,74.37,1.057
slovenia,g13_00039_8.tif,6687557,4.156,5.9693,66.58,70.65,1.0611
slovenia,g13_00039_8.tif,6773785,4.156,5.9693,95.53,98.41,1.0301
slovenia,g13_00039_8.tif,6791107,4.156,5.9693,160.79,163.79,1.0187
slovenia,g13_00039_8.tif,6791115,4.156,5.9693,37.25,55.54,1.491
slovenia,g13_00039_8.tif,6791117,4.156,5.9693,111.15,114.64,1.0314
slovenia,g13_00039_8.tif,6791126,4.156,5.9693,80.27,82.32,1.0255
slovenia,g13_00039_8.tif,6791138,4.156,5.9693,73.95,78.78,1.0653
slovenia,g13_00039_8.tif,6791139,4.156,5.9693,74.39,78.78,1.059
slovenia,g13_00039_8.tif,6791161,4.156,5.9693,22.04,32.61,1.4796
slovenia,g13_00039_8.tif,6791164,4.156,5.9693,62.6,66.5,1.0623
slovenia,g13_00039_8.tif,6791211,4.156,5.9693,95.19,101.82,1.0697
slovenia,g13_00039_8.tif,6791220,4.156,5.9693,19.27,23.49,1.219
slovenia,g13_00039_8.tif,6799311,4.156,5.9693,37.25,55.54,1.491
slovenia,g13_00039_8.tif,6799319,4.156,5.9693,12.42,12.47,1.004
slovenia,g13_00039_8.tif,6799328,4.156,5.9693,12.42,12.47,1.004
slovenia,g13_00039_8.tif,6799333,4.156,5.9693,12.42,12.47,1.004
slovenia,g13_00039_8.tif,6800881,4.156,5.9693,7.57,10.39,1.3725
slovenia,g13_00039_8.tif,6801719,4.156,5.9693,22.04,23.49,1.0658
slovenia,g13_00039_8.tif,6802119,4.156,5.9693,22.04,23.49,1.0658
slovenia,g13_00039_8.tif,6815191,4.156,5.9693,64.12,92.79,1.4471
slovenia,g13_00039_8.tif,6815192,4.156,5.9693,80.27,86.35,1.0757
slovenia,g13_00039_8.tif,6815193,4.156,5.9693,74.39,104.57,1.4057
slovenia,g13_00039_8.tif,6815205,4.156,5.9693,87.29,88.05,1.0087
slovenia,g13_00039_8.tif,6815213,4.156,5.9693,12.42,12.47,1.004
slovenia,g13_00039_8.tif,6815214,4.156,5.9693,87.29,90.34,1.0349
slovenia,g13_00039_8.tif,6815222,4.156,5.9693,20.69,23.49,1.1353
slovenia,g13_00039_8.tif,6815231,4.156,5.9693,62.08,62.34,1.0042
slovenia,g13_00039_8.tif,6815267,4.156,5.9693,14.37,16.31,1.135
slovenia,g13_00039_8.tif,6819849,4.156,5.9693,86.91,127.17,1.4632
slovenia,g13_00039_8.tif,6819944,4.156,5.9693,88.4,90.34,1.0219
slovenia,g13_00039_8.tif,6845041,4.156,5.9693,45.53,67.48,1.4821
slovenia,g13_00039_8.tif,6845042,4.156,5.9693,38.07,39.08,1.0265
slovenia,g13_00039_8.tif,6845046,4.156,5.9693,46.21,50.71,1.0974
slovenia,g13_00039_8.tif,6862048,4.156,5.9693,103.47,104.56,1.0105
slovenia,g13_00039_8.tif,6862173,4.156,5.9693,158.48,162.08,1.0227
slovenia,g13_00039_8.tif,6862202,4.156,5.9693,70.82,103.61,1.463
slovenia,g13_00039_8.tif,6862221,4.156,5.9693,86.91,94.04,1.082
slovenia,g13_00039_8.tif,6913075,4.156,5.9693,37.25,55.54,1.491
slovenia,g13_00039_8.tif,6913077,4.156,5.9693,28.97,29.09,1.0041
slovenia,g13_00039_8.tif,6993498,4.156,5.9693,95.53,118.64,1.2419
slovenia,g13_00039_8.tif,6993504,4.156,5.9693,74.39,78.96,1.0614
slovenia,g13_00039_8.tif,6993509,4.156,5.9693,100.56,130.96,1.3023
slovenia,g13_00039_8.tif,6993516,4.156,5.9693,38.07,56.11,1.4739
slovenia,g13_00039_8.tif,6993526,4.156,5.9693,37.25,46.41,1.2459
slovenia,g13_00039_8.tif,7002189,4.156,5.9693,12.42,19.72,1.5878
slovenia,g13_00039_8.tif,7002195,4.156,5.9693,85.01,87.28,1.0267
slovenia,g13_00039_8.tif,7002203,4.156,5.9693,7.57,10.39,1.3725
slovenia,g13_00039_8.tif,7002205,4.156,5.9693,14.37,19.72,1.3723
slovenia,g13_00039_8.tif,7002209,4.156,5.9693,51.39,54.03,1.0514
slovenia,g13_00039_8.tif,7002423,4.156,5.9693,12.42,19.72,1.5878
slovenia,g13_00039_8.tif,7004034,4.156,5.9693,32.88,44.32,1.3479
slovenia,g13_00039_8.tif,7004067,4.156,5.9693,12.42,19.72,1.5878
slovenia,g13_00039_8.tif,7004079,4.156,5.9693,22.04,31.66,1.4365
slovenia,g13_00039_8.tif,7011921,4.156,5.9693,12.42,12.47,1.004
slovenia,g13_00039_8.tif,7014213,4.156,5.9693,12.42,19.72,1.5878
slovenia,g13_00039_8.tif,7014214,4.156,5.9693,25.71,29.09,1.1315
slovenia,g13_00040_10.tif,6109342,4.157,5.9693,19.27,23.5,1.2195
slovenia,g13_00040_10.tif,6109484,4.157,5.9693,14.37,21.13,1.4704
slovenia,g13_00040_10.tif,6111973,4.157,5.9693,14.37,16.31,1.135
slovenia,g13_00040_10.tif,6114202,4.157,5.9693,48.21,64.18,1.3313
slovenia,g13_00040_10.tif,6114204,4.157,5.9693,22.04,32.61,1.4796
slovenia,g13_00040_10.tif,6115472,4.157,5.9693,14.37,21.13,1.4704
slovenia,g13_00040_10.tif,6115476,4.157,5.9693,19.27,24.94,1.2942
slovenia,g13_00040_10.tif,6115999,4.157,5.9693,51.39,68.58,1.3345
slovenia,g13_00040_10.tif,6117486,4.157,5.9693,66.1,91.56,1.3852
slovenia,g13_00040_10.tif,6117843,4.157,5.9693,12.42,19.72,1.5878
slovenia,g13_00040_10.tif,6173707,4.157,5.9693,53.8,74.39,1.3827
slovenia,g13_00040_10.tif,6178445,4.157,5.9693,60.51,71.13,1.1755
slovenia,g13_00040_10.tif,6178446,4.157,5.9693,58.9,78.8,1.3379
slovenia,g13_00040_10.tif,6178449,4.157,5.9693,48.86,57.25,1.1717
slovenia,g13_00040_10.tif,6178451,4.157,5.9693,25.71,35.33,1.3742
slovenia,g13_00040_10.tif,6178453,4.157,5.9693,32.88,39.49,1.201
slovenia,g13_00040_10.tif,6178454,4.157,5.9693,29.99,39.49,1.3168
slovenia,g13_00040_10.tif,6178456,4.157,5.9693,37.25,49.72,1.3348
slovenia,g13_00040_10.tif,6178460,4.157,5.9693,20.69,30.37,1.4679
slovenia,g13_00040_10.tif,6347767,4.157,5.9693,22.04,30.37,1.3779
slovenia,g13_00040_10.tif,6474742,4.157,5.9693,69.9,94.56,1.3528
slovenia,g13_00040_10.tif,6505604,4.157,5.9693,14.37,16.31,1.135
slovenia,g13_00040_10.tif,6514747,4.157,5.9693,20.69,24.94,1.2054
slovenia,g13_00040_10.tif,6514752,4.157,5.9693,12.42,19.72,1.5878
slovenia,g13_00040_10.tif,6582123,4.157,5.9693,28.97,39.49,1.3631
slovenia,g13_00040_10.tif,6582124,4.157,5.9693,40.44,56.11,1.3875
slovenia,g13_00040_10.tif,6582135,4.157,5.9693,48.86,64.17,1.3133
slovenia,g13_00040_10.tif,6582137,4.157,5.9693,44.13,57.81,1.31
slovenia,g13_00040_10.tif,6582147,4.157,5.9693,40.44,54.04,1.3363
slovenia,g13_00040_10.tif,6582150,4.157,5.9693,25.71,35.33,1.3742
slovenia,g13_00040_10.tif,6582158,4.157,5.9693,28.97,39.49,1.3631
slovenia,g13_00040_10.tif,6756441,4.157,5.9693,112.92,127.17,1.1262
slovenia,g13_00040_10.tif,6763487,4.157,5.9693,25.71,30.37,1.1813
slovenia,g13_00040_10.tif,6794900,4.157,5.9693,37.25,49.72,1.3348
slovenia,g13_00040_10.tif,6818904,4.157,5.9693,82.28,99.43,1.2084
slovenia,g13_00040_10.tif,6818905,4.157,5.9693,88.4,108.02,1.2219
slovenia,g13_00040_10.tif,6837891,4.157,5.9693,25.71,29.1,1.1319
slovenia,g13_00040_10.tif,6837894,4.157,5.9693,25.71,30.37,1.1813
slovenia,g13_00040_10.tif,6916729,4.157,5.9693,22.04,23.5,1.0662
slovenia,g13_00040_10.tif,6992900,4.157,5.9693,22.04,30.37,1.3779
slovenia,g13_00040_10.tif,6992903,4.157,5.9693,90.24,127.17,1.4092
slovenia,g13_00040_10.tif,6992920,4.157,5.9693,37.25,55.54,1.491
slovenia,g13_00040_10.tif,6992927,4.157,5.9693,48.86,64.17,1.3133
slovenia,g13_00040_10.tif,6992929,4.157,5.9693,45.53,51.15,1.1234
slovenia,g13_00040_10.tif,6992936,4.157,5.9693,37.25,49.72,1.3348
slovenia,g13_00040_10.tif,6992942,4.157,5.9693,58.9,71.13,1.2076
slovenia,g13_00040_10.tif,6992943,4.157,5.9693,40.44,50.71,1.254
slovenia,g13_00040_10.tif,6993274,4.157,5.9693,7.57,10.39,1.3725
slovenia,g13_00040_10.tif,6993620,4.157,5.9693,4.14,4.16,1.0048
slovenia,g13_00040_10.tif,7044925,4.157,5.9693,25.71,30.37,1.1813
slovenia,g13_00040_11.tif,6114200,4.157,5.9693,62.6,71.13,1.1363
slovenia,g13_00040_11.tif,6173708,4.157,5.9693,29.99,39.49,1.3168
slovenia,g13_00040_11.tif,6357693,4.157,5.9693,22.04,29.1,1.3203
slovenia,g13_00040_11.tif,6514734,4.157,5.9693,99.58,136.74,1.3732
slovenia,g13_00040_11.tif,6514746,4.157,5.9693,60.51,71.13,1.1755
slovenia,g13_00040_11.tif,6514747,4.157,5.9693,40.44,57.81,1.4295
slovenia,g13_00040_11.tif,6514748,4.157,5.9693,51.39,68.58,1.3345
slovenia,g13_00040_11.tif,6514749,4.157,5.9693,54.39,64.18,1.18
slovenia,g13_00040_11.tif,6514758,4.157,5.9693,14.37,16.31,1.135
slovenia,g13_00040_11.tif,6514760,4.157,5.9693,37.25,44.72,1.2005
slovenia,g13_00040_11.tif,6531463,4.157,5.9693,69.9,78.8,1.1273
slovenia,g13_00040_11.tif,6558182,4.157,5.9693,28.97,43.6,1.505
slovenia,g13_00040_11.tif,6558183,4.157,5.9693,29.99,36.78,1.2264
slovenia,g13_00040_11.tif,6558186,4.157,5.9693,25.71,35.33,1.3742
slovenia,g13_00040_11.tif,6558188,4.157,5.9693,29.99,39.49,1.3168
slovenia,g13_00040_11.tif,6558191,4.157,5.9693,19.27,24.94,1.2942
slovenia,g13_00040_11.tif,6660158,4.157,5.9693,48.86,57.25,1.1717
slovenia,g13_00040_11.tif,6660160,4.157,5.9693,72.17,78.8,1.0919
slovenia,g13_00040_11.tif,6660179,4.157,5.9693,25.71,30.37,1.1813
slovenia,g13_00040_11.tif,6756446,4.157,5.9693,81.08,105.05,1.2956
slovenia,g13_00040_11.tif,6756466,4.157,5.9693,29.99,36.78,1.2264
slovenia,g13_00040_11.tif,6794918,4.157,5.9693,32.88,44.72,1.3601
slovenia,g13_00040_11.tif,6861895,4.157,5.9693,128.3,179.68,1.4005
slovenia,g13_00040_11.tif,6862097,4.157,5.9693,95.19,139.11,1.4614
slovenia,g13_00040_9.tif,6110267,4.157,5.9693,19.27,20.79,1.0789
slovenia,g13_00040_9.tif,6110269,4.157,5.9693,22.04,23.5,1.0662
slovenia,g13_00040_9.tif,6115993,4.157,5.9693,72.17,84.61,1.1724
slovenia,g13_00040_9.tif,6115996,4.157,5.9693,12.42,19.72,1.5878
slovenia,g13_00040_9.tif,6117484,4.157,5.9693,20.69,31.66,1.5302
slovenia,g13_00040_9.tif,6117486,4.157,5.9693,4.14,7.78,1.8792
slovenia,g13_00040_9.tif,6117516,4.157,5.9693,83.85,107.69,1.2843
slovenia,g13_00040_9.tif,6117535,4.157,5.9693,51.39,71.69,1.395
slovenia,g13_00040_9.tif,6117537,4.157,5.9693,22.04,30.37,1.3779
slovenia,g13_00040_9.tif,6117836,4.157,5.9693,19.27,23.5,1.2195
slovenia,g13_00040_9.tif,6117837,4.157,5.9693,55.55,68.58,1.2346
slovenia,g13_00040_9.tif,6117838,4.157,5.9693,25.71,35.33,1.3742
slovenia,g13_00040_9.tif,6117841,4.157,5.9693,14.37,20.79,1.4468
slovenia,g13_00040_9.tif,6117851,4.157,5.9693,12.42,16.31,1.3132
slovenia,g13_00040_9.tif,6117978,4.157,5.9693,7.57,10.39,1.3725
slovenia,g13_00040_9.tif,6188331,4.157,5.9693,79.05,90.36,1.1431
slovenia,g13_00040_9.tif,6188346,4.157,5.9693,20.69,31.66,1.5302
slovenia,g13_00040_9.tif,6298397,4.157,5.9693,40.44,50.71,1.254
slovenia,g13_00040_9.tif,6298411,4.157,5.9693,29.99,36.78,1.2264
slovenia,g13_00040_9.tif,6342651,4.157,5.9693,37.25,43.78,1.1753
slovenia,g13_00040_9.tif,6342799,4.157,5.9693,48.21,57.25,1.1875
slovenia,g13_00040_9.tif,6474734,4.157,5.9693,40.44,45.73,1.1308
slovenia,g13_00040_9.tif,6474735,4.157,5.9693,40.44,43.78,1.0826
slovenia,g13_00040_9.tif,6474736,4.157,5.9693,60.51,71.13,1.1755
slovenia,g13_00040_9.tif,6702104,4.157,5.9693,19.27,24.94,1.2942
slovenia,g13_00040_9.tif,6763468,4.157,5.9693,73.95,91.56,1.2381
slovenia,g13_00040_9.tif,6794900,4.157,5.9693,37.25,43.6,1.1705
slovenia,g13_00040_9.tif,6794910,4.157,5.9693,62.6,88.14,1.408
slovenia,g13_00040_9.tif,6794917,4.157,5.9693,45.53,64.17,1.4094
slovenia,g13_00040_9.tif,6796023,4.157,5.9693,111.74,158.87,1.4218
slovenia,g13_00040_9.tif,6796047,4.157,5.9693,70.36,97.68,1.3883
slovenia,g13_00040_9.tif,6818904,4.157,5.9693,20.69,24.94,1.2054
slovenia,g13_00040_9.tif,7017156,4.157,5.9693,40.44,47.14,1.1657
slovenia,g13_00043_2.tif,6103608,4.1581,6.0086,146.91,155.67,1.0596
slovenia,g13_00043_2.tif,6114199,4.1581,6.0086,66.1,88.51,1.339
slovenia,g13_00043_2.tif,6150089,4.1581,6.0086,20.69,31.89,1.5413
slovenia,g13_00043_2.tif,6192019,4.1581,6.0086,81.08,112.75,1.3906
slovenia,g13_00043_2.tif,6194323,4.1581,6.0086,14.37,16.36,1.1385
slovenia,g13_00043_2.tif,6194327,4.1581,6.0086,12.42,12.47,1.004
slovenia,g13_00043_2.tif,6197158,4.1581,6.0086,66.1,79.5,1.2027
slovenia,g13_00043_2.tif,6197159,4.1581,6.0086,7.57,10.46,1.3818
slovenia,g13_00043_2.tif,6233721,4.1581,6.0086,48.86,55.28,1.1314
slovenia,g13_00043_2.tif,6285155,4.1581,6.0086,12.42,12.47,1.004
slovenia,g13_00043_2.tif,6299590,4.1581,6.0086,40.44,58.19,1.4389
slovenia,g13_00043_2.tif,6299599,4.1581,6.0086,20.69,20.79,1.0048
slovenia,g13_00043_2.tif,6367461,4.1581,6.0086,12.42,19.88,1.6006
slovenia,g13_00043_2.tif,6367495,4.1581,6.0086,12.42,19.88,1.6006
slovenia,g13_00043_2.tif,6367534,4.1581,6.0086,14.37,20.79,1.4468
slovenia,g13_00043_2.tif,6367591,4.1581,6.0086,20.69,31.89,1.5413
slovenia,g13_00043_2.tif,6381201,4.1581,6.0086,142.3,159.84,1.1233
slovenia,g13_00043_2.tif,6387956,4.1581,6.0086,55.55,73.94,1.3311
slovenia,g13_00043_2.tif,6387960,4.1581,6.0086,95.88,132.27,1.3795
slovenia,g13_00043_2.tif,6387964,4.1581,6.0086,62.6,86.3,1.3786
slovenia,g13_00043_2.tif,6387971,4.1581,6.0086,12.42,19.88,1.6006
slovenia,g13_00043_2.tif,6404495,4.1581,6.0086,12.42,12.47,1.004
slovenia,g13_00043_2.tif,6527282,4.1581,6.0086,25.71,35.55,1.3827
slovenia,g13_00043_2.tif,6527283,4.1581,6.0086,25.71,35.55,1.3827
slovenia,g13_00043_2.tif,6531432,4.1581,6.0086,168.7,180.52,1.0701
slovenia,g13_00043_2.tif,6531464,4.1581,6.0086,56.12,62.37,1.1114
slovenia,g13_00043_2.tif,6630470,4.1581,6.0086,103.47,117.72,1.1377
slovenia,g13_00043_2.tif,6641467,4.1581,6.0086,66.58,89.68,1.347
slovenia,g13_00043_2.tif,6756422,4.1581,6.0086,62.08,68.91,1.11
slovenia,g13_00043_2.tif,6764580,4.1581,6.0086,46.21,64.52,1.3962
slovenia,g13_00043_2.tif,6820365,4.1581,6.0086,96.9,112.32,1.1591
slovenia,g13_00043_2.tif,6840405,4.1581,6.0086,116.38,122.88,1.0559
slovenia,g13_00043_2.tif,6916728,4.1581,6.0086,12.42,19.88,1.6006
slovenia,g13_00043_2.tif,6930263,4.1581,6.0086,14.37,21.27,1.4802
slovenia,g13_00043_2.tif,6985638,4.1581,6.0086,4.14,7.86,1.8986
slovenia,g13_00043_2.tif,6985642,4.1581,6.0086,132.37,161.47,1.2198
slovenia,g13_00043_2.tif,6985658,4.1581,6.0086,66.1,71.51,1.0818
slovenia,g13_00043_2.tif,7016238,4.1581,6.0086,66.58,89.68,1.347
slovenia,g13_00043_3.tif,6128503,4.1581,6.0086,48.21,64.52,1.3383
slovenia,g13_00043_3.tif,6128508,4.1581,6.0086,37.25,39.12,1.0502
slovenia,g13_00043_3.tif,6178461,4.1581,6.0086,54.39,75.25,1.3835
slovenia,g13_00043_3.tif,6178539,4.1581,6.0086,7.57,10.46,1.3818
slovenia,g13_00043_3.tif,6194313,4.1581,6.0086,73.95,84.79,1.1466
slovenia,g13_00043_3.tif,6194317,4.1581,6.0086,51.39,64.31,1.2514
slovenia,g13_00043_3.tif,6194320,4.1581,6.0086,48.21,55.28,1.1467
slovenia,g13_00043_3.tif,6194323,4.1581,6.0086,14.37,16.36,1.1385
slovenia,g13_00043_3.tif,6218804,4.1581,6.0086,20.69,20.79,1.0048
slovenia,g13_00043_3.tif,6219010,4.1581,6.0086,66.1,71.51,1.0818
slovenia,g13_00043_3.tif,6219026,4.1581,6.0086,66.1,77.92,1.1788
slovenia,g13_00043_3.tif,6221697,4.1581,6.0086,20.69,31.89,1.5413
slovenia,g13_00043_3.tif,6221698,4.1581,6.0086,29.99,39.68,1.3231
slovenia,g13_00043_3.tif,6221700,4.1581,6.0086,14.37,19.88,1.3834
slovenia,g13_00043_3.tif,6221852,4.1581,6.0086,14.37,21.27,1.4802
slovenia,g13_00043_3.tif,6222908,4.1581,6.0086,19.27,23.53,1.2211
slovenia,g13_00043_3.tif,6222909,4.1581,6.0086,28.97,29.11,1.0048
slovenia,g13_00043_3.tif,6225383,4.1581,6.0086,44.13,51.23,1.1609
slovenia,g13_00043_3.tif,6225384,4.1581,6.0086,20.69,20.79,1.0048
slovenia,g13_00043_3.tif,6233721,4.1581,6.0086,48.86,57.4,1.1748
slovenia,g13_00043_3.tif,6233722,4.1581,6.0086,44.13,55.93,1.2674
slovenia,g13_00043_3.tif,6233723,4.1581,6.0086,45.53,51.23,1.1252
slovenia,g13_00043_3.tif,6233724,4.1581,6.0086,29.99,31.21,1.0407
slovenia,g13_00043_3.tif,6245732,4.1581,6.0086,40.44,54.3,1.3427
slovenia,g13_00043_3.tif,6285140,4.1581,6.0086,14.37,16.36,1.1385
slovenia,g13_00043_3.tif,6285141,4.1581,6.0086,37.25,43.91,1.1788
slovenia,g13_00043_3.tif,6285143,4.1581,6.0086,28.97,43.91,1.5157
slovenia,g13_00043_3.tif,6285144,4.1581,6.0086,28.97,29.11,1.0048
slovenia,g13_00043_3.tif,6285148,4.1581,6.0086,28.97,36.88,1.273
slovenia,g13_00043_3.tif,6285149,4.1581,6.0086,19.27,21.27,1.1038
slovenia,g13_00043_3.tif,6285154,4.1581,6.0086,37.25,37.42,1.0046
slovenia,g13_00043_3.tif,6285155,4.1581,6.0086,25.71,30.48,1.1855
slovenia,g13_00043_3.tif,6285158,4.1581,6.0086,12.42,16.36,1.3172
slovenia,g13_00043_3.tif,6285411,4.1581,6.0086,12.42,19.88,1.6006
slovenia,g13_00043_3.tif,6296796,4.1581,6.0086,46.21,64.52,1.3962
slovenia,g13_00043_3.tif,6296853,4.1581,6.0086,55.55,58.82,1.0589
slovenia,g13_00043_3.tif,6296874,4.1581,6.0086,12.42,12.47,1.004
slovenia,g13_00043_3.tif,6327061,4.1581,6.0086,74.39,104.0,1.398
slovenia,g13_00043_3.tif,6514733,4.1581,6.0086,283.19,325.69,1.1501
slovenia,g13_00043_3.tif,6514737,4.1581,6.0086,86.91,105.27,1.2113
slovenia,g13_00043_3.tif,6514738,4.1581,6.0086,69.9,97.57,1.3959
slovenia,g13_00043_3.tif,6514745,4.1581,6.0086,12.42,12.47,1.004
slovenia,g13_00043_3.tif,6514757,4.1581,6.0086,58.9,71.34,1.2112
slovenia,g13_00043_3.tif,6514762,4.1581,6.0086,89.51,99.18,1.108
slovenia,g13_00043_3.tif,6630470,4.1581,6.0086,126.74,141.84,1.1191
slovenia,g13_00043_3.tif,6660149,4.1581,6.0086,55.55,71.65,1.2898
slovenia,g13_00043_3.tif,6660167,4.1581,6.0086,60.51,71.34,1.179
slovenia,g13_00043_3.tif,6660169,4.1581,6.0086,25.71,29.11,1.1322
slovenia,g13_00043_3.tif,6660172,4.1581,6.0086,19.27,25.07,1.301
slovenia,g13_00043_3.tif,6660175,4.1581,6.0086,128.56,137.22,1.0674
slovenia,g13_00043_3.tif,6660183,4.1581,6.0086,7.57,10.46,1.3818
slovenia,g13_00043_3.tif,6661741,4.1581,6.0086,163.46,187.32,1.146
slovenia,g13_00043_3.tif,6661764,4.1581,6.0086,85.01,108.23,1.2731
slovenia,g13_00043_3.tif,6756422,4.1581,6.0086,107.22,125.79,1.1732
slovenia,g13_00043_3.tif,6756430,4.1581,6.0086,62.6,89.68,1.4326
slovenia,g13_00043_3.tif,6756435,4.1581,6.0086,30.98,36.88,1.1904
slovenia,g13_00043_3.tif,6756463,4.1581,6.0086,40.44,43.87,1.0848
slovenia,g13_00043_3.tif,6820365,4.1581,6.0086,95.19,105.91,1.1126
slovenia,g13_00043_3.tif,6916723,4.1581,6.0086,60.51,66.58,1.1003
slovenia,g13_00043_3.tif,6985658,4.1581,6.0086,66.1,77.92,1.1788
slovenia,g13_00043_3.tif,6985741,4.1581,6.0086,69.9,86.48,1.2372
slovenia,g13_00043_3.tif,7077538,4.1581,6.0086,25.71,32.84,1.2773
slovenia,g13_00043_3.tif,7077539,4.1581,6.0086,20.69,20.79,1.0048
slovenia,g13_00043_4.tif,6164648,4.1581,6.0086,12.42,16.36,1.3172
slovenia,g13_00043_4.tif,6164649,4.1581,6.0086,12.42,19.88,1.6006
slovenia,g13_00043_4.tif,6164650,4.1581,6.0086,92.39,117.16,1.2681
slovenia,g13_00043_4.tif,6164653,4.1581,6.0086,14.37,21.27,1.4802
slovenia,g13_00043_4.tif,6164654,4.1581,6.0086,12.42,19.88,1.6006
slovenia,g13_00043_4.tif,6164817,4.1581,6.0086,66.58,88.11,1.3234
slovenia,g13_00043_4.tif,6170221,4.1581,6.0086,81.08,103.09,1.2715
slovenia,g13_00043_4.tif,6170237,4.1581,6.0086,37.25,54.3,1.4577
slovenia,g13_00043_4.tif,6218807,4.1581,6.0086,55.55,68.91,1.2405
slovenia,g13_00043_4.tif,6222910,4.1581,6.0086,90.24,105.29,1.1668
slovenia,g13_00043_4.tif,6266455,4.1581,6.0086,81.08,109.0,1.3444
slovenia,g13_00043_4.tif,6285144,4.1581,6.0086,37.25,37.42,1.0046
slovenia,g13_00043_4.tif,6285146,4.1581,6.0086,66.58,71.51,1.074
slovenia,g13_00043_4.tif,6285149,4.1581,6.0086,28.97,35.55,1.2271
slovenia,g13_00043_4.tif,6285322,4.1581,6.0086,45.53,60.9,1.3376
slovenia,g13_00043_4.tif,6357692,4.1581,6.0086,66.58,88.51,1.3294
slovenia,g13_00043_4.tif,6357693,4.1581,6.0086,58.9,64.52,1.0954
slovenia,g13_00043_4.tif,6357698,4.1581,6.0086,66.58,71.51,1.074
slovenia,g13_00043_4.tif,6410552,4.1581,6.0086,45.53,59.4,1.3046
slovenia,g13_00043_4.tif,6514737,4.1581,6.0086,90.24,108.44,1.2017
slovenia,g13_00043_4.tif,6514739,4.1581,6.0086,12.42,12.47,1.004
slovenia,g13_00043_4.tif,6514741,4.1581,6.0086,69.9,74.45,1.0651
slovenia,g13_00043_4.tif,6514745,4.1581,6.0086,44.13,47.17,1.0689
slovenia,g13_00043_4.tif,6514750,4.1581,6.0086,55.55,71.34,1.2842
slovenia,g13_00043_4.tif,6514758,4.1581,6.0086,74.39,84.79,1.1398
slovenia,g13_00043_4.tif,6514765,4.1581,6.0086,32.88,37.42,1.1381
slovenia,g13_00043_4.tif,6514766,4.1581,6.0086,55.55,71.34,1.2842
slovenia,g13_00043_4.tif,6644256,4.1581,6.0086,20.69,30.48,1.4732
slovenia,g13_00043_4.tif,6644270,4.1581,6.0086,60.51,77.92,1.2877
slovenia,g13_00043_4.tif,6644284,4.1581,6.0086,54.39,63.45,1.1666
slovenia,g13_00043_4.tif,6660158,4.1581,6.0086,48.86,57.4,1.1748
slovenia,g13_00043_4.tif,6660164,4.1581,6.0086,48.21,51.23,1.0626
slovenia,g13_00043_4.tif,6660175,4.1581,6.0086,45.53,45.74,1.0046
slovenia,g13_00043_4.tif,6660179,4.1581,6.0086,32.88,36.88,1.1217
slovenia,g13_00043_4.tif,6756449,4.1581,6.0086,37.25,50.0,1.3423
slovenia,g13_00043_4.tif,6756469,4.1581,6.0086,20.69,31.89,1.5413
slovenia,g13_00043_4.tif,6756472,4.1581,6.0086,12.42,19.88,1.6006
slovenia,g13_00043_4.tif,6836164,4.1581,6.0086,48.21,64.52,1.3383
slovenia,g13_00043_4.tif,6916730,4.1581,6.0086,12.42,12.47,1.004
slovenia,g13_00043_4.tif,6919721,4.1581,6.0086,58.9,75.25,1.2776
slovenia,g13_00043_4.tif,7050884,4.1581,6.0086,37.25,50.0,1.3423
slovenia,g13_00043_4.tif,7050885,4.1581,6.0086,14.37,16.36,1.1385
slovenia,g13_00043_4.tif,7050902,4.1581,6.0086,12.42,19.88,1.6006
slovenia,g13_00045_14.tif,6150089,4.1591,6.0086,62.08,62.39,1.005
slovenia,g13_00045_14.tif,6277952,4.1591,6.0086,53.8,54.07,1.005
slovenia,g13_00045_14.tif,6299599,4.1591,6.0086,20.69,20.8,1.0053
slovenia,g13_00045_14.tif,6367461,4.1591,6.0086,28.97,29.11,1.0048
slovenia,g13_00045_14.tif,6367495,4.1591,6.0086,45.53,45.75,1.0048
slovenia,g13_00045_14.tif,6367534,4.1591,6.0086,20.69,20.8,1.0053
slovenia,g13_00045_14.tif,6367591,4.1591,6.0086,62.08,62.39,1.005
slovenia,g13_00045_14.tif,6381201,4.1591,6.0086,25.71,35.55,1.3827
slovenia,g13_00045_14.tif,6387948,4.1591,6.0086,134.61,189.73,1.4095
slovenia,g13_00045_14.tif,6387949,4.1591,6.0086,136.58,179.99,1.3178
slovenia,g13_00045_14.tif,6387951,4.1591,6.0086,103.47,152.06,1.4696
slovenia,g13_00045_14.tif,6387970,4.1591,6.0086,60.51,66.59,1.1005
slovenia,g13_00045_14.tif,6387971,4.1591,6.0086,70.36,70.7,1.0048
slovenia,g13_00045_14.tif,6404495,4.1591,6.0086,28.97,29.11,1.0048
slovenia,g13_00045_14.tif,6561635,4.1591,6.0086,81.08,90.45,1.1156
slovenia,g13_00045_14.tif,6585238,4.1591,6.0086,137.55,141.77,1.0307
slovenia,g13_00045_14.tif,6671295,4.1591,6.0086,62.08,83.58,1.3463
slovenia,g13_00045_14.tif,6671296,4.1591,6.0086,62.08,81.59,1.3143
slovenia,g13_00045_14.tif,6671303,4.1591,6.0086,62.6,66.59,1.0637
slovenia,g13_00045_14.tif,6671338,4.1591,6.0086,95.19,140.05,1.4713
slovenia,g13_00045_14.tif,6671368,4.1591,6.0086,86.91,123.01,1.4154
slovenia,g13_00045_14.tif,6752735,4.1591,6.0086,12.42,12.48,1.0048
slovenia,g13_00045_14.tif,6759745,4.1591,6.0086,45.53,45.75,1.0048
slovenia,g13_00045_14.tif,6796535,4.1591,6.0086,126.74,137.35,1.0837
slovenia,g13_00045_14.tif,6796540,4.1591,6.0086,53.8,56.5,1.0502
slovenia,g13_00045_14.tif,6796582,4.1591,6.0086,129.33,137.35,1.062
slovenia,g13_00045_14.tif,6796583,4.1591,6.0086,55.55,58.83,1.059
slovenia,g13_00045_14.tif,6919729,4.1591,6.0086,99.58,106.62,1.0707
slovenia,g13_00045_14.tif,6985638,4.1591,6.0086,78.63,79.02,1.005
slovenia,g13_00045_14.tif,6985744,4.1591,6.0086,86.91,101.97,1.1733
slovenia,g13_00045_14.tif,6992908,4.1591,6.0086,108.45,112.91,1.0411
slovenia,g13_00045_15.tif,6160562,4.1591,6.0086,95.19,131.08,1.377
slovenia,g13_00045_15.tif,6168948,4.1591,6.0086,72.17,104.16,1.4433
slovenia,g13_00045_15.tif,6168951,4.1591,6.0086,44.13,60.9,1.38
slovenia,g13_00045_15.tif,6194313,4.1591,6.0086,37.25,43.88,1.178
slovenia,g13_00045_15.tif,6194323,4.1591,6.0086,12.42,12.48,1.0048
slovenia,g13_00045_15.tif,6194332,4.1591,6.0086,14.37,16.36,1.1385
slovenia,g13_00045_15.tif,6252264,4.1591,6.0086,83.85,103.1,1.2296
slovenia,g13_00045_15.tif,6299598,4.1591,6.0086,25.71,30.49,1.1859
slovenia,g13_00045_15.tif,6327061,4.1591,6.0086,95.19,129.55,1.361
slovenia,g13_00045_15.tif,6330034,4.1591,6.0086,73.95,79.02,1.0686
slovenia,g13_00045_15.tif,6368949,4.1591,6.0086,53.8,79.96,1.4862
slovenia,g13_00045_15.tif,6368951,4.1591,6.0086,37.25,55.93,1.5015
slovenia,g13_00045_15.tif,6368962,4.1591,6.0086,30.98,36.89,1.1908
slovenia,g13_00045_15.tif,6368963,4.1591,6.0086,70.36,97.57,1.3867
slovenia,g13_00045_15.tif,6387948,4.1591,6.0086,180.95,255.52,1.4121
slovenia,g13_00045_15.tif,6387979,4.1591,6.0086,40.44,58.19,1.4389
slovenia,g13_00045_15.tif,6387987,4.1591,6.0086,22.04,32.84,1.49
slovenia,g13_00045_15.tif,6409664,4.1591,6.0086,20.69,21.27,1.028
slovenia,g13_00045_15.tif,6409665,4.1591,6.0086,14.37,21.27,1.4802
slovenia,g13_00045_15.tif,6410548,4.1591,6.0086,163.26,188.45,1.1543
slovenia,g13_00045_15.tif,6461980,4.1591,6.0086,58.9,83.58,1.419
slovenia,g13_00045_15.tif,6514761,4.1591,6.0086,4.14,7.86,1.8986
slovenia,g13_00045_15.tif,6514767,4.1591,6.0086,19.27,25.07,1.301
slovenia,g13_00045_15.tif,6561619,4.1591,6.0086,7.57,10.46,1.3818
slovenia,g13_00045_15.tif,6573154,4.1591,6.0086,118.91,137.25,1.1542
slovenia,g13_00045_15.tif,6594747,4.1591,6.0086,70.36,70.7,1.0048
slovenia,g13_00045_15.tif,6594748,4.1591,6.0086,120.02,128.93,1.0742
slovenia,g13_00045_15.tif,6630470,4.1591,6.0086,53.8,79.96,1.4862
slovenia,g13_00045_15.tif,6749803,4.1591,6.0086,129.33,172.83,1.3363
slovenia,g13_00045_15.tif,6766308,4.1591,6.0086,176.64,226.67,1.2832
slovenia,g13_00045_15.tif,6833615,4.1591,6.0086,95.53,106.63,1.1162
slovenia,g13_00045_15.tif,6833636,4.1591,6.0086,73.95,89.68,1.2127
slovenia,g13_00045_15.tif,6833936,4.1591,6.0086,54.39,58.83,1.0816
slovenia,g13_00045_15.tif,6837885,4.1591,6.0086,14.37,16.36,1.1385
slovenia,g13_00045_15.tif,6854905,4.1591,6.0086,37.25,50.0,1.3423
slovenia,g13_00045_15.tif,6854987,4.1591,6.0086,69.9,97.57,1.3959
slovenia,g13_00045_15.tif,6854988,4.1591,6.0086,69.9,97.57,1.3959
slovenia,g13_00045_15.tif,6894304,4.1591,6.0086,53.8,71.35,1.3262
slovenia,g13_00045_15.tif,6919729,4.1591,6.0086,66.58,70.7,1.0619
slovenia,g13_00045_15.tif,7077892,4.1591,6.0086,72.17,78.93,1.0937
slovenia,g13_00045_16.tif,6116131,4.1591,6.0086,56.12,58.83,1.0483
slovenia,g13_00045_16.tif,6160562,4.1591,6.0086,28.97,31.22,1.0777
slovenia,g13_00045_16.tif,6285157,4.1591,6.0086,40.44,55.3,1.3675
slovenia,g13_00045_16.tif,6311207,4.1591,6.0086,67.07,74.47,1.1103
slovenia,g13_00045_16.tif,6318670,4.1591,6.0086,37.25,50.0,1.3423
slovenia,g13_00045_16.tif,6330034,4.1591,6.0086,86.91,91.98,1.0583
slovenia,g13_00045_16.tif,6367438,4.1591,6.0086,12.42,12.48,1.0048
slovenia,g13_00045_16.tif,6368949,4.1591,6.0086,53.8,79.08,1.4699
slovenia,g13_00045_16.tif,6368963,4.1591,6.0086,37.25,43.88,1.178
slovenia,g13_00045_16.tif,6409599,4.1591,6.0086,22.04,29.11,1.3208
slovenia,g13_00045_16.tif,6409664,4.1591,6.0086,28.97,43.91,1.5157
slovenia,g13_00045_16.tif,6409665,4.1591,6.0086,20.69,30.49,1.4737
slovenia,g13_00045_16.tif,6410550,4.1591,6.0086,29.99,39.69,1.3234
slovenia,g13_00045_16.tif,6410552,4.1591,6.0086,44.13,55.3,1.2531
slovenia,g13_00045_16.tif,6514761,4.1591,6.0086,82.28,101.97,1.2393
slovenia,g13_00045_16.tif,6606330,4.1591,6.0086,101.86,118.98,1.1681
slovenia,g13_00045_16.tif,6606331,4.1591,6.0086,37.25,50.0,1.3423
slovenia,g13_00045_16.tif,6644275,4.1591,6.0086,25.71,35.55,1.3827
slovenia,g13_00045_16.tif,6644290,4.1591,6.0086,32.88,39.13,1.1901
slovenia,g13_00045_16.tif,6649023,4.1591,6.0086,22.04,30.49,1.3834
slovenia,g13_00045_16.tif,6676416,4.1591,6.0086,20.69,31.89,1.5413
slovenia,g13_00045_16.tif,6756443,4.1591,6.0086,99.58,117.69,1.1819
slovenia,g13_00045_16.tif,6756450,4.1591,6.0086,32.88,39.69,1.2071
slovenia,g13_00045_16.tif,6794895,4.1591,6.0086,58.9,83.58,1.419
slovenia,g13_00045_16.tif,6794898,4.1591,6.0086,88.4,112.34,1.2708
slovenia,g13_00045_16.tif,6854934,4.1591,6.0086,90.24,122.97,1.3627
slovenia,g13_00045_16.tif,6854987,4.1591,6.0086,70.82,104.16,1.4708
slovenia,g13_00045_16.tif,6854988,4.1591,6.0086,64.12,93.41,1.4568
slovenia,g13_00045_16.tif,6894304,4.1591,6.0086,54.39,80.37,1.4777
slovenia,g13_00045_16.tif,6919730,4.1591,6.0086,111.15,137.14,1.2338
slovenia,g13_00045_16.tif,6919734,4.1591,6.0086,54.39,55.3,1.0167
slovenia,g13_00045_16.tif,6985702,4.1591,6.0086,37.25,43.88,1.178
slovenia,g13_00045_16.tif,7050890,4.1591,6.0086,38.07,55.93,1.4691
slovenia,g13_00045_16.tif,7050898,4.1591,6.0086,14.37,16.36,1.1385
slovenia,g13_00045_16.tif,7065401,4.1591,6.0086,7.57,10.46,1.3818
slovenia,g13_00047_14.tif,6128080,4.1602,6.0086,37.25,55.93,1.5015
slovenia,g13_00047_14.tif,6148356,4.1602,6.0086,58.9,66.61,1.1309
slovenia,g13_00047_14.tif,6148357,4.1602,6.0086,12.42,16.37,1.318
slovenia,g13_00047_14.tif,6155010,4.1602,6.0086,19.27,25.07,1.301
slovenia,g13_00047_14.tif,6260313,4.1602,6.0086,67.07,77.94,1.1621
slovenia,g13_00047_14.tif,6260314,4.1602,6.0086,44.13,54.31,1.2307
slovenia,g13_00047_14.tif,6260316,4.1602,6.0086,53.8,66.61,1.2381
slovenia,g13_00047_14.tif,6260318,4.1602,6.0086,58.9,63.48,1.0778
slovenia,g13_00047_14.tif,6260349,4.1602,6.0086,14.37,16.37,1.1392
slovenia,g13_00047_14.tif,6272812,4.1602,6.0086,44.13,54.31,1.2307
slovenia,g13_00047_14.tif,6272859,4.1602,6.0086,4.14,7.86,1.8986
slovenia,g13_00047_14.tif,6468235,4.1602,6.0086,62.6,66.61,1.0641
slovenia,g13_00047_14.tif,6468239,4.1602,6.0086,62.08,62.4,1.0052
slovenia,g13_00047_14.tif,6468247,4.1602,6.0086,7.57,10.46,1.3818
slovenia,g13_00047_14.tif,6489321,4.1602,6.0086,7.57,10.46,1.3818
slovenia,g13_00047_14.tif,6519248,4.1602,6.0086,29.99,39.69,1.3234
slovenia,g13_00047_14.tif,6519249,4.1602,6.0086,48.86,58.19,1.191
slovenia,g13_00047_14.tif,6519250,4.1602,6.0086,37.25,55.93,1.5015
slovenia,g13_00047_14.tif,6519251,4.1602,6.0086,45.53,54.08,1.1878
slovenia,g13_00047_14.tif,6519253,4.1602,6.0086,38.07,43.88,1.1526
slovenia,g13_00047_14.tif,6531802,4.1602,6.0086,25.71,29.12,1.1326
slovenia,g13_00047_14.tif,6531808,4.1602,6.0086,19.27,25.07,1.301
slovenia,g13_00047_14.tif,6531860,4.1602,6.0086,40.44,43.88,1.0851
slovenia,g13_00047_14.tif,6534392,4.1602,6.0086,51.39,58.85,1.1452
slovenia,g13_00047_14.tif,6535730,4.1602,6.0086,25.71,35.55,1.3827
slovenia,g13_00047_14.tif,6535731,4.1602,6.0086,25.71,30.49,1.1859
slovenia,g13_00047_14.tif,6535734,4.1602,6.0086,19.27,23.54,1.2216
slovenia,g13_00047_14.tif,6535741,4.1602,6.0086,19.27,25.07,1.301
slovenia,g13_00047_14.tif,6535861,4.1602,6.0086,19.27,20.8,1.0794
slovenia,g13_00047_14.tif,6590038,4.1602,6.0086,28.97,29.12,1.0052
slovenia,g13_00047_14.tif,6590054,4.1602,6.0086,20.69,23.54,1.1377
slovenia,g13_00047_14.tif,6629370,4.1602,6.0086,37.25,37.44,1.0051
slovenia,g13_00047_14.tif,6653925,4.1602,6.0086,77.38,82.44,1.0654
slovenia,g13_00047_14.tif,6692523,4.1602,6.0086,14.37,19.87,1.3827
slovenia,g13_00047_14.tif,6734117,4.1602,6.0086,85.39,87.36,1.0231
slovenia,g13_00047_14.tif,6734121,4.1602,6.0086,28.97,29.12,1.0052
slovenia,g13_00047_14.tif,6752830,4.1602,6.0086,28.97,29.12,1.0052
slovenia,g13_00047_14.tif,6761820,4.1602,6.0086,7.57,10.46,1.3818
slovenia,g13_00047_14.tif,6761827,4.1602,6.0086,12.42,19.87,1.5998
slovenia,g13_00047_14.tif,6762064,4.1602,6.0086,25.71,29.12,1.1326
slovenia,g13_00047_14.tif,6762068,4.1602,6.0086,7.57,10.46,1.3818
slovenia,g13_00047_14.tif,6821039,4.1602,6.0086,99.58,105.32,1.0576
slovenia,g13_00047_14.tif,6854684,4.1602,6.0086,45.53,67.94,1.4922
slovenia,g13_00047_14.tif,6859712,4.1602,6.0086,37.25,43.88,1.178
slovenia,g13_00047_14.tif,6859716,4.1602,6.0086,7.57,10.46,1.3818
slovenia,g13_00047_14.tif,6880789,4.1602,6.0086,58.9,63.48,1.0778
slovenia,g13_00047_14.tif,6880802,4.1602,6.0086,4.14,7.86,1.8986
slovenia,g13_00047_14.tif,7007433,4.1602,6.0086,60.51,70.72,1.1687
slovenia,g13_00047_14.tif,7007434,4.1602,6.0086,29.99,44.62,1.4878
slovenia,g13_00047_14.tif,7007435,4.1602,6.0086,40.44,45.76,1.1316
slovenia,g13_00047_14.tif,7007436,4.1602,6.0086,60.51,74.49,1.231
slovenia,g13_00047_14.tif,7007438,4.1602,6.0086,20.69,30.49,1.4737
slovenia,g13_00047_14.tif,7007439,4.1602,6.0086,30.98,36.89,1.1908
slovenia,g13_00047_14.tif,7007486,4.1602,6.0086,28.97,36.89,1.2734
slovenia,g13_00047_14.tif,7007487,4.1602,6.0086,30.98,36.89,1.1908
slovenia,g13_00047_14.tif,7078241,4.1602,6.0086,62.08,77.94,1.2555
slovenia,g13_00047_15.tif,6107932,4.1602,6.0086,22.04,30.49,1.3834
slovenia,g13_00047_15.tif,6107933,4.1602,6.0086,66.58,70.72,1.0622
slovenia,g13_00047_15.tif,6235426,4.1602,6.0086,32.88,44.9,1.3656
slovenia,g13_00047_15.tif,6373169,4.1602,6.0086,37.25,50.0,1.3423
slovenia,g13_00047_15.tif,6414220,4.1602,6.0086,77.38,94.21,1.2175
slovenia,g13_00047_15.tif,6414223,4.1602,6.0086,37.25,50.0,1.3423
slovenia,g13_00047_15.tif,6414280,4.1602,6.0086,19.27,23.54,1.2216
slovenia,g13_00047_15.tif,6414303,4.1602,6.0086,19.27,23.54,1.2216
slovenia,g13_00047_15.tif,6414414,4.1602,6.0086,12.42,12.48,1.0048
slovenia,g13_00047_15.tif,6454218,4.1602,6.0086,28.97,31.89,1.1008
slovenia,g13_00047_15.tif,6514086,4.1602,6.0086,29.99,36.89,1.2301
slovenia,g13_00047_15.tif,6524559,4.1602,6.0086,30.98,43.88,1.4164
slovenia,g13_00047_15.tif,6687786,4.1602,6.0086,14.37,16.37,1.1392
slovenia,g13_00047_15.tif,6687787,4.1602,6.0086,14.37,19.87,1.3827
slovenia,g13_00047_15.tif,6849017,4.1602,6.0086,78.63,90.47,1.1506
slovenia,g13_00047_15.tif,6849436,4.1602,6.0086,28.97,43.91,1.5157
slovenia,g13_00047_15.tif,6854684,4.1602,6.0086,20.69,29.12,1.4074
slovenia,g13_00047_15.tif,6854692,4.1602,6.0086,120.02,137.28,1.1438
slovenia,g13_00047_15.tif,6854702,4.1602,6.0086,73.95,103.99,1.4062
slovenia,g13_00047_15.tif,6854710,4.1602,6.0086,37.25,55.93,1.5015
slovenia,g13_00047_15.tif,6859711,4.1602,6.0086,58.9,73.96,1.2557
slovenia,g13_00047_15.tif,6859712,4.1602,6.0086,74.39,105.94,1.4241
slovenia,g13_00047_15.tif,6863071,4.1602,6.0086,48.21,67.94,1.4093
slovenia,g13_00047_15.tif,6951853,4.1602,6.0086,44.13,57.42,1.3012
slovenia,g13_00047_15.tif,6951861,4.1602,6.0086,40.44,54.08,1.3373
slovenia,g13_00047_15.tif,6951868,4.1602,6.0086,7.57,10.46,1.3818
slovenia,g13_00047_15.tif,6952080,4.1602,6.0086,22.04,30.49,1.3834
slovenia,g13_00047_15.tif,7061127,4.1602,6.0086,19.27,20.8,1.0794
slovenia,g13_00047_15.tif,7061129,4.1602,6.0086,20.69,31.89,1.5413
slovenia,g13_00047_15.tif,7061138,4.1602,6.0086,7.57,10.46,1.3818
slovenia,g13_00047_16.tif,6107929,4.1602,6.0086,7.57,10.46,1.3818
slovenia,g13_00047_16.tif,6107932,4.1602,6.0086,4.14,4.16,1.0048
slovenia,g13_00047_16.tif,6107933,4.1602,6.0086,28.97,31.22,1.0777
slovenia,g13_00047_16.tif,6180276,4.1602,6.0086,30.98,36.89,1.1908
slovenia,g13_00047_16.tif,6180277,4.1602,6.0086,51.39,68.92,1.3411
slovenia,g13_00047_16.tif,6180281,4.1602,6.0086,12.42,12.48,1.0048
slovenia,g13_00047_16.tif,6180516,4.1602,6.0086,19.27,20.8,1.0794
slovenia,g13_00047_16.tif,6193777,4.1602,6.0086,54.39,68.92,1.2671
slovenia,g13_00047_16.tif,6197801,4.1602,6.0086,37.25,50.89,1.3662
slovenia,g13_00047_16.tif,6261016,4.1602,6.0086,25.71,35.55,1.3827
slovenia,g13_00047_16.tif,6272391,4.1602,6.0086,58.9,77.94,1.3233
slovenia,g13_00047_16.tif,6282451,4.1602,6.0086,7.57,10.46,1.3818
slovenia,g13_00047_16.tif,6282457,4.1602,6.0086,29.99,39.14,1.3051
slovenia,g13_00047_16.tif,6349241,4.1602,6.0086,14.37,16.37,1.1392
slovenia,g13_00047_16.tif,6481665,4.1602,6.0086,42.68,50.89,1.1924
slovenia,g13_00047_16.tif,6669201,4.1602,6.0086,29.99,44.62,1.4878
slovenia,g13_00047_16.tif,6669202,4.1602,6.0086,14.37,16.37,1.1392
slovenia,g13_00047_16.tif,6733739,4.1602,6.0086,7.57,10.46,1.3818
slovenia,g13_00047_16.tif,6799847,4.1602,6.0086,51.39,67.94,1.322
slovenia,g13_00047_16.tif,6799854,4.1602,6.0086,29.99,31.22,1.041
slovenia,g13_00047_16.tif,6800509,4.1602,6.0086,55.55,58.85,1.0594
slovenia,g13_00047_16.tif,6944665,4.1602,6.0086,12.42,12.48,1.0048
slovenia,g13_00047_16.tif,6951203,4.1602,6.0086,19.27,21.27,1.1038
slovenia,g13_00047_16.tif,6963742,4.1602,6.0086,28.97,43.91,1.5157
slovenia,g13_00047_16.tif,6967114,4.1602,6.0086,37.25,46.71,1.254
slovenia,g13_00047_16.tif,6967125,4.1602,6.0086,20.69,30.49,1.4737
slovenia,g13_00047_16.tif,7007098,4.1602,6.0086,45.53,62.4,1.3705
slovenia,g13_00047_16.tif,7061127,4.1602,6.0086,14.37,16.37,1.1392
slovenia,g13_00047_16.tif,7061128,4.1602,6.0086,19.27,23.54,1.2216
slovenia,g13_00049_6.tif,6131300,4.1602,6.0086,12.42,19.87,1.5998
slovenia,g13_00049_6.tif,6132744,4.1602,6.0086,37.25,46.71,1.254
slovenia,g13_00049_6.tif,6132745,4.1602,6.0086,14.37,21.27,1.4802
slovenia,g13_00049_6.tif,6132746,4.1602,6.0086,28.97,43.91,1.5157
slovenia,g13_00049_6.tif,6132764,4.1602,6.0086,4.14,7.86,1.8986
slovenia,g13_00049_6.tif,6132766,4.1602,6.0086,12.42,16.37,1.318
slovenia,g13_00049_6.tif,6132792,4.1602,6.0086,4.14,7.86,1.8986
slovenia,g13_00049_6.tif,6132795,4.1602,6.0086,7.57,10.46,1.3818
slovenia,g13_00049_6.tif,6245104,4.1602,6.0086,7.57,10.46,1.3818
slovenia,g13_00049_6.tif,6245105,4.1602,6.0086,44.13,57.42,1.3012
slovenia,g13_00049_6.tif,6245107,4.1602,6.0086,38.07,55.93,1.4691
slovenia,g13_00049_6.tif,6249978,4.1602,6.0086,32.88,43.88,1.3345
slovenia,g13_00049_6.tif,6249979,4.1602,6.0086,12.42,12.48,1.0048
slovenia,g13_00049_6.tif,6249980,4.1602,6.0086,44.13,51.25,1.1613
slovenia,g13_00049_6.tif,6249983,4.1602,6.0086,22.04,29.12,1.3212
slovenia,g13_00049_6.tif,6250039,4.1602,6.0086,30.98,36.89,1.1908
slovenia,g13_00049_6.tif,6250070,4.1602,6.0086,19.27,23.54,1.2216
slovenia,g13_00049_6.tif,6250100,4.1602,6.0086,7.57,10.46,1.3818
slovenia,g13_00049_6.tif,6344224,4.1602,6.0086,32.88,36.89,1.122
slovenia,g13_00049_6.tif,6344227,4.1602,6.0086,38.07,44.62,1.1721
slovenia,g13_00049_6.tif,6344229,4.1602,6.0086,37.25,55.93,1.5015
slovenia,g13_00049_6.tif,6344234,4.1602,6.0086,7.57,10.46,1.3818
slovenia,g13_00049_6.tif,6344236,4.1602,6.0086,7.57,10.46,1.3818
slovenia,g13_00049_6.tif,6344313,4.1602,6.0086,12.42,12.48,1.0048
slovenia,g13_00049_6.tif,6344359,4.1602,6.0086,20.69,31.89,1.5413
slovenia,g13_00049_6.tif,6442944,4.1602,6.0086,73.95,82.44,1.1148
slovenia,g13_00049_6.tif,6442945,4.1602,6.0086,37.25,55.93,1.5015
slovenia,g13_00049_6.tif,6442946,4.1602,6.0086,12.42,12.48,1.0048
slovenia,g13_00049_6.tif,6442959,4.1602,6.0086,54.39,58.85,1.082
slovenia,g13_00049_6.tif,6442967,4.1602,6.0086,38.07,39.14,1.0281
slovenia,g13_00049_6.tif,6442980,4.1602,6.0086,20.69,20.8,1.0053
slovenia,g13_00049_6.tif,6442982,4.1602,6.0086,12.42,12.48,1.0048
slovenia,g13_00049_6.tif,6442985,4.1602,6.0086,12.42,12.48,1.0048
slovenia,g13_00049_6.tif,6649709,4.1602,6.0086,56.12,79.96,1.4248
slovenia,g13_00049_6.tif,6649717,4.1602,6.0086,38.07,39.14,1.0281
slovenia,g13_00049_6.tif,6751240,4.1602,6.0086,4.14,7.86,1.8986
slovenia,g13_00049_6.tif,6770197,4.1602,6.0086,51.39,69.84,1.359
slovenia,g13_00049_6.tif,6770204,4.1602,6.0086,70.36,79.04,1.1234
slovenia,g13_00049_6.tif,6770212,4.1602,6.0086,69.9,71.68,1.0255
slovenia,g13_00049_6.tif,6770214,4.1602,6.0086,70.36,70.72,1.0051
slovenia,g13_00049_6.tif,6770228,4.1602,6.0086,12.42,12.48,1.0048
slovenia,g13_00049_6.tif,6770229,4.1602,6.0086,20.69,20.8,1.0053
slovenia,g13_00049_6.tif,6770282,4.1602,6.0086,54.39,58.85,1.082
slovenia,g13_00049_6.tif,6770298,4.1602,6.0086,54.39,55.31,1.0169
slovenia,g13_00049_6.tif,6770299,4.1602,6.0086,70.36,70.72,1.0051
slovenia,g13_00049_6.tif,6770300,4.1602,6.0086,69.9,95.16,1.3614
slovenia,g13_00049_6.tif,6866782,4.1602,6.0086,19.27,20.8,1.0794
slovenia,g13_00049_6.tif,7016556,4.1602,6.0086,62.08,77.94,1.2555
slovenia,g13_00049_6.tif,7016558,4.1602,6.0086,19.27,20.8,1.0794
slovenia,g13_00049_7.tif,6092740,4.1602,6.0086,32.88,44.9,1.3656
slovenia,g13_00049_7.tif,6110234,4.1602,6.0086,19.27,25.07,1.301
slovenia,g13_00049_7.tif,6110236,4.1602,6.0086,19.27,25.07,1.301
slovenia,g13_00049_7.tif,6110343,4.1602,6.0086,4.14,7.86,1.8986
slovenia,g13_00049_7.tif,6110348,4.1602,6.0086,20.69,31.89,1.5413
slovenia,g13_00049_7.tif,6110380,4.1602,6.0086,12.42,19.87,1.5998
slovenia,g13_00049_7.tif,6221412,4.1602,6.0086,28.97,43.91,1.5157
slovenia,g13_00049_7.tif,6221414,4.1602,6.0086,7.57,10.46,1.3818
slovenia,g13_00049_7.tif,6221416,4.1602,6.0086,25.71,35.55,1.3827
slovenia,g13_00049_7.tif,6221418,4.1602,6.0086,29.99,43.91,1.4642
slovenia,g13_00049_7.tif,6223332,4.1602,6.0086,29.99,43.91,1.4642
slovenia,g13_00049_7.tif,6252455,4.1602,6.0086,69.9,77.94,1.115
slovenia,g13_00049_7.tif,6252459,4.1602,6.0086,40.44,50.89,1.2584
slovenia,g13_00049_7.tif,6252461,4.1602,6.0086,28.97,43.91,1.5157
slovenia,g13_00049_7.tif,6252523,4.1602,6.0086,4.14,7.86,1.8986
slovenia,g13_00049_7.tif,6264627,4.1602,6.0086,60.51,75.25,1.2436
slovenia,g13_00049_7.tif,6283035,4.1602,6.0086,12.42,16.37,1.318
slovenia,g13_00049_7.tif,6327981,4.1602,6.0086,30.98,39.69,1.2811
slovenia,g13_00049_7.tif,6327992,4.1602,6.0086,14.37,19.87,1.3827
slovenia,g13_00049_7.tif,6328106,4.1602,6.0086,12.42,16.37,1.318
slovenia,g13_00049_7.tif,6341375,4.1602,6.0086,28.97,31.22,1.0777
slovenia,g13_00049_7.tif,6341390,4.1602,6.0086,45.53,67.94,1.4922
slovenia,g13_00049_7.tif,6344227,4.1602,6.0086,19.27,20.8,1.0794
slovenia,g13_00049_7.tif,6344359,4.1602,6.0086,28.97,36.89,1.2734
slovenia,g13_00049_7.tif,6380399,4.1602,6.0086,62.6,80.37,1.2839
slovenia,g13_00049_7.tif,6380403,4.1602,6.0086,37.25,43.88,1.178
slovenia,g13_00049_7.tif,6380405,4.1602,6.0086,58.9,69.84,1.1857
slovenia,g13_00049_7.tif,6380406,4.1602,6.0086,54.39,64.34,1.1829
slovenia,g13_00049_7.tif,6380407,4.1602,6.0086,32.88,43.88,1.3345
slovenia,g13_00049_7.tif,6380409,4.1602,6.0086,7.57,10.46,1.3818
slovenia,g13_00049_7.tif,6380411,4.1602,6.0086,20.69,20.8,1.0053
slovenia,g13_00049_7.tif,6398751,4.1602,6.0086,37.25,45.76,1.2285
slovenia,g13_00049_7.tif,6437936,4.1602,6.0086,22.04,31.89,1.4469
slovenia,g13_00049_7.tif,6562856,4.1602,6.0086,12.42,19.87,1.5998
slovenia,g13_00049_7.tif,6635606,4.1602,6.0086,20.69,31.89,1.5413
slovenia,g13_00049_7.tif,6649740,4.1602,6.0086,37.25,43.88,1.178
slovenia,g13_00049_7.tif,6653561,4.1602,6.0086,140.42,147.52,1.0506
slovenia,g13_00049_7.tif,6653566,4.1602,6.0086,73.95,103.99,1.4062
slovenia,g13_00049_7.tif,6756601,4.1602,6.0086,12.42,16.37,1.318
slovenia,g13_00049_7.tif,6756616,4.1602,6.0086,28.97,29.12,1.0052
slovenia,g13_00049_7.tif,6770204,4.1602,6.0086,22.04,29.12,1.3212
slovenia,g13_00049_7.tif,6770205,4.1602,6.0086,53.8,75.25,1.3987
slovenia,g13_00049_7.tif,6770206,4.1602,6.0086,48.21,68.92,1.4296
slovenia,g13_00049_7.tif,6770222,4.1602,6.0086,12.42,19.87,1.5998
slovenia,g13_00049_7.tif,6770225,4.1602,6.0086,37.25,46.71,1.254
slovenia,g13_00049_7.tif,6770232,4.1602,6.0086,45.53,45.76,1.0051
slovenia,g13_00049_7.tif,6770284,4.1602,6.0086,70.36,83.54,1.1873
slovenia,g13_00049_7.tif,6770292,4.1602,6.0086,99.58,128.96,1.295
slovenia,g13_00049_7.tif,6774587,4.1602,6.0086,28.97,43.91,1.5157
slovenia,g13_00049_7.tif,6774588,4.1602,6.0086,45.53,59.41,1.3049
slovenia,g13_00049_7.tif,6774592,4.1602,6.0086,12.42,19.87,1.5998
slovenia,g13_00049_7.tif,6774593,4.1602,6.0086,28.97,43.91,1.5157
slovenia,g13_00049_7.tif,6774598,4.1602,6.0086,25.71,30.49,1.1859
slovenia,g13_00049_7.tif,6805398,4.1602,6.0086,77.38,82.44,1.0654
slovenia,g13_00049_7.tif,6823606,4.1602,6.0086,66.1,77.94,1.1791
slovenia,g13_00049_7.tif,6829264,4.1602,6.0086,62.08,82.44,1.328
slovenia,g13_00049_7.tif,6860112,4.1602,6.0086,40.44,55.93,1.383
slovenia,g13_00049_7.tif,6860115,4.1602,6.0086,22.04,31.89,1.4469
slovenia,g13_00049_7.tif,6862588,4.1602,6.0086,14.37,16.37,1.1392
slovenia,g13_00049_7.tif,6887688,4.1602,6.0086,77.38,81.59,1.0544
slovenia,g13_00049_7.tif,6894186,4.1602,6.0086,37.25,39.14,1.0507
slovenia,g13_00049_7.tif,7000878,4.1602,6.0086,51.39,64.53,1.2557
slovenia,g13_00049_7.tif,7034472,4.1602,6.0086,20.69,31.89,1.5413
slovenia,g13_00049_8.tif,6098023,4.1602,6.0086,22.04,30.49,1.3834
slovenia,g13_00049_8.tif,6110175,4.1602,6.0086,54.39,67.94,1.2491
slovenia,g13_00049_8.tif,6110177,4.1602,6.0086,40.44,43.88,1.0851
slovenia,g13_00049_8.tif,6110179,4.1602,6.0086,12.42,12.48,1.0048
slovenia,g13_00049_8.tif,6120224,4.1602,6.0086,103.78,121.85,1.1741
slovenia,g13_00049_8.tif,6120228,4.1602,6.0086,54.39,79.04,1.4532
slovenia,g13_00049_8.tif,6176673,4.1602,6.0086,40.44,43.88,1.0851
slovenia,g13_00049_8.tif,6184806,4.1602,6.0086,70.36,74.49,1.0587
slovenia,g13_00049_8.tif,6184827,4.1602,6.0086,37.25,50.0,1.3423
slovenia,g13_00049_8.tif,6214880,4.1602,6.0086,37.25,37.44,1.0051
slovenia,g13_00049_8.tif,6214903,4.1602,6.0086,7.57,10.46,1.3818
slovenia,g13_00049_8.tif,6223341,4.1602,6.0086,32.88,36.89,1.122
slovenia,g13_00049_8.tif,6232032,4.1602,6.0086,48.21,51.25,1.0631
slovenia,g13_00049_8.tif,6252463,4.1602,6.0086,38.07,55.93,1.4691
slovenia,g13_00049_8.tif,6252465,4.1602,6.0086,22.04,23.54,1.0681
slovenia,g13_00049_8.tif,6253354,4.1602,6.0086,58.9,63.48,1.0778
slovenia,g13_00049_8.tif,6264621,4.1602,6.0086,44.13,57.42,1.3012
slovenia,g13_00049_8.tif,6264622,4.1602,6.0086,37.25,50.0,1.3423
slovenia,g13_00049_8.tif,6283032,4.1602,6.0086,92.74,95.68,1.0317
slovenia,g13_00049_8.tif,6283036,4.1602,6.0086,44.13,47.19,1.0693
slovenia,g13_00049_8.tif,6338362,4.1602,6.0086,54.39,67.94,1.2491
slovenia,g13_00049_8.tif,6339203,4.1602,6.0086,100.56,109.85,1.0924
slovenia,g13_00049_8.tif,6341388,4.1602,6.0086,20.69,25.07,1.2117
slovenia,g13_00049_8.tif,6341390,4.1602,6.0086,40.44,50.89,1.2584
slovenia,g13_00049_8.tif,6345597,4.1602,6.0086,4.14,4.16,1.0048
slovenia,g13_00049_8.tif,6345598,4.1602,6.0086,32.88,43.88,1.3345
slovenia,g13_00049_8.tif,6355204,4.1602,6.0086,58.9,64.34,1.0924
slovenia,g13_00049_8.tif,6374858,4.1602,6.0086,28.97,29.12,1.0052
slovenia,g13_00049_8.tif,6380397,4.1602,6.0086,38.07,43.88,1.1526
slovenia,g13_00049_8.tif,6380401,4.1602,6.0086,40.44,50.0,1.2364
slovenia,g13_00049_8.tif,6381093,4.1602,6.0086,101.86,128.58,1.2623
slovenia,g13_00049_8.tif,6397236,4.1602,6.0086,29.99,31.22,1.041
slovenia,g13_00049_8.tif,6398006,4.1602,6.0086,45.53,47.19,1.0365
slovenia,g13_00049_8.tif,6398751,4.1602,6.0086,12.42,12.48,1.0048
slovenia,g13_00049_8.tif,6398754,4.1602,6.0086,25.71,30.49,1.1859
slovenia,g13_00049_8.tif,6412989,4.1602,6.0086,20.69,20.8,1.0053
slovenia,g13_00049_8.tif,6418525,4.1602,6.0086,4.14,7.86,1.8986
slovenia,g13_00049_8.tif,6418526,4.1602,6.0086,28.97,43.91,1.5157
slovenia,g13_00049_8.tif,6418528,4.1602,6.0086,7.57,10.46,1.3818
slovenia,g13_00049_8.tif,6418673,4.1602,6.0086,14.37,19.87,1.3827
slovenia,g13_00049_8.tif,6418685,4.1602,6.0086,4.14,7.86,1.8986
slovenia,g13_00049_8.tif,6430631,4.1602,6.0086,37.25,37.44,1.0051
slovenia,g13_00049_8.tif,6455753,4.1602,6.0086,28.97,30.49,1.0525
slovenia,g13_00049_8.tif,6494093,4.1602,6.0086,37.25,39.14,1.0507
slovenia,g13_00049_8.tif,6494119,4.1602,6.0086,19.27,20.8,1.0794
slovenia,g13_00049_8.tif,6494186,4.1602,6.0086,4.14,4.16,1.0048
slovenia,g13_00049_8.tif,6592376,4.1602,6.0086,40.44,55.93,1.383
slovenia,g13_00049_8.tif,6613319,4.1602,6.0086,88.4,125.97,1.425
slovenia,g13_00049_8.tif,6615615,4.1602,6.0086,54.39,64.34,1.1829
slovenia,g13_00049_8.tif,6615616,4.1602,6.0086,81.08,90.47,1.1158
slovenia,g13_00049_8.tif,6670159,4.1602,6.0086,19.27,21.27,1.1038
slovenia,g13_00049_8.tif,6670162,4.1602,6.0086,29.99,36.89,1.2301
slovenia,g13_00049_8.tif,6670180,4.1602,6.0086,44.13,57.42,1.3012
slovenia,g13_00049_8.tif,6670519,4.1602,6.0086,7.57,10.46,1.3818
slovenia,g13_00049_8.tif,6670537,4.1602,6.0086,19.27,25.07,1.301
slovenia,g13_00049_8.tif,6689559,4.1602,6.0086,69.9,77.94,1.115
slovenia,g13_00049_8.tif,6710357,4.1602,6.0086,29.99,31.22,1.041
slovenia,g13_00049_8.tif,6710358,4.1602,6.0086,20.69,20.8,1.0053
slovenia,g13_00049_8.tif,6710363,4.1602,6.0086,53.8,54.08,1.0052
slovenia,g13_00049_8.tif,6710364,4.1602,6.0086,29.99,43.91,1.4642
slovenia,g13_00049_8.tif,6713642,4.1602,6.0086,56.12,62.4,1.1119
slovenia,g13_00049_8.tif,6751246,4.1602,6.0086,128.56,176.77,1.375
slovenia,g13_00049_8.tif,6770213,4.1602,6.0086,38.07,56.5,1.4841
slovenia,g13_00049_8.tif,6770233,4.1602,6.0086,58.9,63.48,1.0778
slovenia,g13_00049_8.tif,6770292,4.1602,6.0086,149.83,187.99,1.2547
slovenia,g13_00049_8.tif,6805403,4.1602,6.0086,20.69,20.8,1.0053
slovenia,g13_00049_8.tif,6823598,4.1602,6.0086,45.53,45.76,1.0051
slovenia,g13_00049_8.tif,6823613,4.1602,6.0086,48.86,57.42,1.1752
slovenia,g13_00049_8.tif,6823614,4.1602,6.0086,14.37,16.37,1.1392
slovenia,g13_00049_8.tif,6841824,4.1602,6.0086,32.88,37.44,1.1387
slovenia,g13_00049_8.tif,6841834,4.1602,6.0086,29.99,31.89,1.0634
slovenia,g13_00049_8.tif,6841843,4.1602,6.0086,53.8,54.08,1.0052
slovenia,g13_00049_8.tif,6860114,4.1602,6.0086,29.99,31.22,1.041
slovenia,g13_00049_8.tif,6894168,4.1602,6.0086,62.6,63.48,1.0141
slovenia,g13_00049_8.tif,6894186,4.1602,6.0086,19.27,20.8,1.0794
slovenia,g13_00049_8.tif,6897698,4.1602,6.0086,45.53,45.76,1.0051
slovenia,g13_00049_8.tif,6897700,4.1602,6.0086,25.71,35.55,1.3827
slovenia,g13_00049_8.tif,6897721,4.1602,6.0086,55.55,65.14,1.1726
slovenia,g13_00049_8.tif,6899693,4.1602,6.0086,56.12,58.85,1.0486
slovenia,g13_00049_8.tif,6906333,4.1602,6.0086,120.02,153.93,1.2825
slovenia,g13_00049_8.tif,6906421,4.1602,6.0086,58.9,66.61,1.1309
slovenia,g13_00049_8.tif,6906422,4.1602,6.0086,44.13,45.76,1.0369
slovenia,g13_00049_8.tif,6997569,4.1602,6.0086,72.17,74.49,1.0321
slovenia,g13_00049_8.tif,6997572,4.1602,6.0086,66.58,88.53,1.3297
slovenia,g13_00049_8.tif,6997575,4.1602,6.0086,28.97,37.44,1.2924
slovenia,g13_00049_8.tif,6997584,4.1602,6.0086,28.97,30.49,1.0525
slovenia,g13_00049_8.tif,7000868,4.1602,6.0086,37.25,37.44,1.0051
slovenia,g13_00050_7.tif,6128080,4.1612,6.0085,42.68,55.92,1.3102
slovenia,g13_00050_7.tif,6128102,4.1612,6.0085,48.86,64.35,1.317
slovenia,g13_00050_7.tif,6396835,4.1612,6.0085,14.37,21.27,1.4802
slovenia,g13_00050_7.tif,6460493,4.1612,6.0085,48.21,57.43,1.1912
slovenia,g13_00050_7.tif,6467981,4.1612,6.0085,37.25,46.71,1.254
slovenia,g13_00050_7.tif,6467982,4.1612,6.0085,7.57,10.46,1.3818
slovenia,g13_00050_7.tif,6467985,4.1612,6.0085,12.42,12.48,1.0048
slovenia,g13_00050_7.tif,6467986,4.1612,6.0085,44.13,45.77,1.0372
slovenia,g13_00050_7.tif,6484282,4.1612,6.0085,12.42,12.48,1.0048
slovenia,g13_00050_7.tif,6484421,4.1612,6.0085,70.36,97.58,1.3869
slovenia,g13_00050_7.tif,6484482,4.1612,6.0085,37.25,55.92,1.5012
slovenia,g13_00050_7.tif,6484509,4.1612,6.0085,12.42,19.87,1.5998
slovenia,g13_00050_7.tif,6498496,4.1612,6.0085,106.91,117.8,1.1019
slovenia,g13_00050_7.tif,6534390,4.1612,6.0085,22.04,32.84,1.49
slovenia,g13_00050_7.tif,6534401,4.1612,6.0085,62.6,82.46,1.3173
slovenia,g13_00050_7.tif,6534402,4.1612,6.0085,40.44,43.89,1.0853
slovenia,g13_00050_7.tif,6591771,4.1612,6.0085,25.71,35.55,1.3827
slovenia,g13_00050_7.tif,6591772,4.1612,6.0085,7.57,10.46,1.3818
slovenia,g13_00050_7.tif,6597015,4.1612,6.0085,12.42,16.37,1.318
slovenia,g13_00050_7.tif,6619656,4.1612,6.0085,77.8,91.86,1.1807
slovenia,g13_00050_7.tif,6629370,4.1612,6.0085,22.04,29.13,1.3217
slovenia,g13_00050_7.tif,6629371,4.1612,6.0085,19.27,20.81,1.0799
slovenia,g13_00050_7.tif,6678677,4.1612,6.0085,83.85,90.49,1.0792
slovenia,g13_00050_7.tif,6692523,4.1612,6.0085,37.25,44.91,1.2056
slovenia,g13_00050_7.tif,6758748,4.1612,6.0085,32.88,44.91,1.3659
slovenia,g13_00050_7.tif,6854676,4.1612,6.0085,170.47,218.12,1.2795
slovenia,g13_00050_7.tif,6854677,4.1612,6.0085,53.8,62.42,1.1602
slovenia,g13_00050_7.tif,6854684,4.1612,6.0085,148.49,200.13,1.3478
slovenia,g13_00050_7.tif,6854704,4.1612,6.0085,106.91,119.02,1.1133
slovenia,g13_00050_7.tif,6854705,4.1612,6.0085,64.12,70.74,1.1032
slovenia,g13_00050_7.tif,7078241,4.1612,6.0085,72.17,91.86,1.2728
slovenia,g13_00050_7.tif,7079352,4.1612,6.0085,66.1,83.54,1.2638
slovenia,g13_00050_8.tif,6123472,4.1612,6.0085,22.04,23.55,1.0685
slovenia,g13_00050_8.tif,6194605,4.1612,6.0085,12.42,19.87,1.5998
slovenia,g13_00050_8.tif,6519254,4.1612,6.0085,19.27,20.81,1.0799
slovenia,g13_00050_8.tif,6549572,4.1612,6.0085,55.55,64.35,1.1584
slovenia,g13_00050_8.tif,6854676,4.1612,6.0085,124.63,132.86,1.066
slovenia,g13_00050_8.tif,6854677,4.1612,6.0085,32.88,44.62,1.3571
slovenia,g13_00050_8.tif,6854684,4.1612,6.0085,103.47,106.67,1.0309
slovenia,g13_00050_8.tif,6854688,4.1612,6.0085,148.04,164.01,1.1079
slovenia,g13_00050_8.tif,6854692,4.1612,6.0085,99.58,109.88,1.1034
slovenia,g13_00050_8.tif,6854695,4.1612,6.0085,161.41,187.41,1.1611
slovenia,g13_00050_8.tif,6854703,4.1612,6.0085,111.74,137.54,1.2309
slovenia,g13_00050_8.tif,6854705,4.1612,6.0085,64.12,70.74,1.1032
slovenia,g13_00050_8.tif,6854706,4.1612,6.0085,51.39,68.93,1.3413
slovenia,g13_00050_8.tif,6854707,4.1612,6.0085,58.9,74.5,1.2649
slovenia,g13_00050_8.tif,6854708,4.1612,6.0085,28.97,43.91,1.5157
slovenia,g13_00050_8.tif,7017161,4.1612,6.0085,7.57,10.46,1.3818
slovenia,g13_00050_9.tif,6083760,4.1612,6.0085,12.42,19.87,1.5998
slovenia,g13_00050_9.tif,6084863,4.1612,6.0085,12.42,19.87,1.5998
slovenia,g13_00050_9.tif,6084865,4.1612,6.0085,28.97,29.13,1.0055
slovenia,g13_00050_9.tif,6127129,4.1612,6.0085,12.42,19.87,1.5998
slovenia,g13_00050_9.tif,6184396,4.1612,6.0085,12.42,19.87,1.5998
slovenia,g13_00050_9.tif,6249710,4.1612,6.0085,12.42,19.87,1.5998
slovenia,g13_00050_9.tif,6255363,4.1612,6.0085,12.42,19.87,1.5998
slovenia,g13_00050_9.tif,6267715,4.1612,6.0085,19.27,23.55,1.2221
slovenia,g13_00050_9.tif,6267718,4.1612,6.0085,20.69,21.27,1.028
slovenia,g13_00050_9.tif,6276533,4.1612,6.0085,7.57,10.46,1.3818
slovenia,g13_00050_9.tif,6306413,4.1612,6.0085,14.37,21.27,1.4802
slovenia,g13_00050_9.tif,6327072,4.1612,6.0085,62.08,90.49,1.4576
slovenia,g13_00050_9.tif,6327075,4.1612,6.0085,12.42,19.87,1.5998
slovenia,g13_00050_9.tif,6346067,4.1612,6.0085,38.07,39.15,1.0284
slovenia,g13_00050_9.tif,6349551,4.1612,6.0085,28.97,43.91,1.5157
slovenia,g13_00050_9.tif,6349659,4.1612,6.0085,20.69,31.89,1.5413
slovenia,g13_00050_9.tif,6371584,4.1612,6.0085,20.69,31.89,1.5413
slovenia,g13_00050_9.tif,6371585,4.1612,6.0085,28.97,43.91,1.5157
slovenia,g13_00050_9.tif,6371595,4.1612,6.0085,58.9,62.42,1.0598
slovenia,g13_00050_9.tif,6375906,4.1612,6.0085,22.04,23.55,1.0685
slovenia,g13_00050_9.tif,6418055,4.1612,6.0085,28.97,39.69,1.37
slovenia,g13_00050_9.tif,6418056,4.1612,6.0085,20.69,31.89,1.5413
slovenia,g13_00050_9.tif,6418062,4.1612,6.0085,20.69,31.89,1.5413
slovenia,g13_00050_9.tif,6452170,4.1612,6.0085,28.97,29.13,1.0055
slovenia,g13_00050_9.tif,6452354,4.1612,6.0085,12.42,19.87,1.5998
slovenia,g13_00050_9.tif,6524874,4.1612,6.0085,12.42,16.37,1.318
slovenia,g13_00050_9.tif,6542721,4.1612,6.0085,12.42,16.37,1.318
slovenia,g13_00050_9.tif,6542723,4.1612,6.0085,28.97,37.45,1.2927
slovenia,g13_00050_9.tif,6549571,4.1612,6.0085,37.25,55.92,1.5012
slovenia,g13_00050_9.tif,6549576,4.1612,6.0085,53.8,69.84,1.2981
slovenia,g13_00050_9.tif,6550113,4.1612,6.0085,111.74,112.35,1.0055
slovenia,g13_00050_9.tif,6550140,4.1612,6.0085,66.58,95.16,1.4293
slovenia,g13_00050_9.tif,6733249,4.1612,6.0085,29.99,36.9,1.2304
slovenia,g13_00050_9.tif,6777712,4.1612,6.0085,37.25,37.45,1.0054
slovenia,g13_00050_9.tif,6788105,4.1612,6.0085,45.53,64.53,1.4173
slovenia,g13_00050_9.tif,6803791,4.1612,6.0085,64.12,90.49,1.4113
slovenia,g13_00050_9.tif,6815062,4.1612,6.0085,12.42,19.87,1.5998
slovenia,g13_00050_9.tif,6821052,4.1612,6.0085,12.42,19.87,1.5998
slovenia,g13_00050_9.tif,6836771,4.1612,6.0085,12.42,19.87,1.5998
slovenia,g13_00050_9.tif,6880796,4.1612,6.0085,12.42,19.87,1.5998
slovenia,g13_00050_9.tif,6880901,4.1612,6.0085,58.9,69.84,1.1857
slovenia,g13_00050_9.tif,6880906,4.1612,6.0085,78.63,104.17,1.3248
slovenia,g13_00050_9.tif,6913253,4.1612,6.0085,12.42,19.87,1.5998
slovenia,g13_00050_9.tif,6969957,4.1612,6.0085,14.37,16.37,1.1392
slovenia,g13_00050_9.tif,6974298,4.1612,6.0085,12.42,12.48,1.0048
slovenia,g13_00050_9.tif,6974300,4.1612,6.0085,12.42,12.48,1.0048
slovenia,g13_00050_9.tif,6974305,4.1612,6.0085,22.04,30.49,1.3834
slovenia,g13_00050_9.tif,6974307,4.1612,6.0085,12.42,19.87,1.5998
slovenia,g13_00050_9.tif,6974345,4.1612,6.0085,37.25,55.92,1.5012
slovenia,g13_00050_9.tif,7016232,4.1612,6.0085,120.02,164.08,1.3671
slovenia,g13_00050_9.tif,7047109,4.1612,6.0085,86.91,104.03,1.197
slovenia,g13_00051_18.tif,6182094,4.1612,6.0085,89.51,108.25,1.2094
slovenia,g13_00051_18.tif,6182096,4.1612,6.0085,60.51,83.54,1.3806
slovenia,g13_00051_18.tif,6182097,4.1612,6.0085,19.27,21.27,1.1038
slovenia,g13_00051_18.tif,6196446,4.1612,6.0085,56.12,64.53,1.1499
slovenia,g13_00051_18.tif,6230967,4.1612,6.0085,54.39,64.53,1.1864
slovenia,g13_00051_18.tif,6230968,4.1612,6.0085,29.99,36.9,1.2304
slovenia,g13_00051_18.tif,6230978,4.1612,6.0085,29.99,36.9,1.2304
slovenia,g13_00051_18.tif,6339205,4.1612,6.0085,69.9,78.96,1.1296
slovenia,g13_00051_18.tif,6380410,4.1612,6.0085,20.69,20.81,1.0058
slovenia,g13_00051_18.tif,6381099,4.1612,6.0085,48.86,64.53,1.3207
slovenia,g13_00051_18.tif,6392095,4.1612,6.0085,54.39,79.96,1.4701
slovenia,g13_00051_18.tif,6392096,4.1612,6.0085,28.97,36.9,1.2737
slovenia,g13_00051_18.tif,6435532,4.1612,6.0085,19.27,25.07,1.301
slovenia,g13_00051_18.tif,6435607,4.1612,6.0085,25.71,35.55,1.3827
slovenia,g13_00051_18.tif,6442942,4.1612,6.0085,20.69,31.89,1.5413
slovenia,g13_00051_18.tif,6442949,4.1612,6.0085,53.8,79.96,1.4862
slovenia,g13_00051_18.tif,6442971,4.1612,6.0085,37.25,54.31,1.458
slovenia,g13_00051_18.tif,6580294,4.1612,6.0085,12.42,12.48,1.0048
slovenia,g13_00051_18.tif,6740436,4.1612,6.0085,95.19,112.35,1.1803
slovenia,g13_00051_18.tif,6770197,4.1612,6.0085,53.8,79.96,1.4862
slovenia,g13_00051_18.tif,6770198,4.1612,6.0085,95.19,129.0,1.3552
slovenia,g13_00051_18.tif,6770207,4.1612,6.0085,70.36,79.06,1.1236
slovenia,g13_00051_18.tif,6770211,4.1612,6.0085,51.39,57.43,1.1175
slovenia,g13_00051_18.tif,6770219,4.1612,6.0085,7.57,10.46,1.3818
slovenia,g13_00051_18.tif,6770226,4.1612,6.0085,37.25,43.89,1.1783
slovenia,g13_00051_18.tif,6774586,4.1612,6.0085,54.39,64.35,1.1831
slovenia,g13_00051_18.tif,6774595,4.1612,6.0085,40.44,51.26,1.2676
slovenia,g13_00051_18.tif,7000827,4.1612,6.0085,121.94,133.79,1.0972
slovenia,g13_00051_18.tif,7000892,4.1612,6.0085,37.25,37.45,1.0054
slovenia,g13_00051_18.tif,7016546,4.1612,6.0085,29.99,44.62,1.4878
slovenia,g13_00051_18.tif,7016549,4.1612,6.0085,4.14,7.86,1.8986
slovenia,g13_00051_18.tif,7016556,4.1612,6.0085,12.42,19.87,1.5998
slovenia,g13_00051_18.tif,7041632,4.1612,6.0085,54.39,68.93,1.2673
slovenia,g13_00051_18.tif,7049823,4.1612,6.0085,54.39,65.15,1.1978
slovenia,g13_00051_18.tif,7049826,4.1612,6.0085,48.21,64.35,1.3348
slovenia,g13_00051_18.tif,7052350,4.1612,6.0085,28.97,43.91,1.5157
slovenia,g13_00051_18.tif,7052415,4.1612,6.0085,12.42,19.87,1.5998
slovenia,g13_00052_0.tif,6087986,4.1612,6.0085,12.42,12.48,1.0048
slovenia,g13_00052_0.tif,6182091,4.1612,6.0085,77.38,84.84,1.0964
slovenia,g13_00052_0.tif,6182098,4.1612,6.0085,66.1,91.98,1.3915
slovenia,g13_00052_0.tif,6190797,4.1612,6.0085,4.14,4.16,1.0048
slovenia,g13_00052_0.tif,6190799,4.1612,6.0085,29.99,39.69,1.3234
slovenia,g13_00052_0.tif,6190800,4.1612,6.0085,12.42,12.48,1.0048
slovenia,g13_00052_0.tif,6190801,4.1612,6.0085,58.9,79.53,1.3503
slovenia,g13_00052_0.tif,6190803,4.1612,6.0085,40.44,50.9,1.2587
slovenia,g13_00052_0.tif,6217734,4.1612,6.0085,92.74,117.71,1.2692
slovenia,g13_00052_0.tif,6226250,4.1612,6.0085,28.97,39.69,1.37
slovenia,g13_00052_0.tif,6296607,4.1612,6.0085,58.9,63.49,1.0779
slovenia,g13_00052_0.tif,6327992,4.1612,6.0085,12.42,12.48,1.0048
slovenia,g13_00052_0.tif,6341375,4.1612,6.0085,20.69,23.55,1.1382
slovenia,g13_00052_0.tif,6380403,4.1612,6.0085,28.97,39.69,1.37
slovenia,g13_00052_0.tif,6649705,4.1612,6.0085,82.28,106.67,1.2964
slovenia,g13_00052_0.tif,6649736,4.1612,6.0085,37.25,43.89,1.1783
slovenia,g13_00052_0.tif,6649740,4.1612,6.0085,28.97,29.13,1.0055
slovenia,g13_00052_0.tif,6740436,4.1612,6.0085,30.98,36.9,1.1911
slovenia,g13_00052_0.tif,6770195,4.1612,6.0085,95.19,128.59,1.3509
slovenia,g13_00052_0.tif,6770222,4.1612,6.0085,12.42,19.87,1.5998
slovenia,g13_00052_0.tif,6770238,4.1612,6.0085,86.91,120.16,1.3826
slovenia,g13_00052_0.tif,6770239,4.1612,6.0085,72.17,91.86,1.2728
slovenia,g13_00052_0.tif,6774587,4.1612,6.0085,12.42,19.87,1.5998
slovenia,g13_00052_0.tif,6774589,4.1612,6.0085,28.97,43.91,1.5157
slovenia,g13_00052_0.tif,6774591,4.1612,6.0085,22.04,32.84,1.49
slovenia,g13_00052_0.tif,6803761,4.1612,6.0085,37.25,44.91,1.2056
slovenia,g13_00052_0.tif,6829264,4.1612,6.0085,38.07,50.9,1.337
slovenia,g13_00052_0.tif,6860113,4.1612,6.0085,40.44,43.89,1.0853
slovenia,g13_00052_0.tif,6873366,4.1612,6.0085,53.8,57.43,1.0675
slovenia,g13_00052_0.tif,7000847,4.1612,6.0085,73.95,93.66,1.2665
slovenia,g13_00052_0.tif,7000892,4.1612,6.0085,42.68,46.71,1.0944
slovenia,g13_00052_0.tif,7034472,4.1612,6.0085,72.17,91.86,1.2728
slovenia,g13_00052_0.tif,7038771,4.1612,6.0085,44.13,58.19,1.3186
slovenia,g13_00052_0.tif,7038772,4.1612,6.0085,95.53,117.71,1.2322
slovenia,g13_00052_0.tif,7038773,4.1612,6.0085,53.8,68.42,1.2717
slovenia,g13_00052_0.tif,7038774,4.1612,6.0085,48.86,63.49,1.2994
slovenia,g13_00052_0.tif,7038775,4.1612,6.0085,37.25,44.91,1.2056
slovenia,g13_00052_0.tif,7038776,4.1612,6.0085,12.42,16.37,1.318
slovenia,g13_00052_1.tif,6190469,4.1612,6.0085,12.42,12.48,1.0048
slovenia,g13_00052_1.tif,6190470,4.1612,6.0085,62.6,70.74,1.13
slovenia,g13_00052_1.tif,6190471,4.1612,6.0085,38.07,55.92,1.4689
slovenia,g13_00052_1.tif,6190474,4.1612,6.0085,88.4,111.72,1.2638
slovenia,g13_00052_1.tif,6190475,4.1612,6.0085,37.25,43.89,1.1783
slovenia,g13_00052_1.tif,6190796,4.1612,6.0085,98.25,132.31,1.3467
slovenia,g13_00052_1.tif,6190797,4.1612,6.0085,64.12,77.96,1.2158
slovenia,g13_00052_1.tif,6190799,4.1612,6.0085,58.9,66.62,1.1311
slovenia,g13_00052_1.tif,6190800,4.1612,6.0085,28.97,39.69,1.37
slovenia,g13_00052_1.tif,6190801,4.1612,6.0085,25.71,29.13,1.133
slovenia,g13_00052_1.tif,6190803,4.1612,6.0085,20.69,25.07,1.2117
slovenia,g13_00052_1.tif,6194785,4.1612,6.0085,70.36,87.39,1.242
slovenia,g13_00052_1.tif,6196445,4.1612,6.0085,85.39,108.47,1.2703
slovenia,g13_00052_1.tif,6264619,4.1612,6.0085,12.42,12.48,1.0048
slovenia,g13_00052_1.tif,6264621,4.1612,6.0085,58.9,79.09,1.3428
slovenia,g13_00052_1.tif,6296608,4.1612,6.0085,12.42,12.48,1.0048
slovenia,g13_00052_1.tif,6414261,4.1612,6.0085,28.97,31.23,1.078
slovenia,g13_00052_1.tif,6418525,4.1612,6.0085,12.42,19.87,1.5998
slovenia,g13_00052_1.tif,6418526,4.1612,6.0085,7.57,10.46,1.3818
slovenia,g13_00052_1.tif,6897617,4.1612,6.0085,40.44,47.2,1.1672
slovenia,g13_00052_1.tif,6897709,4.1612,6.0085,37.25,43.91,1.1788
slovenia,g13_00052_1.tif,6997566,4.1612,6.0085,74.39,98.16,1.3195
slovenia,g13_00052_1.tif,7038773,4.1612,6.0085,12.42,19.87,1.5998
slovenia,g13_00053_0.tif,6971221,4.1622,6.0085,54.39,64.36,1.1833
slovenia,g13_00053_0.tif,6980488,4.1622,6.0085,44.13,54.11,1.2262
slovenia,g13_00053_0.tif,7047120,4.1622,6.0085,12.42,12.49,1.0056
slovenia,g13_00053_1.tif,6160273,4.1622,6.0085,7.57,10.46,1.3818
slovenia,g13_00053_1.tif,6165943,4.1622,6.0085,12.42,19.87,1.5998
slovenia,g13_00053_1.tif,6421433,4.1622,6.0085,38.07,55.92,1.4689
slovenia,g13_00053_1.tif,6421438,4.1622,6.0085,4.14,4.16,1.0048
slovenia,g13_00053_1.tif,6421450,4.1622,6.0085,20.69,30.5,1.4741
slovenia,g13_00053_1.tif,6421451,4.1622,6.0085,22.04,29.14,1.3221
slovenia,g13_00053_1.tif,6421553,4.1622,6.0085,48.86,55.92,1.1445
slovenia,g13_00053_1.tif,6615155,4.1622,6.0085,7.57,10.46,1.3818
slovenia,g13_00053_1.tif,6615156,4.1622,6.0085,40.44,58.19,1.4389
slovenia,g13_00053_1.tif,6971221,4.1622,6.0085,54.39,62.43,1.1478
slovenia,g13_00053_1.tif,6993334,4.1622,6.0085,77.38,103.99,1.3439
slovenia,g13_00053_2.tif,6132336,4.1622,6.0085,28.97,29.14,1.0059
slovenia,g13_00053_2.tif,6132337,4.1622,6.0085,37.25,50.01,1.3426
slovenia,g13_00053_2.tif,6140907,4.1622,6.0085,66.58,70.76,1.0628
slovenia,g13_00053_2.tif,6149368,4.1622,6.0085,14.37,21.27,1.4802
slovenia,g13_00053_2.tif,6149370,4.1622,6.0085,7.57,10.46,1.3818
slovenia,g13_00053_2.tif,6149372,4.1622,6.0085,12.42,16.37,1.318
slovenia,g13_00053_2.tif,6160265,4.1622,6.0085,29.99,36.9,1.2304
slovenia,g13_00053_2.tif,6160277,4.1622,6.0085,53.8,69.84,1.2981
slovenia,g13_00053_2.tif,6160281,4.1622,6.0085,25.71,29.14,1.1334
slovenia,g13_00053_2.tif,6160291,4.1622,6.0085,29.99,44.62,1.4878
slovenia,g13_00053_2.tif,6187098,4.1622,6.0085,14.37,21.27,1.4802
slovenia,g13_00053_2.tif,6187099,4.1622,6.0085,12.42,16.37,1.318
slovenia,g13_00053_2.tif,6187100,4.1622,6.0085,14.37,21.27,1.4802
slovenia,g13_00053_2.tif,6187104,4.1622,6.0085,7.57,10.46,1.3818
slovenia,g13_00053_2.tif,6194610,4.1622,6.0085,14.37,21.27,1.4802
slovenia,g13_00053_2.tif,6211547,4.1622,6.0085,42.68,58.19,1.3634
slovenia,g13_00053_2.tif,6211551,4.1622,6.0085,19.27,25.08,1.3015
slovenia,g13_00053_2.tif,6211553,4.1622,6.0085,14.37,21.27,1.4802
slovenia,g13_00053_2.tif,6276533,4.1622,6.0085,82.28,94.25,1.1455
slovenia,g13_00053_2.tif,6281545,4.1622,6.0085,37.25,39.16,1.0513
slovenia,g13_00053_2.tif,6290650,4.1622,6.0085,20.69,31.89,1.5413
slovenia,g13_00053_2.tif,6290654,4.1622,6.0085,22.04,32.84,1.49
slovenia,g13_00053_2.tif,6300983,4.1622,6.0085,7.57,10.46,1.3818
slovenia,g13_00053_2.tif,6306408,4.1622,6.0085,48.86,67.94,1.3905
slovenia,g13_00053_2.tif,6319440,4.1622,6.0085,20.69,31.89,1.5413
slovenia,g13_00053_2.tif,6319490,4.1622,6.0085,28.97,39.69,1.37
slovenia,g13_00053_2.tif,6320537,4.1622,6.0085,62.6,83.59,1.3353
slovenia,g13_00053_2.tif,6320538,4.1622,6.0085,19.27,25.08,1.3015
slovenia,g13_00053_2.tif,6340045,4.1622,6.0085,37.25,39.16,1.0513
slovenia,g13_00053_2.tif,6340053,4.1622,6.0085,25.71,35.55,1.3827
slovenia,g13_00053_2.tif,6350851,4.1622,6.0085,22.04,31.24,1.4174
slovenia,g13_00053_2.tif,6350859,4.1622,6.0085,53.8,75.26,1.3989
slovenia,g13_00053_2.tif,6350862,4.1622,6.0085,83.85,98.58,1.1757
slovenia,g13_00053_2.tif,6350868,4.1622,6.0085,28.97,37.46,1.2931
slovenia,g13_00053_2.tif,6350914,4.1622,6.0085,12.42,12.49,1.0056
slovenia,g13_00053_2.tif,6371592,4.1622,6.0085,37.25,55.92,1.5012
slovenia,g13_00053_2.tif,6371614,4.1622,6.0085,32.88,44.91,1.3659
slovenia,g13_00053_2.tif,6371622,4.1622,6.0085,48.21,68.93,1.4298
slovenia,g13_00053_2.tif,6410810,4.1622,6.0085,48.21,51.27,1.0635
slovenia,g13_00053_2.tif,6413043,4.1622,6.0085,30.98,39.69,1.2811
slovenia,g13_00053_2.tif,6413045,4.1622,6.0085,20.69,30.5,1.4741
slovenia,g13_00053_2.tif,6413048,4.1622,6.0085,22.04,30.5,1.3838
slovenia,g13_00053_2.tif,6413049,4.1622,6.0085,20.69,30.5,1.4741
slovenia,g13_00053_2.tif,6413051,4.1622,6.0085,32.88,46.71,1.4206
slovenia,g13_00053_2.tif,6417241,4.1622,6.0085,14.37,21.27,1.4802
slovenia,g13_00053_2.tif,6418200,4.1622,6.0085,7.57,10.46,1.3818
slovenia,g13_00053_2.tif,6421431,4.1622,6.0085,37.25,55.92,1.5012
slovenia,g13_00053_2.tif,6421433,4.1622,6.0085,28.97,29.14,1.0059
slovenia,g13_00053_2.tif,6421434,4.1622,6.0085,44.13,60.91,1.3802
slovenia,g13_00053_2.tif,6421437,4.1622,6.0085,20.69,20.81,1.0058
slovenia,g13_00053_2.tif,6421440,4.1622,6.0085,14.37,21.27,1.4802
slovenia,g13_00053_2.tif,6421451,4.1622,6.0085,7.57,10.46,1.3818
slovenia,g13_00053_2.tif,6426493,4.1622,6.0085,7.57,10.46,1.3818
slovenia,g13_00053_2.tif,6426517,4.1622,6.0085,7.57,10.46,1.3818
slovenia,g13_00053_2.tif,6437466,4.1622,6.0085,7.57,10.46,1.3818
slovenia,g13_00053_2.tif,6437839,4.1622,6.0085,12.42,19.87,1.5998
slovenia,g13_00053_2.tif,6464992,4.1622,6.0085,12.42,12.49,1.0056
slovenia,g13_00053_2.tif,6465006,4.1622,6.0085,12.42,12.49,1.0056
slovenia,g13_00053_2.tif,6465105,4.1622,6.0085,20.69,31.89,1.5413
slovenia,g13_00053_2.tif,6469706,4.1622,6.0085,22.04,32.84,1.49
slovenia,g13_00053_2.tif,6551690,4.1622,6.0085,100.56,106.69,1.061
slovenia,g13_00053_2.tif,6614064,4.1622,6.0085,54.39,79.96,1.4701
slovenia,g13_00053_2.tif,6614068,4.1622,6.0085,53.8,71.72,1.3331
slovenia,g13_00053_2.tif,6615156,4.1622,6.0085,19.27,20.81,1.0799
slovenia,g13_00053_2.tif,6654894,4.1622,6.0085,19.27,25.08,1.3015
slovenia,g13_00053_2.tif,6678697,4.1622,6.0085,14.37,16.37,1.1392
slovenia,g13_00053_2.tif,6733237,4.1622,6.0085,14.37,21.27,1.4802
slovenia,g13_00053_2.tif,6733240,4.1622,6.0085,22.04,31.89,1.4469
slovenia,g13_00053_2.tif,6733245,4.1622,6.0085,12.42,16.37,1.318
slovenia,g13_00053_2.tif,6733250,4.1622,6.0085,14.37,19.87,1.3827
slovenia,g13_00053_2.tif,6736343,4.1622,6.0085,4.14,4.16,1.0048
slovenia,g13_00053_2.tif,6736390,4.1622,6.0085,7.57,10.46,1.3818
slovenia,g13_00053_2.tif,6741496,4.1622,6.0085,14.37,21.27,1.4802
slovenia,g13_00053_2.tif,6755862,4.1622,6.0085,29.99,31.24,1.0417
slovenia,g13_00053_2.tif,6755890,4.1622,6.0085,37.25,55.92,1.5012
slovenia,g13_00053_2.tif,6780862,4.1622,6.0085,12.42,12.49,1.0056
slovenia,g13_00053_2.tif,6788115,4.1622,6.0085,29.99,44.62,1.4878
slovenia,g13_00053_2.tif,6788124,4.1622,6.0085,14.37,16.37,1.1392
slovenia,g13_00053_2.tif,6808345,4.1622,6.0085,7.57,10.46,1.3818
slovenia,g13_00053_2.tif,6845777,4.1622,6.0085,38.07,39.16,1.0286
slovenia,g13_00053_2.tif,6849279,4.1622,6.0085,45.53,64.53,1.4173
slovenia,g13_00053_2.tif,6882769,4.1622,6.0085,54.39,55.34,1.0175
slovenia,g13_00053_2.tif,6940497,4.1622,6.0085,12.42,19.87,1.5998
slovenia,g13_00053_2.tif,6974301,4.1622,6.0085,92.74,120.71,1.3016
slovenia,g13_00053_2.tif,6975171,4.1622,6.0085,28.97,43.91,1.5157
slovenia,g13_00053_2.tif,6975172,4.1622,6.0085,56.12,58.87,1.049
slovenia,g13_00053_2.tif,6975174,4.1622,6.0085,53.8,74.52,1.3851
slovenia,g13_00053_2.tif,6975182,4.1622,6.0085,12.42,19.87,1.5998
slovenia,g13_00053_2.tif,6975184,4.1622,6.0085,12.42,19.87,1.5998
slovenia,g13_00053_2.tif,6975185,4.1622,6.0085,25.71,35.55,1.3827
slovenia,g13_00053_2.tif,6993334,4.1622,6.0085,20.69,23.55,1.1382
slovenia,g13_00053_2.tif,6998388,4.1622,6.0085,25.71,29.14,1.1334
slovenia,g13_00053_2.tif,6998391,4.1622,6.0085,7.57,10.46,1.3818
slovenia,g13_00053_2.tif,7005593,4.1622,6.0085,29.99,43.91,1.4642
slovenia,g13_00053_2.tif,7011682,4.1622,6.0085,37.25,55.92,1.5012
slovenia,g13_00053_2.tif,7011772,4.1622,6.0085,45.53,67.94,1.4922
slovenia,g13_00053_2.tif,7012517,4.1622,6.0085,19.27,20.81,1.0799
slovenia,g13_00053_2.tif,7022705,4.1622,6.0085,12.42,12.49,1.0056
slovenia,g13_00053_2.tif,7047113,4.1622,6.0085,46.21,67.94,1.4702
slovenia,g13_00054_11.tif,6103823,4.1622,6.0085,14.37,21.27,1.4802
slovenia,g13_00054_11.tif,6103824,4.1622,6.0085,22.04,23.55,1.0685
slovenia,g13_00054_11.tif,6111508,4.1622,6.0085,28.97,36.9,1.2737
slovenia,g13_00054_11.tif,6427251,4.1622,6.0085,19.27,20.81,1.0799
slovenia,g13_00054_11.tif,6441353,4.1622,6.0085,14.37,21.27,1.4802
slovenia,g13_00054_11.tif,6441354,4.1622,6.0085,19.27,23.55,1.2221
slovenia,g13_00054_11.tif,6451937,4.1622,6.0085,12.42,16.37,1.318
slovenia,g13_00054_11.tif,6608299,4.1622,6.0085,19.27,20.81,1.0799
slovenia,g13_00054_11.tif,6608300,4.1622,6.0085,12.42,12.49,1.0056
slovenia,g13_00054_11.tif,6813501,4.1622,6.0085,29.99,31.24,1.0417
slovenia,g13_00054_11.tif,6875007,4.1622,6.0085,25.71,29.14,1.1334
slovenia,g13_00054_11.tif,7049821,4.1622,6.0085,37.25,46.71,1.254
slovenia,g13_00054_12.tif,6142558,4.1622,6.0085,32.88,43.91,1.3355
slovenia,g13_00054_12.tif,6568474,4.1622,6.0085,140.42,178.98,1.2746
slovenia,g13_00054_12.tif,6568478,4.1622,6.0085,66.58,74.52,1.1193
slovenia,g13_00054_12.tif,7049813,4.1622,6.0085,136.58,145.29,1.0638
slovenia,g13_00054_12.tif,7049821,4.1622,6.0085,20.69,20.81,1.0058
slovenia,g13_00054_12.tif,7049827,4.1622,6.0085,62.08,65.16,1.0496
slovenia,g13_00054_12.tif,7049828,4.1622,6.0085,44.13,54.11,1.2262
slovenia,g13_00054_13.tif,6135408,4.1622,6.0085,19.27,25.08,1.3015
slovenia,g13_00054_13.tif,6167515,4.1622,6.0085,37.25,39.16,1.0513
slovenia,g13_00054_13.tif,6178146,4.1622,6.0085,19.27,23.55,1.2221
slovenia,g13_00054_13.tif,6178147,4.1622,6.0085,12.42,19.87,1.5998
slovenia,g13_00054_13.tif,6190471,4.1622,6.0085,62.08,86.31,1.3903
slovenia,g13_00054_13.tif,6194785,4.1622,6.0085,79.05,91.96,1.1633
slovenia,g13_00054_13.tif,6194786,4.1622,6.0085,48.21,59.42,1.2325
slovenia,g13_00054_13.tif,6196445,4.1622,6.0085,12.42,19.87,1.5998
slovenia,g13_00054_13.tif,6217500,4.1622,6.0085,28.97,43.91,1.5157
slovenia,g13_00054_13.tif,6286401,4.1622,6.0085,19.27,23.55,1.2221
slovenia,g13_00054_13.tif,6309889,4.1622,6.0085,22.04,30.5,1.3838
slovenia,g13_00054_13.tif,6311352,4.1622,6.0085,48.21,58.87,1.2211
slovenia,g13_00054_13.tif,6372948,4.1622,6.0085,12.42,12.49,1.0056
slovenia,g13_00054_13.tif,6375658,4.1622,6.0085,14.37,21.27,1.4802
slovenia,g13_00054_13.tif,6403025,4.1622,6.0085,20.69,23.55,1.1382
slovenia,g13_00054_13.tif,6637341,4.1622,6.0085,14.37,21.27,1.4802
slovenia,g13_00054_13.tif,6661966,4.1622,6.0085,19.27,25.08,1.3015
slovenia,g13_00054_13.tif,6661968,4.1622,6.0085,12.42,12.49,1.0056
slovenia,g13_00054_13.tif,6661977,4.1622,6.0085,51.39,69.84,1.359
slovenia,g13_00054_13.tif,6661978,4.1622,6.0085,28.97,35.55,1.2271
slovenia,g13_00054_13.tif,6809526,4.1622,6.0085,19.27,21.27,1.1038
slovenia,g13_00054_13.tif,6952881,4.1622,6.0085,12.42,16.37,1.318
slovenia,g13_00054_13.tif,6952890,4.1622,6.0085,14.37,21.27,1.4802
slovenia,g13_00054_13.tif,6979565,4.1622,6.0085,7.57,10.46,1.3818
slovenia,g13_00054_13.tif,6997566,4.1622,6.0085,19.27,20.81,1.0799
slovenia,g13_00054_13.tif,7024571,4.1622,6.0085,22.04,30.5,1.3838
slovenia,g6_00003_14.tif,6099948,4.1848,5.9689,4.14,7.75,1.872
slovenia,g6_00003_14.tif,6168187,4.1848,5.9689,19.27,23.62,1.2257
slovenia,g6_00003_14.tif,6168188,4.1848,5.9689,7.57,10.39,1.3725
slovenia,g6_00003_14.tif,6186686,4.1848,5.9689,12.42,16.38,1.3188
slovenia,g6_00003_14.tif,6200892,4.1848,5.9689,19.27,24.97,1.2958
slovenia,g6_00003_14.tif,6200955,4.1848,5.9689,19.27,24.97,1.2958
slovenia,g6_00003_14.tif,6664380,4.1848,5.9689,19.27,23.62,1.2257
slovenia,g6_00003_14.tif,6664390,4.1848,5.9689,7.57,10.39,1.3725
slovenia,g6_00003_14.tif,6972917,4.1848,5.9689,19.27,23.62,1.2257
slovenia,g6_00003_15.tif,6099794,4.1848,5.9689,7.57,10.39,1.3725
slovenia,g6_00003_15.tif,6099798,4.1848,5.9689,14.37,16.38,1.1399
slovenia,g6_00003_15.tif,6099924,4.1848,5.9689,29.99,31.36,1.0457
slovenia,g6_00003_15.tif,6099948,4.1848,5.9689,4.14,7.75,1.872
slovenia,g6_00003_15.tif,6168187,4.1848,5.9689,4.14,7.75,1.872
slovenia,g6_00003_15.tif,6186661,4.1848,5.9689,42.68,47.43,1.1113
slovenia,g6_00003_15.tif,6186676,4.1848,5.9689,20.69,24.97,1.2069
slovenia,g6_00003_15.tif,6186686,4.1848,5.9689,12.42,16.38,1.3188
slovenia,g6_00003_15.tif,6186907,4.1848,5.9689,12.42,19.69,1.5853
slovenia,g6_00003_15.tif,6200892,4.1848,5.9689,19.27,24.97,1.2958
slovenia,g6_00003_15.tif,6200955,4.1848,5.9689,19.27,24.97,1.2958
slovenia,g6_00003_15.tif,6249988,4.1848,5.9689,12.42,12.55,1.0105
slovenia,g6_00003_15.tif,6366021,4.1848,5.9689,14.37,20.92,1.4558
slovenia,g6_00003_15.tif,6659154,4.1848,5.9689,12.42,16.38,1.3188
slovenia,g6_00003_15.tif,6860169,4.1848,5.9689,7.57,10.39,1.3725
slovenia,g6_00003_15.tif,6860170,4.1848,5.9689,28.97,36.94,1.2751
slovenia,g6_00003_15.tif,6860171,4.1848,5.9689,12.42,19.69,1.5853
slovenia,g6_00003_15.tif,7021036,4.1848,5.9689,25.71,35.35,1.375
slovenia,g6_00003_15.tif,7021046,4.1848,5.9689,12.42,12.55,1.0105
slovenia,g6_00003_15.tif,7023699,4.1848,5.9689,12.42,12.55,1.0105
slovenia,g6_00003_15.tif,7029785,4.1848,5.9689,20.69,20.92,1.0111
slovenia,g6_00003_15.tif,7077166,4.1848,5.9689,12.42,12.55,1.0105
slovenia,g6_00003_15.tif,7077168,4.1848,5.9689,12.42,19.69,1.5853
slovenia,g6_00003_15.tif,7077169,4.1848,5.9689,7.57,10.39,1.3725
slovenia,g6_00003_16.tif,6249989,4.1848,5.9689,53.8,78.77,1.4641
slovenia,g6_00003_16.tif,6249990,4.1848,5.9689,37.25,55.5,1.4899
slovenia,g6_00003_16.tif,6250000,4.1848,5.9689,12.42,19.69,1.5853
slovenia,g6_00003_16.tif,6366019,4.1848,5.9689,20.69,31.63,1.5288
slovenia,g6_00003_16.tif,6366020,4.1848,5.9689,19.27,23.62,1.2257
slovenia,g6_00003_16.tif,6366021,4.1848,5.9689,19.27,20.92,1.0856
slovenia,g6_00003_16.tif,6366026,4.1848,5.9689,37.25,39.33,1.0558
slovenia,g6_00003_16.tif,6366028,4.1848,5.9689,19.27,20.92,1.0856
slovenia,g6_00003_16.tif,6465134,4.1848,5.9689,53.8,79.38,1.4755
slovenia,g6_00003_16.tif,6545711,4.1848,5.9689,37.25,44.0,1.1812
slovenia,g6_00003_16.tif,6545718,4.1848,5.9689,20.69,31.63,1.5288
slovenia,g6_00003_16.tif,6567399,4.1848,5.9689,108.45,150.59,1.3886
slovenia,g6_00003_16.tif,6567445,4.1848,5.9689,25.71,31.63,1.2303
slovenia,g6_00003_16.tif,6567451,4.1848,5.9689,30.98,36.94,1.1924
slovenia,g6_00003_16.tif,6567454,4.1848,5.9689,20.69,30.46,1.4722
slovenia,g6_00003_16.tif,6567473,4.1848,5.9689,62.08,78.06,1.2574
slovenia,g6_00003_16.tif,6634491,4.1848,5.9689,54.39,79.8,1.4672
slovenia,g6_00003_16.tif,6693343,4.1848,5.9689,4.14,7.75,1.872
slovenia,g6_00003_16.tif,6710067,4.1848,5.9689,37.25,55.5,1.4899
slovenia,g6_00003_16.tif,6799693,4.1848,5.9689,62.08,91.32,1.471
slovenia,g6_00003_16.tif,6820055,4.1848,5.9689,37.25,55.5,1.4899
slovenia,g6_00003_16.tif,6843349,4.1848,5.9689,88.4,122.32,1.3837
slovenia,g6_00003_16.tif,6860176,4.1848,5.9689,20.69,30.46,1.4722
slovenia,g6_00003_16.tif,6962549,4.1848,5.9689,19.27,24.97,1.2958
slovenia,g6_00003_16.tif,6962867,4.1848,5.9689,14.37,21.12,1.4697
slovenia,g6_00003_16.tif,6962952,4.1848,5.9689,7.57,10.39,1.3725
slovenia,g6_00003_16.tif,6963075,4.1848,5.9689,29.99,39.55,1.3188
slovenia,g6_00003_16.tif,6973865,4.1848,5.9689,70.82,79.51,1.1227
slovenia,g6_00003_16.tif,6973891,4.1848,5.9689,51.39,57.5,1.1189
slovenia,g6_00003_16.tif,6973905,4.1848,5.9689,30.98,36.94,1.1924
slovenia,g6_00003_16.tif,6973912,4.1848,5.9689,19.27,23.62,1.2257
slovenia,g6_00003_16.tif,6996178,4.1848,5.9689,29.99,31.36,1.0457
slovenia,g6_00003_16.tif,6996183,4.1848,5.9689,128.3,186.82,1.4561
slovenia,g6_00003_16.tif,6996438,4.1848,5.9689,48.86,67.44,1.3803
slovenia,g6_00003_16.tif,7021036,4.1848,5.9689,25.71,35.35,1.375
slovenia,g6_00003_16.tif,7021044,4.1848,5.9689,28.97,43.57,1.504
slovenia,g6_00003_16.tif,7021046,4.1848,5.9689,12.42,19.69,1.5853
slovenia,g6_00003_16.tif,7021052,4.1848,5.9689,12.42,19.69,1.5853
slovenia,g6_00003_16.tif,7023699,4.1848,5.9689,12.42,19.69,1.5853
slovenia,g6_00003_16.tif,7023714,4.1848,5.9689,12.42,19.69,1.5853
slovenia,g6_00003_16.tif,7029781,4.1848,5.9689,62.08,83.07,1.3381
slovenia,g6_00003_16.tif,7029785,4.1848,5.9689,37.25,55.5,1.4899
slovenia,g6_00003_16.tif,7029798,4.1848,5.9689,20.69,31.63,1.5288
slovenia,g6_00003_2.tif,6433909,4.1848,5.9689,7.57,10.39,1.3725
slovenia,g6_00003_2.tif,6450055,4.1848,5.9689,19.27,23.62,1.2257
slovenia,g6_00003_2.tif,6592607,4.1848,5.9689,4.14,7.75,1.872
slovenia,g6_00003_2.tif,6869778,4.1848,5.9689,12.42,19.69,1.5853
slovenia,g6_00003_3.tif,6128373,4.1848,5.9689,19.27,23.62,1.2257
slovenia,g6_00003_3.tif,6128374,4.1848,5.9689,12.42,12.55,1.0105
slovenia,g6_00003_3.tif,6128378,4.1848,5.9689,7.57,10.39,1.3725
slovenia,g6_00003_3.tif,6274364,4.1848,5.9689,12.42,19.69,1.5853
slovenia,g6_00003_3.tif,6287783,4.1848,5.9689,12.42,16.38,1.3188
slovenia,g6_00003_3.tif,6699035,4.1848,5.9689,19.27,23.62,1.2257
slovenia,g6_00003_3.tif,6699098,4.1848,5.9689,14.37,16.38,1.1399
slovenia,g6_00003_3.tif,7039522,4.1848,5.9689,12.42,16.38,1.3188
slovenia,g6_00003_3.tif,7039523,4.1848,5.9689,19.27,20.92,1.0856
slovenia,g6_00003_3.tif,7039526,4.1848,5.9689,12.42,16.38,1.3188
slovenia,g6_00003_3.tif,7039529,4.1848,5.9689,14.37,21.12,1.4697
slovenia,g6_00003_4.tif,6311519,4.1848,5.9689,12.42,16.38,1.3188
slovenia,g6_00003_4.tif,6311520,4.1848,5.9689,12.42,19.69,1.5853
slovenia,g6_00003_4.tif,6311526,4.1848,5.9689,12.42,16.38,1.3188
slovenia,g6_00003_4.tif,6311535,4.1848,5.9689,19.27,24.97,1.2958
slovenia,g6_00003_4.tif,6528946,4.1848,5.9689,12.42,19.69,1.5853
slovenia,g6_00003_4.tif,6528948,4.1848,5.9689,7.57,10.39,1.3725
slovenia,g6_00003_4.tif,6543604,4.1848,5.9689,12.42,12.55,1.0105
slovenia,g6_00006_15.tif,6090604,4.1858,6.0082,28.97,43.88,1.5147
slovenia,g6_00006_15.tif,6090616,4.1858,6.0082,40.44,50.05,1.2376
slovenia,g6_00006_15.tif,6090794,4.1858,6.0082,20.69,23.66,1.1435
slovenia,g6_00006_15.tif,6094417,4.1858,6.0082,12.42,19.85,1.5982
slovenia,g6_00006_15.tif,6099793,4.1858,6.0082,28.97,39.75,1.3721
slovenia,g6_00006_15.tif,6099808,4.1858,6.0082,30.98,37.03,1.1953
slovenia,g6_00006_15.tif,6099824,4.1858,6.0082,4.14,4.19,1.0121
slovenia,g6_00006_15.tif,6099865,4.1858,6.0082,12.42,19.85,1.5982
slovenia,g6_00006_15.tif,6168179,4.1858,6.0082,37.25,37.67,1.0113
slovenia,g6_00006_15.tif,6168184,4.1858,6.0082,30.98,37.03,1.1953
slovenia,g6_00006_15.tif,6209285,4.1858,6.0082,12.42,19.85,1.5982
slovenia,g6_00006_15.tif,6250020,4.1858,6.0082,20.69,20.93,1.0116
slovenia,g6_00006_15.tif,6250182,4.1858,6.0082,20.69,20.93,1.0116
slovenia,g6_00006_15.tif,6259435,4.1858,6.0082,28.97,29.3,1.0114
slovenia,g6_00006_15.tif,6284834,4.1858,6.0082,7.57,10.46,1.3818
slovenia,g6_00006_15.tif,6284838,4.1858,6.0082,20.69,20.93,1.0116
slovenia,g6_00006_15.tif,6284839,4.1858,6.0082,12.42,12.56,1.0113
slovenia,g6_00006_15.tif,6451499,4.1858,6.0082,12.42,19.85,1.5982
slovenia,g6_00006_15.tif,6593428,4.1858,6.0082,12.42,19.85,1.5982
slovenia,g6_00006_15.tif,6669216,4.1858,6.0082,53.8,75.31,1.3998
slovenia,g6_00006_15.tif,6710204,4.1858,6.0082,54.39,64.6,1.1877
slovenia,g6_00006_15.tif,6710213,4.1858,6.0082,62.6,83.6,1.3355
slovenia,g6_00006_15.tif,6710215,4.1858,6.0082,37.25,44.08,1.1834
slovenia,g6_00006_15.tif,6820044,4.1858,6.0082,29.99,31.39,1.0467
slovenia,g6_00006_15.tif,6820057,4.1858,6.0082,37.25,55.9,1.5007
slovenia,g6_00006_15.tif,6857273,4.1858,6.0082,12.42,19.85,1.5982
slovenia,g6_00006_15.tif,6860366,4.1858,6.0082,54.39,59.15,1.0875
slovenia,g6_00006_15.tif,6860367,4.1858,6.0082,32.88,37.03,1.1262
slovenia,g6_00006_15.tif,6860369,4.1858,6.0082,44.13,46.04,1.0433
slovenia,g6_00006_15.tif,6860375,4.1858,6.0082,40.44,54.39,1.345
slovenia,g6_00006_15.tif,6860381,4.1858,6.0082,20.69,31.86,1.5399
slovenia,g6_00006_15.tif,6860525,4.1858,6.0082,37.25,54.39,1.4601
slovenia,g6_00006_15.tif,6860599,4.1858,6.0082,12.42,19.85,1.5982
slovenia,g6_00006_15.tif,6860964,4.1858,6.0082,4.14,7.83,1.8913
slovenia,g6_00006_15.tif,6861170,4.1858,6.0082,12.42,19.85,1.5982
slovenia,g6_00006_15.tif,6861767,4.1858,6.0082,7.57,10.46,1.3818
slovenia,g6_00006_15.tif,6862132,4.1858,6.0082,38.07,54.39,1.4287
slovenia,g6_00006_15.tif,6897449,4.1858,6.0082,20.69,30.58,1.478
slovenia,g6_00006_15.tif,6972907,4.1858,6.0082,37.25,54.39,1.4601
slovenia,g6_00006_15.tif,6972908,4.1858,6.0082,20.69,31.86,1.5399
slovenia,g6_00006_15.tif,6972917,4.1858,6.0082,12.42,19.85,1.5982
slovenia,g6_00006_15.tif,7077164,4.1858,6.0082,110.85,133.36,1.2031
slovenia,g6_00006_15.tif,7077180,4.1858,6.0082,66.1,78.25,1.1838
slovenia,g6_00006_16.tif,6098871,4.1858,6.0082,32.88,46.71,1.4206
slovenia,g6_00006_16.tif,6098872,4.1858,6.0082,28.97,43.88,1.5147
slovenia,g6_00006_16.tif,6098877,4.1858,6.0082,32.88,44.6,1.3564
slovenia,g6_00006_16.tif,6099042,4.1858,6.0082,20.69,30.58,1.478
slovenia,g6_00006_16.tif,6099808,4.1858,6.0082,25.71,30.58,1.1894
slovenia,g6_00006_16.tif,6099823,4.1858,6.0082,37.25,44.08,1.1834
slovenia,g6_00006_16.tif,6099824,4.1858,6.0082,30.98,37.03,1.1953
slovenia,g6_00006_16.tif,6168184,4.1858,6.0082,12.42,12.56,1.0113
slovenia,g6_00006_16.tif,6186664,4.1858,6.0082,42.68,51.06,1.1963
slovenia,g6_00006_16.tif,6186667,4.1858,6.0082,29.99,37.03,1.2347
slovenia,g6_00006_16.tif,6191838,4.1858,6.0082,20.69,30.58,1.478
slovenia,g6_00006_16.tif,6200984,4.1858,6.0082,30.98,37.03,1.1953
slovenia,g6_00006_16.tif,6249995,4.1858,6.0082,95.53,119.47,1.2506
slovenia,g6_00006_16.tif,6249997,4.1858,6.0082,25.71,30.58,1.1894
slovenia,g6_00006_16.tif,6522029,4.1858,6.0082,20.69,20.93,1.0116
slovenia,g6_00006_16.tif,6537291,4.1858,6.0082,4.14,4.19,1.0121
slovenia,g6_00006_16.tif,6537598,4.1858,6.0082,48.21,54.42,1.1288
slovenia,g6_00006_16.tif,6545697,4.1858,6.0082,66.1,83.68,1.266
slovenia,g6_00006_16.tif,6545699,4.1858,6.0082,78.63,98.86,1.2573
slovenia,g6_00006_16.tif,6593401,4.1858,6.0082,25.71,32.82,1.2765
slovenia,g6_00006_16.tif,6593417,4.1858,6.0082,20.69,31.86,1.5399
slovenia,g6_00006_16.tif,6664360,4.1858,6.0082,25.71,30.58,1.1894
slovenia,g6_00006_16.tif,6710204,4.1858,6.0082,136.33,160.69,1.1787
slovenia,g6_00006_16.tif,6710212,4.1858,6.0082,72.17,85.19,1.1804
slovenia,g6_00006_16.tif,6710215,4.1858,6.0082,37.25,44.08,1.1834
slovenia,g6_00006_16.tif,6710219,4.1858,6.0082,40.44,50.05,1.2376
slovenia,g6_00006_16.tif,6820069,4.1858,6.0082,25.71,32.82,1.2765
slovenia,g6_00006_16.tif,6820108,4.1858,6.0082,25.71,35.56,1.3831
slovenia,g6_00006_16.tif,6868471,4.1858,6.0082,20.69,31.86,1.5399
slovenia,g6_00006_16.tif,6868655,4.1858,6.0082,22.04,30.58,1.3875
slovenia,g6_00006_16.tif,6868674,4.1858,6.0082,19.27,25.1,1.3025
slovenia,g6_00006_16.tif,6868766,4.1858,6.0082,19.27,25.1,1.3025
slovenia,g6_00006_16.tif,6897405,4.1858,6.0082,48.86,60.93,1.247
slovenia,g6_00006_16.tif,6897406,4.1858,6.0082,28.97,43.88,1.5147
slovenia,g6_00006_16.tif,6897411,4.1858,6.0082,62.6,71.61,1.1439
slovenia,g6_00006_16.tif,6897748,4.1858,6.0082,30.98,37.03,1.1953
slovenia,g6_00006_16.tif,6897964,4.1858,6.0082,19.27,25.1,1.3025
slovenia,g6_00006_16.tif,6972904,4.1858,6.0082,140.42,177.15,1.2616
slovenia,g6_00006_16.tif,6972908,4.1858,6.0082,20.69,31.86,1.5399
slovenia,g6_00006_16.tif,6972912,4.1858,6.0082,20.69,30.58,1.478
slovenia,g6_00006_16.tif,6973830,4.1858,6.0082,48.86,62.79,1.2851
slovenia,g6_00006_16.tif,6973836,4.1858,6.0082,12.42,12.56,1.0113
slovenia,g6_00006_16.tif,6973838,4.1858,6.0082,88.4,102.55,1.1601
slovenia,g6_00006_16.tif,6973863,4.1858,6.0082,48.86,57.64,1.1797
slovenia,g6_00006_16.tif,6988088,4.1858,6.0082,98.25,129.76,1.3207
slovenia,g6_00006_16.tif,6988297,4.1858,6.0082,40.44,46.04,1.1385
slovenia,g6_00006_16.tif,7077173,4.1858,6.0082,14.37,21.26,1.4795
slovenia,g6_00006_16.tif,7077180,4.1858,6.0082,37.25,44.08,1.1834
slovenia,g6_00006_17.tif,6098870,4.1858,6.0082,78.63,88.68,1.1278
slovenia,g6_00006_17.tif,6098965,4.1858,6.0082,25.71,35.56,1.3831
slovenia,g6_00006_17.tif,6366012,4.1858,6.0082,66.1,78.25,1.1838
slovenia,g6_00006_17.tif,6377430,4.1858,6.0082,20.69,30.58,1.478
slovenia,g6_00006_17.tif,6479372,4.1858,6.0082,28.97,43.88,1.5147
slovenia,g6_00006_17.tif,6479387,4.1858,6.0082,37.25,44.08,1.1834
slovenia,g6_00006_17.tif,6479440,4.1858,6.0082,20.69,30.58,1.478
slovenia,g6_00006_17.tif,6479936,4.1858,6.0082,37.25,44.08,1.1834
slovenia,g6_00006_17.tif,6537291,4.1858,6.0082,44.13,46.04,1.0433
slovenia,g6_00006_17.tif,6537598,4.1858,6.0082,20.69,29.3,1.4161
slovenia,g6_00006_17.tif,6545699,4.1858,6.0082,62.08,75.31,1.2131
slovenia,g6_00006_17.tif,6567399,4.1858,6.0082,4.14,7.83,1.8913
slovenia,g6_00006_17.tif,6567414,4.1858,6.0082,56.12,79.18,1.4109
slovenia,g6_00006_17.tif,6567445,4.1858,6.0082,28.97,37.03,1.2782
slovenia,g6_00006_17.tif,6567446,4.1858,6.0082,28.97,39.75,1.3721
slovenia,g6_00006_17.tif,6567454,4.1858,6.0082,14.37,21.26,1.4795
slovenia,g6_00006_17.tif,6634496,4.1858,6.0082,12.42,19.85,1.5982
slovenia,g6_00006_17.tif,6693343,4.1858,6.0082,69.9,97.61,1.3964
slovenia,g6_00006_17.tif,6693345,4.1858,6.0082,56.12,81.58,1.4537
slovenia,g6_00006_17.tif,6693350,4.1858,6.0082,64.12,89.77,1.4
slovenia,g6_00006_17.tif,6693356,4.1858,6.0082,44.13,60.93,1.3807
slovenia,g6_00006_17.tif,6693359,4.1858,6.0082,78.63,115.98,1.475
slovenia,g6_00006_17.tif,6693373,4.1858,6.0082,25.71,35.56,1.3831
slovenia,g6_00006_17.tif,6693439,4.1858,6.0082,28.97,43.88,1.5147
slovenia,g6_00006_17.tif,6701964,4.1858,6.0082,29.99,44.6,1.4872
slovenia,g6_00006_17.tif,6710066,4.1858,6.0082,37.25,44.08,1.1834
slovenia,g6_00006_17.tif,6710219,4.1858,6.0082,42.68,54.39,1.2744
slovenia,g6_00006_17.tif,6747866,4.1858,6.0082,12.42,19.85,1.5982
slovenia,g6_00006_17.tif,6820032,4.1858,6.0082,77.38,92.18,1.1913
slovenia,g6_00006_17.tif,6820037,4.1858,6.0082,103.47,126.36,1.2212
slovenia,g6_00006_17.tif,6820082,4.1858,6.0082,25.71,30.58,1.1894
slovenia,g6_00006_17.tif,6820103,4.1858,6.0082,19.27,25.1,1.3025
slovenia,g6_00006_17.tif,6843350,4.1858,6.0082,22.04,32.82,1.4891
slovenia,g6_00006_17.tif,6851229,4.1858,6.0082,66.58,93.39,1.4027
slovenia,g6_00006_17.tif,6856938,4.1858,6.0082,42.68,54.39,1.2744
slovenia,g6_00006_17.tif,6897393,4.1858,6.0082,19.27,25.1,1.3025
slovenia,g6_00006_17.tif,6897395,4.1858,6.0082,20.69,30.58,1.478
slovenia,g6_00006_17.tif,6897496,4.1858,6.0082,22.04,30.58,1.3875
slovenia,g6_00006_17.tif,6897503,4.1858,6.0082,22.04,30.58,1.3875
slovenia,g6_00006_17.tif,6973827,4.1858,6.0082,14.37,19.85,1.3814
slovenia,g6_00006_17.tif,6973830,4.1858,6.0082,87.29,127.99,1.4663
slovenia,g6_00006_17.tif,6973836,4.1858,6.0082,85.01,111.78,1.3149
slovenia,g6_00006_17.tif,6973847,4.1858,6.0082,58.9,83.6,1.4194
slovenia,g6_00006_17.tif,6973859,4.1858,6.0082,72.17,82.91,1.1488
slovenia,g6_00006_17.tif,6973889,4.1858,6.0082,45.53,67.91,1.4915
slovenia,g6_00006_17.tif,6973928,4.1858,6.0082,12.42,19.85,1.5982
slovenia,g6_00006_17.tif,6973947,4.1858,6.0082,14.37,19.85,1.3814
slovenia,g6_00006_17.tif,6979431,4.1858,6.0082,45.53,67.91,1.4915
slovenia,g6_00006_17.tif,6988088,4.1858,6.0082,66.1,78.25,1.1838
slovenia,g6_00006_17.tif,6988297,4.1858,6.0082,66.58,93.39,1.4027
slovenia,g6_00006_17.tif,6996131,4.1858,6.0082,88.4,120.56,1.3638
slovenia,g6_00006_17.tif,6996143,4.1858,6.0082,64.12,93.39,1.4565
slovenia,g6_00006_17.tif,6996144,4.1858,6.0082,53.8,71.16,1.3227
slovenia,g6_00006_17.tif,6996145,4.1858,6.0082,74.39,103.96,1.3975
slovenia,g6_00006_17.tif,6996151,4.1858,6.0082,37.25,50.05,1.3436
slovenia,g6_00006_17.tif,6996153,4.1858,6.0082,28.97,43.88,1.5147
slovenia,g6_00006_17.tif,6996155,4.1858,6.0082,28.97,43.88,1.5147
slovenia,g6_00006_17.tif,6996187,4.1858,6.0082,14.37,21.26,1.4795
slovenia,g6_00006_17.tif,6996357,4.1858,6.0082,30.98,43.88,1.4164
slovenia,g6_00006_17.tif,6996438,4.1858,6.0082,74.39,103.96,1.3975
slovenia,g6_00006_17.tif,6998248,4.1858,6.0082,45.53,64.6,1.4188
slovenia,g6_00006_17.tif,7021056,4.1858,6.0082,38.07,47.46,1.2467
slovenia,g6_00006_3.tif,6136400,4.1858,6.0082,7.57,10.46,1.3818
slovenia,g6_00006_3.tif,6737614,4.1858,6.0082,7.57,10.46,1.3818
slovenia,g6_00006_3.tif,6737628,4.1858,6.0082,7.57,10.46,1.3818
slovenia,g6_00006_3.tif,6826738,4.1858,6.0082,19.27,25.1,1.3025
slovenia,g6_00006_3.tif,6826742,4.1858,6.0082,20.69,31.86,1.5399
slovenia,g6_00006_3.tif,6826743,4.1858,6.0082,19.27,25.1,1.3025
slovenia,g6_00006_3.tif,6826745,4.1858,6.0082,28.97,43.88,1.5147
slovenia,g6_00006_3.tif,6826752,4.1858,6.0082,19.27,21.26,1.1033
slovenia,g6_00006_3.tif,6826755,4.1858,6.0082,14.37,21.26,1.4795
slovenia,g6_00006_3.tif,6856440,4.1858,6.0082,14.37,16.42,1.1427
slovenia,g6_00006_4.tif,6085695,4.1858,6.0082,12.42,16.42,1.3221
slovenia,g6_00006_4.tif,6085698,4.1858,6.0082,14.37,21.26,1.4795
slovenia,g6_00006_4.tif,6085700,4.1858,6.0082,25.71,35.56,1.3831
slovenia,g6_00006_4.tif,6085702,4.1858,6.0082,20.69,30.58,1.478
slovenia,g6_00006_4.tif,6085708,4.1858,6.0082,7.57,10.46,1.3818
slovenia,g6_00006_4.tif,6223680,4.1858,6.0082,12.42,19.85,1.5982
slovenia,g6_00006_4.tif,6275528,4.1858,6.0082,20.69,20.93,1.0116
slovenia,g6_00006_4.tif,6275536,4.1858,6.0082,20.69,31.86,1.5399
slovenia,g6_00006_4.tif,6302276,4.1858,6.0082,25.71,29.3,1.1396
slovenia,g6_00006_4.tif,6314762,4.1858,6.0082,7.57,10.46,1.3818
slovenia,g6_00006_4.tif,6458974,4.1858,6.0082,7.57,10.46,1.3818
slovenia,g6_00006_4.tif,6526453,4.1858,6.0082,12.42,12.56,1.0113
slovenia,g6_00006_4.tif,6544269,4.1858,6.0082,22.04,30.58,1.3875
slovenia,g6_00006_4.tif,6600408,4.1858,6.0082,7.57,10.46,1.3818
slovenia,g6_00006_4.tif,6600436,4.1858,6.0082,7.57,10.46,1.3818
slovenia,g6_00006_4.tif,6604373,4.1858,6.0082,28.97,29.3,1.0114
slovenia,g6_00006_4.tif,6694727,4.1858,6.0082,20.69,20.93,1.0116
slovenia,g6_00006_4.tif,6705102,4.1858,6.0082,20.69,30.58,1.478
slovenia,g6_00006_4.tif,6734257,4.1858,6.0082,12.42,19.85,1.5982
slovenia,g6_00006_4.tif,6908002,4.1858,6.0082,12.42,16.42,1.3221
slovenia,g6_00006_4.tif,6908013,4.1858,6.0082,22.04,30.58,1.3875
slovenia,g6_00006_4.tif,7058843,4.1858,6.0082,19.27,25.1,1.3025
slovenia,g6_00006_4.tif,7058871,4.1858,6.0082,12.42,16.42,1.3221
slovenia,g6_00006_4.tif,7058872,4.1858,6.0082,20.69,31.86,1.5399
slovenia,g6_00006_5.tif,6085730,4.1858,6.0082,25.71,35.56,1.3831
slovenia,g6_00006_5.tif,6085735,4.1858,6.0082,12.42,12.56,1.0113
slovenia,g6_00006_5.tif,6085736,4.1858,6.0082,12.42,19.85,1.5982
slovenia,g6_00006_5.tif,6085740,4.1858,6.0082,7.57,10.46,1.3818
slovenia,g6_00006_5.tif,6086501,4.1858,6.0082,12.42,12.56,1.0113
slovenia,g6_00006_5.tif,6086524,4.1858,6.0082,12.42,12.56,1.0113
slovenia,g6_00006_5.tif,6191389,4.1858,6.0082,7.57,10.46,1.3818
slovenia,g6_00006_5.tif,6191390,4.1858,6.0082,7.57,10.46,1.3818
slovenia,g6_00006_5.tif,6191392,4.1858,6.0082,25.71,30.58,1.1894
slovenia,g6_00006_5.tif,6191394,4.1858,6.0082,14.37,20.93,1.4565
slovenia,g6_00006_5.tif,6191449,4.1858,6.0082,4.14,7.83,1.8913
slovenia,g6_00006_5.tif,6191454,4.1858,6.0082,14.37,16.42,1.1427
slovenia,g6_00006_5.tif,6223686,4.1858,6.0082,7.57,10.46,1.3818
slovenia,g6_00006_5.tif,6275532,4.1858,6.0082,20.69,31.86,1.5399
slovenia,g6_00006_5.tif,6311395,4.1858,6.0082,12.42,19.85,1.5982
slovenia,g6_00006_5.tif,6365117,4.1858,6.0082,25.71,32.82,1.2765
slovenia,g6_00006_5.tif,6419975,4.1858,6.0082,12.42,12.56,1.0113
slovenia,g6_00006_5.tif,6436537,4.1858,6.0082,14.37,21.26,1.4795
slovenia,g6_00006_5.tif,6436538,4.1858,6.0082,20.69,29.3,1.4161
slovenia,g6_00006_5.tif,6550461,4.1858,6.0082,19.27,21.26,1.1033
slovenia,g6_00006_5.tif,6550463,4.1858,6.0082,4.14,7.83,1.8913
slovenia,g6_00006_5.tif,6705080,4.1858,6.0082,20.69,20.93,1.0116
slovenia,g6_00006_5.tif,6705090,4.1858,6.0082,19.27,21.26,1.1033
slovenia,g6_00006_5.tif,6705091,4.1858,6.0082,14.37,16.42,1.1427
slovenia,g6_00006_5.tif,6744603,4.1858,6.0082,14.37,16.42,1.1427
slovenia,g6_00006_5.tif,6744622,4.1858,6.0082,7.57,10.46,1.3818
slovenia,g6_00006_5.tif,6773233,4.1858,6.0082,12.42,12.56,1.0113
slovenia,g6_00006_5.tif,6891434,4.1858,6.0082,12.42,12.56,1.0113
slovenia,g6_00006_5.tif,6954415,4.1858,6.0082,12.42,12.56,1.0113
slovenia,g6_00006_5.tif,6954441,4.1858,6.0082,12.42,12.56,1.0113
slovenia,g6_00009_16.tif,6160255,4.1869,6.0082,25.71,29.31,1.14
slovenia,g6_00009_16.tif,6160258,4.1869,6.0082,28.97,29.31,1.0117
slovenia,g6_00009_16.tif,6160262,4.1869,6.0082,22.04,23.66,1.0735
slovenia,g6_00009_16.tif,6250020,4.1869,6.0082,19.27,20.93,1.0861
slovenia,g6_00009_16.tif,6250182,4.1869,6.0082,14.37,19.85,1.3814
slovenia,g6_00009_16.tif,6259433,4.1869,6.0082,22.04,30.58,1.3875
slovenia,g6_00009_16.tif,6259438,4.1869,6.0082,20.69,31.86,1.5399
slovenia,g6_00009_16.tif,6259440,4.1869,6.0082,54.39,64.6,1.1877
slovenia,g6_00009_16.tif,6277997,4.1869,6.0082,28.97,43.88,1.5147
slovenia,g6_00009_16.tif,6278255,4.1869,6.0082,37.25,46.06,1.2365
slovenia,g6_00009_16.tif,6468919,4.1869,6.0082,14.37,16.43,1.1434
slovenia,g6_00009_16.tif,6522080,4.1869,6.0082,22.04,23.66,1.0735
slovenia,g6_00009_16.tif,6522081,4.1869,6.0082,20.69,20.93,1.0116
slovenia,g6_00009_16.tif,6537286,4.1869,6.0082,7.57,10.46,1.3818
slovenia,g6_00009_16.tif,6537287,4.1869,6.0082,12.42,12.56,1.0113
slovenia,g6_00009_16.tif,6593425,4.1869,6.0082,30.98,37.04,1.1956
slovenia,g6_00009_16.tif,6597935,4.1869,6.0082,22.04,23.66,1.0735
slovenia,g6_00009_16.tif,6669204,4.1869,6.0082,14.37,16.43,1.1434
slovenia,g6_00009_16.tif,6693347,4.1869,6.0082,19.27,23.66,1.2278
slovenia,g6_00009_16.tif,6747865,4.1869,6.0082,12.42,12.56,1.0113
slovenia,g6_00009_16.tif,6748019,4.1869,6.0082,19.27,20.93,1.0861
slovenia,g6_00009_16.tif,6748040,4.1869,6.0082,19.27,20.93,1.0861
slovenia,g6_00009_16.tif,6756411,4.1869,6.0082,12.42,19.85,1.5982
slovenia,g6_00009_16.tif,6792328,4.1869,6.0082,25.71,32.82,1.2765
slovenia,g6_00009_16.tif,6897409,4.1869,6.0082,56.12,62.8,1.119
slovenia,g6_00009_16.tif,6899501,4.1869,6.0082,7.57,10.46,1.3818
slovenia,g6_00009_16.tif,6901598,4.1869,6.0082,54.39,64.63,1.1883
slovenia,g6_00009_16.tif,6901606,4.1869,6.0082,12.42,19.85,1.5982
slovenia,g6_00009_17.tif,6098875,4.1869,6.0082,14.37,20.93,1.4565
slovenia,g6_00009_17.tif,6098876,4.1869,6.0082,32.88,37.68,1.146
slovenia,g6_00009_17.tif,6098879,4.1869,6.0082,25.71,29.31,1.14
slovenia,g6_00009_17.tif,6098880,4.1869,6.0082,22.04,32.82,1.4891
slovenia,g6_00009_17.tif,6160262,4.1869,6.0082,4.14,4.19,1.0121
slovenia,g6_00009_17.tif,6160268,4.1869,6.0082,14.37,21.26,1.4795
slovenia,g6_00009_17.tif,6160271,4.1869,6.0082,14.37,21.26,1.4795
slovenia,g6_00009_17.tif,6160494,4.1869,6.0082,37.25,44.09,1.1836
slovenia,g6_00009_17.tif,6160495,4.1869,6.0082,14.37,16.43,1.1434
slovenia,g6_00009_17.tif,6191834,4.1869,6.0082,14.37,21.26,1.4795
slovenia,g6_00009_17.tif,6267398,4.1869,6.0082,40.44,58.19,1.4389
slovenia,g6_00009_17.tif,6267417,4.1869,6.0082,14.37,21.26,1.4795
slovenia,g6_00009_17.tif,6268526,4.1869,6.0082,14.37,16.43,1.1434
slovenia,g6_00009_17.tif,6272948,4.1869,6.0082,25.71,35.56,1.3831
slovenia,g6_00009_17.tif,6272949,4.1869,6.0082,4.14,7.83,1.8913
slovenia,g6_00009_17.tif,6277992,4.1869,6.0082,29.99,39.75,1.3254
slovenia,g6_00009_17.tif,6278101,4.1869,6.0082,14.37,21.26,1.4795
slovenia,g6_00009_17.tif,6278118,4.1869,6.0082,14.37,21.26,1.4795
slovenia,g6_00009_17.tif,6278329,4.1869,6.0082,7.57,10.46,1.3818
slovenia,g6_00009_17.tif,6284829,4.1869,6.0082,14.37,19.85,1.3814
slovenia,g6_00009_17.tif,6468914,4.1869,6.0082,29.99,39.75,1.3254
slovenia,g6_00009_17.tif,6479391,4.1869,6.0082,29.99,31.4,1.047
slovenia,g6_00009_17.tif,6479392,4.1869,6.0082,22.04,29.31,1.3299
slovenia,g6_00009_17.tif,6479428,4.1869,6.0082,32.88,37.04,1.1265
slovenia,g6_00009_17.tif,6479435,4.1869,6.0082,20.69,31.86,1.5399
slovenia,g6_00009_17.tif,6516288,4.1869,6.0082,25.71,30.58,1.1894
slovenia,g6_00009_17.tif,6516290,4.1869,6.0082,29.99,44.6,1.4872
slovenia,g6_00009_17.tif,6516291,4.1869,6.0082,19.27,23.66,1.2278
slovenia,g6_00009_17.tif,6516351,4.1869,6.0082,4.14,7.83,1.8913
slovenia,g6_00009_17.tif,6516355,4.1869,6.0082,12.42,16.43,1.3229
slovenia,g6_00009_17.tif,6516550,4.1869,6.0082,12.42,16.43,1.3229
slovenia,g6_00009_17.tif,6522041,4.1869,6.0082,44.13,59.56,1.3496
slovenia,g6_00009_17.tif,6522056,4.1869,6.0082,44.13,59.56,1.3496
slovenia,g6_00009_17.tif,6522064,4.1869,6.0082,12.42,16.43,1.3229
slovenia,g6_00009_17.tif,6522146,4.1869,6.0082,22.04,31.86,1.4456
slovenia,g6_00009_17.tif,6522205,4.1869,6.0082,29.99,39.75,1.3254
slovenia,g6_00009_17.tif,6537279,4.1869,6.0082,64.12,89.77,1.4
slovenia,g6_00009_17.tif,6537284,4.1869,6.0082,37.25,50.05,1.3436
slovenia,g6_00009_17.tif,6537287,4.1869,6.0082,4.14,4.19,1.0121
slovenia,g6_00009_17.tif,6537561,4.1869,6.0082,14.37,21.26,1.4795
slovenia,g6_00009_17.tif,6537563,4.1869,6.0082,12.42,16.43,1.3229
slovenia,g6_00009_17.tif,6537581,4.1869,6.0082,28.97,39.75,1.3721
slovenia,g6_00009_17.tif,6552531,4.1869,6.0082,62.08,87.92,1.4162
slovenia,g6_00009_17.tif,6597921,4.1869,6.0082,14.37,21.26,1.4795
slovenia,g6_00009_17.tif,6666613,4.1869,6.0082,58.9,83.6,1.4194
slovenia,g6_00009_17.tif,6666617,4.1869,6.0082,7.57,10.46,1.3818
slovenia,g6_00009_17.tif,6666618,4.1869,6.0082,32.88,39.37,1.1974
slovenia,g6_00009_17.tif,6669237,4.1869,6.0082,20.69,31.86,1.5399
slovenia,g6_00009_17.tif,6669246,4.1869,6.0082,29.99,39.75,1.3254
slovenia,g6_00009_17.tif,6710226,4.1869,6.0082,51.39,69.04,1.3435
slovenia,g6_00009_17.tif,6747865,4.1869,6.0082,40.44,44.09,1.0903
slovenia,g6_00009_17.tif,6748019,4.1869,6.0082,25.71,29.31,1.14
slovenia,g6_00009_17.tif,6748040,4.1869,6.0082,4.14,4.19,1.0121
slovenia,g6_00009_17.tif,6774736,4.1869,6.0082,12.42,16.43,1.3229
slovenia,g6_00009_17.tif,6774737,4.1869,6.0082,25.71,32.82,1.2765
slovenia,g6_00009_17.tif,6774743,4.1869,6.0082,22.04,30.58,1.3875
slovenia,g6_00009_17.tif,6775615,4.1869,6.0082,37.25,45.02,1.2086
slovenia,g6_00009_17.tif,6868204,4.1869,6.0082,29.99,37.04,1.2351
slovenia,g6_00009_17.tif,6868838,4.1869,6.0082,20.69,30.58,1.478
slovenia,g6_00009_17.tif,6868899,4.1869,6.0082,7.57,10.46,1.3818
slovenia,g6_00009_17.tif,6868909,4.1869,6.0082,12.42,16.43,1.3229
slovenia,g6_00009_17.tif,6897400,4.1869,6.0082,62.6,66.98,1.07
slovenia,g6_00009_17.tif,6897417,4.1869,6.0082,51.39,54.43,1.0592
slovenia,g6_00009_17.tif,6897419,4.1869,6.0082,48.21,64.6,1.34
slovenia,g6_00009_17.tif,6897464,4.1869,6.0082,40.44,44.09,1.0903
slovenia,g6_00009_17.tif,6897491,4.1869,6.0082,22.04,32.82,1.4891
slovenia,g6_00009_17.tif,6989289,4.1869,6.0082,37.25,54.4,1.4604
slovenia,g6_00009_17.tif,7040860,4.1869,6.0082,7.57,10.46,1.3818
slovenia,g6_00009_17.tif,7040862,4.1869,6.0082,28.97,37.04,1.2786
slovenia,g6_00009_17.tif,7040863,4.1869,6.0082,7.57,10.46,1.3818
slovenia,g6_00009_17.tif,7040865,4.1869,6.0082,7.57,10.46,1.3818
slovenia,g6_00009_17.tif,7050016,4.1869,6.0082,80.27,111.78,1.3926
slovenia,g6_00009_17.tif,7050020,4.1869,6.0082,32.88,46.71,1.4206
slovenia,g6_00009_17.tif,7050021,4.1869,6.0082,14.37,21.26,1.4795
slovenia,g6_00009_17.tif,7056209,4.1869,6.0082,51.39,55.65,1.0829
slovenia,g6_00009_17.tif,7056210,4.1869,6.0082,12.42,12.56,1.0113
slovenia,g6_00009_17.tif,7056250,4.1869,6.0082,28.97,43.88,1.5147
slovenia,g6_00009_17.tif,7056265,4.1869,6.0082,45.53,50.05,1.0993
slovenia,g6_00009_18.tif,6160248,4.1869,6.0082,60.51,78.26,1.2933
slovenia,g6_00009_18.tif,6191827,4.1869,6.0082,51.39,69.04,1.3435
slovenia,g6_00009_18.tif,6191829,4.1869,6.0082,7.57,10.46,1.3818
slovenia,g6_00009_18.tif,6191832,4.1869,6.0082,14.37,21.26,1.4795
slovenia,g6_00009_18.tif,6191834,4.1869,6.0082,14.37,21.26,1.4795
slovenia,g6_00009_18.tif,6191837,4.1869,6.0082,25.71,35.56,1.3831
slovenia,g6_00009_18.tif,6277988,4.1869,6.0082,48.21,55.65,1.1543
slovenia,g6_00009_18.tif,6278083,4.1869,6.0082,40.44,44.09,1.0903
slovenia,g6_00009_18.tif,6278101,4.1869,6.0082,14.37,21.26,1.4795
slovenia,g6_00009_18.tif,6278118,4.1869,6.0082,14.37,21.26,1.4795
slovenia,g6_00009_18.tif,6345912,4.1869,6.0082,37.25,39.37,1.0569
slovenia,g6_00009_18.tif,6468911,4.1869,6.0082,54.39,71.62,1.3168
slovenia,g6_00009_18.tif,6468912,4.1869,6.0082,81.08,86.98,1.0728
slovenia,g6_00009_18.tif,6468914,4.1869,6.0082,29.99,39.75,1.3254
slovenia,g6_00009_18.tif,6468921,4.1869,6.0082,22.04,30.58,1.3875
slovenia,g6_00009_18.tif,6479373,4.1869,6.0082,53.8,79.93,1.4857
slovenia,g6_00009_18.tif,6479384,4.1869,6.0082,70.36,103.96,1.4775
slovenia,g6_00009_18.tif,6479399,4.1869,6.0082,46.21,67.91,1.4696
slovenia,g6_00009_18.tif,6479407,4.1869,6.0082,20.69,31.86,1.5399
slovenia,g6_00009_18.tif,6479417,4.1869,6.0082,29.99,43.88,1.4632
slovenia,g6_00009_18.tif,6479449,4.1869,6.0082,28.97,31.4,1.0839
slovenia,g6_00009_18.tif,6480212,4.1869,6.0082,12.42,19.85,1.5982
slovenia,g6_00009_18.tif,6480213,4.1869,6.0082,12.42,19.85,1.5982
slovenia,g6_00009_18.tif,6516351,4.1869,6.0082,37.25,50.05,1.3436
slovenia,g6_00009_18.tif,6521981,4.1869,6.0082,66.1,78.26,1.184
slovenia,g6_00009_18.tif,6521984,4.1869,6.0082,103.47,110.49,1.0678
slovenia,g6_00009_18.tif,6522024,4.1869,6.0082,12.42,12.56,1.0113
slovenia,g6_00009_18.tif,6522041,4.1869,6.0082,44.13,59.56,1.3496
slovenia,g6_00009_18.tif,6522137,4.1869,6.0082,12.42,19.85,1.5982
slovenia,g6_00009_18.tif,6522179,4.1869,6.0082,40.44,44.09,1.0903
slovenia,g6_00009_18.tif,6593415,4.1869,6.0082,20.69,31.86,1.5399
slovenia,g6_00009_18.tif,6593441,4.1869,6.0082,20.69,31.86,1.5399
slovenia,g6_00009_18.tif,6593447,4.1869,6.0082,22.04,31.86,1.4456
slovenia,g6_00009_18.tif,6666610,4.1869,6.0082,99.58,112.79,1.1327
slovenia,g6_00009_18.tif,6666618,4.1869,6.0082,32.88,45.02,1.3692
slovenia,g6_00009_18.tif,6666834,4.1869,6.0082,66.1,71.89,1.0876
slovenia,g6_00009_18.tif,6667033,4.1869,6.0082,44.13,59.56,1.3496
slovenia,g6_00009_18.tif,6667117,4.1869,6.0082,44.13,59.56,1.3496
slovenia,g6_00009_18.tif,6669237,4.1869,6.0082,37.25,54.4,1.4604
slovenia,g6_00009_18.tif,6669238,4.1869,6.0082,20.69,31.86,1.5399
slovenia,g6_00009_18.tif,6669243,4.1869,6.0082,20.69,31.86,1.5399
slovenia,g6_00009_18.tif,6669245,4.1869,6.0082,28.97,39.75,1.3721
slovenia,g6_00009_18.tif,6693340,4.1869,6.0082,70.36,71.18,1.0117
slovenia,g6_00009_18.tif,6693419,4.1869,6.0082,110.85,126.49,1.1411
slovenia,g6_00009_18.tif,6693432,4.1869,6.0082,12.42,19.85,1.5982
slovenia,g6_00009_18.tif,6710209,4.1869,6.0082,12.42,16.43,1.3229
slovenia,g6_00009_18.tif,6710223,4.1869,6.0082,37.25,55.89,1.5004
slovenia,g6_00009_18.tif,6710229,4.1869,6.0082,45.53,60.94,1.3385
slovenia,g6_00009_18.tif,6710233,4.1869,6.0082,37.25,50.05,1.3436
slovenia,g6_00009_18.tif,6720399,4.1869,6.0082,32.88,37.68,1.146
slovenia,g6_00009_18.tif,6792280,4.1869,6.0082,37.25,44.09,1.1836
slovenia,g6_00009_18.tif,6792285,4.1869,6.0082,20.69,31.86,1.5399
slovenia,g6_00009_18.tif,6792288,4.1869,6.0082,4.14,7.83,1.8913
slovenia,g6_00009_18.tif,6792291,4.1869,6.0082,66.58,91.94,1.3809
slovenia,g6_00009_18.tif,6792301,4.1869,6.0082,22.04,32.82,1.4891
slovenia,g6_00009_18.tif,6792326,4.1869,6.0082,20.69,31.86,1.5399
slovenia,g6_00009_18.tif,6792356,4.1869,6.0082,22.04,23.66,1.0735
slovenia,g6_00009_18.tif,6792359,4.1869,6.0082,19.27,20.93,1.0861
slovenia,g6_00009_18.tif,6792372,4.1869,6.0082,37.25,55.89,1.5004
slovenia,g6_00009_18.tif,6792374,4.1869,6.0082,12.42,19.85,1.5982
slovenia,g6_00009_18.tif,6897419,4.1869,6.0082,37.25,45.02,1.2086
slovenia,g6_00009_18.tif,6898416,4.1869,6.0082,37.25,39.37,1.0569
slovenia,g6_00009_18.tif,6899092,4.1869,6.0082,25.71,30.58,1.1894
slovenia,g6_00009_18.tif,6899104,4.1869,6.0082,67.07,74.92,1.117
slovenia,g6_00009_18.tif,6899155,4.1869,6.0082,37.25,39.75,1.0671
slovenia,g6_00009_18.tif,6899208,4.1869,6.0082,32.88,37.04,1.1265
slovenia,g6_00009_18.tif,6899209,4.1869,6.0082,37.25,39.37,1.0569
slovenia,g6_00009_18.tif,6899302,4.1869,6.0082,20.69,31.86,1.5399
slovenia,g6_00009_18.tif,6949437,4.1869,6.0082,62.08,72.16,1.1624
slovenia,g6_00009_18.tif,6972242,4.1869,6.0082,14.37,21.26,1.4795
slovenia,g6_00009_18.tif,6972245,4.1869,6.0082,32.88,45.02,1.3692
slovenia,g6_00009_18.tif,6989315,4.1869,6.0082,45.53,57.65,1.2662
slovenia,g6_00009_18.tif,7056222,4.1869,6.0082,32.88,37.04,1.1265
slovenia,g6_00009_18.tif,7056223,4.1869,6.0082,37.25,39.37,1.0569
slovenia,g6_00009_18.tif,7056248,4.1869,6.0082,28.97,43.88,1.5147
slovenia,g6_00009_18.tif,7056281,4.1869,6.0082,20.69,31.86,1.5399
slovenia,g6_00009_18.tif,7056286,4.1869,6.0082,12.42,19.85,1.5982
slovenia,g6_00009_4.tif,6275548,4.1869,6.0082,12.42,16.43,1.3229
slovenia,g6_00009_4.tif,6284080,4.1869,6.0082,12.42,12.56,1.0113
slovenia,g6_00009_4.tif,6369030,4.1869,6.0082,12.42,16.43,1.3229
slovenia,g6_00009_4.tif,6451685,4.1869,6.0082,20.69,30.58,1.478
slovenia,g6_00009_4.tif,6459006,4.1869,6.0082,14.37,16.43,1.1434
slovenia,g6_00009_4.tif,6494342,4.1869,6.0082,14.37,20.93,1.4565
slovenia,g6_00009_4.tif,6494688,4.1869,6.0082,12.42,12.56,1.0113
slovenia,g6_00009_4.tif,6612057,4.1869,6.0082,7.57,10.46,1.3818
slovenia,g6_00009_4.tif,6708166,4.1869,6.0082,12.42,16.43,1.3229
slovenia,g6_00009_4.tif,6708174,4.1869,6.0082,12.42,19.85,1.5982
slovenia,g6_00009_4.tif,6750233,4.1869,6.0082,7.57,10.46,1.3818
slovenia,g6_00009_4.tif,6826328,4.1869,6.0082,4.14,7.83,1.8913
slovenia,g6_00009_4.tif,6826743,4.1869,6.0082,12.42,19.85,1.5982
slovenia,g6_00009_4.tif,6875657,4.1869,6.0082,19.27,25.11,1.3031
slovenia,g6_00009_4.tif,6875697,4.1869,6.0082,12.42,19.85,1.5982
slovenia,g6_00009_4.tif,7068078,4.1869,6.0082,12.42,12.56,1.0113
slovenia,g6_00009_5.tif,6085693,4.1869,6.0082,32.88,37.04,1.1265
slovenia,g6_00009_5.tif,6085694,4.1869,6.0082,25.71,30.58,1.1894
slovenia,g6_00009_5.tif,6275554,4.1869,6.0082,7.57,10.46,1.3818
slovenia,g6_00009_5.tif,6355562,4.1869,6.0082,7.57,10.46,1.3818
slovenia,g6_00009_5.tif,6355690,4.1869,6.0082,12.42,16.43,1.3229
slovenia,g6_00009_5.tif,6494342,4.1869,6.0082,12.42,19.85,1.5982
slovenia,g6_00009_5.tif,6494363,4.1869,6.0082,25.71,31.86,1.2392
slovenia,g6_00009_5.tif,6612024,4.1869,6.0082,7.57,10.46,1.3818
slovenia,g6_00009_5.tif,6644867,4.1869,6.0082,12.42,16.43,1.3229
slovenia,g6_00009_5.tif,6694727,4.1869,6.0082,14.37,16.43,1.1434
slovenia,g6_00009_5.tif,6708188,4.1869,6.0082,20.69,30.58,1.478
slovenia,g6_00009_5.tif,6750250,4.1869,6.0082,25.71,30.58,1.1894
slovenia,g6_00009_5.tif,6927516,4.1869,6.0082,37.25,50.05,1.3436
slovenia,g6_00009_5.tif,6927517,4.1869,6.0082,19.27,21.26,1.1033
slovenia,g6_00009_5.tif,6927519,4.1869,6.0082,12.42,19.85,1.5982
slovenia,g6_00009_5.tif,6927520,4.1869,6.0082,4.14,4.19,1.0121
slovenia,g6_00009_5.tif,6927522,4.1869,6.0082,12.42,19.85,1.5982
slovenia,g6_00009_5.tif,7068083,4.1869,6.0082,14.37,16.43,1.1434
slovenia,g6_00009_5.tif,7068084,4.1869,6.0082,12.42,16.43,1.3229
slovenia,g6_00009_6.tif,6085693,4.1869,6.0082,37.25,44.09,1.1836
slovenia,g6_00009_6.tif,6540172,4.1869,6.0082,28.97,37.04,1.2786
slovenia,g6_00009_6.tif,6540174,4.1869,6.0082,7.57,10.46,1.3818
slovenia,g6_00009_6.tif,6540180,4.1869,6.0082,12.42,12.56,1.0113
slovenia,g6_00009_6.tif,6891406,4.1869,6.0082,12.42,16.43,1.3229
slovenia,g6_00009_6.tif,6891408,4.1869,6.0082,12.42,12.56,1.0113
slovenia,g6_00009_6.tif,6954219,4.1869,6.0082,7.57,10.46,1.3818
slovenia,g6_00009_6.tif,6974470,4.1869,6.0082,20.69,30.58,1.478
slovenia,g6_00009_6.tif,6974473,4.1869,6.0082,19.27,25.11,1.3031
slovenia,g6_00014_3.tif,6201304,4.1606,6.0082,37.25,37.44,1.0051
slovenia,g6_00014_3.tif,6201309,4.1606,6.0082,28.97,37.44,1.2924
slovenia,g6_00014_3.tif,6201311,4.1606,6.0082,37.25,55.92,1.5012
slovenia,g6_00014_3.tif,6201315,4.1606,6.0082,20.69,31.89,1.5413
slovenia,g6_00014_3.tif,6201318,4.1606,6.0082,20.69,20.8,1.0053
slovenia,g6_00014_3.tif,6201320,4.1606,6.0082,20.69,20.8,1.0053
slovenia,g6_00014_3.tif,6201714,4.1606,6.0082,12.42,12.48,1.0048
slovenia,g6_00014_3.tif,6203805,4.1606,6.0082,62.6,63.48,1.0141
slovenia,g6_00014_3.tif,6203821,4.1606,6.0082,19.27,23.54,1.2216
slovenia,g6_00014_3.tif,6222141,4.1606,6.0082,14.37,16.37,1.1392
slovenia,g6_00014_3.tif,6222146,4.1606,6.0082,12.42,19.87,1.5998
slovenia,g6_00014_3.tif,6222202,4.1606,6.0082,7.57,10.46,1.3818
slovenia,g6_00014_3.tif,6222204,4.1606,6.0082,12.42,12.48,1.0048
slovenia,g6_00014_3.tif,6322619,4.1606,6.0082,7.57,10.46,1.3818
slovenia,g6_00014_3.tif,6322621,4.1606,6.0082,20.69,20.8,1.0053
slovenia,g6_00014_3.tif,6322627,4.1606,6.0082,37.25,50.0,1.3423
slovenia,g6_00014_3.tif,6322630,4.1606,6.0082,7.57,10.46,1.3818
slovenia,g6_00014_3.tif,6322787,4.1606,6.0082,7.57,10.46,1.3818
slovenia,g6_00014_3.tif,6339191,4.1606,6.0082,12.42,19.87,1.5998
slovenia,g6_00014_3.tif,6339193,4.1606,6.0082,20.69,20.8,1.0053
slovenia,g6_00014_3.tif,6339196,4.1606,6.0082,12.42,12.48,1.0048
slovenia,g6_00014_3.tif,6529297,4.1606,6.0082,12.42,12.48,1.0048
slovenia,g6_00014_3.tif,6529298,4.1606,6.0082,19.27,20.8,1.0794
slovenia,g6_00014_3.tif,6529302,4.1606,6.0082,54.39,64.34,1.1829
slovenia,g6_00014_3.tif,6529303,4.1606,6.0082,37.25,46.7,1.2537
slovenia,g6_00014_3.tif,6529305,4.1606,6.0082,28.97,31.89,1.1008
slovenia,g6_00014_3.tif,6570333,4.1606,6.0082,48.21,51.25,1.0631
slovenia,g6_00014_3.tif,6570361,4.1606,6.0082,12.42,19.87,1.5998
slovenia,g6_00014_3.tif,6570460,4.1606,6.0082,20.69,31.89,1.5413
slovenia,g6_00014_3.tif,6570511,4.1606,6.0082,74.39,79.05,1.0626
slovenia,g6_00014_3.tif,6570630,4.1606,6.0082,7.57,10.46,1.3818
slovenia,g6_00014_3.tif,6754144,4.1606,6.0082,19.27,21.27,1.1038
slovenia,g6_00014_3.tif,6859479,4.1606,6.0082,12.42,19.87,1.5998
slovenia,g6_00014_3.tif,6958494,4.1606,6.0082,12.42,16.37,1.318
slovenia,g6_00014_3.tif,7003293,4.1606,6.0082,7.57,10.46,1.3818
slovenia,g6_00014_3.tif,7003300,4.1606,6.0082,32.88,39.15,1.1907
slovenia,g6_00014_3.tif,7003386,4.1606,6.0082,22.04,32.84,1.49
slovenia,g6_00014_3.tif,7003551,4.1606,6.0082,12.42,12.48,1.0048
slovenia,g6_00014_4.tif,6201298,4.1879,6.0082,32.88,44.6,1.3564
slovenia,g6_00014_4.tif,6201299,4.1879,6.0082,19.27,20.94,1.0867
slovenia,g6_00014_4.tif,6201308,4.1879,6.0082,19.27,20.94,1.0867
slovenia,g6_00014_4.tif,6201309,4.1879,6.0082,29.99,44.6,1.4872
slovenia,g6_00014_4.tif,6203805,4.1879,6.0082,29.99,35.56,1.1857
slovenia,g6_00014_4.tif,6203820,4.1879,6.0082,4.14,7.83,1.8913
slovenia,g6_00014_4.tif,6203821,4.1879,6.0082,19.27,25.11,1.3031
slovenia,g6_00014_4.tif,6203827,4.1879,6.0082,19.27,23.67,1.2283
slovenia,g6_00014_4.tif,6203940,4.1879,6.0082,12.42,16.43,1.3229
slovenia,g6_00014_4.tif,6205933,4.1879,6.0082,4.14,7.83,1.8913
slovenia,g6_00014_4.tif,6205935,4.1879,6.0082,19.27,21.26,1.1033
slovenia,g6_00014_4.tif,6322619,4.1879,6.0082,40.44,58.19,1.4389
slovenia,g6_00014_4.tif,6322643,4.1879,6.0082,12.42,12.56,1.0113
slovenia,g6_00014_4.tif,6529295,4.1879,6.0082,62.6,78.28,1.2505
slovenia,g6_00014_4.tif,6570322,4.1879,6.0082,4.14,7.83,1.8913
slovenia,g6_00014_4.tif,6570630,4.1879,6.0082,12.42,19.84,1.5974
slovenia,g6_00014_4.tif,6859476,4.1879,6.0082,48.21,65.35,1.3555
slovenia,g6_00014_4.tif,6859651,4.1879,6.0082,37.25,46.71,1.254
slovenia,g6_00014_4.tif,6859699,4.1879,6.0082,4.14,7.83,1.8913
slovenia,g6_00014_4.tif,6978643,4.1879,6.0082,12.42,19.84,1.5974
slovenia,g6_00014_4.tif,6978673,4.1879,6.0082,12.42,12.56,1.0113
slovenia,g6_00014_4.tif,6978675,4.1879,6.0082,12.42,12.56,1.0113
slovenia,g6_00014_5.tif,6147188,4.1879,6.0082,29.99,37.04,1.2351
slovenia,g6_00014_5.tif,6147190,4.1879,6.0082,30.98,37.69,1.2166
slovenia,g6_00014_5.tif,6147192,4.1879,6.0082,4.14,4.19,1.0121
slovenia,g6_00014_5.tif,6147194,4.1879,6.0082,7.57,10.46,1.3818
slovenia,g6_00014_5.tif,6147203,4.1879,6.0082,14.37,21.26,1.4795
slovenia,g6_00014_5.tif,6147209,4.1879,6.0082,12.42,12.56,1.0113
slovenia,g6_00014_5.tif,6147210,4.1879,6.0082,19.27,25.11,1.3031
slovenia,g6_00014_5.tif,6147261,4.1879,6.0082,7.57,10.46,1.3818
slovenia,g6_00014_5.tif,6437722,4.1879,6.0082,12.42,19.84,1.5974
slovenia,g6_00014_5.tif,6437723,4.1879,6.0082,14.37,21.26,1.4795
slovenia,g6_00014_5.tif,6437732,4.1879,6.0082,19.27,23.67,1.2283
slovenia,g6_00014_5.tif,6437871,4.1879,6.0082,12.42,12.56,1.0113
slovenia,g6_00014_5.tif,6437913,4.1879,6.0082,19.27,25.11,1.3031
slovenia,g6_00014_5.tif,6437953,4.1879,6.0082,14.37,16.43,1.1434
slovenia,g6_00014_5.tif,6438079,4.1879,6.0082,30.98,37.04,1.1956
slovenia,g6_00014_5.tif,6496829,4.1879,6.0082,22.04,32.82,1.4891
slovenia,g6_00014_5.tif,6496834,4.1879,6.0082,25.71,35.56,1.3831
slovenia,g6_00014_5.tif,6496839,4.1879,6.0082,14.37,21.26,1.4795
slovenia,g6_00014_5.tif,6497108,4.1879,6.0082,22.04,32.82,1.4891
slovenia,g6_00014_5.tif,6497210,4.1879,6.0082,7.57,10.46,1.3818
slovenia,g6_00014_5.tif,6570322,4.1879,6.0082,7.57,10.46,1.3818
slovenia,g6_00014_5.tif,6587761,4.1879,6.0082,22.04,31.86,1.4456
slovenia,g6_00014_5.tif,6587768,4.1879,6.0082,19.27,25.11,1.3031
slovenia,g6_00014_5.tif,6587773,4.1879,6.0082,7.57,10.46,1.3818
slovenia,g6_00014_5.tif,6587776,4.1879,6.0082,7.57,10.46,1.3818
slovenia,g6_00014_5.tif,6587947,4.1879,6.0082,12.42,19.84,1.5974
slovenia,g6_00014_5.tif,6702947,4.1879,6.0082,14.37,21.26,1.4795
slovenia,g6_00014_5.tif,6702948,4.1879,6.0082,19.27,20.94,1.0867
slovenia,g6_00014_5.tif,6702957,4.1879,6.0082,19.27,25.11,1.3031
slovenia,g6_00014_5.tif,6702964,4.1879,6.0082,12.42,16.43,1.3229
slovenia,g6_00014_5.tif,6702971,4.1879,6.0082,25.71,35.56,1.3831
slovenia,g6_00014_5.tif,6702977,4.1879,6.0082,25.71,35.56,1.3831
slovenia,g6_00014_5.tif,6702978,4.1879,6.0082,20.69,31.86,1.5399
slovenia,g6_00014_5.tif,6702986,4.1879,6.0082,12.42,16.43,1.3229
slovenia,g6_00014_5.tif,6702987,4.1879,6.0082,12.42,16.43,1.3229
slovenia,g6_00014_5.tif,6702992,4.1879,6.0082,25.71,29.32,1.1404
slovenia,g6_00014_5.tif,6703907,4.1879,6.0082,7.57,10.46,1.3818
slovenia,g6_00014_5.tif,6703931,4.1879,6.0082,12.42,19.84,1.5974
slovenia,g6_00014_5.tif,6836613,4.1879,6.0082,12.42,16.43,1.3229
slovenia,g6_00014_5.tif,6836656,4.1879,6.0082,7.57,10.46,1.3818
slovenia,g6_00014_5.tif,6836687,4.1879,6.0082,25.71,30.58,1.1894
slovenia,g6_00017_4.tif,6134668,4.1616,6.0081,12.42,16.37,1.318
slovenia,g6_00017_4.tif,6154528,4.1616,6.0081,12.42,16.37,1.318
slovenia,g6_00017_4.tif,6187558,4.1616,6.0081,7.57,10.46,1.3818
slovenia,g6_00017_4.tif,6187559,4.1616,6.0081,7.57,10.46,1.3818
slovenia,g6_00017_4.tif,6187563,4.1616,6.0081,12.42,16.37,1.318
slovenia,g6_00017_4.tif,6187689,4.1616,6.0081,12.42,16.37,1.318
slovenia,g6_00017_4.tif,6187939,4.1616,6.0081,7.57,10.46,1.3818
slovenia,g6_00017_4.tif,6187940,4.1616,6.0081,48.86,57.43,1.1754
slovenia,g6_00017_4.tif,6187941,4.1616,6.0081,44.13,51.26,1.1616
slovenia,g6_00017_4.tif,6188119,4.1616,6.0081,20.69,23.55,1.1382
slovenia,g6_00017_4.tif,6188201,4.1616,6.0081,12.42,12.48,1.0048
slovenia,g6_00017_4.tif,6188249,4.1616,6.0081,12.42,12.48,1.0048
slovenia,g6_00017_4.tif,6188286,4.1616,6.0081,12.42,12.48,1.0048
slovenia,g6_00017_4.tif,6188308,4.1616,6.0081,22.04,30.49,1.3834
slovenia,g6_00017_4.tif,6529297,4.1616,6.0081,14.37,16.37,1.1392
slovenia,g6_00017_4.tif,6529298,4.1616,6.0081,25.71,30.49,1.1859
slovenia,g6_00017_4.tif,6534863,4.1616,6.0081,7.57,10.46,1.3818
slovenia,g6_00017_4.tif,6559002,4.1616,6.0081,12.42,16.37,1.318
slovenia,g6_00017_4.tif,6559011,4.1616,6.0081,4.14,4.16,1.0048
slovenia,g6_00017_4.tif,6565774,4.1616,6.0081,28.97,43.9,1.5154
slovenia,g6_00017_4.tif,6565775,4.1616,6.0081,14.37,19.87,1.3827
slovenia,g6_00017_4.tif,6565790,4.1616,6.0081,19.27,23.55,1.2221
slovenia,g6_00017_4.tif,6565792,4.1616,6.0081,20.69,31.89,1.5413
slovenia,g6_00017_4.tif,6565795,4.1616,6.0081,25.71,32.84,1.2773
slovenia,g6_00017_4.tif,6565835,4.1616,6.0081,19.27,23.55,1.2221
slovenia,g6_00017_4.tif,6565836,4.1616,6.0081,7.57,10.46,1.3818
slovenia,g6_00017_4.tif,6566186,4.1616,6.0081,12.42,16.37,1.318
slovenia,g6_00017_4.tif,6566187,4.1616,6.0081,7.57,10.46,1.3818
slovenia,g6_00017_4.tif,6566213,4.1616,6.0081,4.14,7.85,1.8961
slovenia,g6_00017_4.tif,6591667,4.1616,6.0081,12.42,12.48,1.0048
slovenia,g6_00017_4.tif,6591838,4.1616,6.0081,14.37,16.37,1.1392
slovenia,g6_00017_4.tif,6749466,4.1616,6.0081,37.25,43.9,1.1785
slovenia,g6_00017_4.tif,6749469,4.1616,6.0081,20.69,20.81,1.0058
slovenia,g6_00017_4.tif,6749883,4.1616,6.0081,37.25,39.15,1.051
slovenia,g6_00017_4.tif,6754133,4.1616,6.0081,44.13,59.42,1.3465
slovenia,g6_00017_4.tif,6754157,4.1616,6.0081,7.57,10.46,1.3818
slovenia,g6_00017_4.tif,6754388,4.1616,6.0081,12.42,12.48,1.0048
slovenia,g6_00017_4.tif,6988055,4.1616,6.0081,12.42,19.87,1.5998
slovenia,g6_00017_4.tif,6988394,4.1616,6.0081,4.14,7.85,1.8961
slovenia,g6_00017_5.tif,6152309,4.189,6.0081,37.25,51.08,1.3713
slovenia,g6_00017_5.tif,6152310,4.189,6.0081,58.9,71.64,1.2163
slovenia,g6_00017_5.tif,6201298,4.189,6.0081,19.27,23.67,1.2283
slovenia,g6_00017_5.tif,6201299,4.189,6.0081,20.69,20.94,1.0121
slovenia,g6_00017_5.tif,6203820,4.189,6.0081,51.39,72.16,1.4042
slovenia,g6_00017_5.tif,6859476,4.189,6.0081,28.97,37.05,1.2789
slovenia,g6_00017_5.tif,6978643,4.189,6.0081,82.28,91.05,1.1066
slovenia,g6_00017_6.tif,6152304,4.189,6.0081,30.98,37.05,1.1959
slovenia,g6_00017_6.tif,6152306,4.189,6.0081,37.25,44.11,1.1842
slovenia,g6_00017_6.tif,6180898,4.189,6.0081,12.42,19.84,1.5974
slovenia,g6_00017_6.tif,6180900,4.189,6.0081,25.71,35.56,1.3831
slovenia,g6_00017_6.tif,6180948,4.189,6.0081,19.27,25.11,1.3031
slovenia,g6_00017_6.tif,6181028,4.189,6.0081,7.57,10.46,1.3818
slovenia,g6_00017_6.tif,6181079,4.189,6.0081,14.37,21.26,1.4795
slovenia,g6_00017_6.tif,6181110,4.189,6.0081,7.57,10.46,1.3818
slovenia,g6_00017_6.tif,6525242,4.189,6.0081,7.57,10.46,1.3818
slovenia,g6_00017_6.tif,6599799,4.189,6.0081,29.99,43.88,1.4632
slovenia,g6_00017_6.tif,6599803,4.189,6.0081,12.42,19.84,1.5974
slovenia,g6_00017_6.tif,6656815,4.189,6.0081,25.71,29.32,1.1404
slovenia,g6_00017_6.tif,6656841,4.189,6.0081,19.27,23.67,1.2283
slovenia,g6_00017_6.tif,6656845,4.189,6.0081,14.37,21.26,1.4795
slovenia,g6_00017_6.tif,6656850,4.189,6.0081,19.27,23.67,1.2283
slovenia,g6_00017_6.tif,6657171,4.189,6.0081,19.27,20.94,1.0867
slovenia,g6_00017_6.tif,6657228,4.189,6.0081,7.57,10.46,1.3818
slovenia,g6_00017_6.tif,6657523,4.189,6.0081,4.14,4.19,1.0121
slovenia,g6_00017_6.tif,6714968,4.189,6.0081,32.88,37.05,1.1268
slovenia,g6_00017_6.tif,6714969,4.189,6.0081,19.27,23.67,1.2283
slovenia,g6_00017_6.tif,6714972,4.189,6.0081,19.27,25.11,1.3031
slovenia,g6_00017_6.tif,6714976,4.189,6.0081,20.69,30.59,1.4785
slovenia,g6_00017_6.tif,6714977,4.189,6.0081,25.71,29.32,1.1404
slovenia,g6_00017_6.tif,6935664,4.189,6.0081,28.97,43.88,1.5147
slovenia,g6_00017_6.tif,6978646,4.189,6.0081,14.37,21.26,1.4795
slovenia,g6_00017_6.tif,6978653,4.189,6.0081,28.97,39.39,1.3597
slovenia,g6_00017_6.tif,6978655,4.189,6.0081,14.37,16.43,1.1434
slovenia,g6_00017_6.tif,6978663,4.189,6.0081,48.86,57.67,1.1803
slovenia,g6_00017_6.tif,6978665,4.189,6.0081,20.69,31.86,1.5399
slovenia,g6_00017_6.tif,6978669,4.189,6.0081,29.99,44.6,1.4872
slovenia,g6_00017_6.tif,6978688,4.189,6.0081,37.25,44.11,1.1842
slovenia,g6_00017_6.tif,6978718,4.189,6.0081,4.14,4.19,1.0121
slovenia,g6_00017_6.tif,6978719,4.189,6.0081,48.21,51.53,1.0689
slovenia,g6_00017_6.tif,6978726,4.189,6.0081,14.37,16.43,1.1434
slovenia,g6_00017_6.tif,6978778,4.189,6.0081,4.14,4.19,1.0121
slovenia,g6_00017_6.tif,7018370,4.189,6.0081,14.37,16.43,1.1434
slovenia,g6_00017_6.tif,7018402,4.189,6.0081,14.37,21.26,1.4795
slovenia,g6_00017_6.tif,7018419,4.189,6.0081,19.27,21.26,1.1033
slovenia,g6_00017_6.tif,7018437,4.189,6.0081,12.42,16.43,1.3229
slovenia,g6_00017_6.tif,7018461,4.189,6.0081,7.57,10.46,1.3818
slovenia,g6_00017_6.tif,7018473,4.189,6.0081,7.57,10.46,1.3818
slovenia,g6_00017_6.tif,7018474,4.189,6.0081,12.42,12.57,1.0121
slovenia,g6_00017_6.tif,7019154,4.189,6.0081,14.37,16.43,1.1434
slovenia,g6_00017_6.tif,7019491,4.189,6.0081,12.42,19.84,1.5974
slovenia,g6_00017_6.tif,7019678,4.189,6.0081,14.37,16.43,1.1434
slovenia,g6_00020_5.tif,6134624,4.1626,6.0081,19.27,23.55,1.2221
slovenia,g6_00020_5.tif,6134625,4.1626,6.0081,14.37,19.87,1.3827
slovenia,g6_00020_5.tif,6187555,4.1626,6.0081,32.88,36.9,1.1223
slovenia,g6_00020_5.tif,6187575,4.1626,6.0081,14.37,21.27,1.4802
slovenia,g6_00020_5.tif,6525249,4.1626,6.0081,7.57,10.46,1.3818
slovenia,g6_00020_5.tif,6565766,4.1626,6.0081,19.27,25.07,1.301
slovenia,g6_00020_5.tif,6565811,4.1626,6.0081,29.99,44.62,1.4878
slovenia,g6_00020_5.tif,6565835,4.1626,6.0081,14.37,21.27,1.4802
slovenia,g6_00020_5.tif,6565836,4.1626,6.0081,40.44,54.31,1.343
slovenia,g6_00020_5.tif,6640602,4.1626,6.0081,62.6,63.51,1.0145
slovenia,g6_00020_5.tif,6988050,4.1626,6.0081,7.57,10.46,1.3818
slovenia,g6_00020_5.tif,6988070,4.1626,6.0081,12.42,16.37,1.318
slovenia,g6_00020_5.tif,6988077,4.1626,6.0081,22.04,30.5,1.3838
slovenia,g6_00020_5.tif,6988079,4.1626,6.0081,14.37,16.37,1.1392
slovenia,g6_00020_5.tif,6988081,4.1626,6.0081,12.42,19.87,1.5998
slovenia,g6_00020_5.tif,6988394,4.1626,6.0081,12.42,16.37,1.318
slovenia,g6_00020_5.tif,6989140,4.1626,6.0081,22.04,31.89,1.4469
slovenia,g6_00020_6.tif,6174567,4.19,6.0081,25.71,30.59,1.1898
slovenia,g6_00020_6.tif,6174569,4.19,6.0081,45.53,46.09,1.0123
slovenia,g6_00020_6.tif,6174585,4.19,6.0081,20.69,20.95,1.0126
slovenia,g6_00020_6.tif,6303371,4.19,6.0081,25.71,29.33,1.1408
slovenia,g6_00020_6.tif,6303373,4.19,6.0081,12.42,12.57,1.0121
slovenia,g6_00020_6.tif,6580758,4.19,6.0081,29.99,37.06,1.2357
slovenia,g6_00020_6.tif,6580769,4.19,6.0081,12.42,12.57,1.0121
slovenia,g6_00020_6.tif,6580783,4.19,6.0081,7.57,10.46,1.3818
slovenia,g6_00020_6.tif,6775871,4.19,6.0081,40.44,44.11,1.0908
slovenia,g6_00020_6.tif,6794255,4.19,6.0081,28.97,39.76,1.3725
slovenia,g6_00020_6.tif,6794258,4.19,6.0081,12.42,19.84,1.5974
slovenia,g6_00020_6.tif,6794259,4.19,6.0081,32.88,44.11,1.3415
slovenia,g6_00020_6.tif,6906066,4.19,6.0081,20.69,31.86,1.5399
slovenia,g6_00020_6.tif,6906089,4.19,6.0081,51.39,57.68,1.1224
slovenia,g6_00020_6.tif,6906107,4.19,6.0081,22.04,23.67,1.074
slovenia,g6_00020_6.tif,6906112,4.19,6.0081,19.27,23.67,1.2283
slovenia,g6_00020_6.tif,6906510,4.19,6.0081,7.57,10.46,1.3818
slovenia,g6_00020_6.tif,6997022,4.19,6.0081,7.57,10.46,1.3818
slovenia,g6_00020_7.tif,6301462,4.19,6.0081,12.42,19.84,1.5974
slovenia,g6_00020_7.tif,6320753,4.19,6.0081,25.71,35.56,1.3831
slovenia,g6_00020_7.tif,6320757,4.19,6.0081,19.27,23.67,1.2283
slovenia,g6_00020_7.tif,6320762,4.19,6.0081,20.69,31.86,1.5399
slovenia,g6_00020_7.tif,6320772,4.19,6.0081,7.57,10.46,1.3818
slovenia,g6_00020_7.tif,6320803,4.19,6.0081,28.97,43.88,1.5147
slovenia,g6_00020_7.tif,6320807,4.19,6.0081,7.57,10.46,1.3818
slovenia,g6_00020_7.tif,6436729,4.19,6.0081,7.57,10.46,1.3818
slovenia,g6_00020_7.tif,6775840,4.19,6.0081,14.37,20.95,1.4579
slovenia,g6_00020_7.tif,6775853,4.19,6.0081,38.07,44.11,1.1587
slovenia,g6_00020_7.tif,6775857,4.19,6.0081,22.04,30.59,1.3879
slovenia,g6_00020_7.tif,6776550,4.19,6.0081,7.57,10.46,1.3818
slovenia,g6_00020_7.tif,7057916,4.19,6.0081,25.71,30.59,1.1898
slovenia,g6_00020_7.tif,7057921,4.19,6.0081,14.37,21.26,1.4795
slovenia,g6_00023_15.tif,6111432,4.191,6.0081,53.8,72.17,1.3414
slovenia,g6_00023_15.tif,6232840,4.191,6.0081,136.58,138.3,1.0126
slovenia,g6_00023_15.tif,6232846,4.191,6.0081,37.25,50.05,1.3436
slovenia,g6_00023_15.tif,6250367,4.191,6.0081,45.53,46.1,1.0125
slovenia,g6_00023_15.tif,6250371,4.191,6.0081,45.53,46.1,1.0125
slovenia,g6_00023_15.tif,6268134,4.191,6.0081,20.69,23.68,1.1445
slovenia,g6_00023_15.tif,6268330,4.191,6.0081,12.42,19.84,1.5974
slovenia,g6_00023_15.tif,6270672,4.191,6.0081,37.25,55.89,1.5004
slovenia,g6_00023_15.tif,6270675,4.191,6.0081,25.71,29.34,1.1412
slovenia,g6_00023_15.tif,6319534,4.191,6.0081,37.25,39.41,1.058
slovenia,g6_00023_15.tif,6319589,4.191,6.0081,25.71,29.34,1.1412
slovenia,g6_00023_15.tif,6319592,4.191,6.0081,37.25,39.41,1.058
slovenia,g6_00023_15.tif,6362656,4.191,6.0081,90.24,130.36,1.4446
slovenia,g6_00023_15.tif,6362662,4.191,6.0081,28.97,39.76,1.3725
slovenia,g6_00023_15.tif,6362877,4.191,6.0081,78.63,115.97,1.4749
slovenia,g6_00023_15.tif,6362964,4.191,6.0081,4.14,7.83,1.8913
slovenia,g6_00023_15.tif,6408126,4.191,6.0081,12.42,19.84,1.5974
slovenia,g6_00023_15.tif,6408127,4.191,6.0081,37.25,50.05,1.3436
slovenia,g6_00023_15.tif,6453825,4.191,6.0081,62.08,62.87,1.0127
slovenia,g6_00023_15.tif,6574775,4.191,6.0081,56.12,59.21,1.0551
slovenia,g6_00023_15.tif,6575099,4.191,6.0081,45.53,46.1,1.0125
slovenia,g6_00023_15.tif,6575135,4.191,6.0081,20.69,20.96,1.013
slovenia,g6_00023_15.tif,6575142,4.191,6.0081,25.71,29.34,1.1412
slovenia,g6_00023_15.tif,6575181,4.191,6.0081,28.97,29.34,1.0128
slovenia,g6_00023_15.tif,6599563,4.191,6.0081,20.69,31.86,1.5399
slovenia,g6_00023_15.tif,6599577,4.191,6.0081,28.97,43.87,1.5143
slovenia,g6_00023_15.tif,6611666,4.191,6.0081,45.53,67.91,1.4915
slovenia,g6_00023_15.tif,6640849,4.191,6.0081,48.21,60.94,1.2641
slovenia,g6_00023_15.tif,6658482,4.191,6.0081,81.08,87.05,1.0736
slovenia,g6_00023_15.tif,6658486,4.191,6.0081,37.25,39.41,1.058
slovenia,g6_00023_15.tif,6659719,4.191,6.0081,32.88,37.06,1.1271
slovenia,g6_00023_15.tif,6666591,4.191,6.0081,70.36,71.25,1.0126
slovenia,g6_00023_15.tif,6666592,4.191,6.0081,12.42,12.57,1.0121
slovenia,g6_00023_15.tif,6666593,4.191,6.0081,37.25,55.89,1.5004
slovenia,g6_00023_15.tif,6666602,4.191,6.0081,4.14,4.19,1.0121
slovenia,g6_00023_15.tif,6666604,4.191,6.0081,32.88,37.06,1.1271
slovenia,g6_00023_15.tif,6666779,4.191,6.0081,99.58,107.39,1.0784
slovenia,g6_00023_15.tif,6666780,4.191,6.0081,44.13,46.1,1.0446
slovenia,g6_00023_15.tif,6666789,4.191,6.0081,73.95,83.01,1.1225
slovenia,g6_00023_15.tif,6666799,4.191,6.0081,60.51,71.66,1.1843
slovenia,g6_00023_15.tif,6666804,4.191,6.0081,37.25,55.89,1.5004
slovenia,g6_00023_15.tif,6670715,4.191,6.0081,37.25,55.89,1.5004
slovenia,g6_00023_15.tif,6691922,4.191,6.0081,70.36,75.32,1.0705
slovenia,g6_00023_15.tif,6724651,4.191,6.0081,37.25,46.1,1.2376
slovenia,g6_00023_15.tif,6724656,4.191,6.0081,25.71,32.82,1.2765
slovenia,g6_00023_15.tif,6736609,4.191,6.0081,20.69,31.86,1.5399
slovenia,g6_00023_15.tif,6802234,4.191,6.0081,7.57,10.46,1.3818
slovenia,g6_00023_15.tif,6802281,4.191,6.0081,44.13,60.94,1.3809
slovenia,g6_00023_15.tif,6891334,4.191,6.0081,92.74,127.99,1.3801
slovenia,g6_00023_15.tif,6891339,4.191,6.0081,95.88,102.66,1.0707
slovenia,g6_00023_15.tif,6891344,4.191,6.0081,74.39,83.71,1.1253
slovenia,g6_00023_15.tif,6891636,4.191,6.0081,99.58,107.29,1.0774
slovenia,g6_00023_15.tif,6891649,4.191,6.0081,40.44,44.12,1.091
slovenia,g6_00023_15.tif,6891728,4.191,6.0081,51.39,57.69,1.1226
slovenia,g6_00023_15.tif,6891740,4.191,6.0081,14.37,16.43,1.1434
slovenia,g6_00023_15.tif,6908527,4.191,6.0081,30.98,39.41,1.2721
slovenia,g6_00023_15.tif,6908530,4.191,6.0081,19.27,25.11,1.3031
slovenia,g6_00023_15.tif,6975417,4.191,6.0081,25.71,35.57,1.3835
slovenia,g6_00023_15.tif,7014833,4.191,6.0081,51.39,54.48,1.0601
slovenia,g6_00023_15.tif,7014839,4.191,6.0081,37.25,55.89,1.5004
slovenia,g6_00023_15.tif,7014970,4.191,6.0081,14.37,16.43,1.1434
slovenia,g6_00023_15.tif,7018617,4.191,6.0081,20.69,20.96,1.013
slovenia,g6_00023_15.tif,7018619,4.191,6.0081,37.25,50.05,1.3436
slovenia,g6_00023_15.tif,7018622,4.191,6.0081,48.86,64.61,1.3223
slovenia,g6_00023_15.tif,7018906,4.191,6.0081,20.69,31.86,1.5399
slovenia,g6_00023_15.tif,7018907,4.191,6.0081,22.04,32.82,1.4891
slovenia,g6_00023_15.tif,7019234,4.191,6.0081,22.04,30.59,1.3879
slovenia,g6_00023_15.tif,7044216,4.191,6.0081,19.27,21.26,1.1033
slovenia,g6_00023_15.tif,7064082,4.191,6.0081,25.71,29.34,1.1412
slovenia,g6_00023_15.tif,7064086,4.191,6.0081,32.88,37.06,1.1271
slovenia,g6_00023_16.tif,6111442,4.191,6.0081,29.99,43.87,1.4628
slovenia,g6_00023_16.tif,6141489,4.191,6.0081,12.42,19.84,1.5974
slovenia,g6_00023_16.tif,6171463,4.191,6.0081,12.42,12.57,1.0121
slovenia,g6_00023_16.tif,6172340,4.191,6.0081,58.9,64.67,1.098
slovenia,g6_00023_16.tif,6172343,4.191,6.0081,62.6,74.98,1.1978
slovenia,g6_00023_16.tif,6250367,4.191,6.0081,78.63,88.01,1.1193
slovenia,g6_00023_16.tif,6268137,4.191,6.0081,20.69,31.86,1.5399
slovenia,g6_00023_16.tif,6270679,4.191,6.0081,25.71,35.57,1.3835
slovenia,g6_00023_16.tif,6324357,4.191,6.0081,29.99,31.43,1.048
slovenia,g6_00023_16.tif,6326019,4.191,6.0081,104.73,116.26,1.1101
slovenia,g6_00023_16.tif,6326158,4.191,6.0081,12.42,16.43,1.3229
slovenia,g6_00023_16.tif,6362656,4.191,6.0081,22.04,29.34,1.3312
slovenia,g6_00023_16.tif,6362663,4.191,6.0081,14.37,21.26,1.4795
slovenia,g6_00023_16.tif,6593065,4.191,6.0081,54.39,79.92,1.4694
slovenia,g6_00023_16.tif,6600429,4.191,6.0081,25.71,31.43,1.2225
slovenia,g6_00023_16.tif,6601224,4.191,6.0081,4.14,4.19,1.0121
slovenia,g6_00023_16.tif,6666597,4.191,6.0081,40.44,44.12,1.091
slovenia,g6_00023_16.tif,6666599,4.191,6.0081,20.69,31.86,1.5399
slovenia,g6_00023_16.tif,6666600,4.191,6.0081,12.42,19.84,1.5974
slovenia,g6_00023_16.tif,6666601,4.191,6.0081,20.69,31.86,1.5399
slovenia,g6_00023_16.tif,6666602,4.191,6.0081,37.25,37.72,1.0126
slovenia,g6_00023_16.tif,6666607,4.191,6.0081,20.69,20.96,1.013
slovenia,g6_00023_16.tif,6666795,4.191,6.0081,60.51,68.39,1.1302
slovenia,g6_00023_16.tif,6670713,4.191,6.0081,28.97,43.87,1.5143
slovenia,g6_00023_16.tif,6670714,4.191,6.0081,69.9,71.25,1.0193
slovenia,g6_00023_16.tif,6705284,4.191,6.0081,37.25,55.89,1.5004
slovenia,g6_00023_16.tif,6705321,4.191,6.0081,20.69,23.68,1.1445
slovenia,g6_00023_16.tif,6714340,4.191,6.0081,32.88,44.12,1.3418
slovenia,g6_00023_16.tif,6715861,4.191,6.0081,72.17,79.63,1.1034
slovenia,g6_00023_16.tif,6716770,4.191,6.0081,25.71,30.59,1.1898
slovenia,g6_00023_16.tif,6726223,4.191,6.0081,54.39,63.93,1.1754
slovenia,g6_00023_16.tif,6736607,4.191,6.0081,37.25,37.72,1.0126
slovenia,g6_00023_16.tif,6736616,4.191,6.0081,12.42,19.84,1.5974
slovenia,g6_00023_16.tif,6736710,4.191,6.0081,22.04,23.68,1.0744
slovenia,g6_00023_16.tif,6886248,4.191,6.0081,28.97,43.87,1.5143
slovenia,g6_00023_16.tif,6886585,4.191,6.0081,28.97,43.87,1.5143
slovenia,g6_00023_16.tif,6886587,4.191,6.0081,14.37,21.26,1.4795
slovenia,g6_00023_16.tif,6908526,4.191,6.0081,45.53,67.91,1.4915
slovenia,g6_00023_16.tif,6908527,4.191,6.0081,12.42,12.57,1.0121
slovenia,g6_00023_16.tif,6908528,4.191,6.0081,12.42,12.57,1.0121
slovenia,g6_00023_16.tif,6936731,4.191,6.0081,28.97,29.34,1.0128
slovenia,g6_00023_16.tif,6936734,4.191,6.0081,28.97,35.57,1.2278
slovenia,g6_00023_16.tif,6936838,4.191,6.0081,12.42,19.84,1.5974
slovenia,g6_00023_16.tif,7014833,4.191,6.0081,20.69,23.68,1.1445
slovenia,g6_00023_16.tif,7018612,4.191,6.0081,45.53,54.48,1.1966
slovenia,g6_00023_16.tif,7018621,4.191,6.0081,37.25,55.89,1.5004
slovenia,g6_00023_16.tif,7018622,4.191,6.0081,12.42,12.57,1.0121
slovenia,g6_00023_16.tif,7018629,4.191,6.0081,38.07,39.41,1.0352
slovenia,g6_00023_16.tif,7018636,4.191,6.0081,28.97,39.76,1.3725
slovenia,g6_00023_16.tif,7052891,4.191,6.0081,73.95,83.01,1.1225
slovenia,g6_00023_17.tif,6112660,4.191,6.0081,14.37,19.84,1.3807
slovenia,g6_00023_17.tif,6112697,4.191,6.0081,7.57,10.46,1.3818
slovenia,g6_00023_17.tif,6163367,4.191,6.0081,12.42,12.57,1.0121
slovenia,g6_00023_17.tif,6178804,4.191,6.0081,7.57,10.46,1.3818
slovenia,g6_00023_17.tif,6185194,4.191,6.0081,22.04,32.82,1.4891
slovenia,g6_00023_17.tif,6185196,4.191,6.0081,25.71,35.57,1.3835
slovenia,g6_00023_17.tif,6185197,4.191,6.0081,19.27,25.11,1.3031
slovenia,g6_00023_17.tif,6273099,4.191,6.0081,44.13,57.69,1.3073
slovenia,g6_00023_17.tif,6273103,4.191,6.0081,32.88,45.04,1.3698
slovenia,g6_00023_17.tif,6273320,4.191,6.0081,4.14,7.83,1.8913
slovenia,g6_00023_17.tif,6273464,4.191,6.0081,25.71,30.59,1.1898
slovenia,g6_00023_17.tif,6273473,4.191,6.0081,4.14,4.19,1.0121
slovenia,g6_00023_17.tif,6341901,4.191,6.0081,20.69,31.86,1.5399
slovenia,g6_00023_17.tif,6341905,4.191,6.0081,37.25,47.52,1.2757
slovenia,g6_00023_17.tif,6341910,4.191,6.0081,53.8,63.93,1.1883
slovenia,g6_00023_17.tif,6341912,4.191,6.0081,7.57,10.46,1.3818
slovenia,g6_00023_17.tif,6342217,4.191,6.0081,14.37,16.43,1.1434
slovenia,g6_00023_17.tif,6342266,4.191,6.0081,12.42,12.57,1.0121
slovenia,g6_00023_17.tif,6363523,4.191,6.0081,53.8,79.92,1.4855
slovenia,g6_00023_17.tif,6558967,4.191,6.0081,19.27,20.96,1.0877
slovenia,g6_00023_17.tif,6600412,4.191,6.0081,12.42,16.43,1.3229
slovenia,g6_00023_17.tif,6600420,4.191,6.0081,19.27,20.96,1.0877
slovenia,g6_00023_17.tif,6600513,4.191,6.0081,20.69,25.11,1.2136
slovenia,g6_00023_17.tif,6601205,4.191,6.0081,7.57,10.46,1.3818
slovenia,g6_00023_17.tif,6666595,4.191,6.0081,48.21,64.67,1.3414
slovenia,g6_00023_17.tif,6670694,4.191,6.0081,20.69,30.59,1.4785
slovenia,g6_00023_17.tif,6670695,4.191,6.0081,69.9,93.81,1.3421
slovenia,g6_00023_17.tif,6670730,4.191,6.0081,25.71,29.34,1.1412
slovenia,g6_00023_17.tif,6670749,4.191,6.0081,20.69,29.34,1.4181
slovenia,g6_00023_17.tif,6715839,4.191,6.0081,100.56,140.25,1.3947
slovenia,g6_00023_17.tif,6715885,4.191,6.0081,29.99,31.43,1.048
slovenia,g6_00023_17.tif,6715904,4.191,6.0081,45.53,67.91,1.4915
slovenia,g6_00023_17.tif,6736602,4.191,6.0081,62.08,79.92,1.2874
slovenia,g6_00023_17.tif,6736603,4.191,6.0081,74.39,93.81,1.2611
slovenia,g6_00023_17.tif,6886569,4.191,6.0081,37.25,55.89,1.5004
slovenia,g6_00023_17.tif,6886572,4.191,6.0081,54.39,72.17,1.3269
slovenia,g6_00023_17.tif,6886573,4.191,6.0081,40.44,58.19,1.4389
slovenia,g6_00023_17.tif,6886581,4.191,6.0081,29.99,44.6,1.4872
slovenia,g6_00023_17.tif,6886582,4.191,6.0081,37.25,50.05,1.3436
slovenia,g6_00023_17.tif,6886610,4.191,6.0081,44.13,57.69,1.3073
slovenia,g6_00023_17.tif,6908520,4.191,6.0081,45.53,67.91,1.4915
slovenia,g6_00023_17.tif,6926864,4.191,6.0081,19.27,23.68,1.2289
slovenia,g6_00023_17.tif,6946845,4.191,6.0081,81.08,87.05,1.0736
slovenia,g6_00023_17.tif,6946851,4.191,6.0081,60.51,71.25,1.1775
slovenia,g6_00023_17.tif,6946859,4.191,6.0081,38.07,39.41,1.0352
slovenia,g6_00023_17.tif,6947031,4.191,6.0081,66.1,78.31,1.1847
slovenia,g6_00023_17.tif,6947050,4.191,6.0081,12.42,16.43,1.3229
slovenia,g6_00023_17.tif,6953414,4.191,6.0081,20.69,31.86,1.5399
slovenia,g6_00023_17.tif,6957581,4.191,6.0081,37.25,44.12,1.1844
slovenia,g6_00023_17.tif,6957587,4.191,6.0081,25.71,35.57,1.3835
slovenia,g6_00023_17.tif,6957594,4.191,6.0081,20.69,23.68,1.1445
slovenia,g6_00023_17.tif,6957870,4.191,6.0081,44.13,51.55,1.1681
slovenia,g6_00023_17.tif,6957927,4.191,6.0081,14.37,19.84,1.3807
slovenia,g6_00023_17.tif,6957966,4.191,6.0081,7.57,10.46,1.3818
slovenia,g6_00023_17.tif,6984788,4.191,6.0081,25.71,29.34,1.1412
slovenia,g6_00023_17.tif,6984944,4.191,6.0081,60.51,71.66,1.1843
slovenia,g6_00023_17.tif,6984969,4.191,6.0081,60.51,78.31,1.2942
slovenia,g6_00023_17.tif,7045236,4.191,6.0081,29.99,31.43,1.048
slovenia,g6_00023_17.tif,7064454,4.191,6.0081,20.69,30.59,1.4785
slovenia,g6_00023_18.tif,6094963,4.191,6.0081,12.42,12.57,1.0121
slovenia,g6_00023_18.tif,6094964,4.191,6.0081,28.97,29.34,1.0128
slovenia,g6_00023_18.tif,6094965,4.191,6.0081,14.37,16.43,1.1434
slovenia,g6_00023_18.tif,6094966,4.191,6.0081,29.99,31.43,1.048
slovenia,g6_00023_18.tif,6094967,4.191,6.0081,7.57,10.46,1.3818
slovenia,g6_00023_18.tif,6094972,4.191,6.0081,20.69,31.86,1.5399
slovenia,g6_00023_18.tif,6094976,4.191,6.0081,20.69,20.96,1.013
slovenia,g6_00023_18.tif,6095025,4.191,6.0081,22.04,32.82,1.4891
slovenia,g6_00023_18.tif,6095050,4.191,6.0081,37.25,37.72,1.0126
slovenia,g6_00023_18.tif,6095061,4.191,6.0081,32.88,37.06,1.1271
slovenia,g6_00023_18.tif,6095749,4.191,6.0081,12.42,19.84,1.5974
slovenia,g6_00023_18.tif,6142461,4.191,6.0081,20.69,30.59,1.4785
slovenia,g6_00023_18.tif,6185193,4.191,6.0081,37.25,50.05,1.3436
slovenia,g6_00023_18.tif,6185197,4.191,6.0081,12.42,19.84,1.5974
slovenia,g6_00023_18.tif,6202138,4.191,6.0081,19.27,23.68,1.2289
slovenia,g6_00023_18.tif,6246367,4.191,6.0081,12.42,12.57,1.0121
slovenia,g6_00023_18.tif,6273103,4.191,6.0081,28.97,31.43,1.0849
slovenia,g6_00023_18.tif,6273126,4.191,6.0081,12.42,19.84,1.5974
slovenia,g6_00023_18.tif,6296125,4.191,6.0081,22.04,23.68,1.0744
slovenia,g6_00023_18.tif,6364858,4.191,6.0081,51.39,55.7,1.0839
slovenia,g6_00023_18.tif,6509340,4.191,6.0081,22.04,32.82,1.4891
slovenia,g6_00023_18.tif,6558967,4.191,6.0081,20.69,23.68,1.1445
slovenia,g6_00023_18.tif,6600410,4.191,6.0081,19.27,23.68,1.2289
slovenia,g6_00023_18.tif,6600412,4.191,6.0081,12.42,16.43,1.3229
slovenia,g6_00023_18.tif,6600513,4.191,6.0081,37.25,51.09,1.3715
slovenia,g6_00023_18.tif,6600580,4.191,6.0081,12.42,12.57,1.0121
slovenia,g6_00023_18.tif,6600588,4.191,6.0081,7.57,10.46,1.3818
slovenia,g6_00023_18.tif,6600753,4.191,6.0081,12.42,12.57,1.0121
slovenia,g6_00023_18.tif,6601122,4.191,6.0081,4.14,4.19,1.0121
slovenia,g6_00023_18.tif,6605623,4.191,6.0081,19.27,20.96,1.0877
slovenia,g6_00023_18.tif,6605670,4.191,6.0081,12.42,19.84,1.5974
slovenia,g6_00023_18.tif,6624743,4.191,6.0081,70.82,83.01,1.1721
slovenia,g6_00023_18.tif,6624752,4.191,6.0081,37.25,37.72,1.0126
slovenia,g6_00023_18.tif,6624865,4.191,6.0081,53.8,75.32,1.4
slovenia,g6_00023_18.tif,6624874,4.191,6.0081,46.21,68.39,1.48
slovenia,g6_00023_18.tif,6643194,4.191,6.0081,29.99,43.87,1.4628
slovenia,g6_00023_18.tif,6643203,4.191,6.0081,28.97,29.34,1.0128
slovenia,g6_00023_18.tif,6643436,4.191,6.0081,12.42,12.57,1.0121
slovenia,g6_00023_18.tif,6670695,4.191,6.0081,25.71,29.34,1.1412
slovenia,g6_00023_18.tif,6670702,4.191,6.0081,32.88,37.06,1.1271
slovenia,g6_00023_18.tif,6670707,4.191,6.0081,14.37,16.43,1.1434
slovenia,g6_00023_18.tif,6670718,4.191,6.0081,45.53,46.1,1.0125
slovenia,g6_00023_18.tif,6670723,4.191,6.0081,45.53,46.1,1.0125
slovenia,g6_00023_18.tif,6670749,4.191,6.0081,12.42,16.43,1.3229
slovenia,g6_00023_18.tif,6686380,4.191,6.0081,14.37,16.43,1.1434
slovenia,g6_00023_18.tif,6696060,4.191,6.0081,12.42,12.57,1.0121
slovenia,g6_00023_18.tif,6696128,4.191,6.0081,7.57,10.46,1.3818
slovenia,g6_00023_18.tif,6738137,4.191,6.0081,7.57,10.46,1.3818
slovenia,g6_00023_18.tif,6742984,4.191,6.0081,20.69,23.68,1.1445
slovenia,g6_00023_18.tif,6742990,4.191,6.0081,19.27,20.96,1.0877
slovenia,g6_00023_18.tif,6742996,4.191,6.0081,14.37,21.26,1.4795
slovenia,g6_00023_18.tif,6742998,4.191,6.0081,12.42,19.84,1.5974
slovenia,g6_00023_18.tif,6744391,4.191,6.0081,32.88,37.72,1.1472
slovenia,g6_00023_18.tif,6744403,4.191,6.0081,12.42,12.57,1.0121
slovenia,g6_00023_18.tif,6744404,4.191,6.0081,7.57,10.46,1.3818
slovenia,g6_00023_18.tif,6744551,4.191,6.0081,12.42,12.57,1.0121
slovenia,g6_00023_18.tif,6745909,4.191,6.0081,20.69,30.59,1.4785
slovenia,g6_00023_18.tif,6749903,4.191,6.0081,28.97,39.76,1.3725
slovenia,g6_00023_18.tif,6749907,4.191,6.0081,28.97,43.87,1.5143
slovenia,g6_00023_18.tif,6749914,4.191,6.0081,20.69,31.86,1.5399
slovenia,g6_00023_18.tif,6749921,4.191,6.0081,20.69,30.59,1.4785
slovenia,g6_00023_18.tif,6749974,4.191,6.0081,7.57,10.46,1.3818
slovenia,g6_00023_18.tif,6794671,4.191,6.0081,19.27,25.11,1.3031
slovenia,g6_00023_18.tif,6794672,4.191,6.0081,12.42,16.43,1.3229
slovenia,g6_00023_18.tif,6794809,4.191,6.0081,14.37,21.26,1.4795
slovenia,g6_00023_18.tif,6808650,4.191,6.0081,12.42,19.84,1.5974
slovenia,g6_00023_18.tif,6808651,4.191,6.0081,12.42,19.84,1.5974
slovenia,g6_00023_18.tif,6808663,4.191,6.0081,20.69,31.86,1.5399
slovenia,g6_00023_18.tif,6808666,4.191,6.0081,28.97,29.34,1.0128
slovenia,g6_00023_18.tif,6808686,4.191,6.0081,37.25,54.41,1.4607
slovenia,g6_00023_18.tif,6809339,4.191,6.0081,12.42,12.57,1.0121
slovenia,g6_00023_18.tif,6809855,4.191,6.0081,7.57,10.46,1.3818
slovenia,g6_00023_18.tif,6863008,4.191,6.0081,92.39,105.86,1.1458
slovenia,g6_00023_18.tif,6863025,4.191,6.0081,20.69,20.96,1.013
slovenia,g6_00023_18.tif,6863027,4.191,6.0081,14.37,21.26,1.4795
slovenia,g6_00023_18.tif,6863033,4.191,6.0081,42.68,55.89,1.3095
slovenia,g6_00023_18.tif,6863034,4.191,6.0081,22.04,23.68,1.0744
slovenia,g6_00023_18.tif,6863036,4.191,6.0081,38.07,44.12,1.1589
slovenia,g6_00023_18.tif,6886583,4.191,6.0081,32.88,46.71,1.4206
slovenia,g6_00023_18.tif,6946862,4.191,6.0081,44.13,57.69,1.3073
slovenia,g6_00023_18.tif,6946863,4.191,6.0081,28.97,29.34,1.0128
slovenia,g6_00023_18.tif,6947815,4.191,6.0081,20.69,23.68,1.1445
slovenia,g6_00023_18.tif,6957579,4.191,6.0081,29.99,44.6,1.4872
slovenia,g6_00023_18.tif,6957594,4.191,6.0081,4.14,4.19,1.0121
slovenia,g6_00023_18.tif,6957602,4.191,6.0081,14.37,21.26,1.4795
slovenia,g6_00023_18.tif,6957666,4.191,6.0081,4.14,7.83,1.8913
slovenia,g6_00023_18.tif,6959711,4.191,6.0081,82.28,104.78,1.2735
slovenia,g6_00023_18.tif,6984788,4.191,6.0081,32.88,37.06,1.1271
slovenia,g6_00023_18.tif,6984793,4.191,6.0081,42.68,46.1,1.0801
slovenia,g6_00023_18.tif,6984795,4.191,6.0081,22.04,23.68,1.0744
slovenia,g6_00023_18.tif,6992705,4.191,6.0081,78.63,103.96,1.3221
slovenia,g6_00023_18.tif,6992710,4.191,6.0081,20.69,31.86,1.5399
slovenia,g6_00023_18.tif,6992713,4.191,6.0081,44.13,57.69,1.3073
slovenia,g6_00024_0.tif,6094974,4.1637,6.0081,28.97,29.15,1.0062
slovenia,g6_00024_0.tif,6121758,4.1637,6.0081,14.37,16.37,1.1392
slovenia,g6_00024_0.tif,6121766,4.1637,6.0081,38.07,39.17,1.0289
slovenia,g6_00024_0.tif,6121887,4.1637,6.0081,14.37,16.37,1.1392
slovenia,g6_00024_0.tif,6283611,4.1637,6.0081,12.42,12.49,1.0056
slovenia,g6_00024_0.tif,6283615,4.1637,6.0081,29.99,36.91,1.2307
slovenia,g6_00024_0.tif,6285642,4.1637,6.0081,48.86,55.35,1.1328
slovenia,g6_00024_0.tif,6285643,4.1637,6.0081,12.42,16.37,1.318
slovenia,g6_00024_0.tif,6285647,4.1637,6.0081,20.69,30.5,1.4741
slovenia,g6_00024_0.tif,6285648,4.1637,6.0081,25.71,30.5,1.1863
slovenia,g6_00024_0.tif,6285872,4.1637,6.0081,7.57,10.46,1.3818
slovenia,g6_00024_0.tif,6296078,4.1637,6.0081,95.19,128.01,1.3448
slovenia,g6_00024_0.tif,6352006,4.1637,6.0081,12.42,16.37,1.318
slovenia,g6_00024_0.tif,6352011,4.1637,6.0081,19.27,20.82,1.0804
slovenia,g6_00024_0.tif,6352036,4.1637,6.0081,14.37,16.37,1.1392
slovenia,g6_00024_0.tif,6425676,4.1637,6.0081,48.21,64.53,1.3385
slovenia,g6_00024_0.tif,6425698,4.1637,6.0081,66.1,77.98,1.1797
slovenia,g6_00024_0.tif,6425772,4.1637,6.0081,19.27,23.56,1.2226
slovenia,g6_00024_0.tif,6425894,4.1637,6.0081,14.37,16.37,1.1392
slovenia,g6_00024_0.tif,6427240,4.1637,6.0081,22.04,30.5,1.3838
slovenia,g6_00024_0.tif,6427380,4.1637,6.0081,4.14,7.85,1.8961
slovenia,g6_00024_0.tif,6597569,4.1637,6.0081,40.44,54.31,1.343
slovenia,g6_00024_0.tif,6597577,4.1637,6.0081,12.42,12.49,1.0056
slovenia,g6_00024_0.tif,6742984,4.1637,6.0081,25.71,29.15,1.1338
slovenia,g6_00024_0.tif,6749914,4.1637,6.0081,12.42,19.87,1.5998
slovenia,g6_00024_0.tif,6808638,4.1637,6.0081,46.21,50.91,1.1017
slovenia,g6_00024_0.tif,6808640,4.1637,6.0081,37.25,39.17,1.0515
slovenia,g6_00024_0.tif,6947815,4.1637,6.0081,20.69,31.89,1.5413
slovenia,g6_00024_0.tif,6950300,4.1637,6.0081,7.57,10.46,1.3818
slovenia,g6_00024_0.tif,6950302,4.1637,6.0081,25.71,32.83,1.2769
slovenia,g6_00024_1.tif,6117393,4.191,6.0081,12.42,16.43,1.3229
slovenia,g6_00024_1.tif,6117394,4.191,6.0081,14.37,16.43,1.1434
slovenia,g6_00024_1.tif,6117395,4.191,6.0081,20.69,31.86,1.5399
slovenia,g6_00024_1.tif,6117398,4.191,6.0081,7.57,10.46,1.3818
slovenia,g6_00024_1.tif,6117401,4.191,6.0081,14.37,19.84,1.3807
slovenia,g6_00024_1.tif,6117480,4.191,6.0081,14.37,21.26,1.4795
slovenia,g6_00024_1.tif,6117690,4.191,6.0081,12.42,19.84,1.5974
slovenia,g6_00024_1.tif,6117691,4.191,6.0081,19.27,20.96,1.0877
slovenia,g6_00024_1.tif,6117697,4.191,6.0081,20.69,30.59,1.4785
slovenia,g6_00024_1.tif,6117705,4.191,6.0081,37.25,43.87,1.1777
slovenia,g6_00024_1.tif,6117747,4.191,6.0081,12.42,12.57,1.0121
slovenia,g6_00024_1.tif,6117753,4.191,6.0081,12.42,12.57,1.0121
slovenia,g6_00024_1.tif,6117805,4.191,6.0081,19.27,25.11,1.3031
slovenia,g6_00024_1.tif,6148141,4.191,6.0081,12.42,12.57,1.0121
slovenia,g6_00024_1.tif,6162554,4.191,6.0081,7.57,10.46,1.3818
slovenia,g6_00024_1.tif,6164121,4.191,6.0081,14.37,20.96,1.4586
slovenia,g6_00024_1.tif,6164123,4.191,6.0081,22.04,23.68,1.0744
slovenia,g6_00024_1.tif,6188364,4.191,6.0081,14.37,16.43,1.1434
slovenia,g6_00024_1.tif,6188367,4.191,6.0081,4.14,4.19,1.0121
slovenia,g6_00024_1.tif,6188368,4.191,6.0081,12.42,16.43,1.3229
slovenia,g6_00024_1.tif,6188463,4.191,6.0081,12.42,19.84,1.5974
slovenia,g6_00024_1.tif,6213667,4.191,6.0081,38.07,39.76,1.0444
slovenia,g6_00024_1.tif,6213668,4.191,6.0081,20.69,20.96,1.013
slovenia,g6_00024_1.tif,6213715,4.191,6.0081,7.57,10.46,1.3818
slovenia,g6_00024_1.tif,6233450,4.191,6.0081,40.44,44.12,1.091
slovenia,g6_00024_1.tif,6233452,4.191,6.0081,46.21,47.52,1.0283
slovenia,g6_00024_1.tif,6233453,4.191,6.0081,14.37,21.26,1.4795
slovenia,g6_00024_1.tif,6239979,4.191,6.0081,12.42,12.57,1.0121
slovenia,g6_00024_1.tif,6285642,4.191,6.0081,30.98,37.72,1.2176
slovenia,g6_00024_1.tif,6285656,4.191,6.0081,19.27,25.11,1.3031
slovenia,g6_00024_1.tif,6285872,4.191,6.0081,7.57,10.46,1.3818
slovenia,g6_00024_1.tif,6425674,4.191,6.0081,14.37,21.26,1.4795
slovenia,g6_00024_1.tif,6425676,4.191,6.0081,4.14,4.19,1.0121
slovenia,g6_00024_1.tif,6425678,4.191,6.0081,19.27,25.11,1.3031
slovenia,g6_00024_1.tif,6460370,4.191,6.0081,7.57,10.46,1.3818
slovenia,g6_00024_1.tif,6597517,4.191,6.0081,20.69,20.96,1.013
slovenia,g6_00024_1.tif,6597557,4.191,6.0081,60.51,75.32,1.2448
slovenia,g6_00024_1.tif,6606677,4.191,6.0081,7.57,10.46,1.3818
slovenia,g6_00024_1.tif,6606686,4.191,6.0081,12.42,12.57,1.0121
slovenia,g6_00024_1.tif,6614563,4.191,6.0081,42.68,51.09,1.197
slovenia,g6_00024_1.tif,6813396,4.191,6.0081,51.39,65.38,1.2722
slovenia,g6_00024_1.tif,6817456,4.191,6.0081,20.69,30.59,1.4785
slovenia,g6_00024_1.tif,6817458,4.191,6.0081,7.57,10.46,1.3818
slovenia,g6_00024_1.tif,6817460,4.191,6.0081,12.42,12.57,1.0121
slovenia,g6_00024_1.tif,6817461,4.191,6.0081,14.37,16.43,1.1434
slovenia,g6_00024_1.tif,6817466,4.191,6.0081,37.25,54.41,1.4607
slovenia,g6_00024_1.tif,6817474,4.191,6.0081,20.69,31.86,1.5399
slovenia,g6_00024_1.tif,6817476,4.191,6.0081,40.44,44.12,1.091
slovenia,g6_00024_1.tif,6817669,4.191,6.0081,7.57,10.46,1.3818
slovenia,g6_00024_1.tif,6909682,4.191,6.0081,7.57,10.46,1.3818
slovenia,g6_00024_1.tif,6912932,4.191,6.0081,51.39,72.17,1.4044
slovenia,g6_00024_1.tif,6912934,4.191,6.0081,54.39,60.94,1.1204
slovenia,g6_00026_16.tif,6099287,4.1921,5.9688,12.42,12.58,1.0129
slovenia,g6_00026_16.tif,6099304,4.1921,5.9688,7.57,10.4,1.3738
slovenia,g6_00026_16.tif,6111432,4.1921,5.9688,29.99,43.56,1.4525
slovenia,g6_00026_16.tif,6111444,4.1921,5.9688,20.69,21.11,1.0203
slovenia,g6_00026_16.tif,6120060,4.1921,5.9688,25.71,30.49,1.1859
slovenia,g6_00026_16.tif,6173845,4.1921,5.9688,14.37,16.39,1.1406
slovenia,g6_00026_16.tif,6173955,4.1921,5.9688,14.37,16.39,1.1406
slovenia,g6_00026_16.tif,6173970,4.1921,5.9688,30.98,36.98,1.1937
slovenia,g6_00026_16.tif,6173997,4.1921,5.9688,12.42,12.58,1.0129
slovenia,g6_00026_16.tif,6174006,4.1921,5.9688,7.57,10.4,1.3738
slovenia,g6_00026_16.tif,6179252,4.1921,5.9688,95.19,117.81,1.2376
slovenia,g6_00026_16.tif,6179253,4.1921,5.9688,45.53,67.43,1.481
slovenia,g6_00026_16.tif,6179256,4.1921,5.9688,32.88,46.42,1.4118
slovenia,g6_00026_16.tif,6179394,4.1921,5.9688,12.42,19.68,1.5845
slovenia,g6_00026_16.tif,6179535,4.1921,5.9688,45.53,59.17,1.2996
slovenia,g6_00026_16.tif,6194375,4.1921,5.9688,25.71,29.34,1.1412
slovenia,g6_00026_16.tif,6232846,4.1921,5.9688,37.25,49.78,1.3364
slovenia,g6_00026_16.tif,6232858,4.1921,5.9688,7.57,10.4,1.3738
slovenia,g6_00026_16.tif,6248990,4.1921,5.9688,28.97,29.34,1.0128
slovenia,g6_00026_16.tif,6250357,4.1921,5.9688,89.51,112.58,1.2577
slovenia,g6_00026_16.tif,6250359,4.1921,5.9688,58.9,63.94,1.0856
slovenia,g6_00026_16.tif,6250361,4.1921,5.9688,44.13,46.11,1.0449
slovenia,g6_00026_16.tif,6250362,4.1921,5.9688,44.13,50.94,1.1543
slovenia,g6_00026_16.tif,6250366,4.1921,5.9688,48.21,51.49,1.068
slovenia,g6_00026_16.tif,6250371,4.1921,5.9688,45.53,46.11,1.0127
slovenia,g6_00026_16.tif,6250372,4.1921,5.9688,14.37,16.39,1.1406
slovenia,g6_00026_16.tif,6270669,4.1921,5.9688,73.95,88.03,1.1904
slovenia,g6_00026_16.tif,6270671,4.1921,5.9688,12.42,12.58,1.0129
slovenia,g6_00026_16.tif,6270675,4.1921,5.9688,25.71,29.34,1.1412
slovenia,g6_00026_16.tif,6270678,4.1921,5.9688,14.37,16.39,1.1406
slovenia,g6_00026_16.tif,6270683,4.1921,5.9688,48.86,57.56,1.1781
slovenia,g6_00026_16.tif,6270686,4.1921,5.9688,44.13,51.49,1.1668
slovenia,g6_00026_16.tif,6324348,4.1921,5.9688,19.27,24.98,1.2963
slovenia,g6_00026_16.tif,6324356,4.1921,5.9688,14.37,16.39,1.1406
slovenia,g6_00026_16.tif,6359097,4.1921,5.9688,30.98,44.05,1.4219
slovenia,g6_00026_16.tif,6364834,4.1921,5.9688,45.53,67.43,1.481
slovenia,g6_00026_16.tif,6408125,4.1921,5.9688,38.07,39.4,1.0349
slovenia,g6_00026_16.tif,6408126,4.1921,5.9688,62.08,63.94,1.03
slovenia,g6_00026_16.tif,6408127,4.1921,5.9688,22.04,31.62,1.4347
slovenia,g6_00026_16.tif,6408143,4.1921,5.9688,44.13,46.11,1.0449
slovenia,g6_00026_16.tif,6408146,4.1921,5.9688,20.69,23.65,1.1431
slovenia,g6_00026_16.tif,6408181,4.1921,5.9688,20.69,29.34,1.4181
slovenia,g6_00026_16.tif,6414921,4.1921,5.9688,20.69,31.62,1.5283
slovenia,g6_00026_16.tif,6414927,4.1921,5.9688,25.71,30.49,1.1859
slovenia,g6_00026_16.tif,6453819,4.1921,5.9688,62.6,91.68,1.4645
slovenia,g6_00026_16.tif,6453825,4.1921,5.9688,12.42,19.68,1.5845
slovenia,g6_00026_16.tif,6500762,4.1921,5.9688,7.57,10.4,1.3738
slovenia,g6_00026_16.tif,6525858,4.1921,5.9688,25.71,29.34,1.1412
slovenia,g6_00026_16.tif,6525862,4.1921,5.9688,32.88,39.4,1.1983
slovenia,g6_00026_16.tif,6525939,4.1921,5.9688,7.57,10.4,1.3738
slovenia,g6_00026_16.tif,6593059,4.1921,5.9688,25.71,31.41,1.2217
slovenia,g6_00026_16.tif,6593061,4.1921,5.9688,12.42,12.58,1.0129
slovenia,g6_00026_16.tif,6593067,4.1921,5.9688,32.88,46.42,1.4118
slovenia,g6_00026_16.tif,6593068,4.1921,5.9688,44.13,54.5,1.235
slovenia,g6_00026_16.tif,6593071,4.1921,5.9688,32.88,46.42,1.4118
slovenia,g6_00026_16.tif,6593333,4.1921,5.9688,38.07,56.08,1.4731
slovenia,g6_00026_16.tif,6593349,4.1921,5.9688,20.69,31.62,1.5283
slovenia,g6_00026_16.tif,6593363,4.1921,5.9688,12.42,19.68,1.5845
slovenia,g6_00026_16.tif,6593450,4.1921,5.9688,14.37,16.39,1.1406
slovenia,g6_00026_16.tif,6605272,4.1921,5.9688,54.39,79.79,1.467
slovenia,g6_00026_16.tif,6605343,4.1921,5.9688,28.97,29.34,1.0128
slovenia,g6_00026_16.tif,6605344,4.1921,5.9688,12.42,12.58,1.0129
slovenia,g6_00026_16.tif,6605564,4.1921,5.9688,12.42,12.58,1.0129
slovenia,g6_00026_16.tif,6605924,4.1921,5.9688,12.42,19.68,1.5845
slovenia,g6_00026_16.tif,6605925,4.1921,5.9688,12.42,19.68,1.5845
slovenia,g6_00026_16.tif,6621806,4.1921,5.9688,4.14,4.19,1.0121
slovenia,g6_00026_16.tif,6630253,4.1921,5.9688,20.69,31.62,1.5283
slovenia,g6_00026_16.tif,6630399,4.1921,5.9688,12.42,19.68,1.5845
slovenia,g6_00026_16.tif,6634682,4.1921,5.9688,64.12,71.84,1.1204
slovenia,g6_00026_16.tif,6634683,4.1921,5.9688,86.91,113.19,1.3024
slovenia,g6_00026_16.tif,6634685,4.1921,5.9688,62.08,91.31,1.4708
slovenia,g6_00026_16.tif,6634713,4.1921,5.9688,7.57,10.4,1.3738
slovenia,g6_00026_16.tif,6640851,4.1921,5.9688,20.69,23.65,1.1431
slovenia,g6_00026_16.tif,6640854,4.1921,5.9688,28.97,30.49,1.0525
slovenia,g6_00026_16.tif,6640857,4.1921,5.9688,32.88,36.98,1.1247
slovenia,g6_00026_16.tif,6658474,4.1921,5.9688,83.85,106.08,1.2651
slovenia,g6_00026_16.tif,6659726,4.1921,5.9688,125.42,142.63,1.1372
slovenia,g6_00026_16.tif,6659730,4.1921,5.9688,58.9,83.07,1.4104
slovenia,g6_00026_16.tif,6661240,4.1921,5.9688,55.55,73.87,1.3298
slovenia,g6_00026_16.tif,6661243,4.1921,5.9688,37.25,39.4,1.0577
slovenia,g6_00026_16.tif,6661246,4.1921,5.9688,22.04,30.49,1.3834
slovenia,g6_00026_16.tif,6661247,4.1921,5.9688,40.44,50.94,1.2596
slovenia,g6_00026_16.tif,6661251,4.1921,5.9688,28.97,43.56,1.5036
slovenia,g6_00026_16.tif,6661257,4.1921,5.9688,37.25,44.87,1.2046
slovenia,g6_00026_16.tif,6661561,4.1921,5.9688,12.42,12.58,1.0129
slovenia,g6_00026_16.tif,6661639,4.1921,5.9688,38.07,55.5,1.4578
slovenia,g6_00026_16.tif,6661724,4.1921,5.9688,25.71,30.49,1.1859
slovenia,g6_00026_16.tif,6661843,4.1921,5.9688,69.9,92.02,1.3165
slovenia,g6_00026_16.tif,6661906,4.1921,5.9688,29.99,31.41,1.0473
slovenia,g6_00026_16.tif,6661907,4.1921,5.9688,51.39,57.81,1.1249
slovenia,g6_00026_16.tif,6663224,4.1921,5.9688,58.9,67.0,1.1375
slovenia,g6_00026_16.tif,6663226,4.1921,5.9688,77.8,91.07,1.1706
slovenia,g6_00026_16.tif,6663227,4.1921,5.9688,108.45,122.53,1.1298
slovenia,g6_00026_16.tif,6686415,4.1921,5.9688,54.39,62.88,1.1561
slovenia,g6_00026_16.tif,6692968,4.1921,5.9688,40.44,56.08,1.3867
slovenia,g6_00026_16.tif,6712956,4.1921,5.9688,20.69,31.62,1.5283
slovenia,g6_00026_16.tif,6712959,4.1921,5.9688,22.04,32.59,1.4787
slovenia,g6_00026_16.tif,6724642,4.1921,5.9688,20.69,20.96,1.013
slovenia,g6_00026_16.tif,6724644,4.1921,5.9688,51.39,68.75,1.3378
slovenia,g6_00026_16.tif,6724651,4.1921,5.9688,40.44,44.05,1.0893
slovenia,g6_00026_16.tif,6725036,4.1921,5.9688,92.39,99.21,1.0738
slovenia,g6_00026_16.tif,6725068,4.1921,5.9688,12.42,12.58,1.0129
slovenia,g6_00026_16.tif,6743517,4.1921,5.9688,25.71,32.59,1.2676
slovenia,g6_00026_16.tif,6758260,4.1921,5.9688,48.21,51.49,1.068
slovenia,g6_00026_16.tif,6758265,4.1921,5.9688,4.14,4.19,1.0121
slovenia,g6_00026_16.tif,6758266,4.1921,5.9688,12.42,12.58,1.0129
slovenia,g6_00026_16.tif,6758344,4.1921,5.9688,7.57,10.4,1.3738
slovenia,g6_00026_16.tif,6758445,4.1921,5.9688,4.14,7.75,1.872
slovenia,g6_00026_16.tif,6802229,4.1921,5.9688,28.97,39.57,1.3659
slovenia,g6_00026_16.tif,6802234,4.1921,5.9688,28.97,43.56,1.5036
slovenia,g6_00026_16.tif,6802236,4.1921,5.9688,37.25,37.73,1.0129
slovenia,g6_00026_16.tif,6802241,4.1921,5.9688,4.14,4.19,1.0121
slovenia,g6_00026_16.tif,6802245,4.1921,5.9688,12.42,19.68,1.5845
slovenia,g6_00026_16.tif,6803827,4.1921,5.9688,66.58,93.35,1.4021
slovenia,g6_00026_16.tif,6803837,4.1921,5.9688,28.97,43.56,1.5036
slovenia,g6_00026_16.tif,6803843,4.1921,5.9688,37.25,37.73,1.0129
slovenia,g6_00026_16.tif,6803945,4.1921,5.9688,20.69,31.62,1.5283
slovenia,g6_00026_16.tif,6803967,4.1921,5.9688,14.37,19.68,1.3695
slovenia,g6_00026_16.tif,6804399,4.1921,5.9688,4.14,4.19,1.0121
slovenia,g6_00026_16.tif,6832133,4.1921,5.9688,19.27,24.98,1.2963
slovenia,g6_00026_16.tif,6832164,4.1921,5.9688,19.27,24.98,1.2963
slovenia,g6_00026_16.tif,6926865,4.1921,5.9688,32.88,36.98,1.1247
slovenia,g6_00026_16.tif,6935506,4.1921,5.9688,44.13,59.35,1.3449
slovenia,g6_00026_16.tif,6935536,4.1921,5.9688,25.71,35.35,1.375
slovenia,g6_00026_16.tif,6965874,4.1921,5.9688,30.98,36.98,1.1937
slovenia,g6_00026_16.tif,6966077,4.1921,5.9688,32.88,36.98,1.1247
slovenia,g6_00026_16.tif,7005030,4.1921,5.9688,78.63,80.5,1.0238
slovenia,g6_00026_16.tif,7005031,4.1921,5.9688,44.13,57.56,1.3043
slovenia,g6_00026_16.tif,7018690,4.1921,5.9688,53.8,54.5,1.013
slovenia,g6_00026_16.tif,7018695,4.1921,5.9688,22.04,23.65,1.073
slovenia,g6_00026_16.tif,7045982,4.1921,5.9688,87.29,119.81,1.3726
slovenia,g6_00026_16.tif,7045984,4.1921,5.9688,12.42,19.68,1.5845
slovenia,g6_00026_16.tif,7045987,4.1921,5.9688,66.1,79.79,1.2071
slovenia,g6_00026_16.tif,7045990,4.1921,5.9688,44.13,46.11,1.0449
slovenia,g6_00026_16.tif,7045995,4.1921,5.9688,20.69,31.62,1.5283
slovenia,g6_00026_16.tif,7074175,4.1921,5.9688,14.37,16.39,1.1406
slovenia,g6_00026_16.tif,7074181,4.1921,5.9688,37.25,55.5,1.4899
slovenia,g6_00026_17.tif,6087692,4.1921,5.9688,29.99,44.29,1.4768
slovenia,g6_00026_17.tif,6097744,4.1921,5.9688,37.25,37.73,1.0129
slovenia,g6_00026_17.tif,6143571,4.1921,5.9688,12.42,16.39,1.3196
slovenia,g6_00026_17.tif,6155039,4.1921,5.9688,22.04,32.59,1.4787
slovenia,g6_00026_17.tif,6163363,4.1921,5.9688,66.1,78.14,1.1821
slovenia,g6_00026_17.tif,6163365,4.1921,5.9688,73.95,85.1,1.1508
slovenia,g6_00026_17.tif,6171461,4.1921,5.9688,12.42,12.58,1.0129
slovenia,g6_00026_17.tif,6171462,4.1921,5.9688,14.37,16.39,1.1406
slovenia,g6_00026_17.tif,6172345,4.1921,5.9688,44.13,50.94,1.1543
slovenia,g6_00026_17.tif,6172346,4.1921,5.9688,12.42,12.58,1.0129
slovenia,g6_00026_17.tif,6172492,4.1921,5.9688,4.14,7.75,1.872
slovenia,g6_00026_17.tif,6250364,4.1921,5.9688,51.39,55.7,1.0839
slovenia,g6_00026_17.tif,6250366,4.1921,5.9688,12.42,12.58,1.0129
slovenia,g6_00026_17.tif,6250372,4.1921,5.9688,25.71,29.34,1.1412
slovenia,g6_00026_17.tif,6251600,4.1921,5.9688,12.42,16.39,1.3196
slovenia,g6_00026_17.tif,6270665,4.1921,5.9688,45.53,64.27,1.4116
slovenia,g6_00026_17.tif,6270668,4.1921,5.9688,48.21,64.27,1.3331
slovenia,g6_00026_17.tif,6270677,4.1921,5.9688,28.97,39.57,1.3659
slovenia,g6_00026_17.tif,6270678,4.1921,5.9688,19.27,20.96,1.0877
slovenia,g6_00026_17.tif,6270680,4.1921,5.9688,12.42,19.68,1.5845
slovenia,g6_00026_17.tif,6324356,4.1921,5.9688,20.69,23.65,1.1431
slovenia,g6_00026_17.tif,6325888,4.1921,5.9688,95.53,112.58,1.1785
slovenia,g6_00026_17.tif,6359096,4.1921,5.9688,4.14,7.75,1.872
slovenia,g6_00026_17.tif,6359099,4.1921,5.9688,19.27,24.98,1.2963
slovenia,g6_00026_17.tif,6359167,4.1921,5.9688,12.42,16.39,1.3196
slovenia,g6_00026_17.tif,6408118,4.1921,5.9688,37.25,46.42,1.2462
slovenia,g6_00026_17.tif,6408133,4.1921,5.9688,51.39,55.5,1.08
slovenia,g6_00026_17.tif,6408173,4.1921,5.9688,14.37,16.39,1.1406
slovenia,g6_00026_17.tif,6409804,4.1921,5.9688,45.53,64.27,1.4116
slovenia,g6_00026_17.tif,6409816,4.1921,5.9688,32.88,46.42,1.4118
slovenia,g6_00026_17.tif,6409822,4.1921,5.9688,29.99,31.41,1.0473
slovenia,g6_00026_17.tif,6409840,4.1921,5.9688,22.04,23.65,1.073
slovenia,g6_00026_17.tif,6412748,4.1921,5.9688,20.69,31.62,1.5283
slovenia,g6_00026_17.tif,6412753,4.1921,5.9688,37.25,49.78,1.3364
slovenia,g6_00026_17.tif,6412760,4.1921,5.9688,25.71,31.41,1.2217
slovenia,g6_00026_17.tif,6412767,4.1921,5.9688,25.71,29.34,1.1412
slovenia,g6_00026_17.tif,6414900,4.1921,5.9688,64.12,74.95,1.1689
slovenia,g6_00026_17.tif,6414913,4.1921,5.9688,22.04,23.65,1.073
slovenia,g6_00026_17.tif,6414917,4.1921,5.9688,12.42,19.68,1.5845
slovenia,g6_00026_17.tif,6414919,4.1921,5.9688,28.97,29.34,1.0128
slovenia,g6_00026_17.tif,6414925,4.1921,5.9688,12.42,16.39,1.3196
slovenia,g6_00026_17.tif,6416488,4.1921,5.9688,58.9,71.27,1.21
slovenia,g6_00026_17.tif,6418429,4.1921,5.9688,53.8,54.5,1.013
slovenia,g6_00026_17.tif,6420880,4.1921,5.9688,37.25,44.05,1.1826
slovenia,g6_00026_17.tif,6453807,4.1921,5.9688,25.71,30.49,1.1859
slovenia,g6_00026_17.tif,6453808,4.1921,5.9688,20.69,31.62,1.5283
slovenia,g6_00026_17.tif,6453809,4.1921,5.9688,37.25,44.05,1.1826
slovenia,g6_00026_17.tif,6453826,4.1921,5.9688,48.21,54.5,1.1305
slovenia,g6_00026_17.tif,6453836,4.1921,5.9688,12.42,19.68,1.5845
slovenia,g6_00026_17.tif,6453849,4.1921,5.9688,20.69,20.96,1.013
slovenia,g6_00026_17.tif,6454184,4.1921,5.9688,12.42,16.39,1.3196
slovenia,g6_00026_17.tif,6454224,4.1921,5.9688,14.37,21.11,1.469
slovenia,g6_00026_17.tif,6500535,4.1921,5.9688,51.39,54.5,1.0605
slovenia,g6_00026_17.tif,6500538,4.1921,5.9688,14.37,16.39,1.1406
slovenia,g6_00026_17.tif,6500762,4.1921,5.9688,42.68,50.94,1.1935
slovenia,g6_00026_17.tif,6501390,4.1921,5.9688,25.71,35.35,1.375
slovenia,g6_00026_17.tif,6501393,4.1921,5.9688,25.71,30.49,1.1859
slovenia,g6_00026_17.tif,6501394,4.1921,5.9688,14.37,19.68,1.3695
slovenia,g6_00026_17.tif,6501396,4.1921,5.9688,20.69,20.96,1.013
slovenia,g6_00026_17.tif,6501399,4.1921,5.9688,7.57,10.4,1.3738
slovenia,g6_00026_17.tif,6501413,4.1921,5.9688,40.44,50.94,1.2596
slovenia,g6_00026_17.tif,6501416,4.1921,5.9688,19.27,23.65,1.2273
slovenia,g6_00026_17.tif,6501489,4.1921,5.9688,7.57,10.4,1.3738
slovenia,g6_00026_17.tif,6575147,4.1921,5.9688,4.14,7.75,1.872
slovenia,g6_00026_17.tif,6589564,4.1921,5.9688,42.68,50.94,1.1935
slovenia,g6_00026_17.tif,6589577,4.1921,5.9688,14.37,16.39,1.1406
slovenia,g6_00026_17.tif,6589634,4.1921,5.9688,37.25,44.05,1.1826
slovenia,g6_00026_17.tif,6593068,4.1921,5.9688,19.27,23.65,1.2273
slovenia,g6_00026_17.tif,6634688,4.1921,5.9688,28.97,39.57,1.3659
slovenia,g6_00026_17.tif,6634689,4.1921,5.9688,42.68,50.94,1.1935
slovenia,g6_00026_17.tif,6640854,4.1921,5.9688,25.71,29.34,1.1412
slovenia,g6_00026_17.tif,6640855,4.1921,5.9688,4.14,7.75,1.872
slovenia,g6_00026_17.tif,6686401,4.1921,5.9688,66.58,94.57,1.4204
slovenia,g6_00026_17.tif,6686404,4.1921,5.9688,70.82,100.1,1.4134
slovenia,g6_00026_17.tif,6686408,4.1921,5.9688,55.55,71.47,1.2866
slovenia,g6_00026_17.tif,6686415,4.1921,5.9688,42.68,51.49,1.2064
slovenia,g6_00026_17.tif,6686422,4.1921,5.9688,7.57,10.4,1.3738
slovenia,g6_00026_17.tif,6694164,4.1921,5.9688,45.53,47.51,1.0435
slovenia,g6_00026_17.tif,6705275,4.1921,5.9688,48.21,51.49,1.068
slovenia,g6_00026_17.tif,6705278,4.1921,5.9688,30.98,44.29,1.4296
slovenia,g6_00026_17.tif,6705285,4.1921,5.9688,29.99,44.29,1.4768
slovenia,g6_00026_17.tif,6705288,4.1921,5.9688,46.21,47.51,1.0281
slovenia,g6_00026_17.tif,6705453,4.1921,5.9688,4.14,7.75,1.872
slovenia,g6_00026_17.tif,6714340,4.1921,5.9688,14.37,21.11,1.469
slovenia,g6_00026_17.tif,6714343,4.1921,5.9688,20.69,30.49,1.4737
slovenia,g6_00026_17.tif,6714726,4.1921,5.9688,12.42,19.68,1.5845
slovenia,g6_00026_17.tif,6715842,4.1921,5.9688,37.25,49.78,1.3364
slovenia,g6_00026_17.tif,6715843,4.1921,5.9688,29.99,44.29,1.4768
slovenia,g6_00026_17.tif,6715856,4.1921,5.9688,60.51,79.37,1.3117
slovenia,g6_00026_17.tif,6715881,4.1921,5.9688,45.53,47.51,1.0435
slovenia,g6_00026_17.tif,6724642,4.1921,5.9688,79.05,114.44,1.4477
slovenia,g6_00026_17.tif,6724658,4.1921,5.9688,19.27,24.98,1.2963
slovenia,g6_00026_17.tif,6725036,4.1921,5.9688,22.04,29.34,1.3312
slovenia,g6_00026_17.tif,6743656,4.1921,5.9688,20.69,31.62,1.5283
slovenia,g6_00026_17.tif,6758265,4.1921,5.9688,7.57,10.4,1.3738
slovenia,g6_00026_17.tif,6758267,4.1921,5.9688,14.37,21.11,1.469
slovenia,g6_00026_17.tif,6758344,4.1921,5.9688,7.57,10.4,1.3738
slovenia,g6_00026_17.tif,6758445,4.1921,5.9688,12.42,16.39,1.3196
slovenia,g6_00026_17.tif,6822390,4.1921,5.9688,7.57,10.4,1.3738
slovenia,g6_00026_17.tif,6822392,4.1921,5.9688,7.57,10.4,1.3738
slovenia,g6_00026_17.tif,6822396,4.1921,5.9688,55.55,68.75,1.2376
slovenia,g6_00026_17.tif,6822409,4.1921,5.9688,70.82,97.03,1.3701
slovenia,g6_00026_17.tif,6822431,4.1921,5.9688,4.14,7.75,1.872
slovenia,g6_00026_17.tif,6831989,4.1921,5.9688,20.69,20.96,1.013
slovenia,g6_00026_17.tif,6886249,4.1921,5.9688,37.25,39.4,1.0577
slovenia,g6_00026_17.tif,6894042,4.1921,5.9688,55.55,67.92,1.2227
slovenia,g6_00026_17.tif,6894066,4.1921,5.9688,29.99,36.98,1.2331
slovenia,g6_00026_17.tif,6935512,4.1921,5.9688,73.95,85.1,1.1508
slovenia,g6_00026_17.tif,6935924,4.1921,5.9688,7.57,10.4,1.3738
slovenia,g6_00026_17.tif,6953423,4.1921,5.9688,20.69,20.96,1.013
slovenia,g6_00026_17.tif,6965881,4.1921,5.9688,19.27,24.98,1.2963
slovenia,g6_00026_17.tif,7005035,4.1921,5.9688,37.25,44.05,1.1826
slovenia,g6_00026_17.tif,7005041,4.1921,5.9688,25.71,35.35,1.375
slovenia,g6_00026_18.tif,6084446,4.1921,5.9688,37.25,49.78,1.3364
slovenia,g6_00026_18.tif,6084450,4.1921,5.9688,32.88,44.87,1.3647
slovenia,g6_00026_18.tif,6084453,4.1921,5.9688,19.27,20.96,1.0877
slovenia,g6_00026_18.tif,6084454,4.1921,5.9688,14.37,16.39,1.1406
slovenia,g6_00026_18.tif,6084456,4.1921,5.9688,25.71,30.49,1.1859
slovenia,g6_00026_18.tif,6084458,4.1921,5.9688,12.42,19.68,1.5845
slovenia,g6_00026_18.tif,6097738,4.1921,5.9688,77.38,94.74,1.2243
slovenia,g6_00026_18.tif,6112660,4.1921,5.9688,7.57,10.4,1.3738
slovenia,g6_00026_18.tif,6141485,4.1921,5.9688,30.98,44.29,1.4296
slovenia,g6_00026_18.tif,6141571,4.1921,5.9688,7.57,10.4,1.3738
slovenia,g6_00026_18.tif,6143038,4.1921,5.9688,4.14,7.75,1.872
slovenia,g6_00026_18.tif,6143171,4.1921,5.9688,12.42,16.39,1.3196
slovenia,g6_00026_18.tif,6143575,4.1921,5.9688,29.99,36.98,1.2331
slovenia,g6_00026_18.tif,6143576,4.1921,5.9688,25.71,35.35,1.375
slovenia,g6_00026_18.tif,6143579,4.1921,5.9688,55.55,59.17,1.0652
slovenia,g6_00026_18.tif,6143582,4.1921,5.9688,51.39,67.43,1.3121
slovenia,g6_00026_18.tif,6143586,4.1921,5.9688,25.71,31.41,1.2217
slovenia,g6_00026_18.tif,6143588,4.1921,5.9688,37.25,49.78,1.3364
slovenia,g6_00026_18.tif,6143594,4.1921,5.9688,12.42,16.39,1.3196
slovenia,g6_00026_18.tif,6172344,4.1921,5.9688,70.36,71.27,1.0129
slovenia,g6_00026_18.tif,6172346,4.1921,5.9688,20.69,30.49,1.4737
slovenia,g6_00026_18.tif,6172492,4.1921,5.9688,12.42,16.39,1.3196
slovenia,g6_00026_18.tif,6178804,4.1921,5.9688,12.42,12.58,1.0129
slovenia,g6_00026_18.tif,6178806,4.1921,5.9688,28.97,43.56,1.5036
slovenia,g6_00026_18.tif,6178815,4.1921,5.9688,12.42,12.58,1.0129
slovenia,g6_00026_18.tif,6251600,4.1921,5.9688,12.42,16.39,1.3196
slovenia,g6_00026_18.tif,6341900,4.1921,5.9688,19.27,23.65,1.2273
slovenia,g6_00026_18.tif,6341901,4.1921,5.9688,70.36,91.31,1.2978
slovenia,g6_00026_18.tif,6341905,4.1921,5.9688,58.9,67.43,1.1448
slovenia,g6_00026_18.tif,6341912,4.1921,5.9688,12.42,19.68,1.5845
slovenia,g6_00026_18.tif,6341914,4.1921,5.9688,20.69,20.96,1.013
slovenia,g6_00026_18.tif,6341917,4.1921,5.9688,78.63,91.07,1.1582
slovenia,g6_00026_18.tif,6342217,4.1921,5.9688,7.57,10.4,1.3738
slovenia,g6_00026_18.tif,6363524,4.1921,5.9688,77.38,82.98,1.0724
slovenia,g6_00026_18.tif,6363528,4.1921,5.9688,37.25,37.73,1.0129
slovenia,g6_00026_18.tif,6370536,4.1921,5.9688,28.97,39.57,1.3659
slovenia,g6_00026_18.tif,6374037,4.1921,5.9688,46.21,47.51,1.0281
slovenia,g6_00026_18.tif,6400392,4.1921,5.9688,32.88,44.05,1.3397
slovenia,g6_00026_18.tif,6400574,4.1921,5.9688,12.42,19.68,1.5845
slovenia,g6_00026_18.tif,6409798,4.1921,5.9688,40.44,44.05,1.0893
slovenia,g6_00026_18.tif,6409817,4.1921,5.9688,22.04,23.65,1.073
slovenia,g6_00026_18.tif,6409822,4.1921,5.9688,25.71,30.49,1.1859
slovenia,g6_00026_18.tif,6410071,4.1921,5.9688,14.37,16.39,1.1406
slovenia,g6_00026_18.tif,6410411,4.1921,5.9688,32.88,37.73,1.1475
slovenia,g6_00026_18.tif,6412748,4.1921,5.9688,20.69,31.62,1.5283
slovenia,g6_00026_18.tif,6414880,4.1921,5.9688,133.62,146.72,1.098
slovenia,g6_00026_18.tif,6414884,4.1921,5.9688,85.01,114.44,1.3462
slovenia,g6_00026_18.tif,6414901,4.1921,5.9688,73.95,85.1,1.1508
slovenia,g6_00026_18.tif,6430682,4.1921,5.9688,32.88,36.98,1.1247
slovenia,g6_00026_18.tif,6430683,4.1921,5.9688,44.13,54.16,1.2273
slovenia,g6_00026_18.tif,6453817,4.1921,5.9688,96.56,126.6,1.3111
slovenia,g6_00026_18.tif,6575091,4.1921,5.9688,12.42,16.39,1.3196
slovenia,g6_00026_18.tif,6575147,4.1921,5.9688,14.37,16.39,1.1406
slovenia,g6_00026_18.tif,6600415,4.1921,5.9688,28.97,35.35,1.2202
slovenia,g6_00026_18.tif,6600421,4.1921,5.9688,20.69,20.96,1.013
slovenia,g6_00026_18.tif,6616246,4.1921,5.9688,29.99,32.59,1.0867
slovenia,g6_00026_18.tif,6616508,4.1921,5.9688,22.04,23.65,1.073
slovenia,g6_00026_18.tif,6616534,4.1921,5.9688,37.25,39.4,1.0577
slovenia,g6_00026_18.tif,6621468,4.1921,5.9688,70.36,79.37,1.1281
slovenia,g6_00026_18.tif,6670704,4.1921,5.9688,37.25,37.73,1.0129
slovenia,g6_00026_18.tif,6681404,4.1921,5.9688,22.04,30.49,1.3834
slovenia,g6_00026_18.tif,6681845,4.1921,5.9688,32.88,46.42,1.4118
slovenia,g6_00026_18.tif,6681847,4.1921,5.9688,25.71,35.35,1.375
slovenia,g6_00026_18.tif,6699252,4.1921,5.9688,77.38,79.65,1.0293
slovenia,g6_00026_18.tif,6699256,4.1921,5.9688,32.88,46.42,1.4118
slovenia,g6_00026_18.tif,6702430,4.1921,5.9688,19.27,20.96,1.0877
slovenia,g6_00026_18.tif,6705302,4.1921,5.9688,48.86,64.27,1.3154
slovenia,g6_00026_18.tif,6706456,4.1921,5.9688,12.42,16.39,1.3196
slovenia,g6_00026_18.tif,6707182,4.1921,5.9688,29.99,36.98,1.2331
slovenia,g6_00026_18.tif,6707196,4.1921,5.9688,14.37,19.68,1.3695
slovenia,g6_00026_18.tif,6715853,4.1921,5.9688,62.6,83.33,1.3312
slovenia,g6_00026_18.tif,6715862,4.1921,5.9688,70.36,80.5,1.1441
slovenia,g6_00026_18.tif,6715870,4.1921,5.9688,48.86,57.56,1.1781
slovenia,g6_00026_18.tif,6715885,4.1921,5.9688,7.57,10.4,1.3738
slovenia,g6_00026_18.tif,6715886,4.1921,5.9688,29.99,31.41,1.0473
slovenia,g6_00026_18.tif,6715891,4.1921,5.9688,29.99,39.57,1.3194
slovenia,g6_00026_18.tif,6715900,4.1921,5.9688,20.69,20.96,1.013
slovenia,g6_00026_18.tif,6715914,4.1921,5.9688,66.58,72.2,1.0844
slovenia,g6_00026_18.tif,6716239,4.1921,5.9688,30.98,36.98,1.1937
slovenia,g6_00026_18.tif,6758276,4.1921,5.9688,28.97,35.35,1.2202
slovenia,g6_00026_18.tif,6822392,4.1921,5.9688,4.14,7.75,1.872
slovenia,g6_00026_18.tif,6859361,4.1921,5.9688,37.25,37.73,1.0129
slovenia,g6_00026_18.tif,6894042,4.1921,5.9688,37.25,46.42,1.2462
slovenia,g6_00026_18.tif,6926852,4.1921,5.9688,62.08,62.88,1.0129
slovenia,g6_00026_18.tif,6935546,4.1921,5.9688,32.88,44.87,1.3647
slovenia,g6_00026_18.tif,6936735,4.1921,5.9688,25.71,30.49,1.1859
slovenia,g6_00026_18.tif,6953345,4.1921,5.9688,69.9,85.85,1.2282
slovenia,g6_00026_18.tif,6953412,4.1921,5.9688,32.88,44.87,1.3647
slovenia,g6_00026_18.tif,6953423,4.1921,5.9688,37.25,55.5,1.4899
slovenia,g6_00026_18.tif,6953452,4.1921,5.9688,12.42,19.68,1.5845
slovenia,g6_00026_18.tif,6953467,4.1921,5.9688,14.37,16.39,1.1406
slovenia,g6_00026_18.tif,6988791,4.1921,5.9688,62.08,67.0,1.0793
slovenia,g6_00026_18.tif,7061043,4.1921,5.9688,12.42,12.58,1.0129
slovenia,g6_00026_18.tif,7077279,4.1921,5.9688,12.42,12.58,1.0129
slovenia,g6_00027_0.tif,6091551,4.1921,5.9688,14.37,16.39,1.1406
slovenia,g6_00027_0.tif,6094975,4.1921,5.9688,29.99,31.41,1.0473
slovenia,g6_00027_0.tif,6095749,4.1921,5.9688,28.97,43.56,1.5036
slovenia,g6_00027_0.tif,6095766,4.1921,5.9688,28.97,39.57,1.3659
slovenia,g6_00027_0.tif,6296104,4.1921,5.9688,25.71,29.34,1.1412
slovenia,g6_00027_0.tif,6371240,4.1921,5.9688,12.42,19.68,1.5845
slovenia,g6_00027_0.tif,6371309,4.1921,5.9688,12.42,19.68,1.5845
slovenia,g6_00027_0.tif,6371321,4.1921,5.9688,7.57,10.4,1.3738
slovenia,g6_00027_0.tif,6395249,4.1921,5.9688,12.42,12.58,1.0129
slovenia,g6_00027_0.tif,6395255,4.1921,5.9688,48.86,55.7,1.14
slovenia,g6_00027_0.tif,6400392,4.1921,5.9688,20.69,30.49,1.4737
slovenia,g6_00027_0.tif,6400640,4.1921,5.9688,7.57,10.4,1.3738
slovenia,g6_00027_0.tif,6409850,4.1921,5.9688,28.97,31.41,1.0842
slovenia,g6_00027_0.tif,6409859,4.1921,5.9688,37.25,55.5,1.4899
slovenia,g6_00027_0.tif,6425681,4.1921,5.9688,14.37,19.68,1.3695
slovenia,g6_00027_0.tif,6469358,4.1921,5.9688,25.71,30.49,1.1859
slovenia,g6_00027_0.tif,6469359,4.1921,5.9688,4.14,7.75,1.872
slovenia,g6_00027_0.tif,6469360,4.1921,5.9688,20.69,24.98,1.2073
slovenia,g6_00027_0.tif,6509323,4.1921,5.9688,32.88,39.4,1.1983
slovenia,g6_00027_0.tif,6509333,4.1921,5.9688,19.27,24.98,1.2963
slovenia,g6_00027_0.tif,6600415,4.1921,5.9688,30.98,39.57,1.2773
slovenia,g6_00027_0.tif,6616251,4.1921,5.9688,12.42,16.39,1.3196
slovenia,g6_00027_0.tif,6624743,4.1921,5.9688,12.42,12.58,1.0129
slovenia,g6_00027_0.tif,6638511,4.1921,5.9688,14.37,19.68,1.3695
slovenia,g6_00027_0.tif,6638512,4.1921,5.9688,62.6,71.84,1.1476
slovenia,g6_00027_0.tif,6638513,4.1921,5.9688,29.99,44.29,1.4768
slovenia,g6_00027_0.tif,6638517,4.1921,5.9688,20.69,31.62,1.5283
slovenia,g6_00027_0.tif,6638521,4.1921,5.9688,45.53,64.27,1.4116
slovenia,g6_00027_0.tif,6638526,4.1921,5.9688,12.42,12.58,1.0129
slovenia,g6_00027_0.tif,6638909,4.1921,5.9688,4.14,7.75,1.872
slovenia,g6_00027_0.tif,6640413,4.1921,5.9688,25.71,29.34,1.1412
slovenia,g6_00027_0.tif,6643191,4.1921,5.9688,28.97,39.57,1.3659
slovenia,g6_00027_0.tif,6643193,4.1921,5.9688,82.28,111.14,1.3508
slovenia,g6_00027_0.tif,6643197,4.1921,5.9688,37.25,54.16,1.454
slovenia,g6_00027_0.tif,6643510,4.1921,5.9688,12.42,12.58,1.0129
slovenia,g6_00027_0.tif,6643587,4.1921,5.9688,12.42,19.68,1.5845
slovenia,g6_00027_0.tif,6649780,4.1921,5.9688,12.42,12.58,1.0129
slovenia,g6_00027_0.tif,6649782,4.1921,5.9688,22.04,30.49,1.3834
slovenia,g6_00027_0.tif,6649783,4.1921,5.9688,22.04,30.49,1.3834
slovenia,g6_00027_0.tif,6649856,4.1921,5.9688,12.42,16.39,1.3196
slovenia,g6_00027_0.tif,6653855,4.1921,5.9688,48.86,67.43,1.3801
slovenia,g6_00027_0.tif,6663322,4.1921,5.9688,12.42,19.68,1.5845
slovenia,g6_00027_0.tif,6663324,4.1921,5.9688,7.57,10.4,1.3738
slovenia,g6_00027_0.tif,6670690,4.1921,5.9688,7.57,10.4,1.3738
slovenia,g6_00027_0.tif,6675372,4.1921,5.9688,12.42,19.68,1.5845
slovenia,g6_00027_0.tif,6685749,4.1921,5.9688,20.69,20.96,1.013
slovenia,g6_00027_0.tif,6685752,4.1921,5.9688,12.42,12.58,1.0129
slovenia,g6_00027_0.tif,6705316,4.1921,5.9688,12.42,12.58,1.0129
slovenia,g6_00027_0.tif,6705317,4.1921,5.9688,12.42,12.58,1.0129
slovenia,g6_00027_0.tif,6707995,4.1921,5.9688,14.37,16.39,1.1406
slovenia,g6_00027_0.tif,6716978,4.1921,5.9688,7.57,10.4,1.3738
slovenia,g6_00027_0.tif,6717015,4.1921,5.9688,7.57,10.4,1.3738
slovenia,g6_00027_0.tif,6926859,4.1921,5.9688,37.25,49.78,1.3364
slovenia,g6_00027_0.tif,6926875,4.1921,5.9688,22.04,30.49,1.3834
slovenia,g6_00027_0.tif,6953520,4.1921,5.9688,69.9,91.68,1.3116
slovenia,g6_00027_0.tif,7014843,4.1921,5.9688,28.97,29.34,1.0128
slovenia,g6_00027_0.tif,7077273,4.1921,5.9688,12.42,12.58,1.0129
slovenia,g6_00027_1.tif,6094974,4.1647,5.9688,20.69,29.15,1.4089
slovenia,g6_00027_1.tif,6095753,4.1647,5.9688,28.97,43.59,1.5047
slovenia,g6_00027_1.tif,6095756,4.1647,5.9688,12.42,19.71,1.587
slovenia,g6_00027_1.tif,6102195,4.1647,5.9688,77.8,102.71,1.3202
slovenia,g6_00027_1.tif,6116249,4.1647,5.9688,12.42,16.33,1.3148
slovenia,g6_00027_1.tif,6116252,4.1647,5.9688,20.69,30.4,1.4693
slovenia,g6_00027_1.tif,6116253,4.1647,5.9688,28.97,29.15,1.0062
slovenia,g6_00027_1.tif,6116254,4.1647,5.9688,22.04,31.65,1.436
slovenia,g6_00027_1.tif,6116257,4.1647,5.9688,28.97,43.59,1.5047
slovenia,g6_00027_1.tif,6116258,4.1647,5.9688,19.27,20.82,1.0804
slovenia,g6_00027_1.tif,6116260,4.1647,5.9688,25.71,31.65,1.231
slovenia,g6_00027_1.tif,6116261,4.1647,5.9688,12.42,12.49,1.0056
slovenia,g6_00027_1.tif,6116262,4.1647,5.9688,12.42,19.71,1.587
slovenia,g6_00027_1.tif,6116337,4.1647,5.9688,4.14,4.16,1.0048
slovenia,g6_00027_1.tif,6243437,4.1647,5.9688,12.42,12.49,1.0056
slovenia,g6_00027_1.tif,6293793,4.1647,5.9688,37.25,37.48,1.0062
slovenia,g6_00027_1.tif,6296090,4.1647,5.9688,53.8,54.14,1.0063
slovenia,g6_00027_1.tif,6296104,4.1647,5.9688,30.98,36.82,1.1885
slovenia,g6_00027_1.tif,6296107,4.1647,5.9688,29.99,43.59,1.4535
slovenia,g6_00027_1.tif,6296115,4.1647,5.9688,51.39,71.7,1.3952
slovenia,g6_00027_1.tif,6296217,4.1647,5.9688,12.42,19.71,1.587
slovenia,g6_00027_1.tif,6395249,4.1647,5.9688,66.1,71.2,1.0772
slovenia,g6_00027_1.tif,6395253,4.1647,5.9688,58.9,62.47,1.0606
slovenia,g6_00027_1.tif,6395255,4.1647,5.9688,30.98,36.82,1.1885
slovenia,g6_00027_1.tif,6399723,4.1647,5.9688,12.42,12.49,1.0056
slovenia,g6_00027_1.tif,6409809,4.1647,5.9688,32.88,39.5,1.2013
slovenia,g6_00027_1.tif,6613260,4.1647,5.9688,53.8,79.13,1.4708
slovenia,g6_00027_1.tif,6613265,4.1647,5.9688,22.04,31.65,1.436
slovenia,g6_00027_1.tif,6613267,4.1647,5.9688,12.42,19.71,1.587
slovenia,g6_00027_1.tif,6613268,4.1647,5.9688,28.97,43.59,1.5047
slovenia,g6_00027_1.tif,6613275,4.1647,5.9688,25.71,29.15,1.1338
slovenia,g6_00027_1.tif,6613276,4.1647,5.9688,12.42,19.71,1.587
slovenia,g6_00027_1.tif,6613278,4.1647,5.9688,12.42,16.33,1.3148
slovenia,g6_00027_1.tif,6613279,4.1647,5.9688,7.57,10.39,1.3725
slovenia,g6_00027_1.tif,6638519,4.1647,5.9688,55.55,71.48,1.2868
slovenia,g6_00027_1.tif,6638521,4.1647,5.9688,12.42,12.49,1.0056
slovenia,g6_00027_1.tif,6638525,4.1647,5.9688,12.42,19.71,1.587
slovenia,g6_00027_1.tif,6638527,4.1647,5.9688,19.27,23.53,1.2211
slovenia,g6_00027_1.tif,6644551,4.1647,5.9688,37.25,43.84,1.1769
slovenia,g6_00027_1.tif,6644800,4.1647,5.9688,14.37,16.33,1.1364
slovenia,g6_00027_1.tif,6707995,4.1647,5.9688,37.25,39.16,1.0513
slovenia,g6_00027_1.tif,6862997,4.1647,5.9688,12.42,12.49,1.0056
slovenia,g6_00027_1.tif,6862998,4.1647,5.9688,114.37,120.78,1.056
slovenia,g6_00027_1.tif,6863000,4.1647,5.9688,104.73,151.03,1.4421
slovenia,g6_00027_1.tif,6863003,4.1647,5.9688,62.08,62.47,1.0063
slovenia,g6_00027_1.tif,6863004,4.1647,5.9688,28.97,31.23,1.078
slovenia,g6_00027_1.tif,6863005,4.1647,5.9688,66.1,85.8,1.298
slovenia,g6_00027_1.tif,7014835,4.1647,5.9688,64.12,91.34,1.4245
slovenia,g6_00027_1.tif,7014836,4.1647,5.9688,45.53,45.81,1.0061
slovenia,g6_00027_1.tif,7014843,4.1647,5.9688,19.27,23.53,1.2211
slovenia,g6_00027_1.tif,7014846,4.1647,5.9688,28.97,29.15,1.0062
slovenia,g6_00027_2.tif,6094065,4.1921,5.9688,20.69,31.62,1.5283
slovenia,g6_00027_2.tif,6094067,4.1921,5.9688,19.27,23.65,1.2273
slovenia,g6_00027_2.tif,6094069,4.1921,5.9688,20.69,31.62,1.5283
slovenia,g6_00027_2.tif,6095608,4.1921,5.9688,22.04,30.49,1.3834
slovenia,g6_00027_2.tif,6095612,4.1921,5.9688,20.69,20.96,1.013
slovenia,g6_00027_2.tif,6095613,4.1921,5.9688,12.42,12.58,1.0129
slovenia,g6_00027_2.tif,6095615,4.1921,5.9688,25.71,35.35,1.375
slovenia,g6_00027_2.tif,6102191,4.1921,5.9688,37.25,49.78,1.3364
slovenia,g6_00027_2.tif,6102194,4.1921,5.9688,29.99,39.57,1.3194
slovenia,g6_00027_2.tif,6102211,4.1921,5.9688,37.25,37.73,1.0129
slovenia,g6_00027_2.tif,6102519,4.1921,5.9688,7.57,10.4,1.3738
slovenia,g6_00027_2.tif,6102522,4.1921,5.9688,12.42,12.58,1.0129
slovenia,g6_00027_2.tif,6121756,4.1921,5.9688,12.42,12.58,1.0129
slovenia,g6_00027_2.tif,6121764,4.1921,5.9688,40.44,50.94,1.2596
slovenia,g6_00027_2.tif,6121961,4.1921,5.9688,14.37,16.39,1.1406
slovenia,g6_00027_2.tif,6165263,4.1921,5.9688,12.42,19.68,1.5845
slovenia,g6_00027_2.tif,6165266,4.1921,5.9688,25.71,29.34,1.1412
slovenia,g6_00027_2.tif,6165274,4.1921,5.9688,20.69,31.62,1.5283
slovenia,g6_00027_2.tif,6165284,4.1921,5.9688,12.42,19.68,1.5845
slovenia,g6_00027_2.tif,6165357,4.1921,5.9688,4.14,4.19,1.0121
slovenia,g6_00027_2.tif,6167140,4.1921,5.9688,12.42,16.39,1.3196
slovenia,g6_00027_2.tif,6167141,4.1921,5.9688,7.57,10.4,1.3738
slovenia,g6_00027_2.tif,6169138,4.1921,5.9688,12.42,19.68,1.5845
slovenia,g6_00027_2.tif,6212156,4.1921,5.9688,19.27,23.65,1.2273
slovenia,g6_00027_2.tif,6243444,4.1921,5.9688,7.57,10.4,1.3738
slovenia,g6_00027_2.tif,6243446,4.1921,5.9688,12.42,16.39,1.3196
slovenia,g6_00027_2.tif,6243453,4.1921,5.9688,12.42,16.39,1.3196
slovenia,g6_00027_2.tif,6370529,4.1921,5.9688,25.71,29.34,1.1412
slovenia,g6_00027_2.tif,6370530,4.1921,5.9688,22.04,23.65,1.073
slovenia,g6_00027_2.tif,6370531,4.1921,5.9688,7.57,10.4,1.3738
slovenia,g6_00027_2.tif,6370539,4.1921,5.9688,29.99,31.41,1.0473
slovenia,g6_00027_2.tif,6370546,4.1921,5.9688,42.68,46.11,1.0804
slovenia,g6_00027_2.tif,6370634,4.1921,5.9688,14.37,16.39,1.1406
slovenia,g6_00027_2.tif,6370653,4.1921,5.9688,4.14,4.19,1.0121
slovenia,g6_00027_2.tif,6396935,4.1921,5.9688,12.42,12.58,1.0129
slovenia,g6_00027_2.tif,6399723,4.1921,5.9688,12.42,12.58,1.0129
slovenia,g6_00027_2.tif,6399728,4.1921,5.9688,12.42,12.58,1.0129
slovenia,g6_00027_2.tif,6399744,4.1921,5.9688,14.37,16.39,1.1406
slovenia,g6_00027_2.tif,6401108,4.1921,5.9688,37.25,49.78,1.3364
slovenia,g6_00027_2.tif,6401117,4.1921,5.9688,7.57,10.4,1.3738
slovenia,g6_00027_2.tif,6401237,4.1921,5.9688,7.57,10.4,1.3738
slovenia,g6_00027_2.tif,6401248,4.1921,5.9688,7.57,10.4,1.3738
slovenia,g6_00027_2.tif,6406006,4.1921,5.9688,14.37,16.39,1.1406
slovenia,g6_00027_2.tif,6406007,4.1921,5.9688,19.27,20.96,1.0877
slovenia,g6_00027_2.tif,6406009,4.1921,5.9688,12.42,12.58,1.0129
slovenia,g6_00027_2.tif,6463972,4.1921,5.9688,12.42,12.58,1.0129
slovenia,g6_00027_2.tif,6463980,4.1921,5.9688,14.37,16.39,1.1406
slovenia,g6_00027_2.tif,6469356,4.1921,5.9688,14.37,21.11,1.469
slovenia,g6_00027_2.tif,6469357,4.1921,5.9688,4.14,7.75,1.872
slovenia,g6_00027_2.tif,6505457,4.1921,5.9688,7.57,10.4,1.3738
slovenia,g6_00027_2.tif,6505493,4.1921,5.9688,7.57,10.4,1.3738
slovenia,g6_00027_2.tif,6563156,4.1921,5.9688,12.42,12.58,1.0129
slovenia,g6_00027_2.tif,6613267,4.1921,5.9688,12.42,19.68,1.5845
slovenia,g6_00027_2.tif,6613281,4.1921,5.9688,14.37,16.39,1.1406
slovenia,g6_00027_2.tif,6939036,4.1921,5.9688,12.42,16.39,1.3196
slovenia,g6_00027_2.tif,6945219,4.1921,5.9688,7.57,10.4,1.3738
slovenia,g6_00027_2.tif,6945306,4.1921,5.9688,20.69,30.49,1.4737
slovenia,g6_00027_2.tif,6945462,4.1921,5.9688,12.42,12.58,1.0129
slovenia,g6_00027_2.tif,7025844,4.1921,5.9688,12.42,19.68,1.5845
slovenia,g6_00027_2.tif,7025845,4.1921,5.9688,12.42,16.39,1.3196
slovenia,g6_00029_17.tif,6102119,4.1931,6.0081,37.25,55.89,1.5004
slovenia,g6_00029_17.tif,6102131,4.1931,6.0081,44.13,57.7,1.3075
slovenia,g6_00029_17.tif,6102137,4.1931,6.0081,20.69,31.86,1.5399
slovenia,g6_00029_17.tif,6102234,4.1931,6.0081,20.69,30.6,1.479
slovenia,g6_00029_17.tif,6155085,4.1931,6.0081,7.57,10.46,1.3818
slovenia,g6_00029_17.tif,6205363,4.1931,6.0081,28.97,43.87,1.5143
slovenia,g6_00029_17.tif,6212478,4.1931,6.0081,32.88,44.6,1.3564
slovenia,g6_00029_17.tif,6212481,4.1931,6.0081,29.99,39.77,1.3261
slovenia,g6_00029_17.tif,6212482,4.1931,6.0081,32.88,46.71,1.4206
slovenia,g6_00029_17.tif,6212486,4.1931,6.0081,19.27,25.11,1.3031
slovenia,g6_00029_17.tif,6212487,4.1931,6.0081,37.25,39.43,1.0585
slovenia,g6_00029_17.tif,6212489,4.1931,6.0081,46.21,47.54,1.0288
slovenia,g6_00029_17.tif,6212532,4.1931,6.0081,12.42,16.44,1.3237
slovenia,g6_00029_17.tif,6224891,4.1931,6.0081,14.37,21.26,1.4795
slovenia,g6_00029_17.tif,6225102,4.1931,6.0081,19.27,21.26,1.1033
slovenia,g6_00029_17.tif,6225136,4.1931,6.0081,19.27,20.97,1.0882
slovenia,g6_00029_17.tif,6225250,4.1931,6.0081,20.69,30.6,1.479
slovenia,g6_00029_17.tif,6225320,4.1931,6.0081,4.14,7.82,1.8889
slovenia,g6_00029_17.tif,6248986,4.1931,6.0081,53.8,55.89,1.0388
slovenia,g6_00029_17.tif,6248987,4.1931,6.0081,20.69,31.86,1.5399
slovenia,g6_00029_17.tif,6248993,4.1931,6.0081,37.25,46.12,1.2381
slovenia,g6_00029_17.tif,6249062,4.1931,6.0081,25.71,29.35,1.1416
slovenia,g6_00029_17.tif,6265796,4.1931,6.0081,7.57,10.46,1.3818
slovenia,g6_00029_17.tif,6265869,4.1931,6.0081,22.04,30.6,1.3884
slovenia,g6_00029_17.tif,6265884,4.1931,6.0081,7.57,10.46,1.3818
slovenia,g6_00029_17.tif,6298192,4.1931,6.0081,29.99,37.07,1.2361
slovenia,g6_00029_17.tif,6298194,4.1931,6.0081,25.71,30.6,1.1902
slovenia,g6_00029_17.tif,6298195,4.1931,6.0081,14.37,21.26,1.4795
slovenia,g6_00029_17.tif,6298198,4.1931,6.0081,14.37,16.44,1.1441
slovenia,g6_00029_17.tif,6298199,4.1931,6.0081,12.42,16.44,1.3237
slovenia,g6_00029_17.tif,6298234,4.1931,6.0081,29.99,43.87,1.4628
slovenia,g6_00029_17.tif,6333421,4.1931,6.0081,12.42,16.44,1.3237
slovenia,g6_00029_17.tif,6333439,4.1931,6.0081,7.57,10.46,1.3818
slovenia,g6_00029_17.tif,6359097,4.1931,6.0081,20.69,23.69,1.145
slovenia,g6_00029_17.tif,6408129,4.1931,6.0081,55.55,71.68,1.2904
slovenia,g6_00029_17.tif,6408146,4.1931,6.0081,28.97,37.07,1.2796
slovenia,g6_00029_17.tif,6408148,4.1931,6.0081,25.71,35.57,1.3835
slovenia,g6_00029_17.tif,6408183,4.1931,6.0081,12.42,12.58,1.0129
slovenia,g6_00029_17.tif,6409811,4.1931,6.0081,44.13,46.12,1.0451
slovenia,g6_00029_17.tif,6412763,4.1931,6.0081,12.42,12.58,1.0129
slovenia,g6_00029_17.tif,6414888,4.1931,6.0081,74.39,98.97,1.3304
slovenia,g6_00029_17.tif,6416489,4.1931,6.0081,12.42,12.58,1.0129
slovenia,g6_00029_17.tif,6420875,4.1931,6.0081,45.53,46.12,1.013
slovenia,g6_00029_17.tif,6486817,4.1931,6.0081,19.27,25.11,1.3031
slovenia,g6_00029_17.tif,6491986,4.1931,6.0081,44.13,54.42,1.2332
slovenia,g6_00029_17.tif,6491989,4.1931,6.0081,25.71,35.57,1.3835
slovenia,g6_00029_17.tif,6491996,4.1931,6.0081,7.57,10.46,1.3818
slovenia,g6_00029_17.tif,6491998,4.1931,6.0081,14.37,21.26,1.4795
slovenia,g6_00029_17.tif,6621489,4.1931,6.0081,20.69,30.6,1.479
slovenia,g6_00029_17.tif,6621493,4.1931,6.0081,20.69,30.6,1.479
slovenia,g6_00029_17.tif,6621494,4.1931,6.0081,14.37,19.84,1.3807
slovenia,g6_00029_17.tif,6640844,4.1931,6.0081,69.9,75.02,1.0732
slovenia,g6_00029_17.tif,6640845,4.1931,6.0081,40.44,51.1,1.2636
slovenia,g6_00029_17.tif,6640860,4.1931,6.0081,19.27,25.11,1.3031
slovenia,g6_00029_17.tif,6640951,4.1931,6.0081,12.42,19.84,1.5974
slovenia,g6_00029_17.tif,6641026,4.1931,6.0081,7.57,10.46,1.3818
slovenia,g6_00029_17.tif,6661240,4.1931,6.0081,37.25,50.06,1.3439
slovenia,g6_00029_17.tif,6661243,4.1931,6.0081,7.57,10.46,1.3818
slovenia,g6_00029_17.tif,6661251,4.1931,6.0081,37.25,51.57,1.3844
slovenia,g6_00029_17.tif,6661252,4.1931,6.0081,54.39,59.24,1.0892
slovenia,g6_00029_17.tif,6661254,4.1931,6.0081,44.13,57.7,1.3075
slovenia,g6_00029_17.tif,6661256,4.1931,6.0081,19.27,20.97,1.0882
slovenia,g6_00029_17.tif,6661262,4.1931,6.0081,25.71,35.57,1.3835
slovenia,g6_00029_17.tif,6699956,4.1931,6.0081,55.55,69.07,1.2434
slovenia,g6_00029_17.tif,6699957,4.1931,6.0081,19.27,25.11,1.3031
slovenia,g6_00029_17.tif,6726219,4.1931,6.0081,79.05,116.26,1.4707
slovenia,g6_00029_17.tif,6726224,4.1931,6.0081,72.17,88.78,1.2302
slovenia,g6_00029_17.tif,6726227,4.1931,6.0081,20.69,31.86,1.5399
slovenia,g6_00029_17.tif,6726229,4.1931,6.0081,28.97,37.07,1.2796
slovenia,g6_00029_17.tif,6726231,4.1931,6.0081,37.25,54.51,1.4634
slovenia,g6_00029_17.tif,6726488,4.1931,6.0081,7.57,10.46,1.3818
slovenia,g6_00029_17.tif,6758266,4.1931,6.0081,14.37,19.84,1.3807
slovenia,g6_00029_17.tif,6781691,4.1931,6.0081,37.25,37.74,1.0132
slovenia,g6_00029_17.tif,6781695,4.1931,6.0081,20.69,30.6,1.479
slovenia,g6_00029_17.tif,6918318,4.1931,6.0081,20.69,31.86,1.5399
slovenia,g6_00029_17.tif,6918324,4.1931,6.0081,37.25,39.43,1.0585
slovenia,g6_00029_17.tif,6918335,4.1931,6.0081,54.39,60.94,1.1204
slovenia,g6_00029_17.tif,6918348,4.1931,6.0081,22.04,30.6,1.3884
slovenia,g6_00029_17.tif,7005028,4.1931,6.0081,37.25,50.06,1.3439
slovenia,g6_00029_17.tif,7045982,4.1931,6.0081,22.04,30.6,1.3884
slovenia,g6_00029_17.tif,7045984,4.1931,6.0081,69.9,78.34,1.1207
slovenia,g6_00029_17.tif,7045993,4.1931,6.0081,19.27,23.69,1.2294
slovenia,g6_00029_17.tif,7045994,4.1931,6.0081,19.27,23.69,1.2294
slovenia,g6_00029_17.tif,7045996,4.1931,6.0081,25.71,30.6,1.1902
slovenia,g6_00029_17.tif,7046464,4.1931,6.0081,29.99,37.07,1.2361
slovenia,g6_00029_18.tif,6084447,4.1931,6.0081,12.42,12.58,1.0129
slovenia,g6_00029_18.tif,6086052,4.1931,6.0081,37.25,55.89,1.5004
slovenia,g6_00029_18.tif,6086738,4.1931,6.0081,22.04,23.69,1.0749
slovenia,g6_00029_18.tif,6086741,4.1931,6.0081,28.97,29.35,1.0131
slovenia,g6_00029_18.tif,6086750,4.1931,6.0081,37.25,39.43,1.0585
slovenia,g6_00029_18.tif,6097740,4.1931,6.0081,78.63,91.13,1.159
slovenia,g6_00029_18.tif,6097748,4.1931,6.0081,19.27,25.11,1.3031
slovenia,g6_00029_18.tif,6097845,4.1931,6.0081,7.57,10.46,1.3818
slovenia,g6_00029_18.tif,6143569,4.1931,6.0081,7.57,10.46,1.3818
slovenia,g6_00029_18.tif,6143571,4.1931,6.0081,4.14,7.82,1.8889
slovenia,g6_00029_18.tif,6168454,4.1931,6.0081,20.69,30.6,1.479
slovenia,g6_00029_18.tif,6168483,4.1931,6.0081,20.69,20.97,1.0135
slovenia,g6_00029_18.tif,6168492,4.1931,6.0081,20.69,31.86,1.5399
slovenia,g6_00029_18.tif,6168522,4.1931,6.0081,7.57,10.46,1.3818
slovenia,g6_00029_18.tif,6194371,4.1931,6.0081,66.1,75.02,1.1349
slovenia,g6_00029_18.tif,6194381,4.1931,6.0081,20.69,20.97,1.0135
slovenia,g6_00029_18.tif,6194383,4.1931,6.0081,20.69,23.69,1.145
slovenia,g6_00029_18.tif,6194416,4.1931,6.0081,37.25,39.43,1.0585
slovenia,g6_00029_18.tif,6194429,4.1931,6.0081,4.14,4.19,1.0121
slovenia,g6_00029_18.tif,6196970,4.1931,6.0081,20.69,20.97,1.0135
slovenia,g6_00029_18.tif,6197169,4.1931,6.0081,40.44,44.14,1.0915
slovenia,g6_00029_18.tif,6197181,4.1931,6.0081,7.57,10.46,1.3818
slovenia,g6_00029_18.tif,6212484,4.1931,6.0081,22.04,23.69,1.0749
slovenia,g6_00029_18.tif,6212491,4.1931,6.0081,28.97,39.77,1.3728
slovenia,g6_00029_18.tif,6212493,4.1931,6.0081,28.97,29.35,1.0131
slovenia,g6_00029_18.tif,6265897,4.1931,6.0081,19.27,20.97,1.0882
slovenia,g6_00029_18.tif,6298198,4.1931,6.0081,12.42,12.58,1.0129
slovenia,g6_00029_18.tif,6359096,4.1931,6.0081,37.25,44.14,1.185
slovenia,g6_00029_18.tif,6359097,4.1931,6.0081,4.14,4.19,1.0121
slovenia,g6_00029_18.tif,6374038,4.1931,6.0081,25.71,29.35,1.1416
slovenia,g6_00029_18.tif,6374040,4.1931,6.0081,25.71,29.35,1.1416
slovenia,g6_00029_18.tif,6408081,4.1931,6.0081,12.42,12.58,1.0129
slovenia,g6_00029_18.tif,6408105,4.1931,6.0081,4.14,4.19,1.0121
slovenia,g6_00029_18.tif,6408140,4.1931,6.0081,46.21,64.62,1.3984
slovenia,g6_00029_18.tif,6408148,4.1931,6.0081,22.04,23.69,1.0749
slovenia,g6_00029_18.tif,6408149,4.1931,6.0081,28.97,29.35,1.0131
slovenia,g6_00029_18.tif,6408186,4.1931,6.0081,22.04,31.86,1.4456
slovenia,g6_00029_18.tif,6408506,4.1931,6.0081,7.57,10.46,1.3818
slovenia,g6_00029_18.tif,6408549,4.1931,6.0081,51.39,54.51,1.0607
slovenia,g6_00029_18.tif,6409806,4.1931,6.0081,12.42,19.84,1.5974
slovenia,g6_00029_18.tif,6410302,4.1931,6.0081,12.42,16.44,1.3237
slovenia,g6_00029_18.tif,6412757,4.1931,6.0081,53.8,63.96,1.1888
slovenia,g6_00029_18.tif,6412759,4.1931,6.0081,7.57,10.46,1.3818
slovenia,g6_00029_18.tif,6412763,4.1931,6.0081,37.25,37.74,1.0132
slovenia,g6_00029_18.tif,6412766,4.1931,6.0081,12.42,12.58,1.0129
slovenia,g6_00029_18.tif,6412802,4.1931,6.0081,12.42,12.58,1.0129
slovenia,g6_00029_18.tif,6412916,4.1931,6.0081,37.25,55.89,1.5004
slovenia,g6_00029_18.tif,6412917,4.1931,6.0081,7.57,10.46,1.3818
slovenia,g6_00029_18.tif,6414888,4.1931,6.0081,7.57,10.46,1.3818
slovenia,g6_00029_18.tif,6414917,4.1931,6.0081,20.69,30.6,1.479
slovenia,g6_00029_18.tif,6414925,4.1931,6.0081,19.27,20.97,1.0882
slovenia,g6_00029_18.tif,6416489,4.1931,6.0081,58.9,67.07,1.1387
slovenia,g6_00029_18.tif,6416492,4.1931,6.0081,12.42,12.58,1.0129
slovenia,g6_00029_18.tif,6418434,4.1931,6.0081,19.27,23.69,1.2294
slovenia,g6_00029_18.tif,6418442,4.1931,6.0081,12.42,19.84,1.5974
slovenia,g6_00029_18.tif,6418789,4.1931,6.0081,28.97,29.35,1.0131
slovenia,g6_00029_18.tif,6418790,4.1931,6.0081,62.08,63.96,1.0303
slovenia,g6_00029_18.tif,6420954,4.1931,6.0081,20.69,20.97,1.0135
slovenia,g6_00029_18.tif,6453804,4.1931,6.0081,7.57,10.46,1.3818
slovenia,g6_00029_18.tif,6453806,4.1931,6.0081,14.37,16.44,1.1441
slovenia,g6_00029_18.tif,6453809,4.1931,6.0081,20.69,30.6,1.479
slovenia,g6_00029_18.tif,6453851,4.1931,6.0081,19.27,25.11,1.3031
slovenia,g6_00029_18.tif,6454184,4.1931,6.0081,4.14,7.82,1.8889
slovenia,g6_00029_18.tif,6501399,4.1931,6.0081,44.13,55.73,1.2629
slovenia,g6_00029_18.tif,6621487,4.1931,6.0081,62.08,91.94,1.481
slovenia,g6_00029_18.tif,6640855,4.1931,6.0081,20.69,20.97,1.0135
slovenia,g6_00029_18.tif,6661260,4.1931,6.0081,22.04,29.35,1.3317
slovenia,g6_00029_18.tif,6681401,4.1931,6.0081,37.25,50.06,1.3439
slovenia,g6_00029_18.tif,6694131,4.1931,6.0081,25.71,29.35,1.1416
slovenia,g6_00029_18.tif,6694177,4.1931,6.0081,29.99,31.44,1.0483
slovenia,g6_00029_18.tif,6694456,4.1931,6.0081,14.37,16.44,1.1441
slovenia,g6_00029_18.tif,6702800,4.1931,6.0081,32.88,45.05,1.3701
slovenia,g6_00029_18.tif,6702829,4.1931,6.0081,14.37,16.44,1.1441
slovenia,g6_00029_18.tif,6702830,4.1931,6.0081,20.69,20.97,1.0135
slovenia,g6_00029_18.tif,6702912,4.1931,6.0081,4.14,7.82,1.8889
slovenia,g6_00029_18.tif,6705311,4.1931,6.0081,7.57,10.46,1.3818
slovenia,g6_00029_18.tif,6707186,4.1931,6.0081,14.37,16.44,1.1441
slovenia,g6_00029_18.tif,6707190,4.1931,6.0081,12.42,19.84,1.5974
slovenia,g6_00029_18.tif,6707251,4.1931,6.0081,12.42,12.58,1.0129
slovenia,g6_00029_18.tif,6707294,4.1931,6.0081,12.42,12.58,1.0129
slovenia,g6_00029_18.tif,6714336,4.1931,6.0081,7.57,10.46,1.3818
slovenia,g6_00029_18.tif,6715871,4.1931,6.0081,37.25,45.05,1.2094
slovenia,g6_00029_18.tif,6715872,4.1931,6.0081,42.68,51.1,1.1973
slovenia,g6_00029_18.tif,6715884,4.1931,6.0081,30.98,37.07,1.1966
slovenia,g6_00029_18.tif,6715888,4.1931,6.0081,7.57,10.46,1.3818
slovenia,g6_00029_18.tif,6715893,4.1931,6.0081,19.27,23.69,1.2294
slovenia,g6_00029_18.tif,6715894,4.1931,6.0081,7.57,10.46,1.3818
slovenia,g6_00029_18.tif,6715897,4.1931,6.0081,7.57,10.46,1.3818
slovenia,g6_00029_18.tif,6758266,4.1931,6.0081,12.42,12.58,1.0129
slovenia,g6_00029_18.tif,6905777,4.1931,6.0081,46.21,57.7,1.2486
slovenia,g6_00029_18.tif,6905783,4.1931,6.0081,20.69,20.97,1.0135
slovenia,g6_00029_18.tif,6953326,4.1931,6.0081,44.13,46.12,1.0451
slovenia,g6_00029_18.tif,6953331,4.1931,6.0081,88.4,91.13,1.0309
slovenia,g6_00029_18.tif,6953338,4.1931,6.0081,48.21,67.9,1.4084
slovenia,g6_00029_18.tif,6953370,4.1931,6.0081,37.25,44.14,1.185
slovenia,g6_00029_18.tif,6953416,4.1931,6.0081,44.13,60.94,1.3809
slovenia,g6_00029_18.tif,6953425,4.1931,6.0081,37.25,55.89,1.5004
slovenia,g6_00029_18.tif,6953438,4.1931,6.0081,29.99,43.87,1.4628
slovenia,g6_00029_18.tif,6953447,4.1931,6.0081,20.69,20.97,1.0135
slovenia,g6_00029_18.tif,6953490,4.1931,6.0081,25.71,32.82,1.2765
slovenia,g6_00029_18.tif,6954821,4.1931,6.0081,7.57,10.46,1.3818
slovenia,g6_00029_18.tif,7005041,4.1931,6.0081,12.42,19.84,1.5974
slovenia,g6_00030_0.tif,6084446,4.1931,6.0081,29.99,39.77,1.3261
slovenia,g6_00030_0.tif,6084447,4.1931,6.0081,25.71,29.35,1.1416
slovenia,g6_00030_0.tif,6084448,4.1931,6.0081,20.69,30.6,1.479
slovenia,g6_00030_0.tif,6086049,4.1931,6.0081,54.39,75.33,1.385
slovenia,g6_00030_0.tif,6086090,4.1931,6.0081,44.13,59.59,1.3503
slovenia,g6_00030_0.tif,6086731,4.1931,6.0081,37.25,50.06,1.3439
slovenia,g6_00030_0.tif,6091545,4.1931,6.0081,7.57,10.46,1.3818
slovenia,g6_00030_0.tif,6143036,4.1931,6.0081,20.69,30.6,1.479
slovenia,g6_00030_0.tif,6143038,4.1931,6.0081,4.14,7.82,1.8889
slovenia,g6_00030_0.tif,6143079,4.1931,6.0081,4.14,7.82,1.8889
slovenia,g6_00030_0.tif,6143115,4.1931,6.0081,4.14,7.82,1.8889
slovenia,g6_00030_0.tif,6143171,4.1931,6.0081,7.57,10.46,1.3818
slovenia,g6_00030_0.tif,6143571,4.1931,6.0081,14.37,21.26,1.4795
slovenia,g6_00030_0.tif,6143576,4.1931,6.0081,37.25,55.89,1.5004
slovenia,g6_00030_0.tif,6168449,4.1931,6.0081,12.42,16.44,1.3237
slovenia,g6_00030_0.tif,6251594,4.1931,6.0081,66.1,79.81,1.2074
slovenia,g6_00030_0.tif,6251600,4.1931,6.0081,14.37,16.44,1.1441
slovenia,g6_00030_0.tif,6359098,4.1931,6.0081,28.97,29.35,1.0131
slovenia,g6_00030_0.tif,6408142,4.1931,6.0081,54.39,62.9,1.1565
slovenia,g6_00030_0.tif,6409824,4.1931,6.0081,28.97,39.77,1.3728
slovenia,g6_00030_0.tif,6409826,4.1931,6.0081,30.98,44.14,1.4248
slovenia,g6_00030_0.tif,6409862,4.1931,6.0081,28.97,29.35,1.0131
slovenia,g6_00030_0.tif,6412761,4.1931,6.0081,28.97,43.87,1.5143
slovenia,g6_00030_0.tif,6430684,4.1931,6.0081,20.69,31.44,1.5196
slovenia,g6_00030_0.tif,6680023,4.1931,6.0081,12.42,12.58,1.0129
slovenia,g6_00030_0.tif,6680270,4.1931,6.0081,12.42,12.58,1.0129
slovenia,g6_00030_0.tif,6680362,4.1931,6.0081,12.42,12.58,1.0129
slovenia,g6_00030_0.tif,6681401,4.1931,6.0081,4.14,4.19,1.0121
slovenia,g6_00030_0.tif,6681403,4.1931,6.0081,19.27,23.69,1.2294
slovenia,g6_00030_0.tif,6681404,4.1931,6.0081,22.04,30.6,1.3884
slovenia,g6_00030_0.tif,6681405,4.1931,6.0081,22.04,23.69,1.0749
slovenia,g6_00030_0.tif,6681406,4.1931,6.0081,20.69,20.97,1.0135
slovenia,g6_00030_0.tif,6681841,4.1931,6.0081,20.69,23.69,1.145
slovenia,g6_00030_0.tif,6686373,4.1931,6.0081,48.21,51.57,1.0697
slovenia,g6_00030_0.tif,6686390,4.1931,6.0081,51.39,57.7,1.1228
slovenia,g6_00030_0.tif,6686392,4.1931,6.0081,20.69,25.11,1.2136
slovenia,g6_00030_0.tif,6686398,4.1931,6.0081,14.37,16.44,1.1441
slovenia,g6_00030_0.tif,6691917,4.1931,6.0081,12.42,12.58,1.0129
slovenia,g6_00030_0.tif,6691920,4.1931,6.0081,32.88,44.14,1.3425
slovenia,g6_00030_0.tif,6691938,4.1931,6.0081,14.37,16.44,1.1441
slovenia,g6_00030_0.tif,6694127,4.1931,6.0081,58.9,64.7,1.0985
slovenia,g6_00030_0.tif,6694140,4.1931,6.0081,48.21,64.62,1.3404
slovenia,g6_00030_0.tif,6694154,4.1931,6.0081,54.39,59.24,1.0892
slovenia,g6_00030_0.tif,6694174,4.1931,6.0081,20.69,20.97,1.0135
slovenia,g6_00030_0.tif,6699250,4.1931,6.0081,32.88,37.07,1.1274
slovenia,g6_00030_0.tif,6699263,4.1931,6.0081,20.69,20.97,1.0135
slovenia,g6_00030_0.tif,6699270,4.1931,6.0081,7.57,10.46,1.3818
slovenia,g6_00030_0.tif,6699943,4.1931,6.0081,7.57,10.46,1.3818
slovenia,g6_00030_0.tif,6699988,4.1931,6.0081,7.57,10.46,1.3818
slovenia,g6_00030_0.tif,6702430,4.1931,6.0081,7.57,10.46,1.3818
slovenia,g6_00030_0.tif,6702443,4.1931,6.0081,7.57,10.46,1.3818
slovenia,g6_00030_0.tif,6702444,4.1931,6.0081,12.42,12.58,1.0129
slovenia,g6_00030_0.tif,6702448,4.1931,6.0081,4.14,4.19,1.0121
slovenia,g6_00030_0.tif,6702815,4.1931,6.0081,28.97,31.44,1.0853
slovenia,g6_00030_0.tif,6702816,4.1931,6.0081,25.71,32.82,1.2765
slovenia,g6_00030_0.tif,6702817,4.1931,6.0081,28.97,31.86,1.0998
slovenia,g6_00030_0.tif,6702823,4.1931,6.0081,20.69,23.69,1.145
slovenia,g6_00030_0.tif,6702834,4.1931,6.0081,25.71,30.6,1.1902
slovenia,g6_00030_0.tif,6706456,4.1931,6.0081,7.57,10.46,1.3818
slovenia,g6_00030_0.tif,6707071,4.1931,6.0081,14.37,21.26,1.4795
slovenia,g6_00030_0.tif,6707072,4.1931,6.0081,12.42,16.44,1.3237
slovenia,g6_00030_0.tif,6707110,4.1931,6.0081,4.14,7.82,1.8889
slovenia,g6_00030_0.tif,6707196,4.1931,6.0081,19.27,25.11,1.3031
slovenia,g6_00030_0.tif,6715853,4.1931,6.0081,40.44,55.89,1.382
slovenia,g6_00030_0.tif,6715879,4.1931,6.0081,29.99,44.6,1.4872
slovenia,g6_00030_0.tif,6715884,4.1931,6.0081,37.25,46.12,1.2381
slovenia,g6_00030_0.tif,6715889,4.1931,6.0081,28.97,29.35,1.0131
slovenia,g6_00030_0.tif,6718646,4.1931,6.0081,7.57,10.46,1.3818
slovenia,g6_00030_0.tif,6718647,4.1931,6.0081,32.88,39.43,1.1992
slovenia,g6_00030_0.tif,6750763,4.1931,6.0081,51.39,68.39,1.3308
slovenia,g6_00030_0.tif,6758271,4.1931,6.0081,12.42,12.58,1.0129
slovenia,g6_00030_0.tif,6758276,4.1931,6.0081,4.14,7.82,1.8889
slovenia,g6_00030_0.tif,6791686,4.1931,6.0081,20.69,30.6,1.479
slovenia,g6_00030_0.tif,6894033,4.1931,6.0081,73.95,100.68,1.3615
slovenia,g6_00030_0.tif,6894044,4.1931,6.0081,46.21,51.57,1.116
slovenia,g6_00030_0.tif,6927190,4.1931,6.0081,12.42,19.84,1.5974
slovenia,g6_00030_0.tif,6953370,4.1931,6.0081,28.97,29.35,1.0131
slovenia,g6_00030_0.tif,6953393,4.1931,6.0081,79.05,83.04,1.0505
slovenia,g6_00030_0.tif,6953408,4.1931,6.0081,29.99,31.44,1.0483
slovenia,g6_00030_0.tif,6953418,4.1931,6.0081,32.88,37.74,1.1478
slovenia,g6_00030_0.tif,6953443,4.1931,6.0081,25.71,31.44,1.2229
slovenia,g6_00030_0.tif,6953444,4.1931,6.0081,29.99,37.07,1.2361
slovenia,g6_00030_0.tif,6953451,4.1931,6.0081,20.69,20.97,1.0135
slovenia,g6_00030_0.tif,6953453,4.1931,6.0081,37.25,37.74,1.0132
slovenia,g6_00030_0.tif,6953454,4.1931,6.0081,20.69,30.6,1.479
slovenia,g6_00030_0.tif,6953460,4.1931,6.0081,12.42,19.84,1.5974
slovenia,g6_00030_1.tif,6086060,4.1931,6.0081,29.99,31.44,1.0483
slovenia,g6_00030_1.tif,6091541,4.1931,6.0081,7.57,10.46,1.3818
slovenia,g6_00030_1.tif,6091546,4.1931,6.0081,37.25,51.57,1.3844
slovenia,g6_00030_1.tif,6091556,4.1931,6.0081,25.71,30.6,1.1902
slovenia,g6_00030_1.tif,6091563,4.1931,6.0081,22.04,25.11,1.1393
slovenia,g6_00030_1.tif,6360198,4.1931,6.0081,37.25,43.87,1.1777
slovenia,g6_00030_1.tif,6409814,4.1931,6.0081,37.25,46.12,1.2381
slovenia,g6_00030_1.tif,6502713,4.1931,6.0081,14.37,20.97,1.4593
slovenia,g6_00030_1.tif,6502722,4.1931,6.0081,37.25,44.14,1.185
slovenia,g6_00030_1.tif,6638528,4.1931,6.0081,45.53,64.62,1.4193
slovenia,g6_00030_1.tif,6681841,4.1931,6.0081,37.25,50.06,1.3439
slovenia,g6_00030_1.tif,6686388,4.1931,6.0081,37.25,39.43,1.0585
slovenia,g6_00030_1.tif,6691917,4.1931,6.0081,45.53,46.12,1.013
slovenia,g6_00030_1.tif,6691920,4.1931,6.0081,4.14,4.19,1.0121
slovenia,g6_00030_1.tif,6694123,4.1931,6.0081,48.21,51.57,1.0697
slovenia,g6_00030_1.tif,6694180,4.1931,6.0081,28.97,29.35,1.0131
slovenia,g6_00030_1.tif,6699255,4.1931,6.0081,40.44,58.19,1.4389
slovenia,g6_00030_1.tif,6702817,4.1931,6.0081,37.25,44.14,1.185
slovenia,g6_00030_1.tif,6717334,4.1931,6.0081,25.71,29.35,1.1416
slovenia,g6_00030_1.tif,6717335,4.1931,6.0081,12.42,16.44,1.3237
slovenia,g6_00030_1.tif,6753792,4.1931,6.0081,40.44,51.1,1.2636
slovenia,g6_00030_1.tif,6753794,4.1931,6.0081,29.99,37.74,1.2584
slovenia,g6_00030_1.tif,6753797,4.1931,6.0081,7.57,10.46,1.3818
slovenia,g6_00030_1.tif,6760066,4.1931,6.0081,20.69,31.44,1.5196
slovenia,g6_00030_1.tif,6879122,4.1931,6.0081,12.42,19.84,1.5974
slovenia,g6_00030_1.tif,6894044,4.1931,6.0081,45.53,54.51,1.1972
slovenia,g6_00030_1.tif,6953349,4.1931,6.0081,7.57,10.46,1.3818
slovenia,g6_00030_1.tif,7005985,4.1931,6.0081,20.69,31.86,1.5399
slovenia,g6_00030_1.tif,7005986,4.1931,6.0081,7.57,10.46,1.3818
slovenia,g6_00030_1.tif,7005987,4.1931,6.0081,19.27,25.11,1.3031
slovenia,g6_00030_2.tif,6343097,4.1657,6.0081,28.97,43.9,1.5154
slovenia,g6_00030_2.tif,6343105,4.1657,6.0081,29.99,36.92,1.2311
slovenia,g6_00030_2.tif,6343106,4.1657,6.0081,53.8,79.1,1.4703
slovenia,g6_00030_2.tif,6343107,4.1657,6.0081,37.25,55.92,1.5012
slovenia,g6_00030_2.tif,6498885,4.1657,6.0081,44.13,54.32,1.2309
slovenia,g6_00030_2.tif,6498886,4.1657,6.0081,19.27,25.08,1.3015
slovenia,g6_00030_2.tif,6498889,4.1657,6.0081,62.6,79.03,1.2625
slovenia,g6_00030_2.tif,6498891,4.1657,6.0081,12.42,19.87,1.5998
slovenia,g6_00030_2.tif,6498896,4.1657,6.0081,20.69,23.57,1.1392
slovenia,g6_00030_2.tif,6499008,4.1657,6.0081,7.57,10.46,1.3818
slovenia,g6_00030_2.tif,6499026,4.1657,6.0081,45.53,67.93,1.492
slovenia,g6_00030_2.tif,6500913,4.1657,6.0081,12.42,12.5,1.0064
slovenia,g6_00030_2.tif,6500921,4.1657,6.0081,53.8,54.15,1.0065
slovenia,g6_00030_2.tif,6500923,4.1657,6.0081,37.25,39.19,1.0521
slovenia,g6_00030_2.tif,6502707,4.1657,6.0081,7.57,10.46,1.3818
slovenia,g6_00030_2.tif,6502713,4.1657,6.0081,22.04,30.51,1.3843
slovenia,g6_00030_2.tif,6502714,4.1657,6.0081,30.98,39.7,1.2815
slovenia,g6_00030_2.tif,6502719,4.1657,6.0081,14.37,21.27,1.4802
slovenia,g6_00030_2.tif,6502722,4.1657,6.0081,25.71,29.16,1.1342
slovenia,g6_00030_2.tif,6502726,4.1657,6.0081,22.04,23.57,1.0694
slovenia,g6_00030_2.tif,6502739,4.1657,6.0081,12.42,19.87,1.5998
slovenia,g6_00030_2.tif,6502740,4.1657,6.0081,7.57,10.46,1.3818
slovenia,g6_00030_2.tif,6502742,4.1657,6.0081,22.04,29.16,1.323
slovenia,g6_00030_2.tif,6507001,4.1657,6.0081,12.42,19.87,1.5998
slovenia,g6_00030_2.tif,6600251,4.1657,6.0081,12.42,19.87,1.5998
slovenia,g6_00030_2.tif,6753792,4.1657,6.0081,12.42,12.5,1.0064
slovenia,g6_00030_2.tif,6814381,4.1657,6.0081,22.04,30.51,1.3843
slovenia,g6_00030_2.tif,6953349,4.1657,6.0081,48.21,62.49,1.2962
slovenia,g6_00030_2.tif,6953390,4.1657,6.0081,78.63,103.98,1.3224
slovenia,g6_00030_3.tif,6095618,4.1931,6.0081,14.37,16.44,1.1441
slovenia,g6_00030_3.tif,6095619,4.1931,6.0081,19.27,20.97,1.0882
slovenia,g6_00030_3.tif,6102198,4.1931,6.0081,28.97,43.87,1.5143
slovenia,g6_00030_3.tif,6102200,4.1931,6.0081,20.69,20.97,1.0135
slovenia,g6_00030_3.tif,6165790,4.1931,6.0081,12.42,19.84,1.5974
slovenia,g6_00030_3.tif,6256808,4.1931,6.0081,44.13,46.71,1.0585
slovenia,g6_00030_3.tif,6256811,4.1931,6.0081,22.04,30.6,1.3884
slovenia,g6_00030_3.tif,6256815,4.1931,6.0081,88.4,99.27,1.123
slovenia,g6_00030_3.tif,6256825,4.1931,6.0081,12.42,12.58,1.0129
slovenia,g6_00030_3.tif,6256896,4.1931,6.0081,12.42,19.84,1.5974
slovenia,g6_00030_3.tif,6341913,4.1931,6.0081,37.25,54.42,1.4609
slovenia,g6_00030_3.tif,6370066,4.1931,6.0081,12.42,12.58,1.0129
slovenia,g6_00030_3.tif,6370543,4.1931,6.0081,12.42,12.58,1.0129
slovenia,g6_00030_3.tif,6406018,4.1931,6.0081,12.42,12.58,1.0129
slovenia,g6_00030_3.tif,6424491,4.1931,6.0081,12.42,12.58,1.0129
slovenia,g6_00030_3.tif,6424492,4.1931,6.0081,4.14,4.19,1.0121
slovenia,g6_00030_3.tif,6463982,4.1931,6.0081,20.69,20.97,1.0135
slovenia,g6_00030_3.tif,6469356,4.1931,6.0081,7.57,10.46,1.3818
slovenia,g6_00030_3.tif,6469357,4.1931,6.0081,25.71,35.57,1.3835
slovenia,g6_00030_3.tif,6486562,4.1931,6.0081,45.53,54.51,1.1972
slovenia,g6_00030_3.tif,6502745,4.1931,6.0081,12.42,12.58,1.0129
slovenia,g6_00030_3.tif,6507017,4.1931,6.0081,7.57,10.46,1.3818
slovenia,g6_00030_3.tif,6597515,4.1931,6.0081,29.99,44.6,1.4872
slovenia,g6_00030_3.tif,6638599,4.1931,6.0081,12.42,16.44,1.3237
slovenia,g6_00030_3.tif,6644565,4.1931,6.0081,7.57,10.46,1.3818
slovenia,g6_00030_3.tif,6644566,4.1931,6.0081,7.57,10.46,1.3818
slovenia,g6_00030_3.tif,6699665,4.1931,6.0081,32.88,44.14,1.3425
slovenia,g6_00030_3.tif,6699672,4.1931,6.0081,12.42,19.84,1.5974
slovenia,g6_00030_3.tif,6699864,4.1931,6.0081,19.27,25.11,1.3031
slovenia,g6_00030_3.tif,6699930,4.1931,6.0081,12.42,16.44,1.3237
slovenia,g6_00030_3.tif,6700619,4.1931,6.0081,7.57,10.46,1.3818
slovenia,g6_00030_3.tif,6772531,4.1931,6.0081,12.42,12.58,1.0129
slovenia,g6_00030_3.tif,6912184,4.1931,6.0081,19.27,20.97,1.0882
slovenia,g6_00032_10.tif,6103343,4.1942,6.0081,7.57,10.46,1.3818
slovenia,g6_00032_10.tif,6103344,4.1942,6.0081,12.42,19.84,1.5974
slovenia,g6_00032_10.tif,6114823,4.1942,6.0081,7.57,10.46,1.3818
slovenia,g6_00032_10.tif,6114824,4.1942,6.0081,7.57,10.46,1.3818
slovenia,g6_00032_10.tif,6114830,4.1942,6.0081,12.42,12.58,1.0129
slovenia,g6_00032_11.tif,6103346,4.1942,6.0081,12.42,16.44,1.3237
slovenia,g6_00032_11.tif,6112353,4.1942,6.0081,14.37,21.26,1.4795
slovenia,g6_00032_11.tif,6112357,4.1942,6.0081,7.57,10.46,1.3818
slovenia,g6_00032_11.tif,6114822,4.1942,6.0081,19.27,20.97,1.0882
slovenia,g6_00032_11.tif,6114849,4.1942,6.0081,25.71,29.36,1.142
slovenia,g6_00032_11.tif,6114856,4.1942,6.0081,12.42,12.58,1.0129
slovenia,g6_00032_11.tif,6130823,4.1942,6.0081,12.42,12.58,1.0129
slovenia,g6_00032_11.tif,6130912,4.1942,6.0081,4.14,4.19,1.0121
slovenia,g6_00032_11.tif,6144269,4.1942,6.0081,20.69,25.11,1.2136
slovenia,g6_00032_11.tif,6219017,4.1942,6.0081,19.27,23.69,1.2294
slovenia,g6_00032_11.tif,6219018,4.1942,6.0081,14.37,20.97,1.4593
slovenia,g6_00032_11.tif,6566069,4.1942,6.0081,22.04,29.36,1.3321
slovenia,g6_00032_11.tif,6566070,4.1942,6.0081,19.27,20.97,1.0882
slovenia,g6_00032_11.tif,6566071,4.1942,6.0081,22.04,23.69,1.0749
slovenia,g6_00032_11.tif,6566087,4.1942,6.0081,12.42,12.58,1.0129
slovenia,g6_00032_11.tif,6566353,4.1942,6.0081,7.57,10.46,1.3818
slovenia,g6_00032_11.tif,6713829,4.1942,6.0081,28.97,29.36,1.0135
slovenia,g6_00032_11.tif,6780259,4.1942,6.0081,12.42,19.84,1.5974
slovenia,g6_00032_11.tif,6780261,4.1942,6.0081,12.42,19.84,1.5974
slovenia,g6_00032_11.tif,6780268,4.1942,6.0081,51.39,54.52,1.0609
slovenia,g6_00032_11.tif,6780568,4.1942,6.0081,14.37,21.26,1.4795
slovenia,g6_00032_11.tif,6780580,4.1942,6.0081,12.42,16.44,1.3237
slovenia,g6_00032_11.tif,6865058,4.1942,6.0081,12.42,12.58,1.0129
slovenia,g6_00032_11.tif,6934073,4.1942,6.0081,28.97,29.36,1.0135
slovenia,g6_00032_11.tif,6973439,4.1942,6.0081,22.04,30.6,1.3884
slovenia,g6_00032_11.tif,6973445,4.1942,6.0081,20.69,31.85,1.5394
slovenia,g6_00032_11.tif,6973468,4.1942,6.0081,20.69,25.11,1.2136
slovenia,g6_00032_11.tif,6973535,4.1942,6.0081,25.71,35.57,1.3835
slovenia,g6_00032_11.tif,6973575,4.1942,6.0081,7.57,10.46,1.3818
slovenia,g6_00032_11.tif,6973878,4.1942,6.0081,4.14,7.82,1.8889
slovenia,g6_00032_11.tif,7004274,4.1942,6.0081,20.69,21.26,1.0275
slovenia,g6_00032_11.tif,7073789,4.1942,6.0081,12.42,12.58,1.0129
slovenia,g6_00032_11.tif,7073790,4.1942,6.0081,28.97,29.36,1.0135
slovenia,g6_00032_11.tif,7073793,4.1942,6.0081,20.69,20.97,1.0135
slovenia,g6_00032_11.tif,7073794,4.1942,6.0081,12.42,19.84,1.5974
slovenia,g6_00032_11.tif,7073796,4.1942,6.0081,12.42,16.44,1.3237
slovenia,g6_00032_9.tif,6788962,4.1668,6.0081,14.37,21.27,1.4802
slovenia,g6_00034_6.tif,6092269,4.1952,6.0081,7.57,10.46,1.3818
slovenia,g6_00034_6.tif,6092277,4.1952,6.0081,19.27,25.12,1.3036
slovenia,g6_00034_6.tif,6094566,4.1952,6.0081,7.57,10.46,1.3818
slovenia,g6_00034_6.tif,6106888,4.1952,6.0081,12.42,12.59,1.0137
slovenia,g6_00034_6.tif,6106898,4.1952,6.0081,7.57,10.46,1.3818
slovenia,g6_00034_6.tif,6287195,4.1952,6.0081,14.37,20.98,1.46
slovenia,g6_00034_6.tif,6287197,4.1952,6.0081,7.57,10.46,1.3818
slovenia,g6_00034_6.tif,6287198,4.1952,6.0081,7.57,10.46,1.3818
slovenia,g6_00034_6.tif,6287204,4.1952,6.0081,7.57,10.46,1.3818
slovenia,g6_00034_6.tif,6350692,4.1952,6.0081,19.27,20.98,1.0887
slovenia,g6_00034_6.tif,6350694,4.1952,6.0081,7.57,10.46,1.3818
slovenia,g6_00034_6.tif,6350696,4.1952,6.0081,7.57,10.46,1.3818
slovenia,g6_00034_6.tif,6350698,4.1952,6.0081,7.57,10.46,1.3818
slovenia,g6_00034_6.tif,6350974,4.1952,6.0081,7.57,10.46,1.3818
slovenia,g6_00034_6.tif,6382218,4.1952,6.0081,12.42,16.44,1.3237
slovenia,g6_00034_6.tif,6426821,4.1952,6.0081,22.04,29.37,1.3326
slovenia,g6_00034_6.tif,6522243,4.1952,6.0081,7.57,10.46,1.3818
slovenia,g6_00034_6.tif,6522253,4.1952,6.0081,12.42,16.44,1.3237
slovenia,g6_00034_7.tif,6091075,4.1952,6.0081,12.42,16.44,1.3237
slovenia,g6_00034_7.tif,6091076,4.1952,6.0081,12.42,12.59,1.0137
slovenia,g6_00034_7.tif,6091079,4.1952,6.0081,14.37,16.44,1.1441
slovenia,g6_00034_7.tif,6092501,4.1952,6.0081,7.57,10.46,1.3818
slovenia,g6_00034_7.tif,6092508,4.1952,6.0081,25.71,31.45,1.2233
slovenia,g6_00034_7.tif,6092509,4.1952,6.0081,4.14,7.82,1.8889
slovenia,g6_00034_7.tif,6100702,4.1952,6.0081,7.57,10.46,1.3818
slovenia,g6_00034_7.tif,6198392,4.1952,6.0081,7.57,10.46,1.3818
slovenia,g6_00034_7.tif,6291881,4.1952,6.0081,12.42,19.84,1.5974
slovenia,g6_00034_7.tif,6291889,4.1952,6.0081,12.42,16.44,1.3237
slovenia,g6_00034_7.tif,6314049,4.1952,6.0081,38.07,47.56,1.2493
slovenia,g6_00034_7.tif,6332592,4.1952,6.0081,19.27,25.12,1.3036
slovenia,g6_00034_7.tif,6332594,4.1952,6.0081,7.57,10.46,1.3818
slovenia,g6_00034_7.tif,6418581,4.1952,6.0081,7.57,10.46,1.3818
slovenia,g6_00034_7.tif,6418582,4.1952,6.0081,7.57,10.46,1.3818
slovenia,g6_00034_7.tif,6452693,4.1952,6.0081,20.69,31.45,1.5201
slovenia,g6_00034_7.tif,6544280,4.1952,6.0081,7.57,10.46,1.3818
slovenia,g6_00034_7.tif,6627590,4.1952,6.0081,7.57,10.46,1.3818
slovenia,g6_00034_7.tif,6627597,4.1952,6.0081,14.37,16.44,1.1441
slovenia,g6_00034_7.tif,6627601,4.1952,6.0081,7.57,10.46,1.3818
slovenia,g6_00034_7.tif,6627606,4.1952,6.0081,29.99,39.77,1.3261
slovenia,g6_00034_7.tif,6629578,4.1952,6.0081,14.37,16.44,1.1441
slovenia,g6_00034_7.tif,6629579,4.1952,6.0081,7.57,10.46,1.3818
slovenia,g6_00034_7.tif,6641448,4.1952,6.0081,14.37,16.44,1.1441
slovenia,g6_00034_7.tif,6641449,4.1952,6.0081,7.57,10.46,1.3818
slovenia,g6_00034_7.tif,6819377,4.1952,6.0081,7.57,10.46,1.3818
slovenia,g6_00034_7.tif,6867383,4.1952,6.0081,14.37,21.26,1.4795
slovenia,g6_00034_7.tif,6929642,4.1952,6.0081,7.57,10.46,1.3818
slovenia,g6_00034_7.tif,6929643,4.1952,6.0081,29.99,32.82,1.0944
slovenia,g6_00034_7.tif,6929651,4.1952,6.0081,7.57,10.46,1.3818
slovenia,g6_00034_7.tif,7008831,4.1952,6.0081,12.42,16.44,1.3237
slovenia,g6_00034_7.tif,7008848,4.1952,6.0081,7.57,10.46,1.3818
slovenia,g6_00034_7.tif,7008870,4.1952,6.0081,19.27,25.12,1.3036
slovenia,g6_00035_10.tif,6125005,4.1678,6.0081,12.42,19.86,1.599
slovenia,g6_00035_10.tif,6519963,4.1678,6.0081,12.42,19.86,1.599
slovenia,g6_00035_10.tif,6519964,4.1678,6.0081,7.57,10.46,1.3818
slovenia,g6_00035_10.tif,6519966,4.1678,6.0081,12.42,19.86,1.599
slovenia,g6_00035_10.tif,6719032,4.1678,6.0081,48.86,55.41,1.1341
slovenia,g6_00035_10.tif,6744273,4.1678,6.0081,37.25,43.94,1.1796
slovenia,g6_00035_10.tif,6744279,4.1678,6.0081,22.04,25.08,1.1379
slovenia,g6_00035_11.tif,6340443,4.1952,6.0081,14.37,21.26,1.4795
slovenia,g6_00035_11.tif,6340535,4.1952,6.0081,7.57,10.46,1.3818
slovenia,g6_00035_11.tif,6788964,4.1952,6.0081,19.27,25.12,1.3036
slovenia,g6_00035_12.tif,6084420,4.1952,6.0081,12.42,19.84,1.5974
slovenia,g6_00035_12.tif,6084428,4.1952,6.0081,19.27,23.7,1.2299
slovenia,g6_00035_12.tif,6116267,4.1952,6.0081,19.27,20.98,1.0887
slovenia,g6_00035_12.tif,6116268,4.1952,6.0081,7.57,10.46,1.3818
slovenia,g6_00035_12.tif,6116273,4.1952,6.0081,14.37,20.98,1.46
slovenia,g6_00035_12.tif,6116275,4.1952,6.0081,14.37,21.26,1.4795
slovenia,g6_00035_12.tif,6116281,4.1952,6.0081,12.42,12.59,1.0137
slovenia,g6_00035_12.tif,6116309,4.1952,6.0081,7.57,10.46,1.3818
slovenia,g6_00035_12.tif,6116366,4.1952,6.0081,19.27,20.98,1.0887
slovenia,g6_00035_12.tif,6116384,4.1952,6.0081,20.69,23.7,1.1455
slovenia,g6_00035_12.tif,6140480,4.1952,6.0081,37.25,55.89,1.5004
slovenia,g6_00035_12.tif,6140481,4.1952,6.0081,12.42,19.84,1.5974
slovenia,g6_00035_12.tif,6140484,4.1952,6.0081,37.25,55.89,1.5004
slovenia,g6_00035_12.tif,6140497,4.1952,6.0081,19.27,23.7,1.2299
slovenia,g6_00035_12.tif,6140535,4.1952,6.0081,7.57,10.46,1.3818
slovenia,g6_00035_12.tif,6140579,4.1952,6.0081,4.14,7.82,1.8889
slovenia,g6_00035_12.tif,6189607,4.1952,6.0081,12.42,16.44,1.3237
slovenia,g6_00035_12.tif,6228535,4.1952,6.0081,12.42,12.59,1.0137
slovenia,g6_00035_12.tif,6269077,4.1952,6.0081,19.27,20.98,1.0887
slovenia,g6_00035_12.tif,6269243,4.1952,6.0081,12.42,12.59,1.0137
slovenia,g6_00035_12.tif,6269250,4.1952,6.0081,12.42,16.44,1.3237
slovenia,g6_00035_12.tif,6399611,4.1952,6.0081,12.42,12.59,1.0137
slovenia,g6_00035_12.tif,6523719,4.1952,6.0081,12.42,19.84,1.5974
slovenia,g6_00035_12.tif,6523720,4.1952,6.0081,12.42,19.84,1.5974
slovenia,g6_00035_12.tif,6523992,4.1952,6.0081,4.14,7.82,1.8889
slovenia,g6_00035_12.tif,6541082,4.1952,6.0081,20.69,31.45,1.5201
slovenia,g6_00035_12.tif,6541083,4.1952,6.0081,4.14,4.2,1.0145
slovenia,g6_00035_12.tif,6541084,4.1952,6.0081,12.42,16.44,1.3237
slovenia,g6_00035_12.tif,6598732,4.1952,6.0081,14.37,16.44,1.1441
slovenia,g6_00035_12.tif,6598768,4.1952,6.0081,7.57,10.46,1.3818
slovenia,g6_00035_12.tif,6598771,4.1952,6.0081,7.57,10.46,1.3818
slovenia,g6_00035_12.tif,6614924,4.1952,6.0081,14.37,19.84,1.3807
slovenia,g6_00035_12.tif,6615036,4.1952,6.0081,14.37,16.44,1.1441
slovenia,g6_00035_12.tif,6615069,4.1952,6.0081,14.37,19.84,1.3807
slovenia,g6_00035_12.tif,6635960,4.1952,6.0081,12.42,19.84,1.5974
slovenia,g6_00035_12.tif,6757987,4.1952,6.0081,12.42,16.44,1.3237
slovenia,g6_00035_12.tif,6757989,4.1952,6.0081,14.37,16.44,1.1441
slovenia,g6_00035_12.tif,6757991,4.1952,6.0081,7.57,10.46,1.3818
slovenia,g6_00035_12.tif,6758123,4.1952,6.0081,14.37,21.26,1.4795
slovenia,g6_00035_12.tif,6758174,4.1952,6.0081,7.57,10.46,1.3818
slovenia,g6_00035_12.tif,6758348,4.1952,6.0081,7.57,10.46,1.3818
slovenia,g6_00035_12.tif,6969246,4.1952,6.0081,12.42,12.59,1.0137
slovenia,g6_00035_12.tif,6969247,4.1952,6.0081,19.27,23.7,1.2299
slovenia,g6_00035_12.tif,6969252,4.1952,6.0081,19.27,20.98,1.0887
slovenia,g6_00035_12.tif,6969325,4.1952,6.0081,19.27,20.98,1.0887
slovenia,g6_00035_12.tif,6969343,4.1952,6.0081,12.42,12.59,1.0137
slovenia,g6_00035_12.tif,7006049,4.1952,6.0081,7.57,10.46,1.3818
slovenia,g6_00037_7.tif,6198406,4.1962,6.008,14.37,19.84,1.3807
slovenia,g6_00037_8.tif,6091065,4.1962,6.008,7.57,10.46,1.3818
slovenia,g6_00038_11.tif,6145510,4.1688,6.008,4.14,7.85,1.8961
slovenia,g6_00038_11.tif,6719326,4.1688,6.008,20.69,31.88,1.5408
slovenia,g6_00038_13.tif,6116267,4.1962,6.008,22.04,23.7,1.0753
slovenia,g6_00038_13.tif,6116268,4.1962,6.008,7.57,10.46,1.3818
slovenia,g6_00038_13.tif,6116281,4.1962,6.008,7.57,10.46,1.3818
slovenia,g6_00038_13.tif,6116366,4.1962,6.008,12.42,16.45,1.3245
slovenia,g6_00038_13.tif,6116384,4.1962,6.008,12.42,19.84,1.5974
slovenia,g6_00038_13.tif,6140481,4.1962,6.008,20.69,31.85,1.5394
slovenia,g6_00038_13.tif,6140488,4.1962,6.008,30.98,37.09,1.1972
slovenia,g6_00038_13.tif,6140490,4.1962,6.008,14.37,21.26,1.4795
slovenia,g6_00038_13.tif,6140491,4.1962,6.008,12.42,16.45,1.3245
slovenia,g6_00038_13.tif,6140496,4.1962,6.008,12.42,16.45,1.3245
slovenia,g6_00038_13.tif,6140498,4.1962,6.008,12.42,19.84,1.5974
slovenia,g6_00038_13.tif,6175364,4.1962,6.008,4.14,4.2,1.0145
slovenia,g6_00038_13.tif,6244662,4.1962,6.008,20.69,31.85,1.5394
slovenia,g6_00038_13.tif,6269077,4.1962,6.008,20.69,20.98,1.014
slovenia,g6_00038_13.tif,6360692,4.1962,6.008,20.69,20.98,1.014
slovenia,g6_00038_13.tif,6360696,4.1962,6.008,20.69,30.61,1.4795
slovenia,g6_00038_13.tif,6360698,4.1962,6.008,19.27,21.26,1.1033
slovenia,g6_00038_13.tif,6364420,4.1962,6.008,77.38,87.14,1.1261
slovenia,g6_00038_13.tif,6364438,4.1962,6.008,29.99,37.09,1.2367
slovenia,g6_00038_13.tif,6364446,4.1962,6.008,12.42,19.84,1.5974
slovenia,g6_00038_13.tif,6364457,4.1962,6.008,12.42,16.45,1.3245
slovenia,g6_00038_13.tif,6364596,4.1962,6.008,14.37,20.98,1.46
slovenia,g6_00038_13.tif,6431719,4.1962,6.008,14.37,16.45,1.1447
slovenia,g6_00038_13.tif,6431774,4.1962,6.008,14.37,21.26,1.4795
slovenia,g6_00038_13.tif,6598732,4.1962,6.008,14.37,16.45,1.1447
slovenia,g6_00038_13.tif,6635573,4.1962,6.008,12.42,19.84,1.5974
slovenia,g6_00038_13.tif,6678624,4.1962,6.008,38.07,39.45,1.0362
slovenia,g6_00038_13.tif,6678639,4.1962,6.008,4.14,4.2,1.0145
slovenia,g6_00038_13.tif,6678641,4.1962,6.008,4.14,4.2,1.0145
slovenia,g6_00038_13.tif,6678649,4.1962,6.008,4.14,4.2,1.0145
slovenia,g6_00038_13.tif,6691815,4.1962,6.008,20.69,30.61,1.4795
slovenia,g6_00038_13.tif,6691819,4.1962,6.008,12.42,16.45,1.3245
slovenia,g6_00038_13.tif,6691918,4.1962,6.008,12.42,19.84,1.5974
slovenia,g6_00038_13.tif,6693987,4.1962,6.008,48.21,57.73,1.1975
slovenia,g6_00038_13.tif,6718225,4.1962,6.008,103.47,140.0,1.353
slovenia,g6_00038_13.tif,6718271,4.1962,6.008,12.42,12.59,1.0137
slovenia,g6_00038_13.tif,6718286,4.1962,6.008,7.57,10.46,1.3818
slovenia,g6_00038_13.tif,6718374,4.1962,6.008,7.57,10.46,1.3818
slovenia,g6_00038_13.tif,6767241,4.1962,6.008,12.42,12.59,1.0137
slovenia,g6_00038_13.tif,6767369,4.1962,6.008,12.42,12.59,1.0137
slovenia,g6_00038_13.tif,6969246,4.1962,6.008,12.42,12.59,1.0137
slovenia,g6_00038_13.tif,6969252,4.1962,6.008,19.27,23.7,1.2299
slovenia,g6_00038_13.tif,7006049,4.1962,6.008,4.14,7.82,1.8889
slovenia,g6_00038_13.tif,7032951,4.1962,6.008,32.88,45.06,1.3704
slovenia,g6_00038_13.tif,7032952,4.1962,6.008,37.25,50.06,1.3439
slovenia,g6_00039_14.tif,6361165,4.1973,6.008,7.57,10.46,1.3818
slovenia,g6_00039_14.tif,6361166,4.1973,6.008,7.57,10.46,1.3818
slovenia,g6_00039_14.tif,6522770,4.1973,6.008,37.25,37.78,1.0142
slovenia,g6_00039_14.tif,6609039,4.1973,6.008,7.57,10.46,1.3818
slovenia,g6_00039_14.tif,6723891,4.1973,6.008,20.69,30.61,1.4795
slovenia,g6_00039_14.tif,6723893,4.1973,6.008,25.71,30.61,1.1906
slovenia,g6_00039_14.tif,6723913,4.1973,6.008,7.57,10.46,1.3818
slovenia,g6_00039_14.tif,6838980,4.1973,6.008,7.57,10.46,1.3818
slovenia,g6_00039_14.tif,6869902,4.1973,6.008,7.57,10.46,1.3818
slovenia,g6_00039_14.tif,6960460,4.1973,6.008,29.99,37.09,1.2367
slovenia,g6_00039_14.tif,6960462,4.1973,6.008,12.42,12.59,1.0137
slovenia,g6_00039_14.tif,6960464,4.1973,6.008,4.14,7.82,1.8889
slovenia,g6_00039_15.tif,6161108,4.1973,6.008,44.13,51.61,1.1695
slovenia,g6_00039_15.tif,6161111,4.1973,6.008,37.25,45.07,1.2099
slovenia,g6_00039_15.tif,6161115,4.1973,6.008,32.88,39.46,1.2001
slovenia,g6_00039_15.tif,6294798,4.1973,6.008,7.57,10.46,1.3818
slovenia,g6_00039_15.tif,6294800,4.1973,6.008,12.42,12.59,1.0137
slovenia,g6_00039_15.tif,6483319,4.1973,6.008,7.57,10.46,1.3818
slovenia,g6_00039_15.tif,6483357,4.1973,6.008,7.57,10.46,1.3818
slovenia,g6_00039_15.tif,6540429,4.1973,6.008,12.42,12.59,1.0137
slovenia,g6_00039_15.tif,6540432,4.1973,6.008,12.42,12.59,1.0137
slovenia,g6_00039_15.tif,6599322,4.1973,6.008,29.99,37.78,1.2598
slovenia,g6_00039_15.tif,6599325,4.1973,6.008,7.57,10.46,1.3818
slovenia,g6_00039_15.tif,6609039,4.1973,6.008,7.57,10.46,1.3818
slovenia,g6_00039_15.tif,6656784,4.1973,6.008,14.37,16.45,1.1447
slovenia,g6_00039_15.tif,6656808,4.1973,6.008,7.57,10.46,1.3818
slovenia,g6_00039_15.tif,6705780,4.1973,6.008,7.57,10.46,1.3818
slovenia,g6_00039_15.tif,6716617,4.1973,6.008,12.42,12.59,1.0137
slovenia,g6_00039_15.tif,6716619,4.1973,6.008,28.97,31.85,1.0994
slovenia,g6_00039_15.tif,6716646,4.1973,6.008,14.37,20.99,1.4607
slovenia,g6_00039_15.tif,6838988,4.1973,6.008,12.42,12.59,1.0137
slovenia,g6_00039_15.tif,6838990,4.1973,6.008,12.42,12.59,1.0137
slovenia,g6_00039_15.tif,6868244,4.1973,6.008,44.13,60.95,1.3811
slovenia,g6_00039_15.tif,6868261,4.1973,6.008,29.99,31.47,1.0493
slovenia,g6_00039_15.tif,6897760,4.1973,6.008,20.69,20.99,1.0145
slovenia,g6_00039_15.tif,6897779,4.1973,6.008,12.42,16.45,1.3245
slovenia,g6_00041_16.tif,6085836,4.1973,6.008,7.57,10.46,1.3818
slovenia,g6_00041_16.tif,6085838,4.1973,6.008,14.37,16.45,1.1447
slovenia,g6_00041_16.tif,6085843,4.1973,6.008,12.42,12.59,1.0137
slovenia,g6_00041_16.tif,6114079,4.1973,6.008,12.42,19.83,1.5966
slovenia,g6_00041_16.tif,6114081,4.1973,6.008,7.57,10.46,1.3818
slovenia,g6_00041_16.tif,6128660,4.1973,6.008,12.42,16.45,1.3245
slovenia,g6_00041_16.tif,6296180,4.1973,6.008,12.42,19.83,1.5966
slovenia,g6_00041_16.tif,6296200,4.1973,6.008,12.42,19.83,1.5966
slovenia,g6_00041_16.tif,6296208,4.1973,6.008,4.14,7.82,1.8889
slovenia,g6_00041_16.tif,6403368,4.1973,6.008,20.69,20.99,1.0145
slovenia,g6_00041_16.tif,6403370,4.1973,6.008,14.37,16.45,1.1447
slovenia,g6_00041_16.tif,6403454,4.1973,6.008,20.69,29.38,1.42
slovenia,g6_00041_16.tif,6589550,4.1973,6.008,14.37,21.26,1.4795
slovenia,g6_00041_16.tif,6589609,4.1973,6.008,12.42,16.45,1.3245
slovenia,g6_00041_16.tif,6589811,4.1973,6.008,4.14,7.82,1.8889
slovenia,g6_00041_16.tif,6748353,4.1973,6.008,4.14,7.82,1.8889
slovenia,g6_00041_16.tif,6748354,4.1973,6.008,14.37,16.45,1.1447
slovenia,g6_00041_16.tif,6768170,4.1973,6.008,14.37,16.45,1.1447
slovenia,g6_00041_16.tif,6768171,4.1973,6.008,12.42,12.59,1.0137
slovenia,g6_00041_16.tif,6768172,4.1973,6.008,25.71,35.57,1.3835
slovenia,g6_00041_16.tif,6768182,4.1973,6.008,28.97,31.47,1.0863
slovenia,g6_00041_16.tif,6983642,4.1973,6.008,30.98,37.09,1.1972
slovenia,g6_00041_16.tif,6983644,4.1973,6.008,12.42,12.59,1.0137
slovenia,g6_00041_16.tif,6983648,4.1973,6.008,19.27,20.99,1.0893
slovenia,g6_00041_16.tif,7045592,4.1973,6.008,28.97,43.87,1.5143
slovenia,g6_00041_16.tif,7045600,4.1973,6.008,20.69,31.85,1.5394
slovenia,g6_00041_16.tif,7045603,4.1973,6.008,22.04,32.82,1.4891
slovenia,g6_00041_16.tif,7045717,4.1973,6.008,20.69,20.99,1.0145
slovenia,g6_00041_16.tif,7045750,4.1973,6.008,12.42,12.59,1.0137
slovenia,g6_00041_17.tif,6088426,4.1973,6.008,14.37,16.45,1.1447
slovenia,g6_00041_17.tif,6088433,4.1973,6.008,12.42,16.45,1.3245
slovenia,g6_00041_17.tif,6088437,4.1973,6.008,14.37,16.45,1.1447
slovenia,g6_00041_17.tif,6114076,4.1973,6.008,12.42,12.59,1.0137
slovenia,g6_00041_17.tif,6114081,4.1973,6.008,7.57,10.46,1.3818
slovenia,g6_00041_17.tif,6114097,4.1973,6.008,12.42,12.59,1.0137
slovenia,g6_00041_17.tif,6128673,4.1973,6.008,12.42,12.59,1.0137
slovenia,g6_00041_17.tif,6129178,4.1973,6.008,7.57,10.46,1.3818
slovenia,g6_00041_17.tif,6129183,4.1973,6.008,7.57,10.46,1.3818
slovenia,g6_00041_17.tif,6129210,4.1973,6.008,12.42,16.45,1.3245
slovenia,g6_00041_17.tif,6139295,4.1973,6.008,19.27,20.99,1.0893
slovenia,g6_00041_17.tif,6139304,4.1973,6.008,19.27,20.99,1.0893
slovenia,g6_00041_17.tif,6139318,4.1973,6.008,32.88,37.78,1.149
slovenia,g6_00041_17.tif,6139349,4.1973,6.008,28.97,29.38,1.0142
slovenia,g6_00041_17.tif,6196758,4.1973,6.008,12.42,12.59,1.0137
slovenia,g6_00041_17.tif,6196860,4.1973,6.008,7.57,10.46,1.3818
slovenia,g6_00041_17.tif,6197093,4.1973,6.008,7.57,10.46,1.3818
slovenia,g6_00041_17.tif,6227315,4.1973,6.008,28.97,29.38,1.0142
slovenia,g6_00041_17.tif,6243304,4.1973,6.008,12.42,12.59,1.0137
slovenia,g6_00041_17.tif,6243307,4.1973,6.008,12.42,12.59,1.0137
slovenia,g6_00041_17.tif,6243308,4.1973,6.008,22.04,23.71,1.0758
slovenia,g6_00041_17.tif,6243383,4.1973,6.008,25.71,29.38,1.1427
slovenia,g6_00041_17.tif,6252688,4.1973,6.008,7.57,10.46,1.3818
slovenia,g6_00041_17.tif,6252728,4.1973,6.008,4.14,4.2,1.0145
slovenia,g6_00041_17.tif,6260720,4.1973,6.008,7.57,10.46,1.3818
slovenia,g6_00041_17.tif,6304740,4.1973,6.008,14.37,16.45,1.1447
slovenia,g6_00041_17.tif,6304743,4.1973,6.008,19.27,20.99,1.0893
slovenia,g6_00041_17.tif,6304840,4.1973,6.008,12.42,12.59,1.0137
slovenia,g6_00041_17.tif,6568718,4.1973,6.008,12.42,12.59,1.0137
slovenia,g6_00041_17.tif,6718423,4.1973,6.008,14.37,16.45,1.1447
slovenia,g6_00041_17.tif,6748353,4.1973,6.008,4.14,4.2,1.0145
slovenia,g6_00041_17.tif,6748354,4.1973,6.008,7.57,10.46,1.3818
slovenia,g6_00041_17.tif,6768178,4.1973,6.008,20.69,20.99,1.0145
slovenia,g6_00041_17.tif,6773373,4.1973,6.008,7.57,10.46,1.3818
slovenia,g6_00041_17.tif,6773382,4.1973,6.008,12.42,12.59,1.0137
slovenia,g6_00041_17.tif,6773383,4.1973,6.008,12.42,12.59,1.0137
slovenia,g6_00041_17.tif,6773601,4.1973,6.008,4.14,4.2,1.0145
slovenia,g6_00041_17.tif,6808499,4.1973,6.008,7.57,10.46,1.3818
slovenia,g6_00041_17.tif,6808517,4.1973,6.008,20.69,30.61,1.4795
slovenia,g6_00041_17.tif,6808629,4.1973,6.008,14.37,16.45,1.1447
slovenia,g6_00041_17.tif,6808725,4.1973,6.008,12.42,12.59,1.0137
slovenia,g6_00041_17.tif,6824848,4.1973,6.008,4.14,4.2,1.0145
slovenia,g6_00041_17.tif,6943905,4.1973,6.008,19.27,20.99,1.0893
slovenia,g6_00041_17.tif,6952611,4.1973,6.008,19.27,20.99,1.0893
slovenia,g6_00041_17.tif,6952642,4.1973,6.008,7.57,10.46,1.3818
slovenia,g6_00041_17.tif,6995942,4.1973,6.008,7.57,10.46,1.3818
slovenia,g6_00041_17.tif,6995949,4.1973,6.008,19.27,20.99,1.0893
slovenia,g6_00041_17.tif,6996298,4.1973,6.008,14.37,16.45,1.1447
slovenia,g6_00041_17.tif,6996317,4.1973,6.008,14.37,16.45,1.1447
slovenia,g6_00041_17.tif,7045592,4.1973,6.008,29.99,43.87,1.4628
slovenia,g6_00041_17.tif,7068454,4.1973,6.008,20.69,20.99,1.0145
slovenia,g6_00041_17.tif,7068457,4.1973,6.008,14.37,16.45,1.1447
slovenia,g6_00042_10.tif,6087167,4.1973,6.008,7.57,10.46,1.3818
slovenia,g6_00042_10.tif,6130101,4.1973,6.008,12.42,12.59,1.0137
slovenia,g6_00042_10.tif,6130114,4.1973,6.008,14.37,16.45,1.1447
slovenia,g6_00042_10.tif,6131568,4.1973,6.008,14.37,21.26,1.4795
slovenia,g6_00042_10.tif,6131575,4.1973,6.008,14.37,16.45,1.1447
slovenia,g6_00042_10.tif,6135115,4.1973,6.008,14.37,19.83,1.38
slovenia,g6_00042_10.tif,6204602,4.1973,6.008,19.27,20.99,1.0893
slovenia,g6_00042_10.tif,6206292,4.1973,6.008,14.37,16.45,1.1447
slovenia,g6_00042_10.tif,6206305,4.1973,6.008,20.69,20.99,1.0145
slovenia,g6_00042_10.tif,6206308,4.1973,6.008,32.88,39.78,1.2099
slovenia,g6_00042_10.tif,6206309,4.1973,6.008,19.27,20.99,1.0893
slovenia,g6_00042_10.tif,6206310,4.1973,6.008,12.42,19.83,1.5966
slovenia,g6_00042_10.tif,6206311,4.1973,6.008,12.42,12.59,1.0137
slovenia,g6_00042_10.tif,6206780,4.1973,6.008,4.14,4.2,1.0145
slovenia,g6_00042_10.tif,6208574,4.1973,6.008,12.42,19.83,1.5966
slovenia,g6_00042_10.tif,6208577,4.1973,6.008,37.25,54.43,1.4612
slovenia,g6_00042_10.tif,6208579,4.1973,6.008,32.88,45.07,1.3707
slovenia,g6_00042_10.tif,6259628,4.1973,6.008,12.42,12.59,1.0137
slovenia,g6_00042_10.tif,6259636,4.1973,6.008,37.25,37.78,1.0142
slovenia,g6_00042_10.tif,6259637,4.1973,6.008,20.69,29.38,1.42
slovenia,g6_00042_10.tif,6259971,4.1973,6.008,4.14,4.2,1.0145
slovenia,g6_00042_10.tif,6264511,4.1973,6.008,28.97,43.87,1.5143
slovenia,g6_00042_10.tif,6264516,4.1973,6.008,12.42,12.59,1.0137
slovenia,g6_00042_10.tif,6282282,4.1973,6.008,4.14,4.2,1.0145
slovenia,g6_00042_10.tif,6316183,4.1973,6.008,19.27,20.99,1.0893
slovenia,g6_00042_10.tif,6316201,4.1973,6.008,19.27,20.99,1.0893
slovenia,g6_00042_10.tif,6316202,4.1973,6.008,22.04,23.71,1.0758
slovenia,g6_00042_10.tif,6316259,4.1973,6.008,4.14,7.82,1.8889
slovenia,g6_00042_10.tif,6317052,4.1973,6.008,25.71,30.61,1.1906
slovenia,g6_00042_10.tif,6319188,4.1973,6.008,14.37,21.26,1.4795
slovenia,g6_00042_10.tif,6319190,4.1973,6.008,7.57,10.46,1.3818
slovenia,g6_00042_10.tif,6319194,4.1973,6.008,37.25,39.46,1.0593
slovenia,g6_00042_10.tif,6320917,4.1973,6.008,22.04,23.71,1.0758
slovenia,g6_00042_10.tif,6320922,4.1973,6.008,25.71,30.61,1.1906
slovenia,g6_00042_10.tif,6323683,4.1973,6.008,37.25,44.17,1.1858
slovenia,g6_00042_10.tif,6323684,4.1973,6.008,14.37,21.26,1.4795
slovenia,g6_00042_10.tif,6323686,4.1973,6.008,20.69,30.61,1.4795
slovenia,g6_00042_10.tif,6323688,4.1973,6.008,45.53,64.63,1.4195
slovenia,g6_00042_10.tif,6323697,4.1973,6.008,28.97,39.78,1.3731
slovenia,g6_00042_10.tif,6323724,4.1973,6.008,12.42,12.59,1.0137
slovenia,g6_00042_10.tif,6325412,4.1973,6.008,32.88,37.09,1.128
slovenia,g6_00042_10.tif,6325421,4.1973,6.008,20.69,31.85,1.5394
slovenia,g6_00042_10.tif,6325426,4.1973,6.008,22.04,29.38,1.333
slovenia,g6_00042_10.tif,6327401,4.1973,6.008,20.69,30.61,1.4795
slovenia,g6_00042_10.tif,6330860,4.1973,6.008,12.42,12.59,1.0137
slovenia,g6_00042_10.tif,6399083,4.1973,6.008,14.37,16.45,1.1447
slovenia,g6_00042_10.tif,6399084,4.1973,6.008,7.57,10.46,1.3818
slovenia,g6_00042_10.tif,6401144,4.1973,6.008,14.37,20.99,1.4607
slovenia,g6_00042_10.tif,6401220,4.1973,6.008,20.69,20.99,1.0145
slovenia,g6_00042_10.tif,6401333,4.1973,6.008,4.14,4.2,1.0145
slovenia,g6_00042_10.tif,6413884,4.1973,6.008,12.42,12.59,1.0137
slovenia,g6_00042_10.tif,6455462,4.1973,6.008,19.27,25.12,1.3036
slovenia,g6_00042_10.tif,6455463,4.1973,6.008,7.57,10.46,1.3818
slovenia,g6_00042_10.tif,6455473,4.1973,6.008,14.37,16.45,1.1447
slovenia,g6_00042_10.tif,6455707,4.1973,6.008,20.69,20.99,1.0145
slovenia,g6_00042_10.tif,6455843,4.1973,6.008,20.69,23.71,1.146
slovenia,g6_00042_10.tif,6486301,4.1973,6.008,4.14,4.2,1.0145
slovenia,g6_00042_10.tif,6489338,4.1973,6.008,12.42,16.45,1.3245
slovenia,g6_00042_10.tif,6489346,4.1973,6.008,12.42,16.45,1.3245
slovenia,g6_00042_10.tif,6489363,4.1973,6.008,7.57,10.46,1.3818
slovenia,g6_00042_10.tif,6489399,4.1973,6.008,7.57,10.46,1.3818
slovenia,g6_00042_10.tif,6508474,4.1973,6.008,14.37,16.45,1.1447
slovenia,g6_00042_10.tif,6508500,4.1973,6.008,12.42,12.59,1.0137
slovenia,g6_00042_10.tif,6508548,4.1973,6.008,12.42,12.59,1.0137
slovenia,g6_00042_10.tif,6508606,4.1973,6.008,4.14,7.82,1.8889
slovenia,g6_00042_10.tif,6568698,4.1973,6.008,37.25,39.46,1.0593
slovenia,g6_00042_10.tif,6568866,4.1973,6.008,14.37,21.26,1.4795
slovenia,g6_00042_10.tif,6589075,4.1973,6.008,20.69,31.85,1.5394
slovenia,g6_00042_10.tif,6593892,4.1973,6.008,22.04,30.61,1.3888
slovenia,g6_00042_10.tif,6593894,4.1973,6.008,32.88,44.17,1.3434
slovenia,g6_00042_10.tif,6593895,4.1973,6.008,45.53,51.61,1.1335
slovenia,g6_00042_10.tif,6593897,4.1973,6.008,4.14,4.2,1.0145
slovenia,g6_00042_10.tif,6593924,4.1973,6.008,14.37,21.26,1.4795
slovenia,g6_00042_10.tif,6594136,4.1973,6.008,4.14,4.2,1.0145
slovenia,g6_00042_10.tif,6594242,4.1973,6.008,4.14,4.2,1.0145
slovenia,g6_00042_10.tif,6604728,4.1973,6.008,60.51,69.09,1.1418
slovenia,g6_00042_10.tif,6604730,4.1973,6.008,19.27,20.99,1.0893
slovenia,g6_00042_10.tif,6604732,4.1973,6.008,29.99,35.57,1.1861
slovenia,g6_00042_10.tif,6604733,4.1973,6.008,28.97,31.47,1.0863
slovenia,g6_00042_10.tif,6604734,4.1973,6.008,29.99,31.47,1.0493
slovenia,g6_00042_10.tif,6604768,4.1973,6.008,12.42,12.59,1.0137
slovenia,g6_00042_10.tif,6681022,4.1973,6.008,14.37,16.45,1.1447
slovenia,g6_00042_10.tif,6681027,4.1973,6.008,7.57,10.46,1.3818
slovenia,g6_00042_10.tif,6683962,4.1973,6.008,14.37,21.26,1.4795
slovenia,g6_00042_10.tif,6683971,4.1973,6.008,12.42,16.45,1.3245
slovenia,g6_00042_10.tif,6762496,4.1973,6.008,40.44,54.43,1.3459
slovenia,g6_00042_10.tif,6762499,4.1973,6.008,19.27,21.26,1.1033
slovenia,g6_00042_10.tif,6762549,4.1973,6.008,12.42,19.83,1.5966
slovenia,g6_00042_10.tif,6762552,4.1973,6.008,14.37,19.83,1.38
slovenia,g6_00042_10.tif,6763976,4.1973,6.008,7.57,10.46,1.3818
slovenia,g6_00042_10.tif,6765436,4.1973,6.008,12.42,12.59,1.0137
slovenia,g6_00042_10.tif,6765437,4.1973,6.008,29.99,39.78,1.3264
slovenia,g6_00042_10.tif,6786617,4.1973,6.008,28.97,31.85,1.0994
slovenia,g6_00042_10.tif,6808789,4.1973,6.008,14.37,21.26,1.4795
slovenia,g6_00042_10.tif,6808791,4.1973,6.008,62.6,67.13,1.0724
slovenia,g6_00042_10.tif,6808792,4.1973,6.008,28.97,29.38,1.0142
slovenia,g6_00042_10.tif,6808806,4.1973,6.008,22.04,23.71,1.0758
slovenia,g6_00042_10.tif,6808881,4.1973,6.008,19.27,20.99,1.0893
slovenia,g6_00042_10.tif,6900314,4.1973,6.008,14.37,16.45,1.1447
slovenia,g6_00042_10.tif,6900412,4.1973,6.008,19.27,25.12,1.3036
slovenia,g6_00042_10.tif,6900495,4.1973,6.008,19.27,23.71,1.2304
slovenia,g6_00042_10.tif,6900501,4.1973,6.008,4.14,4.2,1.0145
slovenia,g6_00042_10.tif,6900773,4.1973,6.008,7.57,10.46,1.3818
slovenia,g6_00042_10.tif,6945929,4.1973,6.008,22.04,30.61,1.3888
slovenia,g6_00042_10.tif,6945946,4.1973,6.008,14.37,16.45,1.1447
slovenia,g6_00042_10.tif,6948302,4.1973,6.008,29.99,37.78,1.2598
slovenia,g6_00042_10.tif,6948322,4.1973,6.008,7.57,10.46,1.3818
slovenia,g6_00042_10.tif,6948335,4.1973,6.008,25.71,30.61,1.1906
slovenia,g6_00042_10.tif,6948584,4.1973,6.008,12.42,12.59,1.0137
slovenia,g6_00042_10.tif,6966536,4.1973,6.008,22.04,29.38,1.333
slovenia,g6_00042_10.tif,7065629,4.1973,6.008,20.69,30.61,1.4795
slovenia,g6_00042_15.tif,6483312,4.1983,5.9687,20.69,20.99,1.0145
slovenia,g6_00042_16.tif,6220123,4.1983,5.9687,14.37,20.99,1.4607
slovenia,g6_00042_16.tif,6483357,4.1983,5.9687,7.57,10.4,1.3738
slovenia,g6_00042_16.tif,6542018,4.1983,5.9687,7.57,10.4,1.3738
slovenia,g6_00042_16.tif,6566618,4.1983,5.9687,12.42,16.41,1.3213
slovenia,g6_00042_16.tif,6619821,4.1983,5.9687,12.42,16.41,1.3213
slovenia,g6_00042_16.tif,6716624,4.1983,5.9687,19.27,23.68,1.2289
slovenia,g6_00042_16.tif,6716634,4.1983,5.9687,7.57,10.4,1.3738
slovenia,g6_00042_16.tif,6838986,4.1983,5.9687,12.42,19.68,1.5845
slovenia,g6_00042_16.tif,6868251,4.1983,5.9687,14.37,19.68,1.3695
slovenia,g6_00042_16.tif,6868261,4.1983,5.9687,4.14,7.74,1.8696
slovenia,g6_00042_16.tif,6868268,4.1983,5.9687,14.37,21.11,1.469
slovenia,g6_00042_16.tif,6891483,4.1983,5.9687,7.57,10.4,1.3738
slovenia,g6_00042_16.tif,6927018,4.1983,5.9687,25.71,31.45,1.2233
slovenia,g6_00042_16.tif,6927028,4.1983,5.9687,7.57,10.4,1.3738
slovenia,g6_00042_16.tif,6927030,4.1983,5.9687,20.69,20.99,1.0145
slovenia,g6_00042_16.tif,6927033,4.1983,5.9687,22.04,30.51,1.3843
slovenia,g6_00042_17.tif,6635774,4.1983,5.9687,19.27,20.99,1.0893
slovenia,g6_00042_17.tif,6716624,4.1983,5.9687,7.57,10.4,1.3738
slovenia,g6_00042_8.tif,6083900,4.1973,6.008,14.37,19.83,1.38
slovenia,g6_00042_8.tif,6130604,4.1973,6.008,7.57,10.46,1.3818
slovenia,g6_00042_8.tif,6130606,4.1973,6.008,12.42,12.59,1.0137
slovenia,g6_00042_8.tif,6130607,4.1973,6.008,7.57,10.46,1.3818
slovenia,g6_00042_8.tif,6130975,4.1973,6.008,12.42,19.83,1.5966
slovenia,g6_00042_8.tif,6130976,4.1973,6.008,12.42,16.45,1.3245
slovenia,g6_00042_8.tif,6148010,4.1973,6.008,14.37,19.83,1.38
slovenia,g6_00042_8.tif,6148011,4.1973,6.008,7.57,10.46,1.3818
slovenia,g6_00042_8.tif,6164061,4.1973,6.008,12.42,19.83,1.5966
slovenia,g6_00042_8.tif,6175261,4.1973,6.008,12.42,19.83,1.5966
slovenia,g6_00042_8.tif,6182316,4.1973,6.008,14.37,21.26,1.4795
slovenia,g6_00042_8.tif,6184121,4.1973,6.008,14.37,21.26,1.4795
slovenia,g6_00042_8.tif,6184125,4.1973,6.008,14.37,21.26,1.4795
slovenia,g6_00042_8.tif,6184227,4.1973,6.008,12.42,12.59,1.0137
slovenia,g6_00042_8.tif,6184229,4.1973,6.008,14.37,16.45,1.1447
slovenia,g6_00042_8.tif,6188335,4.1973,6.008,14.37,16.45,1.1447
slovenia,g6_00042_8.tif,6188338,4.1973,6.008,12.42,16.45,1.3245
slovenia,g6_00042_8.tif,6206298,4.1973,6.008,7.57,10.46,1.3818
slovenia,g6_00042_8.tif,6206299,4.1973,6.008,19.27,21.26,1.1033
slovenia,g6_00042_8.tif,6206300,4.1973,6.008,14.37,20.99,1.4607
slovenia,g6_00042_8.tif,6206302,4.1973,6.008,12.42,16.45,1.3245
slovenia,g6_00042_8.tif,6206303,4.1973,6.008,12.42,16.45,1.3245
slovenia,g6_00042_8.tif,6208585,4.1973,6.008,14.37,16.45,1.1447
slovenia,g6_00042_8.tif,6208586,4.1973,6.008,19.27,23.71,1.2304
slovenia,g6_00042_8.tif,6215457,4.1973,6.008,12.42,19.83,1.5966
slovenia,g6_00042_8.tif,6215458,4.1973,6.008,12.42,19.83,1.5966
slovenia,g6_00042_8.tif,6215459,4.1973,6.008,12.42,16.45,1.3245
slovenia,g6_00042_8.tif,6219241,4.1973,6.008,19.27,25.12,1.3036
slovenia,g6_00042_8.tif,6226656,4.1973,6.008,14.37,16.45,1.1447
slovenia,g6_00042_8.tif,6226657,4.1973,6.008,7.57,10.46,1.3818
slovenia,g6_00042_8.tif,6233256,4.1973,6.008,14.37,21.26,1.4795
slovenia,g6_00042_8.tif,6236981,4.1973,6.008,7.57,10.46,1.3818
slovenia,g6_00042_8.tif,6240365,4.1973,6.008,7.57,10.46,1.3818
slovenia,g6_00042_8.tif,6240366,4.1973,6.008,12.42,16.45,1.3245
slovenia,g6_00042_8.tif,6248620,4.1973,6.008,19.27,20.99,1.0893
slovenia,g6_00042_8.tif,6248621,4.1973,6.008,12.42,12.59,1.0137
slovenia,g6_00042_8.tif,6252114,4.1973,6.008,4.14,7.82,1.8889
slovenia,g6_00042_8.tif,6258828,4.1973,6.008,12.42,19.83,1.5966
slovenia,g6_00042_8.tif,6258830,4.1973,6.008,4.14,7.82,1.8889
slovenia,g6_00042_8.tif,6260877,4.1973,6.008,14.37,21.26,1.4795
slovenia,g6_00042_8.tif,6264248,4.1973,6.008,14.37,21.26,1.4795
slovenia,g6_00042_8.tif,6264249,4.1973,6.008,12.42,16.45,1.3245
slovenia,g6_00042_8.tif,6264250,4.1973,6.008,20.69,30.61,1.4795
slovenia,g6_00042_8.tif,6264251,4.1973,6.008,12.42,19.83,1.5966
slovenia,g6_00042_8.tif,6267666,4.1973,6.008,4.14,7.82,1.8889
slovenia,g6_00042_8.tif,6267668,4.1973,6.008,12.42,12.59,1.0137
slovenia,g6_00042_8.tif,6268241,4.1973,6.008,20.69,30.61,1.4795
slovenia,g6_00042_8.tif,6268884,4.1973,6.008,4.14,7.82,1.8889
slovenia,g6_00042_8.tif,6268885,4.1973,6.008,7.57,10.46,1.3818
slovenia,g6_00042_8.tif,6281351,4.1973,6.008,20.69,25.12,1.2141
slovenia,g6_00042_8.tif,6313077,4.1973,6.008,12.42,19.83,1.5966
slovenia,g6_00042_8.tif,6314301,4.1973,6.008,12.42,19.83,1.5966
slovenia,g6_00042_8.tif,6314304,4.1973,6.008,12.42,19.83,1.5966
slovenia,g6_00042_8.tif,6319091,4.1973,6.008,19.27,25.12,1.3036
slovenia,g6_00042_8.tif,6319093,4.1973,6.008,14.37,20.99,1.4607
slovenia,g6_00042_8.tif,6319094,4.1973,6.008,7.57,10.46,1.3818
slovenia,g6_00042_8.tif,6319318,4.1973,6.008,12.42,16.45,1.3245
slovenia,g6_00042_8.tif,6393598,4.1973,6.008,19.27,23.71,1.2304
slovenia,g6_00042_8.tif,6413883,4.1973,6.008,14.37,21.26,1.4795
slovenia,g6_00042_8.tif,6436459,4.1973,6.008,20.69,29.38,1.42
slovenia,g6_00042_8.tif,6449575,4.1973,6.008,12.42,16.45,1.3245
slovenia,g6_00042_8.tif,6452895,4.1973,6.008,14.37,21.26,1.4795
slovenia,g6_00042_8.tif,6455491,4.1973,6.008,12.42,16.45,1.3245
slovenia,g6_00042_8.tif,6465221,4.1973,6.008,12.42,19.83,1.5966
slovenia,g6_00042_8.tif,6465222,4.1973,6.008,12.42,19.83,1.5966
slovenia,g6_00042_8.tif,6486315,4.1973,6.008,12.42,16.45,1.3245
slovenia,g6_00042_8.tif,6486316,4.1973,6.008,19.27,21.26,1.1033
slovenia,g6_00042_8.tif,6489352,4.1973,6.008,12.42,12.59,1.0137
slovenia,g6_00042_8.tif,6489355,4.1973,6.008,7.57,10.46,1.3818
slovenia,g6_00042_8.tif,6556740,4.1973,6.008,22.04,32.82,1.4891
slovenia,g6_00042_8.tif,6558643,4.1973,6.008,7.57,10.46,1.3818
slovenia,g6_00042_8.tif,6558645,4.1973,6.008,12.42,16.45,1.3245
slovenia,g6_00042_8.tif,6568712,4.1973,6.008,7.57,10.46,1.3818
slovenia,g6_00042_8.tif,6587155,4.1973,6.008,12.42,12.59,1.0137
slovenia,g6_00042_8.tif,6587157,4.1973,6.008,7.57,10.46,1.3818
slovenia,g6_00042_8.tif,6606817,4.1973,6.008,12.42,19.83,1.5966
slovenia,g6_00042_8.tif,6627355,4.1973,6.008,14.37,16.45,1.1447
slovenia,g6_00042_8.tif,6659970,4.1973,6.008,12.42,16.45,1.3245
slovenia,g6_00042_8.tif,6659972,4.1973,6.008,12.42,19.83,1.5966
slovenia,g6_00042_8.tif,6681024,4.1973,6.008,7.57,10.46,1.3818
slovenia,g6_00042_8.tif,6681026,4.1973,6.008,12.42,12.59,1.0137
slovenia,g6_00042_8.tif,6706713,4.1973,6.008,7.57,10.46,1.3818
slovenia,g6_00042_8.tif,6755801,4.1973,6.008,12.42,19.83,1.5966
slovenia,g6_00042_8.tif,6755804,4.1973,6.008,12.42,19.83,1.5966
slovenia,g6_00042_8.tif,6757177,4.1973,6.008,22.04,31.47,1.4279
slovenia,g6_00042_8.tif,6763965,4.1973,6.008,14.37,21.26,1.4795
slovenia,g6_00042_8.tif,6790423,4.1973,6.008,14.37,21.26,1.4795
slovenia,g6_00042_8.tif,6801923,4.1973,6.008,12.42,16.45,1.3245
slovenia,g6_00042_8.tif,6801924,4.1973,6.008,7.57,10.46,1.3818
slovenia,g6_00042_8.tif,6801925,4.1973,6.008,12.42,16.45,1.3245
slovenia,g6_00042_8.tif,6811524,4.1973,6.008,12.42,19.83,1.5966
slovenia,g6_00042_8.tif,6823259,4.1973,6.008,7.57,10.46,1.3818
slovenia,g6_00042_8.tif,6823260,4.1973,6.008,12.42,16.45,1.3245
slovenia,g6_00042_8.tif,6823264,4.1973,6.008,7.57,10.46,1.3818
slovenia,g6_00042_8.tif,6868937,4.1973,6.008,7.57,10.46,1.3818
slovenia,g6_00042_8.tif,6868938,4.1973,6.008,12.42,16.45,1.3245
slovenia,g6_00042_8.tif,6868939,4.1973,6.008,12.42,16.45,1.3245
slovenia,g6_00042_8.tif,6897993,4.1973,6.008,19.27,25.12,1.3036
slovenia,g6_00042_8.tif,6897996,4.1973,6.008,12.42,19.83,1.5966
slovenia,g6_00042_8.tif,6908712,4.1973,6.008,28.97,43.87,1.5143
slovenia,g6_00042_8.tif,7011885,4.1973,6.008,12.42,19.83,1.5966
slovenia,g6_00042_9.tif,6087163,4.1973,6.008,7.57,10.46,1.3818
slovenia,g6_00042_9.tif,6130103,4.1973,6.008,48.86,54.56,1.1167
slovenia,g6_00042_9.tif,6130113,4.1973,6.008,14.37,21.26,1.4795
slovenia,g6_00042_9.tif,6206267,4.1973,6.008,25.71,29.38,1.1427
slovenia,g6_00042_9.tif,6206272,4.1973,6.008,19.27,23.71,1.2304
slovenia,g6_00042_9.tif,6206276,4.1973,6.008,7.57,10.46,1.3818
slovenia,g6_00042_9.tif,6206282,4.1973,6.008,14.37,16.45,1.1447
slovenia,g6_00042_9.tif,6206284,4.1973,6.008,28.97,29.38,1.0142
slovenia,g6_00042_9.tif,6206286,4.1973,6.008,20.69,20.99,1.0145
slovenia,g6_00042_9.tif,6206288,4.1973,6.008,20.69,23.71,1.146
slovenia,g6_00042_9.tif,6206498,4.1973,6.008,19.27,23.71,1.2304
slovenia,g6_00042_9.tif,6231810,4.1973,6.008,12.42,19.83,1.5966
slovenia,g6_00042_9.tif,6259628,4.1973,6.008,37.25,39.46,1.0593
slovenia,g6_00042_9.tif,6259631,4.1973,6.008,29.99,37.09,1.2367
slovenia,g6_00042_9.tif,6264515,4.1973,6.008,4.14,4.2,1.0145
slovenia,g6_00042_9.tif,6392924,4.1973,6.008,19.27,23.71,1.2304
slovenia,g6_00042_9.tif,6401145,4.1973,6.008,19.27,25.12,1.3036
slovenia,g6_00042_9.tif,6401151,4.1973,6.008,19.27,20.99,1.0893
slovenia,g6_00042_9.tif,6413881,4.1973,6.008,25.71,29.38,1.1427
slovenia,g6_00042_9.tif,6486296,4.1973,6.008,4.14,7.82,1.8889
slovenia,g6_00042_9.tif,6486301,4.1973,6.008,28.97,43.87,1.5143
slovenia,g6_00042_9.tif,6486303,4.1973,6.008,19.27,23.71,1.2304
slovenia,g6_00042_9.tif,6486319,4.1973,6.008,7.57,10.46,1.3818
slovenia,g6_00042_9.tif,6489338,4.1973,6.008,14.37,21.26,1.4795
slovenia,g6_00042_9.tif,6489346,4.1973,6.008,7.57,10.46,1.3818
slovenia,g6_00042_9.tif,6489357,4.1973,6.008,32.88,37.09,1.128
slovenia,g6_00042_9.tif,6489363,4.1973,6.008,7.57,10.46,1.3818
slovenia,g6_00042_9.tif,6568698,4.1973,6.008,19.27,21.26,1.1033
slovenia,g6_00042_9.tif,6568708,4.1973,6.008,19.27,20.99,1.0893
slovenia,g6_00042_9.tif,6589077,4.1973,6.008,14.37,16.45,1.1447
slovenia,g6_00042_9.tif,6604721,4.1973,6.008,70.36,99.03,1.4075
slovenia,g6_00042_9.tif,6604737,4.1973,6.008,20.69,20.99,1.0145
slovenia,g6_00042_9.tif,6648850,4.1973,6.008,14.37,16.45,1.1447
slovenia,g6_00042_9.tif,6683962,4.1973,6.008,19.27,25.12,1.3036
slovenia,g6_00042_9.tif,6683971,4.1973,6.008,12.42,16.45,1.3245
slovenia,g6_00042_9.tif,6683993,4.1973,6.008,19.27,23.71,1.2304
slovenia,g6_00042_9.tif,6762496,4.1973,6.008,42.68,51.13,1.198
slovenia,g6_00042_9.tif,6762503,4.1973,6.008,66.58,71.35,1.0716
slovenia,g6_00042_9.tif,6762549,4.1973,6.008,20.69,30.61,1.4795
slovenia,g6_00042_9.tif,6762552,4.1973,6.008,7.57,10.46,1.3818
slovenia,g6_00042_9.tif,6762553,4.1973,6.008,28.97,29.38,1.0142
slovenia,g6_00042_9.tif,6765437,4.1973,6.008,25.71,35.57,1.3835
slovenia,g6_00042_9.tif,6900315,4.1973,6.008,28.97,29.38,1.0142
slovenia,g6_00042_9.tif,6900322,4.1973,6.008,14.37,21.26,1.4795
slovenia,g6_00042_9.tif,6900412,4.1973,6.008,19.27,25.12,1.3036
slovenia,g6_00042_9.tif,6945933,4.1973,6.008,19.27,20.99,1.0893
slovenia,g6_00042_9.tif,6945934,4.1973,6.008,25.71,30.61,1.1906
slovenia,g6_00042_9.tif,6948302,4.1973,6.008,99.58,132.7,1.3326
slovenia,g6_00042_9.tif,6948887,4.1973,6.008,28.97,30.61,1.0566
slovenia,g6_00042_9.tif,6948888,4.1973,6.008,4.14,4.2,1.0145
slovenia,g6_00042_9.tif,6966499,4.1973,6.008,19.27,20.99,1.0893
slovenia,g6_00042_9.tif,6966556,4.1973,6.008,4.14,7.82,1.8889
slovenia,g6_00042_9.tif,7065626,4.1973,6.008,14.37,16.45,1.1447
slovenia,g6_00042_9.tif,7065629,4.1973,6.008,20.69,30.61,1.4795
slovenia,g6_00043_4.tif,6302586,4.1983,5.9687,20.69,31.61,1.5278
slovenia,g6_00043_4.tif,6302591,4.1983,5.9687,14.37,21.11,1.469
slovenia,g6_00043_4.tif,6302592,4.1983,5.9687,7.57,10.4,1.3738
slovenia,g6_00043_4.tif,6302602,4.1983,5.9687,7.57,10.4,1.3738
slovenia,g6_00043_4.tif,6906747,4.1983,5.9687,30.98,37.01,1.1946
slovenia,g6_00043_4.tif,7065074,4.1983,5.9687,12.42,12.59,1.0137
slovenia,g6_00043_4.tif,7065075,4.1983,5.9687,7.57,10.4,1.3738
slovenia,g6_00043_4.tif,7065082,4.1983,5.9687,25.71,31.45,1.2233
slovenia,g6_00043_4.tif,7065083,4.1983,5.9687,7.57,10.4,1.3738
slovenia,g6_00043_4.tif,7072608,4.1983,5.9687,19.27,23.68,1.2289
slovenia,g6_00043_5.tif,6681503,4.1983,5.9687,12.42,12.59,1.0137
slovenia,g6_00043_6.tif,6790753,4.1983,5.9687,25.71,31.61,1.2295
slovenia,g6_00043_6.tif,6790755,4.1983,5.9687,7.57,10.4,1.3738
slovenia,g6_00043_6.tif,6790756,4.1983,5.9687,12.42,12.59,1.0137
slovenia,g6_00043_6.tif,7003773,4.1983,5.9687,14.37,20.99,1.4607
slovenia,g6_00043_6.tif,7003775,4.1983,5.9687,12.42,16.41,1.3213
slovenia,g6_00043_6.tif,7003776,4.1983,5.9687,12.42,12.59,1.0137
slovenia,g6_00044_16.tif,6142696,4.1983,5.9687,12.42,12.59,1.0137
slovenia,g6_00044_16.tif,6220032,4.1983,5.9687,12.42,12.59,1.0137
slovenia,g6_00044_16.tif,6220043,4.1983,5.9687,12.42,16.41,1.3213
slovenia,g6_00044_16.tif,6220183,4.1983,5.9687,7.57,10.4,1.3738
slovenia,g6_00044_16.tif,6221100,4.1983,5.9687,12.42,12.59,1.0137
slovenia,g6_00044_16.tif,6408224,4.1983,5.9687,12.42,19.68,1.5845
slovenia,g6_00044_16.tif,6408226,4.1983,5.9687,14.37,21.11,1.469
slovenia,g6_00044_16.tif,6505369,4.1983,5.9687,14.37,21.11,1.469
slovenia,g6_00044_16.tif,6832571,4.1983,5.9687,4.14,7.74,1.8696
slovenia,g6_00044_17.tif,6297107,4.1983,5.9687,19.27,24.99,1.2968
slovenia,g6_00044_17.tif,6297108,4.1983,5.9687,30.98,37.01,1.1946
slovenia,g6_00044_17.tif,6297110,4.1983,5.9687,28.97,37.01,1.2775
slovenia,g6_00044_17.tif,6297111,4.1983,5.9687,28.97,37.01,1.2775
slovenia,g6_00044_17.tif,6297121,4.1983,5.9687,20.69,30.51,1.4746
slovenia,g6_00044_17.tif,6297123,4.1983,5.9687,7.57,10.4,1.3738
slovenia,g6_00044_17.tif,6297350,4.1983,5.9687,14.37,16.41,1.142
slovenia,g6_00044_17.tif,6297389,4.1983,5.9687,7.57,10.4,1.3738
slovenia,g6_00044_17.tif,6983642,4.1983,5.9687,28.97,37.01,1.2775
slovenia,g6_00044_17.tif,6983643,4.1983,5.9687,32.88,37.01,1.1256
slovenia,g6_00044_17.tif,6983644,4.1983,5.9687,19.27,20.99,1.0893
slovenia,g6_00044_17.tif,6984228,4.1983,5.9687,14.37,16.41,1.142
slovenia,g6_00044_18.tif,6103512,4.1983,5.9687,40.44,47.58,1.1766
slovenia,g6_00044_18.tif,6103514,4.1983,5.9687,14.37,16.41,1.142
slovenia,g6_00044_18.tif,6103515,4.1983,5.9687,12.42,12.59,1.0137
slovenia,g6_00044_18.tif,6117991,4.1983,5.9687,20.69,20.99,1.0145
slovenia,g6_00044_18.tif,6117993,4.1983,5.9687,12.42,19.68,1.5845
slovenia,g6_00044_18.tif,6118053,4.1983,5.9687,12.42,16.41,1.3213
slovenia,g6_00044_18.tif,6118061,4.1983,5.9687,7.57,10.4,1.3738
slovenia,g6_00044_18.tif,6118092,4.1983,5.9687,14.37,21.11,1.469
slovenia,g6_00044_18.tif,6141211,4.1983,5.9687,12.42,19.68,1.5845
slovenia,g6_00044_18.tif,6141214,4.1983,5.9687,7.57,10.4,1.3738
slovenia,g6_00044_18.tif,6141222,4.1983,5.9687,7.57,10.4,1.3738
slovenia,g6_00044_18.tif,6141356,4.1983,5.9687,12.42,16.41,1.3213
slovenia,g6_00044_18.tif,6173507,4.1983,5.9687,7.57,10.4,1.3738
slovenia,g6_00044_18.tif,6183993,4.1983,5.9687,19.27,20.99,1.0893
slovenia,g6_00044_18.tif,6184003,4.1983,5.9687,12.42,19.68,1.5845
slovenia,g6_00044_18.tif,6435282,4.1983,5.9687,20.69,20.99,1.0145
slovenia,g6_00044_18.tif,6534923,4.1983,5.9687,7.57,10.4,1.3738
slovenia,g6_00044_18.tif,6534936,4.1983,5.9687,14.37,20.99,1.4607
slovenia,g6_00044_18.tif,6534938,4.1983,5.9687,12.42,12.59,1.0137
slovenia,g6_00044_18.tif,6534941,4.1983,5.9687,7.57,10.4,1.3738
slovenia,g6_00044_18.tif,6534942,4.1983,5.9687,20.69,31.61,1.5278
slovenia,g6_00044_18.tif,6748355,4.1983,5.9687,28.97,29.39,1.0145
slovenia,g6_00044_18.tif,6778466,4.1983,5.9687,12.42,12.59,1.0137
slovenia,g6_00044_18.tif,6778470,4.1983,5.9687,22.04,23.68,1.0744
slovenia,g6_00044_18.tif,6778472,4.1983,5.9687,12.42,12.59,1.0137
slovenia,g6_00045_10.tif,6130111,4.1983,5.9687,12.42,19.68,1.5845
slovenia,g6_00045_10.tif,6181062,4.1983,5.9687,37.25,49.79,1.3366
slovenia,g6_00045_10.tif,6181070,4.1983,5.9687,62.08,62.97,1.0143
slovenia,g6_00045_10.tif,6181074,4.1983,5.9687,20.69,30.51,1.4746
slovenia,g6_00045_10.tif,6181092,4.1983,5.9687,14.37,16.41,1.142
slovenia,g6_00045_10.tif,6182310,4.1983,5.9687,12.42,16.41,1.3213
slovenia,g6_00045_10.tif,6182311,4.1983,5.9687,14.37,16.41,1.142
slovenia,g6_00045_10.tif,6182314,4.1983,5.9687,22.04,23.68,1.0744
slovenia,g6_00045_10.tif,6182341,4.1983,5.9687,12.42,16.41,1.3213
slovenia,g6_00045_10.tif,6184222,4.1983,5.9687,53.8,54.58,1.0145
slovenia,g6_00045_10.tif,6184225,4.1983,5.9687,25.71,35.36,1.3753
slovenia,g6_00045_10.tif,6184234,4.1983,5.9687,44.13,46.18,1.0465
slovenia,g6_00045_10.tif,6184408,4.1983,5.9687,20.69,20.99,1.0145
slovenia,g6_00045_10.tif,6188325,4.1983,5.9687,14.37,20.99,1.4607
slovenia,g6_00045_10.tif,6188326,4.1983,5.9687,7.57,10.4,1.3738
slovenia,g6_00045_10.tif,6192557,4.1983,5.9687,32.88,44.1,1.3412
slovenia,g6_00045_10.tif,6192558,4.1983,5.9687,60.51,71.93,1.1887
slovenia,g6_00045_10.tif,6192560,4.1983,5.9687,19.27,24.99,1.2968
slovenia,g6_00045_10.tif,6192564,4.1983,5.9687,25.71,29.39,1.1431
slovenia,g6_00045_10.tif,6192570,4.1983,5.9687,12.42,16.41,1.3213
slovenia,g6_00045_10.tif,6192572,4.1983,5.9687,19.27,20.99,1.0893
slovenia,g6_00045_10.tif,6192618,4.1983,5.9687,7.57,10.4,1.3738
slovenia,g6_00045_10.tif,6206280,4.1983,5.9687,25.71,30.51,1.1867
slovenia,g6_00045_10.tif,6206296,4.1983,5.9687,20.69,20.99,1.0145
slovenia,g6_00045_10.tif,6226650,4.1983,5.9687,20.69,29.39,1.4205
slovenia,g6_00045_10.tif,6226651,4.1983,5.9687,19.27,24.99,1.2968
slovenia,g6_00045_10.tif,6226652,4.1983,5.9687,7.57,10.4,1.3738
slovenia,g6_00045_10.tif,6426419,4.1983,5.9687,14.37,16.41,1.142
slovenia,g6_00045_10.tif,6486301,4.1983,5.9687,29.99,31.45,1.0487
slovenia,g6_00045_10.tif,6558621,4.1983,5.9687,37.25,54.18,1.4545
slovenia,g6_00045_10.tif,6558623,4.1983,5.9687,12.42,12.59,1.0137
slovenia,g6_00045_10.tif,6558626,4.1983,5.9687,42.68,50.98,1.1945
slovenia,g6_00045_10.tif,6558629,4.1983,5.9687,30.98,37.01,1.1946
slovenia,g6_00045_10.tif,6558638,4.1983,5.9687,14.37,16.41,1.142
slovenia,g6_00045_10.tif,6558639,4.1983,5.9687,12.42,12.59,1.0137
slovenia,g6_00045_10.tif,6558641,4.1983,5.9687,22.04,24.99,1.1338
slovenia,g6_00045_10.tif,6558751,4.1983,5.9687,12.42,12.59,1.0137
slovenia,g6_00045_10.tif,6568708,4.1983,5.9687,12.42,12.59,1.0137
slovenia,g6_00045_10.tif,6587140,4.1983,5.9687,12.42,12.59,1.0137
slovenia,g6_00045_10.tif,6587441,4.1983,5.9687,28.97,29.39,1.0145
slovenia,g6_00045_10.tif,6587459,4.1983,5.9687,12.42,16.41,1.3213
slovenia,g6_00045_10.tif,6667631,4.1983,5.9687,48.21,55.78,1.157
slovenia,g6_00045_10.tif,6667636,4.1983,5.9687,20.69,31.61,1.5278
slovenia,g6_00045_10.tif,6692402,4.1983,5.9687,14.37,20.99,1.4607
slovenia,g6_00045_10.tif,6706696,4.1983,5.9687,7.57,10.4,1.3738
slovenia,g6_00045_10.tif,6706697,4.1983,5.9687,14.37,20.99,1.4607
slovenia,g6_00045_10.tif,6706702,4.1983,5.9687,28.97,29.39,1.0145
slovenia,g6_00045_10.tif,6706703,4.1983,5.9687,22.04,23.68,1.0744
slovenia,g6_00045_10.tif,6706704,4.1983,5.9687,20.69,20.99,1.0145
slovenia,g6_00045_10.tif,6706708,4.1983,5.9687,28.97,29.39,1.0145
slovenia,g6_00045_10.tif,6706719,4.1983,5.9687,19.27,24.99,1.2968
slovenia,g6_00045_10.tif,6706776,4.1983,5.9687,7.57,10.4,1.3738
slovenia,g6_00045_10.tif,6706905,4.1983,5.9687,14.37,16.41,1.142
slovenia,g6_00045_10.tif,6707081,4.1983,5.9687,4.14,4.2,1.0145
slovenia,g6_00045_10.tif,6780784,4.1983,5.9687,48.21,51.55,1.0693
slovenia,g6_00045_10.tif,6780788,4.1983,5.9687,29.99,31.45,1.0487
slovenia,g6_00045_10.tif,6823234,4.1983,5.9687,37.25,37.78,1.0142
slovenia,g6_00045_10.tif,6823236,4.1983,5.9687,37.25,39.45,1.0591
slovenia,g6_00045_10.tif,6823243,4.1983,5.9687,25.71,29.39,1.1431
slovenia,g6_00045_10.tif,6823370,4.1983,5.9687,7.57,10.4,1.3738
slovenia,g6_00045_10.tif,6823454,4.1983,5.9687,20.69,20.99,1.0145
slovenia,g6_00045_10.tif,6823514,4.1983,5.9687,22.04,23.68,1.0744
slovenia,g6_00045_10.tif,6823577,4.1983,5.9687,7.57,10.4,1.3738
slovenia,g6_00045_10.tif,6948318,4.1983,5.9687,30.98,37.01,1.1946
slovenia,g6_00045_10.tif,6948887,4.1983,5.9687,28.97,29.39,1.0145
slovenia,g6_00045_10.tif,6966462,4.1983,5.9687,14.37,16.41,1.142
slovenia,g6_00045_11.tif,6181092,4.1983,5.9687,7.57,10.4,1.3738
slovenia,g6_00045_11.tif,6182314,4.1983,5.9687,19.27,23.68,1.2289
slovenia,g6_00045_11.tif,6316168,4.1983,5.9687,37.25,44.1,1.1839
slovenia,g6_00045_11.tif,6316201,4.1983,5.9687,19.27,20.99,1.0893
slovenia,g6_00045_11.tif,6319194,4.1983,5.9687,4.14,7.74,1.8696
slovenia,g6_00045_11.tif,6323688,4.1983,5.9687,37.25,44.1,1.1839
slovenia,g6_00045_11.tif,6323697,4.1983,5.9687,37.25,37.78,1.0142
slovenia,g6_00045_11.tif,6330860,4.1983,5.9687,19.27,20.99,1.0893
slovenia,g6_00045_11.tif,6330868,4.1983,5.9687,14.37,16.41,1.142
slovenia,g6_00045_11.tif,6330909,4.1983,5.9687,12.42,12.59,1.0137
slovenia,g6_00045_11.tif,6786617,4.1983,5.9687,32.88,37.01,1.1256
slovenia,g6_00045_11.tif,6808806,4.1983,5.9687,20.69,20.99,1.0145
slovenia,g6_00045_11.tif,6808911,4.1983,5.9687,12.42,12.59,1.0137
slovenia,g6_00045_16.tif,6092333,4.1994,6.008,7.57,10.46,1.3818
slovenia,g6_00045_16.tif,6238825,4.1994,6.008,20.69,30.62,1.4799
slovenia,g6_00045_16.tif,6238830,4.1994,6.008,12.42,12.6,1.0145
slovenia,g6_00045_16.tif,6238831,4.1994,6.008,4.14,4.2,1.0145
slovenia,g6_00045_16.tif,6457574,4.1994,6.008,7.57,10.46,1.3818
slovenia,g6_00045_16.tif,6457576,4.1994,6.008,12.42,12.6,1.0145
slovenia,g6_00045_16.tif,6457578,4.1994,6.008,12.42,12.6,1.0145
slovenia,g6_00045_16.tif,6562588,4.1994,6.008,7.57,10.46,1.3818
slovenia,g6_00045_16.tif,6562594,4.1994,6.008,7.57,10.46,1.3818
slovenia,g6_00045_16.tif,6593595,4.1994,6.008,14.37,16.45,1.1447
slovenia,g6_00045_16.tif,6616082,4.1994,6.008,14.37,16.45,1.1447
slovenia,g6_00045_16.tif,6650483,4.1994,6.008,14.37,21.0,1.4614
slovenia,g6_00045_16.tif,6650484,4.1994,6.008,12.42,12.6,1.0145
slovenia,g6_00045_16.tif,6651812,4.1994,6.008,12.42,12.6,1.0145
slovenia,g6_00045_16.tif,6705892,4.1994,6.008,32.88,37.11,1.1286
slovenia,g6_00045_16.tif,6705913,4.1994,6.008,7.57,10.46,1.3818
slovenia,g6_00045_16.tif,6705920,4.1994,6.008,12.42,12.6,1.0145
slovenia,g6_00045_16.tif,6706102,4.1994,6.008,7.57,10.46,1.3818
slovenia,g6_00045_16.tif,6744939,4.1994,6.008,14.37,16.45,1.1447
slovenia,g6_00045_17.tif,6457581,4.1994,6.008,19.27,25.12,1.3036
slovenia,g6_00045_17.tif,6593576,4.1994,6.008,7.57,10.46,1.3818
slovenia,g6_00045_17.tif,6705936,4.1994,6.008,22.04,25.12,1.1397
slovenia,g6_00045_17.tif,6984926,4.1994,6.008,12.42,19.83,1.5966
slovenia,g6_00045_17.tif,6984927,4.1994,6.008,4.14,7.82,1.8889
slovenia,g6_00045_9.tif,6086255,4.1983,5.9687,22.04,30.51,1.3843
slovenia,g6_00045_9.tif,6181088,4.1983,5.9687,14.37,21.11,1.469
slovenia,g6_00045_9.tif,6192574,4.1983,5.9687,29.99,31.45,1.0487
slovenia,g6_00045_9.tif,6226653,4.1983,5.9687,20.69,31.61,1.5278
slovenia,g6_00045_9.tif,6258830,4.1983,5.9687,12.42,12.59,1.0137
slovenia,g6_00045_9.tif,6455468,4.1983,5.9687,19.27,20.99,1.0893
slovenia,g6_00045_9.tif,6455471,4.1983,5.9687,14.37,16.41,1.142
slovenia,g6_00045_9.tif,6558647,4.1983,5.9687,12.42,12.59,1.0137
slovenia,g6_00045_9.tif,6587155,4.1983,5.9687,7.57,10.4,1.3738
slovenia,g6_00045_9.tif,6706713,4.1983,5.9687,7.57,10.4,1.3738
slovenia,g6_00045_9.tif,6823258,4.1983,5.9687,7.57,10.4,1.3738
slovenia,g6_00045_9.tif,6823259,4.1983,5.9687,4.14,4.2,1.0145
slovenia,g6_00045_9.tif,6823260,4.1983,5.9687,12.42,16.41,1.3213
slovenia,g6_00045_9.tif,6823265,4.1983,5.9687,7.57,10.4,1.3738
slovenia,g6_00045_9.tif,6948339,4.1983,5.9687,14.37,21.11,1.469
slovenia,g6_00046_6.tif,6123886,4.1994,6.008,12.42,12.6,1.0145
slovenia,g6_00046_6.tif,6123890,4.1994,6.008,7.57,10.46,1.3818
slovenia,g6_00046_6.tif,6153591,4.1994,6.008,12.42,12.6,1.0145
slovenia,g6_00046_6.tif,6220128,4.1994,6.008,12.42,16.45,1.3245
slovenia,g6_00046_6.tif,6220129,4.1994,6.008,14.37,21.26,1.4795
slovenia,g6_00046_6.tif,6220134,4.1994,6.008,20.69,25.12,1.2141
slovenia,g6_00046_6.tif,6220142,4.1994,6.008,20.69,29.4,1.421
slovenia,g6_00046_6.tif,6272425,4.1994,6.008,7.57,10.46,1.3818
slovenia,g6_00046_6.tif,6307917,4.1994,6.008,7.57,10.46,1.3818
slovenia,g6_00046_6.tif,6307931,4.1994,6.008,22.04,30.62,1.3893
slovenia,g6_00046_6.tif,6404191,4.1994,6.008,20.69,21.0,1.015
slovenia,g6_00046_6.tif,6404192,4.1994,6.008,12.42,16.45,1.3245
slovenia,g6_00046_6.tif,6404193,4.1994,6.008,22.04,30.62,1.3893
slovenia,g6_00046_6.tif,6504527,4.1994,6.008,42.68,51.14,1.1982
slovenia,g6_00046_6.tif,6876239,4.1994,6.008,7.57,10.46,1.3818
slovenia,g6_00046_6.tif,6876240,4.1994,6.008,7.57,10.46,1.3818
slovenia,g6_00046_6.tif,6876248,4.1994,6.008,7.57,10.46,1.3818
slovenia,g6_00046_6.tif,6877839,4.1994,6.008,7.57,10.46,1.3818
slovenia,g6_00046_6.tif,6879700,4.1994,6.008,12.42,12.6,1.0145
slovenia,g6_00046_6.tif,6906876,4.1994,6.008,20.69,21.0,1.015
slovenia,g6_00046_6.tif,7070587,4.1994,6.008,7.57,10.46,1.3818
slovenia,g6_00046_6.tif,7070595,4.1994,6.008,7.57,10.46,1.3818
slovenia,g6_00046_6.tif,7070597,4.1994,6.008,7.57,10.46,1.3818
slovenia,g6_00046_6.tif,7073450,4.1994,6.008,22.04,29.4,1.3339
slovenia,g6_00046_6.tif,7073457,4.1994,6.008,12.42,16.45,1.3245
slovenia,g6_00046_6.tif,7073459,4.1994,6.008,7.57,10.46,1.3818
slovenia,g6_00046_7.tif,6448177,4.1994,6.008,19.27,25.12,1.3036
slovenia,g6_00046_7.tif,6448178,4.1994,6.008,7.57,10.46,1.3818
slovenia,g6_00046_7.tif,6906856,4.1994,6.008,14.37,16.45,1.1447
slovenia,g6_00046_7.tif,6906857,4.1994,6.008,14.37,21.26,1.4795
slovenia,g6_00046_7.tif,6906864,4.1994,6.008,19.27,25.12,1.3036
slovenia,g6_00046_7.tif,6906876,4.1994,6.008,25.71,35.57,1.3835
slovenia,g6_00046_7.tif,6907731,4.1994,6.008,19.27,25.12,1.3036
slovenia,g6_00046_8.tif,6138886,4.1719,6.008,7.57,10.46,1.3818
slovenia,g6_00046_8.tif,6138889,4.1719,6.008,22.04,30.53,1.3852
slovenia,g6_00046_8.tif,6138894,4.1719,6.008,7.57,10.46,1.3818
slovenia,g6_00046_8.tif,6164924,4.1719,6.008,12.42,16.39,1.3196
slovenia,g6_00046_8.tif,6644709,4.1719,6.008,25.71,32.83,1.2769
slovenia,g6_00047_17.tif,6086521,4.1994,6.008,12.42,16.45,1.3245
slovenia,g6_00047_17.tif,6086528,4.1994,6.008,12.42,12.6,1.0145
slovenia,g6_00047_17.tif,6142696,4.1994,6.008,12.42,16.45,1.3245
slovenia,g6_00047_17.tif,6162260,4.1994,6.008,12.42,19.83,1.5966
slovenia,g6_00047_17.tif,6162261,4.1994,6.008,12.42,19.83,1.5966
slovenia,g6_00047_17.tif,6162268,4.1994,6.008,12.42,16.45,1.3245
slovenia,g6_00047_17.tif,6162271,4.1994,6.008,28.97,31.48,1.0866
slovenia,g6_00047_17.tif,6220112,4.1994,6.008,12.42,19.83,1.5966
slovenia,g6_00047_17.tif,6221081,4.1994,6.008,7.57,10.46,1.3818
slovenia,g6_00047_17.tif,6221091,4.1994,6.008,12.42,12.6,1.0145
slovenia,g6_00047_17.tif,6221095,4.1994,6.008,19.27,25.12,1.3036
slovenia,g6_00047_17.tif,6221190,4.1994,6.008,7.57,10.46,1.3818
slovenia,g6_00047_17.tif,6266674,4.1994,6.008,14.37,21.26,1.4795
slovenia,g6_00047_17.tif,6432343,4.1994,6.008,7.57,10.46,1.3818
slovenia,g6_00047_17.tif,6832571,4.1994,6.008,14.37,16.45,1.1447
slovenia,g6_00047_17.tif,7063179,4.1994,6.008,7.57,10.46,1.3818
slovenia,g6_00047_18.tif,6128701,4.1994,6.008,12.42,16.45,1.3245
slovenia,g6_00047_18.tif,6580323,4.1994,6.008,14.37,19.83,1.38
slovenia,g6_00047_18.tif,6990969,4.1994,6.008,7.57,10.46,1.3818
slovenia,g6_00047_18.tif,6990987,4.1994,6.008,7.57,10.46,1.3818
slovenia,g6_00047_18.tif,6991012,4.1994,6.008,7.57,10.46,1.3818
slovenia,g6_00048_0.tif,6128697,4.1994,6.008,7.57,10.46,1.3818
slovenia,g6_00048_0.tif,6161997,4.1994,6.008,12.42,12.6,1.0145
slovenia,g6_00048_0.tif,6162000,4.1994,6.008,12.42,12.6,1.0145
slovenia,g6_00048_0.tif,6162008,4.1994,6.008,20.69,31.48,1.5215
slovenia,g6_00048_0.tif,6162058,4.1994,6.008,7.57,10.46,1.3818
slovenia,g6_00048_0.tif,6179761,4.1994,6.008,14.37,21.26,1.4795
slovenia,g6_00048_0.tif,6220050,4.1994,6.008,12.42,19.83,1.5966
slovenia,g6_00048_0.tif,6268988,4.1994,6.008,14.37,16.45,1.1447
slovenia,g6_00048_0.tif,6290574,4.1994,6.008,12.42,12.6,1.0145
slovenia,g6_00048_0.tif,6290585,4.1994,6.008,14.37,16.45,1.1447
slovenia,g6_00048_0.tif,6307803,4.1994,6.008,14.37,16.45,1.1447
slovenia,g6_00048_0.tif,6307804,4.1994,6.008,12.42,16.45,1.3245
slovenia,g6_00048_0.tif,6325901,4.1994,6.008,12.42,12.6,1.0145
slovenia,g6_00048_0.tif,6325902,4.1994,6.008,7.57,10.46,1.3818
slovenia,g6_00048_0.tif,6494494,4.1994,6.008,7.57,10.46,1.3818
slovenia,g6_00048_0.tif,6580314,4.1994,6.008,7.57,10.46,1.3818
slovenia,g6_00048_0.tif,6580320,4.1994,6.008,14.37,16.45,1.1447
slovenia,g6_00048_0.tif,6610561,4.1994,6.008,7.57,10.46,1.3818
slovenia,g6_00048_0.tif,6610635,4.1994,6.008,4.14,4.2,1.0145
slovenia,g6_00048_0.tif,6613621,4.1994,6.008,12.42,19.83,1.5966
slovenia,g6_00048_0.tif,6688746,4.1994,6.008,14.37,16.45,1.1447
slovenia,g6_00048_0.tif,6688883,4.1994,6.008,7.57,10.46,1.3818
slovenia,g6_00048_0.tif,6688950,4.1994,6.008,4.14,7.82,1.8889
slovenia,g6_00048_0.tif,6689063,4.1994,6.008,4.14,7.82,1.8889
slovenia,g6_00048_0.tif,6690034,4.1994,6.008,30.98,44.59,1.4393
slovenia,g6_00048_0.tif,6690037,4.1994,6.008,7.57,10.46,1.3818
slovenia,g6_00048_0.tif,6690216,4.1994,6.008,7.57,10.46,1.3818
slovenia,g6_00048_0.tif,6978856,4.1994,6.008,12.42,16.45,1.3245
slovenia,g6_00048_0.tif,6990991,4.1994,6.008,12.42,16.45,1.3245
slovenia,g6_00048_0.tif,7016573,4.1994,6.008,7.57,10.46,1.3818
slovenia,g6_00048_10.tif,6756353,4.1994,6.008,37.25,37.79,1.0145
slovenia,g6_00048_10.tif,6756354,4.1994,6.008,25.71,30.62,1.191
slovenia,g6_00048_10.tif,6756375,4.1994,6.008,14.37,21.26,1.4795
slovenia,g6_00048_10.tif,6756382,4.1994,6.008,12.42,19.83,1.5966
slovenia,g6_00050_12.tif,6114954,4.2004,6.008,25.71,35.57,1.3835
slovenia,g6_00050_12.tif,6149526,4.2004,6.008,7.57,10.46,1.3818
slovenia,g6_00050_12.tif,6149529,4.2004,6.008,14.37,16.46,1.1454
slovenia,g6_00050_12.tif,6223616,4.2004,6.008,44.13,57.77,1.3091
slovenia,g6_00050_12.tif,6258200,4.2004,6.008,7.57,10.46,1.3818
slovenia,g6_00050_12.tif,6318857,4.2004,6.008,7.57,10.46,1.3818
slovenia,g6_00050_12.tif,6405246,4.2004,6.008,37.25,39.78,1.0679
slovenia,g6_00050_12.tif,6433137,4.2004,6.008,7.57,10.46,1.3818
slovenia,g6_00050_12.tif,6433292,4.2004,6.008,19.27,23.72,1.2309
slovenia,g6_00050_12.tif,6433579,4.2004,6.008,7.57,10.46,1.3818
slovenia,g6_00050_12.tif,6554186,4.2004,6.008,30.98,37.11,1.1979
slovenia,g6_00050_12.tif,6559582,4.2004,6.008,32.88,44.19,1.344
slovenia,g6_00050_12.tif,6559583,4.2004,6.008,19.27,23.72,1.2309
slovenia,g6_00050_12.tif,6559585,4.2004,6.008,14.37,21.26,1.4795
slovenia,g6_00050_12.tif,6559586,4.2004,6.008,14.37,21.26,1.4795
slovenia,g6_00050_12.tif,6571695,4.2004,6.008,22.04,30.62,1.3893
slovenia,g6_00050_12.tif,6571699,4.2004,6.008,7.57,10.46,1.3818
slovenia,g6_00050_12.tif,6571701,4.2004,6.008,12.42,16.46,1.3253
slovenia,g6_00050_12.tif,6571711,4.2004,6.008,14.37,16.46,1.1454
slovenia,g6_00050_12.tif,6571801,4.2004,6.008,14.37,16.46,1.1454
slovenia,g6_00050_12.tif,6606930,4.2004,6.008,7.57,10.46,1.3818
slovenia,g6_00050_12.tif,6607059,4.2004,6.008,14.37,16.46,1.1454
slovenia,g6_00050_12.tif,6634276,4.2004,6.008,14.37,16.46,1.1454
slovenia,g6_00050_12.tif,6691957,4.2004,6.008,28.97,37.11,1.281
slovenia,g6_00050_12.tif,6691960,4.2004,6.008,48.86,59.63,1.2204
slovenia,g6_00050_12.tif,6692069,4.2004,6.008,4.14,7.82,1.8889
slovenia,g6_00050_12.tif,6698793,4.2004,6.008,32.88,45.08,1.371
slovenia,g6_00050_12.tif,6745445,4.2004,6.008,19.27,23.72,1.2309
slovenia,g6_00050_12.tif,6745451,4.2004,6.008,4.14,7.82,1.8889
slovenia,g6_00050_12.tif,6747013,4.2004,6.008,7.57,10.46,1.3818
slovenia,g6_00050_12.tif,6757191,4.2004,6.008,14.37,21.26,1.4795
slovenia,g6_00050_12.tif,6757422,4.2004,6.008,7.57,10.46,1.3818
slovenia,g6_00050_12.tif,6762937,4.2004,6.008,30.98,39.78,1.2841
slovenia,g6_00050_12.tif,6774479,4.2004,6.008,29.99,39.78,1.3264
slovenia,g6_00050_12.tif,6831424,4.2004,6.008,25.71,30.62,1.191
slovenia,g6_00050_12.tif,6831437,4.2004,6.008,14.37,19.83,1.38
slovenia,g6_00050_12.tif,6831476,4.2004,6.008,14.37,21.26,1.4795
slovenia,g6_00050_12.tif,6835935,4.2004,6.008,19.27,23.72,1.2309
slovenia,g6_00050_12.tif,6835943,4.2004,6.008,19.27,23.72,1.2309
slovenia,g6_00050_12.tif,6845065,4.2004,6.008,7.57,10.46,1.3818
slovenia,g6_00050_12.tif,6879397,4.2004,6.008,12.42,16.46,1.3253
slovenia,g6_00050_12.tif,6879401,4.2004,6.008,12.42,19.83,1.5966
slovenia,g6_00050_12.tif,6884497,4.2004,6.008,37.25,50.07,1.3442
slovenia,g6_00050_12.tif,6884511,4.2004,6.008,4.14,7.82,1.8889
slovenia,g6_00050_12.tif,6884938,4.2004,6.008,7.57,10.46,1.3818
slovenia,g6_00050_12.tif,6951717,4.2004,6.008,29.99,39.78,1.3264
slovenia,g6_00050_12.tif,7001634,4.2004,6.008,40.44,51.15,1.2648
slovenia,g6_00050_12.tif,7001636,4.2004,6.008,25.71,30.62,1.191
slovenia,g6_00050_12.tif,7001642,4.2004,6.008,37.25,50.07,1.3442
slovenia,g6_00050_12.tif,7001647,4.2004,6.008,19.27,25.12,1.3036
slovenia,g6_00050_12.tif,7001651,4.2004,6.008,19.27,23.72,1.2309
slovenia,g6_00050_12.tif,7001689,4.2004,6.008,7.57,10.46,1.3818
slovenia,g6_00050_12.tif,7011842,4.2004,6.008,14.37,16.46,1.1454
slovenia,g6_00050_12.tif,7017015,4.2004,6.008,12.42,12.6,1.0145
slovenia,g6_00050_12.tif,7017104,4.2004,6.008,7.57,10.46,1.3818
slovenia,g6_00050_12.tif,7018909,4.2004,6.008,37.25,45.08,1.2102
slovenia,g6_00050_12.tif,7043319,4.2004,6.008,60.51,79.24,1.3095
slovenia,g6_00050_12.tif,7043323,4.2004,6.008,25.71,35.57,1.3835
slovenia,g6_00050_13.tif,6109339,4.2004,6.008,14.37,19.83,1.38
slovenia,g6_00050_13.tif,6109676,4.2004,6.008,7.57,10.46,1.3818
slovenia,g6_00050_13.tif,6114954,4.2004,6.008,29.99,37.11,1.2374
slovenia,g6_00050_13.tif,6149529,4.2004,6.008,14.37,16.46,1.1454
slovenia,g6_00050_13.tif,6150562,4.2004,6.008,7.57,10.46,1.3818
slovenia,g6_00050_13.tif,6150564,4.2004,6.008,14.37,16.46,1.1454
slovenia,g6_00050_13.tif,6150567,4.2004,6.008,14.37,21.26,1.4795
slovenia,g6_00050_13.tif,6185915,4.2004,6.008,7.57,10.46,1.3818
slovenia,g6_00050_13.tif,6185917,4.2004,6.008,14.37,16.46,1.1454
slovenia,g6_00050_13.tif,6223480,4.2004,6.008,14.37,16.46,1.1454
slovenia,g6_00050_13.tif,6223745,4.2004,6.008,7.57,10.46,1.3818
slovenia,g6_00050_13.tif,6223847,4.2004,6.008,7.57,10.46,1.3818
slovenia,g6_00050_13.tif,6317228,4.2004,6.008,14.37,16.46,1.1454
slovenia,g6_00050_13.tif,6318042,4.2004,6.008,12.42,12.6,1.0145
slovenia,g6_00050_13.tif,6558913,4.2004,6.008,7.57,10.46,1.3818
slovenia,g6_00050_13.tif,6558914,4.2004,6.008,4.14,7.82,1.8889
slovenia,g6_00050_13.tif,6559583,4.2004,6.008,25.71,29.4,1.1435
slovenia,g6_00050_13.tif,6563991,4.2004,6.008,7.57,10.46,1.3818
slovenia,g6_00050_13.tif,6623090,4.2004,6.008,7.57,10.46,1.3818
slovenia,g6_00050_13.tif,6623473,4.2004,6.008,7.57,10.46,1.3818
slovenia,g6_00050_13.tif,6698814,4.2004,6.008,12.42,16.46,1.3253
slovenia,g6_00050_13.tif,6747544,4.2004,6.008,7.57,10.46,1.3818
slovenia,g6_00050_13.tif,6747545,4.2004,6.008,12.42,12.6,1.0145
slovenia,g6_00050_13.tif,6747678,4.2004,6.008,14.37,16.46,1.1454
slovenia,g6_00050_13.tif,6774485,4.2004,6.008,7.57,10.46,1.3818
slovenia,g6_00050_13.tif,6774487,4.2004,6.008,7.57,10.46,1.3818
slovenia,g6_00050_13.tif,6774488,4.2004,6.008,7.57,10.46,1.3818
slovenia,g6_00050_13.tif,6831424,4.2004,6.008,14.37,16.46,1.1454
slovenia,g6_00050_13.tif,6831476,4.2004,6.008,14.37,21.26,1.4795
slovenia,g6_00050_13.tif,6831555,4.2004,6.008,7.57,10.46,1.3818
slovenia,g6_00050_13.tif,6884511,4.2004,6.008,7.57,10.46,1.3818
slovenia,g6_00050_13.tif,6884938,4.2004,6.008,7.57,10.46,1.3818
slovenia,g6_00050_13.tif,6915397,4.2004,6.008,7.57,10.46,1.3818
slovenia,g6_00050_13.tif,7006995,4.2004,6.008,7.57,10.46,1.3818
slovenia,g6_00050_13.tif,7015417,4.2004,6.008,29.99,39.78,1.3264
slovenia,g6_00050_13.tif,7043317,4.2004,6.008,12.42,12.6,1.0145
slovenia,g6_00053_13.tif,6454097,4.2014,6.008,7.57,10.46,1.3818
slovenia,g6_00053_13.tif,6691957,4.2014,6.008,25.71,35.57,1.3835
slovenia,g6_00053_13.tif,6692069,4.2014,6.008,7.57,10.46,1.3818
slovenia,g6_00053_13.tif,6797880,4.2014,6.008,14.37,21.26,1.4795
slovenia,g6_00053_13.tif,6835943,4.2014,6.008,19.27,23.72,1.2309
slovenia,g6_00053_13.tif,7043323,4.2014,6.008,25.71,30.63,1.1914
slovenia,g6_00053_14.tif,6114938,4.2014,6.008,14.37,21.26,1.4795
slovenia,g6_00053_14.tif,6114947,4.2014,6.008,12.42,16.46,1.3253
slovenia,g6_00053_14.tif,6114956,4.2014,6.008,7.57,10.46,1.3818
slovenia,g6_00053_14.tif,6115033,4.2014,6.008,7.57,10.46,1.3818
slovenia,g6_00053_14.tif,6115139,4.2014,6.008,7.57,10.46,1.3818
slovenia,g6_00053_14.tif,6143808,4.2014,6.008,14.37,21.26,1.4795
slovenia,g6_00053_14.tif,6151729,4.2014,6.008,7.57,10.46,1.3818
slovenia,g6_00053_14.tif,6151738,4.2014,6.008,7.57,10.46,1.3818
slovenia,g6_00053_14.tif,6185961,4.2014,6.008,7.57,10.46,1.3818
slovenia,g6_00053_14.tif,6216863,4.2014,6.008,12.42,19.83,1.5966
slovenia,g6_00053_14.tif,6273889,4.2014,6.008,12.42,16.46,1.3253
slovenia,g6_00053_14.tif,6274038,4.2014,6.008,7.57,10.46,1.3818
slovenia,g6_00053_14.tif,6318054,4.2014,6.008,14.37,21.26,1.4795
slovenia,g6_00053_14.tif,6318059,4.2014,6.008,30.98,37.12,1.1982
slovenia,g6_00053_14.tif,6318064,4.2014,6.008,12.42,16.46,1.3253
slovenia,g6_00053_14.tif,6318069,4.2014,6.008,14.37,16.46,1.1454
slovenia,g6_00053_14.tif,6318072,4.2014,6.008,14.37,19.83,1.38
slovenia,g6_00053_14.tif,6401528,4.2014,6.008,12.42,16.46,1.3253
slovenia,g6_00053_14.tif,6401529,4.2014,6.008,22.04,30.63,1.3897
slovenia,g6_00053_14.tif,6558914,4.2014,6.008,7.57,10.46,1.3818
slovenia,g6_00053_14.tif,6563991,4.2014,6.008,4.14,7.81,1.8865
slovenia,g6_00053_14.tif,6563996,4.2014,6.008,7.57,10.46,1.3818
slovenia,g6_00053_14.tif,6610927,4.2014,6.008,12.42,16.46,1.3253
slovenia,g6_00053_14.tif,6610928,4.2014,6.008,7.57,10.46,1.3818
slovenia,g6_00053_14.tif,6610929,4.2014,6.008,7.57,10.46,1.3818
slovenia,g6_00053_14.tif,6623065,4.2014,6.008,7.57,10.46,1.3818
slovenia,g6_00053_14.tif,6623072,4.2014,6.008,14.37,16.46,1.1454
slovenia,g6_00053_14.tif,6623086,4.2014,6.008,7.57,10.46,1.3818
slovenia,g6_00053_14.tif,6692000,4.2014,6.008,7.57,10.46,1.3818
slovenia,g6_00053_14.tif,6694118,4.2014,6.008,7.57,10.46,1.3818
slovenia,g6_00053_14.tif,6698800,4.2014,6.008,12.42,19.83,1.5966
slovenia,g6_00053_14.tif,6698805,4.2014,6.008,22.04,32.81,1.4887
slovenia,g6_00053_14.tif,6698811,4.2014,6.008,12.42,16.46,1.3253
slovenia,g6_00053_14.tif,6698815,4.2014,6.008,73.95,91.3,1.2346
slovenia,g6_00053_14.tif,6698824,4.2014,6.008,7.57,10.46,1.3818
slovenia,g6_00053_14.tif,6698831,4.2014,6.008,12.42,19.83,1.5966
slovenia,g6_00053_14.tif,6724914,4.2014,6.008,12.42,16.46,1.3253
slovenia,g6_00053_14.tif,6788277,4.2014,6.008,12.42,12.6,1.0145
slovenia,g6_00053_14.tif,6788282,4.2014,6.008,7.57,10.46,1.3818
slovenia,g6_00053_14.tif,6788334,4.2014,6.008,7.57,10.46,1.3818
slovenia,g6_00053_14.tif,6827116,4.2014,6.008,12.42,16.46,1.3253
slovenia,g6_00053_14.tif,6827119,4.2014,6.008,7.57,10.46,1.3818
slovenia,g6_00053_14.tif,6828983,4.2014,6.008,14.37,16.46,1.1454
slovenia,g6_00053_14.tif,6884499,4.2014,6.008,28.97,30.63,1.0573
slovenia,g6_00053_14.tif,6884501,4.2014,6.008,20.69,23.72,1.1464
slovenia,g6_00053_14.tif,6884510,4.2014,6.008,19.27,23.72,1.2309
slovenia,g6_00053_14.tif,6884525,4.2014,6.008,14.37,16.46,1.1454
slovenia,g6_00053_14.tif,6884532,4.2014,6.008,14.37,16.46,1.1454
slovenia,g6_00053_14.tif,6884538,4.2014,6.008,7.57,10.46,1.3818
slovenia,g6_00053_14.tif,6884557,4.2014,6.008,7.57,10.46,1.3818
slovenia,g6_00053_14.tif,6884577,4.2014,6.008,29.99,31.49,1.05
slovenia,g6_00053_14.tif,6951770,4.2014,6.008,30.98,39.79,1.2844
slovenia,g6_00053_14.tif,6952925,4.2014,6.008,14.37,16.46,1.1454
slovenia,g6_00053_14.tif,7015417,4.2014,6.008,12.42,12.6,1.0145
slovenia,g6_00053_14.tif,7015418,4.2014,6.008,19.27,21.01,1.0903
slovenia,g6_00053_14.tif,7019970,4.2014,6.008,12.42,16.46,1.3253
slovenia,g6_00053_14.tif,7030600,4.2014,6.008,54.39,64.79,1.1912
slovenia,g6_00053_14.tif,7030602,4.2014,6.008,22.04,29.41,1.3344
slovenia,g6_00053_14.tif,7030603,4.2014,6.008,7.57,10.46,1.3818
slovenia,g6_00053_14.tif,7043318,4.2014,6.008,7.57,10.46,1.3818
slovenia,g6_00053_14.tif,7043326,4.2014,6.008,25.71,30.63,1.1914
slovenia,g6_00053_14.tif,7043328,4.2014,6.008,14.37,16.46,1.1454
slovenia,g6_00053_14.tif,7043335,4.2014,6.008,25.71,35.57,1.3835
slovenia,g6_00053_14.tif,7043338,4.2014,6.008,19.27,23.72,1.2309
slovenia,g6_00053_15.tif,6115033,4.2014,6.008,7.57,10.46,1.3818
slovenia,g6_00053_15.tif,6184155,4.2014,6.008,19.27,23.72,1.2309
slovenia,g6_00053_15.tif,6184671,4.2014,6.008,14.37,16.46,1.1454
slovenia,g6_00053_15.tif,6216863,4.2014,6.008,14.37,21.26,1.4795
slovenia,g6_00053_15.tif,6216872,4.2014,6.008,14.37,21.26,1.4795
slovenia,g6_00053_15.tif,6604920,4.2014,6.008,7.57,10.46,1.3818
slovenia,g6_00053_15.tif,6604921,4.2014,6.008,7.57,10.46,1.3818
slovenia,g6_00053_15.tif,6605060,4.2014,6.008,14.37,21.26,1.4795
slovenia,g6_00053_15.tif,6605075,4.2014,6.008,7.57,10.46,1.3818
slovenia,g6_00053_15.tif,6623086,4.2014,6.008,7.57,10.46,1.3818
slovenia,g6_00053_15.tif,6774478,4.2014,6.008,32.88,44.59,1.3561
slovenia,g6_00053_15.tif,6831426,4.2014,6.008,28.97,29.41,1.0152
slovenia,g6_00053_15.tif,6884499,4.2014,6.008,51.39,69.11,1.3448
slovenia,g6_00053_15.tif,6884501,4.2014,6.008,20.69,21.01,1.0155
slovenia,g6_00053_15.tif,6884516,4.2014,6.008,19.27,25.12,1.3036
slovenia,g6_00053_15.tif,6884575,4.2014,6.008,37.25,54.45,1.4617
slovenia,g6_00053_15.tif,6915372,4.2014,6.008,14.37,16.46,1.1454
slovenia,g6_00053_15.tif,7030603,4.2014,6.008,7.57,10.46,1.3818
slovenia,g6_00056_14.tif,6826642,4.2025,6.008,14.37,16.46,1.1454
slovenia,g6_00056_16.tif,6698798,4.2025,6.008,14.37,21.26,1.4795
slovenia,g6_00056_16.tif,6969654,4.2025,6.008,22.04,30.63,1.3897
slovenia,g6_00056_16.tif,7030510,4.2025,6.008,29.99,37.12,1.2377
slovenia,g6_00056_16.tif,7030597,4.2025,6.008,19.27,25.13,1.3041
slovenia,g6_00056_16.tif,7030598,4.2025,6.008,22.04,30.63,1.3897
slovenia,g6_00060_17.tif,6126915,4.2035,6.0079,20.69,31.84,1.5389
slovenia,g6_00060_17.tif,6126918,4.2035,6.0079,12.42,19.83,1.5966
slovenia,g6_00060_17.tif,6126929,4.2035,6.0079,4.14,7.81,1.8865
slovenia,g6_00060_17.tif,6126930,4.2035,6.0079,12.42,16.46,1.3253
slovenia,g6_00060_17.tif,6126931,4.2035,6.0079,19.27,23.73,1.2314
slovenia,g6_00060_17.tif,6126932,4.2035,6.0079,14.37,19.83,1.38
slovenia,g6_00060_17.tif,6126945,4.2035,6.0079,19.27,21.26,1.1033
slovenia,g6_00060_18.tif,6126927,4.176,6.0079,20.69,31.87,1.5404
slovenia,g6_00060_18.tif,6128516,4.176,6.0079,12.42,19.86,1.599
slovenia,g6_00060_18.tif,6128518,4.176,6.0079,12.42,19.86,1.599
slovenia,g6_00060_18.tif,6128520,4.176,6.0079,7.57,10.46,1.3818
slovenia,g6_00060_18.tif,6128521,4.176,6.0079,22.04,23.61,1.0712
slovenia,g6_00060_18.tif,6139563,4.176,6.0079,12.42,19.86,1.599
slovenia,g6_00060_18.tif,6139566,4.176,6.0079,12.42,19.86,1.599
slovenia,g6_00060_18.tif,6139576,4.176,6.0079,19.27,20.88,1.0835
slovenia,g6_00060_18.tif,6139583,4.176,6.0079,12.42,19.86,1.599
slovenia,g6_00060_18.tif,6139618,4.176,6.0079,12.42,16.4,1.3205
slovenia,g6_00060_18.tif,6139744,4.176,6.0079,12.42,16.4,1.3205
slovenia,g6_00060_18.tif,6142403,4.176,6.0079,28.97,31.33,1.0815
slovenia,g6_00060_18.tif,6142408,4.176,6.0079,12.42,19.86,1.599
slovenia,g6_00060_18.tif,6142409,4.176,6.0079,12.42,19.86,1.599
slovenia,g6_00060_18.tif,6142411,4.176,6.0079,12.42,19.86,1.599
slovenia,g6_00060_18.tif,6142413,4.176,6.0079,19.27,23.61,1.2252
slovenia,g6_00060_18.tif,6142562,4.176,6.0079,12.42,16.4,1.3205
slovenia,g6_00060_18.tif,6142609,4.176,6.0079,7.57,10.46,1.3818
slovenia,g6_00060_18.tif,6260964,4.176,6.0079,20.69,31.87,1.5404
slovenia,g6_00060_18.tif,6260973,4.176,6.0079,14.37,20.88,1.453
slovenia,g6_00060_18.tif,6285503,4.176,6.0079,14.37,19.86,1.382
slovenia,g6_00060_18.tif,6314546,4.176,6.0079,12.42,19.86,1.599
slovenia,g6_00060_18.tif,6460914,4.176,6.0079,20.69,31.87,1.5404
slovenia,g6_00060_18.tif,6460916,4.176,6.0079,12.42,16.4,1.3205
slovenia,g6_00060_18.tif,6460917,4.176,6.0079,14.37,19.86,1.382
slovenia,g6_00060_18.tif,6461064,4.176,6.0079,20.69,23.61,1.1411
slovenia,g6_00060_18.tif,6461086,4.176,6.0079,14.37,20.88,1.453
slovenia,g6_00060_18.tif,6498371,4.176,6.0079,12.42,19.86,1.599
slovenia,g6_00060_18.tif,6498373,4.176,6.0079,14.37,16.4,1.1413
slovenia,g6_00060_18.tif,6498445,4.176,6.0079,12.42,19.86,1.599
slovenia,g6_00060_18.tif,6498558,4.176,6.0079,12.42,16.4,1.3205
slovenia,g6_00060_18.tif,6607430,4.176,6.0079,4.14,4.18,1.0097
slovenia,g6_00060_18.tif,6620126,4.176,6.0079,22.04,23.61,1.0712
slovenia,g6_00061_0.tif,6139573,4.2035,6.0079,22.04,32.81,1.4887
slovenia,g6_00061_0.tif,6142403,4.2035,6.0079,19.27,21.02,1.0908
slovenia,g6_00061_0.tif,6142404,4.2035,6.0079,12.42,12.61,1.0153
slovenia,g6_00061_0.tif,6176161,4.2035,6.0079,7.57,10.46,1.3818
slovenia,g6_00061_0.tif,6176164,4.2035,6.0079,14.37,21.26,1.4795
slovenia,g6_00061_0.tif,6176166,4.2035,6.0079,12.42,16.46,1.3253
slovenia,g6_00061_0.tif,6285501,4.2035,6.0079,14.37,21.26,1.4795
slovenia,g6_00061_0.tif,6285506,4.2035,6.0079,12.42,16.46,1.3253
slovenia,g6_00061_0.tif,6285622,4.2035,6.0079,14.37,19.83,1.38
slovenia,g6_00061_0.tif,6607430,4.2035,6.0079,14.37,19.83,1.38
slovenia,g6_00061_0.tif,6611795,4.2035,6.0079,19.27,21.02,1.0908
slovenia,g6_00061_0.tif,6612479,4.2035,6.0079,19.27,25.13,1.3041
slovenia,g6_00061_0.tif,6648423,4.2035,6.0079,7.57,10.46,1.3818
slovenia,g6_00061_0.tif,6648424,4.2035,6.0079,14.37,16.46,1.1454
slovenia,g6_00061_0.tif,6650066,4.2035,6.0079,37.25,54.65,1.4671
slovenia,g6_00061_0.tif,6650076,4.2035,6.0079,12.42,19.83,1.5966
slovenia,g6_00061_0.tif,6671553,4.2035,6.0079,7.57,10.46,1.3818
slovenia,g6_00061_0.tif,6671554,4.2035,6.0079,14.37,16.46,1.1454
slovenia,g6_00061_0.tif,6673026,4.2035,6.0079,14.37,16.46,1.1454
slovenia,g6_00061_0.tif,6673029,4.2035,6.0079,7.57,10.46,1.3818
slovenia,g6_00061_0.tif,6673157,4.2035,6.0079,14.37,16.46,1.1454
slovenia,g6_00061_0.tif,6673158,4.2035,6.0079,14.37,16.46,1.1454
slovenia,g6_00061_0.tif,6673277,4.2035,6.0079,28.97,43.86,1.514
slovenia,g6_00061_0.tif,6704599,4.2035,6.0079,44.13,59.65,1.3517
slovenia,g6_00061_0.tif,6716066,4.2035,6.0079,66.58,93.87,1.4099
slovenia,g6_00061_0.tif,6719536,4.2035,6.0079,58.9,79.25,1.3455
slovenia,g6_00061_0.tif,6719835,4.2035,6.0079,58.9,83.61,1.4195
slovenia,g6_00061_0.tif,6719879,4.2035,6.0079,58.9,83.61,1.4195
slovenia,g6_00061_0.tif,6772468,4.2035,6.0079,12.42,12.61,1.0153
slovenia,g6_00061_0.tif,6934832,4.2035,6.0079,14.37,16.46,1.1454
slovenia,g6_00061_0.tif,6998732,4.2035,6.0079,12.42,12.61,1.0153
slovenia,g6_00064_1.tif,6297076,4.2045,5.9687,51.39,64.7,1.259
slovenia,g6_00064_1.tif,6297174,4.2045,5.9687,25.71,30.53,1.1875
slovenia,g6_00064_1.tif,6297284,4.2045,5.9687,7.57,10.4,1.3738
slovenia,g6_00064_1.tif,6497111,4.2045,5.9687,7.57,10.4,1.3738
slovenia,g6_00064_1.tif,6497112,4.2045,5.9687,14.37,21.11,1.469
slovenia,g6_00064_1.tif,6497113,4.2045,5.9687,12.42,19.67,1.5837
slovenia,g6_00064_1.tif,6497114,4.2045,5.9687,22.04,30.53,1.3852
slovenia,g6_00064_1.tif,6497121,4.2045,5.9687,20.69,31.61,1.5278
slovenia,g6_00064_1.tif,6497126,4.2045,5.9687,38.07,54.2,1.4237
slovenia,g6_00064_1.tif,6497129,4.2045,5.9687,14.37,21.11,1.469
slovenia,g6_00064_1.tif,6497133,4.2045,5.9687,7.57,10.4,1.3738
slovenia,g6_00064_1.tif,6497345,4.2045,5.9687,12.42,19.67,1.5837
slovenia,g6_00064_1.tif,6611712,4.2045,5.9687,29.99,39.6,1.3204
slovenia,g6_00064_1.tif,6611717,4.2045,5.9687,19.27,25.0,1.2974
slovenia,g6_00064_1.tif,6611747,4.2045,5.9687,48.21,69.37,1.4389
slovenia,g6_00064_1.tif,6611751,4.2045,5.9687,19.27,25.0,1.2974
slovenia,g6_00064_1.tif,6611752,4.2045,5.9687,32.88,46.42,1.4118
slovenia,g6_00064_1.tif,6611758,4.2045,5.9687,28.97,39.6,1.3669
slovenia,g6_00064_1.tif,6611761,4.2045,5.9687,14.37,16.42,1.1427
slovenia,g6_00064_1.tif,6611764,4.2045,5.9687,7.57,10.4,1.3738
slovenia,g6_00064_1.tif,6611767,4.2045,5.9687,25.71,35.36,1.3753
slovenia,g6_00064_1.tif,6611772,4.2045,5.9687,7.57,10.4,1.3738
slovenia,g6_00064_1.tif,6611783,4.2045,5.9687,14.37,21.11,1.469
slovenia,g6_00064_1.tif,6611797,4.2045,5.9687,20.69,30.53,1.4756
slovenia,g6_00064_1.tif,6611814,4.2045,5.9687,28.97,30.53,1.0538
slovenia,g6_00064_1.tif,6612229,4.2045,5.9687,12.42,19.67,1.5837
slovenia,g6_00064_1.tif,6612348,4.2045,5.9687,4.14,4.2,1.0145
slovenia,g6_00064_1.tif,6673010,4.2045,5.9687,28.97,39.6,1.3669
slovenia,g6_00064_1.tif,6673011,4.2045,5.9687,20.69,30.53,1.4756
slovenia,g6_00064_1.tif,6673015,4.2045,5.9687,29.99,37.04,1.2351
slovenia,g6_00064_1.tif,6673024,4.2045,5.9687,14.37,19.67,1.3688
slovenia,g6_00064_1.tif,6673121,4.2045,5.9687,20.69,30.53,1.4756
slovenia,g6_00064_1.tif,6673122,4.2045,5.9687,25.71,35.36,1.3753
slovenia,g6_00064_1.tif,6673277,4.2045,5.9687,114.37,154.01,1.3466
slovenia,g6_00064_1.tif,6682712,4.2045,5.9687,25.71,29.43,1.1447
slovenia,g6_00064_1.tif,6719536,4.2045,5.9687,20.69,31.61,1.5278
slovenia,g6_00064_1.tif,6998728,4.2045,5.9687,28.97,32.58,1.1246
slovenia,g6_00064_1.tif,6998729,4.2045,5.9687,62.6,71.59,1.1436
slovenia,g6_00064_1.tif,6998856,4.2045,5.9687,7.57,10.4,1.3738
slovenia,g6_00064_1.tif,6998909,4.2045,5.9687,12.42,16.42,1.3221
