country,chip,parcel_id,full_px,hectares,native_10m_px,best_iou,found,width_native_px
slovenia,g13_00002_16.tif,6402188,18,0.0445,4.45,0.0681,0,1.235
slovenia,g13_00002_16.tif,6983393,134,0.3314,33.14,0.118,0,2.881
slovenia,g13_00002_16.tif,7079929,127,0.314,31.4,0.0881,0,2.502
slovenia,g13_00002_17.tif,6113948,40,0.0996,9.96,0.4819,0,2.346
slovenia,g13_00002_18.tif,6157272,11,0.0274,2.74,0.0086,0,1.045
slovenia,g13_00003_12.tif,6166700,85,0.2116,21.16,0.4186,0,2.9
slovenia,g13_00003_12.tif,6166702,54,0.1344,13.44,0.1568,0,2.9
slovenia,g13_00003_12.tif,6166704,22,0.0548,5.48,0.3226,0,1.633
slovenia,g13_00003_12.tif,6490468,44,0.1095,10.95,0.028,0,1.633
slovenia,g13_00003_12.tif,6490470,11,0.0274,2.74,0.007,0,1.045
slovenia,g13_00003_12.tif,6514417,674,1.6776,167.76,0.1647,0,9.2
slovenia,g13_00003_12.tif,6514421,162,0.4032,40.32,0.2013,0,3.285
slovenia,g13_00003_12.tif,6514422,290,0.7218,72.18,0.2789,0,5.107
slovenia,g13_00003_12.tif,6572178,209,0.5202,52.02,0.0046,0,3.965
slovenia,g13_00003_12.tif,6737064,98,0.2439,24.39,0.2795,0,3.191
slovenia,g13_00003_12.tif,6910737,15,0.0373,3.73,0.0192,0,1.633
slovenia,g13_00003_12.tif,6910738,31,0.0772,7.72,0.0397,0,2.346
slovenia,g13_00003_12.tif,6910741,19,0.0473,4.73,0.064,0,1.045
slovenia,g13_00003_12.tif,6910746,95,0.2365,23.65,0.1018,0,4.375
slovenia,g13_00003_13.tif,6166702,51,0.1269,12.69,0.0159,0,2.346
slovenia,g13_00003_13.tif,6324650,49,0.122,12.2,0.037,0,2.128
slovenia,g13_00003_13.tif,6324653,12,0.0299,2.99,0.0093,0,1.045
slovenia,g13_00003_13.tif,6524321,238,0.5924,59.24,0.0842,0,3.043
slovenia,g13_00003_13.tif,6524323,74,0.1842,18.42,0.0072,0,3.191
slovenia,g13_00003_13.tif,6524324,7,0.0174,1.74,0.0673,0,1.045
slovenia,g13_00003_13.tif,6524325,115,0.2862,28.62,0.0901,0,3.554
slovenia,g13_00003_13.tif,6737065,155,0.3858,38.58,0.2205,0,3.679
slovenia,g13_00003_13.tif,6737066,62,0.1543,15.43,0.0882,0,2.9
slovenia,g13_00003_14.tif,6145881,47,0.117,11.7,0.0459,0,1.633
slovenia,g13_00003_14.tif,6145882,769,1.9141,191.41,0.6598,1,9.814
slovenia,g13_00003_14.tif,6145886,5,0.0124,1.24,0.0,0,0.414
slovenia,g13_00003_14.tif,6145887,17,0.0423,4.23,0.0769,0,1.045
slovenia,g13_00003_14.tif,6145890,113,0.2813,28.13,0.1832,0,4.393
slovenia,g13_00003_14.tif,6145891,94,0.234,23.4,0.1062,0,3.191
slovenia,g13_00003_14.tif,6145892,157,0.3908,39.08,0.2475,0,4.997
slovenia,g13_00003_14.tif,6145893,95,0.2365,23.65,0.1422,0,3.191
slovenia,g13_00003_14.tif,6199100,52,0.1294,12.94,0.7818,1,2.071
slovenia,g13_00003_14.tif,6394110,32,0.0796,7.96,0.0274,0,1.633
slovenia,g13_00003_14.tif,6446137,31,0.0772,7.72,0.1095,0,1.989
slovenia,g13_00003_14.tif,6537426,24,0.0597,5.97,0.3529,0,1.633
slovenia,g13_00003_14.tif,6560698,325,0.8089,80.89,0.1439,0,6.501
slovenia,g13_00003_14.tif,6560699,180,0.448,44.8,0.0667,0,4.375
slovenia,g13_00003_14.tif,6774220,25,0.0622,6.22,0.0214,0,1.045
slovenia,g13_00003_14.tif,6774225,28,0.0697,6.97,0.0239,0,1.633
slovenia,g13_00003_14.tif,6872553,315,0.784,78.4,0.1359,0,6.448
slovenia,g13_00003_14.tif,7019528,14,0.0348,3.48,0.0092,0,1.045
slovenia,g13_00003_14.tif,7019531,150,0.3734,37.34,0.0092,0,4.375
slovenia,g13_00003_18.tif,6133722,406,1.0105,101.05,0.8769,1,7.521
slovenia,g13_00003_18.tif,6146415,166,0.4132,41.32,0.0337,0,3.899
slovenia,g13_00003_18.tif,6146416,110,0.2738,27.38,0.0056,0,3.728
slovenia,g13_00003_18.tif,6224238,457,1.1375,113.75,0.29,0,8.212
slovenia,g13_00003_18.tif,6224239,36,0.0896,8.96,0.0209,0,1.989
slovenia,g13_00003_18.tif,6224304,218,0.5426,54.26,0.7815,1,6.636
slovenia,g13_00003_18.tif,6224344,141,0.351,35.1,0.1617,0,2.9
slovenia,g13_00003_18.tif,6224464,43,0.107,10.7,0.3491,0,2.071
slovenia,g13_00003_18.tif,6625264,547,1.3615,136.15,0.8084,1,7.87
slovenia,g13_00003_18.tif,6736122,771,1.919,191.9,0.2389,0,7.773
slovenia,g13_00003_18.tif,6862344,474,1.1798,117.98,0.7933,1,8.16
slovenia,g13_00003_18.tif,6862375,3792,9.4384,943.84,0.9507,1,26.413
slovenia,g13_00003_18.tif,6862397,2053,5.11,511.0,0.7071,1,18.007
slovenia,g13_00003_18.tif,6862405,33,0.0821,8.21,0.0212,0,1.989
slovenia,g13_00003_18.tif,6862407,1111,2.7653,276.53,0.7131,1,10.402
slovenia,g13_00003_18.tif,6862425,8,0.0199,1.99,0.0051,0,0.788
slovenia,g13_00003_18.tif,6953125,1649,4.1044,410.44,0.732,1,14.383
slovenia,g13_00003_18.tif,6953150,269,0.6695,66.95,0.7952,1,5.595
slovenia,g13_00003_18.tif,6970149,864,2.1505,215.05,0.8006,1,12.896
slovenia,g13_00004_0.tif,6090653,19,0.0473,4.73,0.0,0,1.633
slovenia,g13_00004_0.tif,6090654,54,0.1344,13.44,0.0029,0,2.505
slovenia,g13_00004_0.tif,6090658,10,0.0249,2.49,0.0909,0,1.045
slovenia,g13_00004_0.tif,6111251,6,0.0149,1.49,0.0,0,0.788
slovenia,g13_00004_0.tif,6111252,60,0.1493,14.93,0.0,0,2.505
slovenia,g13_00004_0.tif,6208423,18,0.0448,4.48,0.131,0,1.633
slovenia,g13_00004_0.tif,6316528,364,0.906,90.6,0.4464,0,4.375
slovenia,g13_00004_0.tif,6316531,12,0.0299,2.99,0.0222,0,0.788
slovenia,g13_00004_0.tif,6707003,180,0.448,44.8,0.6047,1,5.651
slovenia,g13_00004_0.tif,6707008,80,0.1991,19.91,0.2975,0,3.728
slovenia,g13_00004_0.tif,6788595,61,0.1518,15.18,0.5902,1,2.071
slovenia,g13_00004_0.tif,6788596,690,1.7174,171.74,0.3986,0,10.356
slovenia,g13_00004_0.tif,6862344,421,1.0479,104.79,0.8019,1,6.796
slovenia,g13_00004_0.tif,6862365,1818,4.5251,452.51,0.3292,0,17.211
slovenia,g13_00004_0.tif,6862366,2410,5.9986,599.86,0.8908,1,12.805
slovenia,g13_00004_0.tif,6862373,3498,8.7066,870.66,0.6244,1,27.424
slovenia,g13_00004_0.tif,6862394,2318,5.7696,576.96,0.4738,0,20.415
slovenia,g13_00004_0.tif,6862396,2239,5.5729,557.29,0.4533,0,17.635
slovenia,g13_00004_0.tif,6862397,6,0.0149,1.49,0.1,0,0.414
slovenia,g13_00004_0.tif,6910498,1421,3.5369,353.69,0.8236,1,13.721
slovenia,g13_00004_0.tif,6987753,126,0.3136,31.36,0.0821,0,4.393
slovenia,g13_00004_0.tif,7044089,243,0.6048,60.48,0.6885,1,5.595
slovenia,g13_00004_0.tif,7044092,285,0.7094,70.94,0.0194,0,5.931
slovenia,g13_00004_0.tif,7049957,26,0.0647,6.47,0.023,0,1.633
slovenia,g13_00004_1.tif,6090656,748,1.8618,186.18,0.6686,1,10.813
slovenia,g13_00004_1.tif,6094132,187,0.4654,46.54,0.1164,0,3.965
slovenia,g13_00004_1.tif,6094133,11,0.0274,2.74,0.0068,0,1.045
slovenia,g13_00004_1.tif,6094134,16,0.0398,3.98,0.0087,0,1.045
slovenia,g13_00004_1.tif,6094137,409,1.018,101.8,0.2145,0,5.508
slovenia,g13_00004_1.tif,6094214,191,0.4754,47.54,0.71,1,5.595
slovenia,g13_00004_1.tif,6165385,2252,5.6053,560.53,0.8181,1,14.898
slovenia,g13_00004_1.tif,6165391,486,1.2097,120.97,0.0795,0,5.931
slovenia,g13_00004_1.tif,6267989,3763,9.3662,936.62,0.922,1,17.612
slovenia,g13_00004_1.tif,6420102,47,0.117,11.7,0.4533,0,2.071
slovenia,g13_00004_1.tif,6443932,6,0.0149,1.49,0.0368,0,0.788
slovenia,g13_00004_1.tif,6443934,365,0.9085,90.85,0.8015,1,8.621
slovenia,g13_00004_1.tif,6443941,660,1.6428,164.28,0.8444,1,7.118
slovenia,g13_00004_1.tif,6443952,98,0.2439,24.39,0.4167,0,2.505
slovenia,g13_00004_1.tif,6444032,286,0.7119,71.19,0.8061,1,3.043
slovenia,g13_00004_1.tif,6444073,345,0.8587,85.87,0.7262,1,3.679
slovenia,g13_00004_1.tif,6444273,450,1.1201,112.01,0.7128,1,8.839
slovenia,g13_00004_1.tif,6444289,619,1.5407,154.07,0.094,0,8.039
slovenia,g13_00004_1.tif,6444732,2055,5.115,511.5,0.5937,1,17.97
slovenia,g13_00004_1.tif,6503716,289,0.7193,71.93,0.8308,1,5.508
slovenia,g13_00004_1.tif,6503721,459,1.1425,114.25,0.5235,1,5.508
slovenia,g13_00004_1.tif,6503913,396,0.9857,98.57,0.5,1,5.508
slovenia,g13_00004_1.tif,6503966,8,0.0199,1.99,0.0348,0,0.788
slovenia,g13_00004_1.tif,6504115,513,1.2769,127.69,0.5829,1,7.213
slovenia,g13_00004_1.tif,6504116,596,1.4835,148.35,0.8072,1,7.42
slovenia,g13_00004_1.tif,6504194,423,1.0529,105.29,0.4212,0,5.077
slovenia,g13_00004_1.tif,6559607,595,1.481,148.1,0.0944,0,4.393
slovenia,g13_00004_1.tif,6578268,385,0.9583,95.83,0.6703,1,7.87
slovenia,g13_00004_1.tif,6578397,434,1.0802,108.02,0.4017,0,5.077
slovenia,g13_00004_1.tif,6578410,388,0.9657,96.57,0.6289,1,8.358
slovenia,g13_00004_1.tif,6578413,509,1.2669,126.69,0.353,0,5.107
slovenia,g13_00004_1.tif,6578415,103,0.2564,25.64,0.097,0,1.243
slovenia,g13_00004_1.tif,6581409,2073,5.1598,515.98,0.7261,1,15.663
slovenia,g13_00004_1.tif,6581410,10,0.0249,2.49,0.0493,0,1.045
slovenia,g13_00004_1.tif,6581411,63,0.1568,15.68,0.2976,0,2.346
slovenia,g13_00004_1.tif,6689417,461,1.1474,114.74,0.0968,0,3.191
slovenia,g13_00004_1.tif,6707003,192,0.4779,47.79,0.6517,1,5.385
slovenia,g13_00004_1.tif,6707008,98,0.2439,24.39,0.2919,0,3.554
slovenia,g13_00004_1.tif,6788595,871,2.1679,216.79,0.5063,1,12.805
slovenia,g13_00004_1.tif,6788596,61,0.1518,15.18,0.3836,0,2.346
slovenia,g13_00004_1.tif,6862312,3735,9.2965,929.65,0.7766,1,27.276
slovenia,g13_00004_1.tif,6862365,3675,9.1472,914.72,0.6996,1,20.021
slovenia,g13_00004_1.tif,6862373,1225,3.0491,304.91,0.2366,0,14.102
slovenia,g13_00004_1.tif,6862379,3940,9.8068,980.68,0.7736,1,26.413
slovenia,g13_00004_1.tif,6862393,2402,5.9787,597.87,0.7416,1,12.297
slovenia,g13_00004_1.tif,6917340,612,1.5233,152.33,0.8417,1,8.457
slovenia,g13_00004_1.tif,6945580,79,0.1966,19.66,0.078,0,2.128
slovenia,g13_00004_1.tif,6945581,144,0.3584,35.84,0.5073,1,3.554
slovenia,g13_00004_1.tif,6961800,146,0.3634,36.34,0.0909,0,4.393
slovenia,g13_00004_1.tif,6961802,196,0.4879,48.79,0.1206,0,4.997
slovenia,g13_00004_1.tif,7044089,261,0.6496,64.96,0.8021,1,6.213
slovenia,g13_00005_10.tif,6689886,213,0.5268,52.68,0.0287,0,5.908
slovenia,g13_00005_11.tif,6689885,32,0.0791,7.91,0.0139,0,1.973
slovenia,g13_00005_9.tif,7079929,55,0.1351,13.51,0.0251,0,2.114
slovenia,g13_00006_11.tif,6085712,491,1.2144,121.44,0.0246,0,6.215
slovenia,g13_00006_11.tif,6085714,45,0.1113,11.13,0.0327,0,1.628
slovenia,g13_00006_11.tif,6085715,823,2.0356,203.56,0.5523,1,8.21
slovenia,g13_00006_11.tif,6093619,768,1.8996,189.96,0.8674,1,7.044
slovenia,g13_00006_11.tif,6093620,1602,3.9624,396.24,0.11,0,10.539
slovenia,g13_00006_11.tif,6093628,873,2.1593,215.93,0.8625,1,13.673
slovenia,g13_00006_11.tif,6109021,43,0.1064,10.64,0.5571,1,1.628
slovenia,g13_00006_11.tif,6645080,10,0.0247,2.47,0.0008,0,0.414
slovenia,g13_00006_11.tif,6953134,946,2.3398,233.98,0.0507,0,11.184
slovenia,g13_00006_11.tif,6987751,542,1.3406,134.06,0.7878,1,10.938
slovenia,g13_00006_11.tif,6995387,865,2.1395,213.95,0.5017,1,12.223
slovenia,g13_00006_11.tif,6995390,58,0.1435,14.35,0.0176,0,3.167
slovenia,g13_00006_12.tif,6085722,98,0.2424,24.24,0.8056,1,3.262
slovenia,g13_00006_12.tif,6089770,612,1.5137,151.37,0.5758,1,9.137
slovenia,g13_00006_12.tif,6089772,64,0.1583,15.83,0.1228,0,3.671
slovenia,g13_00006_12.tif,6093624,1275,3.1536,315.36,0.8532,1,10.938
slovenia,g13_00006_12.tif,6093625,1207,2.9854,298.54,0.4008,0,12.522
slovenia,g13_00006_12.tif,6093628,272,0.6728,67.28,0.6871,1,5.781
slovenia,g13_00006_12.tif,6093632,503,1.2441,124.41,0.5439,1,6.632
slovenia,g13_00006_12.tif,6109021,802,1.9837,198.37,0.8188,1,13.22
slovenia,g13_00006_12.tif,6109028,385,0.9523,95.23,0.0017,0,6.749
slovenia,g13_00006_12.tif,6111252,44,0.1088,10.88,0.1173,0,2.492
slovenia,g13_00006_12.tif,6166271,89,0.2201,22.01,0.1745,0,2.492
slovenia,g13_00006_12.tif,6166272,8,0.0198,1.98,0.0263,0,0.414
slovenia,g13_00006_12.tif,6166273,24,0.0594,5.94,0.115,0,1.628
slovenia,g13_00006_12.tif,6166275,104,0.2572,25.72,0.5738,1,4.361
slovenia,g13_00006_12.tif,6166276,290,0.7173,71.73,0.1059,0,5.555
slovenia,g13_00006_12.tif,6378684,39,0.0965,9.65,0.1193,0,1.243
slovenia,g13_00006_12.tif,6378686,328,0.8113,81.13,0.4863,0,7.417
slovenia,g13_00006_12.tif,6445437,39,0.0965,9.65,0.1892,0,2.113
slovenia,g13_00006_12.tif,6445438,14,0.0346,3.46,0.0227,0,1.628
slovenia,g13_00006_12.tif,6466917,811,2.0059,200.59,0.1908,0,8.914
slovenia,g13_00006_12.tif,6466921,14,0.0346,3.46,0.0055,0,1.243
slovenia,g13_00006_12.tif,6625247,1849,4.5733,457.33,0.8118,1,9.876
slovenia,g13_00006_12.tif,6645080,9,0.0223,2.23,0.0,0,0.414
slovenia,g13_00006_12.tif,6733272,136,0.3364,33.64,0.2189,0,4.361
slovenia,g13_00006_12.tif,6733273,304,0.7519,75.19,0.0888,0,4.368
slovenia,g13_00006_12.tif,6733275,41,0.1014,10.14,0.2649,0,1.628
slovenia,g13_00006_12.tif,6733747,69,0.1707,17.07,0.1432,0,3.167
slovenia,g13_00006_12.tif,6733959,18,0.0445,4.45,0.1126,0,1.039
slovenia,g13_00006_12.tif,6802503,113,0.2795,27.95,0.3655,0,3.671
slovenia,g13_00006_12.tif,6803482,81,0.2003,20.03,0.8276,1,3.671
slovenia,g13_00006_12.tif,6879486,359,0.8879,88.79,0.1133,0,8.507
slovenia,g13_00006_12.tif,6916073,255,0.6307,63.07,0.1573,0,6.403
slovenia,g13_00006_12.tif,6987753,96,0.2374,23.74,0.6096,1,2.492
slovenia,g13_00006_12.tif,7049945,797,1.9713,197.13,0.3138,0,9.15
slovenia,g13_00006_12.tif,7049954,230,0.5689,56.89,0.0573,0,3.671
slovenia,g13_00006_12.tif,7049957,1158,2.8642,286.42,0.0814,0,7.355
slovenia,g13_00006_12.tif,7049958,520,1.2862,128.62,0.5441,1,8.507
slovenia,g13_00006_13.tif,6115133,281,0.695,69.5,0.8169,1,6.414
slovenia,g13_00006_13.tif,6115134,97,0.2399,23.99,0.77,1,3.946
slovenia,g13_00006_13.tif,6115178,78,0.1929,19.29,0.0585,0,3.109
slovenia,g13_00006_13.tif,6115225,154,0.3809,38.09,0.0799,0,3.671
slovenia,g13_00006_13.tif,6165385,42,0.1039,10.39,0.6327,1,2.492
slovenia,g13_00006_13.tif,6166271,13,0.0322,3.22,0.0173,0,1.039
slovenia,g13_00006_13.tif,6166272,134,0.3314,33.14,0.1784,0,3.946
slovenia,g13_00006_13.tif,6166273,9,0.0223,2.23,0.0031,0,1.039
slovenia,g13_00006_13.tif,6166275,502,1.2416,124.16,0.5078,1,9.28
slovenia,g13_00006_13.tif,6166279,11,0.0272,2.72,0.0062,0,1.039
slovenia,g13_00006_13.tif,6227446,226,0.559,55.9,0.5952,1,5.399
slovenia,g13_00006_13.tif,6378684,383,0.9473,94.73,0.5812,1,9.173
slovenia,g13_00006_13.tif,6378686,149,0.3685,36.85,0.601,1,4.641
slovenia,g13_00006_13.tif,6378689,149,0.3685,36.85,0.8,1,4.368
slovenia,g13_00006_13.tif,6378690,92,0.2276,22.76,0.1619,0,3.671
slovenia,g13_00006_13.tif,6378692,8,0.0198,1.98,0.0,0,1.039
slovenia,g13_00006_13.tif,6420102,694,1.7165,171.65,0.0964,0,6.852
slovenia,g13_00006_13.tif,6420112,13,0.0322,3.22,0.0157,0,1.628
slovenia,g13_00006_13.tif,6420113,28,0.0693,6.93,0.0,0,1.628
slovenia,g13_00006_13.tif,6420114,30,0.0742,7.42,0.0,0,2.072
slovenia,g13_00006_13.tif,6420115,120,0.2968,29.68,0.0055,0,3.167
slovenia,g13_00006_13.tif,6420116,23,0.0569,5.69,0.0179,0,1.628
slovenia,g13_00006_13.tif,6443934,220,0.5441,54.41,0.803,1,5.859
slovenia,g13_00006_13.tif,6476900,676,1.672,167.2,0.7961,1,7.861
slovenia,g13_00006_13.tif,6476901,107,0.2647,26.47,0.0127,0,2.492
slovenia,g13_00006_13.tif,6476908,295,0.7296,72.96,0.681,1,7.861
slovenia,g13_00006_13.tif,6496620,70,0.1731,17.31,0.7176,1,2.492
slovenia,g13_00006_13.tif,6496622,719,1.7784,177.84,0.0326,0,6.322
slovenia,g13_00006_13.tif,6496623,325,0.8039,80.39,0.6048,1,7.044
slovenia,g13_00006_13.tif,6496626,264,0.653,65.3,0.8444,1,6.632
slovenia,g13_00006_13.tif,6496631,34,0.0841,8.41,0.0,0,1.628
slovenia,g13_00006_13.tif,6496632,66,0.1632,16.32,0.0,0,1.973
slovenia,g13_00006_13.tif,6496741,63,0.1558,15.58,0.1152,0,2.344
slovenia,g13_00006_13.tif,6503716,13,0.0322,3.22,0.0703,0,0.78
slovenia,g13_00006_13.tif,6503722,373,0.9226,92.26,0.728,1,7.139
slovenia,g13_00006_13.tif,6503723,35,0.0866,8.66,0.0325,0,2.113
slovenia,g13_00006_13.tif,6503725,257,0.6357,63.57,0.4427,0,5.908
slovenia,g13_00006_13.tif,6503726,304,0.7519,75.19,0.5256,1,5.508
slovenia,g13_00006_13.tif,6503729,113,0.2795,27.95,0.2014,0,3.167
slovenia,g13_00006_13.tif,6503910,760,1.8798,187.98,0.6842,1,8.613
slovenia,g13_00006_13.tif,6503913,581,1.437,143.7,0.853,1,7.958
slovenia,g13_00006_13.tif,6503966,10,0.0247,2.47,0.0541,0,1.039
slovenia,g13_00006_13.tif,6504062,701,1.7338,173.38,0.5965,1,8.576
slovenia,g13_00006_13.tif,6504063,427,1.0561,105.61,0.6484,1,9.139
slovenia,g13_00006_13.tif,6504064,27,0.0668,6.68,0.0068,0,2.113
slovenia,g13_00006_13.tif,6523596,95,0.235,23.5,0.6105,1,3.671
slovenia,g13_00006_13.tif,6578410,156,0.3858,38.58,0.6494,1,4.699
slovenia,g13_00006_13.tif,6625271,249,0.6159,61.59,0.2505,0,6.215
slovenia,g13_00006_13.tif,6668356,445,1.1007,110.07,0.704,1,8.305
slovenia,g13_00006_13.tif,6715455,1767,4.3705,437.05,0.108,0,13.943
slovenia,g13_00006_13.tif,6715465,319,0.789,78.9,0.1635,0,4.433
slovenia,g13_00006_13.tif,6888878,200,0.4947,49.47,0.2831,0,5.386
slovenia,g13_00006_13.tif,6888881,8,0.0198,1.98,0.0221,0,0.78
slovenia,g13_00006_13.tif,6888882,51,0.1261,12.61,0.1253,0,2.492
slovenia,g13_00006_13.tif,6888883,227,0.5615,56.15,0.2426,0,3.729
slovenia,g13_00006_13.tif,6917369,375,0.9275,92.75,0.0,0,7.044
slovenia,g13_00006_13.tif,6917377,289,0.7148,71.48,0.8313,1,5.508
slovenia,g13_00006_13.tif,6917383,33,0.0816,8.16,0.0144,0,1.628
slovenia,g13_00006_13.tif,6945577,34,0.0841,8.41,0.0,0,2.344
slovenia,g13_00006_5.tif,6098813,24,0.0594,5.94,0.0075,0,1.628
slovenia,g13_00006_5.tif,6098814,15,0.0371,3.71,0.0909,0,1.243
slovenia,g13_00006_5.tif,6166701,139,0.3438,34.38,0.7472,1,4.97
slovenia,g13_00006_5.tif,6469566,24,0.0594,5.94,0.0777,0,1.628
slovenia,g13_00006_5.tif,6649668,66,0.1632,16.32,0.1144,0,3.532
slovenia,g13_00006_5.tif,6649670,63,0.1558,15.58,0.0978,0,3.033
slovenia,g13_00006_5.tif,6649671,37,0.0915,9.15,0.0,0,1.628
slovenia,g13_00006_5.tif,6649672,157,0.3883,38.83,0.0,0,3.671
slovenia,g13_00006_5.tif,6649673,93,0.23,23.0,0.641,1,3.946
slovenia,g13_00006_5.tif,6649818,18,0.0445,4.45,0.0,0,1.039
slovenia,g13_00006_5.tif,6895511,95,0.235,23.5,0.0,0,4.368
slovenia,g13_00006_5.tif,6895518,80,0.1979,19.79,0.4859,0,2.344
slovenia,g13_00006_5.tif,6899202,93,0.23,23.0,0.1444,0,3.033
slovenia,g13_00006_5.tif,6899203,45,0.1113,11.13,0.0699,0,2.492
slovenia,g13_00006_5.tif,6899212,60,0.1484,14.84,0.0898,0,3.033
slovenia,g13_00006_5.tif,6899213,16,0.0396,3.96,0.0248,0,1.039
slovenia,g13_00006_6.tif,6098812,130,0.3215,32.15,0.5,1,3.898
slovenia,g13_00006_6.tif,6098814,6,0.0148,1.48,0.0588,0,0.414
slovenia,g13_00006_6.tif,6098816,162,0.4007,40.07,0.0037,0,4.466
slovenia,g13_00006_6.tif,6537427,40,0.0989,9.89,0.3895,0,2.113
slovenia,g13_00006_7.tif,6338980,607,1.5013,150.13,0.5913,1,7.417
slovenia,g13_00006_7.tif,6446137,84,0.2078,20.78,0.0759,0,3.167
slovenia,g13_00006_7.tif,6793026,12,0.0297,2.97,0.015,0,1.039
slovenia,g13_00006_7.tif,6793028,57,0.141,14.1,0.0017,0,2.113
slovenia,g13_00006_7.tif,6793029,247,0.6109,61.09,0.2651,0,4.558
slovenia,g13_00006_7.tif,6793030,14,0.0346,3.46,0.015,0,1.243
slovenia,g13_00006_7.tif,6793031,5,0.0124,1.24,0.0063,0,0.414
slovenia,g13_00006_7.tif,6801711,55,0.136,13.6,0.0267,0,2.9
slovenia,g13_00006_7.tif,6801712,51,0.1261,12.61,0.0169,0,2.9
slovenia,g13_00016_0.tif,6102575,56,0.1386,13.86,0.0518,0,2.129
slovenia,g13_00016_0.tif,6220602,20,0.0495,4.95,0.0797,0,1.236
slovenia,g13_00016_0.tif,6243944,15,0.0371,3.71,0.1829,0,1.045
slovenia,g13_00016_0.tif,6243948,157,0.3887,38.87,0.0022,0,4.358
slovenia,g13_00016_0.tif,6248570,35,0.0867,8.67,0.0086,0,2.129
slovenia,g13_00016_0.tif,6309752,37,0.0916,9.16,0.0525,0,2.502
slovenia,g13_00016_0.tif,6343333,180,0.4457,44.57,0.0493,0,3.036
slovenia,g13_00016_0.tif,6959166,365,0.9037,90.37,0.1123,0,3.88
slovenia,g13_00016_1.tif,6243948,33,0.0822,8.22,0.0501,0,1.989
slovenia,g13_00017_17.tif,6092968,148,0.3688,36.88,0.2441,0,2.128
slovenia,g13_00017_17.tif,6112021,43,0.1072,10.72,0.1336,0,2.349
slovenia,g13_00017_17.tif,6164514,501,1.2486,124.86,0.7846,1,9.235
slovenia,g13_00017_17.tif,6168691,48,0.1196,11.96,0.014,0,2.903
slovenia,g13_00017_17.tif,6168692,100,0.2492,24.92,0.5772,1,3.045
slovenia,g13_00017_17.tif,6168693,60,0.1495,14.95,0.0227,0,2.506
slovenia,g13_00017_17.tif,6168694,475,1.1838,118.38,0.5299,1,6.449
slovenia,g13_00017_17.tif,6193419,89,0.2218,22.18,0.8125,1,3.682
slovenia,g13_00017_17.tif,6239504,95,0.2368,23.68,0.1517,0,2.128
slovenia,g13_00017_17.tif,6239505,198,0.4934,49.34,0.365,0,4.463
slovenia,g13_00017_17.tif,6239746,29,0.0723,7.23,0.0483,0,2.349
slovenia,g13_00017_17.tif,6241660,189,0.471,47.1,0.2711,0,6.329
slovenia,g13_00017_17.tif,6257963,289,0.7202,72.02,0.2988,0,4.705
slovenia,g13_00017_17.tif,6257967,49,0.1221,12.21,0.1,0,2.506
slovenia,g13_00017_17.tif,6298597,100,0.2492,24.92,0.276,0,3.966
slovenia,g13_00017_17.tif,6298647,63,0.157,15.7,0.0777,0,2.128
slovenia,g13_00017_17.tif,6335164,149,0.3713,37.13,0.2487,0,2.506
slovenia,g13_00017_17.tif,6335165,124,0.309,30.9,0.207,0,1.989
slovenia,g13_00017_17.tif,6357855,769,1.9165,191.65,0.8864,1,7.88
slovenia,g13_00017_17.tif,6357856,508,1.266,126.6,0.7303,1,10.172
slovenia,g13_00017_17.tif,6357859,6,0.015,1.5,0.0517,0,0.415
slovenia,g13_00017_17.tif,6368730,277,0.6903,69.03,0.3439,0,3.114
slovenia,g13_00017_17.tif,6373005,104,0.2592,25.92,0.3716,0,3.733
slovenia,g13_00017_17.tif,6373841,56,0.1396,13.96,0.0708,0,2.506
slovenia,g13_00017_17.tif,6373935,89,0.2218,22.18,0.1498,0,2.128
slovenia,g13_00017_17.tif,6373937,20,0.0498,4.98,0.1026,0,1.634
slovenia,g13_00017_17.tif,6373938,40,0.0997,9.97,0.5532,1,2.349
slovenia,g13_00017_17.tif,6373939,24,0.0598,5.98,0.1075,0,1.244
slovenia,g13_00017_17.tif,6410172,355,0.8847,88.47,0.73,1,6.449
slovenia,g13_00017_17.tif,6469623,9,0.0224,2.24,0.0063,0,0.787
slovenia,g13_00017_17.tif,6469625,50,0.1246,12.46,0.0335,0,2.128
slovenia,g13_00017_17.tif,6469709,80,0.1994,19.94,0.045,0,2.903
slovenia,g13_00017_17.tif,6477163,59,0.147,14.7,0.0106,0,3.19
slovenia,g13_00017_17.tif,6477164,263,0.6554,65.54,0.6098,1,7.123
slovenia,g13_00017_17.tif,6477167,72,0.1794,17.94,0.863,1,3.554
slovenia,g13_00017_17.tif,6477168,26,0.0648,6.48,0.061,0,1.634
slovenia,g13_00017_17.tif,6500731,3,0.0075,0.75,0.0132,0,0.415
slovenia,g13_00017_17.tif,6606604,33,0.0822,8.22,0.8529,1,1.989
slovenia,g13_00017_17.tif,6617028,64,0.1595,15.95,0.6486,1,3.045
slovenia,g13_00017_17.tif,6639520,889,2.2155,221.55,0.8548,1,8.843
slovenia,g13_00017_17.tif,6639522,295,0.7352,73.52,0.1586,0,6.643
slovenia,g13_00017_17.tif,6639523,386,0.962,96.2,0.5579,1,7.779
slovenia,g13_00017_17.tif,6639526,1256,3.1302,313.02,0.9246,1,16.222
slovenia,g13_00017_17.tif,6639528,764,1.904,190.4,0.7693,1,9.169
slovenia,g13_00017_17.tif,6639530,607,1.5127,151.27,0.7799,1,10.411
slovenia,g13_00017_17.tif,6639538,460,1.1464,114.64,0.8636,1,7.903
slovenia,g13_00017_17.tif,6639542,404,1.0068,100.68,0.8329,1,5.87
slovenia,g13_00017_17.tif,6639546,308,0.7676,76.76,0.7825,1,8.159
slovenia,g13_00017_17.tif,6639548,276,0.6878,68.78,0.1653,0,6.984
slovenia,g13_00017_17.tif,6639554,219,0.5458,54.58,0.1187,0,5.426
slovenia,g13_00017_17.tif,6639759,47,0.1171,11.71,0.0286,0,2.074
slovenia,g13_00017_17.tif,6647091,431,1.0741,107.41,0.2885,0,5.731
slovenia,g13_00017_17.tif,6647092,167,0.4162,41.62,0.0621,0,3.966
slovenia,g13_00017_17.tif,6658340,737,1.8367,183.67,0.8404,1,10.056
slovenia,g13_00017_17.tif,6658343,351,0.8747,87.47,0.2174,0,7.147
slovenia,g13_00017_17.tif,6668555,1769,4.4086,440.86,0.6783,1,14.565
slovenia,g13_00017_17.tif,6668562,51,0.1271,12.71,0.0103,0,2.349
slovenia,g13_00017_17.tif,6676156,83,0.2068,20.68,0.0314,0,3.045
slovenia,g13_00017_17.tif,6676158,763,1.9015,190.15,0.822,1,9.756
slovenia,g13_00017_17.tif,6676159,275,0.6853,68.53,0.8464,1,6.449
slovenia,g13_00017_17.tif,6713230,588,1.4654,146.54,0.803,1,8.843
slovenia,g13_00017_17.tif,6717412,377,0.9395,93.95,0.521,1,5.594
slovenia,g13_00017_17.tif,6717413,70,0.1745,17.45,0.1128,0,3.045
slovenia,g13_00017_17.tif,6717423,339,0.8448,84.48,0.6314,1,5.081
slovenia,g13_00017_17.tif,6717424,99,0.2467,24.67,0.0316,0,3.682
slovenia,g13_00017_17.tif,6717427,90,0.2243,22.43,0.5778,1,3.285
slovenia,g13_00017_17.tif,6717437,215,0.5358,53.58,0.3043,0,3.903
slovenia,g13_00017_17.tif,6846301,195,0.486,48.6,0.1473,0,5.426
slovenia,g13_00017_17.tif,6846303,208,0.5184,51.84,0.682,1,4.379
slovenia,g13_00017_17.tif,6846341,332,0.8274,82.74,0.5792,1,6.796
slovenia,g13_00017_17.tif,6846357,20,0.0498,4.98,0.0396,0,0.415
slovenia,g13_00017_17.tif,6853088,602,1.5003,150.03,0.8574,1,9.021
slovenia,g13_00017_17.tif,6853106,42,0.1047,10.47,0.1522,0,2.128
slovenia,g13_00017_17.tif,6881114,521,1.2984,129.84,0.5182,1,9.539
slovenia,g13_00017_17.tif,6940227,524,1.3059,130.59,0.7824,1,9.964
slovenia,g13_00017_17.tif,6940228,296,0.7377,73.77,0.8416,1,6.329
slovenia,g13_00017_18.tif,6084205,110,0.2741,27.41,0.6562,1,4.379
slovenia,g13_00017_18.tif,6084321,615,1.5327,153.27,0.8979,1,8.843
slovenia,g13_00017_18.tif,6084429,46,0.1146,11.46,0.0307,0,1.989
slovenia,g13_00017_18.tif,6092954,742,1.8492,184.92,0.7778,1,10.401
slovenia,g13_00017_18.tif,6092968,53,0.1321,13.21,0.1661,0,1.989
slovenia,g13_00017_18.tif,6092971,220,0.5483,54.83,0.4094,0,2.349
slovenia,g13_00017_18.tif,6092977,179,0.4461,44.61,0.1012,0,3.19
slovenia,g13_00017_18.tif,6092979,103,0.2567,25.67,0.2846,0,2.349
slovenia,g13_00017_18.tif,6108633,495,1.2336,123.36,0.2383,0,5.426
slovenia,g13_00017_18.tif,6109207,91,0.2268,22.68,0.5,1,3.19
slovenia,g13_00017_18.tif,6109287,49,0.1221,12.21,0.3279,0,2.506
slovenia,g13_00017_18.tif,6109328,205,0.5109,51.09,0.8835,1,5.594
slovenia,g13_00017_18.tif,6109658,189,0.471,47.1,0.7642,1,5.731
slovenia,g13_00017_18.tif,6112017,248,0.6181,61.81,0.1614,0,3.682
slovenia,g13_00017_18.tif,6112019,8,0.0199,1.99,0.0052,0,1.045
slovenia,g13_00017_18.tif,6112020,3,0.0075,0.75,0.002,0,0.415
slovenia,g13_00017_18.tif,6112022,66,0.1645,16.45,0.0229,0,3.114
slovenia,g13_00017_18.tif,6112905,253,0.6305,63.05,0.586,1,4.998
slovenia,g13_00017_18.tif,6131465,536,1.3358,133.58,0.8801,1,9.199
slovenia,g13_00017_18.tif,6131467,411,1.0243,102.43,0.8487,1,7.779
slovenia,g13_00017_18.tif,6146992,439,1.0941,109.41,0.1686,0,5.515
slovenia,g13_00017_18.tif,6146993,404,1.0068,100.68,0.7434,1,6.796
slovenia,g13_00017_18.tif,6151740,253,0.6305,63.05,0.4454,0,3.045
slovenia,g13_00017_18.tif,6151741,124,0.309,30.9,0.0343,0,2.074
slovenia,g13_00017_18.tif,6151743,579,1.443,144.3,0.8668,1,11.267
slovenia,g13_00017_18.tif,6151793,212,0.5283,52.83,0.322,0,3.285
slovenia,g13_00017_18.tif,6164514,160,0.3987,39.87,0.113,0,4.485
slovenia,g13_00017_18.tif,6164517,62,0.1545,15.45,0.0577,0,3.114
slovenia,g13_00017_18.tif,6168840,157,0.3913,39.13,0.2175,0,2.074
slovenia,g13_00017_18.tif,6168893,489,1.2187,121.87,0.7738,1,7.779
slovenia,g13_00017_18.tif,6168940,230,0.5732,57.32,0.147,0,3.045
slovenia,g13_00017_18.tif,6169057,24,0.0598,5.98,0.0027,0,1.634
slovenia,g13_00017_18.tif,6169713,159,0.3963,39.63,0.809,1,5.081
slovenia,g13_00017_18.tif,6193417,171,0.4262,42.62,0.5051,1,3.19
slovenia,g13_00017_18.tif,6212727,15,0.0374,3.74,0.0072,0,1.045
slovenia,g13_00017_18.tif,6232871,142,0.3539,35.39,0.7578,1,3.682
slovenia,g13_00017_18.tif,6232876,24,0.0598,5.98,0.2637,0,1.244
slovenia,g13_00017_18.tif,6232954,147,0.3663,36.63,0.1645,0,3.682
slovenia,g13_00017_18.tif,6239505,134,0.3339,33.39,0.4393,0,4.463
slovenia,g13_00017_18.tif,6239507,347,0.8648,86.48,0.7957,1,5.112
slovenia,g13_00017_18.tif,6239509,50,0.1246,12.46,0.0693,0,1.634
slovenia,g13_00017_18.tif,6239511,6,0.015,1.5,0.0083,0,1.045
slovenia,g13_00017_18.tif,6239512,79,0.1969,19.69,0.0694,0,3.045
slovenia,g13_00017_18.tif,6239524,81,0.2019,20.19,0.0425,0,1.634
slovenia,g13_00017_18.tif,6239528,69,0.172,17.2,0.0,0,2.506
slovenia,g13_00017_18.tif,6239746,95,0.2368,23.68,0.25,0,3.19
slovenia,g13_00017_18.tif,6297786,44,0.1097,10.97,0.0327,0,2.128
slovenia,g13_00017_18.tif,6297788,222,0.5533,55.33,0.2508,0,1.989
slovenia,g13_00017_18.tif,6297790,124,0.309,30.9,0.723,1,2.128
slovenia,g13_00017_18.tif,6297791,23,0.0573,5.73,0.0362,0,1.244
slovenia,g13_00017_18.tif,6297926,1442,3.5937,359.37,0.8202,1,15.824
slovenia,g13_00017_18.tif,6298613,269,0.6704,67.04,0.7375,1,6.42
slovenia,g13_00017_18.tif,6298617,262,0.6529,65.29,0.2931,0,5.426
slovenia,g13_00017_18.tif,6298624,16,0.0399,3.99,0.0,0,1.045
slovenia,g13_00017_18.tif,6309519,90,0.2243,22.43,0.1193,0,4.379
slovenia,g13_00017_18.tif,6309520,207,0.5159,51.59,0.2559,0,5.081
slovenia,g13_00017_18.tif,6373003,42,0.1047,10.47,0.095,0,3.045
slovenia,g13_00017_18.tif,6373005,330,0.8224,82.24,0.6307,1,6.886
slovenia,g13_00017_18.tif,6375580,9,0.0224,2.24,0.0059,0,1.045
slovenia,g13_00017_18.tif,6375581,153,0.3813,38.13,0.0995,0,2.074
slovenia,g13_00017_18.tif,6410172,7,0.0174,1.74,0.0011,0,0.787
slovenia,g13_00017_18.tif,6411008,377,0.9395,93.95,0.6489,1,5.081
slovenia,g13_00017_18.tif,6411743,356,0.8872,88.72,0.2938,0,6.42
slovenia,g13_00017_18.tif,6500714,491,1.2237,122.37,0.5094,1,7.523
slovenia,g13_00017_18.tif,6500724,268,0.6679,66.79,0.7447,1,4.392
slovenia,g13_00017_18.tif,6500731,200,0.4984,49.84,0.7371,1,4.485
slovenia,g13_00017_18.tif,6500739,138,0.3439,34.39,0.1297,0,3.045
slovenia,g13_00017_18.tif,6606637,457,1.1389,113.89,0.7373,1,4.705
slovenia,g13_00017_18.tif,6606662,336,0.8374,83.74,0.2211,0,5.081
slovenia,g13_00017_18.tif,6606913,185,0.461,46.1,0.5878,1,5.731
slovenia,g13_00017_18.tif,6615112,299,0.7452,74.52,0.8275,1,5.594
slovenia,g13_00017_18.tif,6622108,287,0.7152,71.52,0.2292,0,3.19
slovenia,g13_00017_18.tif,6630066,239,0.5956,59.56,0.4837,0,3.682
slovenia,g13_00017_18.tif,6639549,138,0.3439,34.39,0.6879,1,4.998
slovenia,g13_00017_18.tif,6645614,161,0.4012,40.12,0.6754,1,3.682
slovenia,g13_00017_18.tif,6704745,405,1.0093,100.93,0.5,1,3.966
slovenia,g13_00017_18.tif,6704749,21,0.0523,5.23,0.0,0,1.989
slovenia,g13_00017_18.tif,6712320,238,0.5931,59.31,0.1335,0,4.562
slovenia,g13_00017_18.tif,6713230,69,0.172,17.2,0.7195,1,3.045
slovenia,g13_00017_18.tif,6713269,247,0.6156,61.56,0.1334,0,3.045
slovenia,g13_00017_18.tif,6713276,21,0.0523,5.23,0.0137,0,1.634
slovenia,g13_00017_18.tif,6713286,93,0.2318,23.18,0.0557,0,2.349
slovenia,g13_00017_18.tif,6714168,31,0.0773,7.73,0.0026,0,1.045
slovenia,g13_00017_18.tif,6717422,358,0.8922,89.22,0.3787,0,5.934
slovenia,g13_00017_18.tif,6717427,66,0.1645,16.45,0.8169,1,3.045
slovenia,g13_00017_18.tif,6717449,719,1.7919,179.19,0.5045,1,6.449
slovenia,g13_00017_18.tif,6717456,167,0.4162,41.62,0.503,1,3.114
slovenia,g13_00017_18.tif,6717457,252,0.628,62.8,0.4363,0,3.19
slovenia,g13_00017_18.tif,6800797,271,0.6754,67.54,0.8493,1,4.705
slovenia,g13_00017_18.tif,6800800,129,0.3215,32.15,0.0357,0,2.128
slovenia,g13_00017_18.tif,6800801,23,0.0573,5.73,0.0065,0,1.634
slovenia,g13_00017_18.tif,6853092,500,1.2461,124.61,0.7875,1,8.347
slovenia,g13_00017_18.tif,6853094,43,0.1072,10.72,0.026,0,1.244
slovenia,g13_00017_18.tif,6853097,269,0.6704,67.04,0.2378,0,6.449
slovenia,g13_00017_18.tif,6853113,133,0.3315,33.15,0.2274,0,1.634
slovenia,g13_00017_18.tif,6862171,219,0.5458,54.58,0.6726,1,4.562
slovenia,g13_00017_18.tif,6873507,424,1.0567,105.67,0.528,1,9.396
slovenia,g13_00017_18.tif,6873509,110,0.2741,27.41,0.123,0,2.349
slovenia,g13_00017_18.tif,6873510,97,0.2417,24.17,0.1208,0,2.128
slovenia,g13_00017_18.tif,6881114,248,0.6181,61.81,0.2689,0,6.221
slovenia,g13_00017_18.tif,6881124,411,1.0243,102.43,0.7285,1,8.347
slovenia,g13_00017_18.tif,6944704,210,0.5234,52.34,0.5546,1,5.594
slovenia,g13_00017_18.tif,6944766,372,0.9271,92.71,0.0821,0,3.682
slovenia,g13_00017_18.tif,6944796,45,0.1121,11.21,0.0,0,2.349
slovenia,g13_00017_18.tif,6955933,605,1.5078,150.78,0.7977,1,7.779
slovenia,g13_00018_0.tif,6084416,305,0.7551,75.51,0.5469,1,6.289
slovenia,g13_00018_0.tif,6108638,282,0.6982,69.82,0.4463,0,3.097
slovenia,g13_00018_0.tif,6109333,106,0.2624,26.24,0.2608,0,2.337
slovenia,g13_00018_0.tif,6109654,477,1.181,118.1,0.5506,1,9.358
slovenia,g13_00018_0.tif,6109656,711,1.7603,176.03,0.4531,0,11.73
slovenia,g13_00018_0.tif,6109658,72,0.1783,17.83,0.1138,0,2.06
slovenia,g13_00018_0.tif,6109660,433,1.0721,107.21,0.6715,1,5.417
slovenia,g13_00018_0.tif,6109661,356,0.8814,88.14,0.5038,1,6.391
slovenia,g13_00018_0.tif,6109663,116,0.2872,28.72,0.1714,0,2.129
slovenia,g13_00018_0.tif,6109720,31,0.0768,7.68,0.0683,0,1.045
slovenia,g13_00018_0.tif,6112020,145,0.359,35.9,0.252,0,1.628
slovenia,g13_00018_0.tif,6120345,17,0.0421,4.21,0.0482,0,1.045
slovenia,g13_00018_0.tif,6131462,1154,2.8572,285.72,0.7827,1,12.292
slovenia,g13_00018_0.tif,6131465,206,0.51,51.0,0.8502,1,6.289
slovenia,g13_00018_0.tif,6131472,301,0.7452,74.52,0.6235,1,6.441
slovenia,g13_00018_0.tif,6131477,165,0.4085,40.85,0.1727,0,2.884
slovenia,g13_00018_0.tif,6131479,52,0.1287,12.87,0.1697,0,2.129
slovenia,g13_00018_0.tif,6139993,346,0.8567,85.67,0.3659,0,4.993
slovenia,g13_00018_0.tif,6139998,277,0.6858,68.58,0.76,1,5.819
slovenia,g13_00018_0.tif,6140001,160,0.3961,39.61,0.7339,1,5.357
slovenia,g13_00018_0.tif,6140002,158,0.3912,39.12,0.1282,0,4.395
slovenia,g13_00018_0.tif,6140004,107,0.2649,26.49,0.1748,0,1.991
slovenia,g13_00018_0.tif,6168848,421,1.0423,104.23,0.347,0,5.48
slovenia,g13_00018_0.tif,6226124,391,0.9681,96.81,0.8481,1,6.181
slovenia,g13_00018_0.tif,6250816,229,0.567,56.7,0.2566,0,4.533
slovenia,g13_00018_0.tif,6279233,294,0.7279,72.79,0.4464,0,5.837
slovenia,g13_00018_0.tif,6279236,128,0.3169,31.69,0.1677,0,3.552
slovenia,g13_00018_0.tif,6279360,182,0.4506,45.06,0.6105,1,5.086
slovenia,g13_00018_0.tif,6279379,8,0.0198,1.98,0.024,0,1.045
slovenia,g13_00018_0.tif,6301286,586,1.4509,145.09,0.6215,1,7.835
slovenia,g13_00018_0.tif,6301290,303,0.7502,75.02,0.2602,0,6.289
slovenia,g13_00018_0.tif,6301291,282,0.6982,69.82,0.4095,0,4.465
slovenia,g13_00018_0.tif,6301293,179,0.4432,44.32,0.1737,0,2.884
slovenia,g13_00018_0.tif,6307194,532,1.3172,131.72,0.6584,1,10.301
slovenia,g13_00018_0.tif,6307196,316,0.7824,78.24,0.6471,1,5.417
slovenia,g13_00018_0.tif,6307199,212,0.5249,52.49,0.1884,0,3.668
slovenia,g13_00018_0.tif,6307200,77,0.1906,19.06,0.5188,1,3.097
slovenia,g13_00018_0.tif,6307325,98,0.2426,24.26,0.263,0,3.286
slovenia,g13_00018_0.tif,6307857,618,1.5301,153.01,0.7658,1,10.895
slovenia,g13_00018_0.tif,6353375,155,0.3838,38.38,0.265,0,3.036
slovenia,g13_00018_0.tif,6363218,479,1.1859,118.59,0.6159,1,7.102
slovenia,g13_00018_0.tif,6375580,116,0.2872,28.72,0.3494,0,1.628
slovenia,g13_00018_0.tif,6388885,463,1.1463,114.63,0.7271,1,5.707
slovenia,g13_00018_0.tif,6388891,269,0.666,66.6,0.6959,1,5.819
slovenia,g13_00018_0.tif,6388898,66,0.1634,16.34,0.4624,0,2.337
slovenia,g13_00018_0.tif,6395747,318,0.7873,78.73,0.6541,1,6.874
slovenia,g13_00018_0.tif,6395752,191,0.4729,47.29,0.4048,0,2.884
slovenia,g13_00018_0.tif,6395805,8,0.0198,1.98,0.0231,0,0.79
slovenia,g13_00018_0.tif,6412497,509,1.2602,126.02,0.6101,1,7.829
slovenia,g13_00018_0.tif,6412501,196,0.4853,48.53,0.4224,0,3.193
slovenia,g13_00018_0.tif,6412626,465,1.1513,115.13,0.2556,0,7.005
slovenia,g13_00018_0.tif,6412632,438,1.0844,108.44,0.3617,0,4.358
slovenia,g13_00018_0.tif,6412633,406,1.0052,100.52,0.2865,0,4.358
slovenia,g13_00018_0.tif,6412733,40,0.099,9.9,0.1231,0,2.337
slovenia,g13_00018_0.tif,6448923,526,1.3023,130.23,0.6128,1,11.125
slovenia,g13_00018_0.tif,6448926,12,0.0297,2.97,0.0306,0,1.236
slovenia,g13_00018_0.tif,6449043,299,0.7403,74.03,0.4486,0,3.552
slovenia,g13_00018_0.tif,6454973,256,0.6338,63.38,0.6458,1,7.37
slovenia,g13_00018_0.tif,6454974,17,0.0421,4.21,0.0,0,1.628
slovenia,g13_00018_0.tif,6454976,72,0.1783,17.83,0.0,0,2.06
slovenia,g13_00018_0.tif,6454977,298,0.7378,73.78,0.7902,1,6.391
slovenia,g13_00018_0.tif,6454982,487,1.2057,120.57,0.3017,0,5.919
slovenia,g13_00018_0.tif,6455172,389,0.9631,96.31,0.7206,1,5.063
slovenia,g13_00018_0.tif,6500699,960,2.3768,237.68,0.3708,0,13.295
slovenia,g13_00018_0.tif,6500706,1612,3.9911,399.11,0.7726,1,16.894
slovenia,g13_00018_0.tif,6500717,373,0.9235,92.35,0.8111,1,7.829
slovenia,g13_00018_0.tif,6500733,37,0.0916,9.16,0.023,0,1.991
slovenia,g13_00018_0.tif,6500788,639,1.5821,158.21,0.923,1,10.8
slovenia,g13_00018_0.tif,6500792,389,0.9631,96.31,0.8186,1,9.342
slovenia,g13_00018_0.tif,6500795,142,0.3516,35.16,0.2171,0,3.708
slovenia,g13_00018_0.tif,6502777,38,0.0941,9.41,0.2396,0,1.236
slovenia,g13_00018_0.tif,6508732,592,1.4657,146.57,0.4678,0,6.605
slovenia,g13_00018_0.tif,6543027,214,0.5298,52.98,0.8165,1,3.708
slovenia,g13_00018_0.tif,6630066,6,0.0149,1.49,0.0568,0,0.412
slovenia,g13_00018_0.tif,6639563,168,0.4159,41.59,0.5016,1,4.358
slovenia,g13_00018_0.tif,6645613,807,1.998,199.8,0.6234,1,12.251
slovenia,g13_00018_0.tif,6645614,97,0.2402,24.02,0.7864,1,3.668
slovenia,g13_00018_0.tif,6645632,469,1.1612,116.12,0.156,0,4.993
slovenia,g13_00018_0.tif,6645638,247,0.6115,61.15,0.6826,1,5.48
slovenia,g13_00018_0.tif,6694033,152,0.3763,37.63,0.8272,1,3.708
slovenia,g13_00018_0.tif,6704689,2022,5.0062,500.62,0.9356,1,18.542
slovenia,g13_00018_0.tif,6704691,1502,3.7188,371.88,0.8536,1,14.615
slovenia,g13_00018_0.tif,6704731,354,0.8765,87.65,0.1743,0,4.533
slovenia,g13_00018_0.tif,6704734,236,0.5843,58.43,0.1657,0,4.993
slovenia,g13_00018_0.tif,6704737,220,0.5447,54.47,0.6992,1,4.533
slovenia,g13_00018_0.tif,6704741,202,0.5001,50.01,0.3566,0,3.193
slovenia,g13_00018_0.tif,6712308,31,0.0768,7.68,0.1117,0,1.991
slovenia,g13_00018_0.tif,6712320,33,0.0817,8.17,0.0322,0,1.628
slovenia,g13_00018_0.tif,6713224,708,1.7529,175.29,0.5447,1,9.55
slovenia,g13_00018_0.tif,6713227,22,0.0545,5.45,0.0332,0,1.628
slovenia,g13_00018_0.tif,6713262,338,0.8368,83.68,0.5562,1,6.181
slovenia,g13_00018_0.tif,6713273,264,0.6536,65.36,0.7905,1,7.384
slovenia,g13_00018_0.tif,6713276,121,0.2996,29.96,0.3284,0,1.628
slovenia,g13_00018_0.tif,6713279,148,0.3664,36.64,0.4107,0,3.668
slovenia,g13_00018_0.tif,6713282,165,0.4085,40.85,0.1064,0,1.628
slovenia,g13_00018_0.tif,6713283,135,0.3342,33.42,0.1069,0,1.991
slovenia,g13_00018_0.tif,6718684,170,0.4209,42.09,0.2237,0,2.337
slovenia,g13_00018_0.tif,6748707,97,0.2402,24.02,0.3088,0,3.708
slovenia,g13_00018_0.tif,6789601,328,0.8121,81.21,0.831,1,7.918
slovenia,g13_00018_0.tif,6789605,337,0.8344,83.44,0.7619,1,6.605
slovenia,g13_00018_0.tif,6853094,247,0.6115,61.15,0.4568,0,3.668
slovenia,g13_00018_0.tif,6853114,583,1.4434,144.34,0.744,1,7.916
slovenia,g13_00018_0.tif,6859845,326,0.8071,80.71,0.5163,1,4.395
slovenia,g13_00018_0.tif,6862171,2590,6.4125,641.25,0.8441,1,19.302
slovenia,g13_00018_0.tif,6944702,131,0.3243,32.43,0.3342,0,3.097
slovenia,g13_00018_0.tif,6944703,207,0.5125,51.25,0.316,0,3.708
slovenia,g13_00018_0.tif,7008078,2854,7.0661,706.61,0.473,0,20.276
slovenia,g13_00018_0.tif,7047230,148,0.3664,36.64,0.4797,0,4.358
slovenia,g13_00018_12.tif,6220597,365,0.9039,90.39,0.3474,0,6.607
slovenia,g13_00018_12.tif,6245714,300,0.7429,74.29,0.1524,0,3.552
slovenia,g13_00018_12.tif,6245715,66,0.1634,16.34,0.1286,0,1.628
slovenia,g13_00018_12.tif,6309755,11,0.0272,2.72,0.0531,0,1.045
slovenia,g13_00018_12.tif,6959166,12,0.0297,2.97,0.0414,0,1.045
slovenia,g13_00020_10.tif,6109665,70,0.1745,17.45,0.0772,0,1.989
slovenia,g13_00020_10.tif,6112021,86,0.2144,21.44,0.7802,1,3.904
slovenia,g13_00020_10.tif,6130378,130,0.3241,32.41,0.0151,0,4.463
slovenia,g13_00020_10.tif,6130379,144,0.359,35.9,0.0726,0,3.045
slovenia,g13_00020_10.tif,6143655,212,0.5285,52.85,0.3176,0,6.331
slovenia,g13_00020_10.tif,6143656,71,0.177,17.7,0.1381,0,3.045
slovenia,g13_00020_10.tif,6144827,67,0.167,16.7,0.4806,0,1.634
slovenia,g13_00020_10.tif,6144829,265,0.6606,66.06,0.0192,0,5.081
slovenia,g13_00020_10.tif,6144833,130,0.3241,32.41,0.6728,1,4.563
slovenia,g13_00020_10.tif,6144835,133,0.3315,33.15,0.0164,0,3.045
slovenia,g13_00020_10.tif,6144850,68,0.1695,16.95,0.3241,0,1.634
slovenia,g13_00020_10.tif,6146988,15,0.0374,3.74,0.0338,0,1.045
slovenia,g13_00020_10.tif,6146989,10,0.0249,2.49,0.0255,0,1.045
slovenia,g13_00020_10.tif,6146994,188,0.4686,46.86,0.7435,1,4.38
slovenia,g13_00020_10.tif,6207621,88,0.2194,21.94,0.7154,1,3.045
slovenia,g13_00020_10.tif,6207622,76,0.1895,18.95,0.0,0,2.904
slovenia,g13_00020_10.tif,6212691,238,0.5933,59.33,0.0374,0,3.115
slovenia,g13_00020_10.tif,6212694,26,0.0648,6.48,0.0,0,1.634
slovenia,g13_00020_10.tif,6212695,76,0.1895,18.95,0.0087,0,3.683
slovenia,g13_00020_10.tif,6213421,177,0.4412,44.12,0.5596,1,4.38
slovenia,g13_00020_10.tif,6213467,198,0.4936,49.36,0.4987,0,5.427
slovenia,g13_00020_10.tif,6213494,106,0.2642,26.42,0.5847,1,4.38
slovenia,g13_00020_10.tif,6217968,72,0.1795,17.95,0.0,0,2.904
slovenia,g13_00020_10.tif,6226111,144,0.359,35.9,0.0699,0,4.998
slovenia,g13_00020_10.tif,6226114,39,0.0972,9.72,0.1535,0,2.074
slovenia,g13_00020_10.tif,6226115,112,0.2792,27.92,0.3759,0,4.563
slovenia,g13_00020_10.tif,6226117,7,0.0174,1.74,0.021,0,0.787
slovenia,g13_00020_10.tif,6226120,26,0.0648,6.48,0.0829,0,1.634
slovenia,g13_00020_10.tif,6226121,52,0.1296,12.96,0.1682,0,2.074
slovenia,g13_00020_10.tif,6226251,172,0.4288,42.88,0.4347,0,4.998
slovenia,g13_00020_10.tif,6226252,4,0.01,1.0,0.012,0,0.787
slovenia,g13_00020_10.tif,6239519,17,0.0424,4.24,0.0047,0,1.245
slovenia,g13_00020_10.tif,6239520,35,0.0872,8.72,0.0356,0,1.245
slovenia,g13_00020_10.tif,6239521,156,0.3889,38.89,0.6313,1,2.904
slovenia,g13_00020_10.tif,6301008,160,0.3988,39.88,0.3167,0,4.38
slovenia,g13_00020_10.tif,6301012,66,0.1645,16.45,0.0,0,2.074
slovenia,g13_00020_10.tif,6307203,39,0.0972,9.72,0.1481,0,2.349
slovenia,g13_00020_10.tif,6357856,8,0.0199,1.99,0.0597,0,0.787
slovenia,g13_00020_10.tif,6357861,45,0.1122,11.22,0.4231,0,2.904
slovenia,g13_00020_10.tif,6398484,125,0.3116,31.16,0.0431,0,3.045
slovenia,g13_00020_10.tif,6398485,171,0.4263,42.63,0.7178,1,4.67
slovenia,g13_00020_10.tif,6398487,33,0.0823,8.23,0.2092,0,2.074
slovenia,g13_00020_10.tif,6411748,90,0.2244,22.44,0.0,0,3.115
slovenia,g13_00020_10.tif,6411749,67,0.167,16.7,0.0,0,2.349
slovenia,g13_00020_10.tif,6477162,50,0.1246,12.46,0.0029,0,2.904
slovenia,g13_00020_10.tif,6477163,24,0.0598,5.98,0.0302,0,1.634
slovenia,g13_00020_10.tif,6477164,63,0.157,15.7,0.7403,1,3.115
slovenia,g13_00020_10.tif,6477167,17,0.0424,4.24,0.0751,0,1.045
slovenia,g13_00020_10.tif,6477168,38,0.0947,9.47,0.1237,0,1.989
slovenia,g13_00020_10.tif,6477169,19,0.0474,4.74,0.0086,0,2.128
slovenia,g13_00020_10.tif,6500735,80,0.1994,19.94,0.0,0,3.19
slovenia,g13_00020_10.tif,6590947,45,0.1122,11.22,0.0,0,1.634
slovenia,g13_00020_10.tif,6602108,339,0.8451,84.51,0.728,1,6.421
slovenia,g13_00020_10.tif,6602132,259,0.6456,64.56,0.0,0,6.45
slovenia,g13_00020_10.tif,6602142,193,0.4811,48.11,0.8409,1,5.819
slovenia,g13_00020_10.tif,6602153,157,0.3914,39.14,0.7898,1,4.706
slovenia,g13_00020_10.tif,6602220,356,0.8874,88.74,0.8543,1,6.421
slovenia,g13_00020_10.tif,6615093,249,0.6207,62.07,0.5904,1,4.485
slovenia,g13_00020_10.tif,6615107,110,0.2742,27.42,0.1875,0,3.554
slovenia,g13_00020_10.tif,6615108,79,0.1969,19.69,0.1298,0,3.554
slovenia,g13_00020_10.tif,6615115,57,0.1421,14.21,0.2357,0,2.506
slovenia,g13_00020_10.tif,6625512,81,0.2019,20.19,0.0,0,2.349
slovenia,g13_00020_10.tif,6656369,127,0.3166,31.66,0.1962,0,4.485
slovenia,g13_00020_10.tif,6656378,72,0.1795,17.95,0.5545,1,3.554
slovenia,g13_00020_10.tif,6658338,65,0.162,16.2,0.1362,0,3.045
slovenia,g13_00020_10.tif,6685838,48,0.1197,11.97,0.1554,0,1.989
slovenia,g13_00020_10.tif,6685840,27,0.0673,6.73,0.0135,0,2.128
slovenia,g13_00020_10.tif,6704705,543,1.3536,135.36,0.038,0,9.341
slovenia,g13_00020_10.tif,6704707,760,1.8945,189.45,0.401,0,9.36
slovenia,g13_00020_10.tif,6704709,80,0.1994,19.94,0.6235,1,2.506
slovenia,g13_00020_10.tif,6704711,132,0.329,32.9,0.0075,0,3.966
slovenia,g13_00020_10.tif,6713287,60,0.1496,14.96,0.0886,0,2.128
slovenia,g13_00020_10.tif,6800802,38,0.0947,9.47,0.0597,0,2.128
slovenia,g13_00020_10.tif,6800804,16,0.0399,3.99,0.0,0,1.634
slovenia,g13_00020_10.tif,6833229,878,2.1887,218.87,0.5926,1,10.512
slovenia,g13_00020_10.tif,6833236,55,0.1371,13.71,0.166,0,3.115
slovenia,g13_00020_10.tif,6833689,365,0.9099,90.99,0.3506,0,5.081
slovenia,g13_00020_10.tif,6869043,327,0.8151,81.51,0.868,1,7.877
slovenia,g13_00020_10.tif,6881120,69,0.172,17.2,0.0,0,2.904
slovenia,g13_00020_10.tif,6940235,121,0.3016,30.16,0.634,1,2.349
slovenia,g13_00020_10.tif,6955930,629,1.568,156.8,0.8648,1,11.603
slovenia,g13_00020_10.tif,6955936,11,0.0274,2.74,0.0526,0,0.415
slovenia,g13_00020_10.tif,6955955,247,0.6157,61.57,0.003,0,5.427
slovenia,g13_00020_10.tif,6955968,164,0.4088,40.88,0.0,0,5.427
slovenia,g13_00020_10.tif,6955971,211,0.526,52.6,0.8319,1,5.935
slovenia,g13_00020_10.tif,6955972,86,0.2144,21.44,0.0396,0,2.128
slovenia,g13_00020_10.tif,6955974,10,0.0249,2.49,0.0,0,1.045
slovenia,g13_00020_10.tif,6955976,550,1.371,137.1,0.661,1,11.214
slovenia,g13_00020_11.tif,6091534,120,0.2991,29.91,0.6294,1,3.683
slovenia,g13_00020_11.tif,6091535,188,0.4686,46.86,0.0789,0,3.966
slovenia,g13_00020_11.tif,6091536,20,0.0499,4.99,0.0,0,1.634
slovenia,g13_00020_11.tif,6091537,252,0.6282,62.82,0.8869,1,5.427
slovenia,g13_00020_11.tif,6112021,4,0.01,1.0,0.0,0,0.415
slovenia,g13_00020_11.tif,6125325,9,0.0224,2.24,0.0,0,1.245
slovenia,g13_00020_11.tif,6125326,240,0.5983,59.83,0.769,1,5.819
slovenia,g13_00020_11.tif,6125328,10,0.0249,2.49,0.0317,0,1.045
slovenia,g13_00020_11.tif,6149356,216,0.5384,53.84,0.6086,1,6.45
slovenia,g13_00020_11.tif,6194780,171,0.4263,42.63,0.0579,0,4.392
slovenia,g13_00020_11.tif,6194781,18,0.0449,4.49,0.0,0,1.634
slovenia,g13_00020_11.tif,6202551,50,0.1246,12.46,0.25,0,1.634
slovenia,g13_00020_11.tif,6202552,43,0.1072,10.72,0.1053,0,1.245
slovenia,g13_00020_11.tif,6202553,25,0.0623,6.23,0.0703,0,1.634
slovenia,g13_00020_11.tif,6212710,298,0.7428,74.28,0.1913,0,6.843
slovenia,g13_00020_11.tif,6212713,575,1.4334,143.34,0.8759,1,10.401
slovenia,g13_00020_11.tif,6212719,199,0.4961,49.61,0.4346,0,5.935
slovenia,g13_00020_11.tif,6212724,148,0.3689,36.89,0.0259,0,3.734
slovenia,g13_00020_11.tif,6212725,126,0.3141,31.41,0.0,0,5.081
slovenia,g13_00020_11.tif,6212727,664,1.6552,165.52,0.4474,0,7.781
slovenia,g13_00020_11.tif,6226115,341,0.85,85.0,0.0568,0,7.997
slovenia,g13_00020_11.tif,6226118,323,0.8052,80.52,0.5787,1,6.887
slovenia,g13_00020_11.tif,6226120,203,0.506,50.6,0.1552,0,3.966
slovenia,g13_00020_11.tif,6226356,406,1.0121,101.21,0.0153,0,8.466
slovenia,g13_00020_11.tif,6226406,146,0.3639,36.39,0.3017,0,3.045
slovenia,g13_00020_11.tif,6250828,44,0.1097,10.97,0.2857,0,1.245
slovenia,g13_00020_11.tif,6250829,13,0.0324,3.24,0.0096,0,1.045
slovenia,g13_00020_11.tif,6304000,142,0.354,35.4,0.6561,1,3.966
slovenia,g13_00020_11.tif,6304001,74,0.1845,18.45,0.2076,0,3.554
slovenia,g13_00020_11.tif,6304731,310,0.7728,77.28,0.4791,0,7.213
slovenia,g13_00020_11.tif,6304733,176,0.4387,43.87,0.174,0,3.19
slovenia,g13_00020_11.tif,6304739,177,0.4412,44.12,0.0013,0,4.485
slovenia,g13_00020_11.tif,6304808,6,0.015,1.5,0.0093,0,0.787
slovenia,g13_00020_11.tif,6366435,106,0.2642,26.42,0.1417,0,3.904
slovenia,g13_00020_11.tif,6366436,16,0.0399,3.99,0.0356,0,1.634
slovenia,g13_00020_11.tif,6366437,444,1.1068,110.68,0.544,1,5.113
slovenia,g13_00020_11.tif,6366438,262,0.6531,65.31,0.5933,1,5.113
slovenia,g13_00020_11.tif,6399301,13,0.0324,3.24,0.0,0,0.787
slovenia,g13_00020_11.tif,6399302,263,0.6556,65.56,0.1758,0,3.734
slovenia,g13_00020_11.tif,6399305,152,0.3789,37.89,0.1049,0,2.349
slovenia,g13_00020_11.tif,6399482,21,0.0523,5.23,0.0085,0,1.634
slovenia,g13_00020_11.tif,6475324,302,0.7528,75.28,0.3762,0,4.392
slovenia,g13_00020_11.tif,6500740,230,0.5733,57.33,0.4025,0,5.935
slovenia,g13_00020_11.tif,6577590,19,0.0474,4.74,0.0547,0,0.787
slovenia,g13_00020_11.tif,6577591,179,0.4462,44.62,0.3524,0,2.128
slovenia,g13_00020_11.tif,6577593,17,0.0424,4.24,0.063,0,1.245
slovenia,g13_00020_11.tif,6599037,161,0.4013,40.13,0.2496,0,4.392
slovenia,g13_00020_11.tif,6602195,274,0.683,68.3,0.7639,1,5.732
slovenia,g13_00020_11.tif,6615084,1474,3.6744,367.44,0.4902,0,13.44
slovenia,g13_00020_11.tif,6615093,460,1.1467,114.67,0.5646,1,6.223
slovenia,g13_00020_11.tif,6615099,388,0.9672,96.72,0.0266,0,6.089
slovenia,g13_00020_11.tif,6615102,48,0.1197,11.97,0.0388,0,2.349
slovenia,g13_00020_11.tif,6615103,296,0.7379,73.79,0.6382,1,6.796
slovenia,g13_00020_11.tif,6676886,396,0.9871,98.71,0.5859,1,7.781
slovenia,g13_00020_11.tif,6685843,69,0.172,17.2,0.0,0,3.045
slovenia,g13_00020_11.tif,6686730,266,0.6631,66.31,0.2993,0,4.998
slovenia,g13_00020_11.tif,6693590,354,0.8824,88.24,0.4868,0,7.877
slovenia,g13_00020_11.tif,6700486,322,0.8027,80.27,0.0,0,7.053
slovenia,g13_00020_11.tif,6741679,11,0.0274,2.74,0.0113,0,1.245
slovenia,g13_00020_11.tif,6748714,201,0.501,50.1,0.7358,1,5.393
slovenia,g13_00020_11.tif,6800015,95,0.2368,23.68,0.2904,0,2.074
slovenia,g13_00020_11.tif,6800018,131,0.3266,32.66,0.4387,0,2.349
slovenia,g13_00020_11.tif,6800027,115,0.2867,28.67,0.0,0,3.045
slovenia,g13_00020_11.tif,6955936,642,1.6004,160.04,0.6772,1,5.819
slovenia,g13_00020_11.tif,6955948,698,1.74,174.0,0.8762,1,9.36
slovenia,g13_00020_11.tif,6955953,295,0.7354,73.54,0.8423,1,7.781
slovenia,g13_00020_11.tif,6955965,441,1.0993,109.93,0.2784,0,5.594
slovenia,g13_00020_11.tif,6955967,117,0.2917,29.17,0.0,0,3.734
slovenia,g13_00020_12.tif,6091665,301,0.7454,74.54,0.5837,1,7.37
slovenia,g13_00020_12.tif,6120344,268,0.6637,66.37,0.8142,1,3.668
slovenia,g13_00020_12.tif,6120345,90,0.2229,22.29,0.2042,0,2.885
slovenia,g13_00020_12.tif,6120347,55,0.1362,13.62,0.0204,0,2.061
slovenia,g13_00020_12.tif,6120348,6,0.0149,1.49,0.0,0,0.79
slovenia,g13_00020_12.tif,6120349,33,0.0817,8.17,0.0,0,1.628
slovenia,g13_00020_12.tif,6131482,29,0.0718,7.18,0.2424,0,1.628
slovenia,g13_00020_12.tif,6131483,42,0.104,10.4,0.5574,1,1.628
slovenia,g13_00020_12.tif,6131488,172,0.426,42.6,0.1533,0,2.502
slovenia,g13_00020_12.tif,6140287,39,0.0966,9.66,0.0415,0,2.337
slovenia,g13_00020_12.tif,6140289,118,0.2922,29.22,0.0675,0,3.668
slovenia,g13_00020_12.tif,6140342,217,0.5374,53.74,0.7117,1,6.485
slovenia,g13_00020_12.tif,6144834,216,0.5349,53.49,0.7565,1,6.392
slovenia,g13_00020_12.tif,6149353,610,1.5107,151.07,0.8277,1,10.304
slovenia,g13_00020_12.tif,6149355,78,0.1932,19.32,0.5385,1,3.036
slovenia,g13_00020_12.tif,6190872,114,0.2823,28.23,0.0762,0,2.502
slovenia,g13_00020_12.tif,6207600,166,0.4111,41.11,0.6108,1,3.552
slovenia,g13_00020_12.tif,6207601,13,0.0322,3.22,0.0,0,1.236
slovenia,g13_00020_12.tif,6207602,156,0.3863,38.63,0.7879,1,5.064
slovenia,g13_00020_12.tif,6207620,145,0.3591,35.91,0.4061,0,2.337
slovenia,g13_00020_12.tif,6207654,11,0.0272,2.72,0.049,0,1.236
slovenia,g13_00020_12.tif,6211399,502,1.2432,124.32,0.2871,0,7.831
slovenia,g13_00020_12.tif,6254402,288,0.7132,71.32,0.3046,0,6.798
slovenia,g13_00020_12.tif,6254403,62,0.1535,15.35,0.1818,0,1.991
slovenia,g13_00020_12.tif,6254404,91,0.2254,22.54,0.1704,0,1.991
slovenia,g13_00020_12.tif,6254405,10,0.0248,2.48,0.1842,0,1.045
slovenia,g13_00020_12.tif,6254406,58,0.1436,14.36,0.0938,0,2.337
slovenia,g13_00020_12.tif,6254407,15,0.0371,3.71,0.0248,0,1.628
slovenia,g13_00020_12.tif,6254412,105,0.26,26.0,0.2577,0,2.061
slovenia,g13_00020_12.tif,6254629,52,0.1288,12.88,0.254,0,2.502
slovenia,g13_00020_12.tif,6254648,48,0.1189,11.89,0.246,0,2.885
slovenia,g13_00020_12.tif,6279236,58,0.1436,14.36,0.7143,1,2.502
slovenia,g13_00020_12.tif,6279239,24,0.0594,5.94,0.0571,0,1.628
slovenia,g13_00020_12.tif,6280192,95,0.2353,23.53,0.3722,0,1.991
slovenia,g13_00020_12.tif,6280251,86,0.213,21.3,0.0348,0,1.991
slovenia,g13_00020_12.tif,6284505,136,0.3368,33.68,0.262,0,4.67
slovenia,g13_00020_12.tif,6284506,44,0.109,10.9,0.0213,0,2.502
slovenia,g13_00020_12.tif,6284507,230,0.5696,56.96,0.5253,1,3.097
slovenia,g13_00020_12.tif,6302989,210,0.5201,52.01,0.4694,0,4.534
slovenia,g13_00020_12.tif,6302990,258,0.6389,63.89,0.2358,0,4.678
slovenia,g13_00020_12.tif,6302991,133,0.3294,32.94,0.2685,0,2.885
slovenia,g13_00020_12.tif,6302994,80,0.1981,19.81,0.0721,0,3.668
slovenia,g13_00020_12.tif,6302998,29,0.0718,7.18,0.0229,0,1.991
slovenia,g13_00020_12.tif,6302999,114,0.2823,28.23,0.2022,0,2.061
slovenia,g13_00020_12.tif,6303000,36,0.0892,8.92,0.3333,0,1.628
slovenia,g13_00020_12.tif,6303059,10,0.0248,2.48,0.0769,0,0.412
slovenia,g13_00020_12.tif,6303084,7,0.0173,1.73,0.0219,0,0.79
slovenia,g13_00020_12.tif,6312254,275,0.681,68.1,0.045,0,3.709
slovenia,g13_00020_12.tif,6312257,212,0.525,52.5,0.1587,0,3.097
slovenia,g13_00020_12.tif,6312260,149,0.369,36.9,0.1414,0,2.885
slovenia,g13_00020_12.tif,6312261,59,0.1461,14.61,0.7727,1,2.885
slovenia,g13_00020_12.tif,6312262,77,0.1907,19.07,0.0075,0,2.502
slovenia,g13_00020_12.tif,6312263,36,0.0892,8.92,0.0,0,1.045
slovenia,g13_00020_12.tif,6312264,57,0.1412,14.12,0.1731,0,1.628
slovenia,g13_00020_12.tif,6312265,47,0.1164,11.64,0.4359,0,1.628
slovenia,g13_00020_12.tif,6312266,97,0.2402,24.02,0.0804,0,3.709
slovenia,g13_00020_12.tif,6312267,45,0.1114,11.14,0.4615,0,2.061
slovenia,g13_00020_12.tif,6347966,161,0.3987,39.87,0.1047,0,2.129
slovenia,g13_00020_12.tif,6347969,298,0.738,73.8,0.2534,0,5.087
slovenia,g13_00020_12.tif,6347971,126,0.312,31.2,0.2554,0,3.193
slovenia,g13_00020_12.tif,6347976,164,0.4061,40.61,0.5016,1,3.036
slovenia,g13_00020_12.tif,6348037,117,0.2897,28.97,0.0746,0,3.668
slovenia,g13_00020_12.tif,6353369,84,0.208,20.8,0.1898,0,2.129
slovenia,g13_00020_12.tif,6353373,95,0.2353,23.53,0.1751,0,3.036
slovenia,g13_00020_12.tif,6353374,118,0.2922,29.22,0.5189,1,3.552
slovenia,g13_00020_12.tif,6366439,76,0.1882,18.82,0.2888,0,2.061
slovenia,g13_00020_12.tif,6366443,81,0.2006,20.06,0.0938,0,3.097
slovenia,g13_00020_12.tif,6366444,140,0.3467,34.67,0.078,0,1.991
slovenia,g13_00020_12.tif,6366447,52,0.1288,12.88,0.0983,0,1.991
slovenia,g13_00020_12.tif,6369143,44,0.109,10.9,0.1053,0,2.337
slovenia,g13_00020_12.tif,6405375,2106,5.2155,521.55,0.8732,1,19.252
slovenia,g13_00020_12.tif,6405382,447,1.107,110.7,0.3663,0,5.839
slovenia,g13_00020_12.tif,6405383,85,0.2105,21.05,0.3667,0,2.337
slovenia,g13_00020_12.tif,6405384,229,0.5671,56.71,0.1424,0,4.994
slovenia,g13_00020_12.tif,6410196,959,2.375,237.5,0.7409,1,11.605
slovenia,g13_00020_12.tif,6410205,263,0.6513,65.13,0.1561,0,6.182
slovenia,g13_00020_12.tif,6410207,42,0.104,10.4,0.0112,0,2.502
slovenia,g13_00020_12.tif,6410208,25,0.0619,6.19,0.0,0,2.061
slovenia,g13_00020_12.tif,6474341,629,1.5577,155.77,0.8513,1,8.332
slovenia,g13_00020_12.tif,6474344,448,1.1095,110.95,0.1417,0,3.668
slovenia,g13_00020_12.tif,6474345,4,0.0099,0.99,0.0049,0,0.412
slovenia,g13_00020_12.tif,6474350,150,0.3715,37.15,0.0843,0,3.193
slovenia,g13_00020_12.tif,6486267,327,0.8098,80.98,0.3219,0,5.653
slovenia,g13_00020_12.tif,6500726,213,0.5275,52.75,0.1956,0,3.96
slovenia,g13_00020_12.tif,6500728,218,0.5399,53.99,0.4795,0,5.064
slovenia,g13_00020_12.tif,6500733,180,0.4458,44.58,0.3563,0,5.597
slovenia,g13_00020_12.tif,6500736,70,0.1734,17.34,0.0053,0,1.628
slovenia,g13_00020_12.tif,6500740,158,0.3913,39.13,0.639,1,4.473
slovenia,g13_00020_12.tif,6500788,92,0.2278,22.78,0.085,0,1.991
slovenia,g13_00020_12.tif,6500792,7,0.0173,1.73,0.0163,0,0.79
slovenia,g13_00020_12.tif,6501079,547,1.3546,135.46,0.5028,1,9.13
slovenia,g13_00020_12.tif,6501103,335,0.8296,82.96,0.2949,0,7.918
slovenia,g13_00020_12.tif,6501575,3,0.0074,0.74,0.0127,0,0.412
slovenia,g13_00020_12.tif,6577595,160,0.3962,39.62,0.1225,0,2.129
slovenia,g13_00020_12.tif,6584508,124,0.3071,30.71,0.1223,0,2.337
slovenia,g13_00020_12.tif,6590936,3,0.0074,0.74,0.0339,0,0.412
slovenia,g13_00020_12.tif,6590943,161,0.3987,39.87,0.09,0,4.395
slovenia,g13_00020_12.tif,6590944,97,0.2402,24.02,0.0539,0,1.991
slovenia,g13_00020_12.tif,6590945,181,0.4482,44.82,0.5882,1,3.881
slovenia,g13_00020_12.tif,6590946,46,0.1139,11.39,0.0254,0,2.061
slovenia,g13_00020_12.tif,6599036,506,1.2531,125.31,0.8558,1,10.435
slovenia,g13_00020_12.tif,6599041,70,0.1734,17.34,0.088,0,3.036
slovenia,g13_00020_12.tif,6599058,22,0.0545,5.45,0.013,0,0.79
slovenia,g13_00020_12.tif,6600369,14,0.0347,3.47,0.0,0,1.236
slovenia,g13_00020_12.tif,6600373,222,0.5498,54.98,0.223,0,4.395
slovenia,g13_00020_12.tif,6600377,175,0.4334,43.34,0.0887,0,4.395
slovenia,g13_00020_12.tif,6611143,189,0.4681,46.81,0.4892,0,4.395
slovenia,g13_00020_12.tif,6620971,555,1.3745,137.45,0.7586,1,9.202
slovenia,g13_00020_12.tif,6645631,233,0.577,57.7,0.5675,1,5.482
slovenia,g13_00020_12.tif,6685826,341,0.8445,84.45,0.3105,0,5.597
slovenia,g13_00020_12.tif,6686744,382,0.946,94.6,0.2701,0,8.0
slovenia,g13_00020_12.tif,6686755,129,0.3195,31.95,0.1862,0,3.036
slovenia,g13_00020_12.tif,6700486,49,0.1213,12.13,0.5079,1,1.628
slovenia,g13_00020_12.tif,6700488,256,0.634,63.4,0.1412,0,4.395
slovenia,g13_00020_12.tif,6700492,258,0.6389,63.89,0.8264,1,5.417
slovenia,g13_00020_12.tif,6704739,490,1.2135,121.35,0.8417,1,7.211
slovenia,g13_00020_12.tif,6704740,184,0.4557,45.57,0.1601,0,3.193
slovenia,g13_00020_12.tif,6712308,1546,3.8287,382.87,0.7761,1,15.445
slovenia,g13_00020_12.tif,6741681,151,0.374,37.4,0.032,0,5.087
slovenia,g13_00020_12.tif,6741686,93,0.2303,23.03,0.1127,0,2.061
slovenia,g13_00020_12.tif,6744783,362,0.8965,89.65,0.5075,1,7.748
slovenia,g13_00020_12.tif,6748705,210,0.5201,52.01,0.8722,1,5.597
slovenia,g13_00020_12.tif,6748709,76,0.1882,18.82,0.3152,0,2.337
slovenia,g13_00020_12.tif,6748711,65,0.161,16.1,0.2995,0,3.668
slovenia,g13_00020_12.tif,6748712,73,0.1808,18.08,0.0957,0,2.502
slovenia,g13_00020_12.tif,6748714,130,0.3219,32.19,0.8077,1,4.473
slovenia,g13_00020_12.tif,6748715,188,0.4656,46.56,0.0467,0,1.991
slovenia,g13_00020_12.tif,6748716,125,0.3096,30.96,0.4978,0,2.885
slovenia,g13_00020_12.tif,6748927,32,0.0792,7.92,0.0879,0,1.045
slovenia,g13_00020_12.tif,6867825,322,0.7974,79.74,0.2387,0,5.087
slovenia,g13_00020_12.tif,6867827,232,0.5745,57.45,0.3452,0,5.358
slovenia,g13_00020_12.tif,6873475,29,0.0718,7.18,0.0951,0,1.628
slovenia,g13_00020_12.tif,6873483,233,0.577,57.7,0.0,0,2.885
slovenia,g13_00020_12.tif,6873487,92,0.2278,22.78,0.3807,0,2.061
slovenia,g13_00020_12.tif,6873505,306,0.7578,75.78,0.8287,1,4.534
slovenia,g13_00020_12.tif,6873506,199,0.4928,49.28,0.0272,0,5.482
slovenia,g13_00020_12.tif,6881235,137,0.3393,33.93,0.2807,0,3.96
slovenia,g13_00020_12.tif,6955927,649,1.6072,160.72,0.8179,1,11.162
slovenia,g13_00020_12.tif,7047216,268,0.6637,66.37,0.7443,1,4.67
slovenia,g13_00020_12.tif,7047230,136,0.3368,33.68,0.7206,1,4.395
slovenia,g13_00020_12.tif,7047234,47,0.1164,11.64,0.0937,0,1.991
slovenia,g13_00023_3.tif,6176617,28,0.0694,6.94,0.1084,0,2.075
slovenia,g13_00023_3.tif,6176621,43,0.1065,10.65,0.1639,0,2.113
slovenia,g13_00023_3.tif,6176622,36,0.0892,8.92,0.0652,0,2.113
slovenia,g13_00023_3.tif,6180101,40,0.0991,9.91,0.202,0,2.075
slovenia,g13_00023_3.tif,6180102,78,0.1932,19.32,0.0156,0,2.113
slovenia,g13_00023_3.tif,6180437,85,0.2106,21.06,0.3153,0,3.035
slovenia,g13_00023_3.tif,6180488,22,0.0545,5.45,0.14,0,0.415
slovenia,g13_00023_3.tif,6192938,7,0.0173,1.73,0.0157,0,1.039
slovenia,g13_00023_3.tif,6192941,186,0.4607,46.07,0.6142,1,3.735
slovenia,g13_00023_3.tif,6192943,127,0.3146,31.46,0.0593,0,3.167
slovenia,g13_00023_3.tif,6194717,410,1.0156,101.56,0.7123,1,7.869
slovenia,g13_00023_3.tif,6194718,459,1.137,113.7,0.4522,0,7.105
slovenia,g13_00023_3.tif,6194719,155,0.384,38.4,0.3875,0,4.373
slovenia,g13_00023_3.tif,6194721,405,1.0032,100.32,0.7336,1,7.48
slovenia,g13_00023_3.tif,6194722,158,0.3914,39.14,0.6534,1,5.067
slovenia,g13_00023_3.tif,6194724,40,0.0991,9.91,0.0093,0,2.346
slovenia,g13_00023_3.tif,6194725,177,0.4384,43.84,0.801,1,4.373
slovenia,g13_00023_3.tif,6194761,24,0.0595,5.95,0.0612,0,1.039
slovenia,g13_00023_3.tif,6195192,337,0.8348,83.48,0.7839,1,7.427
slovenia,g13_00023_3.tif,6195193,249,0.6168,61.68,0.7759,1,5.912
slovenia,g13_00023_3.tif,6195197,125,0.3096,30.96,0.5965,1,2.905
slovenia,g13_00023_3.tif,6195200,36,0.0892,8.92,0.2267,0,1.039
slovenia,g13_00023_3.tif,6210159,63,0.1561,15.61,0.0892,0,2.075
slovenia,g13_00023_3.tif,6210160,16,0.0396,3.96,0.0,0,1.039
slovenia,g13_00023_3.tif,6214751,167,0.4137,41.37,0.3594,0,3.674
slovenia,g13_00023_3.tif,6214753,41,0.1016,10.16,0.0221,0,1.63
slovenia,g13_00023_3.tif,6250570,355,0.8794,87.94,0.6503,1,7.129
slovenia,g13_00023_3.tif,6250571,24,0.0595,5.95,0.0288,0,2.075
slovenia,g13_00023_3.tif,6250573,37,0.0917,9.17,0.0,0,2.075
slovenia,g13_00023_3.tif,6250575,80,0.1982,19.82,0.0659,0,3.735
slovenia,g13_00023_3.tif,6250576,17,0.0421,4.21,0.0,0,1.245
slovenia,g13_00023_3.tif,6283647,197,0.488,48.8,0.0091,0,5.401
slovenia,g13_00023_3.tif,6283648,82,0.2031,20.31,0.0034,0,2.346
slovenia,g13_00023_3.tif,6283651,42,0.104,10.4,0.1058,0,2.346
slovenia,g13_00023_3.tif,6283689,208,0.5152,51.52,0.5721,1,6.415
slovenia,g13_00023_3.tif,6283691,95,0.2353,23.53,0.5057,1,3.113
slovenia,g13_00023_3.tif,6283704,177,0.4384,43.84,0.7919,1,5.719
slovenia,g13_00023_3.tif,6288707,43,0.1065,10.65,0.0,0,2.075
slovenia,g13_00023_3.tif,6288708,98,0.2428,24.28,0.0,0,3.113
slovenia,g13_00023_3.tif,6292192,12,0.0297,2.97,0.0023,0,1.039
slovenia,g13_00023_3.tif,6292193,124,0.3072,30.72,0.0558,0,2.493
slovenia,g13_00023_3.tif,6292195,34,0.0842,8.42,0.0013,0,2.075
slovenia,g13_00023_3.tif,6292196,132,0.327,32.7,0.0081,0,3.903
slovenia,g13_00023_3.tif,6292333,261,0.6465,64.65,0.348,0,5.866
slovenia,g13_00023_3.tif,6292391,188,0.4657,46.57,0.2473,0,3.533
slovenia,g13_00023_3.tif,6315005,8,0.0198,1.98,0.0025,0,1.039
slovenia,g13_00023_3.tif,6315006,50,0.1239,12.39,0.5588,1,2.346
slovenia,g13_00023_3.tif,6341204,690,1.7092,170.92,0.4647,0,9.147
slovenia,g13_00023_3.tif,6341205,355,0.8794,87.94,0.2925,0,6.331
slovenia,g13_00023_3.tif,6341208,220,0.545,54.5,0.1734,0,6.415
slovenia,g13_00023_3.tif,6341209,92,0.2279,22.79,0.0473,0,3.947
slovenia,g13_00023_3.tif,6341210,132,0.327,32.7,0.2927,0,3.674
slovenia,g13_00023_3.tif,6359704,7,0.0173,1.73,0.0,0,1.039
slovenia,g13_00023_3.tif,6359705,185,0.4583,45.83,0.4095,0,4.373
slovenia,g13_00023_3.tif,6359706,28,0.0694,6.94,0.0242,0,2.113
slovenia,g13_00023_3.tif,6359707,82,0.2031,20.31,0.0947,0,3.113
slovenia,g13_00023_3.tif,6359773,113,0.2799,27.99,0.0,0,2.905
slovenia,g13_00023_3.tif,6389679,138,0.3418,34.18,0.1405,0,3.674
slovenia,g13_00023_3.tif,6389680,106,0.2626,26.26,0.4362,0,3.035
slovenia,g13_00023_3.tif,6392298,26,0.0644,6.44,0.0152,0,1.973
slovenia,g13_00023_3.tif,6392299,52,0.1288,12.88,0.2189,0,2.346
slovenia,g13_00023_3.tif,6408866,224,0.5549,55.49,0.6964,1,6.331
slovenia,g13_00023_3.tif,6456338,10,0.0248,2.48,0.1515,0,1.039
slovenia,g13_00023_3.tif,6508736,145,0.3592,35.92,0.4022,0,5.067
slovenia,g13_00023_3.tif,6595950,192,0.4756,47.56,0.7445,1,5.401
slovenia,g13_00023_3.tif,6599040,45,0.1115,11.15,0.5417,1,2.905
slovenia,g13_00023_3.tif,6602220,32,0.0793,7.93,0.6944,1,1.973
slovenia,g13_00023_3.tif,6602240,368,0.9116,91.16,0.3599,0,5.395
slovenia,g13_00023_3.tif,6602242,151,0.374,37.4,0.6842,1,4.641
slovenia,g13_00023_3.tif,6686766,110,0.2725,27.25,0.4683,0,3.735
slovenia,g13_00023_3.tif,6745274,181,0.4484,44.84,0.4245,0,3.947
slovenia,g13_00023_3.tif,6751102,79,0.1957,19.57,0.1369,0,3.113
slovenia,g13_00023_3.tif,6859853,255,0.6317,63.17,0.4854,0,6.053
slovenia,g13_00023_3.tif,6859859,218,0.54,54.0,0.3778,0,5.554
slovenia,g13_00023_3.tif,6859871,139,0.3443,34.43,0.226,0,4.361
slovenia,g13_00023_3.tif,6859873,133,0.3295,32.95,0.1933,0,4.373
slovenia,g13_00023_3.tif,6912356,428,1.0602,106.02,0.7716,1,8.309
slovenia,g13_00023_3.tif,7051287,178,0.4409,44.09,0.2328,0,5.395
slovenia,g13_00023_3.tif,7051290,182,0.4508,45.08,0.672,1,5.912
slovenia,g13_00023_4.tif,6140005,104,0.2576,25.76,0.2127,0,2.905
slovenia,g13_00023_4.tif,6140007,26,0.0644,6.44,0.0404,0,2.075
slovenia,g13_00023_4.tif,6173757,30,0.0743,7.43,0.0034,0,1.63
slovenia,g13_00023_4.tif,6173763,38,0.0941,9.41,0.0,0,1.039
slovenia,g13_00023_4.tif,6173972,23,0.057,5.7,0.0,0,1.63
slovenia,g13_00023_4.tif,6178970,57,0.1412,14.12,0.5152,1,2.905
slovenia,g13_00023_4.tif,6180099,49,0.1214,12.14,0.2753,0,2.075
slovenia,g13_00023_4.tif,6210159,22,0.0545,5.45,0.0168,0,0.415
slovenia,g13_00023_4.tif,6210160,4,0.0099,0.99,0.0,0,0.415
slovenia,g13_00023_4.tif,6212184,674,1.6696,166.96,0.7573,1,11.744
slovenia,g13_00023_4.tif,6238591,200,0.4954,49.54,0.7416,1,6.053
slovenia,g13_00023_4.tif,6238594,204,0.5053,50.53,0.32,0,3.903
slovenia,g13_00023_4.tif,6238596,108,0.2675,26.75,0.3712,0,3.903
slovenia,g13_00023_4.tif,6238597,32,0.0793,7.93,0.0,0,1.245
slovenia,g13_00023_4.tif,6254408,46,0.1139,11.39,0.4935,0,2.346
slovenia,g13_00023_4.tif,6254409,98,0.2428,24.28,0.0837,0,3.262
slovenia,g13_00023_4.tif,6257204,17,0.0421,4.21,0.0,0,1.63
slovenia,g13_00023_4.tif,6257205,112,0.2774,27.74,0.0443,0,3.035
slovenia,g13_00023_4.tif,6257207,311,0.7704,77.04,0.8603,1,6.855
slovenia,g13_00023_4.tif,6257208,164,0.4062,40.62,0.648,1,5.108
slovenia,g13_00023_4.tif,6259769,8,0.0198,1.98,0.0082,0,1.039
slovenia,g13_00023_4.tif,6259770,12,0.0297,2.97,0.0462,0,1.039
slovenia,g13_00023_4.tif,6259778,43,0.1065,10.65,0.037,0,2.113
slovenia,g13_00023_4.tif,6280193,119,0.2948,29.48,0.0637,0,2.346
slovenia,g13_00023_4.tif,6280194,34,0.0842,8.42,0.0106,0,2.493
slovenia,g13_00023_4.tif,6302987,352,0.8719,87.19,0.5007,1,7.169
slovenia,g13_00023_4.tif,6302995,48,0.1189,11.89,0.0741,0,1.63
slovenia,g13_00023_4.tif,6338983,151,0.374,37.4,0.196,0,3.167
slovenia,g13_00023_4.tif,6345687,42,0.104,10.4,0.5224,1,1.63
slovenia,g13_00023_4.tif,6345688,19,0.0471,4.71,0.254,0,1.039
slovenia,g13_00023_4.tif,6371419,102,0.2527,25.27,0.839,1,4.361
slovenia,g13_00023_4.tif,6371422,208,0.5152,51.52,0.3024,0,2.905
slovenia,g13_00023_4.tif,6391496,144,0.3567,35.67,0.1113,0,5.401
slovenia,g13_00023_4.tif,6391497,215,0.5326,53.26,0.1553,0,4.565
slovenia,g13_00023_4.tif,6391498,16,0.0396,3.96,0.0108,0,1.63
slovenia,g13_00023_4.tif,6391501,83,0.2056,20.56,0.3191,0,3.674
slovenia,g13_00023_4.tif,6395062,598,1.4813,148.13,0.6496,1,7.884
slovenia,g13_00023_4.tif,6395065,44,0.109,10.9,0.0236,0,2.113
slovenia,g13_00023_4.tif,6395066,36,0.0892,8.92,0.0193,0,2.113
slovenia,g13_00023_4.tif,6395068,110,0.2725,27.25,0.097,0,3.533
slovenia,g13_00023_4.tif,6395069,39,0.0966,9.66,0.6102,1,2.346
slovenia,g13_00023_4.tif,6395071,134,0.3319,33.19,0.1027,0,4.641
slovenia,g13_00023_4.tif,6395072,96,0.2378,23.78,0.1663,0,3.735
slovenia,g13_00023_4.tif,6395697,69,0.1709,17.09,0.2329,0,3.167
slovenia,g13_00023_4.tif,6395701,97,0.2403,24.03,0.3786,0,2.075
slovenia,g13_00023_4.tif,6395704,80,0.1982,19.82,0.0292,0,3.035
slovenia,g13_00023_4.tif,6395783,101,0.2502,25.02,0.289,0,2.346
slovenia,g13_00023_4.tif,6399566,157,0.3889,38.89,0.1213,0,5.401
slovenia,g13_00023_4.tif,6399567,77,0.1907,19.07,0.0546,0,1.039
slovenia,g13_00023_4.tif,6399576,37,0.0917,9.17,0.3333,0,1.245
slovenia,g13_00023_4.tif,6399660,6,0.0149,1.49,0.0046,0,0.779
slovenia,g13_00023_4.tif,6399775,90,0.2229,22.29,0.0679,0,1.63
slovenia,g13_00023_4.tif,6411564,221,0.5474,54.74,0.2676,0,5.866
slovenia,g13_00023_4.tif,6411567,113,0.2799,27.99,0.7323,1,4.361
slovenia,g13_00023_4.tif,6411569,182,0.4508,45.08,0.6605,1,6.41
slovenia,g13_00023_4.tif,6411570,139,0.3443,34.43,0.5576,1,3.947
slovenia,g13_00023_4.tif,6456338,43,0.1065,10.65,0.023,0,2.113
slovenia,g13_00023_4.tif,6577594,147,0.3641,36.41,0.6278,1,3.674
slovenia,g13_00023_4.tif,6584506,146,0.3617,36.17,0.2693,0,5.401
slovenia,g13_00023_4.tif,6599040,58,0.1437,14.37,0.0305,0,2.493
slovenia,g13_00023_4.tif,6602068,627,1.5531,155.31,0.8567,1,9.279
slovenia,g13_00023_4.tif,6602210,152,0.3765,37.65,0.2778,0,3.735
slovenia,g13_00023_4.tif,6605610,28,0.0694,6.94,0.2828,0,1.245
slovenia,g13_00023_4.tif,6671275,95,0.2353,23.53,0.2285,0,3.035
slovenia,g13_00023_4.tif,6676877,37,0.0917,9.17,0.4353,0,2.346
slovenia,g13_00023_4.tif,6676905,47,0.1164,11.64,0.5357,1,2.113
slovenia,g13_00023_4.tif,6684241,102,0.2527,25.27,0.7059,1,2.905
slovenia,g13_00023_4.tif,6684242,61,0.1511,15.11,0.2681,0,2.905
slovenia,g13_00023_4.tif,6686730,204,0.5053,50.53,0.5,1,5.108
slovenia,g13_00023_4.tif,6686733,450,1.1147,111.47,0.8102,1,9.172
slovenia,g13_00023_4.tif,6686735,438,1.085,108.5,0.7369,1,8.577
slovenia,g13_00023_4.tif,6686740,493,1.2212,122.12,0.6761,1,7.105
slovenia,g13_00023_4.tif,6686747,12,0.0297,2.97,0.0604,0,0.415
slovenia,g13_00023_4.tif,6686749,322,0.7976,79.76,0.365,0,7.105
slovenia,g13_00023_4.tif,6686753,324,0.8026,80.26,0.8168,1,7.863
slovenia,g13_00023_4.tif,6686758,5,0.0124,1.24,0.0342,0,0.415
slovenia,g13_00023_4.tif,6686777,148,0.3666,36.66,0.0064,0,5.401
slovenia,g13_00023_4.tif,6686778,188,0.4657,46.57,0.839,1,4.469
slovenia,g13_00023_4.tif,6693596,122,0.3022,30.22,0.0619,0,3.167
slovenia,g13_00023_4.tif,6693599,44,0.109,10.9,0.0165,0,3.167
slovenia,g13_00023_4.tif,6718697,49,0.1214,12.14,0.1365,0,2.905
slovenia,g13_00023_4.tif,6718701,30,0.0743,7.43,0.013,0,1.973
slovenia,g13_00023_4.tif,6718702,65,0.161,16.1,0.0367,0,1.973
slovenia,g13_00023_4.tif,6718711,143,0.3542,35.42,0.2034,0,3.533
slovenia,g13_00023_4.tif,6718718,60,0.1486,14.86,0.0073,0,3.167
slovenia,g13_00023_4.tif,6738717,164,0.4062,40.62,0.3715,0,4.469
slovenia,g13_00023_4.tif,6738730,150,0.3716,37.16,0.6711,1,4.971
slovenia,g13_00023_4.tif,6741682,112,0.2774,27.74,0.1308,0,4.373
slovenia,g13_00023_4.tif,6744786,406,1.0057,100.57,0.4643,0,6.225
slovenia,g13_00023_4.tif,6751102,48,0.1189,11.89,0.254,0,2.346
slovenia,g13_00023_4.tif,6873504,33,0.0817,8.17,0.0461,0,2.346
slovenia,g13_00023_4.tif,6881129,167,0.4137,41.37,0.6404,1,5.719
slovenia,g13_00023_4.tif,6947332,443,1.0974,109.74,0.742,1,9.544
slovenia,g13_00023_4.tif,7077940,97,0.2403,24.03,0.0292,0,3.947
slovenia,g13_00023_4.tif,7077946,72,0.1784,17.84,0.1193,0,3.035
slovenia,g13_00023_5.tif,6116416,58,0.1427,14.27,0.2544,0,3.095
slovenia,g13_00023_5.tif,6125329,14,0.0345,3.45,0.0429,0,1.237
slovenia,g13_00023_5.tif,6125330,92,0.2264,22.64,0.184,0,2.886
slovenia,g13_00023_5.tif,6131440,120,0.2953,29.53,0.0108,0,3.941
slovenia,g13_00023_5.tif,6131443,164,0.4036,40.36,0.0175,0,3.88
slovenia,g13_00023_5.tif,6178961,426,1.0484,104.84,0.813,1,4.64
slovenia,g13_00023_5.tif,6178970,87,0.2141,21.41,0.8068,1,3.531
slovenia,g13_00023_5.tif,6179104,217,0.534,53.4,0.2205,0,5.557
slovenia,g13_00023_5.tif,6207600,336,0.8269,82.69,0.738,1,7.008
slovenia,g13_00023_5.tif,6207602,136,0.3347,33.47,0.9007,1,4.363
slovenia,g13_00023_5.tif,6207654,17,0.0418,4.18,0.0435,0,1.039
slovenia,g13_00023_5.tif,6211404,104,0.2559,25.59,0.5687,1,3.941
slovenia,g13_00023_5.tif,6211405,41,0.1009,10.09,0.0743,0,1.976
slovenia,g13_00023_5.tif,6211407,256,0.63,63.0,0.7595,1,6.408
slovenia,g13_00023_5.tif,6211409,193,0.475,47.5,0.2903,0,4.352
slovenia,g13_00023_5.tif,6211411,107,0.2633,26.33,0.0033,0,3.169
slovenia,g13_00023_5.tif,6259219,240,0.5906,59.06,0.4502,0,7.166
slovenia,g13_00023_5.tif,6259221,580,1.4273,142.73,0.8466,1,7.474
slovenia,g13_00023_5.tif,6259223,127,0.3125,31.25,0.2407,0,2.886
slovenia,g13_00023_5.tif,6259224,126,0.3101,31.01,0.2299,0,2.886
slovenia,g13_00023_5.tif,6259762,346,0.8515,85.15,0.6965,1,6.184
slovenia,g13_00023_5.tif,6259778,144,0.3544,35.44,0.3269,0,3.026
slovenia,g13_00023_5.tif,6259779,404,0.9942,99.42,0.5188,1,7.474
slovenia,g13_00023_5.tif,6259780,284,0.6989,69.89,0.7764,1,7.383
slovenia,g13_00023_5.tif,6259783,259,0.6374,63.74,0.8843,1,6.751
slovenia,g13_00023_5.tif,6259785,88,0.2166,21.66,0.5782,1,2.886
slovenia,g13_00023_5.tif,6259787,72,0.1772,17.72,0.2279,0,2.061
slovenia,g13_00023_5.tif,6259876,24,0.0591,5.91,0.1126,0,1.237
slovenia,g13_00023_5.tif,6318753,301,0.7407,74.07,0.6744,1,5.359
slovenia,g13_00023_5.tif,6323636,171,0.4208,42.08,0.7783,1,5.359
slovenia,g13_00023_5.tif,6323637,97,0.2387,23.87,0.413,0,3.71
slovenia,g13_00023_5.tif,6338981,216,0.5316,53.16,0.4435,0,4.457
slovenia,g13_00023_5.tif,6338982,57,0.1403,14.03,0.0226,0,3.026
slovenia,g13_00023_5.tif,6338984,77,0.1895,18.95,0.0048,0,3.88
slovenia,g13_00023_5.tif,6347965,340,0.8367,83.67,0.3246,0,6.798
slovenia,g13_00023_5.tif,6351936,133,0.3273,32.73,0.3467,0,5.359
slovenia,g13_00023_5.tif,6351948,88,0.2166,21.66,0.3618,0,2.061
slovenia,g13_00023_5.tif,6371419,244,0.6005,60.05,0.7865,1,6.751
slovenia,g13_00023_5.tif,6375576,405,0.9967,99.67,0.4841,0,7.079
slovenia,g13_00023_5.tif,6375583,39,0.096,9.6,0.0968,0,2.886
slovenia,g13_00023_5.tif,6375584,21,0.0517,5.17,0.0521,0,1.976
slovenia,g13_00023_5.tif,6375585,175,0.4307,43.07,0.296,0,4.434
slovenia,g13_00023_5.tif,6389673,911,2.2419,224.19,0.4329,0,9.766
slovenia,g13_00023_5.tif,6484412,110,0.2707,27.07,0.1154,0,2.886
slovenia,g13_00023_5.tif,6577594,60,0.1477,14.77,0.1318,0,2.061
slovenia,g13_00023_5.tif,6657943,31,0.0763,7.63,0.0649,0,1.237
slovenia,g13_00023_5.tif,6676861,139,0.3421,34.21,0.6547,1,4.535
slovenia,g13_00023_5.tif,6676873,562,1.383,138.3,0.774,1,6.291
slovenia,g13_00023_5.tif,6676877,641,1.5775,157.75,0.6099,1,9.744
slovenia,g13_00023_5.tif,6676881,459,1.1296,112.96,0.3011,0,5.481
slovenia,g13_00023_5.tif,6676902,384,0.945,94.5,0.0067,0,7.166
slovenia,g13_00023_5.tif,6676904,241,0.5931,59.31,0.1074,0,6.751
slovenia,g13_00023_5.tif,6676905,145,0.3568,35.68,0.1349,0,3.531
slovenia,g13_00023_5.tif,6676906,85,0.2092,20.92,0.0006,0,2.334
slovenia,g13_00023_5.tif,6686701,60,0.1477,14.77,0.0577,0,2.061
slovenia,g13_00023_5.tif,6686705,748,1.8408,184.08,0.6583,1,7.945
slovenia,g13_00023_5.tif,6686716,814,2.0032,200.32,0.8396,1,11.195
slovenia,g13_00023_5.tif,6686726,518,1.2748,127.48,0.778,1,7.104
slovenia,g13_00023_5.tif,6686727,904,2.2247,222.47,0.8112,1,9.339
slovenia,g13_00023_5.tif,6686740,13,0.032,3.2,0.0388,0,1.237
slovenia,g13_00023_5.tif,6686747,322,0.7924,79.24,0.924,1,6.291
slovenia,g13_00023_5.tif,6686758,187,0.4602,46.02,0.5536,1,2.886
slovenia,g13_00023_5.tif,6686760,189,0.4651,46.51,0.5776,1,4.352
slovenia,g13_00023_5.tif,6686762,143,0.3519,35.19,0.0474,0,3.026
slovenia,g13_00023_5.tif,6686775,229,0.5636,56.36,0.217,0,5.557
slovenia,g13_00023_5.tif,6686837,983,2.4191,241.91,0.403,0,9.482
slovenia,g13_00023_5.tif,6686876,922,2.269,226.9,0.5079,1,8.577
slovenia,g13_00023_5.tif,6712317,597,1.4692,146.92,0.5519,1,10.764
slovenia,g13_00023_5.tif,6712325,153,0.3765,37.65,0.5,1,4.363
slovenia,g13_00023_5.tif,6712638,266,0.6546,65.46,0.2196,0,4.677
slovenia,g13_00023_5.tif,6717435,267,0.6571,65.71,0.7681,1,5.614
slovenia,g13_00023_5.tif,6718711,130,0.3199,31.99,0.3881,0,4.966
slovenia,g13_00023_5.tif,6744778,87,0.2141,21.41,0.5862,1,3.169
slovenia,g13_00023_5.tif,6873466,538,1.324,132.4,0.5938,1,10.333
slovenia,g13_00023_5.tif,6873508,323,0.7949,79.49,0.4864,0,7.341
slovenia,g13_00023_5.tif,6876739,44,0.1083,10.83,0.1084,0,1.237
slovenia,g13_00023_5.tif,6876740,38,0.0935,9.35,0.0936,0,1.237
slovenia,g13_00023_5.tif,6947279,1250,3.0762,307.62,0.6444,1,12.08
slovenia,g13_00023_5.tif,6947352,370,0.9105,91.05,0.4619,0,6.049
slovenia,g13_00023_5.tif,6947412,152,0.3741,37.41,0.0708,0,5.695
slovenia,g13_00026_17.tif,6593532,47,0.1172,11.72,0.0453,0,1.988
slovenia,g13_00026_17.tif,6593730,48,0.1197,11.97,0.0462,0,1.988
slovenia,g13_00026_18.tif,6177380,34,0.0848,8.48,0.0204,0,1.635
slovenia,g13_00026_18.tif,6177382,13,0.0324,3.24,0.0078,0,1.046
slovenia,g13_00026_18.tif,6230989,15,0.0374,3.74,0.0093,0,1.046
slovenia,g13_00026_18.tif,6230991,41,0.1023,10.23,0.5714,1,1.635
slovenia,g13_00026_18.tif,6396910,32,0.0798,7.98,0.2,0,1.635
slovenia,g13_00026_18.tif,6483481,20,0.0499,4.99,0.0606,0,1.246
slovenia,g13_00026_18.tif,6593537,10,0.0249,2.49,0.034,0,1.046
slovenia,g13_00029_10.tif,6253290,54,0.1347,13.47,0.0159,0,2.506
slovenia,g13_00029_10.tif,6261267,48,0.1198,11.98,0.0879,0,2.076
slovenia,g13_00029_10.tif,6854894,137,0.3419,34.19,0.0306,0,2.351
slovenia,g13_00029_11.tif,6170105,150,0.3743,37.43,0.4823,0,5.522
slovenia,g13_00029_11.tif,6170106,123,0.3069,30.69,0.1085,0,2.351
slovenia,g13_00029_11.tif,6170107,24,0.0599,5.99,0.2034,0,1.988
slovenia,g13_00029_11.tif,6172162,106,0.2645,26.45,0.4839,0,2.506
slovenia,g13_00029_11.tif,6172163,11,0.0274,2.74,0.0081,0,1.046
slovenia,g13_00029_11.tif,6177382,48,0.1198,11.98,0.5732,1,3.047
slovenia,g13_00029_11.tif,6243140,26,0.0649,6.49,0.1166,0,1.246
slovenia,g13_00029_11.tif,6396905,110,0.2745,27.45,0.0404,0,3.047
slovenia,g13_00029_11.tif,6396906,147,0.3668,36.68,0.8188,1,4.999
slovenia,g13_00029_11.tif,6396907,62,0.1547,15.47,0.2683,0,3.047
slovenia,g13_00029_11.tif,6396910,5,0.0125,1.25,0.0282,0,0.786
slovenia,g13_00029_11.tif,6396985,59,0.1472,14.72,0.4041,0,1.988
slovenia,g13_00029_11.tif,6489830,43,0.1073,10.73,0.5797,1,1.988
slovenia,g13_00031_14.tif,6139440,10,0.025,2.5,0.0024,0,1.046
slovenia,g13_00031_14.tif,6139441,28,0.0699,6.99,0.0067,0,1.246
slovenia,g13_00031_14.tif,6522422,310,0.7737,77.37,0.0709,0,5.428
slovenia,g13_00031_14.tif,6522423,12,0.03,3.0,0.0429,0,1.046
slovenia,g13_00031_14.tif,6522433,30,0.0749,7.49,0.4603,0,2.352
slovenia,g13_00031_14.tif,6834016,28,0.0699,6.99,0.0828,0,1.988
slovenia,g13_00031_14.tif,6834210,8,0.02,2.0,0.0237,0,0.415
slovenia,g13_00032_5.tif,6611149,81,0.2022,20.22,0.225,0,2.908
slovenia,g13_00032_5.tif,6685069,106,0.2646,26.46,0.5266,1,3.19
slovenia,g13_00032_5.tif,6787546,31,0.0774,7.74,0.0063,0,1.046
slovenia,g13_00032_6.tif,6231450,206,0.5142,51.42,0.1344,0,4.671
slovenia,g13_00032_6.tif,6231451,177,0.4418,44.18,0.1946,0,5.938
slovenia,g13_00032_6.tif,6237426,56,0.1398,13.98,0.0442,0,2.128
slovenia,g13_00032_6.tif,6289716,66,0.1647,16.47,0.0247,0,3.19
slovenia,g13_00032_6.tif,6685069,118,0.2945,29.45,0.0756,0,3.738
slovenia,g13_00032_6.tif,6685636,55,0.1373,13.73,0.0401,0,2.077
slovenia,g13_00032_7.tif,6204997,98,0.2446,24.46,0.117,0,3.686
slovenia,g13_00032_7.tif,6204998,25,0.0624,6.24,0.4348,0,1.046
slovenia,g13_00032_7.tif,6205000,57,0.1423,14.23,0.0359,0,2.352
slovenia,g13_00032_7.tif,6234310,77,0.1922,19.22,0.302,0,3.686
slovenia,g13_00032_7.tif,6235734,46,0.1148,11.48,0.0534,0,2.506
slovenia,g13_00032_7.tif,6235743,62,0.1547,15.47,0.0521,0,2.506
slovenia,g13_00032_7.tif,6240851,33,0.0824,8.24,0.0078,0,2.077
slovenia,g13_00032_7.tif,6276548,12,0.03,3.0,0.0063,0,1.046
slovenia,g13_00032_7.tif,6418828,13,0.0324,3.24,0.0082,0,1.046
slovenia,g13_00032_7.tif,6442954,105,0.2621,26.21,0.0322,0,2.908
slovenia,g13_00032_7.tif,6442961,51,0.1273,12.73,0.011,0,2.352
slovenia,g13_00033_1.tif,6157871,252,0.629,62.9,0.3168,0,2.352
slovenia,g13_00033_1.tif,6200452,407,1.0158,101.58,0.1744,0,5.523
slovenia,g13_00033_1.tif,6200455,246,0.614,61.4,0.2216,0,2.077
slovenia,g13_00033_1.tif,6284038,488,1.218,121.8,0.679,1,4.712
slovenia,g13_00033_1.tif,6284041,89,0.2221,22.21,0.1657,0,1.046
slovenia,g13_00033_1.tif,6284042,83,0.2072,20.72,0.3593,0,1.988
slovenia,g13_00033_1.tif,6284165,82,0.2047,20.47,0.1524,0,1.046
slovenia,g13_00033_1.tif,6290736,1182,2.9502,295.02,0.7417,1,9.183
slovenia,g13_00033_1.tif,6290738,615,1.535,153.5,0.8364,1,5.4
slovenia,g13_00033_1.tif,6290743,539,1.3453,134.53,0.2302,0,3.19
slovenia,g13_00033_1.tif,6290750,346,0.8636,86.36,0.0,0,2.908
slovenia,g13_00033_1.tif,6290752,34,0.0849,8.49,0.0174,0,1.635
slovenia,g13_00033_1.tif,6290753,233,0.5815,58.15,0.2669,0,2.352
slovenia,g13_00033_1.tif,6290755,70,0.1747,17.47,0.3196,0,1.988
slovenia,g13_00033_1.tif,6290756,181,0.4518,45.18,0.0369,0,2.352
slovenia,g13_00033_1.tif,6290766,153,0.3819,38.19,0.0322,0,1.635
slovenia,g13_00033_1.tif,6290779,237,0.5915,59.15,0.7131,1,4.712
slovenia,g13_00033_1.tif,6290781,32,0.0799,7.99,0.1053,0,2.077
slovenia,g13_00033_1.tif,6434904,884,2.2064,220.64,0.5267,1,4.569
slovenia,g13_00033_1.tif,6434940,139,0.3469,34.69,0.5714,1,3.686
slovenia,g13_00033_1.tif,6434950,412,1.0283,102.83,0.3543,0,4.569
slovenia,g13_00033_1.tif,6437944,46,0.1148,11.48,0.4889,0,1.988
slovenia,g13_00033_1.tif,6439232,194,0.4842,48.42,0.0419,0,1.635
slovenia,g13_00033_1.tif,6439233,217,0.5416,54.16,0.2711,0,2.352
slovenia,g13_00033_1.tif,6439236,184,0.4592,45.92,0.8533,1,2.908
slovenia,g13_00033_1.tif,6439837,100,0.2496,24.96,0.0618,0,1.046
slovenia,g13_00033_1.tif,6439854,70,0.1747,17.47,0.0432,0,1.046
slovenia,g13_00033_1.tif,6439865,65,0.1622,16.22,0.0434,0,1.046
slovenia,g13_00033_1.tif,6452221,117,0.292,29.2,0.5308,1,3.686
slovenia,g13_00033_1.tif,6462808,815,2.0342,203.42,0.572,1,7.13
slovenia,g13_00033_1.tif,6462832,481,1.2005,120.05,0.8299,1,5.736
slovenia,g13_00033_1.tif,6462838,529,1.3203,132.03,0.1121,0,4.712
slovenia,g13_00033_1.tif,6462841,213,0.5316,53.16,0.2622,0,2.077
slovenia,g13_00033_1.tif,6462844,158,0.3944,39.44,0.0338,0,1.635
slovenia,g13_00033_1.tif,6462845,126,0.3145,31.45,0.1866,0,1.635
slovenia,g13_00033_1.tif,6462870,138,0.3444,34.44,0.0276,0,1.635
slovenia,g13_00033_1.tif,6476644,84,0.2097,20.97,0.0,0,1.046
slovenia,g13_00033_1.tif,6478361,565,1.4102,141.02,0.3338,0,4.569
slovenia,g13_00033_1.tif,6478362,351,0.8761,87.61,0.0722,0,3.686
slovenia,g13_00033_1.tif,6480932,433,1.0807,108.07,0.7782,1,4.384
slovenia,g13_00033_1.tif,6480933,238,0.594,59.4,0.0,0,2.077
slovenia,g13_00033_1.tif,6480934,238,0.594,59.4,0.0818,0,3.19
slovenia,g13_00033_1.tif,6480937,126,0.3145,31.45,0.0645,0,1.988
slovenia,g13_00033_1.tif,6481026,7,0.0175,1.75,0.0,0,0.786
slovenia,g13_00033_1.tif,6492023,366,0.9135,91.35,0.5487,1,5.118
slovenia,g13_00033_1.tif,6492028,56,0.1398,13.98,0.1964,0,2.077
slovenia,g13_00033_1.tif,6492029,367,0.916,91.6,0.005,0,2.908
slovenia,g13_00033_1.tif,6492032,237,0.5915,59.15,0.1395,0,2.352
slovenia,g13_00033_1.tif,6492040,191,0.4767,47.67,0.5095,1,3.19
slovenia,g13_00033_1.tif,6492041,158,0.3944,39.44,0.2873,0,2.077
slovenia,g13_00033_1.tif,6492042,74,0.1847,18.47,0.0951,0,2.506
slovenia,g13_00033_1.tif,6492045,11,0.0275,2.75,0.0141,0,0.786
slovenia,g13_00033_1.tif,6492375,26,0.0649,6.49,0.0164,0,1.988
slovenia,g13_00033_1.tif,6493487,136,0.3394,33.94,0.0279,0,2.077
slovenia,g13_00033_1.tif,6495415,385,0.9609,96.09,0.4159,0,3.686
slovenia,g13_00033_1.tif,6495417,375,0.936,93.6,0.0855,0,3.686
slovenia,g13_00033_1.tif,6495430,181,0.4518,45.18,0.0395,0,1.635
slovenia,g13_00033_1.tif,6495438,285,0.7113,71.13,0.314,0,3.118
slovenia,g13_00033_1.tif,6498782,1253,3.1274,312.74,0.0006,0,9.409
slovenia,g13_00033_1.tif,6498787,299,0.7463,74.63,0.1599,0,2.908
slovenia,g13_00033_1.tif,6498791,284,0.7088,70.88,0.349,0,2.352
slovenia,g13_00033_1.tif,6498802,191,0.4767,47.67,0.0504,0,1.988
slovenia,g13_00033_1.tif,6498806,139,0.3469,34.69,0.0295,0,1.635
slovenia,g13_00033_1.tif,6498808,144,0.3594,35.94,0.312,0,1.246
slovenia,g13_00033_1.tif,6498811,170,0.4243,42.43,0.036,0,1.635
slovenia,g13_00033_1.tif,6503736,111,0.277,27.7,0.0,0,1.988
slovenia,g13_00033_1.tif,6528091,363,0.906,90.6,0.7229,1,5.736
slovenia,g13_00033_1.tif,6528097,60,0.1498,14.98,0.274,0,1.988
slovenia,g13_00033_1.tif,6528100,99,0.2471,24.71,0.1159,0,2.077
slovenia,g13_00033_1.tif,6528158,81,0.2022,20.22,0.1126,0,3.19
slovenia,g13_00033_1.tif,6560118,66,0.1647,16.47,0.2955,0,1.988
slovenia,g13_00033_1.tif,6560120,416,1.0383,103.83,0.3771,0,4.392
slovenia,g13_00033_1.tif,6560121,167,0.4168,41.68,0.1635,0,1.988
slovenia,g13_00033_1.tif,6560123,94,0.2346,23.46,0.1911,0,2.506
slovenia,g13_00033_1.tif,6562544,415,1.0358,103.58,0.0141,0,3.047
slovenia,g13_00033_1.tif,6562567,99,0.2471,24.71,0.0997,0,1.246
slovenia,g13_00033_1.tif,6562574,156,0.3894,38.94,0.0714,0,1.635
slovenia,g13_00033_1.tif,6562575,116,0.2895,28.95,0.2423,0,1.988
slovenia,g13_00033_1.tif,6564732,155,0.3869,38.69,0.0178,0,1.635
slovenia,g13_00033_1.tif,6569859,104,0.2596,25.96,0.3448,0,2.506
slovenia,g13_00033_1.tif,6569865,128,0.3195,31.95,0.1682,0,1.246
slovenia,g13_00033_1.tif,6571292,100,0.2496,24.96,0.2667,0,3.118
slovenia,g13_00033_1.tif,6574956,26,0.0649,6.49,0.0759,0,1.635
slovenia,g13_00033_1.tif,6585364,236,0.589,58.9,0.3738,0,6.451
slovenia,g13_00033_1.tif,6585387,69,0.1722,17.22,0.184,0,2.077
slovenia,g13_00033_1.tif,6588394,340,0.8486,84.86,0.0559,0,3.19
slovenia,g13_00033_1.tif,6596920,535,1.3353,133.53,0.572,1,5.118
slovenia,g13_00033_1.tif,6596922,253,0.6315,63.15,0.3911,0,3.047
slovenia,g13_00033_1.tif,6596927,281,0.7013,70.13,0.4484,0,3.047
slovenia,g13_00033_1.tif,6599688,61,0.1523,15.23,0.1516,0,1.246
slovenia,g13_00033_1.tif,6603210,171,0.4268,42.68,0.0628,0,2.077
slovenia,g13_00033_1.tif,6624910,296,0.7388,73.88,0.1347,0,2.506
slovenia,g13_00033_1.tif,6624911,50,0.1248,12.48,0.2959,0,2.077
slovenia,g13_00033_1.tif,6627828,311,0.7762,77.62,0.1424,0,3.554
slovenia,g13_00033_1.tif,6632755,261,0.6514,65.14,0.0021,0,2.077
slovenia,g13_00033_1.tif,6642360,175,0.4368,43.68,0.0374,0,1.635
slovenia,g13_00033_1.tif,6642364,102,0.2546,25.46,0.2619,0,3.554
slovenia,g13_00033_1.tif,6642365,171,0.4268,42.68,0.0358,0,1.635
slovenia,g13_00033_1.tif,6642366,112,0.2795,27.95,0.0233,0,1.246
slovenia,g13_00033_1.tif,6673253,84,0.2097,20.97,0.2014,0,1.988
slovenia,g13_00033_1.tif,6698171,166,0.4143,41.43,0.0,0,1.246
slovenia,g13_00033_1.tif,6712600,645,1.6099,160.99,0.0036,0,5.118
slovenia,g13_00033_1.tif,6712620,288,0.7188,71.88,0.5103,1,2.077
slovenia,g13_00033_1.tif,6741716,709,1.7696,176.96,0.2927,0,5.523
slovenia,g13_00033_1.tif,6753003,241,0.6015,60.15,0.1159,0,3.554
slovenia,g13_00033_1.tif,6758717,417,1.0408,104.08,0.153,0,3.118
slovenia,g13_00033_1.tif,6758719,353,0.8811,88.11,0.296,0,6.339
slovenia,g13_00033_1.tif,6758720,350,0.8736,87.36,0.4977,0,3.686
slovenia,g13_00033_1.tif,6758724,61,0.1523,15.23,0.1472,0,1.246
slovenia,g13_00033_1.tif,6758726,277,0.6914,69.14,0.0591,0,2.352
slovenia,g13_00033_1.tif,6758730,132,0.3295,32.95,0.0267,0,1.635
slovenia,g13_00033_1.tif,6758829,75,0.1872,18.72,0.1326,0,1.635
slovenia,g13_00033_1.tif,6762048,497,1.2405,124.05,0.2367,0,5.428
slovenia,g13_00033_1.tif,6771200,262,0.6539,65.39,0.3724,0,3.047
slovenia,g13_00033_1.tif,6775142,798,1.9917,199.17,0.4746,0,6.652
slovenia,g13_00033_1.tif,6775154,310,0.7737,77.37,0.127,0,2.908
slovenia,g13_00033_1.tif,6775161,126,0.3145,31.45,0.0268,0,1.246
slovenia,g13_00033_1.tif,6777630,152,0.3794,37.94,0.0324,0,1.635
slovenia,g13_00033_1.tif,6777917,27,0.0674,6.74,0.0061,0,0.786
slovenia,g13_00033_1.tif,6780576,460,1.1481,114.81,0.7763,1,5.736
slovenia,g13_00033_1.tif,6780577,718,1.7921,179.21,0.001,0,7.906
slovenia,g13_00033_1.tif,6780648,322,0.8037,80.37,0.6395,1,4.392
slovenia,g13_00033_1.tif,6785709,420,1.0483,104.83,0.162,0,6.427
slovenia,g13_00033_1.tif,6785723,272,0.6789,67.89,0.2631,0,2.352
slovenia,g13_00033_1.tif,6785726,131,0.327,32.7,0.0272,0,1.635
slovenia,g13_00033_1.tif,6790115,91,0.2271,22.71,0.1617,0,1.635
slovenia,g13_00033_1.tif,6790772,91,0.2271,22.71,0.0241,0,2.128
slovenia,g13_00033_1.tif,6790774,21,0.0524,5.24,0.0955,0,0.415
slovenia,g13_00033_1.tif,6791316,25,0.0624,6.24,0.1136,0,0.786
slovenia,g13_00033_1.tif,6791363,58,0.1448,14.48,0.2411,0,1.635
slovenia,g13_00033_1.tif,6793107,277,0.6914,69.14,0.0736,0,3.118
slovenia,g13_00033_1.tif,6793110,165,0.4118,41.18,0.0356,0,1.635
slovenia,g13_00033_1.tif,6808536,370,0.9235,92.35,0.007,0,2.352
slovenia,g13_00033_1.tif,6808537,315,0.7862,78.62,0.2605,0,2.352
slovenia,g13_00033_1.tif,6808540,187,0.4667,46.67,0.0028,0,2.908
slovenia,g13_00033_1.tif,6808966,38,0.0948,9.48,0.0,0,0.415
slovenia,g13_00033_1.tif,6813616,1471,3.6715,367.15,0.689,1,8.159
slovenia,g13_00033_1.tif,6813617,929,2.3187,231.87,0.7793,1,7.158
slovenia,g13_00033_1.tif,6813618,39,0.0973,9.73,0.8085,1,1.988
slovenia,g13_00033_1.tif,6813620,662,1.6523,165.23,0.0,0,5.4
slovenia,g13_00033_1.tif,6813626,350,0.8736,87.36,0.0,0,2.908
slovenia,g13_00033_1.tif,6813635,178,0.4443,44.43,0.1898,0,2.352
slovenia,g13_00033_1.tif,6862298,2201,5.4935,549.35,0.5938,1,16.409
slovenia,g13_00033_1.tif,6894846,252,0.629,62.9,0.1582,0,2.077
slovenia,g13_00033_1.tif,6894847,303,0.7563,75.63,0.003,0,2.352
slovenia,g13_00033_1.tif,6894850,255,0.6365,63.65,0.1241,0,2.908
slovenia,g13_00033_1.tif,6894852,220,0.5491,54.91,0.0486,0,2.352
slovenia,g13_00033_1.tif,6894854,221,0.5516,55.16,0.0867,0,2.128
slovenia,g13_00033_1.tif,6894856,150,0.3744,37.44,0.0401,0,1.988
slovenia,g13_00033_1.tif,6911154,64,0.1597,15.97,0.6176,1,1.988
slovenia,g13_00033_1.tif,6911158,357,0.891,89.1,0.0594,0,3.738
slovenia,g13_00033_1.tif,6911161,19,0.0474,4.74,0.1477,0,1.246
slovenia,g13_00033_1.tif,6925601,93,0.2321,23.21,0.3012,0,1.988
slovenia,g13_00033_1.tif,6936026,148,0.3694,36.94,0.2684,0,2.077
slovenia,g13_00033_1.tif,6936029,41,0.1023,10.23,0.1093,0,1.046
slovenia,g13_00033_1.tif,6937289,1413,3.5267,352.67,0.7998,1,10.684
slovenia,g13_00033_1.tif,6937290,1859,4.6399,463.99,0.6142,1,8.358
slovenia,g13_00033_1.tif,6950864,271,0.6764,67.64,0.1271,0,2.128
slovenia,g13_00033_1.tif,6980374,269,0.6714,67.14,0.5176,1,3.047
slovenia,g13_00033_1.tif,6980375,153,0.3819,38.19,0.2727,0,2.128
slovenia,g13_00033_1.tif,6980390,143,0.3569,35.69,0.2941,0,1.635
slovenia,g13_00033_1.tif,6982216,929,2.3187,231.87,0.5158,1,5.593
slovenia,g13_00033_1.tif,6982218,842,2.1016,210.16,0.2276,0,7.524
slovenia,g13_00033_1.tif,6982224,583,1.4551,145.51,0.1531,0,5.593
slovenia,g13_00033_1.tif,6982226,471,1.1756,117.56,0.1254,0,4.712
slovenia,g13_00033_1.tif,6982228,220,0.5491,54.91,0.0585,0,2.908
slovenia,g13_00033_1.tif,6996858,248,0.619,61.9,0.2891,0,3.047
slovenia,g13_00033_1.tif,6996862,160,0.3993,39.93,0.0686,0,2.352
slovenia,g13_00033_1.tif,7003150,774,1.9318,193.18,0.4752,0,5.118
slovenia,g13_00033_1.tif,7003156,780,1.9468,194.68,0.3411,0,5.593
slovenia,g13_00033_1.tif,7003186,241,0.6015,60.15,0.2141,0,2.908
slovenia,g13_00033_1.tif,7003198,180,0.4493,44.93,0.187,0,2.077
slovenia,g13_00033_1.tif,7003200,192,0.4792,47.92,0.3199,0,1.988
slovenia,g13_00033_1.tif,7003202,184,0.4592,45.92,0.0378,0,2.352
slovenia,g13_00033_1.tif,7003211,52,0.1298,12.98,0.5658,1,2.908
slovenia,g13_00033_1.tif,7003237,425,1.0608,106.08,0.1429,0,2.128
slovenia,g13_00033_1.tif,7003239,198,0.4942,49.42,0.1232,0,1.635
slovenia,g13_00033_1.tif,7003240,5,0.0125,1.25,0.0228,0,0.786
slovenia,g13_00033_1.tif,7006525,323,0.8062,80.62,0.5134,1,3.909
slovenia,g13_00033_1.tif,7006542,278,0.6939,69.39,0.3066,0,2.908
slovenia,g13_00033_1.tif,7020929,82,0.2047,20.47,0.0384,0,1.046
slovenia,g13_00033_1.tif,7078005,537,1.3403,134.03,0.2508,0,3.19
slovenia,g13_00033_2.tif,6289857,343,0.8505,85.05,0.5015,1,3.286
slovenia,g13_00033_2.tif,6290736,14,0.0347,3.47,0.1739,0,1.238
slovenia,g13_00033_2.tif,6290740,601,1.4902,149.02,0.3416,0,5.092
slovenia,g13_00033_2.tif,6290752,305,0.7563,75.63,0.1581,0,2.889
slovenia,g13_00033_2.tif,6290761,94,0.2331,23.31,0.1178,0,2.34
slovenia,g13_00033_2.tif,6290779,307,0.7612,76.12,0.4165,0,5.067
slovenia,g13_00033_2.tif,6359391,258,0.6397,63.97,0.7736,1,2.34
slovenia,g13_00033_2.tif,6434944,225,0.5579,55.79,0.1619,0,4.363
slovenia,g13_00033_2.tif,6452221,76,0.1884,18.84,0.878,1,3.038
slovenia,g13_00033_2.tif,6462831,512,1.2696,126.96,0.5167,1,5.819
slovenia,g13_00033_2.tif,6462867,155,0.3843,38.43,0.0832,0,1.629
slovenia,g13_00033_2.tif,6476634,966,2.3953,239.53,0.3278,0,6.877
slovenia,g13_00033_2.tif,6492023,197,0.4885,48.85,0.0958,0,4.539
slovenia,g13_00033_2.tif,6492028,433,1.0737,107.37,0.7652,1,4.683
slovenia,g13_00033_2.tif,6492032,79,0.1959,19.59,0.6044,1,2.34
slovenia,g13_00033_2.tif,6492037,116,0.2876,28.76,0.2861,0,2.889
slovenia,g13_00033_2.tif,6492044,90,0.2232,22.32,0.1091,0,1.629
slovenia,g13_00033_2.tif,6493482,124,0.3075,30.75,0.1775,0,1.238
slovenia,g13_00033_2.tif,6494428,254,0.6298,62.98,0.0915,0,2.503
slovenia,g13_00033_2.tif,6494429,26,0.0645,6.45,0.0359,0,0.789
slovenia,g13_00033_2.tif,6494430,416,1.0315,103.15,0.0425,0,4.465
slovenia,g13_00033_2.tif,6494572,137,0.3397,33.97,0.1841,0,1.629
slovenia,g13_00033_2.tif,6495411,674,1.6712,167.12,0.343,0,6.299
slovenia,g13_00033_2.tif,6495419,283,0.7017,70.17,0.2272,0,3.193
slovenia,g13_00033_2.tif,6495426,253,0.6273,62.73,0.3025,0,4.363
slovenia,g13_00033_2.tif,6495428,218,0.5406,54.06,0.2556,0,2.889
slovenia,g13_00033_2.tif,6495436,168,0.4166,41.66,0.079,0,1.629
slovenia,g13_00033_2.tif,6498790,266,0.6596,65.96,0.2414,0,2.34
slovenia,g13_00033_2.tif,6498795,261,0.6472,64.72,0.3315,0,3.038
slovenia,g13_00033_2.tif,6498800,218,0.5406,54.06,0.4076,0,4.363
slovenia,g13_00033_2.tif,6498814,260,0.6447,64.47,0.5629,1,6.614
slovenia,g13_00033_2.tif,6499508,121,0.3,30.0,0.5915,1,2.063
slovenia,g13_00033_2.tif,6503731,369,0.915,91.5,0.3279,0,3.671
slovenia,g13_00033_2.tif,6505032,309,0.7662,76.62,0.191,0,1.991
slovenia,g13_00033_2.tif,6508455,383,0.9497,94.97,0.6269,1,6.845
slovenia,g13_00033_2.tif,6510315,922,2.2862,228.62,0.0451,0,7.999
slovenia,g13_00033_2.tif,6510317,493,1.2224,122.24,0.1561,0,3.038
slovenia,g13_00033_2.tif,6510500,418,1.0365,103.65,0.1989,0,3.038
slovenia,g13_00033_2.tif,6510501,225,0.5579,55.79,0.2996,0,3.193
slovenia,g13_00033_2.tif,6528091,164,0.4067,40.67,0.0295,0,4.539
slovenia,g13_00033_2.tif,6528158,473,1.1728,117.28,0.8429,1,7.103
slovenia,g13_00033_2.tif,6560107,1592,3.9475,394.75,0.0048,0,13.212
slovenia,g13_00033_2.tif,6560108,477,1.1828,118.28,0.4803,0,5.067
slovenia,g13_00033_2.tif,6560112,315,0.7811,78.11,0.1317,0,2.129
slovenia,g13_00033_2.tif,6561843,402,0.9968,99.68,0.0,0,3.193
slovenia,g13_00033_2.tif,6561844,181,0.4488,44.88,0.168,0,3.038
slovenia,g13_00033_2.tif,6561845,115,0.2852,28.52,0.2077,0,2.34
slovenia,g13_00033_2.tif,6562558,231,0.5728,57.28,0.2681,0,2.34
slovenia,g13_00033_2.tif,6562567,42,0.1041,10.41,0.0096,0,1.238
slovenia,g13_00033_2.tif,6571283,490,1.215,121.5,0.2262,0,3.038
slovenia,g13_00033_2.tif,6576199,259,0.6422,64.22,0.1392,0,3.038
slovenia,g13_00033_2.tif,6576200,233,0.5777,57.77,0.0438,0,4.465
slovenia,g13_00033_2.tif,6580325,342,0.848,84.8,0.1218,0,5.596
slovenia,g13_00033_2.tif,6580326,324,0.8034,80.34,0.626,1,4.539
slovenia,g13_00033_2.tif,6580339,10,0.0248,2.48,0.0,0,0.789
slovenia,g13_00033_2.tif,6582875,615,1.5249,152.49,0.8341,1,4.683
slovenia,g13_00033_2.tif,6583090,667,1.6539,165.39,0.3457,0,4.683
slovenia,g13_00033_2.tif,6594437,221,0.548,54.8,0.5545,1,2.503
slovenia,g13_00033_2.tif,6594440,177,0.4389,43.89,0.0491,0,2.503
slovenia,g13_00033_2.tif,6594442,164,0.4067,40.67,0.1372,0,3.038
slovenia,g13_00033_2.tif,6594447,88,0.2182,21.82,0.315,0,3.671
slovenia,g13_00033_2.tif,6594452,61,0.1513,15.13,0.2429,0,2.34
slovenia,g13_00033_2.tif,6594516,241,0.5976,59.76,0.1813,0,4.363
slovenia,g13_00033_2.tif,6594517,22,0.0546,5.46,0.018,0,1.238
slovenia,g13_00033_2.tif,6624911,67,0.1661,16.61,0.8971,1,2.889
slovenia,g13_00033_2.tif,6624914,9,0.0223,2.23,0.0047,0,0.789
slovenia,g13_00033_2.tif,6629333,1219,3.0226,302.26,0.3005,0,10.528
slovenia,g13_00033_2.tif,6629341,159,0.3943,39.43,0.0441,0,2.129
slovenia,g13_00033_2.tif,6642357,441,1.0935,109.35,0.2391,0,5.419
slovenia,g13_00033_2.tif,6712617,277,0.6868,68.68,0.1322,0,4.994
slovenia,g13_00033_2.tif,6719671,745,1.8473,184.73,0.6824,1,9.342
slovenia,g13_00033_2.tif,6720050,442,1.096,109.6,0.0046,0,2.503
slovenia,g13_00033_2.tif,6720053,425,1.0538,105.38,0.1161,0,4.994
slovenia,g13_00033_2.tif,6720055,319,0.791,79.1,0.5573,1,3.961
slovenia,g13_00033_2.tif,6720065,202,0.5009,50.09,0.0276,0,3.286
slovenia,g13_00033_2.tif,6731665,307,0.7612,76.12,0.7368,1,4.994
slovenia,g13_00033_2.tif,6752988,308,0.7637,76.37,0.7249,1,6.845
slovenia,g13_00033_2.tif,6753000,72,0.1785,17.85,0.0269,0,3.193
slovenia,g13_00033_2.tif,6758721,313,0.7761,77.61,0.2301,0,2.889
slovenia,g13_00033_2.tif,6762056,59,0.1463,14.63,0.026,0,1.629
slovenia,g13_00033_2.tif,6771197,426,1.0563,105.63,0.8083,1,6.299
slovenia,g13_00033_2.tif,6771199,476,1.1803,118.03,0.6662,1,7.103
slovenia,g13_00033_2.tif,6771265,209,0.5182,51.82,0.1632,0,3.038
slovenia,g13_00033_2.tif,6777627,1009,2.5019,250.19,0.8699,1,9.779
slovenia,g13_00033_2.tif,6780541,290,0.7191,71.91,0.1673,0,2.34
slovenia,g13_00033_2.tif,6780724,453,1.1233,112.33,0.1079,0,5.419
slovenia,g13_00033_2.tif,6800988,960,2.3804,238.04,0.2414,0,7.211
slovenia,g13_00033_2.tif,6800994,255,0.6323,63.23,0.0576,0,2.503
slovenia,g13_00033_2.tif,6800995,323,0.8009,80.09,0.7989,1,8.184
slovenia,g13_00033_2.tif,6813621,508,1.2596,125.96,0.5052,1,5.365
slovenia,g13_00033_2.tif,6813628,328,0.8133,81.33,0.1227,0,3.671
slovenia,g13_00033_2.tif,6813634,588,1.458,145.8,0.7412,1,4.994
slovenia,g13_00033_2.tif,6862298,9607,23.8215,2382.15,0.8549,1,38.363
slovenia,g13_00033_2.tif,6911137,1002,2.4846,248.46,0.8795,1,10.683
slovenia,g13_00033_2.tif,6911142,903,2.2391,223.91,0.5004,1,11.172
slovenia,g13_00033_2.tif,6911147,339,0.8406,84.06,0.4011,0,3.671
slovenia,g13_00033_2.tif,6911161,146,0.362,36.2,0.8645,1,3.038
slovenia,g13_00033_2.tif,6911162,186,0.4612,46.12,0.6631,1,2.889
slovenia,g13_00033_2.tif,6911166,134,0.3323,33.23,0.0142,0,2.34
slovenia,g13_00033_2.tif,6950866,93,0.2306,23.06,0.482,0,2.34
slovenia,g13_00033_2.tif,6953917,158,0.3918,39.18,0.1753,0,2.063
slovenia,g13_00033_2.tif,6980376,215,0.5331,53.31,0.4852,0,2.063
slovenia,g13_00033_2.tif,6980569,3,0.0074,0.74,0.0077,0,0.413
slovenia,g13_00033_2.tif,6982225,547,1.3563,135.63,0.6694,1,5.092
slovenia,g13_00033_2.tif,6996859,272,0.6744,67.44,0.3537,0,3.101
slovenia,g13_00033_2.tif,7003163,280,0.6943,69.43,0.5109,1,3.101
slovenia,g13_00033_2.tif,7003179,317,0.786,78.6,0.2356,0,3.714
slovenia,g13_00033_2.tif,7003196,226,0.5604,56.04,0.3923,0,2.34
slovenia,g13_00033_2.tif,7003198,23,0.057,5.7,0.0,0,1.238
slovenia,g13_00033_2.tif,7003211,97,0.2405,24.05,0.1749,0,3.038
slovenia,g13_00033_2.tif,7003217,169,0.4191,41.91,0.0891,0,2.063
slovenia,g13_00033_2.tif,7006544,107,0.2653,26.53,0.1801,0,1.238
slovenia,g13_00033_2.tif,7020538,135,0.3347,33.47,0.299,0,2.063
slovenia,g13_00033_3.tif,6104931,428,1.0682,106.82,0.7996,1,8.629
slovenia,g13_00033_3.tif,6104932,75,0.1872,18.72,0.2362,0,1.635
slovenia,g13_00033_3.tif,6106320,128,0.3195,31.95,0.2781,0,2.128
slovenia,g13_00033_3.tif,6106321,129,0.322,32.2,0.1849,0,2.128
slovenia,g13_00033_3.tif,6106323,51,0.1273,12.73,0.0306,0,1.046
slovenia,g13_00033_3.tif,6111046,107,0.2671,26.71,0.0874,0,3.047
slovenia,g13_00033_3.tif,6127310,218,0.5441,54.41,0.1307,0,3.047
slovenia,g13_00033_3.tif,6127311,59,0.1473,14.73,0.1215,0,2.128
slovenia,g13_00033_3.tif,6127313,162,0.4043,40.43,0.0952,0,2.352
slovenia,g13_00033_3.tif,6127314,132,0.3295,32.95,0.074,0,1.635
slovenia,g13_00033_3.tif,6165046,211,0.5266,52.66,0.4724,0,5.085
slovenia,g13_00033_3.tif,6178495,69,0.1722,17.22,0.0978,0,1.046
slovenia,g13_00033_3.tif,6190600,4,0.01,1.0,0.0002,0,0.415
slovenia,g13_00033_3.tif,6249274,90,0.2246,22.46,0.054,0,1.046
slovenia,g13_00033_3.tif,6289861,279,0.6964,69.64,0.0057,0,3.047
slovenia,g13_00033_3.tif,6370107,73,0.1822,18.22,0.1821,0,1.046
slovenia,g13_00033_3.tif,6370121,7,0.0175,1.75,0.14,0,0.786
slovenia,g13_00033_3.tif,6400449,253,0.6315,63.15,0.1441,0,3.686
slovenia,g13_00033_3.tif,6400450,143,0.3569,35.69,0.1968,0,2.128
slovenia,g13_00033_3.tif,6411953,8,0.02,2.0,0.1311,0,0.786
slovenia,g13_00033_3.tif,6422454,162,0.4043,40.43,0.523,1,3.554
slovenia,g13_00033_3.tif,6428040,19,0.0474,4.74,0.0008,0,1.635
slovenia,g13_00033_3.tif,6437948,75,0.1872,18.72,0.151,0,1.046
slovenia,g13_00033_3.tif,6476634,190,0.4742,47.42,0.5316,1,4.999
slovenia,g13_00033_3.tif,6510099,97,0.2421,24.21,0.0391,0,2.077
slovenia,g13_00033_3.tif,6510317,60,0.1498,14.98,0.5859,1,2.506
slovenia,g13_00033_3.tif,6510499,811,2.0242,202.42,0.3214,0,6.09
slovenia,g13_00033_3.tif,6510500,67,0.1672,16.72,0.245,0,2.128
slovenia,g13_00033_3.tif,6557535,26,0.0649,6.49,0.0006,0,1.635
slovenia,g13_00033_3.tif,6557537,10,0.025,2.5,0.0001,0,1.046
slovenia,g13_00033_3.tif,6557538,39,0.0973,9.73,0.0,0,2.128
slovenia,g13_00033_3.tif,6557542,44,0.1098,10.98,0.1574,0,2.908
slovenia,g13_00033_3.tif,6557544,53,0.1323,13.23,0.3814,0,2.352
slovenia,g13_00033_3.tif,6557546,6,0.015,1.5,0.061,0,0.415
slovenia,g13_00033_3.tif,6558205,821,2.0491,204.91,0.6165,1,8.629
slovenia,g13_00033_3.tif,6560119,7,0.0175,1.75,0.0092,0,0.786
slovenia,g13_00033_3.tif,6563744,532,1.3278,132.78,0.3333,0,4.999
slovenia,g13_00033_3.tif,6563745,73,0.1822,18.22,0.2101,0,2.128
slovenia,g13_00033_3.tif,6571283,68,0.1697,16.97,0.4104,0,2.506
slovenia,g13_00033_3.tif,6571284,371,0.926,92.6,0.5862,1,6.09
slovenia,g13_00033_3.tif,6571285,156,0.3894,38.94,0.8343,1,2.908
slovenia,g13_00033_3.tif,6571286,160,0.3993,39.93,0.1579,0,2.506
slovenia,g13_00033_3.tif,6574389,56,0.1398,13.98,0.1644,0,1.635
slovenia,g13_00033_3.tif,6576194,259,0.6464,64.64,0.1609,0,2.128
slovenia,g13_00033_3.tif,6576207,114,0.2845,28.45,0.1988,0,2.352
slovenia,g13_00033_3.tif,6580327,159,0.3968,39.68,0.0219,0,5.085
slovenia,g13_00033_3.tif,6593209,112,0.2795,27.95,0.201,0,2.352
slovenia,g13_00033_3.tif,6593210,180,0.4493,44.93,0.6169,1,3.738
slovenia,g13_00033_3.tif,6593222,71,0.1772,17.72,0.1518,0,2.077
slovenia,g13_00033_3.tif,6594430,16,0.0399,3.99,0.0138,0,1.246
slovenia,g13_00033_3.tif,6594440,18,0.0449,4.49,0.1056,0,1.635
slovenia,g13_00033_3.tif,6599679,394,0.9834,98.34,0.835,1,5.938
slovenia,g13_00033_3.tif,6599682,443,1.1057,110.57,0.7081,1,7.062
slovenia,g13_00033_3.tif,6599687,128,0.3195,31.95,0.1701,0,2.908
slovenia,g13_00033_3.tif,6606091,266,0.6639,66.39,0.8357,1,5.736
slovenia,g13_00033_3.tif,6629333,20,0.0499,4.99,0.0671,0,1.246
slovenia,g13_00033_3.tif,6629339,211,0.5266,52.66,0.627,1,2.908
slovenia,g13_00033_3.tif,6629341,23,0.0574,5.74,0.1329,0,1.988
slovenia,g13_00033_3.tif,6652346,234,0.584,58.4,0.6747,1,3.554
slovenia,g13_00033_3.tif,6652353,2,0.005,0.5,0.0328,0,0.415
slovenia,g13_00033_3.tif,6652354,24,0.0599,5.99,0.3934,0,1.635
slovenia,g13_00033_3.tif,6661024,375,0.936,93.6,0.0575,0,3.047
slovenia,g13_00033_3.tif,6661027,290,0.7238,72.38,0.0248,0,3.047
slovenia,g13_00033_3.tif,6670650,638,1.5924,159.24,0.0244,0,4.999
slovenia,g13_00033_3.tif,6670662,193,0.4817,48.17,0.0553,0,3.047
slovenia,g13_00033_3.tif,6670671,179,0.4468,44.68,0.1924,0,2.352
slovenia,g13_00033_3.tif,6670683,161,0.4018,40.18,0.2515,0,3.047
slovenia,g13_00033_3.tif,6670684,34,0.0849,8.49,0.1349,0,1.046
slovenia,g13_00033_3.tif,6712617,160,0.3993,39.93,0.3743,0,4.671
slovenia,g13_00033_3.tif,6712628,8,0.02,2.0,0.0615,0,1.046
slovenia,g13_00033_3.tif,6712629,25,0.0624,6.24,0.2836,0,1.046
slovenia,g13_00033_3.tif,6712630,2,0.005,0.5,0.0196,0,0.415
slovenia,g13_00033_3.tif,6719676,604,1.5075,150.75,0.6227,1,7.392
slovenia,g13_00033_3.tif,6720043,841,2.0991,209.91,0.5701,1,5.819
slovenia,g13_00033_3.tif,6726961,68,0.1697,16.97,0.1215,0,2.908
slovenia,g13_00033_3.tif,6726964,139,0.3469,34.69,0.135,0,3.047
slovenia,g13_00033_3.tif,6726997,122,0.3045,30.45,0.1541,0,2.352
slovenia,g13_00033_3.tif,6731241,23,0.0574,5.74,0.46,0,1.046
slovenia,g13_00033_3.tif,6731242,71,0.1772,17.72,0.0407,0,1.046
slovenia,g13_00033_3.tif,6731653,194,0.4842,48.42,0.7723,1,5.593
slovenia,g13_00033_3.tif,6731665,63,0.1572,15.72,0.6375,1,2.908
slovenia,g13_00033_3.tif,6731669,338,0.8436,84.36,0.6377,1,5.4
slovenia,g13_00033_3.tif,6731670,301,0.7513,75.13,0.8786,1,5.4
slovenia,g13_00033_3.tif,6731673,76,0.1897,18.97,0.4354,0,2.077
slovenia,g13_00033_3.tif,6780728,266,0.6639,66.39,0.0391,0,4.384
slovenia,g13_00033_3.tif,6800988,61,0.1523,15.23,0.4184,0,2.908
slovenia,g13_00033_3.tif,6800994,47,0.1173,11.73,0.2973,0,2.128
slovenia,g13_00033_3.tif,6800999,117,0.292,29.2,0.8374,1,3.967
slovenia,g13_00033_3.tif,6813641,335,0.8361,83.61,0.4058,0,3.047
slovenia,g13_00033_3.tif,6813642,134,0.3345,33.45,0.0,0,2.352
slovenia,g13_00033_3.tif,6858389,144,0.3594,35.94,0.0237,0,2.352
slovenia,g13_00033_3.tif,6858405,86,0.2146,21.46,0.1828,0,1.046
slovenia,g13_00033_3.tif,6862298,706,1.7621,176.21,0.9561,1,11.215
slovenia,g13_00033_3.tif,6865965,612,1.5275,152.75,0.0884,0,5.736
slovenia,g13_00033_3.tif,6903995,184,0.4592,45.92,0.1103,0,2.506
slovenia,g13_00033_3.tif,6904019,187,0.4667,46.67,0.3015,0,3.047
slovenia,g13_00033_3.tif,6911140,732,1.827,182.7,0.7666,1,11.277
slovenia,g13_00033_3.tif,6911163,111,0.277,27.7,0.1631,0,1.988
slovenia,g13_00033_3.tif,6911165,223,0.5566,55.66,0.6871,1,3.047
slovenia,g13_00033_3.tif,6911177,178,0.4443,44.43,0.0681,0,3.118
slovenia,g13_00033_3.tif,6953912,194,0.4842,48.42,0.5727,1,3.554
slovenia,g13_00033_3.tif,6994421,204,0.5092,50.92,0.325,0,2.506
slovenia,g13_00033_3.tif,6994459,73,0.1822,18.22,0.048,0,1.635
slovenia,g13_00033_3.tif,7017509,177,0.4418,44.18,0.4764,0,3.118
slovenia,g13_00033_3.tif,7017512,148,0.3694,36.94,0.2841,0,2.077
slovenia,g13_00033_3.tif,7020481,612,1.5275,152.75,0.6404,1,6.889
slovenia,g13_00033_3.tif,7020496,396,0.9884,98.84,0.6897,1,5.938
slovenia,g13_00033_3.tif,7020499,231,0.5766,57.66,0.6734,1,3.967
slovenia,g13_00033_3.tif,7020503,306,0.7637,76.37,0.6519,1,4.671
slovenia,g13_00033_3.tif,7020526,159,0.3968,39.68,0.2814,0,1.635
slovenia,g13_00033_3.tif,7020549,92,0.2296,22.96,0.0552,0,1.635
slovenia,g13_00033_3.tif,7020553,113,0.282,28.2,0.1578,0,1.635
slovenia,g13_00033_3.tif,7020560,88,0.2196,21.96,0.0528,0,1.046
slovenia,g13_00033_3.tif,7020580,225,0.5616,56.16,0.1927,0,3.047
slovenia,g13_00033_3.tif,7020590,83,0.2072,20.72,0.0265,0,1.988
slovenia,g13_00033_3.tif,7061531,241,0.6015,60.15,0.3846,0,3.554
slovenia,g13_00033_3.tif,7061532,41,0.1023,10.23,0.7407,1,2.352
slovenia,g13_00033_3.tif,7061534,8,0.02,2.0,0.16,0,0.786
slovenia,g13_00033_3.tif,7061535,100,0.2496,24.96,0.2137,0,1.635
slovenia,g13_00033_3.tif,7080445,82,0.2047,20.47,0.2599,0,2.352
slovenia,g13_00034_17.tif,6272996,23,0.0574,5.74,0.0064,0,1.988
slovenia,g13_00034_17.tif,6275152,193,0.4818,48.18,0.722,1,6.232
slovenia,g13_00034_17.tif,6275290,127,0.3171,31.71,0.7152,1,3.968
slovenia,g13_00034_17.tif,6275302,41,0.1024,10.24,0.1048,0,1.635
slovenia,g13_00034_17.tif,6278770,38,0.0949,9.49,0.0125,0,1.635
slovenia,g13_00034_17.tif,6600760,33,0.0824,8.24,0.0125,0,1.988
slovenia,g13_00034_17.tif,6600764,23,0.0574,5.74,0.5,1,2.077
slovenia,g13_00034_17.tif,6601907,76,0.1897,18.97,0.0688,0,3.19
slovenia,g13_00034_17.tif,6601908,195,0.4868,48.68,0.1618,0,5.593
slovenia,g13_00034_17.tif,6605741,126,0.3146,31.46,0.1271,0,3.19
slovenia,g13_00034_17.tif,6605743,67,0.1673,16.73,0.5493,1,2.507
slovenia,g13_00034_17.tif,6890624,5,0.0125,1.25,0.0057,0,0.786
slovenia,g13_00034_17.tif,6890625,14,0.035,3.5,0.016,0,1.246
slovenia,g13_00034_17.tif,6890628,197,0.4918,49.18,0.2009,0,3.91
slovenia,g13_00034_18.tif,6228950,89,0.2222,22.22,0.1,0,4.384
slovenia,g13_00034_18.tif,6600764,28,0.0699,6.99,0.7941,1,2.077
slovenia,g13_00034_18.tif,6607404,47,0.1173,11.73,0.0611,0,1.635
slovenia,g13_00034_18.tif,6890625,52,0.1298,12.98,0.3248,0,2.128
slovenia,g13_00034_18.tif,6890628,34,0.0849,8.49,0.2025,0,1.988
slovenia,g13_00034_3.tif,6131546,926,2.3112,231.12,0.6573,1,7.13
slovenia,g13_00034_3.tif,6131548,609,1.52,152.0,0.8912,1,11.277
slovenia,g13_00034_3.tif,6131551,281,0.7013,70.13,0.7718,1,7.062
slovenia,g13_00034_3.tif,6252350,730,1.822,182.2,0.449,0,9.198
slovenia,g13_00034_3.tif,6252351,668,1.6673,166.73,0.8674,1,10.522
slovenia,g13_00034_3.tif,6252352,232,0.5791,57.91,0.4056,0,5.736
slovenia,g13_00034_3.tif,6252353,137,0.3419,34.19,0.001,0,2.908
slovenia,g13_00034_3.tif,6252354,30,0.0749,7.49,0.0734,0,1.635
slovenia,g13_00034_3.tif,6326765,60,0.1498,14.98,0.0021,0,2.908
slovenia,g13_00034_3.tif,6326766,57,0.1423,14.23,0.0256,0,1.635
slovenia,g13_00034_3.tif,6340002,232,0.5791,57.91,0.7355,1,5.819
slovenia,g13_00034_3.tif,6340004,98,0.2446,24.46,0.6039,1,2.908
slovenia,g13_00034_3.tif,6340007,11,0.0275,2.75,0.122,0,1.046
slovenia,g13_00034_3.tif,6340009,45,0.1123,11.23,0.4035,0,3.047
slovenia,g13_00034_3.tif,6340047,30,0.0749,7.49,0.0129,0,1.635
slovenia,g13_00034_3.tif,6340076,43,0.1073,10.73,0.0046,0,1.988
slovenia,g13_00034_3.tif,6357335,97,0.2421,24.21,0.2812,0,3.967
slovenia,g13_00034_3.tif,6357337,50,0.1248,12.48,0.6981,1,2.352
slovenia,g13_00034_3.tif,6357338,405,1.0108,101.08,0.2826,0,7.062
slovenia,g13_00034_3.tif,6375640,140,0.3494,34.94,0.8182,1,3.686
slovenia,g13_00034_3.tif,6429720,252,0.629,62.9,0.1043,0,4.999
slovenia,g13_00034_3.tif,6429721,48,0.1198,11.98,0.4375,0,2.128
slovenia,g13_00034_3.tif,6429723,234,0.584,58.4,0.7489,1,4.384
slovenia,g13_00034_3.tif,6429736,46,0.1148,11.48,0.0,0,1.988
slovenia,g13_00034_3.tif,6431018,629,1.5699,156.99,0.6454,1,6.843
slovenia,g13_00034_3.tif,6433361,163,0.4068,40.68,0.431,0,4.712
slovenia,g13_00034_3.tif,6433362,167,0.4168,41.68,0.7188,1,5.085
slovenia,g13_00034_3.tif,6433364,154,0.3844,38.44,0.8889,1,5.593
slovenia,g13_00034_3.tif,6433366,135,0.3369,33.69,0.8243,1,5.118
slovenia,g13_00034_3.tif,6433367,169,0.4218,42.18,0.0,0,4.392
slovenia,g13_00034_3.tif,6470429,257,0.6414,64.14,0.6036,1,4.392
slovenia,g13_00034_3.tif,6470431,217,0.5416,54.16,0.8117,1,4.384
slovenia,g13_00034_3.tif,6475217,99,0.2471,24.71,0.798,1,2.908
slovenia,g13_00034_3.tif,6475223,192,0.4792,47.92,0.3936,0,3.909
slovenia,g13_00034_3.tif,6514068,92,0.2296,22.96,0.4558,0,4.392
slovenia,g13_00034_3.tif,6548430,279,0.6964,69.64,0.233,0,2.908
slovenia,g13_00034_3.tif,6578769,1649,4.1157,411.57,0.8865,1,16.669
slovenia,g13_00034_3.tif,6578775,246,0.614,61.4,0.898,1,6.427
slovenia,g13_00034_3.tif,6578776,98,0.2446,24.46,0.3684,0,1.246
slovenia,g13_00034_3.tif,6578779,910,2.2713,227.13,0.6575,1,11.888
slovenia,g13_00034_3.tif,6578797,376,0.9385,93.85,0.7262,1,7.062
slovenia,g13_00034_3.tif,6578802,264,0.6589,65.89,0.8264,1,7.062
slovenia,g13_00034_3.tif,6578808,12,0.03,3.0,0.0014,0,0.415
slovenia,g13_00034_3.tif,6578822,393,0.9809,98.09,0.6798,1,7.979
slovenia,g13_00034_3.tif,6578826,41,0.1023,10.23,0.1608,0,1.988
slovenia,g13_00034_3.tif,6613301,801,1.9992,199.92,0.8726,1,7.438
slovenia,g13_00034_3.tif,6613302,617,1.54,154.0,0.836,1,10.652
slovenia,g13_00034_3.tif,6613305,492,1.228,122.8,0.8012,1,9.554
slovenia,g13_00034_3.tif,6613306,459,1.1456,114.56,0.1082,0,7.906
slovenia,g13_00034_3.tif,6613310,561,1.4002,140.02,0.3705,0,10.4
slovenia,g13_00034_3.tif,6613313,269,0.6714,67.14,0.7904,1,6.795
slovenia,g13_00034_3.tif,6613316,230,0.5741,57.41,0.8043,1,6.427
slovenia,g13_00034_3.tif,6613325,82,0.2047,20.47,0.7053,1,3.686
slovenia,g13_00034_3.tif,6613326,39,0.0973,9.73,0.1518,0,2.077
slovenia,g13_00034_3.tif,6613329,238,0.594,59.4,0.605,1,6.795
slovenia,g13_00034_3.tif,6613331,355,0.886,88.6,0.1171,0,7.885
slovenia,g13_00034_3.tif,6613336,152,0.3794,37.94,0.1246,0,4.488
slovenia,g13_00034_3.tif,6613850,30,0.0749,7.49,0.3333,0,1.246
slovenia,g13_00034_3.tif,6626234,374,0.9335,93.35,0.792,1,5.593
slovenia,g13_00034_3.tif,6626250,145,0.3619,36.19,0.6536,1,4.392
slovenia,g13_00034_3.tif,6626378,347,0.8661,86.61,0.7792,1,7.214
slovenia,g13_00034_3.tif,6631817,77,0.1922,19.22,0.0,0,3.19
slovenia,g13_00034_3.tif,6674176,29,0.0724,7.24,0.0,0,1.635
slovenia,g13_00034_3.tif,6674179,252,0.629,62.9,0.7219,1,4.569
slovenia,g13_00034_3.tif,6674180,232,0.5791,57.91,0.8281,1,3.686
slovenia,g13_00034_3.tif,6674182,175,0.4368,43.68,0.2708,0,2.352
slovenia,g13_00034_3.tif,6674351,9,0.0225,2.25,0.0635,0,0.786
slovenia,g13_00034_3.tif,6684219,89,0.2221,22.21,0.0,0,2.506
slovenia,g13_00034_3.tif,6690108,1219,3.0425,304.25,0.9243,1,9.838
slovenia,g13_00034_3.tif,6690109,784,1.9568,195.68,0.8784,1,12.941
slovenia,g13_00034_3.tif,6690110,358,0.8935,89.35,0.7554,1,7.146
slovenia,g13_00034_3.tif,6690111,182,0.4543,45.43,0.6667,1,4.712
slovenia,g13_00034_3.tif,6736079,705,1.7596,175.96,0.8532,1,11.225
slovenia,g13_00034_3.tif,6736080,1444,3.6041,360.41,0.9302,1,11.225
slovenia,g13_00034_3.tif,6742428,638,1.5924,159.24,0.7069,1,10.527
slovenia,g13_00034_3.tif,6742444,42,0.1048,10.48,0.1329,0,2.352
slovenia,g13_00034_3.tif,6742446,129,0.322,32.2,0.4952,0,3.967
slovenia,g13_00034_3.tif,6804611,221,0.5516,55.16,0.8093,1,6.652
slovenia,g13_00034_3.tif,6804621,184,0.4592,45.92,0.0083,0,3.686
slovenia,g13_00034_3.tif,6804628,129,0.322,32.2,0.1392,0,3.047
slovenia,g13_00034_3.tif,6842268,226,0.5641,56.41,0.7816,1,6.451
slovenia,g13_00034_3.tif,6846796,82,0.2047,20.47,0.3636,0,2.506
slovenia,g13_00034_3.tif,6867128,360,0.8985,89.85,0.0105,0,6.652
slovenia,g13_00034_3.tif,6907711,123,0.307,30.7,0.0071,0,3.19
slovenia,g13_00034_3.tif,6913069,181,0.4518,45.18,0.7663,1,4.463
slovenia,g13_00034_3.tif,6916147,292,0.7288,72.88,0.8356,1,5.819
slovenia,g13_00034_3.tif,6920856,164,0.4093,40.93,0.6916,1,3.19
slovenia,g13_00034_3.tif,6925035,252,0.629,62.9,0.3404,0,2.908
slovenia,g13_00034_3.tif,7028347,217,0.5416,54.16,0.4476,0,6.231
slovenia,g13_00034_3.tif,7028349,26,0.0649,6.49,0.3049,0,1.635
slovenia,g13_00034_3.tif,7028350,226,0.5641,56.41,0.4964,0,6.231
slovenia,g13_00034_3.tif,7055468,44,0.1098,10.98,0.0015,0,1.988
slovenia,g13_00034_3.tif,7071038,379,0.9459,94.59,0.2684,0,6.451
slovenia,g13_00034_5.tif,6235364,283,0.7065,70.65,0.0029,0,6.09
slovenia,g13_00034_5.tif,6235365,24,0.0599,5.99,0.0006,0,1.635
slovenia,g13_00034_5.tif,6332699,12,0.03,3.0,0.0421,0,1.246
slovenia,g13_00034_5.tif,6351378,188,0.4693,46.93,0.0522,0,4.488
slovenia,g13_00034_5.tif,6351379,11,0.0275,2.75,0.0238,0,1.046
slovenia,g13_00034_5.tif,6351380,171,0.4269,42.69,0.0586,0,3.19
slovenia,g13_00034_5.tif,6717319,12,0.03,3.0,0.0538,0,1.246
slovenia,g13_00034_6.tif,6322961,18,0.0449,4.49,0.0393,0,1.246
slovenia,g13_00034_6.tif,6332699,29,0.0724,7.24,0.1573,0,1.635
slovenia,g13_00034_6.tif,6411513,10,0.025,2.5,0.0138,0,1.046
slovenia,g13_00034_6.tif,6411519,48,0.1198,11.98,0.1114,0,2.077
slovenia,g13_00034_6.tif,6472261,10,0.025,2.5,0.0002,0,1.046
slovenia,g13_00034_6.tif,6472264,10,0.025,2.5,0.0287,0,1.046
slovenia,g13_00034_6.tif,6472265,120,0.2996,29.96,0.3161,0,3.739
slovenia,g13_00034_6.tif,6472267,21,0.0524,5.24,0.1712,0,1.988
slovenia,g13_00034_6.tif,6472273,49,0.1223,12.23,0.0008,0,2.077
slovenia,g13_00034_6.tif,6717319,9,0.0225,2.25,0.1286,0,1.246
slovenia,g13_00034_6.tif,6987585,11,0.0275,2.75,0.0031,0,1.046
slovenia,g13_00034_7.tif,6178185,180,0.4494,44.94,0.0366,0,2.507
slovenia,g13_00034_7.tif,6228029,22,0.0549,5.49,0.0005,0,1.635
slovenia,g13_00034_7.tif,6399910,97,0.2422,24.22,0.5333,1,2.908
slovenia,g13_00034_7.tif,6411512,236,0.5892,58.92,0.141,0,4.713
slovenia,g13_00034_7.tif,6411513,620,1.5478,154.78,0.4944,0,7.44
slovenia,g13_00034_7.tif,6411516,24,0.0599,5.99,0.0006,0,1.635
slovenia,g13_00034_7.tif,6462423,407,1.0161,101.61,0.0083,0,3.968
slovenia,g13_00034_7.tif,6462451,43,0.1074,10.74,0.5122,1,2.352
slovenia,g13_00034_7.tif,6535508,18,0.0449,4.49,0.0004,0,1.246
slovenia,g13_00034_7.tif,6834016,40,0.0999,9.99,0.6607,1,2.908
slovenia,g13_00034_7.tif,6834210,3,0.0075,0.75,0.0566,0,0.415
slovenia,g13_00034_7.tif,6878498,15,0.0374,3.74,0.0004,0,1.046
slovenia,g13_00034_7.tif,6878502,23,0.0574,5.74,0.0005,0,1.988
slovenia,g13_00034_7.tif,6987571,172,0.4294,42.94,0.2384,0,3.554
slovenia,g13_00034_7.tif,6987583,35,0.0874,8.74,0.1058,0,1.988
slovenia,g13_00035_0.tif,6148445,195,0.4868,48.68,0.3757,0,3.739
slovenia,g13_00035_0.tif,6148451,16,0.0399,3.99,0.0024,0,1.046
slovenia,g13_00035_0.tif,6149839,192,0.4793,47.93,0.3848,0,3.686
slovenia,g13_00035_0.tif,6149840,37,0.0924,9.24,0.1111,0,1.246
slovenia,g13_00035_0.tif,6149856,192,0.4793,47.93,0.128,0,3.739
slovenia,g13_00035_0.tif,6150901,140,0.3495,34.95,0.0435,0,4.384
slovenia,g13_00035_0.tif,6150902,29,0.0724,7.24,0.0,0,2.128
slovenia,g13_00035_0.tif,6150906,19,0.0474,4.74,0.0914,0,1.635
slovenia,g13_00035_0.tif,6150907,23,0.0574,5.74,0.0,0,1.635
slovenia,g13_00035_0.tif,6204998,22,0.0549,5.49,0.1913,0,1.046
slovenia,g13_00035_0.tif,6240851,325,0.8114,81.14,0.4352,0,7.788
slovenia,g13_00035_0.tif,6335488,18,0.0449,4.49,0.0585,0,1.046
slovenia,g13_00035_0.tif,6335490,190,0.4743,47.43,0.7289,1,5.878
slovenia,g13_00035_0.tif,6335550,85,0.2122,21.22,0.1279,0,2.352
slovenia,g13_00035_0.tif,6778230,48,0.1198,11.98,0.1016,0,2.077
slovenia,g13_00035_0.tif,6787260,28,0.0699,6.99,0.12,0,1.988
slovenia,g13_00035_0.tif,6817925,177,0.4419,44.19,0.0371,0,4.671
slovenia,g13_00035_0.tif,6821492,24,0.0599,5.99,0.0142,0,1.635
slovenia,g13_00035_13.tif,6105478,541,1.3506,135.06,0.5495,1,8.235
slovenia,g13_00035_13.tif,6423333,315,0.7864,78.64,0.2958,0,3.739
slovenia,g13_00035_13.tif,6444163,37,0.0924,9.24,0.4464,0,2.077
slovenia,g13_00035_13.tif,6478364,85,0.2122,21.22,0.5822,1,2.077
slovenia,g13_00035_13.tif,6478526,9,0.0225,2.25,0.0616,0,0.415
slovenia,g13_00035_13.tif,6478750,3,0.0075,0.75,0.0141,0,0.415
slovenia,g13_00035_13.tif,6487128,599,1.4954,149.54,0.619,1,8.235
slovenia,g13_00035_13.tif,6501533,1616,4.0344,403.44,0.875,1,12.107
slovenia,g13_00035_13.tif,6501534,1977,4.9356,493.56,0.6002,1,8.804
slovenia,g13_00035_13.tif,6528096,231,0.5767,57.67,0.1536,0,3.119
slovenia,g13_00035_13.tif,6562533,410,1.0236,102.36,0.173,0,3.119
slovenia,g13_00035_13.tif,6562582,374,0.9337,93.37,0.1154,0,2.908
slovenia,g13_00035_13.tif,6596923,277,0.6915,69.15,0.4754,0,3.119
slovenia,g13_00035_13.tif,6596925,254,0.6341,63.41,0.5739,1,4.384
slovenia,g13_00035_13.tif,6597646,33,0.0824,8.24,0.0455,0,1.046
slovenia,g13_00035_13.tif,6600268,117,0.2921,29.21,0.2421,0,3.686
slovenia,g13_00035_13.tif,6607477,316,0.7889,78.89,0.6374,1,5.119
slovenia,g13_00035_13.tif,6607478,543,1.3556,135.56,0.2646,0,4.384
slovenia,g13_00035_13.tif,6607480,193,0.4818,48.18,0.1385,0,2.077
slovenia,g13_00035_13.tif,6607600,150,0.3745,37.45,0.2587,0,2.077
slovenia,g13_00035_13.tif,6611060,679,1.6951,169.51,0.3421,0,4.391
slovenia,g13_00035_13.tif,6611062,202,0.5043,50.43,0.4064,0,2.128
slovenia,g13_00035_13.tif,6611064,239,0.5967,59.67,0.1505,0,2.352
slovenia,g13_00035_13.tif,6611068,120,0.2996,29.96,0.1787,0,1.635
slovenia,g13_00035_13.tif,6611078,291,0.7265,72.65,0.6507,1,5.401
slovenia,g13_00035_13.tif,6612016,239,0.5967,59.67,0.711,1,3.284
slovenia,g13_00035_13.tif,6615147,387,0.9662,96.62,0.6533,1,4.671
slovenia,g13_00035_13.tif,6618718,496,1.2383,123.83,0.7407,1,6.34
slovenia,g13_00035_13.tif,6618720,574,1.433,143.3,0.675,1,3.284
slovenia,g13_00035_13.tif,6618722,407,1.0161,101.61,0.7929,1,2.908
slovenia,g13_00035_13.tif,6626861,1313,3.2779,327.79,0.8741,1,10.188
slovenia,g13_00035_13.tif,6630723,674,1.6827,168.27,0.1378,0,2.908
slovenia,g13_00035_13.tif,6631508,89,0.2222,22.22,0.1956,0,2.908
slovenia,g13_00035_13.tif,6632874,1470,3.6699,366.99,0.832,1,10.454
slovenia,g13_00035_13.tif,6632877,707,1.765,176.5,0.5427,1,7.063
slovenia,g13_00035_13.tif,6633060,2097,5.2352,523.52,0.91,1,16.377
slovenia,g13_00035_13.tif,6633256,406,1.0136,101.36,0.3131,0,3.686
slovenia,g13_00035_13.tif,6635358,836,2.0871,208.71,0.3855,0,7.981
slovenia,g13_00035_13.tif,6635740,900,2.2469,224.69,0.278,0,6.34
slovenia,g13_00035_13.tif,6635756,663,1.6552,165.52,0.2097,0,5.401
slovenia,g13_00035_13.tif,6642370,1015,2.534,253.4,0.6107,1,7.44
slovenia,g13_00035_13.tif,6642371,27,0.0674,6.74,0.019,0,1.246
slovenia,g13_00035_13.tif,6642372,483,1.2058,120.58,0.1504,0,3.686
slovenia,g13_00035_13.tif,6642471,551,1.3756,137.56,0.3376,0,3.739
slovenia,g13_00035_13.tif,6643878,377,0.9412,94.12,0.75,1,4.384
slovenia,g13_00035_13.tif,6643880,249,0.6216,62.16,0.079,0,2.352
slovenia,g13_00035_13.tif,6666388,34,0.0849,8.49,0.3,0,1.988
slovenia,g13_00035_13.tif,6758719,80,0.1997,19.97,0.5674,1,3.19
slovenia,g13_00035_13.tif,6758729,242,0.6042,60.42,0.6254,1,3.686
slovenia,g13_00035_13.tif,6758732,720,1.7975,179.75,0.7642,1,4.463
slovenia,g13_00035_13.tif,6768403,297,0.7415,74.15,0.4078,0,3.968
slovenia,g13_00035_13.tif,6771202,1359,3.3928,339.28,0.5492,1,7.906
slovenia,g13_00035_13.tif,6772010,411,1.0261,102.61,0.3397,0,6.795
slovenia,g13_00035_13.tif,6775138,2526,6.3062,630.62,0.6529,1,18.041
slovenia,g13_00035_13.tif,6775163,775,1.9348,193.48,0.8581,1,9.556
slovenia,g13_00035_13.tif,6780534,464,1.1584,115.84,0.7918,1,5.737
slovenia,g13_00035_13.tif,6780714,238,0.5942,59.42,0.089,0,3.047
slovenia,g13_00035_13.tif,6780731,350,0.8738,87.38,0.4352,0,4.57
slovenia,g13_00035_13.tif,6790107,831,2.0746,207.46,0.2563,0,5.119
slovenia,g13_00035_13.tif,6790118,351,0.8763,87.63,0.1075,0,2.908
slovenia,g13_00035_13.tif,6790175,291,0.7265,72.65,0.2757,0,3.686
slovenia,g13_00035_13.tif,6808537,15,0.0374,3.74,0.1064,0,1.046
slovenia,g13_00035_13.tif,6813618,687,1.7151,171.51,0.5045,1,4.713
slovenia,g13_00035_13.tif,6862298,14229,35.5231,3552.31,0.4884,0,43.592
slovenia,g13_00035_13.tif,6862303,5706,14.2452,1424.52,0.8402,1,27.007
slovenia,g13_00035_13.tif,6895943,303,0.7564,75.64,0.3197,0,3.119
slovenia,g13_00035_13.tif,6895945,765,1.9098,190.98,0.2193,0,3.119
slovenia,g13_00035_13.tif,6895947,506,1.2632,126.32,0.8101,1,3.739
slovenia,g13_00035_13.tif,6917551,980,2.4466,244.66,0.4167,0,8.235
slovenia,g13_00035_13.tif,6936465,345,0.8613,86.13,0.6899,1,6.653
slovenia,g13_00035_13.tif,6936466,165,0.4119,41.19,0.1754,0,1.635
slovenia,g13_00035_13.tif,7011787,516,1.2882,128.82,0.2542,0,4.384
slovenia,g13_00035_13.tif,7011893,15,0.0374,3.74,0.0061,0,0.415
slovenia,g13_00035_13.tif,7081992,627,1.5653,156.53,0.8328,1,8.643
slovenia,g13_00035_14.tif,6126171,86,0.2133,21.33,0.4463,0,2.129
slovenia,g13_00035_14.tif,6126175,66,0.1637,16.37,0.3258,0,1.045
slovenia,g13_00035_14.tif,6174296,242,0.6002,60.02,0.3108,0,3.038
slovenia,g13_00035_14.tif,6184916,322,0.7986,79.86,0.2486,0,3.553
slovenia,g13_00035_14.tif,6197217,225,0.558,55.8,0.5471,1,3.671
slovenia,g13_00035_14.tif,6306058,225,0.558,55.8,0.2299,0,2.503
slovenia,g13_00035_14.tif,6306059,697,1.7287,172.87,0.2233,0,5.068
slovenia,g13_00035_14.tif,6306356,275,0.6821,68.21,0.3616,0,3.038
slovenia,g13_00035_14.tif,6423327,207,0.5134,51.34,0.8402,1,3.671
slovenia,g13_00035_14.tif,6444163,21,0.0521,5.21,0.0946,0,1.629
slovenia,g13_00035_14.tif,6452262,168,0.4167,41.67,0.6845,1,3.715
slovenia,g13_00035_14.tif,6452265,1253,3.1077,310.77,0.8835,1,11.694
slovenia,g13_00035_14.tif,6452464,134,0.3323,33.23,0.7151,1,1.629
slovenia,g13_00035_14.tif,6478750,120,0.2976,29.76,0.5066,1,3.671
slovenia,g13_00035_14.tif,6480113,542,1.3443,134.43,0.1925,0,3.671
slovenia,g13_00035_14.tif,6494416,522,1.2947,129.47,0.1836,0,3.553
slovenia,g13_00035_14.tif,6571280,240,0.5953,59.53,0.2055,0,1.629
slovenia,g13_00035_14.tif,6571373,296,0.7341,73.41,0.2242,0,2.129
slovenia,g13_00035_14.tif,6576174,237,0.5878,58.78,0.771,1,6.49
slovenia,g13_00035_14.tif,6576185,349,0.8656,86.56,0.3436,0,3.038
slovenia,g13_00035_14.tif,6577728,199,0.4936,49.36,0.3352,0,3.961
slovenia,g13_00035_14.tif,6578503,81,0.2009,20.09,0.6914,1,3.553
slovenia,g13_00035_14.tif,6599676,2064,5.1192,511.92,0.738,1,15.161
slovenia,g13_00035_14.tif,6599680,165,0.4092,40.92,0.0839,0,4.364
slovenia,g13_00035_14.tif,6599684,21,0.0521,5.21,0.1087,0,1.629
slovenia,g13_00035_14.tif,6599685,446,1.1062,110.62,0.3791,0,3.553
slovenia,g13_00035_14.tif,6635335,346,0.8582,85.82,0.1213,0,2.34
slovenia,g13_00035_14.tif,6642356,368,0.9127,91.27,0.1312,0,2.34
slovenia,g13_00035_14.tif,6643871,376,0.9326,93.26,0.132,0,2.34
slovenia,g13_00035_14.tif,6666405,97,0.2406,24.06,0.3691,0,2.34
slovenia,g13_00035_14.tif,6691878,570,1.4137,141.37,0.2008,0,4.364
slovenia,g13_00035_14.tif,6701223,46,0.1141,11.41,0.092,0,2.503
slovenia,g13_00035_14.tif,6721626,91,0.2257,22.57,0.2568,0,2.503
slovenia,g13_00035_14.tif,6721627,47,0.1166,11.66,0.4222,0,2.34
slovenia,g13_00035_14.tif,6721628,494,1.2252,122.52,0.6874,1,8.516
slovenia,g13_00035_14.tif,6782504,624,1.5477,154.77,0.7088,1,4.995
slovenia,g13_00035_14.tif,6795320,1252,3.1052,310.52,0.7296,1,13.223
slovenia,g13_00035_14.tif,6862298,16540,41.0227,4102.27,0.826,1,50.973
slovenia,g13_00035_14.tif,6862303,30974,76.8221,7682.21,0.8617,1,59.614
slovenia,g13_00035_14.tif,6869740,160,0.3968,39.68,0.2828,0,2.503
slovenia,g13_00035_14.tif,6917529,754,1.8701,187.01,0.8928,1,10.282
slovenia,g13_00035_14.tif,6917531,1296,3.2144,321.44,0.8129,1,9.349
slovenia,g13_00035_14.tif,6917543,291,0.7217,72.17,0.7647,1,3.553
slovenia,g13_00035_14.tif,6941140,101,0.2505,25.05,0.0184,0,3.671
slovenia,g13_00035_14.tif,6966236,447,1.1087,110.87,0.83,1,7.756
slovenia,g13_00035_15.tif,6109559,216,0.5393,53.93,0.4423,0,4.713
slovenia,g13_00035_15.tif,6109562,145,0.362,36.2,0.7423,1,4.391
slovenia,g13_00035_15.tif,6118057,333,0.8313,83.13,0.5679,1,3.968
slovenia,g13_00035_15.tif,6118058,148,0.3695,36.95,0.5665,1,3.554
slovenia,g13_00035_15.tif,6118059,168,0.4194,41.94,0.0061,0,1.635
slovenia,g13_00035_15.tif,6118088,422,1.0535,105.35,0.7976,1,5.429
slovenia,g13_00035_15.tif,6118105,22,0.0549,5.49,0.1294,0,0.786
slovenia,g13_00035_15.tif,6161882,404,1.0086,100.86,0.7959,1,5.429
slovenia,g13_00035_15.tif,6164251,22,0.0549,5.49,0.1239,0,1.988
slovenia,g13_00035_15.tif,6164355,12,0.03,3.0,0.0043,0,1.046
slovenia,g13_00035_15.tif,6164356,183,0.4569,45.69,0.3738,0,3.047
slovenia,g13_00035_15.tif,6174296,476,1.1883,118.83,0.0355,0,3.047
slovenia,g13_00035_15.tif,6189591,280,0.699,69.9,0.1498,0,2.908
slovenia,g13_00035_15.tif,6214820,392,0.9786,97.86,0.5316,1,3.968
slovenia,g13_00035_15.tif,6214821,227,0.5667,56.67,0.7049,1,6.232
slovenia,g13_00035_15.tif,6214822,137,0.342,34.2,0.1841,0,3.968
slovenia,g13_00035_15.tif,6214881,264,0.6591,65.91,0.4175,0,5.737
slovenia,g13_00035_15.tif,6215137,493,1.2308,123.08,0.6201,1,6.428
slovenia,g13_00035_15.tif,6249275,607,1.5154,151.54,0.3281,0,4.384
slovenia,g13_00035_15.tif,6249470,408,1.0186,101.86,0.2832,0,2.507
slovenia,g13_00035_15.tif,6249597,431,1.076,107.6,0.3192,0,3.047
slovenia,g13_00035_15.tif,6280213,630,1.5728,157.28,0.2991,0,3.554
slovenia,g13_00035_15.tif,6280245,37,0.0924,9.24,0.025,0,1.046
slovenia,g13_00035_15.tif,6289858,191,0.4768,47.68,0.4082,0,3.047
slovenia,g13_00035_15.tif,6289866,124,0.3096,30.96,0.1386,0,2.507
slovenia,g13_00035_15.tif,6306058,172,0.4294,42.94,0.4352,0,3.047
slovenia,g13_00035_15.tif,6306063,192,0.4793,47.93,0.2279,0,2.128
slovenia,g13_00035_15.tif,6306356,89,0.2222,22.22,0.2108,0,1.635
slovenia,g13_00035_15.tif,6306519,30,0.0749,7.49,0.0757,0,1.046
slovenia,g13_00035_15.tif,6338476,642,1.6028,160.28,0.2356,0,5.429
slovenia,g13_00035_15.tif,6338478,198,0.4943,49.43,0.4987,0,4.384
slovenia,g13_00035_15.tif,6338480,208,0.5193,51.93,0.0426,0,3.047
slovenia,g13_00035_15.tif,6338481,78,0.1947,19.47,0.1579,0,1.635
slovenia,g13_00035_15.tif,6338521,6,0.015,1.5,0.0042,0,0.415
slovenia,g13_00035_15.tif,6370955,15,0.0374,3.74,0.0857,0,1.046
slovenia,g13_00035_15.tif,6370956,65,0.1623,16.23,0.0425,0,1.046
slovenia,g13_00035_15.tif,6370959,1005,2.509,250.9,0.6614,1,8.351
slovenia,g13_00035_15.tif,6375558,1174,2.9309,293.09,0.7342,1,5.737
slovenia,g13_00035_15.tif,6375569,340,0.8488,84.88,0.3627,0,4.384
slovenia,g13_00035_15.tif,6400448,350,0.8738,87.38,0.5656,1,3.686
slovenia,g13_00035_15.tif,6452262,2110,5.2677,526.77,0.9149,1,19.034
slovenia,g13_00035_15.tif,6452265,7,0.0175,1.75,0.0042,0,0.786
slovenia,g13_00035_15.tif,6452464,33,0.0824,8.24,0.0109,0,1.635
slovenia,g13_00035_15.tif,6469770,589,1.4705,147.05,0.2936,0,5.401
slovenia,g13_00035_15.tif,6510318,255,0.6366,63.66,0.3668,0,2.507
slovenia,g13_00035_15.tif,6510319,170,0.4244,42.44,0.1604,0,2.128
slovenia,g13_00035_15.tif,6557532,575,1.4355,143.55,0.2996,0,5.401
slovenia,g13_00035_15.tif,6557542,210,0.5243,52.43,0.3633,0,3.047
slovenia,g13_00035_15.tif,6557544,138,0.3445,34.45,0.2239,0,2.908
slovenia,g13_00035_15.tif,6557546,15,0.0374,3.74,0.026,0,0.415
slovenia,g13_00035_15.tif,6571285,76,0.1897,18.97,0.8046,1,3.119
slovenia,g13_00035_15.tif,6576185,108,0.2696,26.96,0.2219,0,3.554
slovenia,g13_00035_15.tif,6576191,336,0.8388,83.88,0.7295,1,4.999
slovenia,g13_00035_15.tif,6576193,311,0.7764,77.64,0.1704,0,3.047
slovenia,g13_00035_15.tif,6576197,234,0.5842,58.42,0.5897,1,3.047
slovenia,g13_00035_15.tif,6576205,150,0.3745,37.45,0.4352,0,3.047
slovenia,g13_00035_15.tif,6577728,788,1.9673,196.73,0.6336,1,4.384
slovenia,g13_00035_15.tif,6578503,888,2.2169,221.69,0.3287,0,4.488
slovenia,g13_00035_15.tif,6580327,28,0.0699,6.99,0.2321,0,1.988
slovenia,g13_00035_15.tif,6593183,337,0.8413,84.13,0.582,1,3.91
slovenia,g13_00035_15.tif,6593184,280,0.699,69.9,0.24,0,2.908
slovenia,g13_00035_15.tif,6593209,84,0.2097,20.97,0.2878,0,2.352
slovenia,g13_00035_15.tif,6593210,74,0.1847,18.47,0.6429,1,3.554
slovenia,g13_00035_15.tif,6593222,59,0.1473,14.73,0.1655,0,2.077
slovenia,g13_00035_15.tif,6594430,212,0.5293,52.93,0.3504,0,2.908
slovenia,g13_00035_15.tif,6599680,487,1.2158,121.58,0.0051,0,4.999
slovenia,g13_00035_15.tif,6599681,531,1.3257,132.57,0.4426,0,5.119
slovenia,g13_00035_15.tif,6599682,43,0.1074,10.74,0.5658,1,2.352
slovenia,g13_00035_15.tif,6599684,420,1.0485,104.85,0.6152,1,4.384
slovenia,g13_00035_15.tif,6599687,93,0.2322,23.22,0.2974,0,2.908
slovenia,g13_00035_15.tif,6599689,49,0.1223,12.23,0.4,0,3.047
slovenia,g13_00035_15.tif,6629340,239,0.5967,59.67,0.3176,0,2.908
slovenia,g13_00035_15.tif,6629342,235,0.5867,58.67,0.0628,0,2.352
slovenia,g13_00035_15.tif,6712633,1578,3.9395,393.95,0.4367,0,18.113
slovenia,g13_00035_15.tif,6720025,828,2.0671,206.71,0.2262,0,5.737
slovenia,g13_00035_15.tif,6720036,1068,2.6663,266.63,0.8294,1,11.273
slovenia,g13_00035_15.tif,6721626,336,0.8388,83.88,0.3304,0,3.047
slovenia,g13_00035_15.tif,6721627,311,0.7764,77.64,0.5551,1,2.507
slovenia,g13_00035_15.tif,6721628,698,1.7426,174.26,0.6291,1,7.947
slovenia,g13_00035_15.tif,6731653,793,1.9797,197.97,0.8444,1,9.842
slovenia,g13_00035_15.tif,6731672,143,0.357,35.7,0.598,1,1.635
slovenia,g13_00035_15.tif,6731673,88,0.2197,21.97,0.2727,0,2.077
slovenia,g13_00035_15.tif,6780721,1337,3.3379,333.79,0.9044,1,9.973
slovenia,g13_00035_15.tif,6780723,613,1.5304,153.04,0.0071,0,4.384
slovenia,g13_00035_15.tif,6780727,313,0.7814,78.14,0.1861,0,2.908
slovenia,g13_00035_15.tif,6780729,183,0.4569,45.69,0.5837,1,5.085
slovenia,g13_00035_15.tif,6781603,247,0.6166,61.66,0.7128,1,3.047
slovenia,g13_00035_15.tif,6781623,79,0.1972,19.72,0.003,0,1.046
slovenia,g13_00035_15.tif,6782501,968,2.4166,241.66,0.6573,1,6.51
slovenia,g13_00035_15.tif,6782503,1149,2.8685,286.85,0.6086,1,11.89
slovenia,g13_00035_15.tif,6782504,65,0.1623,16.23,0.64,1,3.047
slovenia,g13_00035_15.tif,6782505,660,1.6477,164.77,0.8834,1,6.89
slovenia,g13_00035_15.tif,6782506,123,0.3071,30.71,0.6642,1,4.391
slovenia,g13_00035_15.tif,6782508,512,1.2782,127.82,0.5956,1,6.428
slovenia,g13_00035_15.tif,6782509,287,0.7165,71.65,0.5496,1,3.686
slovenia,g13_00035_15.tif,6782515,273,0.6816,68.16,0.1556,0,3.047
slovenia,g13_00035_15.tif,6782516,314,0.7839,78.39,0.2114,0,3.047
slovenia,g13_00035_15.tif,6782777,19,0.0474,4.74,0.0131,0,0.786
slovenia,g13_00035_15.tif,6862298,258,0.6441,64.41,0.7962,1,5.819
slovenia,g13_00035_15.tif,6862303,1653,4.1268,412.68,0.9034,1,14.734
slovenia,g13_00035_15.tif,6869740,467,1.1659,116.59,0.0057,0,3.047
slovenia,g13_00035_15.tif,6911140,100,0.2497,24.97,0.6833,1,3.686
slovenia,g13_00036_15.tif,6103317,143,0.357,35.7,0.0757,0,4.384
slovenia,g13_00036_15.tif,6141149,326,0.8139,81.39,0.7133,1,4.57
slovenia,g13_00036_15.tif,6141152,299,0.7465,74.65,0.6632,1,7.214
slovenia,g13_00036_15.tif,6141163,187,0.4669,46.69,0.3033,0,2.908
slovenia,g13_00036_15.tif,6141164,16,0.0399,3.99,0.0022,0,0.786
slovenia,g13_00036_15.tif,6141169,130,0.3245,32.45,0.2617,0,2.077
slovenia,g13_00036_15.tif,6300406,12,0.03,3.0,0.0019,0,0.415
slovenia,g13_00036_15.tif,6300460,12,0.03,3.0,0.0019,0,0.415
slovenia,g13_00036_15.tif,6300514,12,0.03,3.0,0.0019,0,0.415
slovenia,g13_00036_15.tif,6340059,63,0.1573,15.73,0.2837,0,2.507
slovenia,g13_00036_15.tif,6340065,133,0.332,33.2,0.1951,0,1.635
slovenia,g13_00036_15.tif,6340070,76,0.1897,18.97,0.2,0,1.635
slovenia,g13_00036_15.tif,6340634,4,0.01,1.0,0.0188,0,0.415
slovenia,g13_00036_15.tif,6511506,16,0.0399,3.99,0.0431,0,1.246
slovenia,g13_00036_15.tif,6511816,865,2.1595,215.95,0.8249,1,7.894
slovenia,g13_00036_15.tif,6511821,71,0.1773,17.73,0.3653,0,2.077
slovenia,g13_00036_15.tif,6511822,78,0.1947,19.47,0.4506,0,2.908
slovenia,g13_00036_15.tif,6514046,264,0.6591,65.91,0.4826,0,5.878
slovenia,g13_00036_15.tif,6514048,129,0.3221,32.21,0.2254,0,4.384
slovenia,g13_00036_15.tif,6514051,157,0.392,39.2,0.2298,0,5.593
slovenia,g13_00036_15.tif,6514067,196,0.4893,48.93,0.508,1,4.384
slovenia,g13_00036_15.tif,6514068,20,0.0499,4.99,0.0035,0,1.635
slovenia,g13_00036_15.tif,6514074,95,0.2372,23.72,0.3702,0,3.686
slovenia,g13_00036_15.tif,6514075,30,0.0749,7.49,0.1961,0,1.046
slovenia,g13_00036_15.tif,6578781,746,1.8624,186.24,0.801,1,10.899
slovenia,g13_00036_15.tif,6578800,44,0.1098,10.98,0.54,1,1.635
slovenia,g13_00036_15.tif,6578807,137,0.342,34.2,0.6507,1,3.739
slovenia,g13_00036_15.tif,6578826,219,0.5467,54.67,0.7864,1,5.401
slovenia,g13_00036_15.tif,6591078,120,0.2996,29.96,0.0172,0,2.077
slovenia,g13_00036_15.tif,6623439,192,0.4793,47.93,0.368,0,3.739
slovenia,g13_00036_15.tif,6623442,146,0.3645,36.45,0.7365,1,3.739
slovenia,g13_00036_15.tif,6627282,386,0.9637,96.37,0.1799,0,4.384
slovenia,g13_00036_15.tif,6630983,169,0.4219,42.19,0.1231,0,2.077
slovenia,g13_00036_15.tif,6679878,588,1.468,146.8,0.8664,1,9.628
slovenia,g13_00036_15.tif,6679881,28,0.0699,6.99,0.0118,0,1.988
slovenia,g13_00036_15.tif,6679889,132,0.3295,32.95,0.1469,0,2.077
slovenia,g13_00036_15.tif,6679893,51,0.1273,12.73,0.0587,0,2.908
slovenia,g13_00036_15.tif,6680249,265,0.6616,66.16,0.7509,1,7.44
slovenia,g13_00036_15.tif,6680250,142,0.3545,35.45,0.7033,1,4.57
slovenia,g13_00036_15.tif,6680251,15,0.0374,3.74,0.0893,0,0.415
slovenia,g13_00036_15.tif,6684214,28,0.0699,6.99,0.1315,0,1.635
slovenia,g13_00036_15.tif,6684217,18,0.0449,4.49,0.0845,0,1.635
slovenia,g13_00036_15.tif,6687558,87,0.2172,21.72,0.835,1,2.077
slovenia,g13_00036_15.tif,6721957,66,0.1648,16.48,0.0121,0,3.047
slovenia,g13_00036_15.tif,6736079,3531,8.8152,881.52,0.9601,1,19.673
slovenia,g13_00036_15.tif,6736080,190,0.4743,47.43,0.8407,1,5.085
slovenia,g13_00036_15.tif,6741903,176,0.4394,43.94,0.1324,0,2.077
slovenia,g13_00036_15.tif,6771234,762,1.9024,190.24,0.8755,1,9.178
slovenia,g13_00036_15.tif,6771240,401,1.0011,100.11,0.1982,0,7.788
slovenia,g13_00036_15.tif,6776724,265,0.6616,66.16,0.5323,1,3.739
slovenia,g13_00036_15.tif,6776732,175,0.4369,43.69,0.3589,0,2.908
slovenia,g13_00036_15.tif,6791113,665,1.6602,166.02,0.5163,1,9.198
slovenia,g13_00036_15.tif,6791115,1395,3.4827,348.27,0.2088,0,10.973
slovenia,g13_00036_15.tif,6791168,326,0.8139,81.39,0.5146,1,5.593
slovenia,g13_00036_15.tif,6791178,6,0.015,1.5,0.001,0,0.415
slovenia,g13_00036_15.tif,6791196,107,0.2671,26.71,0.1386,0,3.284
slovenia,g13_00036_15.tif,6791217,234,0.5842,58.42,0.3267,0,5.085
slovenia,g13_00036_15.tif,6791218,207,0.5168,51.68,0.3054,0,2.352
slovenia,g13_00036_15.tif,6791219,176,0.4394,43.94,0.0959,0,2.077
slovenia,g13_00036_15.tif,6791221,140,0.3495,34.95,0.6579,1,1.635
slovenia,g13_00036_15.tif,6791222,96,0.2397,23.97,0.1399,0,2.077
slovenia,g13_00036_15.tif,6791224,62,0.1548,15.48,0.17,0,1.246
slovenia,g13_00036_15.tif,6800881,25,0.0624,6.24,0.0674,0,1.046
slovenia,g13_00036_15.tif,6801169,251,0.6266,62.66,0.8464,1,6.428
slovenia,g13_00036_15.tif,6801719,69,0.1723,17.23,0.175,0,2.352
slovenia,g13_00036_15.tif,6815207,1042,2.6014,260.14,0.6962,1,13.711
slovenia,g13_00036_15.tif,6815209,556,1.3881,138.81,0.8732,1,8.725
slovenia,g13_00036_15.tif,6815217,612,1.5279,152.79,0.8607,1,9.556
slovenia,g13_00036_15.tif,6815218,84,0.2097,20.97,0.2264,0,3.047
slovenia,g13_00036_15.tif,6815236,370,0.9237,92.37,0.7778,1,5.401
slovenia,g13_00036_15.tif,6815250,353,0.8813,88.13,0.7921,1,5.119
slovenia,g13_00036_15.tif,6815284,178,0.4444,44.44,0.023,0,3.739
slovenia,g13_00036_15.tif,6815287,175,0.4369,43.69,0.4198,0,2.077
slovenia,g13_00036_15.tif,6815288,229,0.5717,57.17,0.5356,1,6.232
slovenia,g13_00036_15.tif,6815290,120,0.2996,29.96,0.4873,0,4.57
slovenia,g13_00036_15.tif,6815291,99,0.2472,24.72,0.3118,0,4.57
slovenia,g13_00036_15.tif,6815293,104,0.2596,25.96,0.385,0,4.57
slovenia,g13_00036_15.tif,6815294,105,0.2621,26.21,0.207,0,2.077
slovenia,g13_00036_15.tif,6815295,89,0.2222,22.22,0.2129,0,2.077
slovenia,g13_00036_15.tif,6828871,424,1.0585,105.85,0.7505,1,4.57
slovenia,g13_00036_15.tif,6828888,186,0.4644,46.44,0.5489,1,4.999
slovenia,g13_00036_15.tif,6828890,173,0.4319,43.19,0.7757,1,5.085
slovenia,g13_00036_15.tif,6828895,95,0.2372,23.72,0.0177,0,3.554
slovenia,g13_00036_15.tif,6845046,7,0.0175,1.75,0.1739,0,0.786
slovenia,g13_00036_15.tif,6847445,43,0.1074,10.74,0.008,0,1.246
slovenia,g13_00036_15.tif,6847446,30,0.0749,7.49,0.0056,0,1.635
slovenia,g13_00036_15.tif,6862060,1411,3.5226,352.26,0.8419,1,14.383
slovenia,g13_00036_15.tif,6867133,113,0.2821,28.21,0.5529,1,2.908
slovenia,g13_00036_15.tif,6867134,89,0.2222,22.22,0.3115,0,2.908
slovenia,g13_00036_15.tif,6897923,149,0.372,37.2,0.0236,0,1.988
slovenia,g13_00036_15.tif,6913066,428,1.0685,106.85,0.8,1,4.391
slovenia,g13_00036_15.tif,6993526,46,0.1148,11.48,0.575,1,1.988
slovenia,g13_00036_15.tif,6993531,941,2.3492,234.92,0.5159,1,14.175
slovenia,g13_00036_15.tif,6997446,947,2.3642,236.42,0.3211,0,11.764
slovenia,g13_00036_15.tif,6998907,1041,2.5989,259.89,0.3607,0,12.803
slovenia,g13_00036_15.tif,7011921,6,0.015,1.5,0.001,0,0.786
slovenia,g13_00036_15.tif,7012738,205,0.5118,51.18,0.6321,1,4.57
slovenia,g13_00036_15.tif,7014213,37,0.0924,9.24,0.1682,0,2.077
slovenia,g13_00036_15.tif,7015008,392,0.9786,97.86,0.7344,1,8.358
slovenia,g13_00036_17.tif,6165058,283,0.7021,70.21,0.0873,0,4.377
slovenia,g13_00036_17.tif,6165063,72,0.1786,17.86,0.0195,0,2.494
slovenia,g13_00036_17.tif,6190330,9,0.0223,2.23,0.0079,0,1.039
slovenia,g13_00036_17.tif,6321727,212,0.5259,52.59,0.1043,0,5.071
slovenia,g13_00036_17.tif,6321732,109,0.2704,27.04,0.0482,0,2.494
slovenia,g13_00036_17.tif,6321786,54,0.134,13.4,0.0276,0,2.909
slovenia,g13_00036_17.tif,6359062,59,0.1464,14.64,0.0275,0,2.909
slovenia,g13_00036_17.tif,6359063,103,0.2555,25.55,0.0397,0,3.166
slovenia,g13_00036_17.tif,6359064,87,0.2158,21.58,0.0314,0,3.037
slovenia,g13_00036_17.tif,6367974,22,0.0546,5.46,0.0262,0,1.631
slovenia,g13_00036_17.tif,6467749,101,0.2506,25.06,0.0447,0,4.471
slovenia,g13_00036_17.tif,6467750,16,0.0397,3.97,0.0083,0,1.631
slovenia,g13_00036_17.tif,6467752,40,0.0992,9.92,0.0373,0,1.972
slovenia,g13_00036_17.tif,6527202,20,0.0496,4.96,0.03,0,1.631
slovenia,g13_00036_17.tif,6857915,266,0.6599,65.99,0.1247,0,3.166
slovenia,g13_00036_18.tif,6093526,18,0.0447,4.47,0.0008,0,1.247
slovenia,g13_00036_18.tif,6093533,9,0.0223,2.23,0.0004,0,0.416
slovenia,g13_00036_18.tif,6153797,24,0.0595,5.95,0.0664,0,1.972
slovenia,g13_00036_18.tif,6153898,8,0.0198,1.98,0.0169,0,1.039
slovenia,g13_00036_18.tif,6158945,15,0.0372,3.72,0.0161,0,1.039
slovenia,g13_00036_18.tif,6165065,224,0.5557,55.57,0.0491,0,5.554
slovenia,g13_00036_18.tif,6174464,17,0.0422,4.22,0.0116,0,1.631
slovenia,g13_00036_18.tif,6226842,268,0.6649,66.49,0.2227,0,3.678
slovenia,g13_00036_18.tif,6226846,18,0.0447,4.47,0.0245,0,1.247
slovenia,g13_00036_18.tif,6316769,31,0.0769,7.69,0.0065,0,2.113
slovenia,g13_00036_18.tif,6914472,18,0.0447,4.47,0.0209,0,1.972
slovenia,g13_00036_18.tif,6914473,16,0.0397,3.97,0.0185,0,1.631
slovenia,g13_00036_18.tif,7019123,22,0.0546,5.46,0.0123,0,1.631
slovenia,g13_00037_0.tif,6199428,13,0.0323,3.23,0.0268,0,1.039
slovenia,g13_00037_0.tif,6484667,408,1.0122,101.22,0.304,0,5.403
slovenia,g13_00037_0.tif,6484669,5,0.0124,1.24,0.0031,0,0.778
slovenia,g13_00037_0.tif,6485549,14,0.0347,3.47,0.0193,0,1.039
slovenia,g13_00037_0.tif,6485550,195,0.4838,48.38,0.2376,0,3.533
slovenia,g13_00037_0.tif,6485556,79,0.196,19.6,0.0591,0,2.909
slovenia,g13_00037_10.tif,6170802,11,0.0273,2.73,0.029,0,1.039
slovenia,g13_00037_10.tif,6186574,36,0.0893,8.93,0.5882,1,1.631
slovenia,g13_00037_10.tif,6201802,119,0.2952,29.52,0.2846,0,3.037
slovenia,g13_00037_10.tif,6201996,240,0.5954,59.54,0.3276,0,6.748
slovenia,g13_00037_10.tif,6202041,57,0.1414,14.14,0.0844,0,1.631
slovenia,g13_00037_10.tif,6202063,295,0.7318,73.18,0.4613,0,6.748
slovenia,g13_00037_10.tif,6203910,61,0.1513,15.13,0.0556,0,3.037
slovenia,g13_00037_10.tif,6289692,65,0.1613,16.13,0.0192,0,3.037
slovenia,g13_00037_10.tif,6289694,63,0.1563,15.63,0.0173,0,2.349
slovenia,g13_00037_10.tif,6289708,72,0.1786,17.86,0.0422,0,2.494
slovenia,g13_00037_10.tif,6289942,65,0.1613,16.13,0.0591,0,1.631
slovenia,g13_00037_10.tif,6290018,16,0.0397,3.97,0.0146,0,1.039
slovenia,g13_00037_10.tif,6290081,56,0.1389,13.89,0.051,0,1.247
slovenia,g13_00037_10.tif,6395888,246,0.6103,61.03,0.5994,1,7.065
slovenia,g13_00037_10.tif,6395898,149,0.3696,36.96,0.0516,0,3.533
slovenia,g13_00037_10.tif,6407305,17,0.0422,4.22,0.0603,0,1.039
slovenia,g13_00037_10.tif,6428185,47,0.1166,11.66,0.0726,0,1.631
slovenia,g13_00037_10.tif,6428191,21,0.0521,5.21,0.0325,0,1.039
slovenia,g13_00037_10.tif,6600772,106,0.263,26.3,0.6111,1,4.36
slovenia,g13_00037_10.tif,6622529,432,1.0717,107.17,0.2796,0,5.554
slovenia,g13_00037_10.tif,6622530,92,0.2282,22.82,0.0687,0,3.533
slovenia,g13_00037_10.tif,6622537,89,0.2208,22.08,0.0,0,3.533
slovenia,g13_00037_10.tif,6624148,600,1.4885,148.85,0.3626,0,10.651
slovenia,g13_00037_10.tif,6624149,7,0.0174,1.74,0.0022,0,0.778
slovenia,g13_00037_10.tif,6624154,125,0.3101,31.01,0.6768,1,3.166
slovenia,g13_00037_10.tif,6624158,76,0.1885,18.85,0.0984,0,3.533
slovenia,g13_00037_10.tif,6624350,17,0.0422,4.22,0.1333,0,1.972
slovenia,g13_00037_10.tif,6624424,13,0.0323,3.23,0.0349,0,0.778
slovenia,g13_00037_10.tif,6667031,64,0.1588,15.88,0.008,0,3.166
slovenia,g13_00037_10.tif,6667051,94,0.2332,23.32,0.0,0,3.117
slovenia,g13_00037_10.tif,6790150,52,0.129,12.9,0.0322,0,1.631
slovenia,g13_00037_10.tif,6790152,9,0.0223,2.23,0.0056,0,1.039
slovenia,g13_00037_10.tif,6790155,14,0.0347,3.47,0.1549,0,1.039
slovenia,g13_00037_10.tif,6790241,36,0.0893,8.93,0.0223,0,1.039
slovenia,g13_00037_11.tif,6111429,28,0.0695,6.95,0.0044,0,1.972
slovenia,g13_00037_11.tif,6395880,215,0.5334,53.34,0.3978,0,3.166
slovenia,g13_00037_11.tif,6395884,66,0.1637,16.37,0.5221,1,1.631
slovenia,g13_00037_11.tif,6395890,200,0.4962,49.62,0.67,1,6.748
slovenia,g13_00037_11.tif,6428178,34,0.0843,8.43,0.1292,0,2.494
slovenia,g13_00037_11.tif,6567219,12,0.0298,2.98,0.0446,0,1.039
slovenia,g13_00037_11.tif,6573402,17,0.0422,4.22,0.0224,0,1.631
slovenia,g13_00037_11.tif,6588855,77,0.191,19.1,0.0032,0,1.972
slovenia,g13_00037_11.tif,6620675,13,0.0323,3.23,0.0,0,1.039
slovenia,g13_00037_11.tif,6622531,295,0.7318,73.18,0.8791,1,6.417
slovenia,g13_00037_11.tif,6667029,441,1.094,109.4,0.0195,0,4.36
slovenia,g13_00037_11.tif,6667038,341,0.846,84.6,0.294,0,4.36
slovenia,g13_00037_11.tif,6978793,155,0.3845,38.45,0.2815,0,4.36
slovenia,g13_00037_11.tif,6978801,122,0.3027,30.27,0.1982,0,3.166
slovenia,g13_00037_11.tif,6978804,25,0.062,6.2,0.0466,0,0.778
slovenia,g13_00037_11.tif,6978822,78,0.1935,19.35,0.6061,1,2.078
slovenia,g13_00037_11.tif,6978823,160,0.3969,39.69,0.8521,1,3.74
slovenia,g13_00037_11.tif,6978847,88,0.2183,21.83,0.7835,1,2.078
slovenia,g13_00037_11.tif,6978892,42,0.1042,10.42,0.3455,0,1.039
slovenia,g13_00037_11.tif,7019364,403,0.9998,99.98,0.0,0,3.533
slovenia,g13_00037_11.tif,7019365,365,0.9055,90.55,0.7677,1,6.417
slovenia,g13_00037_11.tif,7019368,349,0.8658,86.58,0.5354,1,7.363
slovenia,g13_00037_11.tif,7019372,616,1.5282,152.82,0.813,1,9.358
slovenia,g13_00037_11.tif,7019382,82,0.2034,20.34,0.0556,0,2.078
slovenia,g13_00037_11.tif,7020765,129,0.32,32.0,0.0132,0,4.471
slovenia,g13_00037_11.tif,7055828,111,0.2754,27.54,0.3718,0,3.166
slovenia,g13_00037_12.tif,6567219,54,0.134,13.4,0.0279,0,2.349
slovenia,g13_00037_12.tif,6665747,116,0.2878,28.78,0.0375,0,3.037
slovenia,g13_00037_12.tif,6811437,464,1.1511,115.11,0.2514,0,6.748
slovenia,g13_00037_12.tif,6811440,96,0.2382,23.82,0.0872,0,4.377
slovenia,g13_00037_12.tif,6811441,97,0.2406,24.06,0.0891,0,3.949
slovenia,g13_00037_12.tif,6811445,35,0.0868,8.68,0.0321,0,2.113
slovenia,g13_00037_12.tif,6811450,24,0.0595,5.95,0.1159,0,1.972
slovenia,g13_00037_12.tif,6817921,79,0.196,19.6,0.0272,0,3.166
slovenia,g13_00037_12.tif,6817922,308,0.7641,76.41,0.6692,1,5.724
slovenia,g13_00037_12.tif,6817995,19,0.0471,4.71,0.0546,0,1.247
slovenia,g13_00037_12.tif,6997874,192,0.4763,47.63,0.8316,1,4.471
slovenia,g13_00037_12.tif,6997875,67,0.1662,16.62,0.0269,0,3.037
slovenia,g13_00037_12.tif,6997876,4,0.0099,0.99,0.0016,0,0.778
slovenia,g13_00037_12.tif,6997877,170,0.4217,42.17,0.0683,0,3.678
slovenia,g13_00037_12.tif,7055828,13,0.0323,3.23,0.1398,0,1.247
slovenia,g13_00038_6.tif,6109564,189,0.4689,46.89,0.435,0,2.909
slovenia,g13_00038_6.tif,6130933,516,1.2801,128.01,0.3261,0,7.437
slovenia,g13_00038_6.tif,6140151,429,1.0643,106.43,0.1667,0,3.949
slovenia,g13_00038_6.tif,6140154,87,0.2158,21.58,0.0913,0,1.631
slovenia,g13_00038_6.tif,6145059,258,0.6401,64.01,0.2161,0,2.349
slovenia,g13_00038_6.tif,6159400,220,0.5458,54.58,0.721,1,2.078
slovenia,g13_00038_6.tif,6184914,698,1.7316,173.16,0.6857,1,7.92
slovenia,g13_00038_6.tif,6184915,552,1.3694,136.94,0.054,0,3.037
slovenia,g13_00038_6.tif,6194333,402,0.9973,99.73,0.2538,0,3.037
slovenia,g13_00038_6.tif,6228023,170,0.4217,42.17,0.4554,0,2.349
slovenia,g13_00038_6.tif,6228220,136,0.3374,33.74,0.0776,0,2.078
slovenia,g13_00038_6.tif,6237624,985,2.4436,244.36,0.4319,0,7.112
slovenia,g13_00038_6.tif,6237627,105,0.2605,26.05,0.7328,1,3.949
slovenia,g13_00038_6.tif,6269431,460,1.1412,114.12,0.2945,0,4.377
slovenia,g13_00038_6.tif,6269471,10,0.0248,2.48,0.0065,0,0.416
slovenia,g13_00038_6.tif,6269554,380,0.9427,94.27,0.2401,0,4.377
slovenia,g13_00038_6.tif,6361609,13,0.0323,3.23,0.0151,0,1.039
slovenia,g13_00038_6.tif,6361612,445,1.104,110.4,0.256,0,3.533
slovenia,g13_00038_6.tif,6379456,631,1.5654,156.54,0.557,1,4.972
slovenia,g13_00038_6.tif,6379458,407,1.0097,100.97,0.287,0,3.678
slovenia,g13_00038_6.tif,6379541,54,0.134,13.4,0.0332,0,1.039
slovenia,g13_00038_6.tif,6379909,28,0.0695,6.95,0.0248,0,1.039
slovenia,g13_00038_6.tif,6381066,260,0.645,64.5,0.0719,0,3.678
slovenia,g13_00038_6.tif,6381938,587,1.4562,145.62,0.2957,0,5.403
slovenia,g13_00038_6.tif,6403146,199,0.4937,49.37,0.1376,0,2.078
slovenia,g13_00038_6.tif,6403280,143,0.3548,35.48,0.1094,0,1.631
slovenia,g13_00038_6.tif,6423333,287,0.712,71.2,0.3925,0,3.678
slovenia,g13_00038_6.tif,6431627,319,0.7914,79.14,0.2326,0,2.349
slovenia,g13_00038_6.tif,6444162,534,1.3248,132.48,0.7029,1,3.949
slovenia,g13_00038_6.tif,6444163,3,0.0074,0.74,0.0174,0,0.416
slovenia,g13_00038_6.tif,6444164,108,0.2679,26.79,0.3825,0,3.037
slovenia,g13_00038_6.tif,6480177,1485,3.684,368.4,0.8087,1,15.427
slovenia,g13_00038_6.tif,6480179,1152,2.8579,285.79,0.8487,1,7.771
slovenia,g13_00038_6.tif,6480180,1396,3.4632,346.32,0.3944,0,7.112
slovenia,g13_00038_6.tif,6494413,128,0.3175,31.75,0.6439,1,4.471
slovenia,g13_00038_6.tif,6494415,694,1.7217,172.17,0.2041,0,7.363
slovenia,g13_00038_6.tif,6494535,151,0.3746,37.46,0.0862,0,3.037
slovenia,g13_00038_6.tif,6494536,344,0.8534,85.34,0.3436,0,3.037
slovenia,g13_00038_6.tif,6541375,2041,5.0634,506.34,0.8693,1,17.573
slovenia,g13_00038_6.tif,6576186,412,1.0221,102.21,0.3862,0,3.949
slovenia,g13_00038_6.tif,6600268,154,0.382,38.2,0.2468,0,3.678
slovenia,g13_00038_6.tif,6607477,196,0.4862,48.62,0.7558,1,5.403
slovenia,g13_00038_6.tif,6607480,92,0.2282,22.82,0.1474,0,1.631
slovenia,g13_00038_6.tif,6607600,60,0.1489,14.89,0.2099,0,2.078
slovenia,g13_00038_6.tif,6611064,146,0.3622,36.22,0.1756,0,2.349
slovenia,g13_00038_6.tif,6611065,343,0.8509,85.09,0.7382,1,5.524
slovenia,g13_00038_6.tif,6611066,258,0.6401,64.01,0.1611,0,3.678
slovenia,g13_00038_6.tif,6611068,45,0.1116,11.16,0.3097,0,1.631
slovenia,g13_00038_6.tif,6611080,254,0.6301,63.01,0.0859,0,2.113
slovenia,g13_00038_6.tif,6611084,215,0.5334,53.34,0.4636,0,3.117
slovenia,g13_00038_6.tif,6618718,604,1.4984,149.84,0.3797,0,6.65
slovenia,g13_00038_6.tif,6635358,212,0.5259,52.59,0.3397,0,6.65
slovenia,g13_00038_6.tif,6638051,215,0.5334,53.34,0.5571,1,4.377
slovenia,g13_00038_6.tif,6649088,1486,3.6865,368.65,0.7987,1,7.771
slovenia,g13_00038_6.tif,6649089,1043,2.5875,258.75,0.9363,1,12.597
slovenia,g13_00038_6.tif,6649121,792,1.9648,196.48,0.6203,1,7.112
slovenia,g13_00038_6.tif,6654300,277,0.6872,68.72,0.187,0,4.377
slovenia,g13_00038_6.tif,6657262,1308,3.2449,324.49,0.6325,1,10.504
slovenia,g13_00038_6.tif,6657265,595,1.4761,147.61,0.3221,0,5.071
slovenia,g13_00038_6.tif,6657282,10,0.0248,2.48,0.0571,0,1.039
slovenia,g13_00038_6.tif,6666388,437,1.0841,108.41,0.5263,1,8.459
slovenia,g13_00038_6.tif,6666396,797,1.9772,197.72,0.4708,0,5.724
slovenia,g13_00038_6.tif,6666398,643,1.5952,159.52,0.7167,1,7.771
slovenia,g13_00038_6.tif,6666407,99,0.2456,24.56,0.1132,0,1.631
slovenia,g13_00038_6.tif,6666413,146,0.3622,36.22,0.7616,1,3.678
slovenia,g13_00038_6.tif,6667534,12,0.0298,2.98,0.0186,0,0.778
slovenia,g13_00038_6.tif,6673254,225,0.5582,55.82,0.4469,0,3.678
slovenia,g13_00038_6.tif,6691868,1627,4.0363,403.63,0.5242,1,12.549
slovenia,g13_00038_6.tif,6691876,883,2.1906,219.06,0.3399,0,7.137
slovenia,g13_00038_6.tif,6701095,4,0.0099,0.99,0.0012,0,0.778
slovenia,g13_00038_6.tif,6724494,176,0.4366,43.66,0.8377,1,5.724
slovenia,g13_00038_6.tif,6724495,293,0.7269,72.69,0.3171,0,3.533
slovenia,g13_00038_6.tif,6724892,7,0.0174,1.74,0.0237,0,1.039
slovenia,g13_00038_6.tif,6741086,837,2.0765,207.65,0.8341,1,7.92
slovenia,g13_00038_6.tif,6741099,40,0.0992,9.92,0.1195,0,1.631
slovenia,g13_00038_6.tif,6768406,854,2.1186,211.86,0.4897,0,7.482
slovenia,g13_00038_6.tif,6795328,395,0.9799,97.99,0.1491,0,3.678
slovenia,g13_00038_6.tif,6795331,32,0.0794,7.94,0.1274,0,1.972
slovenia,g13_00038_6.tif,6813630,181,0.449,44.9,0.1657,0,3.037
slovenia,g13_00038_6.tif,6819386,688,1.7068,170.68,0.5476,1,8.313
slovenia,g13_00038_6.tif,6819390,643,1.5952,159.52,0.1694,0,5.071
slovenia,g13_00038_6.tif,6819396,477,1.1834,118.34,0.5158,1,4.471
slovenia,g13_00038_6.tif,6819397,1018,2.5255,252.55,0.5019,1,15.141
slovenia,g13_00038_6.tif,6842407,625,1.5505,155.05,0.4092,0,5.071
slovenia,g13_00038_6.tif,6842409,648,1.6076,160.76,0.184,0,3.037
slovenia,g13_00038_6.tif,6842411,733,1.8185,181.85,0.88,1,7.363
slovenia,g13_00038_6.tif,6842600,734,1.8209,182.09,0.5473,1,7.112
slovenia,g13_00038_6.tif,6890209,339,0.841,84.1,0.0673,0,7.112
slovenia,g13_00038_6.tif,6892006,2569,6.3733,637.33,0.462,0,13.911
slovenia,g13_00038_6.tif,6892015,739,1.8333,183.33,0.5737,1,5.071
slovenia,g13_00038_6.tif,6892020,552,1.3694,136.94,0.818,1,4.377
slovenia,g13_00038_6.tif,6892024,196,0.4862,48.62,0.5858,1,4.471
slovenia,g13_00038_6.tif,6895917,594,1.4736,147.36,0.8487,1,7.112
slovenia,g13_00038_6.tif,6895921,248,0.6152,61.52,0.1407,0,2.113
slovenia,g13_00038_6.tif,6895943,236,0.5855,58.55,0.3933,0,3.117
slovenia,g13_00038_6.tif,6916511,937,2.3245,232.45,0.552,1,5.915
slovenia,g13_00038_6.tif,6917530,895,2.2203,222.03,0.8974,1,8.459
slovenia,g13_00038_6.tif,6917544,241,0.5979,59.79,0.2792,0,3.678
slovenia,g13_00038_6.tif,6917547,87,0.2158,21.58,0.0651,0,2.113
slovenia,g13_00038_6.tif,6917551,104,0.258,25.8,0.7565,1,3.908
slovenia,g13_00038_6.tif,6925120,1200,2.977,297.7,0.8357,1,9.818
slovenia,g13_00038_6.tif,6925125,503,1.2479,124.79,0.1564,0,3.678
slovenia,g13_00038_6.tif,6936442,140,0.3473,34.73,0.1059,0,1.631
slovenia,g13_00038_6.tif,6936465,329,0.8162,81.62,0.8576,1,6.65
slovenia,g13_00038_6.tif,6936466,116,0.2878,28.78,0.1776,0,1.631
slovenia,g13_00038_6.tif,6941128,143,0.3548,35.48,0.3955,0,4.572
slovenia,g13_00038_6.tif,6941148,133,0.33,33.0,0.5359,1,3.678
slovenia,g13_00038_6.tif,6941222,683,1.6944,169.44,0.2586,0,4.471
slovenia,g13_00038_6.tif,6966237,142,0.3523,35.23,0.7133,1,4.471
slovenia,g13_00038_6.tif,7019857,311,0.7715,77.15,0.1865,0,2.494
slovenia,g13_00038_6.tif,7033468,926,2.2973,229.73,0.2654,0,8.232
slovenia,g13_00038_6.tif,7033471,191,0.4738,47.38,0.8863,1,4.572
slovenia,g13_00038_6.tif,7045314,395,0.9799,97.99,0.1512,0,2.494
slovenia,g13_00038_6.tif,7045315,118,0.2927,29.27,0.3734,0,3.037
slovenia,g13_00038_6.tif,7053332,198,0.4912,49.12,0.9849,1,5.403
slovenia,g13_00038_6.tif,7081992,884,2.1931,219.31,0.9713,1,10.39
slovenia,g13_00038_7.tif,6126171,57,0.1405,14.05,0.0198,0,1.625
slovenia,g13_00038_7.tif,6126175,41,0.101,10.1,0.004,0,1.625
slovenia,g13_00038_7.tif,6126230,3,0.0074,0.74,0.0014,0,0.413
slovenia,g13_00038_7.tif,6130418,181,0.4461,44.61,0.191,0,2.337
slovenia,g13_00038_7.tif,6130654,91,0.2243,22.43,0.1985,0,1.239
slovenia,g13_00038_7.tif,6147123,184,0.4535,45.35,0.8131,1,4.357
slovenia,g13_00038_7.tif,6158926,209,0.5151,51.51,0.0701,0,2.114
slovenia,g13_00038_7.tif,6159398,476,1.1732,117.32,0.4334,0,3.663
slovenia,g13_00038_7.tif,6159399,315,0.7764,77.64,0.1081,0,1.975
slovenia,g13_00038_7.tif,6159400,47,0.1158,11.58,0.4769,0,1.625
slovenia,g13_00038_7.tif,6184916,143,0.3524,35.24,0.0794,0,3.028
slovenia,g13_00038_7.tif,6269240,226,0.557,55.7,0.1211,0,1.625
slovenia,g13_00038_7.tif,6269242,238,0.5866,58.66,0.0805,0,1.625
slovenia,g13_00038_7.tif,6270828,701,1.7277,172.77,0.0836,0,5.701
slovenia,g13_00038_7.tif,6270904,318,0.7837,78.37,0.0389,0,4.357
slovenia,g13_00038_7.tif,6280091,1388,3.4209,342.09,0.2702,0,9.119
slovenia,g13_00038_7.tif,6280213,33,0.0813,8.13,0.4035,0,2.114
slovenia,g13_00038_7.tif,6360843,932,2.297,229.7,0.1045,0,5.841
slovenia,g13_00038_7.tif,6379457,588,1.4492,144.92,0.1199,0,4.357
slovenia,g13_00038_7.tif,6423327,429,1.0573,105.73,0.2668,0,4.357
slovenia,g13_00038_7.tif,6431623,774,1.9076,190.76,0.26,0,5.053
slovenia,g13_00038_7.tif,6431626,497,1.2249,122.49,0.5346,1,6.409
slovenia,g13_00038_7.tif,6431627,19,0.0468,4.68,0.0018,0,1.625
slovenia,g13_00038_7.tif,6437594,473,1.1658,116.58,0.8882,1,7.085
slovenia,g13_00038_7.tif,6444163,467,1.151,115.1,0.2114,0,3.028
slovenia,g13_00038_7.tif,6469751,795,1.9594,195.94,0.3536,0,7.085
slovenia,g13_00038_7.tif,6469755,190,0.4683,46.83,0.6735,1,5.556
slovenia,g13_00038_7.tif,6469759,244,0.6014,60.14,0.2572,0,4.357
slovenia,g13_00038_7.tif,6469760,758,1.8682,186.82,0.2814,0,10.584
slovenia,g13_00038_7.tif,6469773,439,1.082,108.2,0.2381,0,5.087
slovenia,g13_00038_7.tif,6478750,508,1.252,125.2,0.2294,0,3.942
slovenia,g13_00038_7.tif,6480179,168,0.4141,41.41,0.8079,1,4.542
slovenia,g13_00038_7.tif,6494413,758,1.8682,186.82,0.7795,1,7.345
slovenia,g13_00038_7.tif,6494416,29,0.0715,7.15,0.0632,0,1.975
slovenia,g13_00038_7.tif,6494419,170,0.419,41.9,0.1318,0,1.625
slovenia,g13_00038_7.tif,6499095,638,1.5724,157.24,0.6194,1,4.357
slovenia,g13_00038_7.tif,6576174,1038,2.5583,255.83,0.1975,0,7.739
slovenia,g13_00038_7.tif,6576176,678,1.671,167.1,0.7531,1,7.085
slovenia,g13_00038_7.tif,6578503,35,0.0863,8.63,0.4138,0,1.975
slovenia,g13_00038_7.tif,6581320,281,0.6926,69.26,0.0327,0,1.625
slovenia,g13_00038_7.tif,6610264,952,2.3463,234.63,0.3377,0,7.085
slovenia,g13_00038_7.tif,6632757,133,0.3278,32.78,0.0667,0,1.039
slovenia,g13_00038_7.tif,6638044,1059,2.61,261.0,0.8554,1,12.652
slovenia,g13_00038_7.tif,6638045,992,2.4449,244.49,0.499,0,6.387
slovenia,g13_00038_7.tif,6638051,117,0.2884,28.84,0.1246,0,4.357
slovenia,g13_00038_7.tif,6642355,375,0.9242,92.42,0.1272,0,2.337
slovenia,g13_00038_7.tif,6649522,24,0.0592,5.92,0.0063,0,1.039
slovenia,g13_00038_7.tif,6649523,148,0.3648,36.48,0.0831,0,1.039
slovenia,g13_00038_7.tif,6654301,220,0.5422,54.22,0.7609,1,3.028
slovenia,g13_00038_7.tif,6655499,60,0.1479,14.79,0.7541,1,2.49
slovenia,g13_00038_7.tif,6657266,555,1.3679,136.79,0.1846,0,3.663
slovenia,g13_00038_7.tif,6657271,517,1.2742,127.42,0.3873,0,4.357
slovenia,g13_00038_7.tif,6666388,1079,2.6593,265.93,0.4838,0,9.776
slovenia,g13_00038_7.tif,6666405,267,0.6581,65.81,0.1344,0,2.337
slovenia,g13_00038_7.tif,6666412,327,0.8059,80.59,0.7021,1,2.49
slovenia,g13_00038_7.tif,6691876,59,0.1454,14.54,0.7015,1,2.89
slovenia,g13_00038_7.tif,6691878,90,0.2218,22.18,0.73,1,3.663
slovenia,g13_00038_7.tif,6701083,861,2.122,212.2,0.1655,0,5.053
slovenia,g13_00038_7.tif,6701223,836,2.0604,206.04,0.1389,0,5.053
slovenia,g13_00038_7.tif,6712580,147,0.3623,36.23,0.8846,1,4.542
slovenia,g13_00038_7.tif,6713322,1484,3.6575,365.75,0.1552,0,9.776
slovenia,g13_00038_7.tif,6713327,460,1.1337,113.37,0.6046,1,5.841
slovenia,g13_00038_7.tif,6713330,21,0.0518,5.18,0.0067,0,1.625
slovenia,g13_00038_7.tif,6717165,230,0.5669,56.69,0.3223,0,2.89
slovenia,g13_00038_7.tif,6731644,989,2.4375,243.75,0.1204,0,5.489
slovenia,g13_00038_7.tif,6731648,853,2.1023,210.23,0.6645,1,5.489
slovenia,g13_00038_7.tif,6795320,888,2.1886,218.86,0.1545,0,13.187
slovenia,g13_00038_7.tif,6807755,486,1.1978,119.78,0.7346,1,6.3
slovenia,g13_00038_7.tif,6807764,208,0.5126,51.26,0.0155,0,2.89
slovenia,g13_00038_7.tif,6869727,87,0.2144,21.44,0.7841,1,3.663
slovenia,g13_00038_7.tif,6869735,759,1.8706,187.06,0.611,1,5.087
slovenia,g13_00038_7.tif,6869743,314,0.7739,77.39,0.2455,0,2.337
slovenia,g13_00038_7.tif,6870746,106,0.2612,26.12,0.2287,0,1.039
slovenia,g13_00038_7.tif,6892299,1388,3.4209,342.09,0.8593,1,9.849
slovenia,g13_00038_7.tif,6892316,914,2.2527,225.27,0.4809,0,7.739
slovenia,g13_00038_7.tif,6892360,4,0.0099,0.99,0.0043,0,0.781
slovenia,g13_00038_7.tif,6917529,785,1.9347,193.47,0.5045,1,11.155
slovenia,g13_00038_7.tif,6917530,558,1.3753,137.53,0.9007,1,8.421
slovenia,g13_00038_7.tif,6917538,600,1.4788,147.88,0.75,1,7.944
slovenia,g13_00038_7.tif,6918158,994,2.4498,244.98,0.7705,1,7.896
slovenia,g13_00038_7.tif,6936423,1702,4.1948,419.48,0.72,1,11.155
slovenia,g13_00038_7.tif,6936435,208,0.5126,51.26,0.7333,1,3.663
slovenia,g13_00038_7.tif,6936436,749,1.846,184.6,0.6433,1,6.611
slovenia,g13_00038_7.tif,6936437,1846,4.5497,454.97,0.2263,0,9.776
slovenia,g13_00038_7.tif,6936926,90,0.2218,22.18,0.1037,0,1.039
slovenia,g13_00038_7.tif,6941128,742,1.8287,182.87,0.8078,1,10.519
slovenia,g13_00038_7.tif,6941133,503,1.2397,123.97,0.7565,1,4.967
slovenia,g13_00038_7.tif,6941134,473,1.1658,116.58,0.2584,0,5.841
slovenia,g13_00038_7.tif,6941136,351,0.8651,86.51,0.378,0,4.459
slovenia,g13_00038_7.tif,6941140,129,0.3179,31.79,0.5746,1,3.028
slovenia,g13_00038_7.tif,6941152,1187,2.9255,292.55,0.5632,1,7.739
slovenia,g13_00038_7.tif,6966236,826,2.0358,203.58,0.7712,1,7.739
slovenia,g13_00038_7.tif,6985662,930,2.2921,229.21,0.1191,0,5.053
slovenia,g13_00038_7.tif,6985697,233,0.5743,57.43,0.1274,0,3.663
slovenia,g13_00038_7.tif,6988129,253,0.6235,62.35,0.2617,0,3.885
slovenia,g13_00038_7.tif,7021385,310,0.764,76.4,0.7801,1,6.193
slovenia,g13_00038_7.tif,7033467,972,2.3956,239.56,0.8651,1,11.155
slovenia,g13_00038_7.tif,7033474,477,1.1756,117.56,0.0603,0,4.357
slovenia,g13_00038_7.tif,7045215,637,1.57,157.0,0.7322,1,3.885
slovenia,g13_00038_7.tif,7045216,454,1.1189,111.89,0.3453,0,5.053
slovenia,g13_00038_7.tif,7045311,621,1.5305,153.05,0.3103,0,3.942
slovenia,g13_00038_7.tif,7045314,79,0.1947,19.47,0.7079,1,2.337
slovenia,g13_00038_7.tif,7053311,331,0.8158,81.58,0.0089,0,2.49
slovenia,g13_00038_7.tif,7053312,1144,2.8195,281.95,0.8667,1,6.611
slovenia,g13_00038_7.tif,7053332,1211,2.9847,298.47,0.4949,0,10.587
slovenia,g13_00038_7.tif,7053516,646,1.5921,159.21,0.3521,0,4.357
slovenia,g13_00038_7.tif,7053517,662,1.6316,163.16,0.6941,1,4.357
slovenia,g13_00038_8.tif,6109559,89,0.2208,22.08,0.8317,1,3.533
slovenia,g13_00038_8.tif,6109562,83,0.2059,20.59,0.6903,1,3.166
slovenia,g13_00038_8.tif,6118060,74,0.1836,18.36,0.1062,0,1.631
slovenia,g13_00038_8.tif,6164251,464,1.1511,115.11,0.4106,0,4.377
slovenia,g13_00038_8.tif,6164252,340,0.8435,84.35,0.4725,0,3.949
slovenia,g13_00038_8.tif,6169855,41,0.1017,10.17,0.1638,0,1.972
slovenia,g13_00038_8.tif,6255856,397,0.9849,98.49,0.6732,1,3.117
slovenia,g13_00038_8.tif,6280091,69,0.1712,17.12,0.6897,1,2.909
slovenia,g13_00038_8.tif,6280094,423,1.0494,104.94,0.7845,1,3.908
slovenia,g13_00038_8.tif,6280213,54,0.134,13.4,0.8889,1,2.909
slovenia,g13_00038_8.tif,6289854,676,1.677,167.7,0.5865,1,6.34
slovenia,g13_00038_8.tif,6289855,419,1.0395,103.95,0.2193,0,6.858
slovenia,g13_00038_8.tif,6289858,128,0.3175,31.75,0.254,0,3.037
slovenia,g13_00038_8.tif,6289864,179,0.4441,44.41,0.3258,0,2.494
slovenia,g13_00038_8.tif,6311638,275,0.6822,68.22,0.2346,0,2.349
slovenia,g13_00038_8.tif,6338477,578,1.4339,143.39,0.3293,0,4.712
slovenia,g13_00038_8.tif,6338478,268,0.6649,66.49,0.6418,1,4.377
slovenia,g13_00038_8.tif,6338479,337,0.836,83.6,0.8157,1,4.471
slovenia,g13_00038_8.tif,6352222,799,1.9822,198.22,0.6548,1,7.437
slovenia,g13_00038_8.tif,6370959,455,1.1288,112.88,0.8028,1,7.92
slovenia,g13_00038_8.tif,6375563,578,1.4339,143.39,0.8429,1,4.377
slovenia,g13_00038_8.tif,6375565,496,1.2305,123.05,0.4947,0,3.949
slovenia,g13_00038_8.tif,6375566,415,1.0295,102.95,0.791,1,4.471
slovenia,g13_00038_8.tif,6375571,124,0.3076,30.76,0.0562,0,3.037
slovenia,g13_00038_8.tif,6426287,677,1.6795,167.95,0.7613,1,11.199
slovenia,g13_00038_8.tif,6426293,164,0.4069,40.69,0.5589,1,4.377
slovenia,g13_00038_8.tif,6434498,398,0.9874,98.74,0.2459,0,5.114
slovenia,g13_00038_8.tif,6437594,482,1.1958,119.58,0.8652,1,7.137
slovenia,g13_00038_8.tif,6437597,172,0.4267,42.67,0.0975,0,5.114
slovenia,g13_00038_8.tif,6448682,793,1.9673,196.73,0.6065,1,5.114
slovenia,g13_00038_8.tif,6452220,894,2.2179,221.79,0.5685,1,11.199
slovenia,g13_00038_8.tif,6485310,278,0.6897,68.97,0.7343,1,7.137
slovenia,g13_00038_8.tif,6488887,185,0.459,45.9,0.7308,1,3.908
slovenia,g13_00038_8.tif,6493485,139,0.3448,34.48,0.1541,0,1.247
slovenia,g13_00038_8.tif,6499099,313,0.7765,77.65,0.086,0,3.037
slovenia,g13_00038_8.tif,6510318,23,0.0571,5.71,0.1783,0,1.972
slovenia,g13_00038_8.tif,6533293,594,1.4736,147.36,0.4397,0,4.972
slovenia,g13_00038_8.tif,6564617,474,1.1759,117.59,0.806,1,9.034
slovenia,g13_00038_8.tif,6564644,272,0.6748,67.48,0.2404,0,2.349
slovenia,g13_00038_8.tif,6576176,436,1.0816,108.16,0.7809,1,7.112
slovenia,g13_00038_8.tif,6576182,866,2.1484,214.84,0.9108,1,9.818
slovenia,g13_00038_8.tif,6576184,564,1.3992,139.92,0.6382,1,5.874
slovenia,g13_00038_8.tif,6581272,154,0.382,38.2,0.5187,1,4.972
slovenia,g13_00038_8.tif,6581292,351,0.8708,87.08,0.0335,0,3.533
slovenia,g13_00038_8.tif,6581301,223,0.5532,55.32,0.2598,0,2.078
slovenia,g13_00038_8.tif,6599677,1945,4.8252,482.52,0.8406,1,13.715
slovenia,g13_00038_8.tif,6610267,265,0.6574,65.74,0.2952,0,2.078
slovenia,g13_00038_8.tif,6611046,419,1.0395,103.95,0.4027,0,3.678
slovenia,g13_00038_8.tif,6611050,249,0.6177,61.77,0.0913,0,2.349
slovenia,g13_00038_8.tif,6615122,1292,3.2052,320.52,0.809,1,9.404
slovenia,g13_00038_8.tif,6621945,115,0.2853,28.53,0.7652,1,3.678
slovenia,g13_00038_8.tif,6635868,611,1.5158,151.58,0.8437,1,11.523
slovenia,g13_00038_8.tif,6635869,2243,5.5645,556.45,0.7232,1,11.76
slovenia,g13_00038_8.tif,6655499,392,0.9725,97.25,0.3916,0,5.524
slovenia,g13_00038_8.tif,6662556,463,1.1486,114.86,0.5157,1,3.678
slovenia,g13_00038_8.tif,6701091,413,1.0246,102.46,0.4011,0,4.377
slovenia,g13_00038_8.tif,6706858,774,1.9202,192.02,0.7978,1,6.417
slovenia,g13_00038_8.tif,6712580,1438,3.5674,356.74,0.9153,1,11.371
slovenia,g13_00038_8.tif,6712585,1497,3.7138,371.38,0.5596,1,12.22
slovenia,g13_00038_8.tif,6712586,1265,3.1383,313.83,0.7918,1,14.304
slovenia,g13_00038_8.tif,6712597,999,2.4784,247.84,0.3783,0,10.557
slovenia,g13_00038_8.tif,6713321,2336,5.7952,579.52,0.9359,1,18.452
slovenia,g13_00038_8.tif,6720040,741,1.8383,183.83,0.4333,0,7.112
slovenia,g13_00038_8.tif,6721585,900,2.2328,223.28,0.7039,1,6.65
slovenia,g13_00038_8.tif,6780725,422,1.0469,104.69,0.7875,1,4.471
slovenia,g13_00038_8.tif,6782506,400,0.9923,99.23,0.8082,1,4.972
slovenia,g13_00038_8.tif,6782509,85,0.2109,21.09,0.6589,1,3.533
slovenia,g13_00038_8.tif,6782510,405,1.0047,100.47,0.5604,1,7.363
slovenia,g13_00038_8.tif,6782513,393,0.975,97.5,0.418,0,4.972
slovenia,g13_00038_8.tif,6782539,787,1.9524,195.24,0.3293,0,4.712
slovenia,g13_00038_8.tif,6782540,1622,4.0239,402.39,0.8707,1,11.76
slovenia,g13_00038_8.tif,6782646,800,1.9847,198.47,0.5219,1,4.712
slovenia,g13_00038_8.tif,6785323,183,0.454,45.4,0.601,1,6.34
slovenia,g13_00038_8.tif,6810218,362,0.8981,89.81,0.8723,1,7.437
slovenia,g13_00038_8.tif,6810221,680,1.687,168.7,0.8889,1,6.65
slovenia,g13_00038_8.tif,6810232,161,0.3994,39.94,0.1757,0,1.039
slovenia,g13_00038_8.tif,6812394,938,2.327,232.7,0.5476,1,7.878
slovenia,g13_00038_8.tif,6813475,3096,7.6807,768.07,0.9283,1,20.0
slovenia,g13_00038_8.tif,6819393,314,0.779,77.9,0.2425,0,2.078
slovenia,g13_00038_8.tif,6861937,934,2.3171,231.71,0.8469,1,10.329
slovenia,g13_00038_8.tif,6861990,3492,8.6631,866.31,0.98,1,25.769
slovenia,g13_00038_8.tif,6869727,844,2.0938,209.38,0.8353,1,7.112
slovenia,g13_00038_8.tif,6869743,85,0.2109,21.09,0.404,0,2.349
slovenia,g13_00038_8.tif,6869745,114,0.2828,28.28,0.2069,0,2.494
slovenia,g13_00038_8.tif,6870746,41,0.1017,10.17,0.2923,0,1.039
slovenia,g13_00038_8.tif,6887246,222,0.5507,55.07,0.8694,1,5.403
slovenia,g13_00038_8.tif,6888555,100,0.2481,24.81,0.6303,1,3.166
slovenia,g13_00038_8.tif,6888562,514,1.2751,127.51,0.4566,0,3.117
slovenia,g13_00038_8.tif,6889797,236,0.5855,58.55,0.7754,1,2.078
slovenia,g13_00038_8.tif,6889850,555,1.3769,137.69,0.3863,0,5.114
slovenia,g13_00038_8.tif,6892316,121,0.3002,30.02,0.6084,1,3.949
slovenia,g13_00038_8.tif,6892331,593,1.4711,147.11,0.7771,1,4.712
slovenia,g13_00038_8.tif,6892871,118,0.2927,29.27,0.4783,0,3.678
slovenia,g13_00038_8.tif,6917538,589,1.4612,146.12,0.6335,1,7.878
slovenia,g13_00038_8.tif,6917552,829,2.0566,205.66,0.6079,1,7.137
slovenia,g13_00038_8.tif,6936435,375,0.9303,93.03,0.7995,1,3.74
slovenia,g13_00038_8.tif,6936926,95,0.2357,23.57,0.1141,0,1.039
slovenia,g13_00038_8.tif,7011786,126,0.3126,31.26,0.074,0,1.039
slovenia,g13_00038_8.tif,7021385,181,0.449,44.9,0.7582,1,4.572
slovenia,g13_00038_8.tif,7021386,1183,2.9348,293.48,0.938,1,9.404
slovenia,g13_00039_8.tif,6103295,1291,3.2028,320.28,0.9207,1,11.105
slovenia,g13_00039_8.tif,6103313,173,0.4292,42.92,0.0839,0,2.349
slovenia,g13_00039_8.tif,6141138,1186,2.9423,294.23,0.5578,1,7.437
slovenia,g13_00039_8.tif,6141145,551,1.3669,136.69,0.6351,1,4.572
slovenia,g13_00039_8.tif,6141151,165,0.4093,40.93,0.5213,1,4.36
slovenia,g13_00039_8.tif,6141155,259,0.6425,64.25,0.2654,0,3.037
slovenia,g13_00039_8.tif,6141158,219,0.5433,54.33,0.3176,0,1.972
slovenia,g13_00039_8.tif,6141171,163,0.4044,40.44,0.4211,0,2.078
slovenia,g13_00039_8.tif,6296027,60,0.1489,14.89,0.3492,0,3.261
slovenia,g13_00039_8.tif,6321279,246,0.6103,61.03,0.2563,0,3.74
slovenia,g13_00039_8.tif,6340059,143,0.3548,35.48,0.2815,0,2.909
slovenia,g13_00039_8.tif,6340061,140,0.3473,34.73,0.249,0,1.247
slovenia,g13_00039_8.tif,6340064,154,0.382,38.2,0.4239,0,2.078
slovenia,g13_00039_8.tif,6511522,27,0.067,6.7,0.1915,0,2.078
slovenia,g13_00039_8.tif,6511818,131,0.325,32.5,0.2158,0,2.909
slovenia,g13_00039_8.tif,6511966,284,0.7046,70.46,0.3368,0,4.572
slovenia,g13_00039_8.tif,6511968,285,0.707,70.7,0.6254,1,2.909
slovenia,g13_00039_8.tif,6512030,126,0.3126,31.26,0.7105,1,5.403
slovenia,g13_00039_8.tif,6512032,438,1.0866,108.66,0.5922,1,5.874
slovenia,g13_00039_8.tif,6514067,80,0.1985,19.85,0.4159,0,2.078
slovenia,g13_00039_8.tif,6516971,25,0.062,6.2,0.3846,0,1.247
slovenia,g13_00039_8.tif,6548426,62,0.1538,15.38,0.5059,1,3.678
slovenia,g13_00039_8.tif,6578793,410,1.0171,101.71,0.8449,1,4.712
slovenia,g13_00039_8.tif,6578819,158,0.392,39.2,0.2736,0,1.631
slovenia,g13_00039_8.tif,6603671,902,2.2377,223.77,0.8997,1,7.982
slovenia,g13_00039_8.tif,6603672,51,0.1265,12.65,0.3879,0,3.166
slovenia,g13_00039_8.tif,6603673,230,0.5706,57.06,0.1667,0,2.494
slovenia,g13_00039_8.tif,6610923,222,0.5507,55.07,0.1206,0,2.078
slovenia,g13_00039_8.tif,6630974,635,1.5753,157.53,0.6167,1,8.232
slovenia,g13_00039_8.tif,6630977,394,0.9774,97.74,0.7574,1,4.572
slovenia,g13_00039_8.tif,6630986,136,0.3374,33.74,0.4286,0,4.377
slovenia,g13_00039_8.tif,6630987,98,0.2431,24.31,0.322,0,3.74
slovenia,g13_00039_8.tif,6679874,29,0.0719,7.19,0.1681,0,1.972
slovenia,g13_00039_8.tif,6679877,77,0.191,19.1,0.352,0,3.74
slovenia,g13_00039_8.tif,6679881,269,0.6673,66.73,0.7705,1,5.524
slovenia,g13_00039_8.tif,6679885,176,0.4366,43.66,0.3889,0,1.972
slovenia,g13_00039_8.tif,6679888,153,0.3796,37.96,0.7963,1,2.349
slovenia,g13_00039_8.tif,6684198,698,1.7316,173.16,0.0176,0,8.459
slovenia,g13_00039_8.tif,6684203,637,1.5803,158.03,0.5297,1,7.896
slovenia,g13_00039_8.tif,6684211,247,0.6128,61.28,0.759,1,2.909
slovenia,g13_00039_8.tif,6684214,211,0.5235,52.35,0.3357,0,3.74
slovenia,g13_00039_8.tif,6684217,148,0.3672,36.72,0.0631,0,2.909
slovenia,g13_00039_8.tif,6687554,1129,2.8009,280.09,0.5035,1,7.065
slovenia,g13_00039_8.tif,6687555,486,1.2057,120.57,0.9163,1,7.437
slovenia,g13_00039_8.tif,6687557,940,2.332,233.2,0.735,1,7.065
slovenia,g13_00039_8.tif,6773785,1840,4.5647,456.47,0.1857,0,9.841
slovenia,g13_00039_8.tif,6791107,3829,9.4991,949.91,0.6018,1,16.379
slovenia,g13_00039_8.tif,6791115,403,0.9998,99.98,0.8266,1,5.554
slovenia,g13_00039_8.tif,6791117,1746,4.3315,433.15,0.0096,0,11.464
slovenia,g13_00039_8.tif,6791126,858,2.1286,212.86,0.7471,1,8.232
slovenia,g13_00039_8.tif,6791138,494,1.2255,122.55,0.8871,1,7.878
slovenia,g13_00039_8.tif,6791139,541,1.3421,134.21,0.0609,0,7.878
slovenia,g13_00039_8.tif,6791161,324,0.8038,80.38,0.05,0,3.261
slovenia,g13_00039_8.tif,6791164,330,0.8187,81.87,0.78,1,6.65
slovenia,g13_00039_8.tif,6791211,906,2.2476,224.76,0.3424,0,10.182
slovenia,g13_00039_8.tif,6791220,158,0.392,39.2,0.1708,0,2.349
slovenia,g13_00039_8.tif,6799311,486,1.2057,120.57,0.8008,1,5.554
slovenia,g13_00039_8.tif,6799319,74,0.1836,18.36,0.098,0,1.247
slovenia,g13_00039_8.tif,6799328,150,0.3721,37.21,0.125,0,1.247
slovenia,g13_00039_8.tif,6799333,106,0.263,26.3,0.1425,0,1.247
slovenia,g13_00039_8.tif,6800881,14,0.0347,3.47,0.175,0,1.039
slovenia,g13_00039_8.tif,6801719,72,0.1786,17.86,0.1006,0,2.349
slovenia,g13_00039_8.tif,6802119,180,0.4466,44.66,0.076,0,2.349
slovenia,g13_00039_8.tif,6815191,1325,3.2871,328.71,0.8662,1,9.279
slovenia,g13_00039_8.tif,6815192,1159,2.8753,287.53,0.7899,1,8.635
slovenia,g13_00039_8.tif,6815193,900,2.2328,223.28,0.1396,0,10.457
slovenia,g13_00039_8.tif,6815205,885,2.1955,219.55,0.7487,1,8.805
slovenia,g13_00039_8.tif,6815213,25,0.062,6.2,0.1179,0,1.247
slovenia,g13_00039_8.tif,6815214,1335,3.3119,331.19,0.4215,0,9.034
slovenia,g13_00039_8.tif,6815222,39,0.0968,9.68,0.3529,0,2.349
slovenia,g13_00039_8.tif,6815231,442,1.0965,109.65,0.8195,1,6.234
slovenia,g13_00039_8.tif,6815267,126,0.3126,31.26,0.2294,0,1.631
slovenia,g13_00039_8.tif,6819849,1096,2.719,271.9,0.6377,1,12.717
slovenia,g13_00039_8.tif,6819944,956,2.3717,237.17,0.8702,1,9.034
slovenia,g13_00039_8.tif,6845041,640,1.5877,158.77,0.0872,0,6.748
slovenia,g13_00039_8.tif,6845042,389,0.965,96.5,0.8589,1,3.908
slovenia,g13_00039_8.tif,6845046,455,1.1288,112.88,0.6004,1,5.071
slovenia,g13_00039_8.tif,6862048,1315,3.2623,326.23,0.9098,1,10.456
slovenia,g13_00039_8.tif,6862173,1624,4.0289,402.89,0.8116,1,16.208
slovenia,g13_00039_8.tif,6862202,1008,2.5007,250.07,0.1598,0,10.361
slovenia,g13_00039_8.tif,6862221,1052,2.6098,260.98,0.1974,0,9.404
slovenia,g13_00039_8.tif,6913075,350,0.8683,86.83,0.7013,1,5.554
slovenia,g13_00039_8.tif,6913077,120,0.2977,29.77,0.2362,0,2.909
slovenia,g13_00039_8.tif,6993498,1531,3.7982,379.82,0.2433,0,11.864
slovenia,g13_00039_8.tif,6993504,405,1.0047,100.47,0.8182,1,7.896
slovenia,g13_00039_8.tif,6993509,1943,4.8203,482.03,0.1911,0,13.096
slovenia,g13_00039_8.tif,6993516,316,0.7839,78.39,0.7536,1,5.611
slovenia,g13_00039_8.tif,6993526,125,0.3101,31.01,0.8047,1,4.641
slovenia,g13_00039_8.tif,7002189,48,0.1191,11.91,0.2456,0,1.972
slovenia,g13_00039_8.tif,7002195,578,1.4339,143.39,0.867,1,8.728
slovenia,g13_00039_8.tif,7002203,12,0.0298,2.98,0.0286,0,1.039
slovenia,g13_00039_8.tif,7002205,33,0.0819,8.19,0.0786,0,1.972
slovenia,g13_00039_8.tif,7002209,445,1.104,110.4,0.8728,1,5.403
slovenia,g13_00039_8.tif,7002423,59,0.1464,14.64,0.2948,0,1.972
slovenia,g13_00039_8.tif,7004034,268,0.6649,66.49,0.3871,0,4.432
slovenia,g13_00039_8.tif,7004067,45,0.1116,11.16,0.1071,0,1.972
slovenia,g13_00039_8.tif,7004079,83,0.2059,20.59,0.1537,0,3.166
slovenia,g13_00039_8.tif,7011921,24,0.0595,5.95,0.2927,0,1.247
slovenia,g13_00039_8.tif,7014213,26,0.0645,6.45,0.0644,0,1.972
slovenia,g13_00039_8.tif,7014214,211,0.5235,52.35,0.3263,0,2.909
slovenia,g13_00040_10.tif,6109342,99,0.2457,24.57,0.3584,0,2.35
slovenia,g13_00040_10.tif,6109484,89,0.2208,22.08,0.3879,0,2.113
slovenia,g13_00040_10.tif,6111973,80,0.1985,19.85,0.3514,0,1.631
slovenia,g13_00040_10.tif,6114202,267,0.6625,66.25,0.6886,1,6.418
slovenia,g13_00040_10.tif,6114204,107,0.2655,26.55,0.5274,1,3.261
slovenia,g13_00040_10.tif,6115472,102,0.2531,25.31,0.2337,0,2.113
slovenia,g13_00040_10.tif,6115476,49,0.1216,12.16,0.1903,0,2.494
slovenia,g13_00040_10.tif,6115999,465,1.1539,115.39,0.671,1,6.858
slovenia,g13_00040_10.tif,6117486,509,1.2631,126.31,0.7924,1,9.156
slovenia,g13_00040_10.tif,6117843,60,0.1489,14.89,0.3605,0,1.972
slovenia,g13_00040_10.tif,6173707,293,0.7271,72.71,0.3997,0,7.439
slovenia,g13_00040_10.tif,6178445,356,0.8834,88.34,0.7118,1,7.113
slovenia,g13_00040_10.tif,6178446,556,1.3797,137.97,0.8081,1,7.88
slovenia,g13_00040_10.tif,6178449,465,1.1539,115.39,0.5735,1,5.725
slovenia,g13_00040_10.tif,6178451,138,0.3424,34.24,0.5886,1,3.533
slovenia,g13_00040_10.tif,6178453,141,0.3499,34.99,0.2394,0,3.949
slovenia,g13_00040_10.tif,6178454,422,1.0472,104.72,0.791,1,3.949
slovenia,g13_00040_10.tif,6178456,157,0.3896,38.96,0.8354,1,4.972
slovenia,g13_00040_10.tif,6178460,69,0.1712,17.12,0.4297,0,3.037
slovenia,g13_00040_10.tif,6347767,255,0.6328,63.28,0.6937,1,3.037
slovenia,g13_00040_10.tif,6474742,562,1.3946,139.46,0.8671,1,9.456
slovenia,g13_00040_10.tif,6505604,63,0.1563,15.63,0.2298,0,1.631
slovenia,g13_00040_10.tif,6514747,50,0.1241,12.41,0.75,1,2.494
slovenia,g13_00040_10.tif,6514752,98,0.2432,24.32,0.1194,0,1.972
slovenia,g13_00040_10.tif,6582123,164,0.407,40.7,0.0102,0,3.949
slovenia,g13_00040_10.tif,6582124,479,1.1886,118.86,0.7973,1,5.611
slovenia,g13_00040_10.tif,6582135,366,0.9082,90.82,0.7312,1,6.417
slovenia,g13_00040_10.tif,6582137,279,0.6923,69.23,0.0106,0,5.781
slovenia,g13_00040_10.tif,6582147,169,0.4194,41.94,0.0221,0,5.404
slovenia,g13_00040_10.tif,6582150,111,0.2754,27.54,0.7092,1,3.533
slovenia,g13_00040_10.tif,6582158,116,0.2878,28.78,0.8678,1,3.949
slovenia,g13_00040_10.tif,6756441,1185,2.9405,294.05,0.8704,1,12.717
slovenia,g13_00040_10.tif,6763487,110,0.273,27.3,0.0509,0,3.037
slovenia,g13_00040_10.tif,6794900,383,0.9504,95.04,0.1223,0,4.972
slovenia,g13_00040_10.tif,6818904,697,1.7296,172.96,0.4908,0,9.943
slovenia,g13_00040_10.tif,6818905,761,1.8884,188.84,0.5915,1,10.802
slovenia,g13_00040_10.tif,6837891,90,0.2233,22.33,0.3504,0,2.91
slovenia,g13_00040_10.tif,6837894,107,0.2655,26.55,0.7411,1,3.037
slovenia,g13_00040_10.tif,6916729,108,0.268,26.8,0.1295,0,2.35
slovenia,g13_00040_10.tif,6992900,97,0.2407,24.07,0.6423,1,3.037
slovenia,g13_00040_10.tif,6992903,1530,3.7966,379.66,0.9528,1,12.717
slovenia,g13_00040_10.tif,6992920,137,0.34,34.0,0.7239,1,5.554
slovenia,g13_00040_10.tif,6992927,349,0.866,86.6,0.7507,1,6.417
slovenia,g13_00040_10.tif,6992929,354,0.8784,87.84,0.6584,1,5.115
slovenia,g13_00040_10.tif,6992936,290,0.7196,71.96,0.0027,0,4.972
slovenia,g13_00040_10.tif,6992942,256,0.6353,63.53,0.7617,1,7.113
slovenia,g13_00040_10.tif,6992943,142,0.3524,35.24,0.0,0,5.071
slovenia,g13_00040_10.tif,6993274,33,0.0819,8.19,0.2385,0,1.039
slovenia,g13_00040_10.tif,6993620,3,0.0074,0.74,0.0,0,0.416
slovenia,g13_00040_10.tif,7044925,181,0.4491,44.91,0.0547,0,3.037
slovenia,g13_00040_11.tif,6114200,291,0.7221,72.21,0.5138,1,7.113
slovenia,g13_00040_11.tif,6173708,155,0.3846,38.46,0.3356,0,3.949
slovenia,g13_00040_11.tif,6357693,55,0.1365,13.65,0.6842,1,2.91
slovenia,g13_00040_11.tif,6514734,1733,4.3004,430.04,0.7963,1,13.674
slovenia,g13_00040_11.tif,6514746,406,1.0075,100.75,0.6232,1,7.113
slovenia,g13_00040_11.tif,6514747,316,0.7841,78.41,0.5575,1,5.781
slovenia,g13_00040_11.tif,6514748,526,1.3052,130.52,0.3105,0,6.858
slovenia,g13_00040_11.tif,6514749,250,0.6204,62.04,0.7931,1,6.418
slovenia,g13_00040_11.tif,6514758,24,0.0596,5.96,0.0585,0,1.631
slovenia,g13_00040_11.tif,6514760,130,0.3226,32.26,0.2663,0,4.472
slovenia,g13_00040_11.tif,6531463,442,1.0968,109.68,0.8797,1,7.88
slovenia,g13_00040_11.tif,6558182,218,0.541,54.1,0.3861,0,4.36
slovenia,g13_00040_11.tif,6558183,120,0.2978,29.78,0.5417,1,3.678
slovenia,g13_00040_11.tif,6558186,93,0.2308,23.08,0.7742,1,3.533
slovenia,g13_00040_11.tif,6558188,102,0.2531,25.31,0.7407,1,3.949
slovenia,g13_00040_11.tif,6558191,43,0.1067,10.67,0.0686,0,2.494
slovenia,g13_00040_11.tif,6660158,238,0.5906,59.06,0.5852,1,5.725
slovenia,g13_00040_11.tif,6660160,484,1.201,120.1,0.4546,0,7.88
slovenia,g13_00040_11.tif,6660179,58,0.1439,14.39,0.1812,0,3.037
slovenia,g13_00040_11.tif,6756446,515,1.2779,127.79,0.7603,1,10.505
slovenia,g13_00040_11.tif,6756466,149,0.3697,36.97,0.7083,1,3.678
slovenia,g13_00040_11.tif,6794918,170,0.4218,42.18,0.3604,0,4.472
slovenia,g13_00040_11.tif,6861895,2752,6.829,682.9,0.5267,1,17.968
slovenia,g13_00040_11.tif,6862097,1980,4.9133,491.33,0.9162,1,13.911
slovenia,g13_00040_9.tif,6110267,54,0.134,13.4,0.013,0,2.079
slovenia,g13_00040_9.tif,6110269,86,0.2134,21.34,0.8173,1,2.35
slovenia,g13_00040_9.tif,6115993,436,1.0819,108.19,0.7793,1,8.461
slovenia,g13_00040_9.tif,6115996,30,0.0744,7.44,0.0182,0,1.972
slovenia,g13_00040_9.tif,6117484,86,0.2134,21.34,0.4737,0,3.166
slovenia,g13_00040_9.tif,6117486,5,0.0124,1.24,0.0219,0,0.778
slovenia,g13_00040_9.tif,6117516,823,2.0422,204.22,0.8703,1,10.769
slovenia,g13_00040_9.tif,6117535,556,1.3797,137.97,0.2312,0,7.169
slovenia,g13_00040_9.tif,6117537,85,0.2109,21.09,0.0205,0,3.037
slovenia,g13_00040_9.tif,6117836,58,0.1439,14.39,0.0973,0,2.35
slovenia,g13_00040_9.tif,6117837,456,1.1315,113.15,0.8185,1,6.858
slovenia,g13_00040_9.tif,6117838,121,0.3003,30.03,0.031,0,3.533
slovenia,g13_00040_9.tif,6117841,68,0.1687,16.87,0.4198,0,2.079
slovenia,g13_00040_9.tif,6117851,39,0.0968,9.68,0.0027,0,1.631
slovenia,g13_00040_9.tif,6117978,12,0.0298,2.98,0.0036,0,1.039
slovenia,g13_00040_9.tif,6188331,435,1.0794,107.94,0.8106,1,9.036
slovenia,g13_00040_9.tif,6188346,80,0.1985,19.85,0.1659,0,3.166
slovenia,g13_00040_9.tif,6298397,356,0.8834,88.34,0.1612,0,5.071
slovenia,g13_00040_9.tif,6298411,145,0.3598,35.98,0.6646,1,3.678
slovenia,g13_00040_9.tif,6342651,520,1.2904,129.04,0.7136,1,4.378
slovenia,g13_00040_9.tif,6342799,328,0.8139,81.39,0.6126,1,5.725
slovenia,g13_00040_9.tif,6474734,197,0.4888,48.88,0.4572,0,4.573
slovenia,g13_00040_9.tif,6474735,144,0.3573,35.73,0.3609,0,4.378
slovenia,g13_00040_9.tif,6474736,528,1.3102,131.02,0.2831,0,7.113
slovenia,g13_00040_9.tif,6702104,54,0.134,13.4,0.0791,0,2.494
slovenia,g13_00040_9.tif,6763468,512,1.2705,127.05,0.5855,1,9.156
slovenia,g13_00040_9.tif,6794900,112,0.2779,27.79,0.4108,0,4.36
slovenia,g13_00040_9.tif,6794910,569,1.4119,141.19,0.4904,0,8.814
slovenia,g13_00040_9.tif,6794917,243,0.603,60.3,0.8125,1,6.417
slovenia,g13_00040_9.tif,6796023,1217,3.0199,301.99,0.561,1,15.887
slovenia,g13_00040_9.tif,6796047,715,1.7742,177.42,0.3338,0,9.768
slovenia,g13_00040_9.tif,6818904,40,0.0993,9.93,0.0988,0,2.494
slovenia,g13_00040_9.tif,7017156,171,0.4243,42.43,0.2955,0,4.714
slovenia,g13_00043_2.tif,6103608,1688,4.2173,421.73,0.8771,1,15.567
slovenia,g13_00043_2.tif,6114199,407,1.0168,101.68,0.5645,1,8.851
slovenia,g13_00043_2.tif,6150089,73,0.1824,18.24,0.6277,1,3.189
slovenia,g13_00043_2.tif,6192019,1794,4.4821,448.21,0.8523,1,11.275
slovenia,g13_00043_2.tif,6194323,59,0.1474,14.74,0.0697,0,1.636
slovenia,g13_00043_2.tif,6194327,182,0.4547,45.47,0.2149,0,1.247
slovenia,g13_00043_2.tif,6197158,390,0.9744,97.44,0.7756,1,7.95
slovenia,g13_00043_2.tif,6197159,9,0.0225,2.25,0.0314,0,1.046
slovenia,g13_00043_2.tif,6233721,450,1.1243,112.43,0.4647,0,5.528
slovenia,g13_00043_2.tif,6285155,13,0.0325,3.25,0.0,0,1.247
slovenia,g13_00043_2.tif,6299590,832,2.0787,207.87,0.6007,1,5.819
slovenia,g13_00043_2.tif,6299599,42,0.1049,10.49,0.2079,0,2.079
slovenia,g13_00043_2.tif,6367461,32,0.0799,7.99,0.1571,0,1.988
slovenia,g13_00043_2.tif,6367495,44,0.1099,10.99,0.3282,0,1.988
slovenia,g13_00043_2.tif,6367534,26,0.065,6.5,0.0833,0,2.079
slovenia,g13_00043_2.tif,6367591,88,0.2199,21.99,0.6667,1,3.189
slovenia,g13_00043_2.tif,6381201,1821,4.5496,454.96,0.9253,1,15.984
slovenia,g13_00043_2.tif,6387956,1189,2.9706,297.06,0.456,0,7.394
slovenia,g13_00043_2.tif,6387960,1110,2.7732,277.32,0.7839,1,13.227
slovenia,g13_00043_2.tif,6387964,1482,3.7026,370.26,0.7634,1,8.63
slovenia,g13_00043_2.tif,6387971,44,0.1099,10.99,0.2083,0,1.988
slovenia,g13_00043_2.tif,6404495,19,0.0475,4.75,0.4444,0,1.247
slovenia,g13_00043_2.tif,6527282,526,1.3142,131.42,0.6741,1,3.555
slovenia,g13_00043_2.tif,6527283,502,1.2542,125.42,0.2645,0,3.555
slovenia,g13_00043_2.tif,6531432,3039,7.5926,759.26,0.5747,1,18.052
slovenia,g13_00043_2.tif,6531464,380,0.9494,94.94,0.8173,1,6.237
slovenia,g13_00043_2.tif,6630470,971,2.4259,242.59,0.8157,1,11.772
slovenia,g13_00043_2.tif,6641467,1224,3.058,305.8,0.4793,0,8.968
slovenia,g13_00043_2.tif,6756422,324,0.8095,80.95,0.4426,0,6.891
slovenia,g13_00043_2.tif,6764580,382,0.9544,95.44,0.7597,1,6.452
slovenia,g13_00043_2.tif,6820365,1417,3.5402,354.02,0.8962,1,11.232
slovenia,g13_00043_2.tif,6840405,1708,4.2673,426.73,0.8849,1,12.288
slovenia,g13_00043_2.tif,6916728,251,0.6271,62.71,0.0555,0,1.988
slovenia,g13_00043_2.tif,6930263,160,0.3997,39.97,0.1118,0,2.127
slovenia,g13_00043_2.tif,6985638,9,0.0225,2.25,0.0373,0,0.786
slovenia,g13_00043_2.tif,6985642,1379,3.4453,344.53,0.2197,0,16.147
slovenia,g13_00043_2.tif,6985658,912,2.2785,227.85,0.8678,1,7.151
slovenia,g13_00043_2.tif,7016238,1645,4.1099,410.99,0.8304,1,8.968
slovenia,g13_00043_3.tif,6128503,472,1.1792,117.92,0.6604,1,6.452
slovenia,g13_00043_3.tif,6128508,173,0.4322,43.22,0.1272,0,3.912
slovenia,g13_00043_3.tif,6178461,459,1.1468,114.68,0.1764,0,7.525
slovenia,g13_00043_3.tif,6178539,22,0.055,5.5,0.0081,0,1.046
slovenia,g13_00043_3.tif,6194313,502,1.2542,125.42,0.2044,0,8.479
slovenia,g13_00043_3.tif,6194317,322,0.8045,80.45,0.6323,1,6.431
slovenia,g13_00043_3.tif,6194320,277,0.6921,69.21,0.6735,1,5.528
slovenia,g13_00043_3.tif,6194323,289,0.722,72.2,0.1177,0,1.636
slovenia,g13_00043_3.tif,6218804,128,0.3198,31.98,0.1022,0,2.079
slovenia,g13_00043_3.tif,6219010,569,1.4216,142.16,0.6498,1,7.151
slovenia,g13_00043_3.tif,6219026,620,1.549,154.9,0.8281,1,7.792
slovenia,g13_00043_3.tif,6221697,112,0.2798,27.98,0.0269,0,3.189
slovenia,g13_00043_3.tif,6221698,123,0.3073,30.73,0.0101,0,3.968
slovenia,g13_00043_3.tif,6221700,27,0.0675,6.75,0.0,0,1.988
slovenia,g13_00043_3.tif,6221852,41,0.1024,10.24,0.0009,0,2.127
slovenia,g13_00043_3.tif,6222908,39,0.0974,9.74,0.375,0,2.353
slovenia,g13_00043_3.tif,6222909,65,0.1624,16.24,0.0061,0,2.911
slovenia,g13_00043_3.tif,6225383,270,0.6746,67.46,0.5608,1,5.123
slovenia,g13_00043_3.tif,6225384,86,0.2149,21.49,0.8132,1,2.079
slovenia,g13_00043_3.tif,6233721,851,2.1261,212.61,0.2068,0,5.74
slovenia,g13_00043_3.tif,6233722,254,0.6346,63.46,0.3737,0,5.593
slovenia,g13_00043_3.tif,6233723,157,0.3922,39.22,0.2087,0,5.123
slovenia,g13_00043_3.tif,6233724,132,0.3298,32.98,0.1724,0,3.121
slovenia,g13_00043_3.tif,6245732,283,0.707,70.7,0.1703,0,5.43
slovenia,g13_00043_3.tif,6285140,17,0.0425,4.25,0.0288,0,1.636
slovenia,g13_00043_3.tif,6285141,223,0.5571,55.71,0.1883,0,4.391
slovenia,g13_00043_3.tif,6285143,253,0.6321,63.21,0.4232,0,4.391
slovenia,g13_00043_3.tif,6285144,157,0.3922,39.22,0.6038,1,2.911
slovenia,g13_00043_3.tif,6285148,128,0.3198,31.98,0.081,0,3.688
slovenia,g13_00043_3.tif,6285149,119,0.2973,29.73,0.5707,1,2.127
slovenia,g13_00043_3.tif,6285154,399,0.9969,99.69,0.6901,1,3.742
slovenia,g13_00043_3.tif,6285155,285,0.712,71.2,0.1106,0,3.048
slovenia,g13_00043_3.tif,6285158,32,0.0799,7.99,0.0524,0,1.636
slovenia,g13_00043_3.tif,6285411,57,0.1424,14.24,0.2835,0,1.988
slovenia,g13_00043_3.tif,6296796,926,2.3135,231.35,0.6306,1,6.452
slovenia,g13_00043_3.tif,6296853,430,1.0743,107.43,0.6416,1,5.882
slovenia,g13_00043_3.tif,6296874,34,0.0849,8.49,0.2523,0,1.247
slovenia,g13_00043_3.tif,6327061,845,2.1112,211.12,0.9212,1,10.4
slovenia,g13_00043_3.tif,6514733,5300,13.2415,1324.15,0.9156,1,32.569
slovenia,g13_00043_3.tif,6514737,744,1.8588,185.88,0.6176,1,10.527
slovenia,g13_00043_3.tif,6514738,1079,2.6958,269.58,0.7813,1,9.757
slovenia,g13_00043_3.tif,6514745,32,0.0799,7.99,0.0186,0,1.247
slovenia,g13_00043_3.tif,6514757,282,0.7045,70.45,0.539,1,7.134
slovenia,g13_00043_3.tif,6514762,635,1.5865,158.65,0.4932,0,9.918
slovenia,g13_00043_3.tif,6630470,1691,4.2248,422.48,0.9588,1,14.184
slovenia,g13_00043_3.tif,6660149,366,0.9144,91.44,0.105,0,7.165
slovenia,g13_00043_3.tif,6660167,272,0.6796,67.96,0.802,1,7.134
slovenia,g13_00043_3.tif,6660169,214,0.5347,53.47,0.1169,0,2.911
slovenia,g13_00043_3.tif,6660172,64,0.1599,15.99,0.0009,0,2.507
slovenia,g13_00043_3.tif,6660175,1164,2.9081,290.81,0.8285,1,13.722
slovenia,g13_00043_3.tif,6660183,10,0.025,2.5,0.0,0,1.046
slovenia,g13_00043_3.tif,6661741,3913,9.7762,977.62,0.5066,1,18.732
slovenia,g13_00043_3.tif,6661764,1945,4.8594,485.94,0.3724,0,10.823
slovenia,g13_00043_3.tif,6756422,2387,5.9637,596.37,0.6357,1,12.579
slovenia,g13_00043_3.tif,6756430,504,1.2592,125.92,0.8643,1,8.968
slovenia,g13_00043_3.tif,6756435,309,0.772,77.2,0.2066,0,3.688
slovenia,g13_00043_3.tif,6756463,169,0.4222,42.22,0.5348,1,4.387
slovenia,g13_00043_3.tif,6820365,633,1.5815,158.15,0.8707,1,10.591
slovenia,g13_00043_3.tif,6916723,378,0.9444,94.44,0.8708,1,6.658
slovenia,g13_00043_3.tif,6985658,421,1.0518,105.18,0.1065,0,7.792
slovenia,g13_00043_3.tif,6985741,366,0.9144,91.44,0.525,1,8.648
slovenia,g13_00043_3.tif,7077538,69,0.1724,17.24,0.0304,0,3.284
slovenia,g13_00043_3.tif,7077539,38,0.0949,9.49,0.0,0,2.079
slovenia,g13_00043_4.tif,6164648,12,0.03,3.0,0.0079,0,1.636
slovenia,g13_00043_4.tif,6164649,41,0.1024,10.24,0.0784,0,1.988
slovenia,g13_00043_4.tif,6164650,796,1.9887,198.87,0.8537,1,11.716
slovenia,g13_00043_4.tif,6164653,45,0.1124,11.24,0.1557,0,2.127
slovenia,g13_00043_4.tif,6164654,54,0.1349,13.49,0.3857,0,1.988
slovenia,g13_00043_4.tif,6164817,433,1.0818,108.18,0.8639,1,8.811
slovenia,g13_00043_4.tif,6170221,794,1.9837,198.37,0.8033,1,10.309
slovenia,g13_00043_4.tif,6170237,202,0.5047,50.47,0.3727,0,5.43
slovenia,g13_00043_4.tif,6218807,267,0.6671,66.71,0.6493,1,6.891
slovenia,g13_00043_4.tif,6222910,738,1.8438,184.38,0.7751,1,10.529
slovenia,g13_00043_4.tif,6266455,1083,2.7058,270.58,0.9017,1,10.9
slovenia,g13_00043_4.tif,6285144,169,0.4222,42.22,0.858,1,3.742
slovenia,g13_00043_4.tif,6285146,412,1.0293,102.93,0.3581,0,7.151
slovenia,g13_00043_4.tif,6285149,71,0.1774,17.74,0.7474,1,3.555
slovenia,g13_00043_4.tif,6285322,177,0.4422,44.22,0.5141,1,6.09
slovenia,g13_00043_4.tif,6357692,1013,2.5309,253.09,0.3923,0,8.851
slovenia,g13_00043_4.tif,6357693,445,1.1118,111.18,0.418,0,6.452
slovenia,g13_00043_4.tif,6357698,470,1.1742,117.42,0.4907,0,7.151
slovenia,g13_00043_4.tif,6410552,221,0.5521,55.21,0.8362,1,5.94
slovenia,g13_00043_4.tif,6514737,913,2.281,228.1,0.6067,1,10.844
slovenia,g13_00043_4.tif,6514739,16,0.04,4.0,0.1176,0,1.247
slovenia,g13_00043_4.tif,6514741,456,1.1393,113.93,0.309,0,7.445
slovenia,g13_00043_4.tif,6514745,383,0.9569,95.69,0.3127,0,4.717
slovenia,g13_00043_4.tif,6514750,233,0.5821,58.21,0.1409,0,7.134
slovenia,g13_00043_4.tif,6514758,450,1.1243,112.43,0.6925,1,8.479
slovenia,g13_00043_4.tif,6514765,133,0.3323,33.23,0.6963,1,3.742
slovenia,g13_00043_4.tif,6514766,330,0.8245,82.45,0.8872,1,7.134
slovenia,g13_00043_4.tif,6644256,137,0.3423,34.23,0.4714,0,3.048
slovenia,g13_00043_4.tif,6644270,452,1.1293,112.93,0.1504,0,7.792
slovenia,g13_00043_4.tif,6644284,236,0.5896,58.96,0.7992,1,6.345
slovenia,g13_00043_4.tif,6660158,301,0.752,75.2,0.3962,0,5.74
slovenia,g13_00043_4.tif,6660164,353,0.8819,88.19,0.2412,0,5.123
slovenia,g13_00043_4.tif,6660175,309,0.772,77.2,0.8555,1,4.574
slovenia,g13_00043_4.tif,6660179,243,0.6071,60.71,0.3472,0,3.688
slovenia,g13_00043_4.tif,6756449,285,0.712,71.2,0.873,1,5.0
slovenia,g13_00043_4.tif,6756469,99,0.2473,24.73,0.3263,0,3.189
slovenia,g13_00043_4.tif,6756472,74,0.1849,18.49,0.4367,0,1.988
slovenia,g13_00043_4.tif,6836164,309,0.772,77.2,0.7672,1,6.452
slovenia,g13_00043_4.tif,6916730,25,0.0625,6.25,0.021,0,1.247
slovenia,g13_00043_4.tif,6919721,358,0.8944,89.44,0.2311,0,7.525
slovenia,g13_00043_4.tif,7050884,110,0.2748,27.48,0.2167,0,5.0
slovenia,g13_00043_4.tif,7050885,20,0.05,5.0,0.0,0,1.636
slovenia,g13_00043_4.tif,7050902,35,0.0874,8.74,0.0078,0,1.988
slovenia,g13_00045_14.tif,6150089,583,1.4569,145.69,0.7799,1,6.239
slovenia,g13_00045_14.tif,6277952,304,0.7597,75.97,0.6513,1,5.407
slovenia,g13_00045_14.tif,6299599,220,0.5498,54.98,0.1787,0,2.08
slovenia,g13_00045_14.tif,6367461,298,0.7447,74.47,0.6401,1,2.911
slovenia,g13_00045_14.tif,6367495,404,1.0096,100.96,0.078,0,4.575
slovenia,g13_00045_14.tif,6367534,189,0.4723,47.23,0.0608,0,2.08
slovenia,g13_00045_14.tif,6367591,576,1.4394,143.94,0.7837,1,6.239
slovenia,g13_00045_14.tif,6381201,170,0.4248,42.48,0.7511,1,3.555
slovenia,g13_00045_14.tif,6387948,1724,4.3083,430.83,0.8806,1,18.973
slovenia,g13_00045_14.tif,6387949,1470,3.6736,367.36,0.9446,1,17.999
slovenia,g13_00045_14.tif,6387951,1342,3.3537,335.37,0.5687,1,15.206
slovenia,g13_00045_14.tif,6387970,689,1.7218,172.18,0.2158,0,6.659
slovenia,g13_00045_14.tif,6387971,662,1.6544,165.44,0.7659,1,7.07
slovenia,g13_00045_14.tif,6404495,238,0.5948,59.48,0.9224,1,2.911
slovenia,g13_00045_14.tif,6561635,625,1.5619,156.19,0.8894,1,9.045
slovenia,g13_00045_14.tif,6585238,1345,3.3612,336.12,0.8959,1,14.177
slovenia,g13_00045_14.tif,6671295,749,1.8718,187.18,0.4944,0,8.358
slovenia,g13_00045_14.tif,6671296,746,1.8643,186.43,0.4209,0,8.159
slovenia,g13_00045_14.tif,6671303,441,1.1021,110.21,0.3629,0,6.659
slovenia,g13_00045_14.tif,6671338,1636,4.0884,408.84,0.8928,1,14.005
slovenia,g13_00045_14.tif,6671368,1683,4.2059,420.59,0.6132,1,12.301
slovenia,g13_00045_14.tif,6752735,36,0.09,9.0,0.1809,0,1.248
slovenia,g13_00045_14.tif,6759745,259,0.6472,64.72,0.4959,0,4.575
slovenia,g13_00045_14.tif,6796535,1085,2.7114,271.14,0.8463,1,13.735
slovenia,g13_00045_14.tif,6796540,349,0.8722,87.22,0.9076,1,5.65
slovenia,g13_00045_14.tif,6796582,1606,4.0134,401.34,0.4675,0,13.735
slovenia,g13_00045_14.tif,6796583,791,1.9767,197.67,0.2488,0,5.883
slovenia,g13_00045_14.tif,6919729,839,2.0967,209.67,0.3375,0,10.662
slovenia,g13_00045_14.tif,6985638,796,1.9892,198.92,0.4151,0,7.902
slovenia,g13_00045_14.tif,6985744,548,1.3695,136.95,0.2311,0,10.197
slovenia,g13_00045_14.tif,6992908,1093,2.7314,273.14,0.8969,1,11.291
slovenia,g13_00045_15.tif,6160562,933,2.3316,233.16,0.4702,0,13.108
slovenia,g13_00045_15.tif,6168948,867,2.1667,216.67,0.3346,0,10.416
slovenia,g13_00045_15.tif,6168951,508,1.2695,126.95,0.2748,0,6.09
slovenia,g13_00045_15.tif,6194313,298,0.7447,74.47,0.1815,0,4.388
slovenia,g13_00045_15.tif,6194323,24,0.06,6.0,0.0146,0,1.248
slovenia,g13_00045_15.tif,6194332,38,0.095,9.5,0.0231,0,1.636
slovenia,g13_00045_15.tif,6252264,1001,2.5015,250.15,0.3284,0,10.31
slovenia,g13_00045_15.tif,6299598,260,0.6497,64.97,0.1499,0,3.049
slovenia,g13_00045_15.tif,6327061,1104,2.7589,275.89,0.9067,1,12.955
slovenia,g13_00045_15.tif,6330034,505,1.262,126.2,0.6733,1,7.902
slovenia,g13_00045_15.tif,6368949,398,0.9946,99.46,0.3435,0,7.996
slovenia,g13_00045_15.tif,6368951,542,1.3545,135.45,0.7162,1,5.593
slovenia,g13_00045_15.tif,6368962,132,0.3299,32.99,0.1433,0,3.689
slovenia,g13_00045_15.tif,6368963,996,2.489,248.9,0.7685,1,9.757
slovenia,g13_00045_15.tif,6387948,3864,9.6562,965.62,0.8622,1,25.552
slovenia,g13_00045_15.tif,6387979,507,1.267,126.7,0.2886,0,5.819
slovenia,g13_00045_15.tif,6387987,277,0.6922,69.22,0.1069,0,3.284
slovenia,g13_00045_15.tif,6409664,41,0.1025,10.25,0.8511,1,2.127
slovenia,g13_00045_15.tif,6409665,36,0.09,9.0,0.1379,0,2.127
slovenia,g13_00045_15.tif,6410548,1787,4.4658,446.58,0.8496,1,18.845
slovenia,g13_00045_15.tif,6461980,704,1.7593,175.93,0.5497,1,8.358
slovenia,g13_00045_15.tif,6514761,8,0.02,2.0,0.0153,0,0.786
slovenia,g13_00045_15.tif,6514767,89,0.2224,22.24,0.0852,0,2.507
slovenia,g13_00045_15.tif,6561619,11,0.0275,2.75,0.0213,0,1.046
slovenia,g13_00045_15.tif,6573154,1001,2.5015,250.15,0.7548,1,13.725
slovenia,g13_00045_15.tif,6594747,544,1.3595,135.95,0.6367,1,7.07
slovenia,g13_00045_15.tif,6594748,898,2.2441,224.41,0.8976,1,12.893
slovenia,g13_00045_15.tif,6630470,494,1.2345,123.45,0.9073,1,7.996
slovenia,g13_00045_15.tif,6749803,1679,4.1959,419.59,0.7048,1,17.283
slovenia,g13_00045_15.tif,6766308,2247,5.6153,561.53,0.5286,1,22.667
slovenia,g13_00045_15.tif,6833615,1070,2.674,267.4,0.718,1,10.663
slovenia,g13_00045_15.tif,6833636,1081,2.7014,270.14,0.5717,1,8.968
slovenia,g13_00045_15.tif,6833936,489,1.222,122.2,0.2414,0,5.883
slovenia,g13_00045_15.tif,6837885,278,0.6947,69.47,0.1658,0,1.636
slovenia,g13_00045_15.tif,6854905,413,1.0321,103.21,0.7667,1,5.0
slovenia,g13_00045_15.tif,6854987,724,1.8093,180.93,0.5964,1,9.757
slovenia,g13_00045_15.tif,6854988,949,2.3716,237.16,0.4892,0,9.757
slovenia,g13_00045_15.tif,6894304,250,0.6248,62.48,0.7743,1,7.135
slovenia,g13_00045_15.tif,6919729,462,1.1545,115.45,0.9417,1,7.07
slovenia,g13_00045_15.tif,7077892,568,1.4194,141.94,0.443,0,7.893
slovenia,g13_00045_16.tif,6116131,589,1.4719,147.19,0.3095,0,5.883
slovenia,g13_00045_16.tif,6160562,74,0.1849,18.49,0.0976,0,3.122
slovenia,g13_00045_16.tif,6285157,181,0.4523,45.23,0.7908,1,5.53
slovenia,g13_00045_16.tif,6311207,761,1.9018,190.18,0.8986,1,7.447
slovenia,g13_00045_16.tif,6318670,378,0.9446,94.46,0.2758,0,5.0
slovenia,g13_00045_16.tif,6330034,646,1.6144,161.44,0.8748,1,9.198
slovenia,g13_00045_16.tif,6367438,14,0.035,3.5,0.0152,0,1.248
slovenia,g13_00045_16.tif,6368949,1016,2.539,253.9,0.364,0,7.908
slovenia,g13_00045_16.tif,6368963,102,0.2549,25.49,0.6875,1,4.388
slovenia,g13_00045_16.tif,6409599,72,0.1799,17.99,0.6829,1,2.911
slovenia,g13_00045_16.tif,6409664,655,1.6369,163.69,0.1706,0,4.391
slovenia,g13_00045_16.tif,6409665,383,0.9571,95.71,0.0998,0,3.049
slovenia,g13_00045_16.tif,6410550,257,0.6422,64.22,0.6921,1,3.969
slovenia,g13_00045_16.tif,6410552,219,0.5473,54.73,0.9058,1,5.53
slovenia,g13_00045_16.tif,6514761,893,2.2316,223.16,0.5532,1,10.197
slovenia,g13_00045_16.tif,6606330,910,2.2741,227.41,0.661,1,11.898
slovenia,g13_00045_16.tif,6606331,614,1.5344,153.44,0.7244,1,5.0
slovenia,g13_00045_16.tif,6644275,486,1.2145,121.45,0.6688,1,3.555
slovenia,g13_00045_16.tif,6644290,359,0.8972,89.72,0.0612,0,3.913
slovenia,g13_00045_16.tif,6649023,417,1.0421,104.21,0.1265,0,3.049
slovenia,g13_00045_16.tif,6676416,516,1.2895,128.95,0.1309,0,3.189
slovenia,g13_00045_16.tif,6756443,1155,2.8864,288.64,0.901,1,11.769
slovenia,g13_00045_16.tif,6756450,366,0.9146,91.46,0.6109,1,3.969
slovenia,g13_00045_16.tif,6794895,652,1.6294,162.94,0.8415,1,8.358
slovenia,g13_00045_16.tif,6794898,797,1.9917,199.17,0.6075,1,11.234
slovenia,g13_00045_16.tif,6854934,646,1.6144,161.44,0.863,1,12.297
slovenia,g13_00045_16.tif,6854987,1097,2.7414,274.14,0.4051,0,10.416
slovenia,g13_00045_16.tif,6854988,696,1.7393,173.93,0.2164,0,9.341
slovenia,g13_00045_16.tif,6894304,1162,2.9039,290.39,0.2366,0,8.037
slovenia,g13_00045_16.tif,6919730,934,2.3341,233.41,0.5983,1,13.714
slovenia,g13_00045_16.tif,6919734,678,1.6943,169.43,0.7635,1,5.53
slovenia,g13_00045_16.tif,6985702,163,0.4073,40.73,0.0425,0,4.388
slovenia,g13_00045_16.tif,7050890,223,0.5573,55.73,0.7054,1,5.593
slovenia,g13_00045_16.tif,7050898,246,0.6148,61.48,0.2136,0,1.636
slovenia,g13_00045_16.tif,7065401,44,0.11,11.0,0.147,0,1.046
slovenia,g13_00047_14.tif,6128080,177,0.4424,44.24,0.8095,1,5.593
slovenia,g13_00047_14.tif,6148356,274,0.6849,68.49,0.0339,0,6.661
slovenia,g13_00047_14.tif,6148357,54,0.135,13.5,0.0798,0,1.637
slovenia,g13_00047_14.tif,6155010,42,0.105,10.5,0.0035,0,2.507
slovenia,g13_00047_14.tif,6260313,405,1.0124,101.24,0.8124,1,7.794
slovenia,g13_00047_14.tif,6260314,336,0.8399,83.99,0.0023,0,5.431
slovenia,g13_00047_14.tif,6260316,234,0.5849,58.49,0.6065,1,6.661
slovenia,g13_00047_14.tif,6260318,263,0.6574,65.74,0.6955,1,6.348
slovenia,g13_00047_14.tif,6260349,30,0.075,7.5,0.1867,0,1.637
slovenia,g13_00047_14.tif,6272812,147,0.3674,36.74,0.0,0,5.431
slovenia,g13_00047_14.tif,6272859,4,0.01,1.0,0.0,0,0.786
slovenia,g13_00047_14.tif,6468235,288,0.7199,71.99,0.7957,1,6.661
slovenia,g13_00047_14.tif,6468239,335,0.8374,83.74,0.3287,0,6.24
slovenia,g13_00047_14.tif,6468247,12,0.03,3.0,0.0543,0,1.046
slovenia,g13_00047_14.tif,6489321,17,0.0425,4.25,0.0118,0,1.046
slovenia,g13_00047_14.tif,6519248,128,0.32,32.0,0.7785,1,3.969
slovenia,g13_00047_14.tif,6519249,233,0.5824,58.24,0.0,0,5.819
slovenia,g13_00047_14.tif,6519250,163,0.4074,40.74,0.4739,0,5.593
slovenia,g13_00047_14.tif,6519251,160,0.3999,39.99,0.7688,1,5.408
slovenia,g13_00047_14.tif,6519253,122,0.305,30.5,0.3056,0,4.388
slovenia,g13_00047_14.tif,6531802,193,0.4824,48.24,0.1757,0,2.912
slovenia,g13_00047_14.tif,6531808,117,0.2925,29.25,0.3549,0,2.507
slovenia,g13_00047_14.tif,6531860,290,0.7249,72.49,0.1915,0,4.388
slovenia,g13_00047_14.tif,6534392,237,0.5924,59.24,0.7593,1,5.885
slovenia,g13_00047_14.tif,6535730,132,0.33,33.0,0.8169,1,3.555
slovenia,g13_00047_14.tif,6535731,154,0.3849,38.49,0.6188,1,3.049
slovenia,g13_00047_14.tif,6535734,93,0.2325,23.25,0.4244,0,2.354
slovenia,g13_00047_14.tif,6535741,90,0.225,22.5,0.0,0,2.507
slovenia,g13_00047_14.tif,6535861,51,0.1275,12.75,0.2376,0,2.08
slovenia,g13_00047_14.tif,6590038,68,0.17,17.0,0.0861,0,2.912
slovenia,g13_00047_14.tif,6590054,35,0.0875,8.75,0.0627,0,2.354
slovenia,g13_00047_14.tif,6629370,192,0.4799,47.99,0.5858,1,3.744
slovenia,g13_00047_14.tif,6653925,442,1.1048,110.48,0.3846,0,8.244
slovenia,g13_00047_14.tif,6692523,31,0.0775,7.75,0.0,0,1.987
slovenia,g13_00047_14.tif,6734117,492,1.2298,122.98,0.7766,1,8.736
slovenia,g13_00047_14.tif,6734121,174,0.4349,43.49,0.4895,0,2.912
slovenia,g13_00047_14.tif,6752830,147,0.3674,36.74,0.2574,0,2.912
slovenia,g13_00047_14.tif,6761820,12,0.03,3.0,0.0254,0,1.046
slovenia,g13_00047_14.tif,6761827,50,0.125,12.5,0.0,0,1.987
slovenia,g13_00047_14.tif,6762064,242,0.6049,60.49,0.5926,1,2.912
slovenia,g13_00047_14.tif,6762068,19,0.0475,4.75,0.0275,0,1.046
slovenia,g13_00047_14.tif,6821039,688,1.7198,171.98,0.8908,1,10.532
slovenia,g13_00047_14.tif,6854684,460,1.1498,114.98,0.686,1,6.794
slovenia,g13_00047_14.tif,6859712,108,0.27,27.0,0.2903,0,4.388
slovenia,g13_00047_14.tif,6859716,12,0.03,3.0,0.0526,0,1.046
slovenia,g13_00047_14.tif,6880789,344,0.8599,85.99,0.8718,1,6.348
slovenia,g13_00047_14.tif,6880802,7,0.0175,1.75,0.0,0,0.786
slovenia,g13_00047_14.tif,7007433,387,0.9674,96.74,0.3664,0,7.072
slovenia,g13_00047_14.tif,7007434,199,0.4974,49.74,0.5058,1,4.462
slovenia,g13_00047_14.tif,7007435,184,0.4599,45.99,0.1783,0,4.576
slovenia,g13_00047_14.tif,7007436,256,0.6399,63.99,0.8609,1,7.449
slovenia,g13_00047_14.tif,7007438,100,0.25,25.0,0.4948,0,3.049
slovenia,g13_00047_14.tif,7007439,89,0.2225,22.25,0.0542,0,3.689
slovenia,g13_00047_14.tif,7007486,84,0.21,21.0,0.0824,0,3.689
slovenia,g13_00047_14.tif,7007487,143,0.3574,35.74,0.1403,0,3.689
slovenia,g13_00047_14.tif,7078241,378,0.9449,94.49,0.5714,1,7.794
slovenia,g13_00047_15.tif,6107932,94,0.235,23.5,0.7264,1,3.049
slovenia,g13_00047_15.tif,6107933,307,0.7674,76.74,0.8794,1,7.072
slovenia,g13_00047_15.tif,6235426,150,0.3749,37.49,0.4333,0,4.49
slovenia,g13_00047_15.tif,6373169,153,0.3824,38.24,0.1626,0,5.0
slovenia,g13_00047_15.tif,6414220,836,2.0897,208.97,0.5181,1,9.421
slovenia,g13_00047_15.tif,6414223,184,0.4599,45.99,0.1955,0,5.0
slovenia,g13_00047_15.tif,6414280,90,0.225,22.5,0.0956,0,2.354
slovenia,g13_00047_15.tif,6414303,119,0.2975,29.75,0.0359,0,2.354
slovenia,g13_00047_15.tif,6414414,14,0.035,3.5,0.0011,0,1.248
slovenia,g13_00047_15.tif,6454218,65,0.1625,16.25,0.1,0,3.189
slovenia,g13_00047_15.tif,6514086,115,0.2875,28.75,0.0936,0,3.689
slovenia,g13_00047_15.tif,6524559,287,0.7174,71.74,0.0136,0,4.388
slovenia,g13_00047_15.tif,6687786,34,0.085,8.5,0.0025,0,1.637
slovenia,g13_00047_15.tif,6687787,26,0.065,6.5,0.1277,0,1.987
slovenia,g13_00047_15.tif,6849017,433,1.0823,108.23,0.5512,1,9.047
slovenia,g13_00047_15.tif,6849436,149,0.3724,37.24,0.2359,0,4.391
slovenia,g13_00047_15.tif,6854684,62,0.155,15.5,0.5851,1,2.912
slovenia,g13_00047_15.tif,6854692,1582,3.9544,395.44,0.611,1,13.728
slovenia,g13_00047_15.tif,6854702,910,2.2747,227.47,0.8348,1,10.399
slovenia,g13_00047_15.tif,6854710,169,0.4224,42.24,0.0612,0,5.593
slovenia,g13_00047_15.tif,6859711,431,1.0773,107.73,0.8933,1,7.396
slovenia,g13_00047_15.tif,6859712,1316,3.2895,328.95,0.4841,0,10.594
slovenia,g13_00047_15.tif,6863071,440,1.0998,109.98,0.3029,0,6.794
slovenia,g13_00047_15.tif,6951853,167,0.4174,41.74,0.1044,0,5.742
slovenia,g13_00047_15.tif,6951861,145,0.3624,36.24,0.0925,0,5.408
slovenia,g13_00047_15.tif,6951868,11,0.0275,2.75,0.007,0,1.046
slovenia,g13_00047_15.tif,6952080,66,0.165,16.5,0.09,0,3.049
slovenia,g13_00047_15.tif,7061127,44,0.11,11.0,0.3519,0,2.08
slovenia,g13_00047_15.tif,7061129,66,0.165,16.5,0.3023,0,3.189
slovenia,g13_00047_15.tif,7061138,8,0.02,2.0,0.0612,0,1.046
slovenia,g13_00047_16.tif,6107929,10,0.025,2.5,0.1389,0,1.046
slovenia,g13_00047_16.tif,6107932,4,0.01,1.0,0.0175,0,0.416
slovenia,g13_00047_16.tif,6107933,114,0.285,28.5,0.877,1,3.122
slovenia,g13_00047_16.tif,6180276,145,0.3624,36.24,0.8497,1,3.689
slovenia,g13_00047_16.tif,6180277,358,0.8949,89.49,0.7056,1,6.892
slovenia,g13_00047_16.tif,6180281,38,0.095,9.5,0.0106,0,1.248
slovenia,g13_00047_16.tif,6180516,45,0.1125,11.25,0.0082,0,2.08
slovenia,g13_00047_16.tif,6193777,255,0.6374,63.74,0.8433,1,6.892
slovenia,g13_00047_16.tif,6197801,193,0.4824,48.24,0.5888,1,5.089
slovenia,g13_00047_16.tif,6261016,159,0.3974,39.74,0.2426,0,3.555
slovenia,g13_00047_16.tif,6272391,390,0.9749,97.49,0.7888,1,7.794
slovenia,g13_00047_16.tif,6282451,16,0.04,4.0,0.0013,0,1.046
slovenia,g13_00047_16.tif,6282457,141,0.3525,35.25,0.3149,0,3.914
slovenia,g13_00047_16.tif,6349241,72,0.18,18.0,0.0052,0,1.637
slovenia,g13_00047_16.tif,6481665,183,0.4574,45.74,0.8245,1,5.089
slovenia,g13_00047_16.tif,6669201,150,0.3749,37.49,0.6538,1,4.462
slovenia,g13_00047_16.tif,6669202,25,0.0625,6.25,0.0683,0,1.637
slovenia,g13_00047_16.tif,6733739,13,0.0325,3.25,0.0008,0,1.046
slovenia,g13_00047_16.tif,6799847,542,1.3548,135.48,0.8138,1,6.794
slovenia,g13_00047_16.tif,6799854,185,0.4624,46.24,0.4689,0,3.122
slovenia,g13_00047_16.tif,6800509,269,0.6724,67.24,0.7695,1,5.885
slovenia,g13_00047_16.tif,6944665,9,0.0225,2.25,0.0378,0,1.248
slovenia,g13_00047_16.tif,6951203,33,0.0825,8.25,0.0569,0,2.127
slovenia,g13_00047_16.tif,6963742,101,0.2525,25.25,0.7664,1,4.391
slovenia,g13_00047_16.tif,6967114,144,0.3599,35.99,0.6183,1,4.671
slovenia,g13_00047_16.tif,6967125,55,0.1375,13.75,0.0036,0,3.049
slovenia,g13_00047_16.tif,7007098,187,0.4674,46.74,0.3218,0,6.24
slovenia,g13_00047_16.tif,7061127,32,0.08,8.0,0.1649,0,1.637
slovenia,g13_00047_16.tif,7061128,61,0.1525,15.25,0.3191,0,2.354
slovenia,g13_00049_6.tif,6131300,103,0.2575,25.75,0.7234,1,1.987
slovenia,g13_00049_6.tif,6132744,249,0.6224,62.24,0.1807,0,4.671
slovenia,g13_00049_6.tif,6132745,68,0.17,17.0,0.4809,0,2.127
slovenia,g13_00049_6.tif,6132746,268,0.6699,66.99,0.0395,0,4.391
slovenia,g13_00049_6.tif,6132764,21,0.0525,5.25,0.011,0,0.786
slovenia,g13_00049_6.tif,6132766,19,0.0475,4.75,0.0126,0,1.637
slovenia,g13_00049_6.tif,6132792,8,0.02,2.0,0.0469,0,0.786
slovenia,g13_00049_6.tif,6132795,45,0.1125,11.25,0.2955,0,1.046
slovenia,g13_00049_6.tif,6245104,16,0.04,4.0,0.0428,0,1.046
slovenia,g13_00049_6.tif,6245105,237,0.5924,59.24,0.834,1,5.742
slovenia,g13_00049_6.tif,6245107,273,0.6824,68.24,0.071,0,5.593
slovenia,g13_00049_6.tif,6249978,182,0.4549,45.49,0.6216,1,4.388
slovenia,g13_00049_6.tif,6249979,34,0.085,8.5,0.0,0,1.248
slovenia,g13_00049_6.tif,6249980,157,0.3924,39.24,0.0004,0,5.125
slovenia,g13_00049_6.tif,6249983,60,0.15,15.0,0.0,0,2.912
slovenia,g13_00049_6.tif,6250039,139,0.3475,34.75,0.326,0,3.689
slovenia,g13_00049_6.tif,6250070,73,0.1825,18.25,0.2292,0,2.354
slovenia,g13_00049_6.tif,6250100,15,0.0375,3.75,0.0,0,1.046
slovenia,g13_00049_6.tif,6344224,219,0.5474,54.74,0.7419,1,3.689
slovenia,g13_00049_6.tif,6344227,389,0.9724,97.24,0.4707,0,4.462
slovenia,g13_00049_6.tif,6344229,237,0.5924,59.24,0.2362,0,5.593
slovenia,g13_00049_6.tif,6344234,66,0.165,16.5,0.1142,0,1.046
slovenia,g13_00049_6.tif,6344236,47,0.1175,11.75,0.026,0,1.046
slovenia,g13_00049_6.tif,6344313,32,0.08,8.0,0.5714,1,1.248
slovenia,g13_00049_6.tif,6344359,141,0.3525,35.25,0.1889,0,3.189
slovenia,g13_00049_6.tif,6442944,459,1.1473,114.73,0.7333,1,8.244
slovenia,g13_00049_6.tif,6442945,488,1.2198,121.98,0.8297,1,5.593
slovenia,g13_00049_6.tif,6442946,15,0.0375,3.75,0.0325,0,1.248
slovenia,g13_00049_6.tif,6442959,326,0.8149,81.49,0.2901,0,5.885
slovenia,g13_00049_6.tif,6442967,239,0.5974,59.74,0.6485,1,3.914
slovenia,g13_00049_6.tif,6442980,104,0.26,26.0,0.1148,0,2.08
slovenia,g13_00049_6.tif,6442982,65,0.1625,16.25,0.119,0,1.248
slovenia,g13_00049_6.tif,6442985,61,0.1525,15.25,0.073,0,1.248
slovenia,g13_00049_6.tif,6649709,552,1.3798,137.98,0.79,1,7.996
slovenia,g13_00049_6.tif,6649717,291,0.7274,72.74,0.381,0,3.914
slovenia,g13_00049_6.tif,6751240,22,0.055,5.5,0.0,0,0.786
slovenia,g13_00049_6.tif,6770197,462,1.1548,115.48,0.8057,1,6.984
slovenia,g13_00049_6.tif,6770204,400,0.9999,99.99,0.7756,1,7.904
slovenia,g13_00049_6.tif,6770212,425,1.0624,106.24,0.2975,0,7.168
slovenia,g13_00049_6.tif,6770214,347,0.8674,86.74,0.3967,0,7.072
slovenia,g13_00049_6.tif,6770228,83,0.2075,20.75,0.1355,0,1.248
slovenia,g13_00049_6.tif,6770229,96,0.24,24.0,0.0,0,2.08
slovenia,g13_00049_6.tif,6770282,328,0.8199,81.99,0.7795,1,5.885
slovenia,g13_00049_6.tif,6770298,384,0.9599,95.99,0.2946,0,5.531
slovenia,g13_00049_6.tif,6770299,717,1.7922,179.22,0.516,1,7.072
slovenia,g13_00049_6.tif,6770300,571,1.4273,142.73,0.8564,1,9.516
slovenia,g13_00049_6.tif,6866782,76,0.19,19.0,0.0909,0,2.08
slovenia,g13_00049_6.tif,7016556,293,0.7324,73.24,0.6667,1,7.794
slovenia,g13_00049_6.tif,7016558,33,0.0825,8.25,0.1006,0,2.08
slovenia,g13_00049_7.tif,6092740,307,0.7674,76.74,0.1663,0,4.49
slovenia,g13_00049_7.tif,6110234,76,0.19,19.0,0.4314,0,2.507
slovenia,g13_00049_7.tif,6110236,211,0.5274,52.74,0.6542,1,2.507
slovenia,g13_00049_7.tif,6110343,47,0.1175,11.75,0.0976,0,0.786
slovenia,g13_00049_7.tif,6110348,124,0.31,31.0,0.2136,0,3.189
slovenia,g13_00049_7.tif,6110380,47,0.1175,11.75,0.1656,0,1.987
slovenia,g13_00049_7.tif,6221412,203,0.5074,50.74,0.3896,0,4.391
slovenia,g13_00049_7.tif,6221414,10,0.025,2.5,0.019,0,1.046
slovenia,g13_00049_7.tif,6221416,322,0.8049,80.49,0.1977,0,3.555
slovenia,g13_00049_7.tif,6221418,226,0.5649,56.49,0.3559,0,4.391
slovenia,g13_00049_7.tif,6223332,101,0.2525,25.25,0.2113,0,4.391
slovenia,g13_00049_7.tif,6252455,414,1.0349,103.49,0.8482,1,7.794
slovenia,g13_00049_7.tif,6252459,196,0.4899,48.99,0.2218,0,5.089
slovenia,g13_00049_7.tif,6252461,381,0.9524,95.24,0.0552,0,4.391
slovenia,g13_00049_7.tif,6252523,11,0.0275,2.75,0.0205,0,0.786
slovenia,g13_00049_7.tif,6264627,370,0.9249,92.49,0.0529,0,7.525
slovenia,g13_00049_7.tif,6283035,204,0.5099,50.99,0.1969,0,1.637
slovenia,g13_00049_7.tif,6327981,226,0.5649,56.49,0.6954,1,3.969
slovenia,g13_00049_7.tif,6327992,62,0.155,15.5,0.0101,0,1.987
slovenia,g13_00049_7.tif,6328106,90,0.225,22.5,0.2331,0,1.637
slovenia,g13_00049_7.tif,6341375,194,0.4849,48.49,0.0227,0,3.122
slovenia,g13_00049_7.tif,6341390,305,0.7624,76.24,0.7089,1,6.794
slovenia,g13_00049_7.tif,6344227,35,0.0875,8.75,0.814,1,2.08
slovenia,g13_00049_7.tif,6344359,69,0.1725,17.25,0.662,1,3.689
slovenia,g13_00049_7.tif,6380399,553,1.3823,138.23,0.8555,1,8.037
slovenia,g13_00049_7.tif,6380403,220,0.5499,54.99,0.6897,1,4.388
slovenia,g13_00049_7.tif,6380405,261,0.6524,65.24,0.0424,0,6.984
slovenia,g13_00049_7.tif,6380406,246,0.6149,61.49,0.5027,1,6.434
slovenia,g13_00049_7.tif,6380407,122,0.305,30.5,0.6138,1,4.388
slovenia,g13_00049_7.tif,6380409,116,0.29,29.0,0.0554,0,1.046
slovenia,g13_00049_7.tif,6380411,46,0.115,11.5,0.0075,0,2.08
slovenia,g13_00049_7.tif,6398751,144,0.3599,35.99,0.8333,1,4.576
slovenia,g13_00049_7.tif,6437936,92,0.23,23.0,0.0,0,3.189
slovenia,g13_00049_7.tif,6562856,35,0.0875,8.75,0.0,0,1.987
slovenia,g13_00049_7.tif,6635606,256,0.6399,63.99,0.2836,0,3.189
slovenia,g13_00049_7.tif,6649740,144,0.3599,35.99,0.0234,0,4.388
slovenia,g13_00049_7.tif,6653561,1260,3.1496,314.96,0.8998,1,14.752
slovenia,g13_00049_7.tif,6653566,503,1.2573,125.73,0.8955,1,10.399
slovenia,g13_00049_7.tif,6756601,28,0.07,7.0,0.0,0,1.637
slovenia,g13_00049_7.tif,6756616,76,0.19,19.0,0.159,0,2.912
slovenia,g13_00049_7.tif,6770204,74,0.185,18.5,0.7159,1,2.912
slovenia,g13_00049_7.tif,6770205,473,1.1823,118.23,0.609,1,7.525
slovenia,g13_00049_7.tif,6770206,484,1.2098,120.98,0.5394,1,6.892
slovenia,g13_00049_7.tif,6770222,120,0.3,30.0,0.0097,0,1.987
slovenia,g13_00049_7.tif,6770225,191,0.4774,47.74,0.1694,0,4.671
slovenia,g13_00049_7.tif,6770232,241,0.6024,60.24,0.7603,1,4.576
slovenia,g13_00049_7.tif,6770284,596,1.4898,148.98,0.8211,1,8.354
slovenia,g13_00049_7.tif,6770292,2144,5.3592,535.92,0.3866,0,12.896
slovenia,g13_00049_7.tif,6774587,348,0.8699,86.99,0.3805,0,4.391
slovenia,g13_00049_7.tif,6774588,263,0.6574,65.74,0.7003,1,5.941
slovenia,g13_00049_7.tif,6774592,125,0.3125,31.25,0.2331,0,1.987
slovenia,g13_00049_7.tif,6774593,129,0.3225,32.25,0.4646,0,4.391
slovenia,g13_00049_7.tif,6774598,83,0.2075,20.75,0.0896,0,3.049
slovenia,g13_00049_7.tif,6805398,642,1.6048,160.48,0.8536,1,8.244
slovenia,g13_00049_7.tif,6823606,391,0.9774,97.74,0.3848,0,7.794
slovenia,g13_00049_7.tif,6829264,377,0.9424,94.24,0.8718,1,8.244
slovenia,g13_00049_7.tif,6860112,508,1.2698,126.98,0.5071,1,5.593
slovenia,g13_00049_7.tif,6860115,58,0.145,14.5,0.0037,0,3.189
slovenia,g13_00049_7.tif,6862588,18,0.045,4.5,0.0551,0,1.637
slovenia,g13_00049_7.tif,6887688,433,1.0823,108.23,0.4277,0,8.159
slovenia,g13_00049_7.tif,6894186,201,0.5024,50.24,0.6964,1,3.914
slovenia,g13_00049_7.tif,7000878,419,1.0474,104.74,0.067,0,6.453
slovenia,g13_00049_7.tif,7034472,64,0.16,16.0,0.9062,1,3.189
slovenia,g13_00049_8.tif,6098023,153,0.3824,38.24,0.2635,0,3.049
slovenia,g13_00049_8.tif,6110175,374,0.9349,93.49,0.5841,1,6.794
slovenia,g13_00049_8.tif,6110177,247,0.6174,61.74,0.7203,1,4.388
slovenia,g13_00049_8.tif,6110179,53,0.1325,13.25,0.1667,0,1.248
slovenia,g13_00049_8.tif,6120224,788,1.9697,196.97,0.6359,1,12.185
slovenia,g13_00049_8.tif,6120228,286,0.7149,71.49,0.8864,1,7.904
slovenia,g13_00049_8.tif,6176673,162,0.4049,40.49,0.7134,1,4.388
slovenia,g13_00049_8.tif,6184806,363,0.9074,90.74,0.5944,1,7.449
slovenia,g13_00049_8.tif,6184827,174,0.4349,43.49,0.2797,0,5.0
slovenia,g13_00049_8.tif,6214880,202,0.5049,50.49,0.3514,0,3.744
slovenia,g13_00049_8.tif,6214903,8,0.02,2.0,0.0,0,1.046
slovenia,g13_00049_8.tif,6223341,166,0.4149,41.49,0.2632,0,3.689
slovenia,g13_00049_8.tif,6232032,478,1.1948,119.48,0.4183,0,5.125
slovenia,g13_00049_8.tif,6252463,283,0.7074,70.74,0.2784,0,5.593
slovenia,g13_00049_8.tif,6252465,160,0.3999,39.99,0.1815,0,2.354
slovenia,g13_00049_8.tif,6253354,295,0.7374,73.74,0.9379,1,6.348
slovenia,g13_00049_8.tif,6264621,235,0.5874,58.74,0.494,0,5.742
slovenia,g13_00049_8.tif,6264622,266,0.6649,66.49,0.375,0,5.0
slovenia,g13_00049_8.tif,6283032,951,2.3772,237.72,0.5122,1,9.568
slovenia,g13_00049_8.tif,6283036,270,0.6749,67.49,0.5491,1,4.719
slovenia,g13_00049_8.tif,6338362,251,0.6274,62.74,0.5726,1,6.794
slovenia,g13_00049_8.tif,6339203,676,1.6898,168.98,0.6643,1,10.985
slovenia,g13_00049_8.tif,6341388,171,0.4274,42.74,0.2766,0,2.507
slovenia,g13_00049_8.tif,6341390,133,0.3325,33.25,0.7368,1,5.089
slovenia,g13_00049_8.tif,6345597,4,0.01,1.0,0.0248,0,0.416
slovenia,g13_00049_8.tif,6345598,146,0.3649,36.49,0.7056,1,4.388
slovenia,g13_00049_8.tif,6355204,231,0.5774,57.74,0.6744,1,6.434
slovenia,g13_00049_8.tif,6374858,231,0.5774,57.74,0.199,0,2.912
slovenia,g13_00049_8.tif,6380397,361,0.9024,90.24,0.21,0,4.388
slovenia,g13_00049_8.tif,6380401,358,0.8949,89.49,0.5257,1,5.0
slovenia,g13_00049_8.tif,6381093,824,2.0597,205.97,0.8096,1,12.858
slovenia,g13_00049_8.tif,6397236,280,0.6999,69.99,0.2367,0,3.122
slovenia,g13_00049_8.tif,6398006,149,0.3724,37.24,0.3791,0,4.719
slovenia,g13_00049_8.tif,6398751,34,0.085,8.5,0.13,0,1.248
slovenia,g13_00049_8.tif,6398754,185,0.4624,46.24,0.185,0,3.049
slovenia,g13_00049_8.tif,6412989,157,0.3924,39.24,0.5367,1,2.08
slovenia,g13_00049_8.tif,6418525,10,0.025,2.5,0.0195,0,0.786
slovenia,g13_00049_8.tif,6418526,166,0.4149,41.49,0.323,0,4.391
slovenia,g13_00049_8.tif,6418528,15,0.0375,3.75,0.0212,0,1.046
slovenia,g13_00049_8.tif,6418673,79,0.1975,19.75,0.1515,0,1.987
slovenia,g13_00049_8.tif,6418685,15,0.0375,3.75,0.0292,0,0.786
slovenia,g13_00049_8.tif,6430631,484,1.2098,120.98,0.3625,0,3.744
slovenia,g13_00049_8.tif,6455753,223,0.5574,55.74,0.55,1,3.049
slovenia,g13_00049_8.tif,6494093,165,0.4124,41.24,0.7416,1,3.914
slovenia,g13_00049_8.tif,6494119,70,0.175,17.5,0.2735,0,2.08
slovenia,g13_00049_8.tif,6494186,7,0.0175,1.75,0.0352,0,0.416
slovenia,g13_00049_8.tif,6592376,215,0.5374,53.74,0.3668,0,5.593
slovenia,g13_00049_8.tif,6613319,790,1.9747,197.47,0.6349,1,12.597
slovenia,g13_00049_8.tif,6615615,489,1.2223,122.23,0.8085,1,6.434
slovenia,g13_00049_8.tif,6615616,463,1.1573,115.73,0.5289,1,9.047
slovenia,g13_00049_8.tif,6670159,38,0.095,9.5,0.8095,1,2.127
slovenia,g13_00049_8.tif,6670162,166,0.4149,41.49,0.4323,0,3.689
slovenia,g13_00049_8.tif,6670180,289,0.7224,72.24,0.3973,0,5.742
slovenia,g13_00049_8.tif,6670519,36,0.09,9.0,0.11,0,1.046
slovenia,g13_00049_8.tif,6670537,91,0.2275,22.75,0.3064,0,2.507
slovenia,g13_00049_8.tif,6689559,457,1.1423,114.23,0.9072,1,7.794
slovenia,g13_00049_8.tif,6710357,411,1.0274,102.74,0.4374,0,3.122
slovenia,g13_00049_8.tif,6710358,43,0.1075,10.75,0.6719,1,2.08
slovenia,g13_00049_8.tif,6710363,339,0.8474,84.74,0.2303,0,5.408
slovenia,g13_00049_8.tif,6710364,207,0.5174,51.74,0.3684,0,4.391
slovenia,g13_00049_8.tif,6713642,593,1.4823,148.23,0.0622,0,6.24
slovenia,g13_00049_8.tif,6751246,1485,3.712,371.2,0.792,1,17.677
slovenia,g13_00049_8.tif,6770213,392,0.9799,97.99,0.4816,0,5.65
slovenia,g13_00049_8.tif,6770233,529,1.3223,132.23,0.7253,1,6.348
slovenia,g13_00049_8.tif,6770292,3130,7.8239,782.39,0.3955,0,18.799
slovenia,g13_00049_8.tif,6805403,295,0.7374,73.74,0.2982,0,2.08
slovenia,g13_00049_8.tif,6823598,747,1.8672,186.72,0.5186,1,4.576
slovenia,g13_00049_8.tif,6823613,342,0.8549,85.49,0.8488,1,5.742
slovenia,g13_00049_8.tif,6823614,152,0.3799,37.99,0.0589,0,1.637
slovenia,g13_00049_8.tif,6841824,98,0.245,24.5,0.2462,0,3.744
slovenia,g13_00049_8.tif,6841834,118,0.295,29.5,0.3003,0,3.189
slovenia,g13_00049_8.tif,6841843,244,0.6099,60.99,0.8345,1,5.408
slovenia,g13_00049_8.tif,6860114,202,0.5049,50.49,0.0344,0,3.122
slovenia,g13_00049_8.tif,6894168,420,1.0499,104.99,0.8062,1,6.348
slovenia,g13_00049_8.tif,6894186,50,0.125,12.5,0.1596,0,2.08
slovenia,g13_00049_8.tif,6897698,294,0.7349,73.49,0.8309,1,4.576
slovenia,g13_00049_8.tif,6897700,254,0.6349,63.49,0.6627,1,3.555
slovenia,g13_00049_8.tif,6897721,309,0.7724,77.24,0.57,1,6.514
slovenia,g13_00049_8.tif,6899693,402,1.0049,100.49,0.3369,0,5.885
slovenia,g13_00049_8.tif,6906333,1096,2.7396,273.96,0.9612,1,15.393
slovenia,g13_00049_8.tif,6906421,362,0.9049,90.49,0.5326,1,6.661
slovenia,g13_00049_8.tif,6906422,273,0.6824,68.24,0.7819,1,4.576
slovenia,g13_00049_8.tif,6997569,392,0.9799,97.99,0.6707,1,7.449
slovenia,g13_00049_8.tif,6997572,373,0.9324,93.24,0.7438,1,8.853
slovenia,g13_00049_8.tif,6997575,70,0.175,17.5,0.1107,0,3.744
slovenia,g13_00049_8.tif,6997584,142,0.3549,35.49,0.0392,0,3.049
slovenia,g13_00049_8.tif,7000868,167,0.4174,41.74,0.2846,0,3.744
slovenia,g13_00050_7.tif,6128080,179,0.4475,44.75,0.7477,1,5.592
slovenia,g13_00050_7.tif,6128102,280,0.7001,70.01,0.3712,0,6.435
slovenia,g13_00050_7.tif,6396835,72,0.18,18.0,0.0702,0,2.127
slovenia,g13_00050_7.tif,6460493,189,0.4726,47.26,0.8153,1,5.743
slovenia,g13_00050_7.tif,6467981,221,0.5526,55.26,0.0516,0,4.671
slovenia,g13_00050_7.tif,6467982,11,0.0275,2.75,0.0037,0,1.046
slovenia,g13_00050_7.tif,6467985,12,0.03,3.0,0.0024,0,1.248
slovenia,g13_00050_7.tif,6467986,423,1.0576,105.76,0.0913,0,4.577
slovenia,g13_00050_7.tif,6484282,24,0.06,6.0,0.0047,0,1.248
slovenia,g13_00050_7.tif,6484421,973,2.4328,243.28,0.9086,1,9.758
slovenia,g13_00050_7.tif,6484482,468,1.1701,117.01,0.3498,0,5.592
slovenia,g13_00050_7.tif,6484509,114,0.285,28.5,0.087,0,1.987
slovenia,g13_00050_7.tif,6498496,854,2.1352,213.52,0.394,0,11.78
slovenia,g13_00050_7.tif,6534390,148,0.37,37.0,0.1337,0,3.284
slovenia,g13_00050_7.tif,6534401,318,0.7951,79.51,0.686,1,8.246
slovenia,g13_00050_7.tif,6534402,354,0.8851,88.51,0.1655,0,4.389
slovenia,g13_00050_7.tif,6591771,94,0.235,23.5,0.1446,0,3.555
slovenia,g13_00050_7.tif,6591772,24,0.06,6.0,0.0522,0,1.046
slovenia,g13_00050_7.tif,6597015,25,0.0625,6.25,0.0079,0,1.637
slovenia,g13_00050_7.tif,6619656,836,2.0902,209.02,0.3962,0,9.186
slovenia,g13_00050_7.tif,6629370,75,0.1875,18.75,0.2118,0,2.913
slovenia,g13_00050_7.tif,6629371,35,0.0875,8.75,0.2025,0,2.081
slovenia,g13_00050_7.tif,6678677,452,1.1301,113.01,0.8489,1,9.049
slovenia,g13_00050_7.tif,6692523,115,0.2875,28.75,0.2162,0,4.491
slovenia,g13_00050_7.tif,6758748,102,0.255,25.5,0.3074,0,4.491
slovenia,g13_00050_7.tif,6854676,5062,12.6564,1265.64,0.244,0,21.812
slovenia,g13_00050_7.tif,6854677,210,0.5251,52.51,0.4224,0,6.242
slovenia,g13_00050_7.tif,6854684,4435,11.0887,1108.87,0.2544,0,20.013
slovenia,g13_00050_7.tif,6854704,847,2.1177,211.77,0.3879,0,11.902
slovenia,g13_00050_7.tif,6854705,328,0.8201,82.01,0.7424,1,7.074
slovenia,g13_00050_7.tif,7078241,546,1.3651,136.51,0.8339,1,9.186
slovenia,g13_00050_7.tif,7079352,524,1.3101,131.01,0.7308,1,8.354
slovenia,g13_00050_8.tif,6123472,87,0.2175,21.75,0.0565,0,2.355
slovenia,g13_00050_8.tif,6194605,87,0.2175,21.75,0.3636,0,1.987
slovenia,g13_00050_8.tif,6519254,52,0.13,13.0,0.0277,0,2.081
slovenia,g13_00050_8.tif,6549572,269,0.6726,67.26,0.1632,0,6.435
slovenia,g13_00050_8.tif,6854676,977,2.4428,244.28,0.4237,0,13.286
slovenia,g13_00050_8.tif,6854677,151,0.3775,37.75,0.2811,0,4.462
slovenia,g13_00050_8.tif,6854684,954,2.3853,238.53,0.8119,1,10.667
slovenia,g13_00050_8.tif,6854688,5124,12.8114,1281.14,0.3422,0,16.401
slovenia,g13_00050_8.tif,6854692,1619,4.0479,404.79,0.7375,1,10.988
slovenia,g13_00050_8.tif,6854695,3594,8.986,898.6,0.6227,1,18.741
slovenia,g13_00050_8.tif,6854703,879,2.1977,219.77,0.796,1,13.754
slovenia,g13_00050_8.tif,6854705,467,1.1676,116.76,0.8992,1,7.074
slovenia,g13_00050_8.tif,6854706,370,0.9251,92.51,0.3838,0,6.893
slovenia,g13_00050_8.tif,6854707,325,0.8126,81.26,0.7807,1,7.45
slovenia,g13_00050_8.tif,6854708,200,0.5001,50.01,0.6091,1,4.391
slovenia,g13_00050_8.tif,7017161,12,0.03,3.0,0.016,0,1.046
slovenia,g13_00050_9.tif,6083760,389,0.9726,97.26,0.0529,0,1.987
slovenia,g13_00050_9.tif,6084863,66,0.165,16.5,0.5208,1,1.987
slovenia,g13_00050_9.tif,6084865,95,0.2375,23.75,0.7009,1,2.913
slovenia,g13_00050_9.tif,6127129,25,0.0625,6.25,0.1351,0,1.987
slovenia,g13_00050_9.tif,6184396,375,0.9376,93.76,0.0504,0,1.987
slovenia,g13_00050_9.tif,6249710,116,0.29,29.0,0.0344,0,1.987
slovenia,g13_00050_9.tif,6255363,313,0.7826,78.26,0.0425,0,1.987
slovenia,g13_00050_9.tif,6267715,31,0.0775,7.75,0.0581,0,2.355
slovenia,g13_00050_9.tif,6267718,108,0.27,27.0,0.1907,0,2.127
slovenia,g13_00050_9.tif,6276533,20,0.05,5.0,0.03,0,1.046
slovenia,g13_00050_9.tif,6306413,408,1.0201,102.01,0.0559,0,2.127
slovenia,g13_00050_9.tif,6327072,409,1.0226,102.26,0.6649,1,9.049
slovenia,g13_00050_9.tif,6327075,396,0.9901,99.01,0.0541,0,1.987
slovenia,g13_00050_9.tif,6346067,162,0.405,40.5,0.375,0,3.915
slovenia,g13_00050_9.tif,6349551,289,0.7226,72.26,0.2104,0,4.391
slovenia,g13_00050_9.tif,6349659,354,0.8851,88.51,0.2589,0,3.189
slovenia,g13_00050_9.tif,6371584,567,1.4177,141.77,0.0771,0,3.189
slovenia,g13_00050_9.tif,6371585,435,1.0876,108.76,0.3277,0,4.391
slovenia,g13_00050_9.tif,6371595,345,0.8626,86.26,0.5308,1,6.242
slovenia,g13_00050_9.tif,6375906,56,0.14,14.0,0.007,0,2.355
slovenia,g13_00050_9.tif,6418055,541,1.3526,135.26,0.0437,0,3.969
slovenia,g13_00050_9.tif,6418056,471,1.1776,117.76,0.0643,0,3.189
slovenia,g13_00050_9.tif,6418062,507,1.2676,126.76,0.0691,0,3.189
slovenia,g13_00050_9.tif,6452170,62,0.155,15.5,0.6494,1,2.913
slovenia,g13_00050_9.tif,6452354,24,0.06,6.0,0.0447,0,1.987
slovenia,g13_00050_9.tif,6524874,270,0.6751,67.51,0.037,0,1.637
slovenia,g13_00050_9.tif,6542721,17,0.0425,4.25,0.0682,0,1.637
slovenia,g13_00050_9.tif,6542723,75,0.1875,18.75,0.0049,0,3.745
slovenia,g13_00050_9.tif,6549571,366,0.9151,91.51,0.6982,1,5.592
slovenia,g13_00050_9.tif,6549576,235,0.5876,58.76,0.5194,1,6.984
slovenia,g13_00050_9.tif,6550113,1010,2.5253,252.53,0.9081,1,11.235
slovenia,g13_00050_9.tif,6550140,413,1.0326,103.26,0.7206,1,9.516
slovenia,g13_00050_9.tif,6733249,112,0.28,28.0,0.5159,1,3.69
slovenia,g13_00050_9.tif,6777712,102,0.255,25.5,0.0358,0,3.745
slovenia,g13_00050_9.tif,6788105,297,0.7426,74.26,0.8436,1,6.453
slovenia,g13_00050_9.tif,6803791,465,1.1626,116.26,0.3955,0,9.049
slovenia,g13_00050_9.tif,6815062,350,0.8751,87.51,0.048,0,1.987
slovenia,g13_00050_9.tif,6821052,367,0.9176,91.76,0.0492,0,1.987
slovenia,g13_00050_9.tif,6836771,381,0.9526,95.26,0.0522,0,1.987
slovenia,g13_00050_9.tif,6880796,349,0.8726,87.26,0.0473,0,1.987
slovenia,g13_00050_9.tif,6880901,820,2.0502,205.02,0.0643,0,6.984
slovenia,g13_00050_9.tif,6880906,707,1.7677,176.77,0.842,1,10.417
slovenia,g13_00050_9.tif,6913253,485,1.2126,121.26,0.066,0,1.987
slovenia,g13_00050_9.tif,6969957,88,0.22,22.0,0.0085,0,1.637
slovenia,g13_00050_9.tif,6974298,27,0.0675,6.75,0.2576,0,1.248
slovenia,g13_00050_9.tif,6974300,20,0.05,5.0,0.0556,0,1.248
slovenia,g13_00050_9.tif,6974305,133,0.3325,33.25,0.0552,0,3.049
slovenia,g13_00050_9.tif,6974307,458,1.1451,114.51,0.0626,0,1.987
slovenia,g13_00050_9.tif,6974345,481,1.2026,120.26,0.7135,1,5.592
slovenia,g13_00050_9.tif,7016232,1775,4.438,443.8,0.5949,1,16.408
slovenia,g13_00050_9.tif,7047109,628,1.5702,157.02,0.5396,1,10.403
slovenia,g13_00051_18.tif,6182094,1555,3.8879,388.79,0.4499,0,10.825
slovenia,g13_00051_18.tif,6182096,648,1.6202,162.02,0.182,0,8.354
slovenia,g13_00051_18.tif,6182097,85,0.2125,21.25,0.0157,0,2.127
slovenia,g13_00051_18.tif,6196446,244,0.6101,61.01,0.0711,0,6.453
slovenia,g13_00051_18.tif,6230967,233,0.5826,58.26,0.1016,0,6.453
slovenia,g13_00051_18.tif,6230968,118,0.295,29.5,0.7622,1,3.69
slovenia,g13_00051_18.tif,6230978,205,0.5126,51.26,0.0543,0,3.69
slovenia,g13_00051_18.tif,6339205,426,1.0651,106.51,0.1263,0,7.896
slovenia,g13_00051_18.tif,6380410,70,0.175,17.5,0.0145,0,2.081
slovenia,g13_00051_18.tif,6381099,285,0.7126,71.26,0.4207,0,6.453
slovenia,g13_00051_18.tif,6392095,525,1.3126,131.26,0.7676,1,7.996
slovenia,g13_00051_18.tif,6392096,131,0.3275,32.75,0.0,0,3.69
slovenia,g13_00051_18.tif,6435532,152,0.38,38.0,0.0545,0,2.507
slovenia,g13_00051_18.tif,6435607,154,0.385,38.5,0.303,0,3.555
slovenia,g13_00051_18.tif,6442942,246,0.6151,61.51,0.0732,0,3.189
slovenia,g13_00051_18.tif,6442949,440,1.1001,110.01,0.7522,1,7.996
slovenia,g13_00051_18.tif,6442971,201,0.5026,50.26,0.0601,0,5.431
slovenia,g13_00051_18.tif,6580294,43,0.1075,10.75,0.003,0,1.248
slovenia,g13_00051_18.tif,6740436,983,2.4578,245.78,0.7112,1,11.235
slovenia,g13_00051_18.tif,6770197,637,1.5927,159.27,0.5062,1,7.996
slovenia,g13_00051_18.tif,6770198,835,2.0877,208.77,0.359,0,12.9
slovenia,g13_00051_18.tif,6770207,336,0.8401,84.01,0.1648,0,7.906
slovenia,g13_00051_18.tif,6770211,439,1.0976,109.76,0.7454,1,5.743
slovenia,g13_00051_18.tif,6770219,12,0.03,3.0,0.0058,0,1.046
slovenia,g13_00051_18.tif,6770226,102,0.255,25.5,0.748,1,4.389
slovenia,g13_00051_18.tif,6774586,294,0.7351,73.51,0.8373,1,6.435
slovenia,g13_00051_18.tif,6774595,129,0.3225,32.25,0.3994,0,5.126
slovenia,g13_00051_18.tif,7000827,1006,2.5153,251.53,0.2867,0,13.379
slovenia,g13_00051_18.tif,7000892,114,0.285,28.5,0.3514,0,3.745
slovenia,g13_00051_18.tif,7016546,181,0.4525,45.25,0.05,0,4.462
slovenia,g13_00051_18.tif,7016549,19,0.0475,4.75,0.0057,0,0.786
slovenia,g13_00051_18.tif,7016556,36,0.09,9.0,0.0,0,1.987
slovenia,g13_00051_18.tif,7041632,265,0.6626,66.26,0.1869,0,6.893
slovenia,g13_00051_18.tif,7049823,466,1.1651,116.51,0.3615,0,6.515
slovenia,g13_00051_18.tif,7049826,442,1.1051,110.51,0.3915,0,6.435
slovenia,g13_00051_18.tif,7052350,139,0.3475,34.75,0.0397,0,4.391
slovenia,g13_00051_18.tif,7052415,60,0.15,15.0,0.0179,0,1.987
slovenia,g13_00052_0.tif,6087986,23,0.0575,5.75,0.0028,0,1.248
slovenia,g13_00052_0.tif,6182091,995,2.4878,248.78,0.0795,0,8.484
slovenia,g13_00052_0.tif,6182098,1495,3.7379,373.79,0.0148,0,9.198
slovenia,g13_00052_0.tif,6190797,14,0.035,3.5,0.0149,0,0.416
slovenia,g13_00052_0.tif,6190799,118,0.295,29.5,0.4307,0,3.969
slovenia,g13_00052_0.tif,6190800,19,0.0475,4.75,0.2436,0,1.248
slovenia,g13_00052_0.tif,6190801,803,2.0077,200.77,0.724,1,7.953
slovenia,g13_00052_0.tif,6190803,291,0.7276,72.76,0.2579,0,5.09
slovenia,g13_00052_0.tif,6217734,859,2.1477,214.77,0.1468,0,11.771
slovenia,g13_00052_0.tif,6226250,109,0.2725,27.25,0.0062,0,3.969
slovenia,g13_00052_0.tif,6296607,354,0.8851,88.51,0.0594,0,6.349
slovenia,g13_00052_0.tif,6327992,15,0.0375,3.75,0.0108,0,1.248
slovenia,g13_00052_0.tif,6341375,81,0.2025,20.25,0.0583,0,2.355
slovenia,g13_00052_0.tif,6380403,88,0.22,22.0,0.0633,0,3.969
slovenia,g13_00052_0.tif,6649705,622,1.5552,155.52,0.7476,1,10.667
slovenia,g13_00052_0.tif,6649736,200,0.5001,50.01,0.1439,0,4.389
slovenia,g13_00052_0.tif,6649740,65,0.1625,16.25,0.0468,0,2.913
slovenia,g13_00052_0.tif,6740436,243,0.6076,60.76,0.727,1,3.69
slovenia,g13_00052_0.tif,6770195,1211,3.0278,302.78,0.1966,0,12.859
slovenia,g13_00052_0.tif,6770222,164,0.41,41.0,0.6269,1,1.987
slovenia,g13_00052_0.tif,6770238,704,1.7602,176.02,0.5926,1,12.016
slovenia,g13_00052_0.tif,6770239,577,1.4427,144.27,0.8523,1,9.186
slovenia,g13_00052_0.tif,6774587,35,0.0875,8.75,0.1351,0,1.987
slovenia,g13_00052_0.tif,6774589,211,0.5276,52.76,0.2066,0,4.391
slovenia,g13_00052_0.tif,6774591,226,0.5651,56.51,0.5929,1,3.284
slovenia,g13_00052_0.tif,6803761,287,0.7176,71.76,0.2792,0,4.491
slovenia,g13_00052_0.tif,6829264,211,0.5276,52.76,0.1518,0,5.09
slovenia,g13_00052_0.tif,6860113,261,0.6526,65.26,0.4944,0,4.389
slovenia,g13_00052_0.tif,6873366,302,0.7551,75.51,0.0,0,5.743
slovenia,g13_00052_0.tif,7000847,417,1.0426,104.26,0.0702,0,9.366
slovenia,g13_00052_0.tif,7000892,157,0.3925,39.25,0.5455,1,4.671
slovenia,g13_00052_0.tif,7034472,767,1.9177,191.77,0.3943,0,9.186
slovenia,g13_00052_0.tif,7038771,607,1.5177,151.77,0.0,0,5.819
slovenia,g13_00052_0.tif,7038772,1428,3.5704,357.04,0.0014,0,11.771
slovenia,g13_00052_0.tif,7038773,814,2.0352,203.52,0.4027,0,6.842
slovenia,g13_00052_0.tif,7038774,393,0.9826,98.26,0.0001,0,6.349
slovenia,g13_00052_0.tif,7038775,200,0.5001,50.01,0.0408,0,4.491
slovenia,g13_00052_0.tif,7038776,55,0.1375,13.75,0.0,0,1.637
slovenia,g13_00052_1.tif,6190469,18,0.045,4.5,0.0374,0,1.248
slovenia,g13_00052_1.tif,6190470,998,2.4953,249.53,0.0676,0,7.074
slovenia,g13_00052_1.tif,6190471,242,0.6051,60.51,0.7429,1,5.592
slovenia,g13_00052_1.tif,6190474,1044,2.6103,261.03,0.3729,0,11.172
slovenia,g13_00052_1.tif,6190475,193,0.4826,48.26,0.0985,0,4.389
slovenia,g13_00052_1.tif,6190796,1897,4.743,474.3,0.7544,1,13.231
slovenia,g13_00052_1.tif,6190797,960,2.4003,240.03,0.3458,0,7.796
slovenia,g13_00052_1.tif,6190799,802,2.0052,200.52,0.1226,0,6.662
slovenia,g13_00052_1.tif,6190800,249,0.6226,62.26,0.1848,0,3.969
slovenia,g13_00052_1.tif,6190801,69,0.1725,17.25,0.5943,1,2.913
slovenia,g13_00052_1.tif,6190803,41,0.1025,10.25,0.0138,0,2.507
slovenia,g13_00052_1.tif,6194785,394,0.9851,98.51,0.7146,1,8.739
slovenia,g13_00052_1.tif,6196445,1917,4.793,479.3,0.6231,1,10.847
slovenia,g13_00052_1.tif,6264619,13,0.0325,3.25,0.0067,0,1.248
slovenia,g13_00052_1.tif,6264621,289,0.7226,72.26,0.1485,0,7.909
slovenia,g13_00052_1.tif,6296608,18,0.045,4.5,0.0588,0,1.248
slovenia,g13_00052_1.tif,6414261,74,0.185,18.5,0.0155,0,3.123
slovenia,g13_00052_1.tif,6418525,24,0.06,6.0,0.0123,0,1.987
slovenia,g13_00052_1.tif,6418526,16,0.04,4.0,0.0082,0,1.046
slovenia,g13_00052_1.tif,6897617,232,0.5801,58.01,0.1741,0,4.72
slovenia,g13_00052_1.tif,6897709,269,0.6726,67.26,0.3065,0,4.391
slovenia,g13_00052_1.tif,6997566,746,1.8652,186.52,0.2302,0,9.816
slovenia,g13_00052_1.tif,7038773,38,0.095,9.5,0.0142,0,1.987
slovenia,g13_00053_0.tif,6971221,400,1.0004,100.04,0.757,1,6.436
slovenia,g13_00053_0.tif,6980488,243,0.6077,60.77,0.7095,1,5.411
slovenia,g13_00053_0.tif,7047120,14,0.035,3.5,0.0054,0,1.249
slovenia,g13_00053_1.tif,6160273,7,0.0175,1.75,0.0065,0,1.046
slovenia,g13_00053_1.tif,6165943,51,0.1275,12.75,0.0476,0,1.987
slovenia,g13_00053_1.tif,6421433,286,0.7153,71.53,0.5353,1,5.592
slovenia,g13_00053_1.tif,6421438,6,0.015,1.5,0.0056,0,0.416
slovenia,g13_00053_1.tif,6421450,95,0.2376,23.76,0.0886,0,3.05
slovenia,g13_00053_1.tif,6421451,67,0.1676,16.76,0.0029,0,2.914
slovenia,g13_00053_1.tif,6421553,530,1.3255,132.55,0.3716,0,5.592
slovenia,g13_00053_1.tif,6615155,6,0.015,1.5,0.0001,0,1.046
slovenia,g13_00053_1.tif,6615156,300,0.7503,75.03,0.015,0,5.819
slovenia,g13_00053_1.tif,6971221,244,0.6102,61.02,0.8023,1,6.243
slovenia,g13_00053_1.tif,6993334,561,1.403,140.3,0.7362,1,10.399
slovenia,g13_00053_2.tif,6132336,193,0.4827,48.27,0.7339,1,2.914
slovenia,g13_00053_2.tif,6132337,416,1.0404,104.04,0.0215,0,5.001
slovenia,g13_00053_2.tif,6140907,381,0.9528,95.28,0.4067,0,7.076
slovenia,g13_00053_2.tif,6149368,186,0.4652,46.52,0.0939,0,2.127
slovenia,g13_00053_2.tif,6149370,11,0.0275,2.75,0.0006,0,1.046
slovenia,g13_00053_2.tif,6149372,26,0.065,6.5,0.0014,0,1.637
slovenia,g13_00053_2.tif,6160265,293,0.7328,73.28,0.7952,1,3.69
slovenia,g13_00053_2.tif,6160277,244,0.6102,61.02,0.5878,1,6.984
slovenia,g13_00053_2.tif,6160281,118,0.2951,29.51,0.6374,1,2.914
slovenia,g13_00053_2.tif,6160291,263,0.6577,65.77,0.4872,0,4.462
slovenia,g13_00053_2.tif,6187098,121,0.3026,30.26,0.0064,0,2.127
slovenia,g13_00053_2.tif,6187099,141,0.3526,35.26,0.0775,0,1.637
slovenia,g13_00053_2.tif,6187100,140,0.3501,35.01,0.0943,0,2.127
slovenia,g13_00053_2.tif,6187104,46,0.115,11.5,0.0024,0,1.046
slovenia,g13_00053_2.tif,6194610,186,0.4652,46.52,0.1203,0,2.127
slovenia,g13_00053_2.tif,6211547,269,0.6727,67.27,0.7333,1,5.819
slovenia,g13_00053_2.tif,6211551,75,0.1876,18.76,0.0039,0,2.508
slovenia,g13_00053_2.tif,6211553,159,0.3976,39.76,0.0084,0,2.127
slovenia,g13_00053_2.tif,6276533,589,1.473,147.3,0.7707,1,9.425
slovenia,g13_00053_2.tif,6281545,152,0.3801,38.01,0.1924,0,3.916
slovenia,g13_00053_2.tif,6290650,131,0.3276,32.76,0.3607,0,3.189
slovenia,g13_00053_2.tif,6290654,223,0.5577,55.77,0.1633,0,3.284
slovenia,g13_00053_2.tif,6300983,7,0.0175,1.75,0.0089,0,1.046
slovenia,g13_00053_2.tif,6306408,419,1.0479,104.79,0.7991,1,6.794
slovenia,g13_00053_2.tif,6319440,113,0.2826,28.26,0.2458,0,3.189
slovenia,g13_00053_2.tif,6319490,151,0.3776,37.76,0.337,0,3.969
slovenia,g13_00053_2.tif,6320537,369,0.9228,92.28,0.6016,1,8.359
slovenia,g13_00053_2.tif,6320538,166,0.4151,41.51,0.0054,0,2.508
slovenia,g13_00053_2.tif,6340045,309,0.7728,77.28,0.3739,0,3.916
slovenia,g13_00053_2.tif,6340053,211,0.5277,52.77,0.1389,0,3.555
slovenia,g13_00053_2.tif,6350851,160,0.4001,40.01,0.0899,0,3.124
slovenia,g13_00053_2.tif,6350859,760,1.9007,190.07,0.5677,1,7.526
slovenia,g13_00053_2.tif,6350862,622,1.5556,155.56,0.8301,1,9.858
slovenia,g13_00053_2.tif,6350868,149,0.3726,37.26,0.0075,0,3.746
slovenia,g13_00053_2.tif,6350914,16,0.04,4.0,0.0139,0,1.249
slovenia,g13_00053_2.tif,6371592,222,0.5552,55.52,0.6917,1,5.592
slovenia,g13_00053_2.tif,6371614,279,0.6977,69.77,0.2503,0,4.491
slovenia,g13_00053_2.tif,6371622,279,0.6977,69.77,0.0145,0,6.893
slovenia,g13_00053_2.tif,6410810,405,1.0129,101.29,0.1206,0,5.127
slovenia,g13_00053_2.tif,6413043,258,0.6452,64.52,0.0136,0,3.969
slovenia,g13_00053_2.tif,6413045,253,0.6327,63.27,0.134,0,3.05
slovenia,g13_00053_2.tif,6413048,197,0.4927,49.27,0.0104,0,3.05
slovenia,g13_00053_2.tif,6413049,242,0.6052,60.52,0.1329,0,3.05
slovenia,g13_00053_2.tif,6413051,395,0.9879,98.79,0.2191,0,4.671
slovenia,g13_00053_2.tif,6417241,171,0.4277,42.77,0.1139,0,2.127
slovenia,g13_00053_2.tif,6418200,20,0.05,5.0,0.0011,0,1.046
slovenia,g13_00053_2.tif,6421431,380,0.9503,95.03,0.3321,0,5.592
slovenia,g13_00053_2.tif,6421433,63,0.1576,15.76,0.3353,0,2.914
slovenia,g13_00053_2.tif,6421434,471,1.1779,117.79,0.8479,1,6.091
slovenia,g13_00053_2.tif,6421437,64,0.1601,16.01,0.1542,0,2.081
slovenia,g13_00053_2.tif,6421440,132,0.3301,33.01,0.5,1,2.127
slovenia,g13_00053_2.tif,6421451,8,0.02,2.0,0.0769,0,1.046
slovenia,g13_00053_2.tif,6426493,80,0.2001,20.01,0.0533,0,1.046
slovenia,g13_00053_2.tif,6426517,60,0.1501,15.01,0.041,0,1.046
slovenia,g13_00053_2.tif,6437466,14,0.035,3.5,0.0096,0,1.046
slovenia,g13_00053_2.tif,6437839,76,0.1901,19.01,0.0491,0,1.987
slovenia,g13_00053_2.tif,6464992,64,0.1601,16.01,0.0783,0,1.249
slovenia,g13_00053_2.tif,6465006,54,0.135,13.5,0.1884,0,1.249
slovenia,g13_00053_2.tif,6465105,131,0.3276,32.76,0.0069,0,3.189
slovenia,g13_00053_2.tif,6469706,235,0.5877,58.77,0.0124,0,3.284
slovenia,g13_00053_2.tif,6551690,1571,3.9289,392.89,0.5401,1,10.669
slovenia,g13_00053_2.tif,6614064,482,1.2054,120.54,0.6742,1,7.996
slovenia,g13_00053_2.tif,6614068,328,0.8203,82.03,0.0172,0,7.172
slovenia,g13_00053_2.tif,6615156,45,0.1125,11.25,0.1402,0,2.081
slovenia,g13_00053_2.tif,6654894,190,0.4752,47.52,0.1044,0,2.508
slovenia,g13_00053_2.tif,6678697,41,0.1025,10.25,0.173,0,1.637
slovenia,g13_00053_2.tif,6733237,172,0.4302,43.02,0.009,0,2.127
slovenia,g13_00053_2.tif,6733240,209,0.5227,52.27,0.0858,0,3.189
slovenia,g13_00053_2.tif,6733245,123,0.3076,30.76,0.0539,0,1.637
slovenia,g13_00053_2.tif,6733250,127,0.3176,31.76,0.0846,0,1.987
slovenia,g13_00053_2.tif,6736343,21,0.0525,5.25,0.0144,0,0.416
slovenia,g13_00053_2.tif,6736390,52,0.13,13.0,0.0342,0,1.046
slovenia,g13_00053_2.tif,6741496,127,0.3176,31.76,0.0067,0,2.127
slovenia,g13_00053_2.tif,6755862,288,0.7203,72.03,0.0118,0,3.124
slovenia,g13_00053_2.tif,6755890,453,1.1329,113.29,0.3686,0,5.592
slovenia,g13_00053_2.tif,6780862,21,0.0525,5.25,0.3043,0,1.249
slovenia,g13_00053_2.tif,6788115,311,0.7778,77.78,0.0804,0,4.462
slovenia,g13_00053_2.tif,6788124,28,0.07,7.0,0.0538,0,1.637
slovenia,g13_00053_2.tif,6808345,37,0.0925,9.25,0.002,0,1.046
slovenia,g13_00053_2.tif,6845777,299,0.7478,74.78,0.4852,0,3.916
slovenia,g13_00053_2.tif,6849279,402,1.0054,100.54,0.5436,1,6.453
slovenia,g13_00053_2.tif,6882769,854,2.1358,213.58,0.3048,0,5.534
slovenia,g13_00053_2.tif,6940497,23,0.0575,5.75,0.0012,0,1.987
slovenia,g13_00053_2.tif,6974301,859,2.1483,214.83,0.6937,1,12.071
slovenia,g13_00053_2.tif,6975171,216,0.5402,54.02,0.0108,0,4.391
slovenia,g13_00053_2.tif,6975172,361,0.9028,90.28,0.7778,1,5.887
slovenia,g13_00053_2.tif,6975174,257,0.6427,64.27,0.8036,1,7.452
slovenia,g13_00053_2.tif,6975182,103,0.2576,25.76,0.0054,0,1.987
slovenia,g13_00053_2.tif,6975184,36,0.09,9.0,0.0569,0,1.987
slovenia,g13_00053_2.tif,6975185,218,0.5452,54.52,0.0053,0,3.555
slovenia,g13_00053_2.tif,6993334,81,0.2026,20.26,0.4068,0,2.355
slovenia,g13_00053_2.tif,6998388,85,0.2126,21.26,0.0033,0,2.914
slovenia,g13_00053_2.tif,6998391,45,0.1125,11.25,0.0016,0,1.046
slovenia,g13_00053_2.tif,7005593,93,0.2326,23.26,0.0042,0,4.391
slovenia,g13_00053_2.tif,7011682,427,1.0679,106.79,0.4038,0,5.592
slovenia,g13_00053_2.tif,7011772,465,1.1629,116.29,0.3837,0,6.794
slovenia,g13_00053_2.tif,7012517,58,0.1451,14.51,0.0605,0,2.081
slovenia,g13_00053_2.tif,7022705,17,0.0425,4.25,0.0181,0,1.249
slovenia,g13_00053_2.tif,7047113,241,0.6027,60.27,0.6782,1,6.794
slovenia,g13_00054_11.tif,6103823,30,0.075,7.5,0.0005,0,2.127
slovenia,g13_00054_11.tif,6103824,52,0.13,13.0,0.1365,0,2.355
slovenia,g13_00054_11.tif,6111508,70,0.1751,17.51,0.29,0,3.69
slovenia,g13_00054_11.tif,6427251,41,0.1025,10.25,0.1186,0,2.081
slovenia,g13_00054_11.tif,6441353,32,0.08,8.0,0.0003,0,2.127
slovenia,g13_00054_11.tif,6441354,31,0.0775,7.75,0.0008,0,2.355
slovenia,g13_00054_11.tif,6451937,44,0.11,11.0,0.0,0,1.637
slovenia,g13_00054_11.tif,6608299,99,0.2476,24.76,0.0573,0,2.081
slovenia,g13_00054_11.tif,6608300,18,0.045,4.5,0.1818,0,1.249
slovenia,g13_00054_11.tif,6813501,89,0.2226,22.26,0.4472,0,3.124
slovenia,g13_00054_11.tif,6875007,111,0.2776,27.76,0.0,0,2.914
slovenia,g13_00054_11.tif,7049821,324,0.8103,81.03,0.7554,1,4.671
slovenia,g13_00054_12.tif,6142558,172,0.4302,43.02,0.4024,0,4.391
slovenia,g13_00054_12.tif,6568474,2087,5.2194,521.94,0.8793,1,17.898
slovenia,g13_00054_12.tif,6568478,1019,2.5484,254.84,0.6935,1,7.452
slovenia,g13_00054_12.tif,7049813,2576,6.4423,644.23,0.4536,0,14.529
slovenia,g13_00054_12.tif,7049821,43,0.1075,10.75,0.2774,0,2.081
slovenia,g13_00054_12.tif,7049827,358,0.8953,89.53,0.0655,0,6.516
slovenia,g13_00054_12.tif,7049828,306,0.7653,76.53,0.0457,0,5.411
slovenia,g13_00054_13.tif,6135408,54,0.135,13.5,0.0,0,2.508
slovenia,g13_00054_13.tif,6167515,98,0.2451,24.51,0.0,0,3.916
slovenia,g13_00054_13.tif,6178146,68,0.1701,17.01,0.0,0,2.355
slovenia,g13_00054_13.tif,6178147,78,0.1951,19.51,0.6727,1,1.987
slovenia,g13_00054_13.tif,6190471,451,1.1279,112.79,0.6342,1,8.631
slovenia,g13_00054_13.tif,6194785,959,2.3984,239.84,0.0266,0,9.196
slovenia,g13_00054_13.tif,6194786,625,1.5631,156.31,0.0097,0,5.942
slovenia,g13_00054_13.tif,6196445,22,0.055,5.5,0.0698,0,1.987
slovenia,g13_00054_13.tif,6217500,99,0.2476,24.76,0.0,0,4.391
slovenia,g13_00054_13.tif,6286401,36,0.09,9.0,0.0,0,2.355
slovenia,g13_00054_13.tif,6309889,57,0.1426,14.26,0.0116,0,3.05
slovenia,g13_00054_13.tif,6311352,421,1.0529,105.29,0.493,0,5.887
slovenia,g13_00054_13.tif,6372948,28,0.07,7.0,0.0312,0,1.249
slovenia,g13_00054_13.tif,6375658,27,0.0675,6.75,0.0288,0,2.127
slovenia,g13_00054_13.tif,6403025,57,0.1426,14.26,0.271,0,2.355
slovenia,g13_00054_13.tif,6637341,22,0.055,5.5,0.0516,0,2.127
slovenia,g13_00054_13.tif,6661966,73,0.1826,18.26,0.0,0,2.508
slovenia,g13_00054_13.tif,6661968,12,0.03,3.0,0.0,0,1.249
slovenia,g13_00054_13.tif,6661977,410,1.0254,102.54,0.0,0,6.984
slovenia,g13_00054_13.tif,6661978,218,0.5452,54.52,0.0,0,3.555
slovenia,g13_00054_13.tif,6809526,58,0.1451,14.51,0.0466,0,2.127
slovenia,g13_00054_13.tif,6952881,22,0.055,5.5,0.2113,0,1.637
slovenia,g13_00054_13.tif,6952890,37,0.0925,9.25,0.1416,0,2.127
slovenia,g13_00054_13.tif,6979565,10,0.025,2.5,0.0,0,1.046
slovenia,g13_00054_13.tif,6997566,38,0.095,9.5,0.1236,0,2.081
slovenia,g13_00054_13.tif,7024571,50,0.125,12.5,0.0,0,3.05
slovenia,g6_00003_14.tif,6099948,11,0.0275,2.75,0.0442,0,0.775
slovenia,g6_00003_14.tif,6168187,47,0.1174,11.74,0.1365,0,2.362
slovenia,g6_00003_14.tif,6168188,12,0.03,3.0,0.0508,0,1.039
slovenia,g6_00003_14.tif,6186686,26,0.0649,6.49,0.3333,0,1.638
slovenia,g6_00003_14.tif,6200892,46,0.1149,11.49,0.3909,0,2.497
slovenia,g6_00003_14.tif,6200955,59,0.1474,14.74,0.4821,0,2.497
slovenia,g6_00003_14.tif,6664380,40,0.0999,9.99,0.0172,0,2.362
slovenia,g6_00003_14.tif,6664390,15,0.0375,3.75,0.0065,0,1.039
slovenia,g6_00003_14.tif,6972917,79,0.1973,19.73,0.0322,0,2.362
slovenia,g6_00003_15.tif,6099794,13,0.0325,3.25,0.0276,0,1.039
slovenia,g6_00003_15.tif,6099798,55,0.1374,13.74,0.0183,0,1.638
slovenia,g6_00003_15.tif,6099924,167,0.4171,41.71,0.6648,1,3.136
slovenia,g6_00003_15.tif,6099948,14,0.035,3.5,0.0057,0,0.775
slovenia,g6_00003_15.tif,6168187,7,0.0175,1.75,0.0201,0,0.775
slovenia,g6_00003_15.tif,6186661,259,0.647,64.7,0.8333,1,4.743
slovenia,g6_00003_15.tif,6186676,107,0.2673,26.73,0.2258,0,2.497
slovenia,g6_00003_15.tif,6186686,32,0.0799,7.99,0.0065,0,1.638
slovenia,g6_00003_15.tif,6186907,28,0.0699,6.99,0.011,0,1.969
slovenia,g6_00003_15.tif,6200892,78,0.1948,19.48,0.5571,1,2.497
slovenia,g6_00003_15.tif,6200955,65,0.1624,16.24,0.2975,0,2.497
slovenia,g6_00003_15.tif,6249988,30,0.0749,7.49,0.0106,0,1.255
slovenia,g6_00003_15.tif,6366021,85,0.2123,21.23,0.467,0,2.092
slovenia,g6_00003_15.tif,6659154,27,0.0674,6.74,0.0198,0,1.638
slovenia,g6_00003_15.tif,6860169,24,0.0599,5.99,0.0094,0,1.039
slovenia,g6_00003_15.tif,6860170,260,0.6494,64.94,0.0986,0,3.694
slovenia,g6_00003_15.tif,6860171,61,0.1524,15.24,0.0239,0,1.969
slovenia,g6_00003_15.tif,7021036,110,0.2748,27.48,0.0908,0,3.535
slovenia,g6_00003_15.tif,7021046,12,0.03,3.0,0.0,0,1.255
slovenia,g6_00003_15.tif,7023699,12,0.03,3.0,0.0656,0,1.255
slovenia,g6_00003_15.tif,7029785,54,0.1349,13.49,0.6885,1,2.092
slovenia,g6_00003_15.tif,7077166,16,0.04,4.0,0.012,0,1.255
slovenia,g6_00003_15.tif,7077168,30,0.0749,7.49,0.0914,0,1.969
slovenia,g6_00003_15.tif,7077169,13,0.0325,3.25,0.0807,0,1.039
slovenia,g6_00003_16.tif,6249989,365,0.9117,91.17,0.8207,1,7.877
slovenia,g6_00003_16.tif,6249990,238,0.5945,59.45,0.7453,1,5.55
slovenia,g6_00003_16.tif,6250000,268,0.6694,66.94,0.1158,0,1.969
slovenia,g6_00003_16.tif,6366019,398,0.9942,99.42,0.3625,0,3.163
slovenia,g6_00003_16.tif,6366020,139,0.3472,34.72,0.2636,0,2.362
slovenia,g6_00003_16.tif,6366021,40,0.0999,9.99,0.1413,0,2.092
slovenia,g6_00003_16.tif,6366026,226,0.5645,56.45,0.4544,0,3.933
slovenia,g6_00003_16.tif,6366028,52,0.1299,12.99,0.1095,0,2.092
slovenia,g6_00003_16.tif,6465134,321,0.8018,80.18,0.3736,0,7.938
slovenia,g6_00003_16.tif,6545711,388,0.9692,96.92,0.5862,1,4.4
slovenia,g6_00003_16.tif,6545718,165,0.4122,41.22,0.5862,1,3.163
slovenia,g6_00003_16.tif,6567399,1230,3.0724,307.24,0.905,1,15.059
slovenia,g6_00003_16.tif,6567445,91,0.2273,22.73,0.2516,0,3.163
slovenia,g6_00003_16.tif,6567451,267,0.6669,66.69,0.3416,0,3.694
slovenia,g6_00003_16.tif,6567454,155,0.3872,38.72,0.5219,1,3.046
slovenia,g6_00003_16.tif,6567473,442,1.1041,110.41,0.5488,1,7.806
slovenia,g6_00003_16.tif,6634491,588,1.4688,146.88,0.5118,1,7.98
slovenia,g6_00003_16.tif,6693343,12,0.03,3.0,0.0132,0,0.775
slovenia,g6_00003_16.tif,6710067,462,1.154,115.4,0.4073,0,5.55
slovenia,g6_00003_16.tif,6799693,436,1.0891,108.91,0.453,0,9.132
slovenia,g6_00003_16.tif,6820055,710,1.7735,177.35,0.3381,0,5.55
slovenia,g6_00003_16.tif,6843349,935,2.3355,233.55,0.8773,1,12.232
slovenia,g6_00003_16.tif,6860176,62,0.1549,15.49,0.1274,0,3.046
slovenia,g6_00003_16.tif,6962549,115,0.2873,28.73,0.0261,0,2.497
slovenia,g6_00003_16.tif,6962867,143,0.3572,35.72,0.168,0,2.112
slovenia,g6_00003_16.tif,6962952,66,0.1649,16.49,0.0763,0,1.039
slovenia,g6_00003_16.tif,6963075,133,0.3322,33.22,0.6541,1,3.955
slovenia,g6_00003_16.tif,6973865,645,1.6111,161.11,0.6651,1,7.951
slovenia,g6_00003_16.tif,6973891,391,0.9767,97.67,0.7367,1,5.75
slovenia,g6_00003_16.tif,6973905,258,0.6445,64.45,0.6985,1,3.694
slovenia,g6_00003_16.tif,6973912,156,0.3897,38.97,0.4615,0,2.362
slovenia,g6_00003_16.tif,6996178,181,0.4521,45.21,0.3455,0,3.136
slovenia,g6_00003_16.tif,6996183,1711,4.2739,427.39,0.8458,1,18.682
slovenia,g6_00003_16.tif,6996438,371,0.9267,92.67,0.8844,1,6.744
slovenia,g6_00003_16.tif,7021036,74,0.1848,18.48,0.7436,1,3.535
slovenia,g6_00003_16.tif,7021044,160,0.3997,39.97,0.5159,1,4.357
slovenia,g6_00003_16.tif,7021046,30,0.0749,7.49,0.4286,0,1.969
slovenia,g6_00003_16.tif,7021052,82,0.2048,20.48,0.1853,0,1.969
slovenia,g6_00003_16.tif,7023699,42,0.1049,10.49,0.4737,0,1.969
slovenia,g6_00003_16.tif,7023714,83,0.2073,20.73,0.0857,0,1.969
slovenia,g6_00003_16.tif,7029781,413,1.0316,103.16,0.8454,1,8.307
slovenia,g6_00003_16.tif,7029785,315,0.7868,78.68,0.8505,1,5.55
slovenia,g6_00003_16.tif,7029798,178,0.4446,44.46,0.4122,0,3.163
slovenia,g6_00003_2.tif,6433909,10,0.025,2.5,0.0101,0,1.039
slovenia,g6_00003_2.tif,6450055,38,0.0949,9.49,0.0149,0,2.362
slovenia,g6_00003_2.tif,6592607,17,0.0425,4.25,0.3333,0,0.775
slovenia,g6_00003_2.tif,6869778,46,0.1149,11.49,0.0106,0,1.969
slovenia,g6_00003_3.tif,6128373,54,0.1349,13.49,0.1882,0,2.362
slovenia,g6_00003_3.tif,6128374,23,0.0575,5.75,0.0,0,1.255
slovenia,g6_00003_3.tif,6128378,19,0.0475,4.75,0.0696,0,1.039
slovenia,g6_00003_3.tif,6274364,31,0.0774,7.74,0.4189,0,1.969
slovenia,g6_00003_3.tif,6287783,22,0.055,5.5,0.0024,0,1.638
slovenia,g6_00003_3.tif,6699035,46,0.1149,11.49,0.4471,0,2.362
slovenia,g6_00003_3.tif,6699098,35,0.0874,8.74,0.3827,0,1.638
slovenia,g6_00003_3.tif,7039522,33,0.0824,8.24,0.0184,0,1.638
slovenia,g6_00003_3.tif,7039523,48,0.1199,11.99,0.0295,0,2.092
slovenia,g6_00003_3.tif,7039526,17,0.0425,4.25,0.0548,0,1.638
slovenia,g6_00003_3.tif,7039529,51,0.1274,12.74,0.3077,0,2.112
slovenia,g6_00003_4.tif,6311519,27,0.0674,6.74,0.0288,0,1.638
slovenia,g6_00003_4.tif,6311520,24,0.0599,5.99,0.0256,0,1.969
slovenia,g6_00003_4.tif,6311526,27,0.0674,6.74,0.0331,0,1.638
slovenia,g6_00003_4.tif,6311535,67,0.1674,16.74,0.0714,0,2.497
slovenia,g6_00003_4.tif,6528946,35,0.0874,8.74,0.0433,0,1.969
slovenia,g6_00003_4.tif,6528948,17,0.0425,4.25,0.0101,0,1.039
slovenia,g6_00003_4.tif,6543604,13,0.0325,3.25,0.1413,0,1.255
slovenia,g6_00006_15.tif,6090604,421,1.0588,105.88,0.1574,0,4.388
slovenia,g6_00006_15.tif,6090616,123,0.3093,30.93,0.6406,1,5.005
slovenia,g6_00006_15.tif,6090794,59,0.1484,14.84,0.8308,1,2.366
slovenia,g6_00006_15.tif,6094417,36,0.0905,9.05,0.0827,0,1.985
slovenia,g6_00006_15.tif,6099793,450,1.1317,113.17,0.8406,1,3.975
slovenia,g6_00006_15.tif,6099808,244,0.6136,61.36,0.3386,0,3.703
slovenia,g6_00006_15.tif,6099824,4,0.0101,1.01,0.0018,0,0.419
slovenia,g6_00006_15.tif,6099865,134,0.337,33.7,0.0419,0,1.985
slovenia,g6_00006_15.tif,6168179,242,0.6086,60.86,0.7854,1,3.767
slovenia,g6_00006_15.tif,6168184,313,0.7872,78.72,0.2679,0,3.703
slovenia,g6_00006_15.tif,6209285,42,0.1056,10.56,0.0919,0,1.985
slovenia,g6_00006_15.tif,6250020,55,0.1383,13.83,0.1136,0,2.093
slovenia,g6_00006_15.tif,6250182,56,0.1408,14.08,0.1157,0,2.093
slovenia,g6_00006_15.tif,6259435,147,0.3697,36.97,0.5761,1,2.93
slovenia,g6_00006_15.tif,6284834,12,0.0302,3.02,0.0318,0,1.046
slovenia,g6_00006_15.tif,6284838,183,0.4602,46.02,0.4786,0,2.093
slovenia,g6_00006_15.tif,6284839,116,0.2917,29.17,0.2934,0,1.256
slovenia,g6_00006_15.tif,6451499,33,0.083,8.3,0.0252,0,1.985
slovenia,g6_00006_15.tif,6593428,236,0.5935,59.35,0.1131,0,1.985
slovenia,g6_00006_15.tif,6669216,377,0.9481,94.81,0.5199,1,7.531
slovenia,g6_00006_15.tif,6710204,280,0.7042,70.42,0.3273,0,6.46
slovenia,g6_00006_15.tif,6710213,389,0.9783,97.83,0.7147,1,8.36
slovenia,g6_00006_15.tif,6710215,258,0.6489,64.89,0.471,0,4.408
slovenia,g6_00006_15.tif,6820044,257,0.6463,64.63,0.751,1,3.139
slovenia,g6_00006_15.tif,6820057,648,1.6297,162.97,0.3139,0,5.59
slovenia,g6_00006_15.tif,6857273,32,0.0805,8.05,0.1654,0,1.985
slovenia,g6_00006_15.tif,6860366,279,0.7017,70.17,0.8621,1,5.915
slovenia,g6_00006_15.tif,6860367,150,0.3772,37.72,0.5449,1,3.703
slovenia,g6_00006_15.tif,6860369,170,0.4275,42.75,0.0712,0,4.604
slovenia,g6_00006_15.tif,6860375,148,0.3722,37.22,0.5872,1,5.439
slovenia,g6_00006_15.tif,6860381,187,0.4703,47.03,0.4282,0,3.186
slovenia,g6_00006_15.tif,6860525,177,0.4451,44.51,0.3463,0,5.439
slovenia,g6_00006_15.tif,6860599,56,0.1408,14.08,0.0635,0,1.985
slovenia,g6_00006_15.tif,6860964,12,0.0302,3.02,0.0255,0,0.783
slovenia,g6_00006_15.tif,6861170,90,0.2263,22.63,0.2093,0,1.985
slovenia,g6_00006_15.tif,6861767,21,0.0528,5.28,0.0488,0,1.046
slovenia,g6_00006_15.tif,6862132,146,0.3672,36.72,0.7857,1,5.439
slovenia,g6_00006_15.tif,6897449,202,0.508,50.8,0.1484,0,3.058
slovenia,g6_00006_15.tif,6972907,384,0.9657,96.57,0.8416,1,5.439
slovenia,g6_00006_15.tif,6972908,173,0.4351,43.51,0.7591,1,3.186
slovenia,g6_00006_15.tif,6972917,56,0.1408,14.08,0.266,0,1.985
slovenia,g6_00006_15.tif,7077164,1211,3.0456,304.56,0.6437,1,13.336
slovenia,g6_00006_15.tif,7077180,685,1.7227,172.27,0.7422,1,7.825
slovenia,g6_00006_16.tif,6098871,280,0.7042,70.42,0.2356,0,4.671
slovenia,g6_00006_16.tif,6098872,233,0.586,58.6,0.2081,0,4.388
slovenia,g6_00006_16.tif,6098877,161,0.4049,40.49,0.3099,0,4.46
slovenia,g6_00006_16.tif,6099042,161,0.4049,40.49,0.15,0,3.058
slovenia,g6_00006_16.tif,6099808,99,0.249,24.9,0.0389,0,3.058
slovenia,g6_00006_16.tif,6099823,518,1.3027,130.27,0.0098,0,4.408
slovenia,g6_00006_16.tif,6099824,396,0.9959,99.59,0.3878,0,3.703
slovenia,g6_00006_16.tif,6168184,17,0.0428,4.28,0.3784,0,1.256
slovenia,g6_00006_16.tif,6186664,394,0.9909,99.09,0.7621,1,5.106
slovenia,g6_00006_16.tif,6186667,273,0.6866,68.66,0.1937,0,3.703
slovenia,g6_00006_16.tif,6191838,96,0.2414,24.14,0.1606,0,3.058
slovenia,g6_00006_16.tif,6200984,273,0.6866,68.66,0.2639,0,3.703
slovenia,g6_00006_16.tif,6249995,1308,3.2895,328.95,0.8115,1,11.947
slovenia,g6_00006_16.tif,6249997,183,0.4602,46.02,0.0,0,3.058
slovenia,g6_00006_16.tif,6522029,72,0.1811,18.11,0.0658,0,2.093
slovenia,g6_00006_16.tif,6537291,7,0.0176,1.76,0.0145,0,0.419
slovenia,g6_00006_16.tif,6537598,269,0.6765,67.65,0.6097,1,5.442
slovenia,g6_00006_16.tif,6545697,754,1.8963,189.63,0.8643,1,8.368
slovenia,g6_00006_16.tif,6545699,620,1.5593,155.93,0.8218,1,9.886
slovenia,g6_00006_16.tif,6593401,375,0.9431,94.31,0.0,0,3.282
slovenia,g6_00006_16.tif,6593417,156,0.3923,39.23,0.6485,1,3.186
slovenia,g6_00006_16.tif,6664360,192,0.4829,48.29,0.7432,1,3.058
slovenia,g6_00006_16.tif,6710204,1424,3.5813,358.13,0.8781,1,16.069
slovenia,g6_00006_16.tif,6710212,1025,2.5778,257.78,0.038,0,8.519
slovenia,g6_00006_16.tif,6710215,217,0.5457,54.57,0.3213,0,4.408
slovenia,g6_00006_16.tif,6710219,440,1.1066,110.66,0.8673,1,5.005
slovenia,g6_00006_16.tif,6820069,336,0.845,84.5,0.0,0,3.282
slovenia,g6_00006_16.tif,6820108,111,0.2792,27.92,0.0,0,3.556
slovenia,g6_00006_16.tif,6868471,70,0.176,17.6,0.1653,0,3.186
slovenia,g6_00006_16.tif,6868655,122,0.3068,30.68,0.1219,0,3.058
slovenia,g6_00006_16.tif,6868674,61,0.1534,15.34,0.2976,0,2.51
slovenia,g6_00006_16.tif,6868766,86,0.2163,21.63,0.3598,0,2.51
slovenia,g6_00006_16.tif,6897405,294,0.7394,73.94,0.7475,1,6.093
slovenia,g6_00006_16.tif,6897406,182,0.4577,45.77,0.837,1,4.388
slovenia,g6_00006_16.tif,6897411,489,1.2298,122.98,0.9192,1,7.161
slovenia,g6_00006_16.tif,6897748,497,1.2499,124.99,0.0,0,3.703
slovenia,g6_00006_16.tif,6897964,276,0.6941,69.41,0.0463,0,2.51
slovenia,g6_00006_16.tif,6972904,1511,3.8001,380.01,0.9209,1,17.715
slovenia,g6_00006_16.tif,6972908,76,0.1911,19.11,0.9351,1,3.186
slovenia,g6_00006_16.tif,6972912,278,0.6992,69.92,0.6018,1,3.058
slovenia,g6_00006_16.tif,6973830,254,0.6388,63.88,0.7608,1,6.279
slovenia,g6_00006_16.tif,6973836,19,0.0478,4.78,0.1282,0,1.256
slovenia,g6_00006_16.tif,6973838,1130,2.8419,284.19,0.003,0,10.255
slovenia,g6_00006_16.tif,6973863,798,2.0069,200.69,0.003,0,5.764
slovenia,g6_00006_16.tif,6988088,779,1.9591,195.91,0.8542,1,12.976
slovenia,g6_00006_16.tif,6988297,153,0.3848,38.48,0.7161,1,4.604
slovenia,g6_00006_16.tif,7077173,156,0.3923,39.23,0.5142,1,2.126
slovenia,g6_00006_16.tif,7077180,127,0.3194,31.94,0.7467,1,4.408
slovenia,g6_00006_17.tif,6098870,1087,2.7337,273.37,0.6908,1,8.868
slovenia,g6_00006_17.tif,6098965,408,1.0261,102.61,0.9,1,3.556
slovenia,g6_00006_17.tif,6366012,1142,2.8721,287.21,0.832,1,7.825
slovenia,g6_00006_17.tif,6377430,238,0.5986,59.86,0.3525,0,3.058
slovenia,g6_00006_17.tif,6479372,576,1.4486,144.86,0.4055,0,4.388
slovenia,g6_00006_17.tif,6479387,258,0.6489,64.89,0.9214,1,4.408
slovenia,g6_00006_17.tif,6479440,283,0.7117,71.17,0.5549,1,3.058
slovenia,g6_00006_17.tif,6479936,707,1.7781,177.81,0.8693,1,4.408
slovenia,g6_00006_17.tif,6537291,185,0.4653,46.53,0.5836,1,4.604
slovenia,g6_00006_17.tif,6537598,108,0.2716,27.16,0.7023,1,2.93
slovenia,g6_00006_17.tif,6545699,346,0.8702,87.02,0.7709,1,7.531
slovenia,g6_00006_17.tif,6567399,9,0.0226,2.26,0.1538,0,0.783
slovenia,g6_00006_17.tif,6567414,694,1.7454,174.54,0.3358,0,7.918
slovenia,g6_00006_17.tif,6567445,225,0.5659,56.59,0.1056,0,3.703
slovenia,g6_00006_17.tif,6567446,343,0.8626,86.26,0.1667,0,3.975
slovenia,g6_00006_17.tif,6567454,75,0.1886,18.86,0.0324,0,2.126
slovenia,g6_00006_17.tif,6634496,122,0.3068,30.68,0.4048,0,1.985
slovenia,g6_00006_17.tif,6693343,972,2.4445,244.45,0.5134,1,9.761
slovenia,g6_00006_17.tif,6693345,947,2.3816,238.16,0.4691,0,8.158
slovenia,g6_00006_17.tif,6693350,870,2.188,218.8,0.6735,1,8.977
slovenia,g6_00006_17.tif,6693356,520,1.3078,130.78,0.855,1,6.093
slovenia,g6_00006_17.tif,6693359,684,1.7202,172.02,0.6761,1,11.598
slovenia,g6_00006_17.tif,6693373,436,1.0965,109.65,0.2247,0,3.556
slovenia,g6_00006_17.tif,6693439,311,0.7821,78.21,0.5028,1,4.388
slovenia,g6_00006_17.tif,6701964,461,1.1594,115.94,0.577,1,4.46
slovenia,g6_00006_17.tif,6710066,670,1.685,168.5,0.2963,0,4.408
slovenia,g6_00006_17.tif,6710219,222,0.5583,55.83,0.8594,1,5.439
slovenia,g6_00006_17.tif,6747866,57,0.1434,14.34,0.0818,0,1.985
slovenia,g6_00006_17.tif,6820032,880,2.2131,221.31,0.6538,1,9.218
slovenia,g6_00006_17.tif,6820037,1251,3.1462,314.62,0.6886,1,12.636
slovenia,g6_00006_17.tif,6820082,213,0.5357,53.57,0.32,0,3.058
slovenia,g6_00006_17.tif,6820103,179,0.4502,45.02,0.3609,0,2.51
slovenia,g6_00006_17.tif,6843350,338,0.85,85.0,0.2006,0,3.282
slovenia,g6_00006_17.tif,6851229,670,1.685,168.5,0.7169,1,9.339
slovenia,g6_00006_17.tif,6856938,471,1.1845,118.45,0.2654,0,5.439
slovenia,g6_00006_17.tif,6897393,78,0.1962,19.62,0.0565,0,2.51
slovenia,g6_00006_17.tif,6897395,140,0.3521,35.21,0.0974,0,3.058
slovenia,g6_00006_17.tif,6897496,77,0.1937,19.37,0.1391,0,3.058
slovenia,g6_00006_17.tif,6897503,55,0.1383,13.83,0.0726,0,3.058
slovenia,g6_00006_17.tif,6973827,169,0.425,42.5,0.1078,0,1.985
slovenia,g6_00006_17.tif,6973830,894,2.2484,224.84,0.5397,1,12.799
slovenia,g6_00006_17.tif,6973836,814,2.0472,204.72,0.7994,1,11.178
slovenia,g6_00006_17.tif,6973847,1000,2.5149,251.49,0.745,1,8.36
slovenia,g6_00006_17.tif,6973859,873,2.1955,219.55,0.6294,1,8.291
slovenia,g6_00006_17.tif,6973889,482,1.2122,121.22,0.7278,1,6.791
slovenia,g6_00006_17.tif,6973928,100,0.2515,25.15,0.3474,0,1.985
slovenia,g6_00006_17.tif,6973947,134,0.337,33.7,0.4486,0,1.985
slovenia,g6_00006_17.tif,6979431,501,1.26,126.0,0.2995,0,6.791
slovenia,g6_00006_17.tif,6988088,411,1.0336,103.36,0.8881,1,7.825
slovenia,g6_00006_17.tif,6988297,543,1.3656,136.56,0.7434,1,9.339
slovenia,g6_00006_17.tif,6996131,1109,2.7891,278.91,0.9227,1,12.056
slovenia,g6_00006_17.tif,6996143,900,2.2634,226.34,0.5286,1,9.339
slovenia,g6_00006_17.tif,6996144,482,1.2122,121.22,0.8174,1,7.116
slovenia,g6_00006_17.tif,6996145,781,1.9642,196.42,0.7844,1,10.396
slovenia,g6_00006_17.tif,6996151,509,1.2801,128.01,0.3098,0,5.005
slovenia,g6_00006_17.tif,6996153,491,1.2348,123.48,0.2567,0,4.388
slovenia,g6_00006_17.tif,6996155,349,0.8777,87.77,0.2641,0,4.388
slovenia,g6_00006_17.tif,6996187,153,0.3848,38.48,0.2418,0,2.126
slovenia,g6_00006_17.tif,6996357,490,1.2323,123.23,0.2957,0,4.388
slovenia,g6_00006_17.tif,6996438,755,1.8988,189.88,0.7487,1,10.396
slovenia,g6_00006_17.tif,6998248,267,0.6715,67.15,0.7575,1,6.46
slovenia,g6_00006_17.tif,7021056,398,1.0009,100.09,0.4101,0,4.746
slovenia,g6_00006_3.tif,6136400,15,0.0377,3.77,0.0708,0,1.046
slovenia,g6_00006_3.tif,6737614,11,0.0277,2.77,0.0115,0,1.046
slovenia,g6_00006_3.tif,6737628,19,0.0478,4.78,0.0036,0,1.046
slovenia,g6_00006_3.tif,6826738,56,0.1408,14.08,0.0254,0,2.51
slovenia,g6_00006_3.tif,6826742,131,0.3295,32.95,0.0594,0,3.186
slovenia,g6_00006_3.tif,6826743,72,0.1811,18.11,0.3529,0,2.51
slovenia,g6_00006_3.tif,6826745,103,0.259,25.9,0.0453,0,4.388
slovenia,g6_00006_3.tif,6826752,57,0.1434,14.34,0.0226,0,2.126
slovenia,g6_00006_3.tif,6826755,65,0.1635,16.35,0.0189,0,2.126
slovenia,g6_00006_3.tif,6856440,30,0.0754,7.54,0.131,0,1.642
slovenia,g6_00006_4.tif,6085695,29,0.0729,7.29,0.0053,0,1.642
slovenia,g6_00006_4.tif,6085698,32,0.0805,8.05,0.0058,0,2.126
slovenia,g6_00006_4.tif,6085700,115,0.2892,28.92,0.0206,0,3.556
slovenia,g6_00006_4.tif,6085702,103,0.259,25.9,0.0188,0,3.058
slovenia,g6_00006_4.tif,6085708,9,0.0226,2.26,0.0016,0,1.046
slovenia,g6_00006_4.tif,6223680,34,0.0855,8.55,0.0031,0,1.985
slovenia,g6_00006_4.tif,6275528,55,0.1383,13.83,0.01,0,2.093
slovenia,g6_00006_4.tif,6275536,123,0.3093,30.93,0.7044,1,3.186
slovenia,g6_00006_4.tif,6302276,93,0.2339,23.39,0.6174,1,2.93
slovenia,g6_00006_4.tif,6314762,20,0.0503,5.03,0.0018,0,1.046
slovenia,g6_00006_4.tif,6458974,12,0.0302,3.02,0.0022,0,1.046
slovenia,g6_00006_4.tif,6526453,46,0.1157,11.57,0.4071,0,1.256
slovenia,g6_00006_4.tif,6544269,63,0.1584,15.84,0.4097,0,3.058
slovenia,g6_00006_4.tif,6600408,19,0.0478,4.78,0.0013,0,1.046
slovenia,g6_00006_4.tif,6600436,8,0.0201,2.01,0.004,0,1.046
slovenia,g6_00006_4.tif,6604373,98,0.2465,24.65,0.0076,0,2.93
slovenia,g6_00006_4.tif,6694727,46,0.1157,11.57,0.0084,0,2.093
slovenia,g6_00006_4.tif,6705102,91,0.2289,22.89,0.0082,0,3.058
slovenia,g6_00006_4.tif,6734257,22,0.0553,5.53,0.002,0,1.985
slovenia,g6_00006_4.tif,6908002,20,0.0503,5.03,0.0037,0,1.642
slovenia,g6_00006_4.tif,6908013,61,0.1534,15.34,0.1437,0,3.058
slovenia,g6_00006_4.tif,7058843,41,0.1031,10.31,0.1848,0,2.51
slovenia,g6_00006_4.tif,7058871,17,0.0428,4.28,0.0015,0,1.642
slovenia,g6_00006_4.tif,7058872,150,0.3772,37.72,0.0135,0,3.186
slovenia,g6_00006_5.tif,6085730,217,0.5457,54.57,0.0027,0,3.556
slovenia,g6_00006_5.tif,6085735,106,0.2666,26.66,0.1064,0,1.256
slovenia,g6_00006_5.tif,6085736,49,0.1232,12.32,0.0177,0,1.985
slovenia,g6_00006_5.tif,6085740,14,0.0352,3.52,0.0,0,1.046
slovenia,g6_00006_5.tif,6086501,14,0.0352,3.52,0.03,0,1.256
slovenia,g6_00006_5.tif,6086524,23,0.0578,5.78,0.0494,0,1.256
slovenia,g6_00006_5.tif,6191389,8,0.0201,2.01,0.0019,0,1.046
slovenia,g6_00006_5.tif,6191390,15,0.0377,3.77,0.0037,0,1.046
slovenia,g6_00006_5.tif,6191392,82,0.2062,20.62,0.02,0,3.058
slovenia,g6_00006_5.tif,6191394,29,0.0729,7.29,0.0071,0,2.093
slovenia,g6_00006_5.tif,6191449,6,0.0151,1.51,0.0015,0,0.783
slovenia,g6_00006_5.tif,6191454,26,0.0654,6.54,0.0063,0,1.642
slovenia,g6_00006_5.tif,6223686,41,0.1031,10.31,0.0915,0,1.046
slovenia,g6_00006_5.tif,6275532,114,0.2867,28.67,0.8413,1,3.186
slovenia,g6_00006_5.tif,6311395,75,0.1886,18.86,0.0919,0,1.985
slovenia,g6_00006_5.tif,6365117,115,0.2892,28.92,0.0492,0,3.282
slovenia,g6_00006_5.tif,6419975,21,0.0528,5.28,0.0079,0,1.256
slovenia,g6_00006_5.tif,6436537,26,0.0654,6.54,0.0197,0,2.126
slovenia,g6_00006_5.tif,6436538,41,0.1031,10.31,0.0295,0,2.93
slovenia,g6_00006_5.tif,6550461,88,0.2213,22.13,0.0018,0,2.126
slovenia,g6_00006_5.tif,6550463,4,0.0101,1.01,0.0,0,0.783
slovenia,g6_00006_5.tif,6705080,55,0.1383,13.83,0.3559,0,2.093
slovenia,g6_00006_5.tif,6705090,33,0.083,8.3,0.0977,0,2.126
slovenia,g6_00006_5.tif,6705091,57,0.1434,14.34,0.6438,1,1.642
slovenia,g6_00006_5.tif,6744603,64,0.161,16.1,0.2105,0,1.642
slovenia,g6_00006_5.tif,6744622,39,0.0981,9.81,0.1283,0,1.046
slovenia,g6_00006_5.tif,6773233,13,0.0327,3.27,0.005,0,1.256
slovenia,g6_00006_5.tif,6891434,40,0.1006,10.06,0.0461,0,1.256
slovenia,g6_00006_5.tif,6954415,37,0.0931,9.31,0.2214,0,1.256
slovenia,g6_00006_5.tif,6954441,45,0.1132,11.32,0.2923,0,1.256
slovenia,g6_00009_16.tif,6160255,319,0.8025,80.25,0.3124,0,2.931
slovenia,g6_00009_16.tif,6160258,278,0.6993,69.93,0.4095,0,2.931
slovenia,g6_00009_16.tif,6160262,54,0.1358,13.58,0.315,0,2.366
slovenia,g6_00009_16.tif,6250020,43,0.1082,10.82,0.0072,0,2.093
slovenia,g6_00009_16.tif,6250182,29,0.073,7.3,0.0048,0,1.985
slovenia,g6_00009_16.tif,6259433,61,0.1534,15.34,0.0423,0,3.058
slovenia,g6_00009_16.tif,6259438,98,0.2465,24.65,0.0211,0,3.186
slovenia,g6_00009_16.tif,6259440,283,0.7119,71.19,0.0907,0,6.46
slovenia,g6_00009_16.tif,6277997,234,0.5886,58.86,0.9068,1,4.388
slovenia,g6_00009_16.tif,6278255,188,0.4729,47.29,0.7225,1,4.606
slovenia,g6_00009_16.tif,6468919,45,0.1132,11.32,0.1485,0,1.643
slovenia,g6_00009_16.tif,6522080,193,0.4855,48.55,0.184,0,2.366
slovenia,g6_00009_16.tif,6522081,42,0.1057,10.57,0.24,0,2.093
slovenia,g6_00009_16.tif,6537286,12,0.0302,3.02,0.0002,0,1.046
slovenia,g6_00009_16.tif,6537287,19,0.0478,4.78,0.0769,0,1.256
slovenia,g6_00009_16.tif,6593425,172,0.4327,43.27,0.2234,0,3.704
slovenia,g6_00009_16.tif,6597935,49,0.1233,12.33,0.0108,0,2.366
slovenia,g6_00009_16.tif,6669204,76,0.1912,19.12,0.1323,0,1.643
slovenia,g6_00009_16.tif,6693347,75,0.1887,18.87,0.6126,1,2.366
slovenia,g6_00009_16.tif,6747865,26,0.0654,6.54,0.0032,0,1.256
slovenia,g6_00009_16.tif,6748019,49,0.1233,12.33,0.4078,0,2.093
slovenia,g6_00009_16.tif,6748040,94,0.2365,23.65,0.3869,0,2.093
slovenia,g6_00009_16.tif,6756411,53,0.1333,13.33,0.0277,0,1.985
slovenia,g6_00009_16.tif,6792328,141,0.3547,35.47,0.0136,0,3.282
slovenia,g6_00009_16.tif,6897409,463,1.1647,116.47,0.7967,1,6.28
slovenia,g6_00009_16.tif,6899501,51,0.1283,12.83,0.0755,0,1.046
slovenia,g6_00009_16.tif,6901598,360,0.9056,90.56,0.6369,1,6.463
slovenia,g6_00009_16.tif,6901606,29,0.073,7.3,0.125,0,1.985
slovenia,g6_00009_17.tif,6098875,28,0.0704,7.04,0.0243,0,2.093
slovenia,g6_00009_17.tif,6098876,214,0.5383,53.83,0.1507,0,3.768
slovenia,g6_00009_17.tif,6098879,127,0.3195,31.95,0.1003,0,2.931
slovenia,g6_00009_17.tif,6098880,67,0.1685,16.85,0.0627,0,3.282
slovenia,g6_00009_17.tif,6160262,13,0.0327,3.27,0.0915,0,0.419
slovenia,g6_00009_17.tif,6160268,187,0.4704,47.04,0.1031,0,2.126
slovenia,g6_00009_17.tif,6160271,121,0.3044,30.44,0.0722,0,2.126
slovenia,g6_00009_17.tif,6160494,137,0.3446,34.46,0.4481,0,4.409
slovenia,g6_00009_17.tif,6160495,66,0.166,16.6,0.3486,0,1.643
slovenia,g6_00009_17.tif,6191834,125,0.3144,31.44,0.2139,0,2.126
slovenia,g6_00009_17.tif,6267398,292,0.7345,73.45,0.8742,1,5.819
slovenia,g6_00009_17.tif,6267417,90,0.2264,22.64,0.3667,0,2.126
slovenia,g6_00009_17.tif,6268526,43,0.1082,10.82,0.0512,0,1.643
slovenia,g6_00009_17.tif,6272948,151,0.3798,37.98,0.1003,0,3.556
slovenia,g6_00009_17.tif,6272949,4,0.0101,1.01,0.0108,0,0.783
slovenia,g6_00009_17.tif,6277992,312,0.7849,78.49,0.7147,1,3.975
slovenia,g6_00009_17.tif,6278101,103,0.2591,25.91,0.2295,0,2.126
slovenia,g6_00009_17.tif,6278118,125,0.3144,31.44,0.2795,0,2.126
slovenia,g6_00009_17.tif,6278329,31,0.078,7.8,0.0772,0,1.046
slovenia,g6_00009_17.tif,6284829,32,0.0805,8.05,0.1685,0,1.985
slovenia,g6_00009_17.tif,6468914,292,0.7345,73.45,0.6968,1,3.975
slovenia,g6_00009_17.tif,6479391,102,0.2566,25.66,0.3768,0,3.14
slovenia,g6_00009_17.tif,6479392,66,0.166,16.6,0.6047,1,2.931
slovenia,g6_00009_17.tif,6479428,175,0.4402,44.02,0.1392,0,3.704
slovenia,g6_00009_17.tif,6479435,146,0.3673,36.73,0.8533,1,3.186
slovenia,g6_00009_17.tif,6516288,169,0.4251,42.51,0.0721,0,3.058
slovenia,g6_00009_17.tif,6516290,102,0.2566,25.66,0.2604,0,4.46
slovenia,g6_00009_17.tif,6516291,109,0.2742,27.42,0.2227,0,2.366
slovenia,g6_00009_17.tif,6516351,9,0.0226,2.26,0.0189,0,0.783
slovenia,g6_00009_17.tif,6516355,147,0.3698,36.98,0.2015,0,1.643
slovenia,g6_00009_17.tif,6516550,142,0.3572,35.72,0.1787,0,1.643
slovenia,g6_00009_17.tif,6522041,251,0.6314,63.14,0.3301,0,5.956
slovenia,g6_00009_17.tif,6522056,411,1.0339,103.39,0.9145,1,5.956
slovenia,g6_00009_17.tif,6522064,42,0.1057,10.57,0.1495,0,1.643
slovenia,g6_00009_17.tif,6522146,74,0.1862,18.62,0.276,0,3.186
slovenia,g6_00009_17.tif,6522205,319,0.8025,80.25,0.7812,1,3.975
slovenia,g6_00009_17.tif,6537279,671,1.6879,168.79,0.7324,1,8.977
slovenia,g6_00009_17.tif,6537284,444,1.1169,111.69,0.8288,1,5.005
slovenia,g6_00009_17.tif,6537287,12,0.0302,3.02,0.0938,0,0.419
slovenia,g6_00009_17.tif,6537561,111,0.2792,27.92,0.0962,0,2.126
slovenia,g6_00009_17.tif,6537563,70,0.1761,17.61,0.093,0,1.643
slovenia,g6_00009_17.tif,6537581,148,0.3723,37.23,0.5447,1,3.975
slovenia,g6_00009_17.tif,6552531,350,0.8804,88.04,0.6,1,8.792
slovenia,g6_00009_17.tif,6597921,118,0.2968,29.68,0.1478,0,2.126
slovenia,g6_00009_17.tif,6666613,644,1.62,162.0,0.6223,1,8.36
slovenia,g6_00009_17.tif,6666617,20,0.0503,5.03,0.0508,0,1.046
slovenia,g6_00009_17.tif,6666618,91,0.2289,22.89,0.2898,0,3.937
slovenia,g6_00009_17.tif,6669237,138,0.3471,34.71,0.307,0,3.186
slovenia,g6_00009_17.tif,6669246,323,0.8125,81.25,0.2998,0,3.975
slovenia,g6_00009_17.tif,6710226,491,1.2351,123.51,0.475,0,6.904
slovenia,g6_00009_17.tif,6747865,428,1.0767,107.67,0.8941,1,4.409
slovenia,g6_00009_17.tif,6748019,93,0.2339,23.39,0.8148,1,2.931
slovenia,g6_00009_17.tif,6748040,7,0.0176,1.76,0.0377,0,0.419
slovenia,g6_00009_17.tif,6774736,82,0.2063,20.63,0.2052,0,1.643
slovenia,g6_00009_17.tif,6774737,123,0.3094,30.94,0.8077,1,3.282
slovenia,g6_00009_17.tif,6774743,247,0.6213,62.13,0.1876,0,3.058
slovenia,g6_00009_17.tif,6775615,148,0.3723,37.23,0.7434,1,4.502
slovenia,g6_00009_17.tif,6868204,88,0.2214,22.14,0.0186,0,3.704
slovenia,g6_00009_17.tif,6868838,257,0.6465,64.65,0.3522,0,3.058
slovenia,g6_00009_17.tif,6868899,56,0.1409,14.09,0.0781,0,1.046
slovenia,g6_00009_17.tif,6868909,70,0.1761,17.61,0.0987,0,1.643
slovenia,g6_00009_17.tif,6897400,766,1.9269,192.69,0.901,1,6.698
slovenia,g6_00009_17.tif,6897417,371,0.9333,93.33,0.8564,1,5.443
slovenia,g6_00009_17.tif,6897419,225,0.566,56.6,0.8578,1,6.46
slovenia,g6_00009_17.tif,6897464,153,0.3849,38.49,0.8323,1,4.409
slovenia,g6_00009_17.tif,6897491,84,0.2113,21.13,0.0092,0,3.282
slovenia,g6_00009_17.tif,6989289,205,0.5157,51.57,0.789,1,5.44
slovenia,g6_00009_17.tif,7040860,16,0.0402,4.02,0.0139,0,1.046
slovenia,g6_00009_17.tif,7040862,69,0.1736,17.36,0.0736,0,3.704
slovenia,g6_00009_17.tif,7040863,34,0.0855,8.55,0.0551,0,1.046
slovenia,g6_00009_17.tif,7040865,19,0.0478,4.78,0.0036,0,1.046
slovenia,g6_00009_17.tif,7050016,914,2.2992,229.92,0.884,1,11.178
slovenia,g6_00009_17.tif,7050020,321,0.8075,80.75,0.6566,1,4.671
slovenia,g6_00009_17.tif,7050021,95,0.239,23.9,0.4197,0,2.126
slovenia,g6_00009_17.tif,7056209,256,0.644,64.4,0.5056,1,5.565
slovenia,g6_00009_17.tif,7056210,27,0.0679,6.79,0.0018,0,1.256
slovenia,g6_00009_17.tif,7056250,220,0.5534,55.34,0.297,0,4.388
slovenia,g6_00009_17.tif,7056265,186,0.4679,46.79,0.4656,0,5.005
slovenia,g6_00009_18.tif,6160248,1032,2.5961,259.61,0.4844,0,7.826
slovenia,g6_00009_18.tif,6191827,473,1.1899,118.99,0.8894,1,6.904
slovenia,g6_00009_18.tif,6191829,17,0.0428,4.28,0.0851,0,1.046
slovenia,g6_00009_18.tif,6191832,145,0.3648,36.48,0.4331,0,2.126
slovenia,g6_00009_18.tif,6191834,98,0.2465,24.65,0.2462,0,2.126
slovenia,g6_00009_18.tif,6191837,81,0.2038,20.38,0.1476,0,3.556
slovenia,g6_00009_18.tif,6277988,378,0.9509,95.09,0.4924,0,5.565
slovenia,g6_00009_18.tif,6278083,334,0.8402,84.02,0.4003,0,4.409
slovenia,g6_00009_18.tif,6278101,146,0.3673,36.73,0.2257,0,2.126
slovenia,g6_00009_18.tif,6278118,147,0.3698,36.98,0.2272,0,2.126
slovenia,g6_00009_18.tif,6345912,515,1.2955,129.55,0.2293,0,3.937
slovenia,g6_00009_18.tif,6468911,1052,2.6464,264.64,0.4263,0,7.162
slovenia,g6_00009_18.tif,6468912,1053,2.6489,264.89,0.9254,1,8.698
slovenia,g6_00009_18.tif,6468914,152,0.3824,38.24,0.3819,0,3.975
slovenia,g6_00009_18.tif,6468921,130,0.327,32.7,0.4175,0,3.058
slovenia,g6_00009_18.tif,6479373,511,1.2854,128.54,0.7138,1,7.993
slovenia,g6_00009_18.tif,6479384,726,1.8263,182.63,0.7029,1,10.396
slovenia,g6_00009_18.tif,6479399,286,0.7194,71.94,0.4876,0,6.791
slovenia,g6_00009_18.tif,6479407,167,0.4201,42.01,0.2554,0,3.186
slovenia,g6_00009_18.tif,6479417,286,0.7194,71.94,0.8213,1,4.388
slovenia,g6_00009_18.tif,6479449,113,0.2843,28.43,0.7851,1,3.14
slovenia,g6_00009_18.tif,6480212,206,0.5182,51.82,0.4384,0,1.985
slovenia,g6_00009_18.tif,6480213,149,0.3748,37.48,0.3189,0,1.985
slovenia,g6_00009_18.tif,6516351,435,1.0943,109.43,0.4307,0,5.005
slovenia,g6_00009_18.tif,6521981,1293,3.2526,325.26,0.694,1,7.826
slovenia,g6_00009_18.tif,6521984,1256,3.1595,315.95,0.5722,1,11.049
slovenia,g6_00009_18.tif,6522024,63,0.1585,15.85,0.0826,0,1.256
slovenia,g6_00009_18.tif,6522041,515,1.2955,129.55,0.4,0,5.956
slovenia,g6_00009_18.tif,6522137,153,0.3849,38.49,0.2763,0,1.985
slovenia,g6_00009_18.tif,6522179,617,1.5521,155.21,0.2159,0,4.409
slovenia,g6_00009_18.tif,6593415,150,0.3773,37.73,0.6085,1,3.186
slovenia,g6_00009_18.tif,6593441,125,0.3144,31.44,0.0,0,3.186
slovenia,g6_00009_18.tif,6593447,270,0.6792,67.92,0.2865,0,3.186
slovenia,g6_00009_18.tif,6666610,1474,3.7079,370.79,0.7041,1,11.279
slovenia,g6_00009_18.tif,6666618,489,1.2301,123.01,0.4259,0,4.502
slovenia,g6_00009_18.tif,6666834,629,1.5823,158.23,0.2499,0,7.189
slovenia,g6_00009_18.tif,6667033,783,1.9697,196.97,0.4005,0,5.956
slovenia,g6_00009_18.tif,6667117,753,1.8942,189.42,0.3739,0,5.956
slovenia,g6_00009_18.tif,6669237,207,0.5207,52.07,0.9065,1,5.44
slovenia,g6_00009_18.tif,6669238,262,0.6591,65.91,0.2704,0,3.186
slovenia,g6_00009_18.tif,6669243,177,0.4453,44.53,0.0849,0,3.186
slovenia,g6_00009_18.tif,6669245,231,0.5811,58.11,0.7076,1,3.975
slovenia,g6_00009_18.tif,6693340,1096,2.757,275.7,0.5859,1,7.118
slovenia,g6_00009_18.tif,6693419,1466,3.6878,368.78,0.8393,1,12.649
slovenia,g6_00009_18.tif,6693432,58,0.1459,14.59,0.5714,1,1.985
slovenia,g6_00009_18.tif,6710209,21,0.0528,5.28,0.0925,0,1.643
slovenia,g6_00009_18.tif,6710223,189,0.4754,47.54,0.8534,1,5.589
slovenia,g6_00009_18.tif,6710229,451,1.1345,113.45,0.4195,0,6.094
slovenia,g6_00009_18.tif,6710233,168,0.4226,42.26,0.6189,1,5.005
slovenia,g6_00009_18.tif,6720399,147,0.3698,36.98,0.0845,0,3.768
slovenia,g6_00009_18.tif,6792280,458,1.1521,115.21,0.6937,1,4.409
slovenia,g6_00009_18.tif,6792285,246,0.6188,61.88,0.3645,0,3.186
slovenia,g6_00009_18.tif,6792288,11,0.0277,2.77,0.0188,0,0.783
slovenia,g6_00009_18.tif,6792291,427,1.0741,107.41,0.7826,1,9.194
slovenia,g6_00009_18.tif,6792301,212,0.5333,53.33,0.6311,1,3.282
slovenia,g6_00009_18.tif,6792326,218,0.5484,54.84,0.3477,0,3.186
slovenia,g6_00009_18.tif,6792356,87,0.2189,21.89,0.3185,0,2.366
slovenia,g6_00009_18.tif,6792359,66,0.166,16.6,0.2095,0,2.093
slovenia,g6_00009_18.tif,6792372,320,0.805,80.5,0.6784,1,5.589
slovenia,g6_00009_18.tif,6792374,159,0.4,40.0,0.3556,0,1.985
slovenia,g6_00009_18.tif,6897419,118,0.2968,29.68,0.8487,1,4.502
slovenia,g6_00009_18.tif,6898416,596,1.4993,149.93,0.311,0,3.937
slovenia,g6_00009_18.tif,6899092,449,1.1295,112.95,0.1384,0,3.058
slovenia,g6_00009_18.tif,6899104,1223,3.0765,307.65,0.7984,1,7.492
slovenia,g6_00009_18.tif,6899155,266,0.6691,66.91,0.7818,1,3.975
slovenia,g6_00009_18.tif,6899208,155,0.3899,38.99,0.4102,0,3.704
slovenia,g6_00009_18.tif,6899209,294,0.7396,73.96,0.3959,0,3.937
slovenia,g6_00009_18.tif,6899302,208,0.5232,52.32,0.3283,0,3.186
slovenia,g6_00009_18.tif,6949437,459,1.1546,115.46,0.8148,1,7.216
slovenia,g6_00009_18.tif,6972242,144,0.3622,36.22,0.5036,1,2.126
slovenia,g6_00009_18.tif,6972245,182,0.4578,45.78,0.4539,0,4.502
slovenia,g6_00009_18.tif,6989315,195,0.4905,49.05,0.8108,1,5.765
slovenia,g6_00009_18.tif,7056222,433,1.0892,108.92,0.1994,0,3.704
slovenia,g6_00009_18.tif,7056223,540,1.3584,135.84,0.2453,0,3.937
slovenia,g6_00009_18.tif,7056248,275,0.6918,69.18,0.2936,0,4.388
slovenia,g6_00009_18.tif,7056281,113,0.2843,28.43,0.4691,0,3.186
slovenia,g6_00009_18.tif,7056286,102,0.2566,25.66,0.4051,0,1.985
slovenia,g6_00009_4.tif,6275548,50,0.1258,12.58,0.0045,0,1.643
slovenia,g6_00009_4.tif,6284080,19,0.0478,4.78,0.0017,0,1.256
slovenia,g6_00009_4.tif,6369030,27,0.0679,6.79,0.0024,0,1.643
slovenia,g6_00009_4.tif,6451685,120,0.3019,30.19,0.01,0,3.058
slovenia,g6_00009_4.tif,6459006,81,0.2038,20.38,0.0072,0,1.643
slovenia,g6_00009_4.tif,6494342,33,0.083,8.3,0.0021,0,2.093
slovenia,g6_00009_4.tif,6494688,16,0.0402,4.02,0.0014,0,1.256
slovenia,g6_00009_4.tif,6612057,16,0.0402,4.02,0.0014,0,1.046
slovenia,g6_00009_4.tif,6708166,18,0.0453,4.53,0.0016,0,1.643
slovenia,g6_00009_4.tif,6708174,37,0.0931,9.31,0.1331,0,1.985
slovenia,g6_00009_4.tif,6750233,43,0.1082,10.82,0.0038,0,1.046
slovenia,g6_00009_4.tif,6826328,7,0.0176,1.76,0.0053,0,0.783
slovenia,g6_00009_4.tif,6826743,32,0.0805,8.05,0.1928,0,1.985
slovenia,g6_00009_4.tif,6875657,65,0.1635,16.35,0.0058,0,2.511
slovenia,g6_00009_4.tif,6875697,43,0.1082,10.82,0.4382,0,1.985
slovenia,g6_00009_4.tif,7068078,24,0.0604,6.04,0.0663,0,1.256
slovenia,g6_00009_5.tif,6085693,127,0.3195,31.95,0.5794,1,3.704
slovenia,g6_00009_5.tif,6085694,85,0.2138,21.38,0.7143,1,3.058
slovenia,g6_00009_5.tif,6275554,15,0.0377,3.77,0.0115,0,1.046
slovenia,g6_00009_5.tif,6355562,11,0.0277,2.77,0.0005,0,1.046
slovenia,g6_00009_5.tif,6355690,32,0.0805,8.05,0.0014,0,1.643
slovenia,g6_00009_5.tif,6494342,34,0.0855,8.55,0.0015,0,1.985
slovenia,g6_00009_5.tif,6494363,145,0.3648,36.48,0.0061,0,3.186
slovenia,g6_00009_5.tif,6612024,10,0.0252,2.52,0.0004,0,1.046
slovenia,g6_00009_5.tif,6644867,35,0.088,8.8,0.0016,0,1.643
slovenia,g6_00009_5.tif,6694727,40,0.1006,10.06,0.0307,0,1.643
slovenia,g6_00009_5.tif,6708188,60,0.1509,15.09,0.2015,0,3.058
slovenia,g6_00009_5.tif,6750250,58,0.1459,14.59,0.0021,0,3.058
slovenia,g6_00009_5.tif,6927516,329,0.8276,82.76,0.3386,0,5.005
slovenia,g6_00009_5.tif,6927517,63,0.1585,15.85,0.0899,0,2.126
slovenia,g6_00009_5.tif,6927519,20,0.0503,5.03,0.028,0,1.985
slovenia,g6_00009_5.tif,6927520,6,0.0151,1.51,0.0099,0,0.419
slovenia,g6_00009_5.tif,6927522,26,0.0654,6.54,0.2921,0,1.985
slovenia,g6_00009_5.tif,7068083,30,0.0755,7.55,0.0014,0,1.643
slovenia,g6_00009_5.tif,7068084,28,0.0704,7.04,0.001,0,1.643
slovenia,g6_00009_6.tif,6085693,110,0.2767,27.67,0.2926,0,4.409
slovenia,g6_00009_6.tif,6540172,214,0.5383,53.83,0.0041,0,3.704
slovenia,g6_00009_6.tif,6540174,14,0.0352,3.52,0.0004,0,1.046
slovenia,g6_00009_6.tif,6540180,31,0.078,7.8,0.0231,0,1.256
slovenia,g6_00009_6.tif,6891406,19,0.0478,4.78,0.2639,0,1.643
slovenia,g6_00009_6.tif,6891408,40,0.1006,10.06,0.0587,0,1.256
slovenia,g6_00009_6.tif,6954219,16,0.0402,4.02,0.1333,0,1.046
slovenia,g6_00009_6.tif,6974470,73,0.1836,18.36,0.2876,0,3.058
slovenia,g6_00009_6.tif,6974473,70,0.1761,17.61,0.134,0,2.511
slovenia,g6_00014_3.tif,6201304,190,0.4749,47.49,0.0208,0,3.744
slovenia,g6_00014_3.tif,6201309,75,0.1875,18.75,0.3743,0,3.744
slovenia,g6_00014_3.tif,6201311,184,0.4599,45.99,0.6386,1,5.592
slovenia,g6_00014_3.tif,6201315,187,0.4674,46.74,0.0876,0,3.189
slovenia,g6_00014_3.tif,6201318,190,0.4749,47.49,0.4834,0,2.08
slovenia,g6_00014_3.tif,6201320,137,0.3425,34.25,0.3851,0,2.08
slovenia,g6_00014_3.tif,6201714,42,0.105,10.5,0.0047,0,1.248
slovenia,g6_00014_3.tif,6203805,392,0.9799,97.99,0.7511,1,6.348
slovenia,g6_00014_3.tif,6203821,105,0.2625,26.25,0.07,0,2.354
slovenia,g6_00014_3.tif,6222141,116,0.29,29.0,0.288,0,1.637
slovenia,g6_00014_3.tif,6222146,93,0.2325,23.25,0.505,1,1.987
slovenia,g6_00014_3.tif,6222202,15,0.0375,3.75,0.0377,0,1.046
slovenia,g6_00014_3.tif,6222204,24,0.06,6.0,0.0561,0,1.248
slovenia,g6_00014_3.tif,6322619,13,0.0325,3.25,0.0013,0,1.046
slovenia,g6_00014_3.tif,6322621,192,0.4799,47.99,0.1841,0,2.08
slovenia,g6_00014_3.tif,6322627,222,0.5549,55.49,0.105,0,5.0
slovenia,g6_00014_3.tif,6322630,72,0.18,18.0,0.0079,0,1.046
slovenia,g6_00014_3.tif,6322787,82,0.205,20.5,0.0396,0,1.046
slovenia,g6_00014_3.tif,6339191,111,0.2775,27.75,0.0123,0,1.987
slovenia,g6_00014_3.tif,6339193,107,0.2675,26.75,0.0119,0,2.08
slovenia,g6_00014_3.tif,6339196,91,0.2275,22.75,0.1576,0,1.248
slovenia,g6_00014_3.tif,6529297,24,0.06,6.0,0.0159,0,1.248
slovenia,g6_00014_3.tif,6529298,43,0.1075,10.75,0.0312,0,2.08
slovenia,g6_00014_3.tif,6529302,306,0.7649,76.49,0.0284,0,6.434
slovenia,g6_00014_3.tif,6529303,195,0.4874,48.74,0.0208,0,4.67
slovenia,g6_00014_3.tif,6529305,279,0.6974,69.74,0.6452,1,3.189
slovenia,g6_00014_3.tif,6570333,240,0.5999,59.99,0.0267,0,5.125
slovenia,g6_00014_3.tif,6570361,122,0.305,30.5,0.0134,0,1.987
slovenia,g6_00014_3.tif,6570460,314,0.7849,78.49,0.0272,0,3.189
slovenia,g6_00014_3.tif,6570511,461,1.1524,115.24,0.8889,1,7.905
slovenia,g6_00014_3.tif,6570630,17,0.0425,4.25,0.0663,0,1.046
slovenia,g6_00014_3.tif,6754144,139,0.3475,34.75,0.0032,0,2.127
slovenia,g6_00014_3.tif,6859479,142,0.355,35.5,0.0151,0,1.987
slovenia,g6_00014_3.tif,6958494,24,0.06,6.0,0.0206,0,1.637
slovenia,g6_00014_3.tif,7003293,11,0.0275,2.75,0.0,0,1.046
slovenia,g6_00014_3.tif,7003300,142,0.355,35.5,0.0424,0,3.915
slovenia,g6_00014_3.tif,7003386,78,0.195,19.5,0.3763,0,3.284
slovenia,g6_00014_3.tif,7003551,33,0.0825,8.25,0.0601,0,1.248
slovenia,g6_00014_4.tif,6201298,211,0.5309,53.09,0.1917,0,4.46
slovenia,g6_00014_4.tif,6201299,49,0.1233,12.33,0.0453,0,2.094
slovenia,g6_00014_4.tif,6201308,61,0.1535,15.35,0.0448,0,2.094
slovenia,g6_00014_4.tif,6201309,164,0.4127,41.27,0.1246,0,4.46
slovenia,g6_00014_4.tif,6203805,255,0.6416,64.16,0.0336,0,3.556
slovenia,g6_00014_4.tif,6203820,5,0.0126,1.26,0.0005,0,0.783
slovenia,g6_00014_4.tif,6203821,109,0.2743,27.43,0.0577,0,2.511
slovenia,g6_00014_4.tif,6203827,85,0.2139,21.39,0.0152,0,2.367
slovenia,g6_00014_4.tif,6203940,41,0.1032,10.32,0.0054,0,1.643
slovenia,g6_00014_4.tif,6205933,15,0.0377,3.77,0.088,0,0.783
slovenia,g6_00014_4.tif,6205935,77,0.1937,19.37,0.5469,1,2.126
slovenia,g6_00014_4.tif,6322619,234,0.5888,58.88,0.1778,0,5.819
slovenia,g6_00014_4.tif,6322643,16,0.0403,4.03,0.0122,0,1.256
slovenia,g6_00014_4.tif,6529295,317,0.7976,79.76,0.7323,1,7.828
slovenia,g6_00014_4.tif,6570322,6,0.0151,1.51,0.023,0,0.783
slovenia,g6_00014_4.tif,6570630,79,0.1988,19.88,0.06,0,1.984
slovenia,g6_00014_4.tif,6859476,221,0.5561,55.61,0.0291,0,6.535
slovenia,g6_00014_4.tif,6859651,182,0.4579,45.79,0.0231,0,4.671
slovenia,g6_00014_4.tif,6859699,18,0.0453,4.53,0.0024,0,0.783
slovenia,g6_00014_4.tif,6978643,21,0.0528,5.28,0.3611,0,1.984
slovenia,g6_00014_4.tif,6978673,34,0.0855,8.55,0.0761,0,1.256
slovenia,g6_00014_4.tif,6978675,30,0.0755,7.55,0.0624,0,1.256
slovenia,g6_00014_5.tif,6147188,167,0.4202,42.02,0.6094,1,3.704
slovenia,g6_00014_5.tif,6147190,96,0.2416,24.16,0.0043,0,3.769
slovenia,g6_00014_5.tif,6147192,3,0.0075,0.75,0.0035,0,0.419
slovenia,g6_00014_5.tif,6147194,18,0.0453,4.53,0.0804,0,1.046
slovenia,g6_00014_5.tif,6147203,121,0.3045,30.45,0.1644,0,2.126
slovenia,g6_00014_5.tif,6147209,28,0.0705,7.05,0.2414,0,1.256
slovenia,g6_00014_5.tif,6147210,136,0.3422,34.22,0.0049,0,2.511
slovenia,g6_00014_5.tif,6147261,7,0.0176,1.76,0.0003,0,1.046
slovenia,g6_00014_5.tif,6437722,43,0.1082,10.82,0.2886,0,1.984
slovenia,g6_00014_5.tif,6437723,114,0.2868,28.68,0.3085,0,2.126
slovenia,g6_00014_5.tif,6437732,230,0.5787,57.87,0.2659,0,2.367
slovenia,g6_00014_5.tif,6437871,11,0.0277,2.77,0.0003,0,1.256
slovenia,g6_00014_5.tif,6437913,118,0.2969,29.69,0.3369,0,2.511
slovenia,g6_00014_5.tif,6437953,30,0.0755,7.55,0.4912,0,1.643
slovenia,g6_00014_5.tif,6438079,141,0.3548,35.48,0.7216,1,3.704
slovenia,g6_00014_5.tif,6496829,226,0.5687,56.87,0.2166,0,3.282
slovenia,g6_00014_5.tif,6496834,147,0.3699,36.99,0.1145,0,3.556
slovenia,g6_00014_5.tif,6496839,69,0.1736,17.36,0.0887,0,2.126
slovenia,g6_00014_5.tif,6497108,149,0.3749,37.49,0.0071,0,3.282
slovenia,g6_00014_5.tif,6497210,12,0.0302,3.02,0.0095,0,1.046
slovenia,g6_00014_5.tif,6570322,23,0.0579,5.79,0.0657,0,1.046
slovenia,g6_00014_5.tif,6587761,330,0.8303,83.03,0.3074,0,3.186
slovenia,g6_00014_5.tif,6587768,98,0.2466,24.66,0.497,0,2.511
slovenia,g6_00014_5.tif,6587773,84,0.2114,21.14,0.1152,0,1.046
slovenia,g6_00014_5.tif,6587776,18,0.0453,4.53,0.0009,0,1.046
slovenia,g6_00014_5.tif,6587947,32,0.0805,8.05,0.0015,0,1.984
slovenia,g6_00014_5.tif,6702947,95,0.239,23.9,0.6067,1,2.126
slovenia,g6_00014_5.tif,6702948,38,0.0956,9.56,0.0016,0,2.094
slovenia,g6_00014_5.tif,6702957,161,0.4051,40.51,0.1834,0,2.511
slovenia,g6_00014_5.tif,6702964,110,0.2768,27.68,0.1462,0,1.643
slovenia,g6_00014_5.tif,6702971,107,0.2692,26.92,0.6364,1,3.556
slovenia,g6_00014_5.tif,6702977,201,0.5058,50.58,0.0094,0,3.556
slovenia,g6_00014_5.tif,6702978,105,0.2642,26.42,0.4104,0,3.186
slovenia,g6_00014_5.tif,6702986,20,0.0503,5.03,0.001,0,1.643
slovenia,g6_00014_5.tif,6702987,55,0.1384,13.84,0.0025,0,1.643
slovenia,g6_00014_5.tif,6702992,115,0.2894,28.94,0.0041,0,2.932
slovenia,g6_00014_5.tif,6703907,44,0.1107,11.07,0.202,0,1.046
slovenia,g6_00014_5.tif,6703931,55,0.1384,13.84,0.2266,0,1.984
slovenia,g6_00014_5.tif,6836613,43,0.1082,10.82,0.0021,0,1.643
slovenia,g6_00014_5.tif,6836656,8,0.0201,2.01,0.0004,0,1.046
slovenia,g6_00014_5.tif,6836687,103,0.2592,25.92,0.0039,0,3.058
slovenia,g6_00017_4.tif,6134668,54,0.135,13.5,0.0422,0,1.637
slovenia,g6_00017_4.tif,6154528,33,0.0825,8.25,0.0,0,1.637
slovenia,g6_00017_4.tif,6187558,53,0.1325,13.25,0.0775,0,1.046
slovenia,g6_00017_4.tif,6187559,10,0.025,2.5,0.0117,0,1.046
slovenia,g6_00017_4.tif,6187563,65,0.1625,16.25,0.122,0,1.637
slovenia,g6_00017_4.tif,6187689,20,0.05,5.0,0.0292,0,1.637
slovenia,g6_00017_4.tif,6187939,12,0.03,3.0,0.0,0,1.046
slovenia,g6_00017_4.tif,6187940,365,0.9126,91.26,0.8388,1,5.743
slovenia,g6_00017_4.tif,6187941,356,0.8901,89.01,0.804,1,5.126
slovenia,g6_00017_4.tif,6188119,62,0.155,15.5,0.2245,0,2.355
slovenia,g6_00017_4.tif,6188201,15,0.0375,3.75,0.061,0,1.248
slovenia,g6_00017_4.tif,6188249,34,0.085,8.5,0.2771,0,1.248
slovenia,g6_00017_4.tif,6188286,70,0.175,17.5,0.183,0,1.248
slovenia,g6_00017_4.tif,6188308,95,0.2375,23.75,0.2443,0,3.049
slovenia,g6_00017_4.tif,6529297,91,0.2275,22.75,0.212,0,1.637
slovenia,g6_00017_4.tif,6529298,116,0.29,29.0,0.2937,0,3.049
slovenia,g6_00017_4.tif,6534863,14,0.035,3.5,0.0023,0,1.046
slovenia,g6_00017_4.tif,6559002,36,0.09,9.0,0.4722,0,1.637
slovenia,g6_00017_4.tif,6559011,4,0.01,1.0,0.0571,0,0.416
slovenia,g6_00017_4.tif,6565774,96,0.24,24.0,0.7561,1,4.39
slovenia,g6_00017_4.tif,6565775,90,0.225,22.5,0.0347,0,1.987
slovenia,g6_00017_4.tif,6565790,135,0.3375,33.75,0.2107,0,2.355
slovenia,g6_00017_4.tif,6565792,80,0.2,20.0,0.6172,1,3.189
slovenia,g6_00017_4.tif,6565795,170,0.4251,42.51,0.4222,0,3.284
slovenia,g6_00017_4.tif,6565835,65,0.1625,16.25,0.8333,1,2.355
slovenia,g6_00017_4.tif,6565836,11,0.0275,2.75,0.141,0,1.046
slovenia,g6_00017_4.tif,6566186,99,0.2475,24.75,0.0655,0,1.637
slovenia,g6_00017_4.tif,6566187,24,0.06,6.0,0.0246,0,1.046
slovenia,g6_00017_4.tif,6566213,15,0.0375,3.75,0.0154,0,0.785
slovenia,g6_00017_4.tif,6591667,23,0.0575,5.75,0.0976,0,1.248
slovenia,g6_00017_4.tif,6591838,41,0.1025,10.25,0.0,0,1.637
slovenia,g6_00017_4.tif,6749466,132,0.33,33.0,0.7386,1,4.39
slovenia,g6_00017_4.tif,6749469,51,0.1275,12.75,0.6984,1,2.081
slovenia,g6_00017_4.tif,6749883,183,0.4576,45.76,0.7696,1,3.915
slovenia,g6_00017_4.tif,6754133,240,0.6001,60.01,0.0552,0,5.942
slovenia,g6_00017_4.tif,6754157,30,0.075,7.5,0.1346,0,1.046
slovenia,g6_00017_4.tif,6754388,39,0.0975,9.75,0.2318,0,1.248
slovenia,g6_00017_4.tif,6988055,124,0.31,31.0,0.1813,0,1.987
slovenia,g6_00017_4.tif,6988394,5,0.0125,1.25,0.0667,0,0.785
slovenia,g6_00017_5.tif,6152309,181,0.4555,45.55,0.6987,1,5.108
slovenia,g6_00017_5.tif,6152310,281,0.7072,70.72,0.8617,1,7.164
slovenia,g6_00017_5.tif,6201298,37,0.0931,9.31,0.0165,0,2.367
slovenia,g6_00017_5.tif,6201299,59,0.1485,14.85,0.035,0,2.094
slovenia,g6_00017_5.tif,6203820,297,0.7475,74.75,0.5057,1,7.216
slovenia,g6_00017_5.tif,6859476,97,0.2441,24.41,0.16,0,3.705
slovenia,g6_00017_5.tif,6978643,433,1.0898,108.98,0.7751,1,9.105
slovenia,g6_00017_6.tif,6152304,228,0.5738,57.38,0.3757,0,3.705
slovenia,g6_00017_6.tif,6152306,258,0.6493,64.93,0.3972,0,4.411
slovenia,g6_00017_6.tif,6180898,81,0.2039,20.39,0.0534,0,1.984
slovenia,g6_00017_6.tif,6180900,149,0.375,37.5,0.5211,1,3.556
slovenia,g6_00017_6.tif,6180948,113,0.2844,28.44,0.3378,0,2.511
slovenia,g6_00017_6.tif,6181028,41,0.1032,10.32,0.1543,0,1.046
slovenia,g6_00017_6.tif,6181079,45,0.1133,11.33,0.0183,0,2.126
slovenia,g6_00017_6.tif,6181110,14,0.0352,3.52,0.0066,0,1.046
slovenia,g6_00017_6.tif,6525242,19,0.0478,4.78,0.0404,0,1.046
slovenia,g6_00017_6.tif,6599799,111,0.2794,27.94,0.5204,1,4.388
slovenia,g6_00017_6.tif,6599803,150,0.3775,37.75,0.1109,0,1.984
slovenia,g6_00017_6.tif,6656815,331,0.8331,83.31,0.1843,0,2.932
slovenia,g6_00017_6.tif,6656841,113,0.2844,28.44,0.503,1,2.367
slovenia,g6_00017_6.tif,6656845,47,0.1183,11.83,0.0506,0,2.126
slovenia,g6_00017_6.tif,6656850,70,0.1762,17.62,0.0924,0,2.367
slovenia,g6_00017_6.tif,6657171,201,0.5059,50.59,0.1196,0,2.094
slovenia,g6_00017_6.tif,6657228,17,0.0428,4.28,0.0101,0,1.046
slovenia,g6_00017_6.tif,6657523,4,0.0101,1.01,0.029,0,0.419
slovenia,g6_00017_6.tif,6714968,168,0.4228,42.28,0.3801,0,3.705
slovenia,g6_00017_6.tif,6714969,97,0.2441,24.41,0.1567,0,2.367
slovenia,g6_00017_6.tif,6714972,151,0.38,38.0,0.3952,0,2.511
slovenia,g6_00017_6.tif,6714976,107,0.2693,26.93,0.0572,0,3.059
slovenia,g6_00017_6.tif,6714977,159,0.4002,40.02,0.1221,0,2.932
slovenia,g6_00017_6.tif,6935664,122,0.307,30.7,0.0,0,4.388
slovenia,g6_00017_6.tif,6978646,71,0.1787,17.87,0.1378,0,2.126
slovenia,g6_00017_6.tif,6978653,68,0.1711,17.11,0.0,0,3.939
slovenia,g6_00017_6.tif,6978655,92,0.2315,23.15,0.3611,0,1.643
slovenia,g6_00017_6.tif,6978663,330,0.8305,83.05,0.6988,1,5.767
slovenia,g6_00017_6.tif,6978665,131,0.3297,32.97,0.7744,1,3.186
slovenia,g6_00017_6.tif,6978669,222,0.5587,55.87,0.5787,1,4.46
slovenia,g6_00017_6.tif,6978688,153,0.3851,38.51,0.0161,0,4.411
slovenia,g6_00017_6.tif,6978718,4,0.0101,1.01,0.0143,0,0.419
slovenia,g6_00017_6.tif,6978719,295,0.7425,74.25,0.7318,1,5.153
slovenia,g6_00017_6.tif,6978726,90,0.2265,22.65,0.4384,0,1.643
slovenia,g6_00017_6.tif,6978778,5,0.0126,1.26,0.0197,0,0.419
slovenia,g6_00017_6.tif,7018370,117,0.2945,29.45,0.0696,0,1.643
slovenia,g6_00017_6.tif,7018402,104,0.2617,26.17,0.0,0,2.126
slovenia,g6_00017_6.tif,7018419,98,0.2466,24.66,0.0027,0,2.126
slovenia,g6_00017_6.tif,7018437,59,0.1485,14.85,0.0989,0,1.643
slovenia,g6_00017_6.tif,7018461,15,0.0378,3.78,0.02,0,1.046
slovenia,g6_00017_6.tif,7018473,11,0.0277,2.77,0.0199,0,1.046
slovenia,g6_00017_6.tif,7018474,22,0.0554,5.54,0.0206,0,1.257
slovenia,g6_00017_6.tif,7019154,110,0.2768,27.68,0.0655,0,1.643
slovenia,g6_00017_6.tif,7019491,88,0.2215,22.15,0.0,0,1.984
slovenia,g6_00017_6.tif,7019678,70,0.1762,17.62,0.0601,0,1.643
slovenia,g6_00020_5.tif,6134624,38,0.095,9.5,0.005,0,2.355
slovenia,g6_00020_5.tif,6134625,58,0.1451,14.51,0.0062,0,1.987
slovenia,g6_00020_5.tif,6187555,192,0.4802,48.02,0.587,1,3.69
slovenia,g6_00020_5.tif,6187575,51,0.1275,12.75,0.0069,0,2.127
slovenia,g6_00020_5.tif,6525249,24,0.06,6.0,0.1186,0,1.046
slovenia,g6_00020_5.tif,6565766,65,0.1626,16.26,0.1602,0,2.507
slovenia,g6_00020_5.tif,6565811,96,0.2401,24.01,0.0104,0,4.462
slovenia,g6_00020_5.tif,6565835,102,0.2551,25.51,0.3089,0,2.127
slovenia,g6_00020_5.tif,6565836,356,0.8903,89.03,0.6313,1,5.431
slovenia,g6_00020_5.tif,6640602,268,0.6703,67.03,0.8577,1,6.351
slovenia,g6_00020_5.tif,6988050,32,0.08,8.0,0.0043,0,1.046
slovenia,g6_00020_5.tif,6988070,19,0.0475,4.75,0.145,0,1.637
slovenia,g6_00020_5.tif,6988077,78,0.1951,19.51,0.0106,0,3.05
slovenia,g6_00020_5.tif,6988079,38,0.095,9.5,0.0052,0,1.637
slovenia,g6_00020_5.tif,6988081,38,0.095,9.5,0.0052,0,1.987
slovenia,g6_00020_5.tif,6988394,21,0.0525,5.25,0.0028,0,1.637
slovenia,g6_00020_5.tif,6989140,58,0.1451,14.51,0.1107,0,3.189
slovenia,g6_00020_6.tif,6174567,96,0.2417,24.17,0.0317,0,3.059
slovenia,g6_00020_6.tif,6174569,259,0.652,65.2,0.8517,1,4.609
slovenia,g6_00020_6.tif,6174585,39,0.0982,9.82,0.0583,0,2.095
slovenia,g6_00020_6.tif,6303371,103,0.2593,25.93,0.0184,0,2.933
slovenia,g6_00020_6.tif,6303373,20,0.0503,5.03,0.0037,0,1.257
slovenia,g6_00020_6.tif,6580758,75,0.1888,18.88,0.0697,0,3.706
slovenia,g6_00020_6.tif,6580769,33,0.0831,8.31,0.0,0,1.257
slovenia,g6_00020_6.tif,6580783,12,0.0302,3.02,0.0146,0,1.046
slovenia,g6_00020_6.tif,6775871,244,0.6142,61.42,0.6263,1,4.411
slovenia,g6_00020_6.tif,6794255,181,0.4557,45.57,0.0,0,3.976
slovenia,g6_00020_6.tif,6794258,20,0.0503,5.03,0.0,0,1.984
slovenia,g6_00020_6.tif,6794259,130,0.3273,32.73,0.7887,1,4.411
slovenia,g6_00020_6.tif,6906066,140,0.3524,35.24,0.1944,0,3.186
slovenia,g6_00020_6.tif,6906089,350,0.8811,88.11,0.0045,0,5.768
slovenia,g6_00020_6.tif,6906107,153,0.3852,38.52,0.2729,0,2.367
slovenia,g6_00020_6.tif,6906112,57,0.1435,14.35,0.2647,0,2.367
slovenia,g6_00020_6.tif,6906510,8,0.0201,2.01,0.0278,0,1.046
slovenia,g6_00020_6.tif,6997022,18,0.0453,4.53,0.24,0,1.046
slovenia,g6_00020_7.tif,6301462,89,0.224,22.4,0.0578,0,1.984
slovenia,g6_00020_7.tif,6320753,243,0.6117,61.17,0.1578,0,3.556
slovenia,g6_00020_7.tif,6320757,126,0.3172,31.72,0.0255,0,2.367
slovenia,g6_00020_7.tif,6320762,155,0.3902,39.02,0.6898,1,3.186
slovenia,g6_00020_7.tif,6320772,12,0.0302,3.02,0.0078,0,1.046
slovenia,g6_00020_7.tif,6320803,242,0.6092,60.92,0.1571,0,4.388
slovenia,g6_00020_7.tif,6320807,13,0.0327,3.27,0.0084,0,1.046
slovenia,g6_00020_7.tif,6436729,13,0.0327,3.27,0.1066,0,1.046
slovenia,g6_00020_7.tif,6775840,48,0.1208,12.08,0.0298,0,2.095
slovenia,g6_00020_7.tif,6775853,181,0.4557,45.57,0.0323,0,4.411
slovenia,g6_00020_7.tif,6775857,177,0.4456,44.56,0.5302,1,3.059
slovenia,g6_00020_7.tif,6776550,27,0.068,6.8,0.0687,0,1.046
slovenia,g6_00020_7.tif,7057916,66,0.1661,16.61,0.0073,0,3.059
slovenia,g6_00020_7.tif,7057921,146,0.3675,36.75,0.0948,0,2.126
slovenia,g6_00023_15.tif,6111432,299,0.7529,75.29,0.5652,1,7.217
slovenia,g6_00023_15.tif,6232840,1360,3.4245,342.45,0.9376,1,13.83
slovenia,g6_00023_15.tif,6232846,230,0.5791,57.91,0.3592,0,5.005
slovenia,g6_00023_15.tif,6250367,260,0.6547,65.47,0.7154,1,4.61
slovenia,g6_00023_15.tif,6250371,135,0.3399,33.99,0.8681,1,4.61
slovenia,g6_00023_15.tif,6268134,53,0.1335,13.35,0.0262,0,2.368
slovenia,g6_00023_15.tif,6268330,18,0.0453,4.53,0.1507,0,1.984
slovenia,g6_00023_15.tif,6270672,277,0.6975,69.75,0.405,0,5.589
slovenia,g6_00023_15.tif,6270675,69,0.1737,17.37,0.8267,1,2.934
slovenia,g6_00023_15.tif,6319534,236,0.5943,59.43,0.7528,1,3.941
slovenia,g6_00023_15.tif,6319589,217,0.5464,54.64,0.4807,0,2.934
slovenia,g6_00023_15.tif,6319592,302,0.7604,76.04,0.7354,1,3.941
slovenia,g6_00023_15.tif,6362656,1293,3.2558,325.58,0.8266,1,13.036
slovenia,g6_00023_15.tif,6362662,298,0.7504,75.04,0.1168,0,3.976
slovenia,g6_00023_15.tif,6362877,859,2.163,216.3,0.7055,1,11.597
slovenia,g6_00023_15.tif,6362964,19,0.0478,4.78,0.0124,0,0.783
slovenia,g6_00023_15.tif,6408126,29,0.073,7.3,0.4545,0,1.984
slovenia,g6_00023_15.tif,6408127,182,0.4583,45.83,0.8579,1,5.005
slovenia,g6_00023_15.tif,6453825,314,0.7907,79.07,0.7464,1,6.287
slovenia,g6_00023_15.tif,6574775,576,1.4504,145.04,0.7553,1,5.921
slovenia,g6_00023_15.tif,6575099,544,1.3698,136.98,0.7608,1,4.61
slovenia,g6_00023_15.tif,6575135,265,0.6673,66.73,0.5246,1,2.096
slovenia,g6_00023_15.tif,6575142,276,0.695,69.5,0.3364,0,2.934
slovenia,g6_00023_15.tif,6575181,387,0.9745,97.45,0.7876,1,2.934
slovenia,g6_00023_15.tif,6599563,343,0.8637,86.37,0.5037,1,3.186
slovenia,g6_00023_15.tif,6599577,224,0.564,56.4,0.9156,1,4.387
slovenia,g6_00023_15.tif,6611666,512,1.2892,128.92,0.7602,1,6.791
slovenia,g6_00023_15.tif,6640849,544,1.3698,136.98,0.5432,1,6.094
slovenia,g6_00023_15.tif,6658482,584,1.4705,147.05,0.3711,0,8.705
slovenia,g6_00023_15.tif,6658486,291,0.7327,73.27,0.423,0,3.941
slovenia,g6_00023_15.tif,6659719,170,0.4281,42.81,0.0464,0,3.706
slovenia,g6_00023_15.tif,6666591,437,1.1004,110.04,0.8308,1,7.125
slovenia,g6_00023_15.tif,6666592,22,0.0554,5.54,0.0107,0,1.257
slovenia,g6_00023_15.tif,6666593,395,0.9946,99.46,0.038,0,5.589
slovenia,g6_00023_15.tif,6666602,7,0.0176,1.76,0.0233,0,0.419
slovenia,g6_00023_15.tif,6666604,142,0.3576,35.76,0.458,0,3.706
slovenia,g6_00023_15.tif,6666779,978,2.4626,246.26,0.499,0,10.739
slovenia,g6_00023_15.tif,6666780,403,1.0148,101.48,0.6932,1,4.61
slovenia,g6_00023_15.tif,6666789,637,1.604,160.4,0.8171,1,8.301
slovenia,g6_00023_15.tif,6666799,310,0.7806,78.06,0.765,1,7.166
slovenia,g6_00023_15.tif,6666804,386,0.972,97.2,0.677,1,5.589
slovenia,g6_00023_15.tif,6670715,374,0.9417,94.17,0.0172,0,5.589
slovenia,g6_00023_15.tif,6691922,408,1.0274,102.74,0.7451,1,7.532
slovenia,g6_00023_15.tif,6724651,97,0.2442,24.42,0.89,1,4.61
slovenia,g6_00023_15.tif,6724656,277,0.6975,69.75,0.1273,0,3.282
slovenia,g6_00023_15.tif,6736609,108,0.2719,27.19,0.1416,0,3.186
slovenia,g6_00023_15.tif,6802234,18,0.0453,4.53,0.0,0,1.046
slovenia,g6_00023_15.tif,6802281,405,1.0198,101.98,0.7758,1,6.094
slovenia,g6_00023_15.tif,6891334,1175,2.9587,295.87,0.6723,1,12.799
slovenia,g6_00023_15.tif,6891339,920,2.3166,231.66,0.8789,1,10.266
slovenia,g6_00023_15.tif,6891344,527,1.327,132.7,0.6471,1,8.371
slovenia,g6_00023_15.tif,6891636,647,1.6292,162.92,0.7125,1,10.729
slovenia,g6_00023_15.tif,6891649,324,0.8158,81.58,0.4205,0,4.412
slovenia,g6_00023_15.tif,6891728,342,0.8612,86.12,0.3158,0,5.769
slovenia,g6_00023_15.tif,6891740,125,0.3148,31.48,0.5922,1,1.643
slovenia,g6_00023_15.tif,6908527,435,1.0953,109.53,0.1064,0,3.941
slovenia,g6_00023_15.tif,6908530,99,0.2493,24.93,0.228,0,2.511
slovenia,g6_00023_15.tif,6975417,105,0.2644,26.44,0.5622,1,3.557
slovenia,g6_00023_15.tif,7014833,326,0.8209,82.09,0.7861,1,5.448
slovenia,g6_00023_15.tif,7014839,361,0.909,90.9,0.4511,0,5.589
slovenia,g6_00023_15.tif,7014970,32,0.0806,8.06,0.1164,0,1.643
slovenia,g6_00023_15.tif,7018617,180,0.4532,45.32,0.3782,0,2.096
slovenia,g6_00023_15.tif,7018619,422,1.0626,106.26,0.4209,0,5.005
slovenia,g6_00023_15.tif,7018622,358,0.9015,90.15,0.1597,0,6.461
slovenia,g6_00023_15.tif,7018906,172,0.4331,43.31,0.1246,0,3.186
slovenia,g6_00023_15.tif,7018907,188,0.4734,47.34,0.7119,1,3.282
slovenia,g6_00023_15.tif,7019234,281,0.7076,70.76,0.265,0,3.059
slovenia,g6_00023_15.tif,7044216,35,0.0881,8.81,0.1838,0,2.126
slovenia,g6_00023_15.tif,7064082,64,0.1612,16.12,0.1628,0,2.934
slovenia,g6_00023_15.tif,7064086,261,0.6572,65.72,0.8165,1,3.706
slovenia,g6_00023_16.tif,6111442,116,0.2921,29.21,0.0236,0,4.387
slovenia,g6_00023_16.tif,6141489,148,0.3727,37.27,0.3906,0,1.984
slovenia,g6_00023_16.tif,6171463,19,0.0478,4.78,0.0116,0,1.257
slovenia,g6_00023_16.tif,6172340,673,1.6946,169.46,0.4682,0,6.467
slovenia,g6_00023_16.tif,6172343,751,1.891,189.1,0.3696,0,7.498
slovenia,g6_00023_16.tif,6250367,428,1.0777,107.77,0.6807,1,8.801
slovenia,g6_00023_16.tif,6268137,121,0.3047,30.47,0.0007,0,3.186
slovenia,g6_00023_16.tif,6270679,182,0.4583,45.83,0.2304,0,3.557
slovenia,g6_00023_16.tif,6324357,139,0.35,35.0,0.2321,0,3.143
slovenia,g6_00023_16.tif,6326019,885,2.2285,222.85,0.2434,0,11.626
slovenia,g6_00023_16.tif,6326158,57,0.1435,14.35,0.0349,0,1.643
slovenia,g6_00023_16.tif,6362656,75,0.1889,18.89,0.7812,1,2.934
slovenia,g6_00023_16.tif,6362663,206,0.5187,51.87,0.1132,0,2.126
slovenia,g6_00023_16.tif,6593065,377,0.9493,94.93,0.5983,1,7.992
slovenia,g6_00023_16.tif,6600429,70,0.1763,17.63,0.0159,0,3.143
slovenia,g6_00023_16.tif,6601224,7,0.0176,1.76,0.0011,0,0.419
slovenia,g6_00023_16.tif,6666597,137,0.345,34.5,0.477,0,4.412
slovenia,g6_00023_16.tif,6666599,293,0.7378,73.78,0.0192,0,3.186
slovenia,g6_00023_16.tif,6666600,199,0.5011,50.11,0.0,0,1.984
slovenia,g6_00023_16.tif,6666601,225,0.5666,56.66,0.0762,0,3.186
slovenia,g6_00023_16.tif,6666602,195,0.491,49.1,0.5802,1,3.772
slovenia,g6_00023_16.tif,6666607,73,0.1838,18.38,0.2683,0,2.096
slovenia,g6_00023_16.tif,6666795,449,1.1306,113.06,0.5944,1,6.839
slovenia,g6_00023_16.tif,6670713,345,0.8687,86.87,0.2192,0,4.387
slovenia,g6_00023_16.tif,6670714,344,0.8662,86.62,0.2346,0,7.125
slovenia,g6_00023_16.tif,6705284,293,0.7378,73.78,0.6215,1,5.589
slovenia,g6_00023_16.tif,6705321,103,0.2594,25.94,0.016,0,2.368
slovenia,g6_00023_16.tif,6714340,177,0.4457,44.57,0.2926,0,4.412
slovenia,g6_00023_16.tif,6715861,539,1.3572,135.72,0.0194,0,7.963
slovenia,g6_00023_16.tif,6716770,239,0.6018,60.18,0.3078,0,3.059
slovenia,g6_00023_16.tif,6726223,556,1.4,140.0,0.1264,0,6.393
slovenia,g6_00023_16.tif,6736607,180,0.4532,45.32,0.756,1,3.772
slovenia,g6_00023_16.tif,6736616,133,0.3349,33.49,0.3528,0,1.984
slovenia,g6_00023_16.tif,6736710,106,0.2669,26.69,0.206,0,2.368
slovenia,g6_00023_16.tif,6886248,424,1.0676,106.76,0.1898,0,4.387
slovenia,g6_00023_16.tif,6886585,244,0.6144,61.44,0.0053,0,4.387
slovenia,g6_00023_16.tif,6886587,121,0.3047,30.47,0.001,0,2.126
slovenia,g6_00023_16.tif,6908526,624,1.5712,157.12,0.0031,0,6.791
slovenia,g6_00023_16.tif,6908527,13,0.0327,3.27,0.0254,0,1.257
slovenia,g6_00023_16.tif,6908528,108,0.2719,27.19,0.0157,0,1.257
slovenia,g6_00023_16.tif,6936731,161,0.4054,40.54,0.0357,0,2.934
slovenia,g6_00023_16.tif,6936734,231,0.5817,58.17,0.0525,0,3.557
slovenia,g6_00023_16.tif,6936838,42,0.1058,10.58,0.0096,0,1.984
slovenia,g6_00023_16.tif,7014833,58,0.146,14.6,0.1914,0,2.368
slovenia,g6_00023_16.tif,7018612,562,1.4151,141.51,0.3744,0,5.448
slovenia,g6_00023_16.tif,7018621,428,1.0777,107.77,0.61,1,5.589
slovenia,g6_00023_16.tif,7018622,21,0.0529,5.29,0.039,0,1.257
slovenia,g6_00023_16.tif,7018629,255,0.6421,64.21,0.431,0,3.941
slovenia,g6_00023_16.tif,7018636,104,0.2619,26.19,0.0237,0,3.976
slovenia,g6_00023_16.tif,7052891,516,1.2993,129.93,0.3287,0,8.301
slovenia,g6_00023_17.tif,6112660,149,0.3752,37.52,0.0442,0,1.984
slovenia,g6_00023_17.tif,6112697,96,0.2417,24.17,0.0285,0,1.046
slovenia,g6_00023_17.tif,6163367,26,0.0655,6.55,0.0094,0,1.257
slovenia,g6_00023_17.tif,6178804,22,0.0554,5.54,0.015,0,1.046
slovenia,g6_00023_17.tif,6185194,234,0.5892,58.92,0.0301,0,3.282
slovenia,g6_00023_17.tif,6185196,216,0.5439,54.39,0.0247,0,3.557
slovenia,g6_00023_17.tif,6185197,126,0.3173,31.73,0.0158,0,2.511
slovenia,g6_00023_17.tif,6273099,325,0.8184,81.84,0.0419,0,5.769
slovenia,g6_00023_17.tif,6273103,175,0.4407,44.07,0.7946,1,4.504
slovenia,g6_00023_17.tif,6273320,13,0.0327,3.27,0.0008,0,0.783
slovenia,g6_00023_17.tif,6273464,142,0.3576,35.76,0.0183,0,3.059
slovenia,g6_00023_17.tif,6273473,2,0.005,0.5,0.0003,0,0.419
slovenia,g6_00023_17.tif,6341901,119,0.2996,29.96,0.5561,1,3.186
slovenia,g6_00023_17.tif,6341905,345,0.8687,86.87,0.0566,0,4.752
slovenia,g6_00023_17.tif,6341910,305,0.768,76.8,0.0895,0,6.393
slovenia,g6_00023_17.tif,6341912,14,0.0353,3.53,0.2059,0,1.046
slovenia,g6_00023_17.tif,6342217,98,0.2468,24.68,0.0281,0,1.643
slovenia,g6_00023_17.tif,6342266,29,0.073,7.3,0.0321,0,1.257
slovenia,g6_00023_17.tif,6363523,698,1.7576,175.76,0.1925,0,7.992
slovenia,g6_00023_17.tif,6558967,146,0.3676,36.76,0.2396,0,2.096
slovenia,g6_00023_17.tif,6600412,36,0.0906,9.06,0.1186,0,1.643
slovenia,g6_00023_17.tif,6600420,140,0.3525,35.25,0.2144,0,2.096
slovenia,g6_00023_17.tif,6600513,57,0.1435,14.35,0.25,0,2.511
slovenia,g6_00023_17.tif,6601205,11,0.0277,2.77,0.0176,0,1.046
slovenia,g6_00023_17.tif,6666595,362,0.9115,91.15,0.4199,0,6.467
slovenia,g6_00023_17.tif,6670694,52,0.1309,13.09,0.0049,0,3.059
slovenia,g6_00023_17.tif,6670695,587,1.4781,147.81,0.0734,0,9.381
slovenia,g6_00023_17.tif,6670730,246,0.6194,61.94,0.0455,0,2.934
slovenia,g6_00023_17.tif,6670749,55,0.1385,13.85,0.0071,0,2.934
slovenia,g6_00023_17.tif,6715839,1624,4.0893,408.93,0.2321,0,14.025
slovenia,g6_00023_17.tif,6715885,202,0.5086,50.86,0.0599,0,3.143
slovenia,g6_00023_17.tif,6715904,342,0.8612,86.12,0.6257,1,6.791
slovenia,g6_00023_17.tif,6736602,453,1.1407,114.07,0.8212,1,7.992
slovenia,g6_00023_17.tif,6736603,495,1.2464,124.64,0.8557,1,9.381
slovenia,g6_00023_17.tif,6886569,306,0.7705,77.05,0.3257,0,5.589
slovenia,g6_00023_17.tif,6886572,285,0.7176,71.76,0.804,1,7.217
slovenia,g6_00023_17.tif,6886573,251,0.632,63.2,0.7321,1,5.819
slovenia,g6_00023_17.tif,6886581,294,0.7403,74.03,0.0,0,4.46
slovenia,g6_00023_17.tif,6886582,267,0.6723,67.23,0.0,0,5.005
slovenia,g6_00023_17.tif,6886610,204,0.5137,51.37,0.8281,1,5.769
slovenia,g6_00023_17.tif,6908520,264,0.6648,66.48,0.034,0,6.791
slovenia,g6_00023_17.tif,6926864,93,0.2342,23.42,0.012,0,2.368
slovenia,g6_00023_17.tif,6946845,457,1.1507,115.07,0.8295,1,8.705
slovenia,g6_00023_17.tif,6946851,515,1.2968,129.68,0.625,1,7.125
slovenia,g6_00023_17.tif,6946859,169,0.4255,42.55,0.1134,0,3.941
slovenia,g6_00023_17.tif,6947031,431,1.0853,108.53,0.8566,1,7.831
slovenia,g6_00023_17.tif,6947050,81,0.204,20.4,0.038,0,1.643
slovenia,g6_00023_17.tif,6953414,310,0.7806,78.06,0.0833,0,3.186
slovenia,g6_00023_17.tif,6957581,229,0.5766,57.66,0.0263,0,4.412
slovenia,g6_00023_17.tif,6957587,231,0.5817,58.17,0.0298,0,3.557
slovenia,g6_00023_17.tif,6957594,215,0.5414,54.14,0.3138,0,2.368
slovenia,g6_00023_17.tif,6957870,262,0.6597,65.97,0.7385,1,5.155
slovenia,g6_00023_17.tif,6957927,105,0.2644,26.44,0.0098,0,1.984
slovenia,g6_00023_17.tif,6957966,13,0.0327,3.27,0.0379,0,1.046
slovenia,g6_00023_17.tif,6984788,142,0.3576,35.76,0.7792,1,2.934
slovenia,g6_00023_17.tif,6984944,447,1.1256,112.56,0.698,1,7.166
slovenia,g6_00023_17.tif,6984969,376,0.9468,94.68,0.8582,1,7.831
slovenia,g6_00023_17.tif,7045236,197,0.4961,49.61,0.1579,0,3.143
slovenia,g6_00023_17.tif,7064454,41,0.1032,10.32,0.0053,0,3.059
slovenia,g6_00023_18.tif,6094963,69,0.1737,17.37,0.0364,0,1.257
slovenia,g6_00023_18.tif,6094964,60,0.1511,15.11,0.1271,0,2.934
slovenia,g6_00023_18.tif,6094965,46,0.1158,11.58,0.0114,0,1.643
slovenia,g6_00023_18.tif,6094966,133,0.3349,33.49,0.7589,1,3.143
slovenia,g6_00023_18.tif,6094967,21,0.0529,5.29,0.0445,0,1.046
slovenia,g6_00023_18.tif,6094972,187,0.4709,47.09,0.0989,0,3.186
slovenia,g6_00023_18.tif,6094976,124,0.3122,31.22,0.0862,0,2.096
slovenia,g6_00023_18.tif,6095025,215,0.5414,54.14,0.3803,0,3.282
slovenia,g6_00023_18.tif,6095050,164,0.413,41.3,0.2242,0,3.772
slovenia,g6_00023_18.tif,6095061,203,0.5112,51.12,0.2839,0,3.706
slovenia,g6_00023_18.tif,6095749,62,0.1561,15.61,0.1155,0,1.984
slovenia,g6_00023_18.tif,6142461,251,0.632,63.2,0.2551,0,3.059
slovenia,g6_00023_18.tif,6185193,228,0.5741,57.41,0.1474,0,5.005
slovenia,g6_00023_18.tif,6185197,20,0.0504,5.04,0.3,0,1.984
slovenia,g6_00023_18.tif,6202138,39,0.0982,9.82,0.2917,0,2.368
slovenia,g6_00023_18.tif,6246367,57,0.1435,14.35,0.5093,1,1.257
slovenia,g6_00023_18.tif,6273103,70,0.1763,17.63,0.7363,1,3.143
slovenia,g6_00023_18.tif,6273126,28,0.0705,7.05,0.1296,0,1.984
slovenia,g6_00023_18.tif,6296125,199,0.5011,50.11,0.1702,0,2.368
slovenia,g6_00023_18.tif,6364858,421,1.0601,106.01,0.7749,1,5.57
slovenia,g6_00023_18.tif,6509340,187,0.4709,47.09,0.16,0,3.282
slovenia,g6_00023_18.tif,6558967,59,0.1486,14.86,0.196,0,2.368
slovenia,g6_00023_18.tif,6600410,82,0.2065,20.65,0.0756,0,2.368
slovenia,g6_00023_18.tif,6600412,118,0.2971,29.71,0.1811,0,1.643
slovenia,g6_00023_18.tif,6600513,367,0.9241,92.41,0.5474,1,5.109
slovenia,g6_00023_18.tif,6600580,43,0.1083,10.83,0.2761,0,1.257
slovenia,g6_00023_18.tif,6600588,38,0.0957,9.57,0.121,0,1.046
slovenia,g6_00023_18.tif,6600753,34,0.0856,8.56,0.2366,0,1.257
slovenia,g6_00023_18.tif,6601122,15,0.0378,3.78,0.1172,0,0.419
slovenia,g6_00023_18.tif,6605623,41,0.1032,10.32,0.0046,0,2.096
slovenia,g6_00023_18.tif,6605670,31,0.0781,7.81,0.2566,0,1.984
slovenia,g6_00023_18.tif,6624743,445,1.1205,112.05,0.845,1,8.301
slovenia,g6_00023_18.tif,6624752,176,0.4432,44.32,0.765,1,3.772
slovenia,g6_00023_18.tif,6624865,461,1.1608,116.08,0.755,1,7.532
slovenia,g6_00023_18.tif,6624874,554,1.395,139.5,0.2275,0,6.839
slovenia,g6_00023_18.tif,6643194,290,0.7302,73.02,0.5119,1,4.387
slovenia,g6_00023_18.tif,6643203,192,0.4835,48.35,0.2354,0,2.934
slovenia,g6_00023_18.tif,6643436,14,0.0353,3.53,0.0185,0,1.257
slovenia,g6_00023_18.tif,6670695,86,0.2166,21.66,0.7736,1,2.934
slovenia,g6_00023_18.tif,6670702,312,0.7856,78.56,0.2637,0,3.706
slovenia,g6_00023_18.tif,6670707,107,0.2694,26.94,0.1395,0,1.643
slovenia,g6_00023_18.tif,6670718,291,0.7327,73.27,0.7258,1,4.61
slovenia,g6_00023_18.tif,6670723,250,0.6295,62.95,0.0654,0,4.61
slovenia,g6_00023_18.tif,6670749,27,0.068,6.8,0.2143,0,1.643
slovenia,g6_00023_18.tif,6686380,26,0.0655,6.55,0.0163,0,1.643
slovenia,g6_00023_18.tif,6696060,92,0.2317,23.17,0.0773,0,1.257
slovenia,g6_00023_18.tif,6696128,105,0.2644,26.44,0.097,0,1.046
slovenia,g6_00023_18.tif,6738137,28,0.0705,7.05,0.0004,0,1.046
slovenia,g6_00023_18.tif,6742984,101,0.2543,25.43,0.0048,0,2.368
slovenia,g6_00023_18.tif,6742990,40,0.1007,10.07,0.0,0,2.096
slovenia,g6_00023_18.tif,6742996,177,0.4457,44.57,0.0719,0,2.126
slovenia,g6_00023_18.tif,6742998,243,0.6119,61.19,0.4266,0,1.984
slovenia,g6_00023_18.tif,6744391,136,0.3425,34.25,0.7102,1,3.772
slovenia,g6_00023_18.tif,6744403,23,0.0579,5.79,0.0459,0,1.257
slovenia,g6_00023_18.tif,6744404,13,0.0327,3.27,0.0052,0,1.046
slovenia,g6_00023_18.tif,6744551,41,0.1032,10.32,0.0323,0,1.257
slovenia,g6_00023_18.tif,6745909,159,0.4004,40.04,0.0619,0,3.059
slovenia,g6_00023_18.tif,6749903,244,0.6144,61.44,0.1469,0,3.976
slovenia,g6_00023_18.tif,6749907,351,0.8838,88.38,0.1153,0,4.387
slovenia,g6_00023_18.tif,6749914,204,0.5137,51.37,0.4492,0,3.186
slovenia,g6_00023_18.tif,6749921,235,0.5917,59.17,0.0925,0,3.059
slovenia,g6_00023_18.tif,6749974,10,0.0252,2.52,0.006,0,1.046
slovenia,g6_00023_18.tif,6794671,86,0.2166,21.66,0.0571,0,2.511
slovenia,g6_00023_18.tif,6794672,34,0.0856,8.56,0.018,0,1.643
slovenia,g6_00023_18.tif,6794809,59,0.1486,14.86,0.0431,0,2.126
slovenia,g6_00023_18.tif,6808650,59,0.1486,14.86,0.0263,0,1.984
slovenia,g6_00023_18.tif,6808651,94,0.2367,23.67,0.0566,0,1.984
slovenia,g6_00023_18.tif,6808663,233,0.5867,58.67,0.0973,0,3.186
slovenia,g6_00023_18.tif,6808666,115,0.2896,28.96,0.0075,0,2.934
slovenia,g6_00023_18.tif,6808686,244,0.6144,61.44,0.1048,0,5.441
slovenia,g6_00023_18.tif,6809339,46,0.1158,11.58,0.0066,0,1.257
slovenia,g6_00023_18.tif,6809855,7,0.0176,1.76,0.003,0,1.046
slovenia,g6_00023_18.tif,6863008,925,2.3292,232.92,0.7394,1,10.586
slovenia,g6_00023_18.tif,6863025,154,0.3878,38.78,0.368,0,2.096
slovenia,g6_00023_18.tif,6863027,160,0.4029,40.29,0.0963,0,2.126
slovenia,g6_00023_18.tif,6863033,380,0.9569,95.69,0.0372,0,5.589
slovenia,g6_00023_18.tif,6863034,298,0.7504,75.04,0.2642,0,2.368
slovenia,g6_00023_18.tif,6863036,337,0.8486,84.86,0.2295,0,4.412
slovenia,g6_00023_18.tif,6886583,512,1.2892,128.92,0.3839,0,4.671
slovenia,g6_00023_18.tif,6946862,389,0.9795,97.95,0.3442,0,5.769
slovenia,g6_00023_18.tif,6946863,261,0.6572,65.72,0.2583,0,2.934
slovenia,g6_00023_18.tif,6947815,37,0.0932,9.32,0.1095,0,2.368
slovenia,g6_00023_18.tif,6957579,176,0.4432,44.32,0.7381,1,4.46
slovenia,g6_00023_18.tif,6957594,4,0.0101,1.01,0.0133,0,0.419
slovenia,g6_00023_18.tif,6957602,113,0.2845,28.45,0.0806,0,2.126
slovenia,g6_00023_18.tif,6957666,7,0.0176,1.76,0.0262,0,0.783
slovenia,g6_00023_18.tif,6959711,525,1.322,132.2,0.8657,1,10.478
slovenia,g6_00023_18.tif,6984788,194,0.4885,48.85,0.6391,1,3.706
slovenia,g6_00023_18.tif,6984793,370,0.9317,93.17,0.2944,0,4.61
slovenia,g6_00023_18.tif,6984795,84,0.2115,21.15,0.0743,0,2.368
slovenia,g6_00023_18.tif,6992705,493,1.2414,124.14,0.8196,1,10.396
slovenia,g6_00023_18.tif,6992710,152,0.3827,38.27,0.5535,1,3.186
slovenia,g6_00023_18.tif,6992713,293,0.7378,73.78,0.5972,1,5.769
slovenia,g6_00024_0.tif,6094974,123,0.3077,30.77,0.2964,0,2.915
slovenia,g6_00024_0.tif,6121758,86,0.2151,21.51,0.1636,0,1.637
slovenia,g6_00024_0.tif,6121766,158,0.3952,39.52,0.0124,0,3.917
slovenia,g6_00024_0.tif,6121887,38,0.0951,9.51,0.0038,0,1.637
slovenia,g6_00024_0.tif,6283611,18,0.045,4.5,0.0459,0,1.249
slovenia,g6_00024_0.tif,6283615,94,0.2351,23.51,0.0263,0,3.691
slovenia,g6_00024_0.tif,6285642,337,0.843,84.3,0.9106,1,5.535
slovenia,g6_00024_0.tif,6285643,16,0.04,4.0,0.0213,0,1.637
slovenia,g6_00024_0.tif,6285647,138,0.3452,34.52,0.0145,0,3.05
slovenia,g6_00024_0.tif,6285648,143,0.3577,35.77,0.0156,0,3.05
slovenia,g6_00024_0.tif,6285872,48,0.1201,12.01,0.043,0,1.046
slovenia,g6_00024_0.tif,6296078,1055,2.6392,263.92,0.6927,1,12.801
slovenia,g6_00024_0.tif,6352006,84,0.2101,21.01,0.0682,0,1.637
slovenia,g6_00024_0.tif,6352011,32,0.0801,8.01,0.25,0,2.082
slovenia,g6_00024_0.tif,6352036,42,0.1051,10.51,0.0047,0,1.637
slovenia,g6_00024_0.tif,6425676,479,1.1983,119.83,0.8261,1,6.453
slovenia,g6_00024_0.tif,6425698,388,0.9706,97.06,0.7006,1,7.798
slovenia,g6_00024_0.tif,6425772,59,0.1476,14.76,0.132,0,2.356
slovenia,g6_00024_0.tif,6425894,29,0.0725,7.25,0.0552,0,1.637
slovenia,g6_00024_0.tif,6427240,157,0.3927,39.27,0.0084,0,3.05
slovenia,g6_00024_0.tif,6427380,29,0.0725,7.25,0.0032,0,0.785
slovenia,g6_00024_0.tif,6597569,315,0.788,78.8,0.4592,0,5.431
slovenia,g6_00024_0.tif,6597577,42,0.1051,10.51,0.0559,0,1.249
slovenia,g6_00024_0.tif,6742984,79,0.1976,19.76,0.0227,0,2.915
slovenia,g6_00024_0.tif,6749914,28,0.07,7.0,0.008,0,1.987
slovenia,g6_00024_0.tif,6808638,316,0.7905,79.05,0.7668,1,5.091
slovenia,g6_00024_0.tif,6808640,119,0.2977,29.77,0.6183,1,3.917
slovenia,g6_00024_0.tif,6947815,73,0.1826,18.26,0.021,0,3.189
slovenia,g6_00024_0.tif,6950300,10,0.025,2.5,0.0011,0,1.046
slovenia,g6_00024_0.tif,6950302,217,0.5428,54.28,0.0237,0,3.283
slovenia,g6_00024_1.tif,6117393,38,0.0957,9.57,0.1131,0,1.643
slovenia,g6_00024_1.tif,6117394,112,0.282,28.2,0.1721,0,1.643
slovenia,g6_00024_1.tif,6117395,131,0.3299,32.99,0.0394,0,3.186
slovenia,g6_00024_1.tif,6117398,25,0.063,6.3,0.0,0,1.046
slovenia,g6_00024_1.tif,6117401,133,0.3349,33.49,0.0779,0,1.984
slovenia,g6_00024_1.tif,6117480,156,0.3928,39.28,0.0,0,2.126
slovenia,g6_00024_1.tif,6117690,102,0.2568,25.68,0.0,0,1.984
slovenia,g6_00024_1.tif,6117691,35,0.0881,8.81,0.0,0,2.096
slovenia,g6_00024_1.tif,6117697,278,0.7,70.0,0.0,0,3.059
slovenia,g6_00024_1.tif,6117705,101,0.2543,25.43,0.8393,1,4.387
slovenia,g6_00024_1.tif,6117747,63,0.1586,15.86,0.0593,0,1.257
slovenia,g6_00024_1.tif,6117753,52,0.1309,13.09,0.0,0,1.257
slovenia,g6_00024_1.tif,6117805,52,0.1309,13.09,0.1322,0,2.511
slovenia,g6_00024_1.tif,6148141,48,0.1209,12.09,0.015,0,1.257
slovenia,g6_00024_1.tif,6162554,11,0.0277,2.77,0.0,0,1.046
slovenia,g6_00024_1.tif,6164121,50,0.1259,12.59,0.0,0,2.096
slovenia,g6_00024_1.tif,6164123,60,0.1511,15.11,0.0,0,2.368
slovenia,g6_00024_1.tif,6188364,81,0.204,20.4,0.0,0,1.643
slovenia,g6_00024_1.tif,6188367,4,0.0101,1.01,0.0,0,0.419
slovenia,g6_00024_1.tif,6188368,27,0.068,6.8,0.0,0,1.643
slovenia,g6_00024_1.tif,6188463,64,0.1612,16.12,0.0,0,1.984
slovenia,g6_00024_1.tif,6213667,253,0.6371,63.71,0.0,0,3.976
slovenia,g6_00024_1.tif,6213668,87,0.2191,21.91,0.2308,0,2.096
slovenia,g6_00024_1.tif,6213715,28,0.0705,7.05,0.0583,0,1.046
slovenia,g6_00024_1.tif,6233450,235,0.5917,59.17,0.7397,1,4.412
slovenia,g6_00024_1.tif,6233452,499,1.2565,125.65,0.0144,0,4.752
slovenia,g6_00024_1.tif,6233453,232,0.5842,58.42,0.0,0,2.126
slovenia,g6_00024_1.tif,6239979,25,0.063,6.3,0.0064,0,1.257
slovenia,g6_00024_1.tif,6285642,99,0.2493,24.93,0.7374,1,3.772
slovenia,g6_00024_1.tif,6285656,152,0.3827,38.27,0.0,0,2.511
slovenia,g6_00024_1.tif,6285872,35,0.0881,8.81,0.0,0,1.046
slovenia,g6_00024_1.tif,6425674,225,0.5666,56.66,0.0,0,2.126
slovenia,g6_00024_1.tif,6425676,6,0.0151,1.51,0.0,0,0.419
slovenia,g6_00024_1.tif,6425678,295,0.7428,74.28,0.0053,0,2.511
slovenia,g6_00024_1.tif,6460370,10,0.0252,2.52,0.0424,0,1.046
slovenia,g6_00024_1.tif,6597517,154,0.3878,38.78,0.0434,0,2.096
slovenia,g6_00024_1.tif,6597557,369,0.9292,92.92,0.0028,0,7.532
slovenia,g6_00024_1.tif,6606677,7,0.0176,1.76,0.0392,0,1.046
slovenia,g6_00024_1.tif,6606686,39,0.0982,9.82,0.0698,0,1.257
slovenia,g6_00024_1.tif,6614563,252,0.6345,63.45,0.7984,1,5.109
slovenia,g6_00024_1.tif,6813396,300,0.7554,75.54,0.0289,0,6.538
slovenia,g6_00024_1.tif,6817456,79,0.1989,19.89,0.5,1,3.059
slovenia,g6_00024_1.tif,6817458,28,0.0705,7.05,0.0123,0,1.046
slovenia,g6_00024_1.tif,6817460,37,0.0932,9.32,0.0,0,1.257
slovenia,g6_00024_1.tif,6817461,151,0.3802,38.02,0.1859,0,1.643
slovenia,g6_00024_1.tif,6817466,490,1.2338,123.38,0.1566,0,5.441
slovenia,g6_00024_1.tif,6817474,244,0.6144,61.44,0.0909,0,3.186
slovenia,g6_00024_1.tif,6817476,198,0.4986,49.86,0.0592,0,4.412
slovenia,g6_00024_1.tif,6817669,20,0.0504,5.04,0.0571,0,1.046
slovenia,g6_00024_1.tif,6909682,12,0.0302,3.02,0.0,0,1.046
slovenia,g6_00024_1.tif,6912932,322,0.8108,81.08,0.7563,1,7.217
slovenia,g6_00024_1.tif,6912934,411,1.0349,103.49,0.672,1,6.094
slovenia,g6_00026_16.tif,6099287,58,0.1451,14.51,0.127,0,1.258
slovenia,g6_00026_16.tif,6099304,16,0.04,4.0,0.0068,0,1.04
slovenia,g6_00026_16.tif,6111432,121,0.3028,30.28,0.7953,1,4.356
slovenia,g6_00026_16.tif,6111444,100,0.2502,25.02,0.1343,0,2.111
slovenia,g6_00026_16.tif,6120060,266,0.6656,66.56,0.2542,0,3.049
slovenia,g6_00026_16.tif,6173845,52,0.1301,13.01,0.5679,1,1.639
slovenia,g6_00026_16.tif,6173955,48,0.1201,12.01,0.1765,0,1.639
slovenia,g6_00026_16.tif,6173970,123,0.3078,30.78,0.4341,0,3.698
slovenia,g6_00026_16.tif,6173997,22,0.055,5.5,0.037,0,1.258
slovenia,g6_00026_16.tif,6174006,25,0.0626,6.26,0.1275,0,1.04
slovenia,g6_00026_16.tif,6179252,730,1.8266,182.66,0.5659,1,11.781
slovenia,g6_00026_16.tif,6179253,525,1.3136,131.36,0.6234,1,6.743
slovenia,g6_00026_16.tif,6179256,349,0.8733,87.33,0.707,1,4.642
slovenia,g6_00026_16.tif,6179394,37,0.0926,9.26,0.0885,0,1.968
slovenia,g6_00026_16.tif,6179535,220,0.5505,55.05,0.393,0,5.917
slovenia,g6_00026_16.tif,6194375,241,0.603,60.3,0.1126,0,2.934
slovenia,g6_00026_16.tif,6232846,328,0.8207,82.07,0.7769,1,4.978
slovenia,g6_00026_16.tif,6232858,18,0.045,4.5,0.2903,0,1.04
slovenia,g6_00026_16.tif,6248990,146,0.3653,36.53,0.2,0,2.934
slovenia,g6_00026_16.tif,6250357,1499,3.7508,375.08,0.2395,0,11.258
slovenia,g6_00026_16.tif,6250359,662,1.6564,165.64,0.5007,1,6.394
slovenia,g6_00026_16.tif,6250361,174,0.4354,43.54,0.2085,0,4.611
slovenia,g6_00026_16.tif,6250362,250,0.6255,62.55,0.3199,0,5.094
slovenia,g6_00026_16.tif,6250366,402,1.0059,100.59,0.5167,1,5.149
slovenia,g6_00026_16.tif,6250371,141,0.3528,35.28,0.19,0,4.611
slovenia,g6_00026_16.tif,6250372,48,0.1201,12.01,0.2429,0,1.639
slovenia,g6_00026_16.tif,6270669,453,1.1335,113.35,0.7108,1,8.803
slovenia,g6_00026_16.tif,6270671,17,0.0425,4.25,0.0196,0,1.258
slovenia,g6_00026_16.tif,6270675,112,0.2802,28.02,0.8103,1,2.934
slovenia,g6_00026_16.tif,6270678,37,0.0926,9.26,0.0423,0,1.639
slovenia,g6_00026_16.tif,6270683,342,0.8557,85.57,0.6011,1,5.756
slovenia,g6_00026_16.tif,6270686,247,0.618,61.8,0.8577,1,5.149
slovenia,g6_00026_16.tif,6324348,132,0.3303,33.03,0.0,0,2.498
slovenia,g6_00026_16.tif,6324356,86,0.2152,21.52,0.1093,0,1.639
slovenia,g6_00026_16.tif,6359097,203,0.5079,50.79,0.3812,0,4.405
slovenia,g6_00026_16.tif,6364834,477,1.1935,119.35,0.3374,0,6.743
slovenia,g6_00026_16.tif,6408125,350,0.8758,87.58,0.2658,0,3.94
slovenia,g6_00026_16.tif,6408126,427,1.0684,106.84,0.3275,0,6.394
slovenia,g6_00026_16.tif,6408127,126,0.3153,31.53,0.6269,1,3.162
slovenia,g6_00026_16.tif,6408143,217,0.543,54.3,0.3218,0,4.611
slovenia,g6_00026_16.tif,6408146,57,0.1426,14.26,0.0352,0,2.365
slovenia,g6_00026_16.tif,6408181,217,0.543,54.3,0.134,0,2.934
slovenia,g6_00026_16.tif,6414921,169,0.4229,42.29,0.6138,1,3.162
slovenia,g6_00026_16.tif,6414927,114,0.2852,28.52,0.1386,0,3.049
slovenia,g6_00026_16.tif,6453819,773,1.9342,193.42,0.7819,1,9.168
slovenia,g6_00026_16.tif,6453825,25,0.0626,6.26,0.0201,0,1.968
slovenia,g6_00026_16.tif,6500762,11,0.0275,2.75,0.08,0,1.04
slovenia,g6_00026_16.tif,6525858,155,0.3878,38.78,0.5556,1,2.934
slovenia,g6_00026_16.tif,6525862,188,0.4704,47.04,0.5016,1,3.94
slovenia,g6_00026_16.tif,6525939,17,0.0425,4.25,0.0392,0,1.04
slovenia,g6_00026_16.tif,6593059,146,0.3653,36.53,0.2458,0,3.141
slovenia,g6_00026_16.tif,6593061,29,0.0726,7.26,0.0649,0,1.258
slovenia,g6_00026_16.tif,6593067,374,0.9358,93.58,0.7387,1,4.642
slovenia,g6_00026_16.tif,6593068,209,0.523,52.3,0.5354,1,5.45
slovenia,g6_00026_16.tif,6593071,167,0.4179,41.79,0.6667,1,4.642
slovenia,g6_00026_16.tif,6593333,454,1.136,113.6,0.7457,1,5.608
slovenia,g6_00026_16.tif,6593349,250,0.6255,62.55,0.2863,0,3.162
slovenia,g6_00026_16.tif,6593363,104,0.2602,26.02,0.2882,0,1.968
slovenia,g6_00026_16.tif,6593450,41,0.1026,10.26,0.0383,0,1.639
slovenia,g6_00026_16.tif,6605272,421,1.0534,105.34,0.7362,1,7.979
slovenia,g6_00026_16.tif,6605343,126,0.3153,31.53,0.2466,0,2.934
slovenia,g6_00026_16.tif,6605344,20,0.05,5.0,0.0274,0,1.258
slovenia,g6_00026_16.tif,6605564,13,0.0325,3.25,0.1204,0,1.258
slovenia,g6_00026_16.tif,6605924,127,0.3178,31.78,0.2155,0,1.968
slovenia,g6_00026_16.tif,6605925,104,0.2602,26.02,0.1561,0,1.968
slovenia,g6_00026_16.tif,6621806,26,0.0651,6.51,0.1398,0,0.419
slovenia,g6_00026_16.tif,6630253,240,0.6005,60.05,0.5816,1,3.162
slovenia,g6_00026_16.tif,6630399,125,0.3128,31.28,0.31,0,1.968
slovenia,g6_00026_16.tif,6634682,391,0.9784,97.84,0.7457,1,7.184
slovenia,g6_00026_16.tif,6634683,794,1.9867,198.67,0.8262,1,11.319
slovenia,g6_00026_16.tif,6634685,577,1.4438,144.38,0.8092,1,9.131
slovenia,g6_00026_16.tif,6634713,14,0.035,3.5,0.034,0,1.04
slovenia,g6_00026_16.tif,6640851,164,0.4104,41.04,0.6277,1,2.365
slovenia,g6_00026_16.tif,6640854,70,0.1752,17.52,0.75,1,3.049
slovenia,g6_00026_16.tif,6640857,123,0.3078,30.78,0.2585,0,3.698
slovenia,g6_00026_16.tif,6658474,898,2.247,224.7,0.4305,0,10.608
slovenia,g6_00026_16.tif,6659726,1113,2.7849,278.49,0.8737,1,14.263
slovenia,g6_00026_16.tif,6659730,647,1.6189,161.89,0.5578,1,8.307
slovenia,g6_00026_16.tif,6661240,628,1.5714,157.14,0.4689,0,7.387
slovenia,g6_00026_16.tif,6661243,217,0.543,54.3,0.8114,1,3.94
slovenia,g6_00026_16.tif,6661246,217,0.543,54.3,0.2905,0,3.049
slovenia,g6_00026_16.tif,6661247,559,1.3987,139.87,0.7946,1,5.094
slovenia,g6_00026_16.tif,6661251,174,0.4354,43.54,0.289,0,4.356
slovenia,g6_00026_16.tif,6661257,385,0.9633,96.33,0.0067,0,4.487
slovenia,g6_00026_16.tif,6661561,26,0.0651,6.51,0.0312,0,1.258
slovenia,g6_00026_16.tif,6661639,341,0.8532,85.32,0.0,0,5.55
slovenia,g6_00026_16.tif,6661724,146,0.3653,36.53,0.703,1,3.049
slovenia,g6_00026_16.tif,6661843,624,1.5614,156.14,0.3148,0,9.202
slovenia,g6_00026_16.tif,6661906,93,0.2327,23.27,0.2006,0,3.141
slovenia,g6_00026_16.tif,6661907,450,1.126,112.6,0.4331,0,5.781
slovenia,g6_00026_16.tif,6663224,684,1.7115,171.15,0.8086,1,6.7
slovenia,g6_00026_16.tif,6663226,874,2.1869,218.69,0.8984,1,9.107
slovenia,g6_00026_16.tif,6663227,1002,2.5072,250.72,0.5505,1,12.253
slovenia,g6_00026_16.tif,6686415,223,0.558,55.8,0.3995,0,6.288
slovenia,g6_00026_16.tif,6692968,222,0.5555,55.55,0.8397,1,5.608
slovenia,g6_00026_16.tif,6712956,65,0.1626,16.26,0.4643,0,3.162
slovenia,g6_00026_16.tif,6712959,81,0.2027,20.27,0.4074,0,3.259
slovenia,g6_00026_16.tif,6724642,46,0.1151,11.51,0.68,1,2.096
slovenia,g6_00026_16.tif,6724644,486,1.2161,121.61,0.8919,1,6.875
slovenia,g6_00026_16.tif,6724651,227,0.568,56.8,0.7184,1,4.405
slovenia,g6_00026_16.tif,6725036,693,1.734,173.4,0.7584,1,9.921
slovenia,g6_00026_16.tif,6725068,22,0.055,5.5,0.0386,0,1.258
slovenia,g6_00026_16.tif,6743517,63,0.1576,15.76,0.0778,0,3.259
slovenia,g6_00026_16.tif,6758260,177,0.4429,44.29,0.8387,1,5.149
slovenia,g6_00026_16.tif,6758265,5,0.0125,1.25,0.0,0,0.419
slovenia,g6_00026_16.tif,6758266,15,0.0375,3.75,0.0423,0,1.258
slovenia,g6_00026_16.tif,6758344,16,0.04,4.0,0.0234,0,1.04
slovenia,g6_00026_16.tif,6758445,6,0.015,1.5,0.1622,0,0.775
slovenia,g6_00026_16.tif,6802229,346,0.8658,86.58,0.1893,0,3.957
slovenia,g6_00026_16.tif,6802234,392,0.9809,98.09,0.2484,0,4.356
slovenia,g6_00026_16.tif,6802236,379,0.9483,94.83,0.6318,1,3.773
slovenia,g6_00026_16.tif,6802241,13,0.0325,3.25,0.2097,0,0.419
slovenia,g6_00026_16.tif,6802245,42,0.1051,10.51,0.3604,0,1.968
slovenia,g6_00026_16.tif,6803827,464,1.161,116.1,0.5225,1,9.335
slovenia,g6_00026_16.tif,6803837,306,0.7657,76.57,0.794,1,4.356
slovenia,g6_00026_16.tif,6803843,101,0.2527,25.27,0.1185,0,3.773
slovenia,g6_00026_16.tif,6803945,213,0.533,53.3,0.3954,0,3.162
slovenia,g6_00026_16.tif,6803967,154,0.3853,38.53,0.653,1,1.968
slovenia,g6_00026_16.tif,6804399,5,0.0125,1.25,0.0071,0,0.419
slovenia,g6_00026_16.tif,6832133,51,0.1276,12.76,0.7931,1,2.498
slovenia,g6_00026_16.tif,6832164,48,0.1201,12.01,0.0276,0,2.498
slovenia,g6_00026_16.tif,6926865,321,0.8032,80.32,0.5184,1,3.698
slovenia,g6_00026_16.tif,6935506,388,0.9708,97.08,0.6648,1,5.935
slovenia,g6_00026_16.tif,6935536,296,0.7406,74.06,0.3826,0,3.535
slovenia,g6_00026_16.tif,6965874,220,0.5505,55.05,0.3657,0,3.698
slovenia,g6_00026_16.tif,6966077,200,0.5004,50.04,0.72,1,3.698
slovenia,g6_00026_16.tif,7005030,464,1.161,116.1,0.8502,1,8.05
slovenia,g6_00026_16.tif,7005031,272,0.6806,68.06,0.717,1,5.756
slovenia,g6_00026_16.tif,7018690,195,0.4879,48.79,0.8182,1,5.45
slovenia,g6_00026_16.tif,7018695,109,0.2727,27.27,0.2391,0,2.365
slovenia,g6_00026_16.tif,7045982,895,2.2395,223.95,0.7567,1,11.981
slovenia,g6_00026_16.tif,7045984,27,0.0676,6.76,0.0228,0,1.968
slovenia,g6_00026_16.tif,7045987,469,1.1735,117.35,0.5843,1,7.979
slovenia,g6_00026_16.tif,7045990,235,0.588,58.8,0.1622,0,4.611
slovenia,g6_00026_16.tif,7045995,111,0.2777,27.77,0.0447,0,3.162
slovenia,g6_00026_16.tif,7074175,39,0.0976,9.76,0.0958,0,1.639
slovenia,g6_00026_16.tif,7074181,356,0.8908,89.08,0.5624,1,5.55
slovenia,g6_00026_17.tif,6087692,158,0.3953,39.53,0.6474,1,4.429
slovenia,g6_00026_17.tif,6097744,326,0.8157,81.57,0.098,0,3.773
slovenia,g6_00026_17.tif,6143571,17,0.0425,4.25,0.068,0,1.639
slovenia,g6_00026_17.tif,6155039,305,0.7632,76.32,0.0787,0,3.259
slovenia,g6_00026_17.tif,6163363,647,1.6189,161.89,0.5202,1,7.814
slovenia,g6_00026_17.tif,6163365,1001,2.5047,250.47,0.6924,1,8.51
slovenia,g6_00026_17.tif,6171461,22,0.055,5.5,0.0159,0,1.258
slovenia,g6_00026_17.tif,6171462,54,0.1351,13.51,0.4795,0,1.639
slovenia,g6_00026_17.tif,6172345,311,0.7782,77.82,0.2699,0,5.094
slovenia,g6_00026_17.tif,6172346,18,0.045,4.5,0.0918,0,1.258
slovenia,g6_00026_17.tif,6172492,6,0.015,1.5,0.0306,0,0.775
slovenia,g6_00026_17.tif,6250364,369,0.9233,92.33,0.336,0,5.57
slovenia,g6_00026_17.tif,6250366,17,0.0425,4.25,0.3091,0,1.258
slovenia,g6_00026_17.tif,6250372,232,0.5805,58.05,0.2833,0,2.934
slovenia,g6_00026_17.tif,6251600,20,0.05,5.0,0.08,0,1.639
slovenia,g6_00026_17.tif,6270665,364,0.9108,91.08,0.5642,1,6.427
slovenia,g6_00026_17.tif,6270668,509,1.2736,127.36,0.7925,1,6.427
slovenia,g6_00026_17.tif,6270677,217,0.543,54.3,0.7021,1,3.957
slovenia,g6_00026_17.tif,6270678,156,0.3903,39.03,0.6484,1,2.096
slovenia,g6_00026_17.tif,6270680,84,0.2102,21.02,0.4875,0,1.968
slovenia,g6_00026_17.tif,6324356,118,0.2953,29.53,0.5392,1,2.365
slovenia,g6_00026_17.tif,6325888,796,1.9917,199.17,0.3875,0,11.258
slovenia,g6_00026_17.tif,6359096,10,0.025,2.5,0.0095,0,0.775
slovenia,g6_00026_17.tif,6359099,62,0.1551,15.51,0.0571,0,2.498
slovenia,g6_00026_17.tif,6359167,39,0.0976,9.76,0.0372,0,1.639
slovenia,g6_00026_17.tif,6408118,413,1.0334,103.34,0.0056,0,4.642
slovenia,g6_00026_17.tif,6408133,272,0.6806,68.06,0.0131,0,5.55
slovenia,g6_00026_17.tif,6408173,38,0.0951,9.51,0.0,0,1.639
slovenia,g6_00026_17.tif,6409804,197,0.4929,49.29,0.4958,0,6.427
slovenia,g6_00026_17.tif,6409816,172,0.4304,43.04,0.0042,0,4.642
slovenia,g6_00026_17.tif,6409822,80,0.2002,20.02,0.1612,0,3.141
slovenia,g6_00026_17.tif,6409840,49,0.1226,12.26,0.0,0,2.365
slovenia,g6_00026_17.tif,6412748,115,0.2878,28.78,0.2599,0,3.162
slovenia,g6_00026_17.tif,6412753,370,0.9258,92.58,0.4392,0,4.978
slovenia,g6_00026_17.tif,6412760,172,0.4304,43.04,0.164,0,3.141
slovenia,g6_00026_17.tif,6412767,51,0.1276,12.76,0.0274,0,2.934
slovenia,g6_00026_17.tif,6414900,299,0.7482,74.82,0.5786,1,7.495
slovenia,g6_00026_17.tif,6414913,120,0.3003,30.03,0.0,0,2.365
slovenia,g6_00026_17.tif,6414917,104,0.2602,26.02,0.0797,0,1.968
slovenia,g6_00026_17.tif,6414919,191,0.4779,47.79,0.0886,0,2.934
slovenia,g6_00026_17.tif,6414925,17,0.0425,4.25,0.0143,0,1.639
slovenia,g6_00026_17.tif,6416488,373,0.9333,93.33,0.7394,1,7.127
slovenia,g6_00026_17.tif,6418429,256,0.6406,64.06,0.6875,1,5.45
slovenia,g6_00026_17.tif,6420880,219,0.548,54.8,0.4133,0,4.405
slovenia,g6_00026_17.tif,6453807,146,0.3653,36.53,0.1997,0,3.049
slovenia,g6_00026_17.tif,6453808,128,0.3203,32.03,0.183,0,3.162
slovenia,g6_00026_17.tif,6453809,168,0.4204,42.04,0.6854,1,4.405
slovenia,g6_00026_17.tif,6453826,316,0.7907,79.07,0.8938,1,5.45
slovenia,g6_00026_17.tif,6453836,122,0.3053,30.53,0.1114,0,1.968
slovenia,g6_00026_17.tif,6453849,90,0.2252,22.52,0.0762,0,2.096
slovenia,g6_00026_17.tif,6454184,54,0.1351,13.51,0.0329,0,1.639
slovenia,g6_00026_17.tif,6454224,88,0.2202,22.02,0.5159,1,2.111
slovenia,g6_00026_17.tif,6500535,376,0.9408,94.08,0.5682,1,5.45
slovenia,g6_00026_17.tif,6500538,97,0.2427,24.27,0.2571,0,1.639
slovenia,g6_00026_17.tif,6500762,339,0.8482,84.82,0.3057,0,5.094
slovenia,g6_00026_17.tif,6501390,169,0.4229,42.29,0.8177,1,3.535
slovenia,g6_00026_17.tif,6501393,107,0.2677,26.77,0.4429,0,3.049
slovenia,g6_00026_17.tif,6501394,103,0.2577,25.77,0.284,0,1.968
slovenia,g6_00026_17.tif,6501396,74,0.1852,18.52,0.7849,1,2.096
slovenia,g6_00026_17.tif,6501399,14,0.035,3.5,0.0133,0,1.04
slovenia,g6_00026_17.tif,6501413,266,0.6656,66.56,0.7199,1,5.094
slovenia,g6_00026_17.tif,6501416,92,0.2302,23.02,0.5351,1,2.365
slovenia,g6_00026_17.tif,6501489,42,0.1051,10.51,0.1301,0,1.04
slovenia,g6_00026_17.tif,6575147,6,0.015,1.5,0.024,0,0.775
slovenia,g6_00026_17.tif,6589564,289,0.7231,72.31,0.7099,1,5.094
slovenia,g6_00026_17.tif,6589577,112,0.2802,28.02,0.1222,0,1.639
slovenia,g6_00026_17.tif,6589634,214,0.5355,53.55,0.6828,1,4.405
slovenia,g6_00026_17.tif,6593068,40,0.1001,10.01,0.2955,0,2.365
slovenia,g6_00026_17.tif,6634688,336,0.8407,84.07,0.218,0,3.957
slovenia,g6_00026_17.tif,6634689,144,0.3603,36.03,0.0649,0,5.094
slovenia,g6_00026_17.tif,6640854,125,0.3128,31.28,0.1023,0,2.934
slovenia,g6_00026_17.tif,6640855,9,0.0225,2.25,0.0086,0,0.775
slovenia,g6_00026_17.tif,6686401,810,2.0268,202.68,0.4481,0,9.457
slovenia,g6_00026_17.tif,6686404,790,1.9767,197.67,0.4013,0,10.01
slovenia,g6_00026_17.tif,6686408,297,0.7431,74.31,0.8215,1,7.147
slovenia,g6_00026_17.tif,6686415,160,0.4003,40.03,0.7742,1,5.149
slovenia,g6_00026_17.tif,6686422,21,0.0525,5.25,0.0,0,1.04
slovenia,g6_00026_17.tif,6694164,216,0.5405,54.05,0.0244,0,4.751
slovenia,g6_00026_17.tif,6705275,604,1.5113,151.13,0.2118,0,5.149
slovenia,g6_00026_17.tif,6705278,231,0.578,57.8,0.6627,1,4.429
slovenia,g6_00026_17.tif,6705285,334,0.8357,83.57,0.3184,0,4.429
slovenia,g6_00026_17.tif,6705288,249,0.623,62.3,0.1085,0,4.751
slovenia,g6_00026_17.tif,6705453,18,0.045,4.5,0.0785,0,0.775
slovenia,g6_00026_17.tif,6714340,53,0.1326,13.26,0.7324,1,2.111
slovenia,g6_00026_17.tif,6714343,175,0.4379,43.79,0.2865,0,3.049
slovenia,g6_00026_17.tif,6714726,119,0.2978,29.78,0.2088,0,1.968
slovenia,g6_00026_17.tif,6715842,400,1.0009,100.09,0.3578,0,4.978
slovenia,g6_00026_17.tif,6715843,325,0.8132,81.32,0.444,0,4.429
slovenia,g6_00026_17.tif,6715856,585,1.4638,146.38,0.4056,0,7.937
slovenia,g6_00026_17.tif,6715881,302,0.7557,75.57,0.4056,0,4.751
slovenia,g6_00026_17.tif,6724642,626,1.5664,156.64,0.9098,1,11.444
slovenia,g6_00026_17.tif,6724658,136,0.3403,34.03,0.2486,0,2.498
slovenia,g6_00026_17.tif,6725036,63,0.1576,15.76,0.2759,0,2.934
slovenia,g6_00026_17.tif,6743656,132,0.3303,33.03,0.533,1,3.162
slovenia,g6_00026_17.tif,6758265,50,0.1251,12.51,0.5109,1,1.04
slovenia,g6_00026_17.tif,6758267,49,0.1226,12.26,0.3269,0,2.111
slovenia,g6_00026_17.tif,6758344,48,0.1201,12.01,0.2925,0,1.04
slovenia,g6_00026_17.tif,6758445,31,0.0776,7.76,0.3483,0,1.639
slovenia,g6_00026_17.tif,6822390,18,0.045,4.5,0.0659,0,1.04
slovenia,g6_00026_17.tif,6822392,19,0.0475,4.75,0.0656,0,1.04
slovenia,g6_00026_17.tif,6822396,758,1.8967,189.67,0.0485,0,6.875
slovenia,g6_00026_17.tif,6822409,472,1.181,118.1,0.6033,1,9.703
slovenia,g6_00026_17.tif,6822431,27,0.0676,6.76,0.0457,0,0.775
slovenia,g6_00026_17.tif,6831989,146,0.3653,36.53,0.2966,0,2.096
slovenia,g6_00026_17.tif,6886249,333,0.8332,83.32,0.5289,1,3.94
slovenia,g6_00026_17.tif,6894042,272,0.6806,68.06,0.1668,0,6.792
slovenia,g6_00026_17.tif,6894066,175,0.4379,43.79,0.1765,0,3.698
slovenia,g6_00026_17.tif,6935512,472,1.181,118.1,0.6232,1,8.51
slovenia,g6_00026_17.tif,6935924,40,0.1001,10.01,0.052,0,1.04
slovenia,g6_00026_17.tif,6953423,61,0.1526,15.26,0.1701,0,2.096
slovenia,g6_00026_17.tif,6965881,99,0.2477,24.77,0.4126,0,2.498
slovenia,g6_00026_17.tif,7005035,251,0.628,62.8,0.8419,1,4.405
slovenia,g6_00026_17.tif,7005041,114,0.2852,28.52,0.1066,0,3.535
slovenia,g6_00026_18.tif,6084446,458,1.146,114.6,0.6768,1,4.978
slovenia,g6_00026_18.tif,6084450,204,0.5104,51.04,0.0,0,4.487
slovenia,g6_00026_18.tif,6084453,100,0.2502,25.02,0.1043,0,2.096
slovenia,g6_00026_18.tif,6084454,85,0.2127,21.27,0.0575,0,1.639
slovenia,g6_00026_18.tif,6084456,168,0.4204,42.04,0.1612,0,3.049
slovenia,g6_00026_18.tif,6084458,64,0.1601,16.01,0.0,0,1.968
slovenia,g6_00026_18.tif,6097738,448,1.121,112.1,0.4456,0,9.474
slovenia,g6_00026_18.tif,6112660,9,0.0225,2.25,0.0,0,1.04
slovenia,g6_00026_18.tif,6141485,268,0.6706,67.06,0.6556,1,4.429
slovenia,g6_00026_18.tif,6141571,14,0.035,3.5,0.026,0,1.04
slovenia,g6_00026_18.tif,6143038,19,0.0475,4.75,0.3065,0,0.775
slovenia,g6_00026_18.tif,6143171,44,0.1101,11.01,0.325,0,1.639
slovenia,g6_00026_18.tif,6143575,216,0.5405,54.05,0.0974,0,3.698
slovenia,g6_00026_18.tif,6143576,108,0.2702,27.02,0.5833,1,3.535
slovenia,g6_00026_18.tif,6143579,346,0.8658,86.58,0.761,1,5.917
slovenia,g6_00026_18.tif,6143582,281,0.7031,70.31,0.2322,0,6.743
slovenia,g6_00026_18.tif,6143586,241,0.603,60.3,0.0989,0,3.141
slovenia,g6_00026_18.tif,6143588,191,0.4779,47.79,0.5784,1,4.978
slovenia,g6_00026_18.tif,6143594,25,0.0626,6.26,0.0456,0,1.639
slovenia,g6_00026_18.tif,6172344,365,0.9133,91.33,0.6789,1,7.127
slovenia,g6_00026_18.tif,6172346,103,0.2577,25.77,0.3333,0,3.049
slovenia,g6_00026_18.tif,6172492,44,0.1101,11.01,0.1712,0,1.639
slovenia,g6_00026_18.tif,6178804,14,0.035,3.5,0.0253,0,1.258
slovenia,g6_00026_18.tif,6178806,143,0.3578,35.78,0.155,0,4.356
slovenia,g6_00026_18.tif,6178815,36,0.0901,9.01,0.0651,0,1.258
slovenia,g6_00026_18.tif,6251600,19,0.0475,4.75,0.5758,1,1.639
slovenia,g6_00026_18.tif,6341900,46,0.1151,11.51,0.108,0,2.365
slovenia,g6_00026_18.tif,6341901,486,1.2161,121.61,0.8768,1,9.131
slovenia,g6_00026_18.tif,6341905,547,1.3687,136.87,0.5534,1,6.743
slovenia,g6_00026_18.tif,6341912,18,0.045,4.5,0.0,0,1.968
slovenia,g6_00026_18.tif,6341914,116,0.2903,29.03,0.1454,0,2.096
slovenia,g6_00026_18.tif,6341917,428,1.0709,107.09,0.3922,0,9.107
slovenia,g6_00026_18.tif,6342217,11,0.0275,2.75,0.0,0,1.04
slovenia,g6_00026_18.tif,6363524,512,1.2811,128.11,0.75,1,8.298
slovenia,g6_00026_18.tif,6363528,297,0.7431,74.31,0.4893,0,3.773
slovenia,g6_00026_18.tif,6370536,191,0.4779,47.79,0.2556,0,3.957
slovenia,g6_00026_18.tif,6374037,408,1.0209,102.09,0.5996,1,4.751
slovenia,g6_00026_18.tif,6400392,225,0.563,56.3,0.5669,1,4.405
slovenia,g6_00026_18.tif,6400574,33,0.0826,8.26,0.1244,0,1.968
slovenia,g6_00026_18.tif,6409798,355,0.8883,88.83,0.0043,0,4.405
slovenia,g6_00026_18.tif,6409817,189,0.4729,47.29,0.0957,0,2.365
slovenia,g6_00026_18.tif,6409822,73,0.1827,18.27,0.7848,1,3.049
slovenia,g6_00026_18.tif,6410071,78,0.1952,19.52,0.0,0,1.639
slovenia,g6_00026_18.tif,6410411,337,0.8432,84.32,0.5565,1,3.773
slovenia,g6_00026_18.tif,6412748,70,0.1752,17.52,0.7609,1,3.162
slovenia,g6_00026_18.tif,6414880,1471,3.6807,368.07,0.7415,1,14.672
slovenia,g6_00026_18.tif,6414884,786,1.9667,196.67,0.6699,1,11.444
slovenia,g6_00026_18.tif,6414901,444,1.111,111.1,0.8578,1,8.51
slovenia,g6_00026_18.tif,6430682,348,0.8708,87.08,0.4654,0,3.698
slovenia,g6_00026_18.tif,6430683,221,0.553,55.3,0.347,0,5.416
slovenia,g6_00026_18.tif,6453817,841,2.1043,210.43,0.7574,1,12.66
slovenia,g6_00026_18.tif,6575091,68,0.1701,17.01,0.0236,0,1.639
slovenia,g6_00026_18.tif,6575147,70,0.1752,17.52,0.0393,0,1.639
slovenia,g6_00026_18.tif,6600415,67,0.1676,16.76,0.7053,1,3.535
slovenia,g6_00026_18.tif,6600421,144,0.3603,36.03,0.4432,0,2.096
slovenia,g6_00026_18.tif,6616246,162,0.4054,40.54,0.5049,1,3.259
slovenia,g6_00026_18.tif,6616508,159,0.3978,39.78,0.3322,0,2.365
slovenia,g6_00026_18.tif,6616534,161,0.4029,40.29,0.1781,0,3.94
slovenia,g6_00026_18.tif,6621468,357,0.8933,89.33,0.0018,0,7.937
slovenia,g6_00026_18.tif,6670704,396,0.9909,99.09,0.4552,0,3.773
slovenia,g6_00026_18.tif,6681404,73,0.1827,18.27,0.0903,0,3.049
slovenia,g6_00026_18.tif,6681845,214,0.5355,53.55,0.5265,1,4.642
slovenia,g6_00026_18.tif,6681847,147,0.3678,36.78,0.4152,0,3.535
slovenia,g6_00026_18.tif,6699252,683,1.709,170.9,0.5118,1,7.965
slovenia,g6_00026_18.tif,6699256,228,0.5705,57.05,0.3929,0,4.642
slovenia,g6_00026_18.tif,6702430,95,0.2377,23.77,0.2819,0,2.096
slovenia,g6_00026_18.tif,6705302,248,0.6205,62.05,0.3891,0,6.427
slovenia,g6_00026_18.tif,6706456,70,0.1752,17.52,0.2077,0,1.639
slovenia,g6_00026_18.tif,6707182,284,0.7106,71.06,0.2332,0,3.698
slovenia,g6_00026_18.tif,6707196,76,0.1902,19.02,0.1597,0,1.968
slovenia,g6_00026_18.tif,6715853,374,0.9358,93.58,0.7228,1,8.333
slovenia,g6_00026_18.tif,6715862,493,1.2336,123.36,0.7627,1,8.05
slovenia,g6_00026_18.tif,6715870,468,1.171,117.1,0.3504,0,5.756
slovenia,g6_00026_18.tif,6715885,17,0.0425,4.25,0.0164,0,1.04
slovenia,g6_00026_18.tif,6715886,227,0.568,56.8,0.2611,0,3.141
slovenia,g6_00026_18.tif,6715891,188,0.4704,47.04,0.0,0,3.957
slovenia,g6_00026_18.tif,6715900,243,0.608,60.8,0.0,0,2.096
slovenia,g6_00026_18.tif,6715914,539,1.3487,134.87,0.8759,1,7.22
slovenia,g6_00026_18.tif,6716239,218,0.5455,54.55,0.3119,0,3.698
slovenia,g6_00026_18.tif,6758276,124,0.3103,31.03,0.3416,0,3.535
slovenia,g6_00026_18.tif,6822392,6,0.015,1.5,0.0184,0,0.775
slovenia,g6_00026_18.tif,6859361,268,0.6706,67.06,0.0029,0,3.773
slovenia,g6_00026_18.tif,6894042,226,0.5655,56.55,0.6034,1,4.642
slovenia,g6_00026_18.tif,6926852,424,1.0609,106.09,0.5262,1,6.288
slovenia,g6_00026_18.tif,6935546,192,0.4804,48.04,0.0057,0,4.487
slovenia,g6_00026_18.tif,6936735,159,0.3978,39.78,0.0104,0,3.049
slovenia,g6_00026_18.tif,6953345,643,1.6089,160.89,0.0091,0,8.585
slovenia,g6_00026_18.tif,6953412,311,0.7782,77.82,0.0046,0,4.487
slovenia,g6_00026_18.tif,6953423,201,0.5029,50.29,0.0528,0,5.55
slovenia,g6_00026_18.tif,6953452,141,0.3528,35.28,0.1891,0,1.968
slovenia,g6_00026_18.tif,6953467,92,0.2302,23.02,0.2304,0,1.639
slovenia,g6_00026_18.tif,6988791,525,1.3136,131.36,0.5331,1,6.7
slovenia,g6_00026_18.tif,7061043,23,0.0576,5.76,0.449,0,1.258
slovenia,g6_00026_18.tif,7077279,72,0.1802,18.02,0.2163,0,1.258
slovenia,g6_00027_0.tif,6091551,57,0.1426,14.26,0.0578,0,1.639
slovenia,g6_00027_0.tif,6094975,150,0.3753,37.53,0.7904,1,3.141
slovenia,g6_00027_0.tif,6095749,389,0.9734,97.34,0.8186,1,4.356
slovenia,g6_00027_0.tif,6095766,309,0.7732,77.32,0.6649,1,3.957
slovenia,g6_00027_0.tif,6296104,177,0.4429,44.29,0.2455,0,2.934
slovenia,g6_00027_0.tif,6371240,49,0.1226,12.26,0.0968,0,1.968
slovenia,g6_00027_0.tif,6371309,55,0.1376,13.76,0.1087,0,1.968
slovenia,g6_00027_0.tif,6371321,20,0.05,5.0,0.0395,0,1.04
slovenia,g6_00027_0.tif,6395249,20,0.05,5.0,0.1625,0,1.258
slovenia,g6_00027_0.tif,6395255,460,1.151,115.1,0.6542,1,5.57
slovenia,g6_00027_0.tif,6400392,116,0.2903,29.03,0.0012,0,3.049
slovenia,g6_00027_0.tif,6400640,6,0.015,1.5,0.0,0,1.04
slovenia,g6_00027_0.tif,6409850,123,0.3078,30.78,0.045,0,3.141
slovenia,g6_00027_0.tif,6409859,496,1.2411,124.11,0.6254,1,5.55
slovenia,g6_00027_0.tif,6425681,26,0.0651,6.51,0.0806,0,1.968
slovenia,g6_00027_0.tif,6469358,104,0.2602,26.02,0.2364,0,3.049
slovenia,g6_00027_0.tif,6469359,6,0.015,1.5,0.0,0,0.775
slovenia,g6_00027_0.tif,6469360,69,0.1727,17.27,0.0345,0,2.498
slovenia,g6_00027_0.tif,6509323,151,0.3778,37.78,0.1724,0,3.94
slovenia,g6_00027_0.tif,6509333,59,0.1476,14.76,0.1475,0,2.498
slovenia,g6_00027_0.tif,6600415,139,0.3478,34.78,0.1574,0,3.957
slovenia,g6_00027_0.tif,6616251,27,0.0676,6.76,0.0,0,1.639
slovenia,g6_00027_0.tif,6624743,14,0.035,3.5,0.0324,0,1.258
slovenia,g6_00027_0.tif,6638511,60,0.1501,15.01,0.0,0,1.968
slovenia,g6_00027_0.tif,6638512,287,0.7181,71.81,0.8235,1,7.184
slovenia,g6_00027_0.tif,6638513,201,0.5029,50.29,0.3969,0,4.429
slovenia,g6_00027_0.tif,6638517,126,0.3153,31.53,0.0697,0,3.162
slovenia,g6_00027_0.tif,6638521,263,0.6581,65.81,0.7849,1,6.427
slovenia,g6_00027_0.tif,6638526,66,0.1651,16.51,0.0647,0,1.258
slovenia,g6_00027_0.tif,6638909,23,0.0576,5.76,0.0,0,0.775
slovenia,g6_00027_0.tif,6640413,132,0.3303,33.03,0.4436,0,2.934
slovenia,g6_00027_0.tif,6643191,170,0.4254,42.54,0.1125,0,3.957
slovenia,g6_00027_0.tif,6643193,640,1.6014,160.14,0.4831,0,11.114
slovenia,g6_00027_0.tif,6643197,191,0.4779,47.79,0.8439,1,5.416
slovenia,g6_00027_0.tif,6643510,12,0.03,3.0,0.0,0,1.258
slovenia,g6_00027_0.tif,6643587,26,0.0651,6.51,0.0152,0,1.968
slovenia,g6_00027_0.tif,6649780,25,0.0626,6.26,0.0214,0,1.258
slovenia,g6_00027_0.tif,6649782,99,0.2477,24.77,0.5375,1,3.049
slovenia,g6_00027_0.tif,6649783,73,0.1827,18.27,0.0223,0,3.049
slovenia,g6_00027_0.tif,6649856,46,0.1151,11.51,0.2781,0,1.639
slovenia,g6_00027_0.tif,6653855,726,1.8166,181.66,0.7265,1,6.743
slovenia,g6_00027_0.tif,6663322,50,0.1251,12.51,0.0585,0,1.968
slovenia,g6_00027_0.tif,6663324,12,0.03,3.0,0.098,0,1.04
slovenia,g6_00027_0.tif,6670690,12,0.03,3.0,0.0,0,1.04
slovenia,g6_00027_0.tif,6675372,71,0.1777,17.77,0.0312,0,1.968
slovenia,g6_00027_0.tif,6685749,100,0.2502,25.02,0.0325,0,2.096
slovenia,g6_00027_0.tif,6685752,31,0.0776,7.76,0.0,0,1.258
slovenia,g6_00027_0.tif,6705316,12,0.03,3.0,0.0,0,1.258
slovenia,g6_00027_0.tif,6705317,13,0.0325,3.25,0.0,0,1.258
slovenia,g6_00027_0.tif,6707995,27,0.0676,6.76,0.1337,0,1.639
slovenia,g6_00027_0.tif,6716978,12,0.03,3.0,0.0076,0,1.04
slovenia,g6_00027_0.tif,6717015,12,0.03,3.0,0.0153,0,1.04
slovenia,g6_00027_0.tif,6926859,188,0.4704,47.04,0.625,1,4.978
slovenia,g6_00027_0.tif,6926875,73,0.1827,18.27,0.2257,0,3.049
slovenia,g6_00027_0.tif,6953520,881,2.2044,220.44,0.3555,0,9.168
slovenia,g6_00027_0.tif,7014843,99,0.2477,24.77,0.5357,1,2.934
slovenia,g6_00027_0.tif,7077273,39,0.0976,9.76,0.0154,0,1.258
slovenia,g6_00027_1.tif,6094974,46,0.1143,11.43,0.3387,0,2.915
slovenia,g6_00027_1.tif,6095753,312,0.7756,77.56,0.0434,0,4.359
slovenia,g6_00027_1.tif,6095756,87,0.2163,21.63,0.0979,0,1.971
slovenia,g6_00027_1.tif,6102195,499,1.2404,124.04,0.7179,1,10.271
slovenia,g6_00027_1.tif,6116249,44,0.1094,10.94,0.0029,0,1.633
slovenia,g6_00027_1.tif,6116252,94,0.2337,23.37,0.1193,0,3.04
slovenia,g6_00027_1.tif,6116253,249,0.619,61.9,0.0221,0,2.915
slovenia,g6_00027_1.tif,6116254,170,0.4226,42.26,0.2905,0,3.165
slovenia,g6_00027_1.tif,6116257,373,0.9272,92.72,0.3201,0,4.359
slovenia,g6_00027_1.tif,6116258,29,0.0721,7.21,0.0346,0,2.082
slovenia,g6_00027_1.tif,6116260,172,0.4276,42.76,0.0135,0,3.165
slovenia,g6_00027_1.tif,6116261,21,0.0522,5.22,0.0019,0,1.249
slovenia,g6_00027_1.tif,6116262,130,0.3232,32.32,0.011,0,1.971
slovenia,g6_00027_1.tif,6116337,31,0.0771,7.71,0.0028,0,0.416
slovenia,g6_00027_1.tif,6243437,68,0.169,16.9,0.0054,0,1.249
slovenia,g6_00027_1.tif,6293793,166,0.4126,41.26,0.0147,0,3.748
slovenia,g6_00027_1.tif,6296090,369,0.9173,91.73,0.032,0,5.414
slovenia,g6_00027_1.tif,6296104,175,0.435,43.5,0.8069,1,3.682
slovenia,g6_00027_1.tif,6296107,185,0.4599,45.99,0.0163,0,4.359
slovenia,g6_00027_1.tif,6296115,306,0.7607,76.07,0.8283,1,7.17
slovenia,g6_00027_1.tif,6296217,55,0.1367,13.67,0.004,0,1.971
slovenia,g6_00027_1.tif,6395249,610,1.5164,151.64,0.0527,0,7.12
slovenia,g6_00027_1.tif,6395253,449,1.1161,111.61,0.8381,1,6.247
slovenia,g6_00027_1.tif,6395255,137,0.3406,34.06,0.6037,1,3.682
slovenia,g6_00027_1.tif,6399723,17,0.0423,4.23,0.1293,0,1.249
slovenia,g6_00027_1.tif,6409809,253,0.6289,62.89,0.0186,0,3.95
slovenia,g6_00027_1.tif,6613260,696,1.7301,173.01,0.8748,1,7.913
slovenia,g6_00027_1.tif,6613265,274,0.6811,68.11,0.29,0,3.165
slovenia,g6_00027_1.tif,6613267,43,0.1069,10.69,0.1222,0,1.971
slovenia,g6_00027_1.tif,6613268,324,0.8054,80.54,0.5464,1,4.359
slovenia,g6_00027_1.tif,6613275,151,0.3754,37.54,0.0126,0,2.915
slovenia,g6_00027_1.tif,6613276,151,0.3754,37.54,0.0131,0,1.971
slovenia,g6_00027_1.tif,6613278,45,0.1119,11.19,0.0964,0,1.633
slovenia,g6_00027_1.tif,6613279,8,0.0199,1.99,0.0207,0,1.039
slovenia,g6_00027_1.tif,6638519,383,0.9521,95.21,0.1221,0,7.148
slovenia,g6_00027_1.tif,6638521,26,0.0646,6.46,0.0082,0,1.249
slovenia,g6_00027_1.tif,6638525,71,0.1765,17.65,0.0232,0,1.971
slovenia,g6_00027_1.tif,6638527,35,0.087,8.7,0.0115,0,2.353
slovenia,g6_00027_1.tif,6644551,349,0.8676,86.76,0.0293,0,4.384
slovenia,g6_00027_1.tif,6644800,114,0.2834,28.34,0.0061,0,1.633
slovenia,g6_00027_1.tif,6707995,124,0.3082,30.82,0.62,1,3.916
slovenia,g6_00027_1.tif,6862997,19,0.0472,4.72,0.0292,0,1.249
slovenia,g6_00027_1.tif,6862998,1122,2.7891,278.91,0.714,1,12.078
slovenia,g6_00027_1.tif,6863000,958,2.3814,238.14,0.0821,0,15.103
slovenia,g6_00027_1.tif,6863003,340,0.8452,84.52,0.8595,1,6.247
slovenia,g6_00027_1.tif,6863004,210,0.522,52.2,0.7811,1,3.123
slovenia,g6_00027_1.tif,6863005,625,1.5536,155.36,0.793,1,8.58
slovenia,g6_00027_1.tif,7014835,475,1.1808,118.08,0.8611,1,9.134
slovenia,g6_00027_1.tif,7014836,273,0.6786,67.86,0.0229,0,4.581
slovenia,g6_00027_1.tif,7014843,165,0.4102,41.02,0.0142,0,2.353
slovenia,g6_00027_1.tif,7014846,236,0.5867,58.67,0.0209,0,2.915
slovenia,g6_00027_2.tif,6094065,289,0.7231,72.31,0.0945,0,3.162
slovenia,g6_00027_2.tif,6094067,227,0.568,56.8,0.0288,0,2.365
slovenia,g6_00027_2.tif,6094069,186,0.4654,46.54,0.0103,0,3.162
slovenia,g6_00027_2.tif,6095608,188,0.4704,47.04,0.1388,0,3.049
slovenia,g6_00027_2.tif,6095612,121,0.3028,30.28,0.0105,0,2.096
slovenia,g6_00027_2.tif,6095613,43,0.1076,10.76,0.0748,0,1.258
slovenia,g6_00027_2.tif,6095615,115,0.2878,28.78,0.6059,1,3.535
slovenia,g6_00027_2.tif,6102191,164,0.4104,41.04,0.0956,0,4.978
slovenia,g6_00027_2.tif,6102194,200,0.5004,50.04,0.8,1,3.957
slovenia,g6_00027_2.tif,6102211,166,0.4154,41.54,0.563,1,3.773
slovenia,g6_00027_2.tif,6102519,27,0.0676,6.76,0.0828,0,1.04
slovenia,g6_00027_2.tif,6102522,56,0.1401,14.01,0.1718,0,1.258
slovenia,g6_00027_2.tif,6121756,18,0.045,4.5,0.0506,0,1.258
slovenia,g6_00027_2.tif,6121764,165,0.4129,41.29,0.1847,0,5.094
slovenia,g6_00027_2.tif,6121961,39,0.0976,9.76,0.0448,0,1.639
slovenia,g6_00027_2.tif,6165263,27,0.0676,6.76,0.0056,0,1.968
slovenia,g6_00027_2.tif,6165266,158,0.3953,39.53,0.016,0,2.934
slovenia,g6_00027_2.tif,6165274,165,0.4129,41.29,0.0035,0,3.162
slovenia,g6_00027_2.tif,6165284,115,0.2878,28.78,0.0025,0,1.968
slovenia,g6_00027_2.tif,6165357,9,0.0225,2.25,0.0,0,0.419
slovenia,g6_00027_2.tif,6167140,32,0.0801,8.01,0.0,0,1.639
slovenia,g6_00027_2.tif,6167141,36,0.0901,9.01,0.0,0,1.04
slovenia,g6_00027_2.tif,6169138,40,0.1001,10.01,0.0,0,1.968
slovenia,g6_00027_2.tif,6212156,71,0.1777,17.77,0.1141,0,2.365
slovenia,g6_00027_2.tif,6243444,29,0.0726,7.26,0.0,0,1.04
slovenia,g6_00027_2.tif,6243446,34,0.0851,8.51,0.062,0,1.639
slovenia,g6_00027_2.tif,6243453,29,0.0726,7.26,0.0483,0,1.639
slovenia,g6_00027_2.tif,6370529,135,0.3378,33.78,0.3299,0,2.934
slovenia,g6_00027_2.tif,6370530,127,0.3178,31.78,0.2548,0,2.365
slovenia,g6_00027_2.tif,6370531,23,0.0576,5.76,0.0,0,1.04
slovenia,g6_00027_2.tif,6370539,138,0.3453,34.53,0.6796,1,3.141
slovenia,g6_00027_2.tif,6370546,160,0.4003,40.03,0.2889,0,4.611
slovenia,g6_00027_2.tif,6370634,102,0.2552,25.52,0.3129,0,1.639
slovenia,g6_00027_2.tif,6370653,3,0.0075,0.75,0.0092,0,0.419
slovenia,g6_00027_2.tif,6396935,59,0.1476,14.76,0.1719,0,1.258
slovenia,g6_00027_2.tif,6399723,14,0.035,3.5,0.0602,0,1.258
slovenia,g6_00027_2.tif,6399728,14,0.035,3.5,0.0776,0,1.258
slovenia,g6_00027_2.tif,6399744,26,0.0651,6.51,0.0372,0,1.639
slovenia,g6_00027_2.tif,6401108,188,0.4704,47.04,0.4172,0,4.978
slovenia,g6_00027_2.tif,6401117,16,0.04,4.0,0.0301,0,1.04
slovenia,g6_00027_2.tif,6401237,70,0.1752,17.52,0.0793,0,1.04
slovenia,g6_00027_2.tif,6401248,39,0.0976,9.76,0.0903,0,1.04
slovenia,g6_00027_2.tif,6406006,54,0.1351,13.51,0.0739,0,1.639
slovenia,g6_00027_2.tif,6406007,71,0.1777,17.77,0.0897,0,2.096
slovenia,g6_00027_2.tif,6406009,12,0.03,3.0,0.0164,0,1.258
slovenia,g6_00027_2.tif,6463972,22,0.055,5.5,0.0671,0,1.258
slovenia,g6_00027_2.tif,6463980,42,0.1051,10.51,0.0592,0,1.639
slovenia,g6_00027_2.tif,6469356,36,0.0901,9.01,0.014,0,2.111
slovenia,g6_00027_2.tif,6469357,6,0.015,1.5,0.0015,0,0.775
slovenia,g6_00027_2.tif,6505457,11,0.0275,2.75,0.0111,0,1.04
slovenia,g6_00027_2.tif,6505493,15,0.0375,3.75,0.0152,0,1.04
slovenia,g6_00027_2.tif,6563156,22,0.055,5.5,0.0,0,1.258
slovenia,g6_00027_2.tif,6613267,23,0.0576,5.76,0.4259,0,1.968
slovenia,g6_00027_2.tif,6613281,84,0.2102,21.02,0.0955,0,1.639
slovenia,g6_00027_2.tif,6939036,41,0.1026,10.26,0.0825,0,1.639
slovenia,g6_00027_2.tif,6945219,9,0.0225,2.25,0.0263,0,1.04
slovenia,g6_00027_2.tif,6945306,201,0.5029,50.29,0.6607,1,3.049
slovenia,g6_00027_2.tif,6945462,12,0.03,3.0,0.0147,0,1.258
slovenia,g6_00027_2.tif,7025844,35,0.0876,8.76,0.0378,0,1.968
slovenia,g6_00027_2.tif,7025845,25,0.0626,6.26,0.0306,0,1.639
slovenia,g6_00029_17.tif,6102119,284,0.7155,71.55,0.214,0,5.589
slovenia,g6_00029_17.tif,6102131,260,0.655,65.5,0.033,0,5.77
slovenia,g6_00029_17.tif,6102137,122,0.3074,30.74,0.2857,0,3.186
slovenia,g6_00029_17.tif,6102234,83,0.2091,20.91,0.4659,0,3.06
slovenia,g6_00029_17.tif,6155085,20,0.0504,5.04,0.0733,0,1.046
slovenia,g6_00029_17.tif,6205363,287,0.723,72.3,0.4304,0,4.387
slovenia,g6_00029_17.tif,6212478,251,0.6323,63.23,0.1087,0,4.46
slovenia,g6_00029_17.tif,6212481,188,0.4736,47.36,0.0789,0,3.977
slovenia,g6_00029_17.tif,6212482,291,0.7331,73.31,0.0447,0,4.671
slovenia,g6_00029_17.tif,6212486,219,0.5517,55.17,0.2629,0,2.511
slovenia,g6_00029_17.tif,6212487,220,0.5542,55.42,0.6523,1,3.943
slovenia,g6_00029_17.tif,6212489,201,0.5064,50.64,0.1119,0,4.754
slovenia,g6_00029_17.tif,6212532,42,0.1058,10.58,0.0034,0,1.644
slovenia,g6_00029_17.tif,6224891,124,0.3124,31.24,0.3818,0,2.126
slovenia,g6_00029_17.tif,6225102,178,0.4484,44.84,0.0272,0,2.126
slovenia,g6_00029_17.tif,6225136,130,0.3275,32.75,0.0193,0,2.097
slovenia,g6_00029_17.tif,6225250,109,0.2746,27.46,0.4029,0,3.06
slovenia,g6_00029_17.tif,6225320,10,0.0252,2.52,0.0497,0,0.782
slovenia,g6_00029_17.tif,6248986,262,0.66,66.0,0.7867,1,5.589
slovenia,g6_00029_17.tif,6248987,207,0.5215,52.15,0.2175,0,3.186
slovenia,g6_00029_17.tif,6248993,135,0.3401,34.01,0.4149,0,4.612
slovenia,g6_00029_17.tif,6249062,104,0.262,26.2,0.4952,0,2.935
slovenia,g6_00029_17.tif,6265796,59,0.1486,14.86,0.0977,0,1.046
slovenia,g6_00029_17.tif,6265869,143,0.3603,36.03,0.2368,0,3.06
slovenia,g6_00029_17.tif,6265884,65,0.1638,16.38,0.104,0,1.046
slovenia,g6_00029_17.tif,6298192,117,0.2948,29.48,0.0169,0,3.707
slovenia,g6_00029_17.tif,6298194,114,0.2872,28.72,0.4104,0,3.06
slovenia,g6_00029_17.tif,6298195,227,0.5719,57.19,0.0349,0,2.126
slovenia,g6_00029_17.tif,6298198,42,0.1058,10.58,0.3853,0,1.644
slovenia,g6_00029_17.tif,6298199,83,0.2091,20.91,0.1252,0,1.644
slovenia,g6_00029_17.tif,6298234,150,0.3779,37.79,0.6289,1,4.387
slovenia,g6_00029_17.tif,6333421,33,0.0831,8.31,0.0855,0,1.644
slovenia,g6_00029_17.tif,6333439,22,0.0554,5.54,0.057,0,1.046
slovenia,g6_00029_17.tif,6359097,48,0.1209,12.09,0.0514,0,2.369
slovenia,g6_00029_17.tif,6408129,296,0.7457,74.57,0.7534,1,7.168
slovenia,g6_00029_17.tif,6408146,118,0.2973,29.73,0.0948,0,3.707
slovenia,g6_00029_17.tif,6408148,114,0.2872,28.72,0.1222,0,3.557
slovenia,g6_00029_17.tif,6408183,13,0.0328,3.28,0.002,0,1.258
slovenia,g6_00029_17.tif,6409811,242,0.6097,60.97,0.7882,1,4.612
slovenia,g6_00029_17.tif,6412763,24,0.0605,6.05,0.0187,0,1.258
slovenia,g6_00029_17.tif,6414888,729,1.8365,183.65,0.5724,1,9.897
slovenia,g6_00029_17.tif,6416489,22,0.0554,5.54,0.0238,0,1.258
slovenia,g6_00029_17.tif,6420875,240,0.6046,60.46,0.1271,0,4.612
slovenia,g6_00029_17.tif,6486817,50,0.126,12.6,0.3731,0,2.511
slovenia,g6_00029_17.tif,6491986,352,0.8868,88.68,0.0304,0,5.442
slovenia,g6_00029_17.tif,6491989,75,0.1889,18.89,0.5282,1,3.557
slovenia,g6_00029_17.tif,6491996,34,0.0857,8.57,0.1245,0,1.046
slovenia,g6_00029_17.tif,6491998,56,0.1411,14.11,0.4818,0,2.126
slovenia,g6_00029_17.tif,6621489,187,0.4711,47.11,0.0287,0,3.06
slovenia,g6_00029_17.tif,6621493,110,0.2771,27.71,0.1343,0,3.06
slovenia,g6_00029_17.tif,6621494,40,0.1008,10.08,0.0702,0,1.984
slovenia,g6_00029_17.tif,6640844,332,0.8364,83.64,0.5766,1,7.502
slovenia,g6_00029_17.tif,6640845,407,1.0253,102.53,0.1526,0,5.11
slovenia,g6_00029_17.tif,6640860,140,0.3527,35.27,0.204,0,2.511
slovenia,g6_00029_17.tif,6640951,69,0.1738,17.38,0.0598,0,1.984
slovenia,g6_00029_17.tif,6641026,23,0.0579,5.79,0.0216,0,1.046
slovenia,g6_00029_17.tif,6661240,152,0.3829,38.29,0.8457,1,5.006
slovenia,g6_00029_17.tif,6661243,29,0.0731,7.31,0.2877,0,1.046
slovenia,g6_00029_17.tif,6661251,176,0.4434,44.34,0.0861,0,5.157
slovenia,g6_00029_17.tif,6661252,346,0.8717,87.17,0.7283,1,5.924
slovenia,g6_00029_17.tif,6661254,228,0.5744,57.44,0.0988,0,5.77
slovenia,g6_00029_17.tif,6661256,125,0.3149,31.49,0.0674,0,2.097
slovenia,g6_00029_17.tif,6661262,199,0.5013,50.13,0.2597,0,3.557
slovenia,g6_00029_17.tif,6699956,378,0.9523,95.23,0.4795,0,6.907
slovenia,g6_00029_17.tif,6699957,55,0.1386,13.86,0.0932,0,2.511
slovenia,g6_00029_17.tif,6726219,999,2.5167,251.67,0.1469,0,11.626
slovenia,g6_00029_17.tif,6726224,545,1.373,137.3,0.0832,0,8.878
slovenia,g6_00029_17.tif,6726227,169,0.4258,42.58,0.0205,0,3.186
slovenia,g6_00029_17.tif,6726229,196,0.4938,49.38,0.6136,1,3.707
slovenia,g6_00029_17.tif,6726231,186,0.4686,46.86,0.2487,0,5.451
slovenia,g6_00029_17.tif,6726488,69,0.1738,17.38,0.0081,0,1.046
slovenia,g6_00029_17.tif,6758266,71,0.1789,17.89,0.0761,0,1.984
slovenia,g6_00029_17.tif,6781691,206,0.519,51.9,0.7104,1,3.774
slovenia,g6_00029_17.tif,6781695,65,0.1638,16.38,0.032,0,3.06
slovenia,g6_00029_17.tif,6918318,217,0.5467,54.67,0.067,0,3.186
slovenia,g6_00029_17.tif,6918324,333,0.8389,83.89,0.3234,0,3.943
slovenia,g6_00029_17.tif,6918335,235,0.592,59.2,0.0054,0,6.094
slovenia,g6_00029_17.tif,6918348,109,0.2746,27.46,0.0278,0,3.06
slovenia,g6_00029_17.tif,7005028,242,0.6097,60.97,0.0562,0,5.006
slovenia,g6_00029_17.tif,7045982,57,0.1436,14.36,0.4524,0,3.06
slovenia,g6_00029_17.tif,7045984,347,0.8742,87.42,0.8195,1,7.834
slovenia,g6_00029_17.tif,7045993,150,0.3779,37.79,0.0503,0,2.369
slovenia,g6_00029_17.tif,7045994,122,0.3074,30.74,0.75,1,2.369
slovenia,g6_00029_17.tif,7045996,159,0.4006,40.06,0.4291,0,3.06
slovenia,g6_00029_17.tif,7046464,148,0.3729,37.29,0.349,0,3.707
slovenia,g6_00029_18.tif,6084447,15,0.0378,3.78,0.2444,0,1.258
slovenia,g6_00029_18.tif,6086052,265,0.6676,66.76,0.634,1,5.589
slovenia,g6_00029_18.tif,6086738,146,0.3678,36.78,0.2471,0,2.369
slovenia,g6_00029_18.tif,6086741,149,0.3754,37.54,0.5,1,2.935
slovenia,g6_00029_18.tif,6086750,115,0.2897,28.97,0.0426,0,3.943
slovenia,g6_00029_18.tif,6097740,552,1.3906,139.06,0.0534,0,9.113
slovenia,g6_00029_18.tif,6097748,149,0.3754,37.54,0.0152,0,2.511
slovenia,g6_00029_18.tif,6097845,14,0.0353,3.53,0.0014,0,1.046
slovenia,g6_00029_18.tif,6143569,7,0.0176,1.76,0.0007,0,1.046
slovenia,g6_00029_18.tif,6143571,5,0.0126,1.26,0.051,0,0.782
slovenia,g6_00029_18.tif,6168454,49,0.1234,12.34,0.0033,0,3.06
slovenia,g6_00029_18.tif,6168483,28,0.0705,7.05,0.1129,0,2.097
slovenia,g6_00029_18.tif,6168492,85,0.2141,21.41,0.008,0,3.186
slovenia,g6_00029_18.tif,6168522,8,0.0202,2.02,0.0006,0,1.046
slovenia,g6_00029_18.tif,6194371,559,1.4083,140.83,0.0383,0,7.502
slovenia,g6_00029_18.tif,6194381,104,0.262,26.2,0.0213,0,2.097
slovenia,g6_00029_18.tif,6194383,146,0.3678,36.78,0.344,0,2.369
slovenia,g6_00029_18.tif,6194416,329,0.8288,82.88,0.7639,1,3.943
slovenia,g6_00029_18.tif,6194429,2,0.005,0.5,0.003,0,0.419
slovenia,g6_00029_18.tif,6196970,103,0.2595,25.95,0.2176,0,2.097
slovenia,g6_00029_18.tif,6197169,156,0.393,39.3,0.7019,1,4.414
slovenia,g6_00029_18.tif,6197181,29,0.0731,7.31,0.0,0,1.046
slovenia,g6_00029_18.tif,6212484,145,0.3653,36.53,0.3413,0,2.369
slovenia,g6_00029_18.tif,6212491,134,0.3376,33.76,0.7574,1,3.977
slovenia,g6_00029_18.tif,6212493,103,0.2595,25.95,0.4913,0,2.935
slovenia,g6_00029_18.tif,6265897,134,0.3376,33.76,0.0,0,2.097
slovenia,g6_00029_18.tif,6298198,33,0.0831,8.31,0.0376,0,1.258
slovenia,g6_00029_18.tif,6359096,370,0.9321,93.21,0.0352,0,4.414
slovenia,g6_00029_18.tif,6359097,13,0.0328,3.28,0.0008,0,0.419
slovenia,g6_00029_18.tif,6374038,151,0.3804,38.04,0.1992,0,2.935
slovenia,g6_00029_18.tif,6374040,134,0.3376,33.76,0.7625,1,2.935
slovenia,g6_00029_18.tif,6408081,18,0.0453,4.53,0.0332,0,1.258
slovenia,g6_00029_18.tif,6408105,11,0.0277,2.77,0.0108,0,0.419
slovenia,g6_00029_18.tif,6408140,174,0.4384,43.84,0.4229,0,6.462
slovenia,g6_00029_18.tif,6408148,59,0.1486,14.86,0.0054,0,2.369
slovenia,g6_00029_18.tif,6408149,144,0.3628,36.28,0.3803,0,2.935
slovenia,g6_00029_18.tif,6408186,96,0.2418,24.18,0.0444,0,3.186
slovenia,g6_00029_18.tif,6408506,41,0.1033,10.33,0.0492,0,1.046
slovenia,g6_00029_18.tif,6408549,502,1.2647,126.47,0.4648,0,5.451
slovenia,g6_00029_18.tif,6409806,81,0.2041,20.41,0.0082,0,1.984
slovenia,g6_00029_18.tif,6410302,36,0.0907,9.07,0.0037,0,1.644
slovenia,g6_00029_18.tif,6412757,216,0.5442,54.42,0.0214,0,6.396
slovenia,g6_00029_18.tif,6412759,29,0.0731,7.31,0.34,0,1.046
slovenia,g6_00029_18.tif,6412763,121,0.3048,30.48,0.0108,0,3.774
slovenia,g6_00029_18.tif,6412766,53,0.1335,13.35,0.14,0,1.258
slovenia,g6_00029_18.tif,6412802,37,0.0932,9.32,0.1398,0,1.258
slovenia,g6_00029_18.tif,6412916,265,0.6676,66.76,0.3882,0,5.589
slovenia,g6_00029_18.tif,6412917,29,0.0731,7.31,0.0021,0,1.046
slovenia,g6_00029_18.tif,6414888,14,0.0353,3.53,0.0014,0,1.046
slovenia,g6_00029_18.tif,6414917,121,0.3048,30.48,0.0062,0,3.06
slovenia,g6_00029_18.tif,6414925,104,0.262,26.2,0.4369,0,2.097
slovenia,g6_00029_18.tif,6416489,298,0.7507,75.07,0.0264,0,6.707
slovenia,g6_00029_18.tif,6416492,11,0.0277,2.77,0.1795,0,1.258
slovenia,g6_00029_18.tif,6418434,173,0.4358,43.58,0.1775,0,2.369
slovenia,g6_00029_18.tif,6418442,107,0.2696,26.96,0.2194,0,1.984
slovenia,g6_00029_18.tif,6418789,173,0.4358,43.58,0.4481,0,2.935
slovenia,g6_00029_18.tif,6418790,366,0.9221,92.21,0.6275,1,6.396
slovenia,g6_00029_18.tif,6420954,46,0.1159,11.59,0.494,0,2.097
slovenia,g6_00029_18.tif,6453804,18,0.0453,4.53,0.038,0,1.046
slovenia,g6_00029_18.tif,6453806,46,0.1159,11.59,0.0631,0,1.644
slovenia,g6_00029_18.tif,6453809,52,0.131,13.1,0.8077,1,3.06
slovenia,g6_00029_18.tif,6453851,68,0.1713,17.13,0.0069,0,2.511
slovenia,g6_00029_18.tif,6454184,4,0.0101,1.01,0.0002,0,0.782
slovenia,g6_00029_18.tif,6501399,214,0.5391,53.91,0.7037,1,5.573
slovenia,g6_00029_18.tif,6621487,360,0.9069,90.69,0.9176,1,9.194
slovenia,g6_00029_18.tif,6640855,117,0.2948,29.48,0.4561,0,2.097
slovenia,g6_00029_18.tif,6661260,209,0.5265,52.65,0.302,0,2.935
slovenia,g6_00029_18.tif,6681401,136,0.3426,34.26,0.0,0,5.006
slovenia,g6_00029_18.tif,6694131,128,0.3225,32.25,0.5922,1,2.935
slovenia,g6_00029_18.tif,6694177,125,0.3149,31.49,0.8188,1,3.144
slovenia,g6_00029_18.tif,6694456,81,0.2041,20.41,0.2434,0,1.644
slovenia,g6_00029_18.tif,6702800,272,0.6852,68.52,0.302,0,4.505
slovenia,g6_00029_18.tif,6702829,134,0.3376,33.76,0.3927,0,1.644
slovenia,g6_00029_18.tif,6702830,129,0.325,32.5,0.4164,0,2.097
slovenia,g6_00029_18.tif,6702912,57,0.1436,14.36,0.0743,0,0.782
slovenia,g6_00029_18.tif,6705311,8,0.0202,2.02,0.0393,0,1.046
slovenia,g6_00029_18.tif,6707186,94,0.2368,23.68,0.0,0,1.644
slovenia,g6_00029_18.tif,6707190,25,0.063,6.3,0.0,0,1.984
slovenia,g6_00029_18.tif,6707251,65,0.1638,16.38,0.0476,0,1.258
slovenia,g6_00029_18.tif,6707294,48,0.1209,12.09,0.0,0,1.258
slovenia,g6_00029_18.tif,6714336,12,0.0302,3.02,0.0245,0,1.046
slovenia,g6_00029_18.tif,6715871,428,1.0782,107.82,0.5909,1,4.505
slovenia,g6_00029_18.tif,6715872,394,0.9926,99.26,0.7342,1,5.11
slovenia,g6_00029_18.tif,6715884,137,0.3451,34.51,0.6549,1,3.707
slovenia,g6_00029_18.tif,6715888,13,0.0328,3.28,0.064,0,1.046
slovenia,g6_00029_18.tif,6715893,40,0.1008,10.08,0.0041,0,2.369
slovenia,g6_00029_18.tif,6715894,24,0.0605,6.05,0.0024,0,1.046
slovenia,g6_00029_18.tif,6715897,26,0.0655,6.55,0.0026,0,1.046
slovenia,g6_00029_18.tif,6758266,18,0.0453,4.53,0.0015,0,1.258
slovenia,g6_00029_18.tif,6905777,202,0.5089,50.89,0.6875,1,5.77
slovenia,g6_00029_18.tif,6905783,92,0.2318,23.18,0.2932,0,2.097
slovenia,g6_00029_18.tif,6953326,447,1.1261,112.61,0.4539,0,4.612
slovenia,g6_00029_18.tif,6953331,834,2.1011,210.11,0.8897,1,9.113
slovenia,g6_00029_18.tif,6953338,564,1.4209,142.09,0.0568,0,6.79
slovenia,g6_00029_18.tif,6953370,160,0.4031,40.31,0.6091,1,4.414
slovenia,g6_00029_18.tif,6953416,283,0.713,71.3,0.5176,1,6.094
slovenia,g6_00029_18.tif,6953425,194,0.4887,48.87,0.4423,0,5.589
slovenia,g6_00029_18.tif,6953438,192,0.4837,48.37,0.0187,0,4.387
slovenia,g6_00029_18.tif,6953447,158,0.398,39.8,0.4187,0,2.097
slovenia,g6_00029_18.tif,6953490,62,0.1562,15.62,0.3467,0,3.282
slovenia,g6_00029_18.tif,6954821,16,0.0403,4.03,0.0466,0,1.046
slovenia,g6_00029_18.tif,7005041,28,0.0705,7.05,0.6829,1,1.984
slovenia,g6_00030_0.tif,6084446,223,0.5618,56.18,0.4552,0,3.977
slovenia,g6_00030_0.tif,6084447,57,0.1436,14.36,0.4471,0,2.935
slovenia,g6_00030_0.tif,6084448,236,0.5945,59.45,0.0218,0,3.06
slovenia,g6_00030_0.tif,6086049,417,1.0505,105.05,0.2469,0,7.533
slovenia,g6_00030_0.tif,6086090,306,0.7709,77.09,0.1712,0,5.959
slovenia,g6_00030_0.tif,6086731,206,0.519,51.9,0.0,0,5.006
slovenia,g6_00030_0.tif,6091545,8,0.0202,2.02,0.0093,0,1.046
slovenia,g6_00030_0.tif,6143036,79,0.199,19.9,0.0108,0,3.06
slovenia,g6_00030_0.tif,6143038,11,0.0277,2.77,0.2157,0,0.782
slovenia,g6_00030_0.tif,6143079,22,0.0554,5.54,0.0033,0,0.782
slovenia,g6_00030_0.tif,6143115,30,0.0756,7.56,0.0044,0,0.782
slovenia,g6_00030_0.tif,6143171,39,0.0983,9.83,0.3043,0,1.046
slovenia,g6_00030_0.tif,6143571,117,0.2948,29.48,0.2185,0,2.126
slovenia,g6_00030_0.tif,6143576,284,0.7155,71.55,0.6966,1,5.589
slovenia,g6_00030_0.tif,6168449,98,0.2469,24.69,0.0144,0,1.644
slovenia,g6_00030_0.tif,6251594,432,1.0883,108.83,0.7489,1,7.981
slovenia,g6_00030_0.tif,6251600,116,0.2922,29.22,0.303,0,1.644
slovenia,g6_00030_0.tif,6359098,199,0.5013,50.13,0.4866,0,2.935
slovenia,g6_00030_0.tif,6408142,237,0.5971,59.71,0.7273,1,6.29
slovenia,g6_00030_0.tif,6409824,155,0.3905,39.05,0.0,0,3.977
slovenia,g6_00030_0.tif,6409826,144,0.3628,36.28,0.0168,0,4.414
slovenia,g6_00030_0.tif,6409862,228,0.5744,57.44,0.0,0,2.935
slovenia,g6_00030_0.tif,6412761,208,0.524,52.4,0.0234,0,4.387
slovenia,g6_00030_0.tif,6430684,188,0.4736,47.36,0.0279,0,3.144
slovenia,g6_00030_0.tif,6680023,86,0.2167,21.67,0.2524,0,1.258
slovenia,g6_00030_0.tif,6680270,105,0.2645,26.45,0.0,0,1.258
slovenia,g6_00030_0.tif,6680362,38,0.0957,9.57,0.0,0,1.258
slovenia,g6_00030_0.tif,6681401,7,0.0176,1.76,0.0729,0,0.419
slovenia,g6_00030_0.tif,6681403,161,0.4056,40.56,0.478,0,2.369
slovenia,g6_00030_0.tif,6681404,141,0.3552,35.52,0.4033,0,3.06
slovenia,g6_00030_0.tif,6681405,104,0.262,26.2,0.0,0,2.369
slovenia,g6_00030_0.tif,6681406,88,0.2217,22.17,0.69,1,2.097
slovenia,g6_00030_0.tif,6681841,48,0.1209,12.09,0.0,0,2.369
slovenia,g6_00030_0.tif,6686373,401,1.0102,101.02,0.0218,0,5.157
slovenia,g6_00030_0.tif,6686390,213,0.5366,53.66,0.0316,0,5.77
slovenia,g6_00030_0.tif,6686392,116,0.2922,29.22,0.0303,0,2.511
slovenia,g6_00030_0.tif,6686398,53,0.1335,13.35,0.0053,0,1.644
slovenia,g6_00030_0.tif,6691917,43,0.1083,10.83,0.0244,0,1.258
slovenia,g6_00030_0.tif,6691920,176,0.4434,44.34,0.4806,0,4.414
slovenia,g6_00030_0.tif,6691938,65,0.1638,16.38,0.0,0,1.644
slovenia,g6_00030_0.tif,6694127,461,1.1614,116.14,0.6197,1,6.47
slovenia,g6_00030_0.tif,6694140,309,0.7785,77.85,0.0457,0,6.462
slovenia,g6_00030_0.tif,6694154,307,0.7734,77.34,0.6148,1,5.924
slovenia,g6_00030_0.tif,6694174,149,0.3754,37.54,0.6139,1,2.097
slovenia,g6_00030_0.tif,6699250,283,0.713,71.3,0.0,0,3.707
slovenia,g6_00030_0.tif,6699263,170,0.4283,42.83,0.0,0,2.097
slovenia,g6_00030_0.tif,6699270,17,0.0428,4.28,0.0,0,1.046
slovenia,g6_00030_0.tif,6699943,24,0.0605,6.05,0.0,0,1.046
slovenia,g6_00030_0.tif,6699988,18,0.0453,4.53,0.0,0,1.046
slovenia,g6_00030_0.tif,6702430,12,0.0302,3.02,0.0146,0,1.046
slovenia,g6_00030_0.tif,6702443,12,0.0302,3.02,0.0,0,1.046
slovenia,g6_00030_0.tif,6702444,23,0.0579,5.79,0.0,0,1.258
slovenia,g6_00030_0.tif,6702448,5,0.0126,1.26,0.0,0,0.419
slovenia,g6_00030_0.tif,6702815,225,0.5668,56.68,0.4226,0,3.144
slovenia,g6_00030_0.tif,6702816,241,0.6071,60.71,0.0015,0,3.282
slovenia,g6_00030_0.tif,6702817,78,0.1965,19.65,0.3786,0,3.186
slovenia,g6_00030_0.tif,6702823,187,0.4711,47.11,0.0,0,2.369
slovenia,g6_00030_0.tif,6702834,93,0.2343,23.43,0.0127,0,3.06
slovenia,g6_00030_0.tif,6706456,8,0.0202,2.02,0.0006,0,1.046
slovenia,g6_00030_0.tif,6707071,68,0.1713,17.13,0.4896,0,2.126
slovenia,g6_00030_0.tif,6707072,41,0.1033,10.33,0.0,0,1.644
slovenia,g6_00030_0.tif,6707110,20,0.0504,5.04,0.25,0,0.782
slovenia,g6_00030_0.tif,6707196,183,0.461,46.1,0.4418,0,2.511
slovenia,g6_00030_0.tif,6715853,195,0.4913,49.13,0.4562,0,5.589
slovenia,g6_00030_0.tif,6715879,293,0.7381,73.81,0.0373,0,4.46
slovenia,g6_00030_0.tif,6715884,138,0.3477,34.77,0.3165,0,4.612
slovenia,g6_00030_0.tif,6715889,215,0.5416,54.16,0.0287,0,2.935
slovenia,g6_00030_0.tif,6718646,30,0.0756,7.56,0.0,0,1.046
slovenia,g6_00030_0.tif,6718647,281,0.7079,70.79,0.0,0,3.943
slovenia,g6_00030_0.tif,6750763,423,1.0657,106.57,0.7123,1,6.839
slovenia,g6_00030_0.tif,6758271,12,0.0302,3.02,0.0,0,1.258
slovenia,g6_00030_0.tif,6758276,9,0.0227,2.27,0.0021,0,0.782
slovenia,g6_00030_0.tif,6791686,55,0.1386,13.86,0.1521,0,3.06
slovenia,g6_00030_0.tif,6894033,544,1.3705,137.05,0.3327,0,10.068
slovenia,g6_00030_0.tif,6894044,219,0.5517,55.17,0.0261,0,5.157
slovenia,g6_00030_0.tif,6927190,20,0.0504,5.04,0.0,0,1.984
slovenia,g6_00030_0.tif,6953370,76,0.1915,19.15,0.2868,0,2.935
slovenia,g6_00030_0.tif,6953393,405,1.0203,102.03,0.8544,1,8.304
slovenia,g6_00030_0.tif,6953408,217,0.5467,54.67,0.3158,0,3.144
slovenia,g6_00030_0.tif,6953418,264,0.6651,66.51,0.0,0,3.774
slovenia,g6_00030_0.tif,6953443,180,0.4535,45.35,0.3434,0,3.144
slovenia,g6_00030_0.tif,6953444,177,0.4459,44.59,0.0019,0,3.707
slovenia,g6_00030_0.tif,6953451,142,0.3577,35.77,0.0,0,2.097
slovenia,g6_00030_0.tif,6953453,138,0.3477,34.77,0.058,0,3.774
slovenia,g6_00030_0.tif,6953454,118,0.2973,29.73,0.0175,0,3.06
slovenia,g6_00030_0.tif,6953460,113,0.2847,28.47,0.0,0,1.984
slovenia,g6_00030_1.tif,6086060,203,0.5114,51.14,0.7143,1,3.144
slovenia,g6_00030_1.tif,6091541,13,0.0328,3.28,0.0067,0,1.046
slovenia,g6_00030_1.tif,6091546,221,0.5568,55.68,0.4113,0,5.157
slovenia,g6_00030_1.tif,6091556,103,0.2595,25.95,0.6818,1,3.06
slovenia,g6_00030_1.tif,6091563,155,0.3905,39.05,0.0647,0,2.511
slovenia,g6_00030_1.tif,6360198,115,0.2897,28.97,0.2105,0,4.387
slovenia,g6_00030_1.tif,6409814,148,0.3729,37.29,0.7547,1,4.612
slovenia,g6_00030_1.tif,6502713,60,0.1512,15.12,0.642,1,2.097
slovenia,g6_00030_1.tif,6502722,203,0.5114,51.14,0.8079,1,4.414
slovenia,g6_00030_1.tif,6638528,320,0.8062,80.62,0.5019,1,6.462
slovenia,g6_00030_1.tif,6681841,195,0.4913,49.13,0.1892,0,5.006
slovenia,g6_00030_1.tif,6686388,213,0.5366,53.66,0.3799,0,3.943
slovenia,g6_00030_1.tif,6691917,305,0.7684,76.84,0.393,0,4.612
slovenia,g6_00030_1.tif,6691920,5,0.0126,1.26,0.0327,0,0.419
slovenia,g6_00030_1.tif,6694123,328,0.8263,82.63,0.7689,1,5.157
slovenia,g6_00030_1.tif,6694180,111,0.2796,27.96,0.0695,0,2.935
slovenia,g6_00030_1.tif,6699255,349,0.8792,87.92,0.3645,0,5.819
slovenia,g6_00030_1.tif,6702817,131,0.33,33.0,0.8323,1,4.414
slovenia,g6_00030_1.tif,6717334,208,0.524,52.4,0.6534,1,2.935
slovenia,g6_00030_1.tif,6717335,18,0.0453,4.53,0.0033,0,1.644
slovenia,g6_00030_1.tif,6753792,298,0.7507,75.07,0.5958,1,5.11
slovenia,g6_00030_1.tif,6753794,103,0.2595,25.95,0.7698,1,3.774
slovenia,g6_00030_1.tif,6753797,12,0.0302,3.02,0.0,0,1.046
slovenia,g6_00030_1.tif,6760066,45,0.1134,11.34,0.1751,0,3.144
slovenia,g6_00030_1.tif,6879122,80,0.2015,20.15,0.0413,0,1.984
slovenia,g6_00030_1.tif,6894044,180,0.4535,45.35,0.7989,1,5.451
slovenia,g6_00030_1.tif,6953349,41,0.1033,10.33,0.1004,0,1.046
slovenia,g6_00030_1.tif,7005985,57,0.1436,14.36,0.0798,0,3.186
slovenia,g6_00030_1.tif,7005986,10,0.0252,2.52,0.0233,0,1.046
slovenia,g6_00030_1.tif,7005987,50,0.126,12.6,0.0,0,2.511
slovenia,g6_00030_2.tif,6343097,171,0.428,42.8,0.4732,0,4.39
slovenia,g6_00030_2.tif,6343105,122,0.3053,30.53,0.0667,0,3.692
slovenia,g6_00030_2.tif,6343106,398,0.9961,99.61,0.2708,0,7.91
slovenia,g6_00030_2.tif,6343107,258,0.6457,64.57,0.0679,0,5.592
slovenia,g6_00030_2.tif,6498885,329,0.8234,82.34,0.2379,0,5.432
slovenia,g6_00030_2.tif,6498886,55,0.1377,13.77,0.0565,0,2.508
slovenia,g6_00030_2.tif,6498889,295,0.7383,73.83,0.8166,1,7.903
slovenia,g6_00030_2.tif,6498891,30,0.0751,7.51,0.0,0,1.987
slovenia,g6_00030_2.tif,6498896,56,0.1402,14.02,0.0679,0,2.357
slovenia,g6_00030_2.tif,6499008,48,0.1201,12.01,0.0336,0,1.046
slovenia,g6_00030_2.tif,6499026,294,0.7358,73.58,0.1829,0,6.793
slovenia,g6_00030_2.tif,6500913,34,0.0851,8.51,0.0,0,1.25
slovenia,g6_00030_2.tif,6500921,545,1.364,136.4,0.4514,0,5.415
slovenia,g6_00030_2.tif,6500923,265,0.6632,66.32,0.0038,0,3.919
slovenia,g6_00030_2.tif,6502707,22,0.0551,5.51,0.2576,0,1.046
slovenia,g6_00030_2.tif,6502713,56,0.1402,14.02,0.8167,1,3.051
slovenia,g6_00030_2.tif,6502714,177,0.443,44.3,0.1348,0,3.97
slovenia,g6_00030_2.tif,6502719,55,0.1377,13.77,0.1158,0,2.127
slovenia,g6_00030_2.tif,6502722,66,0.1652,16.52,0.0,0,2.916
slovenia,g6_00030_2.tif,6502726,103,0.2578,25.78,0.0696,0,2.357
slovenia,g6_00030_2.tif,6502739,31,0.0776,7.76,0.0481,0,1.987
slovenia,g6_00030_2.tif,6502740,48,0.1201,12.01,0.075,0,1.046
slovenia,g6_00030_2.tif,6502742,58,0.1452,14.52,0.0522,0,2.916
slovenia,g6_00030_2.tif,6507001,24,0.0601,6.01,0.1244,0,1.987
slovenia,g6_00030_2.tif,6600251,31,0.0776,7.76,0.3529,0,1.987
slovenia,g6_00030_2.tif,6753792,30,0.0751,7.51,0.2933,0,1.25
slovenia,g6_00030_2.tif,6814381,42,0.1051,10.51,0.0979,0,3.051
slovenia,g6_00030_2.tif,6953349,458,1.1463,114.63,0.0074,0,6.249
slovenia,g6_00030_2.tif,6953390,619,1.5492,154.92,0.39,0,10.398
slovenia,g6_00030_3.tif,6095618,44,0.1108,11.08,0.0205,0,1.644
slovenia,g6_00030_3.tif,6095619,53,0.1335,13.35,0.0199,0,2.097
slovenia,g6_00030_3.tif,6102198,183,0.461,46.1,0.0208,0,4.387
slovenia,g6_00030_3.tif,6102200,49,0.1234,12.34,0.0228,0,2.097
slovenia,g6_00030_3.tif,6165790,48,0.1209,12.09,0.0057,0,1.984
slovenia,g6_00030_3.tif,6256808,318,0.8011,80.11,0.882,1,4.671
slovenia,g6_00030_3.tif,6256811,198,0.4988,49.88,0.0352,0,3.06
slovenia,g6_00030_3.tif,6256815,507,1.2773,127.73,0.8402,1,9.927
slovenia,g6_00030_3.tif,6256825,21,0.0529,5.29,0.0098,0,1.258
slovenia,g6_00030_3.tif,6256896,53,0.1335,13.35,0.008,0,1.984
slovenia,g6_00030_3.tif,6341913,160,0.4031,40.31,0.7892,1,5.442
slovenia,g6_00030_3.tif,6370066,22,0.0554,5.54,0.2817,0,1.258
slovenia,g6_00030_3.tif,6370543,45,0.1134,11.34,0.0209,0,1.258
slovenia,g6_00030_3.tif,6406018,29,0.0731,7.31,0.0135,0,1.258
slovenia,g6_00030_3.tif,6424491,46,0.1159,11.59,0.0214,0,1.258
slovenia,g6_00030_3.tif,6424492,17,0.0428,4.28,0.0079,0,0.419
slovenia,g6_00030_3.tif,6463982,45,0.1134,11.34,0.0209,0,2.097
slovenia,g6_00030_3.tif,6469356,42,0.1058,10.58,0.0115,0,1.046
slovenia,g6_00030_3.tif,6469357,126,0.3174,31.74,0.0572,0,3.557
slovenia,g6_00030_3.tif,6486562,170,0.4283,42.83,0.895,1,5.451
slovenia,g6_00030_3.tif,6502745,62,0.1562,15.62,0.0269,0,1.258
slovenia,g6_00030_3.tif,6507017,15,0.0378,3.78,0.007,0,1.046
slovenia,g6_00030_3.tif,6597515,397,1.0001,100.01,0.703,1,4.46
slovenia,g6_00030_3.tif,6638599,31,0.0781,7.81,0.0144,0,1.644
slovenia,g6_00030_3.tif,6644565,22,0.0554,5.54,0.0088,0,1.046
slovenia,g6_00030_3.tif,6644566,17,0.0428,4.28,0.0079,0,1.046
slovenia,g6_00030_3.tif,6699665,213,0.5366,53.66,0.0251,0,4.414
slovenia,g6_00030_3.tif,6699672,32,0.0806,8.06,0.0038,0,1.984
slovenia,g6_00030_3.tif,6699864,157,0.3955,39.55,0.0185,0,2.511
slovenia,g6_00030_3.tif,6699930,20,0.0504,5.04,0.0024,0,1.644
slovenia,g6_00030_3.tif,6700619,31,0.0781,7.81,0.0037,0,1.046
slovenia,g6_00030_3.tif,6772531,21,0.0529,5.29,0.0098,0,1.258
slovenia,g6_00030_3.tif,6912184,65,0.1638,16.38,0.0092,0,2.097
slovenia,g6_00032_10.tif,6103343,57,0.1436,14.36,0.0,0,1.046
slovenia,g6_00032_10.tif,6103344,50,0.126,12.6,0.0749,0,1.984
slovenia,g6_00032_10.tif,6114823,16,0.0403,4.03,0.0,0,1.046
slovenia,g6_00032_10.tif,6114824,12,0.0302,3.02,0.0,0,1.046
slovenia,g6_00032_10.tif,6114830,30,0.0756,7.56,0.0,0,1.258
slovenia,g6_00032_11.tif,6103346,61,0.1537,15.37,0.6786,1,1.644
slovenia,g6_00032_11.tif,6112353,59,0.1487,14.87,0.1135,0,2.126
slovenia,g6_00032_11.tif,6112357,10,0.0252,2.52,0.0192,0,1.046
slovenia,g6_00032_11.tif,6114822,73,0.184,18.4,0.2966,0,2.097
slovenia,g6_00032_11.tif,6114849,64,0.1613,16.13,0.1163,0,2.936
slovenia,g6_00032_11.tif,6114856,43,0.1084,10.84,0.3226,0,1.258
slovenia,g6_00032_11.tif,6130823,39,0.0983,9.83,0.028,0,1.258
slovenia,g6_00032_11.tif,6130912,17,0.0428,4.28,0.0179,0,0.419
slovenia,g6_00032_11.tif,6144269,37,0.0932,9.32,0.0626,0,2.511
slovenia,g6_00032_11.tif,6219017,58,0.1462,14.62,0.0517,0,2.369
slovenia,g6_00032_11.tif,6219018,38,0.0958,9.58,0.0322,0,2.097
slovenia,g6_00032_11.tif,6566069,104,0.2621,26.21,0.2313,0,2.936
slovenia,g6_00032_11.tif,6566070,37,0.0932,9.32,0.0651,0,2.097
slovenia,g6_00032_11.tif,6566071,75,0.189,18.9,0.1754,0,2.369
slovenia,g6_00032_11.tif,6566087,34,0.0857,8.57,0.0534,0,1.258
slovenia,g6_00032_11.tif,6566353,24,0.0605,6.05,0.052,0,1.046
slovenia,g6_00032_11.tif,6713829,112,0.2822,28.22,0.1422,0,2.936
slovenia,g6_00032_11.tif,6780259,91,0.2293,22.93,0.093,0,1.984
slovenia,g6_00032_11.tif,6780261,127,0.32,32.0,0.016,0,1.984
slovenia,g6_00032_11.tif,6780268,171,0.4309,43.09,0.775,1,5.452
slovenia,g6_00032_11.tif,6780568,54,0.1361,13.61,0.0594,0,2.126
slovenia,g6_00032_11.tif,6780580,30,0.0756,7.56,0.0341,0,1.644
slovenia,g6_00032_11.tif,6865058,31,0.0781,7.81,0.0893,0,1.258
slovenia,g6_00032_11.tif,6934073,91,0.2293,22.93,0.77,1,2.936
slovenia,g6_00032_11.tif,6973439,184,0.4637,46.37,0.1227,0,3.06
slovenia,g6_00032_11.tif,6973445,154,0.3881,38.81,0.0,0,3.185
slovenia,g6_00032_11.tif,6973468,141,0.3553,35.53,0.0873,0,2.511
slovenia,g6_00032_11.tif,6973535,213,0.5367,53.67,0.0754,0,3.557
slovenia,g6_00032_11.tif,6973575,7,0.0176,1.76,0.0443,0,1.046
slovenia,g6_00032_11.tif,6973878,10,0.0252,2.52,0.0,0,0.782
slovenia,g6_00032_11.tif,7004274,80,0.2016,20.16,0.0699,0,2.126
slovenia,g6_00032_11.tif,7073789,18,0.0454,4.54,0.124,0,1.258
slovenia,g6_00032_11.tif,7073790,102,0.257,25.7,0.098,0,2.936
slovenia,g6_00032_11.tif,7073793,77,0.194,19.4,0.6387,1,2.097
slovenia,g6_00032_11.tif,7073794,61,0.1537,15.37,0.0721,0,1.984
slovenia,g6_00032_11.tif,7073796,24,0.0605,6.05,0.0108,0,1.644
slovenia,g6_00032_9.tif,6788962,78,0.1953,19.53,0.1847,0,2.127
slovenia,g6_00034_6.tif,6092269,16,0.0403,4.03,0.0773,0,1.046
slovenia,g6_00034_6.tif,6092277,39,0.0983,9.83,0.0397,0,2.512
slovenia,g6_00034_6.tif,6094566,10,0.0252,2.52,0.0286,0,1.046
slovenia,g6_00034_6.tif,6106888,9,0.0227,2.27,0.0,0,1.259
slovenia,g6_00034_6.tif,6106898,23,0.058,5.8,0.1165,0,1.046
slovenia,g6_00034_6.tif,6287195,52,0.1311,13.11,0.0027,0,2.098
slovenia,g6_00034_6.tif,6287197,9,0.0227,2.27,0.0057,0,1.046
slovenia,g6_00034_6.tif,6287198,15,0.0378,3.78,0.0173,0,1.046
slovenia,g6_00034_6.tif,6287204,23,0.058,5.8,0.0152,0,1.046
slovenia,g6_00034_6.tif,6350692,64,0.1613,16.13,0.0267,0,2.098
slovenia,g6_00034_6.tif,6350694,12,0.0302,3.02,0.0,0,1.046
slovenia,g6_00034_6.tif,6350696,17,0.0428,4.28,0.0,0,1.046
slovenia,g6_00034_6.tif,6350698,26,0.0655,6.55,0.0149,0,1.046
slovenia,g6_00034_6.tif,6350974,16,0.0403,4.03,0.0232,0,1.046
slovenia,g6_00034_6.tif,6382218,21,0.0529,5.29,0.0417,0,1.644
slovenia,g6_00034_6.tif,6426821,54,0.1361,13.61,0.0,0,2.937
slovenia,g6_00034_6.tif,6522243,14,0.0353,3.53,0.1591,0,1.046
slovenia,g6_00034_6.tif,6522253,31,0.0781,7.81,0.0129,0,1.644
slovenia,g6_00034_7.tif,6091075,29,0.0731,7.31,0.0175,0,1.644
slovenia,g6_00034_7.tif,6091076,16,0.0403,4.03,0.0096,0,1.259
slovenia,g6_00034_7.tif,6091079,41,0.1033,10.33,0.0182,0,1.644
slovenia,g6_00034_7.tif,6092501,11,0.0277,2.77,0.0,0,1.046
slovenia,g6_00034_7.tif,6092508,90,0.2268,22.68,0.2931,0,3.145
slovenia,g6_00034_7.tif,6092509,6,0.0151,1.51,0.0,0,0.782
slovenia,g6_00034_7.tif,6100702,18,0.0454,4.54,0.1304,0,1.046
slovenia,g6_00034_7.tif,6198392,17,0.0428,4.28,0.0403,0,1.046
slovenia,g6_00034_7.tif,6291881,55,0.1386,13.86,0.0468,0,1.984
slovenia,g6_00034_7.tif,6291889,56,0.1411,14.11,0.3235,0,1.644
slovenia,g6_00034_7.tif,6314049,129,0.3251,32.51,0.1075,0,4.756
slovenia,g6_00034_7.tif,6332592,45,0.1134,11.34,0.0346,0,2.512
slovenia,g6_00034_7.tif,6332594,5,0.0126,1.26,0.0108,0,1.046
slovenia,g6_00034_7.tif,6418581,35,0.0882,8.82,0.0211,0,1.046
slovenia,g6_00034_7.tif,6418582,26,0.0655,6.55,0.0151,0,1.046
slovenia,g6_00034_7.tif,6452693,54,0.1361,13.61,0.0083,0,3.145
slovenia,g6_00034_7.tif,6544280,24,0.0605,6.05,0.0472,0,1.046
slovenia,g6_00034_7.tif,6627590,16,0.0403,4.03,0.0537,0,1.046
slovenia,g6_00034_7.tif,6627597,50,0.126,12.6,0.0244,0,1.644
slovenia,g6_00034_7.tif,6627601,11,0.0277,2.77,0.0311,0,1.046
slovenia,g6_00034_7.tif,6627606,121,0.305,30.5,0.0345,0,3.977
slovenia,g6_00034_7.tif,6629578,19,0.0479,4.79,0.0027,0,1.644
slovenia,g6_00034_7.tif,6629579,15,0.0378,3.78,0.0,0,1.046
slovenia,g6_00034_7.tif,6641448,37,0.0933,9.33,0.0992,0,1.644
slovenia,g6_00034_7.tif,6641449,25,0.063,6.3,0.0642,0,1.046
slovenia,g6_00034_7.tif,6819377,14,0.0353,3.53,0.0213,0,1.046
slovenia,g6_00034_7.tif,6867383,49,0.1235,12.35,0.0264,0,2.126
slovenia,g6_00034_7.tif,6929642,16,0.0403,4.03,0.3902,0,1.046
slovenia,g6_00034_7.tif,6929643,289,0.7284,72.84,0.0711,0,3.282
slovenia,g6_00034_7.tif,6929651,13,0.0328,3.28,0.0,0,1.046
slovenia,g6_00034_7.tif,7008831,33,0.0832,8.32,0.1281,0,1.644
slovenia,g6_00034_7.tif,7008848,19,0.0479,4.79,0.0078,0,1.046
slovenia,g6_00034_7.tif,7008870,41,0.1033,10.33,0.3158,0,2.512
slovenia,g6_00035_10.tif,6125005,53,0.1327,13.27,0.0344,0,1.986
slovenia,g6_00035_10.tif,6519963,26,0.0651,6.51,0.0442,0,1.986
slovenia,g6_00035_10.tif,6519964,10,0.025,2.5,0.0147,0,1.046
slovenia,g6_00035_10.tif,6519966,35,0.0876,8.76,0.3889,0,1.986
slovenia,g6_00035_10.tif,6719032,257,0.6435,64.35,0.1458,0,5.541
slovenia,g6_00035_10.tif,6744273,200,0.5008,50.08,0.5076,1,4.394
slovenia,g6_00035_10.tif,6744279,101,0.2529,25.29,0.203,0,2.508
slovenia,g6_00035_11.tif,6340443,34,0.0857,8.57,0.0078,0,2.126
slovenia,g6_00035_11.tif,6340535,22,0.0555,5.55,0.0055,0,1.046
slovenia,g6_00035_11.tif,6788964,86,0.2168,21.68,0.4637,0,2.512
slovenia,g6_00035_12.tif,6084420,43,0.1084,10.84,0.067,0,1.984
slovenia,g6_00035_12.tif,6084428,46,0.1159,11.59,0.0112,0,2.37
slovenia,g6_00035_12.tif,6116267,85,0.2142,21.42,0.0108,0,2.098
slovenia,g6_00035_12.tif,6116268,46,0.1159,11.59,0.0059,0,1.046
slovenia,g6_00035_12.tif,6116273,44,0.1109,11.09,0.0056,0,2.098
slovenia,g6_00035_12.tif,6116275,69,0.1739,17.39,0.0088,0,2.126
slovenia,g6_00035_12.tif,6116281,110,0.2773,27.73,0.014,0,1.259
slovenia,g6_00035_12.tif,6116309,13,0.0328,3.28,0.0017,0,1.046
slovenia,g6_00035_12.tif,6116366,147,0.3705,37.05,0.0187,0,2.098
slovenia,g6_00035_12.tif,6116384,171,0.431,43.1,0.0218,0,2.37
slovenia,g6_00035_12.tif,6140480,188,0.4739,47.39,0.0705,0,5.589
slovenia,g6_00035_12.tif,6140481,148,0.373,37.3,0.8718,1,1.984
slovenia,g6_00035_12.tif,6140484,339,0.8545,85.45,0.9011,1,5.589
slovenia,g6_00035_12.tif,6140497,72,0.1815,18.15,0.0313,0,2.37
slovenia,g6_00035_12.tif,6140535,7,0.0176,1.76,0.003,0,1.046
slovenia,g6_00035_12.tif,6140579,12,0.0302,3.02,0.0043,0,0.782
slovenia,g6_00035_12.tif,6189607,31,0.0781,7.81,0.0039,0,1.644
slovenia,g6_00035_12.tif,6228535,16,0.0403,4.03,0.002,0,1.259
slovenia,g6_00035_12.tif,6269077,57,0.1437,14.37,0.3652,0,2.098
slovenia,g6_00035_12.tif,6269243,96,0.242,24.2,0.0117,0,1.259
slovenia,g6_00035_12.tif,6269250,113,0.2848,28.48,0.0103,0,1.644
slovenia,g6_00035_12.tif,6399611,23,0.058,5.8,0.6667,1,1.259
slovenia,g6_00035_12.tif,6523719,45,0.1134,11.34,0.0057,0,1.984
slovenia,g6_00035_12.tif,6523720,31,0.0781,7.81,0.0039,0,1.984
slovenia,g6_00035_12.tif,6523992,14,0.0353,3.53,0.0018,0,0.782
slovenia,g6_00035_12.tif,6541082,116,0.2924,29.24,0.0142,0,3.145
slovenia,g6_00035_12.tif,6541083,5,0.0126,1.26,0.0006,0,0.42
slovenia,g6_00035_12.tif,6541084,21,0.0529,5.29,0.0027,0,1.644
slovenia,g6_00035_12.tif,6598732,72,0.1815,18.15,0.0092,0,1.644
slovenia,g6_00035_12.tif,6598768,20,0.0504,5.04,0.0024,0,1.046
slovenia,g6_00035_12.tif,6598771,30,0.0756,7.56,0.0037,0,1.046
slovenia,g6_00035_12.tif,6614924,66,0.1664,16.64,0.0066,0,1.984
slovenia,g6_00035_12.tif,6615036,25,0.063,6.3,0.0032,0,1.644
slovenia,g6_00035_12.tif,6615069,34,0.0857,8.57,0.0043,0,1.984
slovenia,g6_00035_12.tif,6635960,43,0.1084,10.84,0.0187,0,1.984
slovenia,g6_00035_12.tif,6757987,65,0.1638,16.38,0.381,0,1.644
slovenia,g6_00035_12.tif,6757989,69,0.1739,17.39,0.0049,0,1.644
slovenia,g6_00035_12.tif,6757991,11,0.0277,2.77,0.0014,0,1.046
slovenia,g6_00035_12.tif,6758123,79,0.1991,19.91,0.3563,0,2.126
slovenia,g6_00035_12.tif,6758174,12,0.0302,3.02,0.0015,0,1.046
slovenia,g6_00035_12.tif,6758348,38,0.0958,9.58,0.0048,0,1.046
slovenia,g6_00035_12.tif,6969246,49,0.1235,12.35,0.061,0,1.259
slovenia,g6_00035_12.tif,6969247,67,0.1689,16.89,0.0085,0,2.37
slovenia,g6_00035_12.tif,6969252,114,0.2873,28.73,0.0145,0,2.098
slovenia,g6_00035_12.tif,6969325,48,0.121,12.1,0.0055,0,2.098
slovenia,g6_00035_12.tif,6969343,38,0.0958,9.58,0.0473,0,1.259
slovenia,g6_00035_12.tif,7006049,24,0.0605,6.05,0.0031,0,1.046
slovenia,g6_00037_7.tif,6198406,29,0.0731,7.31,0.1946,0,1.984
slovenia,g6_00037_8.tif,6091065,12,0.0303,3.03,0.0034,0,1.046
slovenia,g6_00038_11.tif,6145510,8,0.02,2.0,0.0567,0,0.785
slovenia,g6_00038_11.tif,6719326,87,0.2179,21.79,0.5688,1,3.188
slovenia,g6_00038_13.tif,6116267,210,0.5294,52.94,0.1859,0,2.37
slovenia,g6_00038_13.tif,6116268,7,0.0176,1.76,0.0052,0,1.046
slovenia,g6_00038_13.tif,6116281,15,0.0378,3.78,0.0322,0,1.046
slovenia,g6_00038_13.tif,6116366,16,0.0403,4.03,0.0343,0,1.645
slovenia,g6_00038_13.tif,6116384,21,0.0529,5.29,0.0451,0,1.984
slovenia,g6_00038_13.tif,6140481,229,0.5773,57.73,0.9407,1,3.185
slovenia,g6_00038_13.tif,6140488,157,0.3958,39.58,0.8228,1,3.709
slovenia,g6_00038_13.tif,6140490,156,0.3933,39.33,0.0115,0,2.126
slovenia,g6_00038_13.tif,6140491,83,0.2093,20.93,0.1108,0,1.645
slovenia,g6_00038_13.tif,6140496,65,0.1639,16.39,0.0048,0,1.645
slovenia,g6_00038_13.tif,6140498,66,0.1664,16.64,0.0049,0,1.984
slovenia,g6_00038_13.tif,6175364,5,0.0126,1.26,0.0003,0,0.42
slovenia,g6_00038_13.tif,6244662,90,0.2269,22.69,0.1892,0,3.185
slovenia,g6_00038_13.tif,6269077,80,0.2017,20.17,0.2423,0,2.098
slovenia,g6_00038_13.tif,6360692,96,0.242,24.2,0.1019,0,2.098
slovenia,g6_00038_13.tif,6360696,133,0.3353,33.53,0.0082,0,3.061
slovenia,g6_00038_13.tif,6360698,60,0.1513,15.13,0.1223,0,2.126
slovenia,g6_00038_13.tif,6364420,440,1.1093,110.93,0.0307,0,8.714
slovenia,g6_00038_13.tif,6364438,203,0.5118,51.18,0.0132,0,3.709
slovenia,g6_00038_13.tif,6364446,75,0.1891,18.91,0.5798,1,1.984
slovenia,g6_00038_13.tif,6364457,64,0.1614,16.14,0.0047,0,1.645
slovenia,g6_00038_13.tif,6364596,24,0.0605,6.05,0.5263,1,2.098
slovenia,g6_00038_13.tif,6431719,53,0.1336,13.36,0.4231,0,1.645
slovenia,g6_00038_13.tif,6431774,51,0.1286,12.86,0.3153,0,2.126
slovenia,g6_00038_13.tif,6598732,50,0.1261,12.61,0.0398,0,1.645
slovenia,g6_00038_13.tif,6635573,98,0.2471,24.71,0.1363,0,1.984
slovenia,g6_00038_13.tif,6678624,292,0.7362,73.62,0.653,1,3.945
slovenia,g6_00038_13.tif,6678639,13,0.0328,3.28,0.0301,0,0.42
slovenia,g6_00038_13.tif,6678641,9,0.0227,2.27,0.0208,0,0.42
slovenia,g6_00038_13.tif,6678649,3,0.0076,0.76,0.0069,0,0.42
slovenia,g6_00038_13.tif,6691815,155,0.3908,39.08,0.0097,0,3.061
slovenia,g6_00038_13.tif,6691819,73,0.184,18.4,0.1,0,1.645
slovenia,g6_00038_13.tif,6691918,18,0.0454,4.54,0.0013,0,1.984
slovenia,g6_00038_13.tif,6693987,221,0.5572,55.72,0.0156,0,5.773
slovenia,g6_00038_13.tif,6718225,887,2.2362,223.62,0.4034,0,14.0
slovenia,g6_00038_13.tif,6718271,47,0.1185,11.85,0.0348,0,1.259
slovenia,g6_00038_13.tif,6718286,30,0.0756,7.56,0.0022,0,1.046
slovenia,g6_00038_13.tif,6718374,11,0.0277,2.77,0.0008,0,1.046
slovenia,g6_00038_13.tif,6767241,13,0.0328,3.28,0.1757,0,1.259
slovenia,g6_00038_13.tif,6767369,33,0.0832,8.32,0.0024,0,1.259
slovenia,g6_00038_13.tif,6969246,38,0.0958,9.58,0.0815,0,1.259
slovenia,g6_00038_13.tif,6969252,66,0.1664,16.64,0.0489,0,2.37
slovenia,g6_00038_13.tif,7006049,7,0.0176,1.76,0.0069,0,0.782
slovenia,g6_00038_13.tif,7032951,139,0.3504,35.04,0.0097,0,4.506
slovenia,g6_00038_13.tif,7032952,162,0.4084,40.84,0.012,0,5.006
slovenia,g6_00039_14.tif,6361165,16,0.0403,4.03,0.0506,0,1.046
slovenia,g6_00039_14.tif,6361166,8,0.0202,2.02,0.0,0,1.046
slovenia,g6_00039_14.tif,6522770,337,0.8498,84.98,0.6,1,3.778
slovenia,g6_00039_14.tif,6609039,43,0.1084,10.84,0.1105,0,1.046
slovenia,g6_00039_14.tif,6723891,60,0.1513,15.13,0.0,0,3.061
slovenia,g6_00039_14.tif,6723893,70,0.1765,17.65,0.0,0,3.061
slovenia,g6_00039_14.tif,6723913,25,0.063,6.3,0.0159,0,1.046
slovenia,g6_00039_14.tif,6838980,110,0.2774,27.74,0.112,0,1.046
slovenia,g6_00039_14.tif,6869902,24,0.0605,6.05,0.0024,0,1.046
slovenia,g6_00039_14.tif,6960460,476,1.2003,120.03,0.0039,0,3.709
slovenia,g6_00039_14.tif,6960462,13,0.0328,3.28,0.0,0,1.259
slovenia,g6_00039_14.tif,6960464,8,0.0202,2.02,0.0,0,0.782
slovenia,g6_00039_15.tif,6161108,243,0.6128,61.28,0.7509,1,5.161
slovenia,g6_00039_15.tif,6161111,400,1.0087,100.87,0.252,0,4.507
slovenia,g6_00039_15.tif,6161115,243,0.6128,61.28,0.0145,0,3.946
slovenia,g6_00039_15.tif,6294798,14,0.0353,3.53,0.0182,0,1.046
slovenia,g6_00039_15.tif,6294800,17,0.0429,4.29,0.0,0,1.259
slovenia,g6_00039_15.tif,6483319,23,0.058,5.8,0.0068,0,1.046
slovenia,g6_00039_15.tif,6483357,17,0.0429,4.29,0.0155,0,1.046
slovenia,g6_00039_15.tif,6540429,17,0.0429,4.29,0.0171,0,1.259
slovenia,g6_00039_15.tif,6540432,20,0.0504,5.04,0.122,0,1.259
slovenia,g6_00039_15.tif,6599322,122,0.3077,30.77,0.0023,0,3.778
slovenia,g6_00039_15.tif,6599325,20,0.0504,5.04,0.0939,0,1.046
slovenia,g6_00039_15.tif,6609039,23,0.058,5.8,0.021,0,1.046
slovenia,g6_00039_15.tif,6656784,27,0.0681,6.81,0.0042,0,1.645
slovenia,g6_00039_15.tif,6656808,15,0.0378,3.78,0.0088,0,1.046
slovenia,g6_00039_15.tif,6705780,11,0.0277,2.77,0.0089,0,1.046
slovenia,g6_00039_15.tif,6716617,13,0.0328,3.28,0.0,0,1.259
slovenia,g6_00039_15.tif,6716619,105,0.2648,26.48,0.0359,0,3.185
slovenia,g6_00039_15.tif,6716646,47,0.1185,11.85,0.1344,0,2.099
slovenia,g6_00039_15.tif,6838988,9,0.0227,2.27,0.0,0,1.259
slovenia,g6_00039_15.tif,6838990,24,0.0605,6.05,0.0,0,1.259
slovenia,g6_00039_15.tif,6868244,286,0.7212,72.12,0.5527,1,6.095
slovenia,g6_00039_15.tif,6868261,160,0.4035,40.35,0.4922,0,3.147
slovenia,g6_00039_15.tif,6897760,49,0.1236,12.36,0.0,0,2.099
slovenia,g6_00039_15.tif,6897779,27,0.0681,6.81,0.1026,0,1.645
slovenia,g6_00041_16.tif,6085836,14,0.0353,3.53,0.0857,0,1.046
slovenia,g6_00041_16.tif,6085838,34,0.0857,8.57,0.0075,0,1.645
slovenia,g6_00041_16.tif,6085843,37,0.0933,9.33,0.0096,0,1.259
slovenia,g6_00041_16.tif,6114079,58,0.1463,14.63,0.618,1,1.983
slovenia,g6_00041_16.tif,6114081,13,0.0328,3.28,0.003,0,1.046
slovenia,g6_00041_16.tif,6128660,84,0.2118,21.18,0.0213,0,1.645
slovenia,g6_00041_16.tif,6296180,39,0.0983,9.83,0.009,0,1.983
slovenia,g6_00041_16.tif,6296200,47,0.1185,11.85,0.4112,0,1.983
slovenia,g6_00041_16.tif,6296208,20,0.0504,5.04,0.1923,0,0.782
slovenia,g6_00041_16.tif,6403368,53,0.1337,13.37,0.0138,0,2.099
slovenia,g6_00041_16.tif,6403370,32,0.0807,8.07,0.0083,0,1.645
slovenia,g6_00041_16.tif,6403454,49,0.1236,12.36,0.0125,0,2.938
slovenia,g6_00041_16.tif,6589550,52,0.1311,13.11,0.0242,0,2.126
slovenia,g6_00041_16.tif,6589609,17,0.0429,4.29,0.0079,0,1.645
slovenia,g6_00041_16.tif,6589811,5,0.0126,1.26,0.0023,0,0.782
slovenia,g6_00041_16.tif,6748353,5,0.0126,1.26,0.0411,0,0.782
slovenia,g6_00041_16.tif,6748354,30,0.0757,7.57,0.1882,0,1.645
slovenia,g6_00041_16.tif,6768170,22,0.0555,5.55,0.0051,0,1.645
slovenia,g6_00041_16.tif,6768171,11,0.0277,2.77,0.0025,0,1.259
slovenia,g6_00041_16.tif,6768172,107,0.2698,26.98,0.822,1,3.557
slovenia,g6_00041_16.tif,6768182,84,0.2118,21.18,0.6038,1,3.147
slovenia,g6_00041_16.tif,6983642,94,0.237,23.7,0.5912,1,3.709
slovenia,g6_00041_16.tif,6983644,16,0.0403,4.03,0.0193,0,1.259
slovenia,g6_00041_16.tif,6983648,31,0.0782,7.82,0.0373,0,2.099
slovenia,g6_00041_16.tif,7045592,175,0.4413,44.13,0.8531,1,4.387
slovenia,g6_00041_16.tif,7045600,89,0.2244,22.44,0.0206,0,3.185
slovenia,g6_00041_16.tif,7045603,129,0.3253,32.53,0.6405,1,3.282
slovenia,g6_00041_16.tif,7045717,43,0.1084,10.84,0.5645,1,2.099
slovenia,g6_00041_16.tif,7045750,17,0.0429,4.29,0.2456,0,1.259
slovenia,g6_00041_17.tif,6088426,26,0.0656,6.56,0.005,0,1.645
slovenia,g6_00041_17.tif,6088433,18,0.0454,4.54,0.0035,0,1.645
slovenia,g6_00041_17.tif,6088437,30,0.0757,7.57,0.0058,0,1.645
slovenia,g6_00041_17.tif,6114076,34,0.0857,8.57,0.1519,0,1.259
slovenia,g6_00041_17.tif,6114081,15,0.0378,3.78,0.2055,0,1.046
slovenia,g6_00041_17.tif,6114097,27,0.0681,6.81,0.0141,0,1.259
slovenia,g6_00041_17.tif,6128673,24,0.0605,6.05,0.3115,0,1.259
slovenia,g6_00041_17.tif,6129178,10,0.0252,2.52,0.0023,0,1.046
slovenia,g6_00041_17.tif,6129183,11,0.0277,2.77,0.0021,0,1.046
slovenia,g6_00041_17.tif,6129210,25,0.063,6.3,0.006,0,1.645
slovenia,g6_00041_17.tif,6139295,118,0.2976,29.76,0.0182,0,2.099
slovenia,g6_00041_17.tif,6139304,114,0.2875,28.75,0.0219,0,2.099
slovenia,g6_00041_17.tif,6139318,117,0.295,29.5,0.0219,0,3.778
slovenia,g6_00041_17.tif,6139349,121,0.3051,30.51,0.04,0,2.938
slovenia,g6_00041_17.tif,6196758,51,0.1286,12.86,0.2209,0,1.259
slovenia,g6_00041_17.tif,6196860,22,0.0555,5.55,0.0,0,1.046
slovenia,g6_00041_17.tif,6197093,15,0.0378,3.78,0.0,0,1.046
slovenia,g6_00041_17.tif,6227315,54,0.1362,13.62,0.0343,0,2.938
slovenia,g6_00041_17.tif,6243304,25,0.063,6.3,0.0159,0,1.259
slovenia,g6_00041_17.tif,6243307,83,0.2093,20.93,0.0277,0,1.259
slovenia,g6_00041_17.tif,6243308,95,0.2396,23.96,0.6149,1,2.371
slovenia,g6_00041_17.tif,6243383,169,0.4262,42.62,0.0563,0,2.938
slovenia,g6_00041_17.tif,6252688,30,0.0757,7.57,0.0058,0,1.046
slovenia,g6_00041_17.tif,6252728,19,0.0479,4.79,0.0037,0,0.42
slovenia,g6_00041_17.tif,6260720,15,0.0378,3.78,0.0,0,1.046
slovenia,g6_00041_17.tif,6304740,37,0.0933,9.33,0.0235,0,1.645
slovenia,g6_00041_17.tif,6304743,88,0.2219,22.19,0.0259,0,2.099
slovenia,g6_00041_17.tif,6304840,22,0.0555,5.55,0.014,0,1.259
slovenia,g6_00041_17.tif,6568718,27,0.0681,6.81,0.0056,0,1.259
slovenia,g6_00041_17.tif,6718423,18,0.0454,4.54,0.0155,0,1.645
slovenia,g6_00041_17.tif,6748353,4,0.0101,1.01,0.0025,0,0.42
slovenia,g6_00041_17.tif,6748354,11,0.0277,2.77,0.007,0,1.046
slovenia,g6_00041_17.tif,6768178,56,0.1412,14.12,0.01,0,2.099
slovenia,g6_00041_17.tif,6773373,16,0.0403,4.03,0.0003,0,1.046
slovenia,g6_00041_17.tif,6773382,81,0.2043,20.43,0.027,0,1.259
slovenia,g6_00041_17.tif,6773383,59,0.1488,14.88,0.0099,0,1.259
slovenia,g6_00041_17.tif,6773601,12,0.0303,3.03,0.0833,0,0.42
slovenia,g6_00041_17.tif,6808499,16,0.0403,4.03,0.0329,0,1.046
slovenia,g6_00041_17.tif,6808517,46,0.116,11.6,0.0081,0,3.061
slovenia,g6_00041_17.tif,6808629,46,0.116,11.6,0.0811,0,1.645
slovenia,g6_00041_17.tif,6808725,15,0.0378,3.78,0.0023,0,1.259
slovenia,g6_00041_17.tif,6824848,5,0.0126,1.26,0.001,0,0.42
slovenia,g6_00041_17.tif,6943905,91,0.2295,22.95,0.0354,0,2.099
slovenia,g6_00041_17.tif,6952611,32,0.0807,8.07,0.019,0,2.099
slovenia,g6_00041_17.tif,6952642,32,0.0807,8.07,0.2393,0,1.046
slovenia,g6_00041_17.tif,6995942,22,0.0555,5.55,0.0,0,1.046
slovenia,g6_00041_17.tif,6995949,133,0.3354,33.54,0.0443,0,2.099
slovenia,g6_00041_17.tif,6996298,72,0.1816,18.16,0.0223,0,1.645
slovenia,g6_00041_17.tif,6996317,69,0.174,17.4,0.023,0,1.645
slovenia,g6_00041_17.tif,7045592,99,0.2497,24.97,0.7677,1,4.387
slovenia,g6_00041_17.tif,7068454,62,0.1563,15.63,0.0159,0,2.099
slovenia,g6_00041_17.tif,7068457,24,0.0605,6.05,0.0227,0,1.645
slovenia,g6_00042_10.tif,6087167,42,0.1059,10.59,0.2049,0,1.046
slovenia,g6_00042_10.tif,6130101,18,0.0454,4.54,0.0094,0,1.259
slovenia,g6_00042_10.tif,6130114,27,0.0681,6.81,0.0039,0,1.645
slovenia,g6_00042_10.tif,6131568,50,0.1261,12.61,0.0529,0,2.126
slovenia,g6_00042_10.tif,6131575,40,0.1009,10.09,0.0541,0,1.645
slovenia,g6_00042_10.tif,6135115,138,0.348,34.8,0.0254,0,1.983
slovenia,g6_00042_10.tif,6204602,40,0.1009,10.09,0.0074,0,2.099
slovenia,g6_00042_10.tif,6206292,77,0.1942,19.42,0.0142,0,1.645
slovenia,g6_00042_10.tif,6206305,78,0.1967,19.67,0.4631,0,2.099
slovenia,g6_00042_10.tif,6206308,89,0.2244,22.44,0.0157,0,3.978
slovenia,g6_00042_10.tif,6206309,69,0.174,17.4,0.1866,0,2.099
slovenia,g6_00042_10.tif,6206310,30,0.0757,7.57,0.0055,0,1.983
slovenia,g6_00042_10.tif,6206311,46,0.116,11.6,0.0128,0,1.259
slovenia,g6_00042_10.tif,6206780,22,0.0555,5.55,0.1044,0,0.42
slovenia,g6_00042_10.tif,6208574,58,0.1463,14.63,0.0301,0,1.983
slovenia,g6_00042_10.tif,6208577,374,0.9431,94.31,0.0517,0,5.443
slovenia,g6_00042_10.tif,6208579,248,0.6254,62.54,0.626,1,4.507
slovenia,g6_00042_10.tif,6259628,40,0.1009,10.09,0.3571,0,1.259
slovenia,g6_00042_10.tif,6259636,169,0.4262,42.62,0.0597,0,3.778
slovenia,g6_00042_10.tif,6259637,49,0.1236,12.36,0.0207,0,2.938
slovenia,g6_00042_10.tif,6259971,3,0.0076,0.76,0.0016,0,0.42
slovenia,g6_00042_10.tif,6264511,190,0.4791,47.91,0.254,0,4.387
slovenia,g6_00042_10.tif,6264516,34,0.0857,8.57,0.0063,0,1.259
slovenia,g6_00042_10.tif,6282282,2,0.005,0.5,0.0098,0,0.42
slovenia,g6_00042_10.tif,6316183,38,0.0958,9.58,0.0186,0,2.099
slovenia,g6_00042_10.tif,6316201,52,0.1311,13.11,0.622,1,2.099
slovenia,g6_00042_10.tif,6316202,82,0.2068,20.68,0.0588,0,2.371
slovenia,g6_00042_10.tif,6316259,26,0.0656,6.56,0.0192,0,0.782
slovenia,g6_00042_10.tif,6317052,116,0.2925,29.25,0.0896,0,3.061
slovenia,g6_00042_10.tif,6319188,72,0.1816,18.16,0.0284,0,2.126
slovenia,g6_00042_10.tif,6319190,14,0.0353,3.53,0.0069,0,1.046
slovenia,g6_00042_10.tif,6319194,161,0.406,40.6,0.1214,0,3.946
slovenia,g6_00042_10.tif,6320917,60,0.1513,15.13,0.2927,0,2.371
slovenia,g6_00042_10.tif,6320922,94,0.237,23.7,0.016,0,3.061
slovenia,g6_00042_10.tif,6323683,188,0.4741,47.41,0.2513,0,4.417
slovenia,g6_00042_10.tif,6323684,106,0.2673,26.73,0.1417,0,2.126
slovenia,g6_00042_10.tif,6323686,56,0.1412,14.12,0.0749,0,3.061
slovenia,g6_00042_10.tif,6323688,311,0.7843,78.43,0.2588,0,6.463
slovenia,g6_00042_10.tif,6323697,110,0.2774,27.74,0.5893,1,3.978
slovenia,g6_00042_10.tif,6323724,17,0.0429,4.29,0.0064,0,1.259
slovenia,g6_00042_10.tif,6325412,219,0.5523,55.23,0.0014,0,3.709
slovenia,g6_00042_10.tif,6325421,121,0.3051,30.51,0.0586,0,3.185
slovenia,g6_00042_10.tif,6325426,79,0.1992,19.92,0.0388,0,2.938
slovenia,g6_00042_10.tif,6327401,67,0.169,16.9,0.0303,0,3.061
slovenia,g6_00042_10.tif,6330860,20,0.0504,5.04,0.275,0,1.259
slovenia,g6_00042_10.tif,6399083,71,0.179,17.9,0.0305,0,1.645
slovenia,g6_00042_10.tif,6399084,47,0.1185,11.85,0.3652,0,1.046
slovenia,g6_00042_10.tif,6401144,62,0.1563,15.63,0.3032,0,2.099
slovenia,g6_00042_10.tif,6401220,40,0.1009,10.09,0.0208,0,2.099
slovenia,g6_00042_10.tif,6401333,8,0.0202,2.02,0.0571,0,0.42
slovenia,g6_00042_10.tif,6413884,51,0.1286,12.86,0.0079,0,1.259
slovenia,g6_00042_10.tif,6455462,130,0.3278,32.78,0.0823,0,2.512
slovenia,g6_00042_10.tif,6455463,59,0.1488,14.88,0.0375,0,1.046
slovenia,g6_00042_10.tif,6455473,55,0.1387,13.87,0.0362,0,1.645
slovenia,g6_00042_10.tif,6455707,123,0.3102,31.02,0.0227,0,2.099
slovenia,g6_00042_10.tif,6455843,132,0.3329,33.29,0.0243,0,2.371
slovenia,g6_00042_10.tif,6486301,4,0.0101,1.01,0.0008,0,0.42
slovenia,g6_00042_10.tif,6489338,21,0.053,5.3,0.0042,0,1.645
slovenia,g6_00042_10.tif,6489346,93,0.2345,23.45,0.0188,0,1.645
slovenia,g6_00042_10.tif,6489363,57,0.1437,14.37,0.0115,0,1.046
slovenia,g6_00042_10.tif,6489399,31,0.0782,7.82,0.0063,0,1.046
slovenia,g6_00042_10.tif,6508474,70,0.1765,17.65,0.4658,0,1.645
slovenia,g6_00042_10.tif,6508500,48,0.121,12.1,0.3061,0,1.259
slovenia,g6_00042_10.tif,6508548,43,0.1084,10.84,0.354,0,1.259
slovenia,g6_00042_10.tif,6508606,23,0.058,5.8,0.0774,0,0.782
slovenia,g6_00042_10.tif,6568698,240,0.6052,60.52,0.0482,0,3.946
slovenia,g6_00042_10.tif,6568866,23,0.058,5.8,0.0046,0,2.126
slovenia,g6_00042_10.tif,6589075,190,0.4791,47.91,0.4094,0,3.185
slovenia,g6_00042_10.tif,6593892,209,0.527,52.7,0.1409,0,3.061
slovenia,g6_00042_10.tif,6593894,350,0.8826,88.26,0.3385,0,4.417
slovenia,g6_00042_10.tif,6593895,157,0.3959,39.59,0.6791,1,5.161
slovenia,g6_00042_10.tif,6593897,16,0.0403,4.03,0.0083,0,0.42
slovenia,g6_00042_10.tif,6593924,105,0.2648,26.48,0.2578,0,2.126
slovenia,g6_00042_10.tif,6594136,11,0.0277,2.77,0.002,0,0.42
slovenia,g6_00042_10.tif,6594242,10,0.0252,2.52,0.0036,0,0.42
slovenia,g6_00042_10.tif,6604728,415,1.0465,104.65,0.2012,0,6.909
slovenia,g6_00042_10.tif,6604730,77,0.1942,19.42,0.3,0,2.099
slovenia,g6_00042_10.tif,6604732,137,0.3455,34.55,0.6041,1,3.557
slovenia,g6_00042_10.tif,6604733,72,0.1816,18.16,0.2545,0,3.147
slovenia,g6_00042_10.tif,6604734,90,0.227,22.7,0.0381,0,3.147
slovenia,g6_00042_10.tif,6604768,39,0.0983,9.83,0.2421,0,1.259
slovenia,g6_00042_10.tif,6681022,60,0.1513,15.13,0.0553,0,1.645
slovenia,g6_00042_10.tif,6681027,20,0.0504,5.04,0.0171,0,1.046
slovenia,g6_00042_10.tif,6683962,68,0.1715,17.15,0.0137,0,2.126
slovenia,g6_00042_10.tif,6683971,76,0.1917,19.17,0.0111,0,1.645
slovenia,g6_00042_10.tif,6762496,299,0.754,75.4,0.0473,0,5.443
slovenia,g6_00042_10.tif,6762499,38,0.0958,9.58,0.2034,0,2.126
slovenia,g6_00042_10.tif,6762549,65,0.1639,16.39,0.0131,0,1.983
slovenia,g6_00042_10.tif,6762552,97,0.2446,24.46,0.0196,0,1.983
slovenia,g6_00042_10.tif,6763976,12,0.0303,3.03,0.1154,0,1.046
slovenia,g6_00042_10.tif,6765436,26,0.0656,6.56,0.0052,0,1.259
slovenia,g6_00042_10.tif,6765437,221,0.5573,55.73,0.0387,0,3.978
slovenia,g6_00042_10.tif,6786617,73,0.1841,18.41,0.4944,0,3.185
slovenia,g6_00042_10.tif,6808789,95,0.2396,23.96,0.0628,0,2.126
slovenia,g6_00042_10.tif,6808791,437,1.102,110.2,0.8064,1,6.713
slovenia,g6_00042_10.tif,6808792,188,0.4741,47.41,0.127,0,2.938
slovenia,g6_00042_10.tif,6808806,53,0.1337,13.37,0.0443,0,2.371
slovenia,g6_00042_10.tif,6808881,34,0.0857,8.57,0.0167,0,2.099
slovenia,g6_00042_10.tif,6900314,60,0.1513,15.13,0.0121,0,1.645
slovenia,g6_00042_10.tif,6900412,54,0.1362,13.62,0.6835,1,2.512
slovenia,g6_00042_10.tif,6900495,84,0.2118,21.18,0.0157,0,2.371
slovenia,g6_00042_10.tif,6900501,23,0.058,5.8,0.0046,0,0.42
slovenia,g6_00042_10.tif,6900773,11,0.0277,2.77,0.0022,0,1.046
slovenia,g6_00042_10.tif,6945929,202,0.5094,50.94,0.0295,0,3.061
slovenia,g6_00042_10.tif,6945946,98,0.2471,24.71,0.0627,0,1.645
slovenia,g6_00042_10.tif,6948302,91,0.2295,22.95,0.6791,1,3.778
slovenia,g6_00042_10.tif,6948322,22,0.0555,5.55,0.0117,0,1.046
slovenia,g6_00042_10.tif,6948335,87,0.2194,21.94,0.0176,0,3.061
slovenia,g6_00042_10.tif,6948584,30,0.0757,7.57,0.0289,0,1.259
slovenia,g6_00042_10.tif,6966536,123,0.3102,31.02,0.4017,0,2.938
slovenia,g6_00042_10.tif,7065629,151,0.3808,38.08,0.0305,0,3.061
slovenia,g6_00042_15.tif,6483312,52,0.1303,13.03,0.0301,0,2.099
slovenia,g6_00042_16.tif,6220123,35,0.0877,8.77,0.0048,0,2.099
slovenia,g6_00042_16.tif,6483357,22,0.0551,5.51,0.084,0,1.04
slovenia,g6_00042_16.tif,6542018,14,0.0351,3.51,0.0226,0,1.04
slovenia,g6_00042_16.tif,6566618,40,0.1002,10.02,0.0,0,1.641
slovenia,g6_00042_16.tif,6619821,22,0.0551,5.51,0.144,0,1.641
slovenia,g6_00042_16.tif,6716624,111,0.2782,27.82,0.6066,1,2.368
slovenia,g6_00042_16.tif,6716634,18,0.0451,4.51,0.1406,0,1.04
slovenia,g6_00042_16.tif,6838986,86,0.2155,21.55,0.256,0,1.968
slovenia,g6_00042_16.tif,6868251,140,0.3508,35.08,0.5885,1,1.968
slovenia,g6_00042_16.tif,6868261,14,0.0351,3.51,0.1719,0,0.774
slovenia,g6_00042_16.tif,6868268,107,0.2681,26.81,0.6833,1,2.111
slovenia,g6_00042_16.tif,6891483,10,0.0251,2.51,0.0781,0,1.04
slovenia,g6_00042_16.tif,6927018,144,0.3608,36.08,0.754,1,3.145
slovenia,g6_00042_16.tif,6927028,18,0.0451,4.51,0.0022,0,1.04
slovenia,g6_00042_16.tif,6927030,73,0.1829,18.29,0.1458,0,2.099
slovenia,g6_00042_16.tif,6927033,96,0.2406,24.06,0.7965,1,3.051
slovenia,g6_00042_17.tif,6635774,98,0.2456,24.56,0.0008,0,2.099
slovenia,g6_00042_17.tif,6716624,11,0.0276,2.76,0.3333,0,1.04
slovenia,g6_00042_8.tif,6083900,33,0.0832,8.32,0.0606,0,1.983
slovenia,g6_00042_8.tif,6130604,16,0.0403,4.03,0.0,0,1.046
slovenia,g6_00042_8.tif,6130606,16,0.0403,4.03,0.0,0,1.259
slovenia,g6_00042_8.tif,6130607,14,0.0353,3.53,0.0,0,1.046
slovenia,g6_00042_8.tif,6130975,33,0.0832,8.32,0.1354,0,1.983
slovenia,g6_00042_8.tif,6130976,16,0.0403,4.03,0.0,0,1.645
slovenia,g6_00042_8.tif,6148010,36,0.0908,9.08,0.0,0,1.983
slovenia,g6_00042_8.tif,6148011,14,0.0353,3.53,0.0,0,1.046
slovenia,g6_00042_8.tif,6164061,36,0.0908,9.08,0.0296,0,1.983
slovenia,g6_00042_8.tif,6175261,16,0.0403,4.03,0.019,0,1.983
slovenia,g6_00042_8.tif,6182316,48,0.121,12.1,0.0,0,2.126
slovenia,g6_00042_8.tif,6184121,48,0.121,12.1,0.0,0,2.126
slovenia,g6_00042_8.tif,6184125,49,0.1236,12.36,0.0,0,2.126
slovenia,g6_00042_8.tif,6184227,12,0.0303,3.03,0.0081,0,1.259
slovenia,g6_00042_8.tif,6184229,34,0.0857,8.57,0.0231,0,1.645
slovenia,g6_00042_8.tif,6188335,32,0.0807,8.07,0.0952,0,1.645
slovenia,g6_00042_8.tif,6188338,14,0.0353,3.53,0.0355,0,1.645
slovenia,g6_00042_8.tif,6206298,7,0.0177,1.77,0.0143,0,1.046
slovenia,g6_00042_8.tif,6206299,56,0.1412,14.12,0.0939,0,2.126
slovenia,g6_00042_8.tif,6206300,49,0.1236,12.36,0.2185,0,2.099
slovenia,g6_00042_8.tif,6206302,20,0.0504,5.04,0.0131,0,1.645
slovenia,g6_00042_8.tif,6206303,11,0.0277,2.77,0.0815,0,1.645
slovenia,g6_00042_8.tif,6208585,23,0.058,5.8,0.0497,0,1.645
slovenia,g6_00042_8.tif,6208586,81,0.2043,20.43,0.2122,0,2.371
slovenia,g6_00042_8.tif,6215457,22,0.0555,5.55,0.075,0,1.983
slovenia,g6_00042_8.tif,6215458,20,0.0504,5.04,0.0704,0,1.983
slovenia,g6_00042_8.tif,6215459,15,0.0378,3.78,0.0135,0,1.645
slovenia,g6_00042_8.tif,6219241,51,0.1286,12.86,0.0373,0,2.512
slovenia,g6_00042_8.tif,6226656,19,0.0479,4.79,0.0436,0,1.645
slovenia,g6_00042_8.tif,6226657,10,0.0252,2.52,0.0229,0,1.046
slovenia,g6_00042_8.tif,6233256,50,0.1261,12.61,0.0,0,2.126
slovenia,g6_00042_8.tif,6236981,10,0.0252,2.52,0.0,0,1.046
slovenia,g6_00042_8.tif,6240365,8,0.0202,2.02,0.0006,0,1.046
slovenia,g6_00042_8.tif,6240366,25,0.063,6.3,0.0009,0,1.645
slovenia,g6_00042_8.tif,6248620,41,0.1034,10.34,0.0836,0,2.099
slovenia,g6_00042_8.tif,6248621,21,0.053,5.3,0.0026,0,1.259
slovenia,g6_00042_8.tif,6252114,9,0.0227,2.27,0.0,0,0.782
slovenia,g6_00042_8.tif,6258828,28,0.0706,7.06,0.1299,0,1.983
slovenia,g6_00042_8.tif,6258830,8,0.0202,2.02,0.0976,0,0.782
slovenia,g6_00042_8.tif,6260877,87,0.2194,21.94,0.1606,0,2.126
slovenia,g6_00042_8.tif,6264248,55,0.1387,13.87,0.1802,0,2.126
slovenia,g6_00042_8.tif,6264249,14,0.0353,3.53,0.0,0,1.645
slovenia,g6_00042_8.tif,6264250,53,0.1337,13.37,0.0004,0,3.061
slovenia,g6_00042_8.tif,6264251,50,0.1261,12.61,0.0,0,1.983
slovenia,g6_00042_8.tif,6267666,6,0.0151,1.51,0.0,0,0.782
slovenia,g6_00042_8.tif,6267668,15,0.0378,3.78,0.0,0,1.259
slovenia,g6_00042_8.tif,6268241,53,0.1337,13.37,0.0833,0,3.061
slovenia,g6_00042_8.tif,6268884,7,0.0177,1.77,0.0435,0,0.782
slovenia,g6_00042_8.tif,6268885,8,0.0202,2.02,0.0,0,1.046
slovenia,g6_00042_8.tif,6281351,44,0.111,11.1,0.25,0,2.512
slovenia,g6_00042_8.tif,6313077,38,0.0958,9.58,0.0088,0,1.983
slovenia,g6_00042_8.tif,6314301,51,0.1286,12.86,0.0,0,1.983
slovenia,g6_00042_8.tif,6314304,38,0.0958,9.58,0.0,0,1.983
slovenia,g6_00042_8.tif,6319091,76,0.1917,19.17,0.0,0,2.512
slovenia,g6_00042_8.tif,6319093,26,0.0656,6.56,0.0674,0,2.099
slovenia,g6_00042_8.tif,6319094,10,0.0252,2.52,0.0,0,1.046
slovenia,g6_00042_8.tif,6319318,19,0.0479,4.79,0.0,0,1.645
slovenia,g6_00042_8.tif,6393598,52,0.1311,13.11,0.0,0,2.371
slovenia,g6_00042_8.tif,6413883,40,0.1009,10.09,0.0613,0,2.126
slovenia,g6_00042_8.tif,6436459,44,0.111,11.1,0.0768,0,2.938
slovenia,g6_00042_8.tif,6449575,39,0.0983,9.83,0.0,0,1.645
slovenia,g6_00042_8.tif,6452895,55,0.1387,13.87,0.1111,0,2.126
slovenia,g6_00042_8.tif,6455491,34,0.0857,8.57,0.0683,0,1.645
slovenia,g6_00042_8.tif,6465221,24,0.0605,6.05,0.0,0,1.983
slovenia,g6_00042_8.tif,6465222,42,0.1059,10.59,0.0,0,1.983
slovenia,g6_00042_8.tif,6486315,24,0.0605,6.05,0.0,0,1.645
slovenia,g6_00042_8.tif,6486316,101,0.2547,25.47,0.0284,0,2.126
slovenia,g6_00042_8.tif,6489352,18,0.0454,4.54,0.0122,0,1.259
slovenia,g6_00042_8.tif,6489355,19,0.0479,4.79,0.0102,0,1.046
slovenia,g6_00042_8.tif,6556740,101,0.2547,25.47,0.0239,0,3.282
slovenia,g6_00042_8.tif,6558643,14,0.0353,3.53,0.0,0,1.046
slovenia,g6_00042_8.tif,6558645,19,0.0479,4.79,0.0007,0,1.645
slovenia,g6_00042_8.tif,6568712,18,0.0454,4.54,0.1636,0,1.046
slovenia,g6_00042_8.tif,6587155,21,0.053,5.3,0.0143,0,1.259
slovenia,g6_00042_8.tif,6587157,30,0.0757,7.57,0.0204,0,1.046
slovenia,g6_00042_8.tif,6606817,20,0.0504,5.04,0.0,0,1.983
slovenia,g6_00042_8.tif,6627355,42,0.1059,10.59,0.0285,0,1.645
slovenia,g6_00042_8.tif,6659970,28,0.0706,7.06,0.0033,0,1.645
slovenia,g6_00042_8.tif,6659972,43,0.1084,10.84,0.1144,0,1.983
slovenia,g6_00042_8.tif,6681024,18,0.0454,4.54,0.0122,0,1.046
slovenia,g6_00042_8.tif,6681026,14,0.0353,3.53,0.0095,0,1.259
slovenia,g6_00042_8.tif,6706713,9,0.0227,2.27,0.0,0,1.046
slovenia,g6_00042_8.tif,6755801,48,0.121,12.1,0.0,0,1.983
slovenia,g6_00042_8.tif,6755804,33,0.0832,8.32,0.0,0,1.983
slovenia,g6_00042_8.tif,6757177,98,0.2471,24.71,0.1186,0,3.147
slovenia,g6_00042_8.tif,6763965,32,0.0807,8.07,0.0186,0,2.126
slovenia,g6_00042_8.tif,6790423,34,0.0857,8.57,0.0,0,2.126
slovenia,g6_00042_8.tif,6801923,37,0.0933,9.33,0.11,0,1.645
slovenia,g6_00042_8.tif,6801924,25,0.063,6.3,0.0,0,1.046
slovenia,g6_00042_8.tif,6801925,16,0.0403,4.03,0.0,0,1.645
slovenia,g6_00042_8.tif,6811524,23,0.058,5.8,0.044,0,1.983
slovenia,g6_00042_8.tif,6823259,17,0.0429,4.29,0.0013,0,1.046
slovenia,g6_00042_8.tif,6823260,19,0.0479,4.79,0.0013,0,1.645
slovenia,g6_00042_8.tif,6823264,45,0.1135,11.35,0.0013,0,1.046
slovenia,g6_00042_8.tif,6868937,10,0.0252,2.52,0.0,0,1.046
slovenia,g6_00042_8.tif,6868938,17,0.0429,4.29,0.0,0,1.645
slovenia,g6_00042_8.tif,6868939,20,0.0504,5.04,0.0,0,1.645
slovenia,g6_00042_8.tif,6897993,51,0.1286,12.86,0.494,0,2.512
slovenia,g6_00042_8.tif,6897996,18,0.0454,4.54,0.1098,0,1.983
slovenia,g6_00042_8.tif,6908712,81,0.2043,20.43,0.0184,0,4.387
slovenia,g6_00042_8.tif,7011885,44,0.111,11.1,0.3375,0,1.983
slovenia,g6_00042_9.tif,6087163,13,0.0328,3.28,0.0098,0,1.046
slovenia,g6_00042_9.tif,6130103,187,0.4716,47.16,0.545,1,5.456
slovenia,g6_00042_9.tif,6130113,47,0.1185,11.85,0.0405,0,2.126
slovenia,g6_00042_9.tif,6206267,54,0.1362,13.62,0.008,0,2.938
slovenia,g6_00042_9.tif,6206272,72,0.1816,18.16,0.0922,0,2.371
slovenia,g6_00042_9.tif,6206276,31,0.0782,7.82,0.0053,0,1.046
slovenia,g6_00042_9.tif,6206282,123,0.3102,31.02,0.0287,0,1.645
slovenia,g6_00042_9.tif,6206284,108,0.2723,27.23,0.0174,0,2.938
slovenia,g6_00042_9.tif,6206286,119,0.3001,30.01,0.0277,0,2.099
slovenia,g6_00042_9.tif,6206288,89,0.2244,22.44,0.191,0,2.371
slovenia,g6_00042_9.tif,6206498,84,0.2118,21.18,0.0002,0,2.371
slovenia,g6_00042_9.tif,6231810,55,0.1387,13.87,0.0779,0,1.983
slovenia,g6_00042_9.tif,6259628,173,0.4363,43.63,0.0403,0,3.946
slovenia,g6_00042_9.tif,6259631,220,0.5548,55.48,0.0513,0,3.709
slovenia,g6_00042_9.tif,6264515,2,0.005,0.5,0.0005,0,0.42
slovenia,g6_00042_9.tif,6392924,88,0.2219,22.19,0.2977,0,2.371
slovenia,g6_00042_9.tif,6401145,51,0.1286,12.86,0.0722,0,2.512
slovenia,g6_00042_9.tif,6401151,176,0.4438,44.38,0.041,0,2.099
slovenia,g6_00042_9.tif,6413881,172,0.4337,43.37,0.0401,0,2.938
slovenia,g6_00042_9.tif,6486296,7,0.0177,1.77,0.0016,0,0.782
slovenia,g6_00042_9.tif,6486301,90,0.227,22.7,0.272,0,4.387
slovenia,g6_00042_9.tif,6486303,50,0.1261,12.61,0.0117,0,2.371
slovenia,g6_00042_9.tif,6486319,40,0.1009,10.09,0.0093,0,1.046
slovenia,g6_00042_9.tif,6489338,73,0.1841,18.41,0.1211,0,2.126
slovenia,g6_00042_9.tif,6489346,37,0.0933,9.33,0.0063,0,1.046
slovenia,g6_00042_9.tif,6489357,125,0.3152,31.52,0.0088,0,3.709
slovenia,g6_00042_9.tif,6489363,39,0.0983,9.83,0.0067,0,1.046
slovenia,g6_00042_9.tif,6568698,43,0.1084,10.84,0.0048,0,2.126
slovenia,g6_00042_9.tif,6568708,48,0.121,12.1,0.6133,1,2.099
slovenia,g6_00042_9.tif,6589077,103,0.2597,25.97,0.024,0,1.645
slovenia,g6_00042_9.tif,6604721,452,1.1398,113.98,0.1054,0,9.903
slovenia,g6_00042_9.tif,6604737,136,0.343,34.3,0.0317,0,2.099
slovenia,g6_00042_9.tif,6648850,31,0.0782,7.82,0.0267,0,1.645
slovenia,g6_00042_9.tif,6683962,143,0.3606,36.06,0.0213,0,2.512
slovenia,g6_00042_9.tif,6683971,79,0.1992,19.92,0.0135,0,1.645
slovenia,g6_00042_9.tif,6683993,70,0.1765,17.65,0.0163,0,2.371
slovenia,g6_00042_9.tif,6762496,615,1.5509,155.09,0.0647,0,5.113
slovenia,g6_00042_9.tif,6762503,521,1.3138,131.38,0.089,0,7.135
slovenia,g6_00042_9.tif,6762549,145,0.3657,36.57,0.0248,0,3.061
slovenia,g6_00042_9.tif,6762552,41,0.1034,10.34,0.007,0,1.046
slovenia,g6_00042_9.tif,6762553,112,0.2824,28.24,0.2313,0,2.938
slovenia,g6_00042_9.tif,6765437,92,0.232,23.2,0.0157,0,3.557
slovenia,g6_00042_9.tif,6900315,192,0.4842,48.42,0.0328,0,2.938
slovenia,g6_00042_9.tif,6900322,26,0.0656,6.56,0.0224,0,2.126
slovenia,g6_00042_9.tif,6900412,64,0.1614,16.14,0.0109,0,2.512
slovenia,g6_00042_9.tif,6945933,187,0.4716,47.16,0.0436,0,2.099
slovenia,g6_00042_9.tif,6945934,74,0.1866,18.66,0.0173,0,3.061
slovenia,g6_00042_9.tif,6948302,923,2.3276,232.76,0.1578,0,13.27
slovenia,g6_00042_9.tif,6948887,96,0.2421,24.21,0.3224,0,3.061
slovenia,g6_00042_9.tif,6948888,15,0.0378,3.78,0.0474,0,0.42
slovenia,g6_00042_9.tif,6966499,164,0.4136,41.36,0.0382,0,2.099
slovenia,g6_00042_9.tif,6966556,3,0.0076,0.76,0.0007,0,0.782
slovenia,g6_00042_9.tif,7065626,86,0.2169,21.69,0.2901,0,1.645
slovenia,g6_00042_9.tif,7065629,78,0.1967,19.67,0.236,0,3.061
slovenia,g6_00043_4.tif,6302586,78,0.1955,19.55,0.0615,0,3.161
slovenia,g6_00043_4.tif,6302591,31,0.0777,7.77,0.0055,0,2.111
slovenia,g6_00043_4.tif,6302592,12,0.0301,3.01,0.0021,0,1.04
slovenia,g6_00043_4.tif,6302602,13,0.0326,3.26,0.0023,0,1.04
slovenia,g6_00043_4.tif,6906747,128,0.3208,32.08,0.0175,0,3.701
slovenia,g6_00043_4.tif,7065074,18,0.0451,4.51,0.0032,0,1.259
slovenia,g6_00043_4.tif,7065075,11,0.0276,2.76,0.0019,0,1.04
slovenia,g6_00043_4.tif,7065082,181,0.4536,45.36,0.0318,0,3.145
slovenia,g6_00043_4.tif,7065083,40,0.1002,10.02,0.007,0,1.04
slovenia,g6_00043_4.tif,7072608,46,0.1153,11.53,0.0081,0,2.368
slovenia,g6_00043_5.tif,6681503,11,0.0276,2.76,0.0083,0,1.259
slovenia,g6_00043_6.tif,6790753,79,0.198,19.8,0.716,1,3.161
slovenia,g6_00043_6.tif,6790755,8,0.02,2.0,0.0021,0,1.04
slovenia,g6_00043_6.tif,6790756,28,0.0702,7.02,0.0072,0,1.259
slovenia,g6_00043_6.tif,7003773,38,0.0952,9.52,0.0503,0,2.099
slovenia,g6_00043_6.tif,7003775,27,0.0677,6.77,0.0784,0,1.641
slovenia,g6_00043_6.tif,7003776,22,0.0551,5.51,0.0367,0,1.259
slovenia,g6_00044_16.tif,6142696,14,0.0351,3.51,0.0493,0,1.259
slovenia,g6_00044_16.tif,6220032,21,0.0526,5.26,0.0285,0,1.259
slovenia,g6_00044_16.tif,6220043,30,0.0752,7.52,0.1667,0,1.641
slovenia,g6_00044_16.tif,6220183,7,0.0175,1.75,0.0389,0,1.04
slovenia,g6_00044_16.tif,6221100,18,0.0451,4.51,0.1748,0,1.259
slovenia,g6_00044_16.tif,6408224,32,0.0802,8.02,0.0759,0,1.968
slovenia,g6_00044_16.tif,6408226,38,0.0952,9.52,0.0744,0,2.111
slovenia,g6_00044_16.tif,6505369,28,0.0702,7.02,0.0702,0,2.111
slovenia,g6_00044_16.tif,6832571,6,0.015,1.5,0.0255,0,0.774
slovenia,g6_00044_17.tif,6297107,38,0.0952,9.52,0.0195,0,2.499
slovenia,g6_00044_17.tif,6297108,88,0.2205,22.05,0.0601,0,3.701
slovenia,g6_00044_17.tif,6297110,177,0.4435,44.35,0.0568,0,3.701
slovenia,g6_00044_17.tif,6297111,96,0.2406,24.06,0.0395,0,3.701
slovenia,g6_00044_17.tif,6297121,83,0.208,20.8,0.0342,0,3.051
slovenia,g6_00044_17.tif,6297123,53,0.1328,13.28,0.0218,0,1.04
slovenia,g6_00044_17.tif,6297350,50,0.1253,12.53,0.0185,0,1.641
slovenia,g6_00044_17.tif,6297389,29,0.0727,7.27,0.0119,0,1.04
slovenia,g6_00044_17.tif,6983642,79,0.198,19.8,0.0325,0,3.701
slovenia,g6_00044_17.tif,6983643,172,0.431,43.1,0.07,0,3.701
slovenia,g6_00044_17.tif,6983644,32,0.0802,8.02,0.8,1,2.099
slovenia,g6_00044_17.tif,6984228,49,0.1228,12.28,0.0202,0,1.641
slovenia,g6_00044_18.tif,6103512,192,0.4811,48.11,0.0991,0,4.758
slovenia,g6_00044_18.tif,6103514,24,0.0601,6.01,0.0,0,1.641
slovenia,g6_00044_18.tif,6103515,34,0.0852,8.52,0.0,0,1.259
slovenia,g6_00044_18.tif,6117991,47,0.1178,11.78,0.0098,0,2.099
slovenia,g6_00044_18.tif,6117993,42,0.1052,10.52,0.0,0,1.968
slovenia,g6_00044_18.tif,6118053,33,0.0827,8.27,0.0725,0,1.641
slovenia,g6_00044_18.tif,6118061,10,0.0251,2.51,0.0302,0,1.04
slovenia,g6_00044_18.tif,6118092,41,0.1027,10.27,0.1429,0,2.111
slovenia,g6_00044_18.tif,6141211,30,0.0752,7.52,0.0034,0,1.968
slovenia,g6_00044_18.tif,6141214,17,0.0426,4.26,0.0,0,1.04
slovenia,g6_00044_18.tif,6141222,10,0.0251,2.51,0.0,0,1.04
slovenia,g6_00044_18.tif,6141356,49,0.1228,12.28,0.1729,0,1.641
slovenia,g6_00044_18.tif,6173507,11,0.0276,2.76,0.0,0,1.04
slovenia,g6_00044_18.tif,6183993,41,0.1027,10.27,0.0,0,2.099
slovenia,g6_00044_18.tif,6184003,52,0.1303,13.03,0.0425,0,1.968
slovenia,g6_00044_18.tif,6435282,40,0.1002,10.02,0.0549,0,2.099
slovenia,g6_00044_18.tif,6534923,13,0.0326,3.26,0.0,0,1.04
slovenia,g6_00044_18.tif,6534936,35,0.0877,8.77,0.0286,0,2.099
slovenia,g6_00044_18.tif,6534938,10,0.0251,2.51,0.0,0,1.259
slovenia,g6_00044_18.tif,6534941,17,0.0426,4.26,0.0,0,1.04
slovenia,g6_00044_18.tif,6534942,50,0.1253,12.53,0.0408,0,3.161
slovenia,g6_00044_18.tif,6748355,66,0.1654,16.54,0.0,0,2.939
slovenia,g6_00044_18.tif,6778466,32,0.0802,8.02,0.0,0,1.259
slovenia,g6_00044_18.tif,6778470,56,0.1403,14.03,0.0,0,2.368
slovenia,g6_00044_18.tif,6778472,33,0.0827,8.27,0.0,0,1.259
slovenia,g6_00045_10.tif,6130111,78,0.1955,19.55,0.0962,0,1.968
slovenia,g6_00045_10.tif,6181062,205,0.5137,51.37,0.4462,0,4.979
slovenia,g6_00045_10.tif,6181070,479,1.2003,120.03,0.2832,0,6.297
slovenia,g6_00045_10.tif,6181074,133,0.3333,33.33,0.2152,0,3.051
slovenia,g6_00045_10.tif,6181092,71,0.1779,17.79,0.3408,0,1.641
slovenia,g6_00045_10.tif,6182310,42,0.1052,10.52,0.0169,0,1.641
slovenia,g6_00045_10.tif,6182311,99,0.2481,24.81,0.0399,0,1.641
slovenia,g6_00045_10.tif,6182314,141,0.3533,35.33,0.3964,0,2.368
slovenia,g6_00045_10.tif,6182341,58,0.1453,14.53,0.0233,0,1.641
slovenia,g6_00045_10.tif,6184222,472,1.1828,118.28,0.2789,0,5.458
slovenia,g6_00045_10.tif,6184225,94,0.2356,23.56,0.037,0,3.536
slovenia,g6_00045_10.tif,6184234,411,1.0299,102.99,0.3661,0,4.618
slovenia,g6_00045_10.tif,6184408,69,0.1729,17.29,0.048,0,2.099
slovenia,g6_00045_10.tif,6188325,70,0.1754,17.54,0.0473,0,2.099
slovenia,g6_00045_10.tif,6188326,10,0.0251,2.51,0.023,0,1.04
slovenia,g6_00045_10.tif,6192557,307,0.7693,76.93,0.0,0,4.41
slovenia,g6_00045_10.tif,6192558,416,1.0424,104.24,0.1675,0,7.193
slovenia,g6_00045_10.tif,6192560,119,0.2982,29.82,0.0383,0,2.499
slovenia,g6_00045_10.tif,6192564,135,0.3383,33.83,0.0159,0,2.939
slovenia,g6_00045_10.tif,6192570,110,0.2756,27.56,0.0413,0,1.641
slovenia,g6_00045_10.tif,6192572,71,0.1779,17.79,0.0286,0,2.099
slovenia,g6_00045_10.tif,6192618,83,0.208,20.8,0.0544,0,1.04
slovenia,g6_00045_10.tif,6206280,87,0.218,21.8,0.1675,0,3.051
slovenia,g6_00045_10.tif,6206296,142,0.3558,35.58,0.0846,0,2.099
slovenia,g6_00045_10.tif,6226650,42,0.1052,10.52,0.0031,0,2.939
slovenia,g6_00045_10.tif,6226651,53,0.1328,13.28,0.1879,0,2.499
slovenia,g6_00045_10.tif,6226652,9,0.0226,2.26,0.0319,0,1.04
slovenia,g6_00045_10.tif,6426419,26,0.0652,6.52,0.0,0,1.641
slovenia,g6_00045_10.tif,6486301,157,0.3934,39.34,0.1969,0,3.145
slovenia,g6_00045_10.tif,6558621,258,0.6465,64.65,0.881,1,5.418
slovenia,g6_00045_10.tif,6558623,102,0.2556,25.56,0.0503,0,1.259
slovenia,g6_00045_10.tif,6558626,213,0.5338,53.38,0.2626,0,5.098
slovenia,g6_00045_10.tif,6558629,240,0.6014,60.14,0.0389,0,3.701
slovenia,g6_00045_10.tif,6558638,105,0.2631,26.31,0.1229,0,1.641
slovenia,g6_00045_10.tif,6558639,54,0.1353,13.53,0.0173,0,1.259
slovenia,g6_00045_10.tif,6558641,55,0.1378,13.78,0.0183,0,2.499
slovenia,g6_00045_10.tif,6558751,22,0.0551,5.51,0.0134,0,1.259
slovenia,g6_00045_10.tif,6568708,77,0.193,19.3,0.1431,0,1.259
slovenia,g6_00045_10.tif,6587140,32,0.0802,8.02,0.5897,1,1.259
slovenia,g6_00045_10.tif,6587441,88,0.2205,22.05,0.0844,0,2.939
slovenia,g6_00045_10.tif,6587459,17,0.0426,4.26,0.0073,0,1.641
slovenia,g6_00045_10.tif,6667631,238,0.5964,59.64,0.0958,0,5.578
slovenia,g6_00045_10.tif,6667636,150,0.3759,37.59,0.3268,0,3.161
slovenia,g6_00045_10.tif,6692402,30,0.0752,7.52,0.0472,0,2.099
slovenia,g6_00045_10.tif,6706696,10,0.0251,2.51,0.0339,0,1.04
slovenia,g6_00045_10.tif,6706697,39,0.0977,9.77,0.0,0,2.099
slovenia,g6_00045_10.tif,6706702,230,0.5764,57.64,0.0695,0,2.939
slovenia,g6_00045_10.tif,6706703,211,0.5287,52.87,0.1276,0,2.368
slovenia,g6_00045_10.tif,6706704,148,0.3709,37.09,0.1715,0,2.099
slovenia,g6_00045_10.tif,6706708,107,0.2681,26.81,0.0302,0,2.939
slovenia,g6_00045_10.tif,6706719,140,0.3508,35.08,0.0425,0,2.499
slovenia,g6_00045_10.tif,6706776,16,0.0401,4.01,0.0,0,1.04
slovenia,g6_00045_10.tif,6706905,65,0.1629,16.29,0.0262,0,1.641
slovenia,g6_00045_10.tif,6707081,10,0.0251,2.51,0.004,0,0.42
slovenia,g6_00045_10.tif,6780784,366,0.9171,91.71,0.2079,0,5.155
slovenia,g6_00045_10.tif,6780788,208,0.5212,52.12,0.1215,0,3.145
slovenia,g6_00045_10.tif,6823234,248,0.6215,62.15,0.4393,0,3.778
slovenia,g6_00045_10.tif,6823236,225,0.5638,56.38,0.2512,0,3.945
slovenia,g6_00045_10.tif,6823243,120,0.3007,30.07,0.1022,0,2.939
slovenia,g6_00045_10.tif,6823370,19,0.0476,4.76,0.0071,0,1.04
slovenia,g6_00045_10.tif,6823454,51,0.1278,12.78,0.0387,0,2.099
slovenia,g6_00045_10.tif,6823514,115,0.2882,28.82,0.1036,0,2.368
slovenia,g6_00045_10.tif,6823577,21,0.0526,5.26,0.0189,0,1.04
slovenia,g6_00045_10.tif,6948318,224,0.5613,56.13,0.046,0,3.701
slovenia,g6_00045_10.tif,6948887,130,0.3258,32.58,0.2453,0,2.939
slovenia,g6_00045_10.tif,6966462,93,0.233,23.3,0.0374,0,1.641
slovenia,g6_00045_11.tif,6181092,32,0.0802,8.02,0.2439,0,1.04
slovenia,g6_00045_11.tif,6182314,40,0.1002,10.02,0.5714,1,2.368
slovenia,g6_00045_11.tif,6316168,202,0.5062,50.62,0.7844,1,4.41
slovenia,g6_00045_11.tif,6316201,74,0.1854,18.54,0.1609,0,2.099
slovenia,g6_00045_11.tif,6319194,6,0.015,1.5,0.0,0,0.774
slovenia,g6_00045_11.tif,6323688,140,0.3508,35.08,0.5962,1,4.41
slovenia,g6_00045_11.tif,6323697,185,0.4636,46.36,0.4022,0,3.778
slovenia,g6_00045_11.tif,6330860,35,0.0877,8.77,0.0761,0,2.099
slovenia,g6_00045_11.tif,6330868,34,0.0852,8.52,0.0716,0,1.641
slovenia,g6_00045_11.tif,6330909,17,0.0426,4.26,0.037,0,1.259
slovenia,g6_00045_11.tif,6786617,164,0.411,41.1,0.1985,0,3.701
slovenia,g6_00045_11.tif,6808806,35,0.0877,8.77,0.119,0,2.099
slovenia,g6_00045_11.tif,6808911,37,0.0927,9.27,0.0758,0,1.259
slovenia,g6_00045_16.tif,6092333,31,0.0782,7.82,0.003,0,1.046
slovenia,g6_00045_16.tif,6238825,53,0.1337,13.37,0.0044,0,3.062
slovenia,g6_00045_16.tif,6238830,30,0.0757,7.57,0.0027,0,1.26
slovenia,g6_00045_16.tif,6238831,6,0.0151,1.51,0.001,0,0.42
slovenia,g6_00045_16.tif,6457574,29,0.0732,7.32,0.0028,0,1.046
slovenia,g6_00045_16.tif,6457576,16,0.0404,4.04,0.0027,0,1.26
slovenia,g6_00045_16.tif,6457578,33,0.0833,8.33,0.0056,0,1.26
slovenia,g6_00045_16.tif,6562588,15,0.0378,3.78,0.0015,0,1.046
slovenia,g6_00045_16.tif,6562594,36,0.0908,9.08,0.0035,0,1.046
slovenia,g6_00045_16.tif,6593595,36,0.0908,9.08,0.0061,0,1.645
slovenia,g6_00045_16.tif,6616082,57,0.1438,14.38,0.0056,0,1.645
slovenia,g6_00045_16.tif,6650483,25,0.0631,6.31,0.0042,0,2.1
slovenia,g6_00045_16.tif,6650484,35,0.0883,8.83,0.0036,0,1.26
slovenia,g6_00045_16.tif,6651812,56,0.1413,14.13,0.0055,0,1.26
slovenia,g6_00045_16.tif,6705892,444,1.1202,112.02,0.5414,1,3.711
slovenia,g6_00045_16.tif,6705913,12,0.0303,3.03,0.0012,0,1.046
slovenia,g6_00045_16.tif,6705920,50,0.1261,12.61,0.0049,0,1.26
slovenia,g6_00045_16.tif,6706102,26,0.0656,6.56,0.0025,0,1.046
slovenia,g6_00045_16.tif,6744939,99,0.2498,24.98,0.0097,0,1.645
slovenia,g6_00045_17.tif,6457581,62,0.1564,15.64,0.0,0,2.512
slovenia,g6_00045_17.tif,6593576,16,0.0404,4.04,0.0176,0,1.046
slovenia,g6_00045_17.tif,6705936,39,0.0984,9.84,0.0,0,2.512
slovenia,g6_00045_17.tif,6984926,24,0.0606,6.06,0.0234,0,1.983
slovenia,g6_00045_17.tif,6984927,7,0.0177,1.77,0.0341,0,0.782
slovenia,g6_00045_9.tif,6086255,51,0.1278,12.78,0.0394,0,3.051
slovenia,g6_00045_9.tif,6181088,30,0.0752,7.52,0.0231,0,2.111
slovenia,g6_00045_9.tif,6192574,88,0.2205,22.05,0.2255,0,3.145
slovenia,g6_00045_9.tif,6226653,102,0.2556,25.56,0.1148,0,3.161
slovenia,g6_00045_9.tif,6258830,38,0.0952,9.52,0.07,0,1.259
slovenia,g6_00045_9.tif,6455468,34,0.0852,8.52,0.0626,0,2.099
slovenia,g6_00045_9.tif,6455471,28,0.0702,7.02,0.0516,0,1.641
slovenia,g6_00045_9.tif,6558647,20,0.0501,5.01,0.0274,0,1.259
slovenia,g6_00045_9.tif,6587155,8,0.02,2.0,0.0541,0,1.04
slovenia,g6_00045_9.tif,6706713,29,0.0727,7.27,0.3607,0,1.04
slovenia,g6_00045_9.tif,6823258,34,0.0852,8.52,0.0129,0,1.04
slovenia,g6_00045_9.tif,6823259,2,0.005,0.5,0.0015,0,0.42
slovenia,g6_00045_9.tif,6823260,44,0.1103,11.03,0.034,0,1.641
slovenia,g6_00045_9.tif,6823265,14,0.0351,3.51,0.01,0,1.04
slovenia,g6_00045_9.tif,6948339,29,0.0727,7.27,0.2027,0,2.111
slovenia,g6_00046_6.tif,6123886,25,0.0631,6.31,0.0155,0,1.26
slovenia,g6_00046_6.tif,6123890,22,0.0555,5.55,0.0136,0,1.046
slovenia,g6_00046_6.tif,6153591,23,0.058,5.8,0.0,0,1.26
slovenia,g6_00046_6.tif,6220128,18,0.0454,4.54,0.0063,0,1.645
slovenia,g6_00046_6.tif,6220129,39,0.0984,9.84,0.0052,0,2.126
slovenia,g6_00046_6.tif,6220134,111,0.2801,28.01,0.0,0,2.512
slovenia,g6_00046_6.tif,6220142,51,0.1287,12.87,0.0061,0,2.94
slovenia,g6_00046_6.tif,6272425,13,0.0328,3.28,0.0007,0,1.046
slovenia,g6_00046_6.tif,6307917,37,0.0934,9.34,0.013,0,1.046
slovenia,g6_00046_6.tif,6307931,61,0.1539,15.39,0.2039,0,3.062
slovenia,g6_00046_6.tif,6404191,40,0.1009,10.09,0.0224,0,2.1
slovenia,g6_00046_6.tif,6404192,15,0.0378,3.78,0.0156,0,1.645
slovenia,g6_00046_6.tif,6404193,78,0.1968,19.68,0.0374,0,3.062
slovenia,g6_00046_6.tif,6504527,359,0.9057,90.57,0.2365,0,5.114
slovenia,g6_00046_6.tif,6876239,13,0.0328,3.28,0.0464,0,1.046
slovenia,g6_00046_6.tif,6876240,7,0.0177,1.77,0.025,0,1.046
slovenia,g6_00046_6.tif,6876248,30,0.0757,7.57,0.0106,0,1.046
slovenia,g6_00046_6.tif,6877839,31,0.0782,7.82,0.0109,0,1.046
slovenia,g6_00046_6.tif,6879700,27,0.0681,6.81,0.0167,0,1.26
slovenia,g6_00046_6.tif,6906876,37,0.0934,9.34,0.0859,0,2.1
slovenia,g6_00046_6.tif,7070587,18,0.0454,4.54,0.0667,0,1.046
slovenia,g6_00046_6.tif,7070595,8,0.0202,2.02,0.0049,0,1.046
slovenia,g6_00046_6.tif,7070597,15,0.0378,3.78,0.0093,0,1.046
slovenia,g6_00046_6.tif,7073450,64,0.1615,16.15,0.0335,0,2.94
slovenia,g6_00046_6.tif,7073457,30,0.0757,7.57,0.039,0,1.645
slovenia,g6_00046_6.tif,7073459,10,0.0252,2.52,0.0117,0,1.046
slovenia,g6_00046_7.tif,6448177,99,0.2498,24.98,0.3394,0,2.512
slovenia,g6_00046_7.tif,6448178,28,0.0706,7.06,0.0279,0,1.046
slovenia,g6_00046_7.tif,6906856,25,0.0631,6.31,0.0,0,1.645
slovenia,g6_00046_7.tif,6906857,59,0.1489,14.89,0.0,0,2.126
slovenia,g6_00046_7.tif,6906864,113,0.2851,28.51,0.4407,0,2.512
slovenia,g6_00046_7.tif,6906876,115,0.2901,29.01,0.2788,0,3.557
slovenia,g6_00046_7.tif,6907731,121,0.3053,30.53,0.4032,0,2.512
slovenia,g6_00046_8.tif,6138886,31,0.0777,7.77,0.0253,0,1.046
slovenia,g6_00046_8.tif,6138889,120,0.3008,30.08,0.0482,0,3.053
slovenia,g6_00046_8.tif,6138894,8,0.0201,2.01,0.0187,0,1.046
slovenia,g6_00046_8.tif,6164924,18,0.0451,4.51,0.0147,0,1.639
slovenia,g6_00046_8.tif,6644709,122,0.3058,30.58,0.0966,0,3.283
slovenia,g6_00047_17.tif,6086521,49,0.1236,12.36,0.0034,0,1.645
slovenia,g6_00047_17.tif,6086528,37,0.0934,9.34,0.0018,0,1.26
slovenia,g6_00047_17.tif,6142696,14,0.0353,3.53,0.001,0,1.645
slovenia,g6_00047_17.tif,6162260,42,0.106,10.6,0.0026,0,1.983
slovenia,g6_00047_17.tif,6162261,33,0.0833,8.33,0.0023,0,1.983
slovenia,g6_00047_17.tif,6162268,16,0.0404,4.04,0.0011,0,1.645
slovenia,g6_00047_17.tif,6162271,66,0.1665,16.65,0.003,0,3.148
slovenia,g6_00047_17.tif,6220112,61,0.1539,15.39,0.0034,0,1.983
slovenia,g6_00047_17.tif,6221081,13,0.0328,3.28,0.0009,0,1.046
slovenia,g6_00047_17.tif,6221091,16,0.0404,4.04,0.0011,0,1.26
slovenia,g6_00047_17.tif,6221095,51,0.1287,12.87,0.1813,0,2.512
slovenia,g6_00047_17.tif,6221190,23,0.058,5.8,0.0016,0,1.046
slovenia,g6_00047_17.tif,6266674,37,0.0934,9.34,0.0026,0,2.126
slovenia,g6_00047_17.tif,6432343,11,0.0278,2.78,0.0004,0,1.046
slovenia,g6_00047_17.tif,6832571,25,0.0631,6.31,0.0018,0,1.645
slovenia,g6_00047_17.tif,7063179,15,0.0378,3.78,0.0916,0,1.046
slovenia,g6_00047_18.tif,6128701,26,0.0656,6.56,0.1221,0,1.645
slovenia,g6_00047_18.tif,6580323,46,0.1161,11.61,0.1859,0,1.983
slovenia,g6_00047_18.tif,6990969,16,0.0404,4.04,0.0214,0,1.046
slovenia,g6_00047_18.tif,6990987,13,0.0328,3.28,0.0186,0,1.046
slovenia,g6_00047_18.tif,6991012,18,0.0454,4.54,0.0258,0,1.046
slovenia,g6_00048_0.tif,6128697,11,0.0278,2.78,0.0318,0,1.046
slovenia,g6_00048_0.tif,6161997,24,0.0606,6.06,0.0,0,1.26
slovenia,g6_00048_0.tif,6162000,31,0.0782,7.82,0.0299,0,1.26
slovenia,g6_00048_0.tif,6162008,45,0.1135,11.35,0.0554,0,3.148
slovenia,g6_00048_0.tif,6162058,21,0.053,5.3,0.0,0,1.046
slovenia,g6_00048_0.tif,6179761,39,0.0984,9.84,0.0116,0,2.126
slovenia,g6_00048_0.tif,6220050,76,0.1917,19.17,0.0673,0,1.983
slovenia,g6_00048_0.tif,6268988,24,0.0606,6.06,0.006,0,1.645
slovenia,g6_00048_0.tif,6290574,15,0.0378,3.78,0.1103,0,1.26
slovenia,g6_00048_0.tif,6290585,41,0.1034,10.34,0.0,0,1.645
slovenia,g6_00048_0.tif,6307803,34,0.0858,8.58,0.2429,0,1.645
slovenia,g6_00048_0.tif,6307804,33,0.0833,8.33,0.2183,0,1.645
slovenia,g6_00048_0.tif,6325901,36,0.0908,9.08,0.0107,0,1.26
slovenia,g6_00048_0.tif,6325902,30,0.0757,7.57,0.0045,0,1.046
slovenia,g6_00048_0.tif,6494494,6,0.0151,1.51,0.0074,0,1.046
slovenia,g6_00048_0.tif,6580314,9,0.0227,2.27,0.0022,0,1.046
slovenia,g6_00048_0.tif,6580320,63,0.1589,15.89,0.0,0,1.645
slovenia,g6_00048_0.tif,6610561,9,0.0227,2.27,0.0769,0,1.046
slovenia,g6_00048_0.tif,6610635,5,0.0126,1.26,0.0427,0,0.42
slovenia,g6_00048_0.tif,6613621,25,0.0631,6.31,0.0668,0,1.983
slovenia,g6_00048_0.tif,6688746,40,0.1009,10.09,0.2869,0,1.645
slovenia,g6_00048_0.tif,6688883,20,0.0505,5.05,0.1417,0,1.046
slovenia,g6_00048_0.tif,6688950,9,0.0227,2.27,0.0678,0,0.782
slovenia,g6_00048_0.tif,6689063,8,0.0202,2.02,0.0593,0,0.782
slovenia,g6_00048_0.tif,6690034,197,0.497,49.7,0.2717,0,4.459
slovenia,g6_00048_0.tif,6690037,11,0.0278,2.78,0.0165,0,1.046
slovenia,g6_00048_0.tif,6690216,33,0.0833,8.33,0.0496,0,1.046
slovenia,g6_00048_0.tif,6978856,25,0.0631,6.31,0.0,0,1.645
slovenia,g6_00048_0.tif,6990991,21,0.053,5.3,0.0887,0,1.645
slovenia,g6_00048_0.tif,7016573,48,0.1211,12.11,0.0,0,1.046
slovenia,g6_00048_10.tif,6756353,107,0.27,27.0,0.6179,1,3.779
slovenia,g6_00048_10.tif,6756354,53,0.1337,13.37,0.0727,0,3.062
slovenia,g6_00048_10.tif,6756375,85,0.2145,21.45,0.359,0,2.126
slovenia,g6_00048_10.tif,6756382,47,0.1186,11.86,0.4368,0,1.983
slovenia,g6_00050_12.tif,6114954,72,0.1817,18.17,0.7889,1,3.557
slovenia,g6_00050_12.tif,6149526,11,0.0278,2.78,0.0196,0,1.046
slovenia,g6_00050_12.tif,6149529,23,0.058,5.8,0.0489,0,1.646
slovenia,g6_00050_12.tif,6223616,331,0.8353,83.53,0.0153,0,5.777
slovenia,g6_00050_12.tif,6258200,16,0.0404,4.04,0.0535,0,1.046
slovenia,g6_00050_12.tif,6318857,42,0.106,10.6,0.0147,0,1.046
slovenia,g6_00050_12.tif,6405246,123,0.3104,31.04,0.0681,0,3.978
slovenia,g6_00050_12.tif,6433137,41,0.1035,10.35,0.0275,0,1.046
slovenia,g6_00050_12.tif,6433292,202,0.5098,50.98,0.1183,0,2.372
slovenia,g6_00050_12.tif,6433579,20,0.0505,5.05,0.0833,0,1.046
slovenia,g6_00050_12.tif,6554186,110,0.2776,27.76,0.4453,0,3.711
slovenia,g6_00050_12.tif,6559582,373,0.9413,94.13,0.0257,0,4.419
slovenia,g6_00050_12.tif,6559583,55,0.1388,13.88,0.1724,0,2.372
slovenia,g6_00050_12.tif,6559585,223,0.5628,56.28,0.0482,0,2.126
slovenia,g6_00050_12.tif,6559586,192,0.4845,48.45,0.0594,0,2.126
slovenia,g6_00050_12.tif,6571695,100,0.2524,25.24,0.3763,0,3.062
slovenia,g6_00050_12.tif,6571699,21,0.053,5.3,0.001,0,1.046
slovenia,g6_00050_12.tif,6571701,21,0.053,5.3,0.1094,0,1.646
slovenia,g6_00050_12.tif,6571711,67,0.1691,16.91,0.4204,0,1.646
slovenia,g6_00050_12.tif,6571801,19,0.0479,4.79,0.0013,0,1.646
slovenia,g6_00050_12.tif,6606930,16,0.0404,4.04,0.0011,0,1.046
slovenia,g6_00050_12.tif,6607059,33,0.0833,8.33,0.0022,0,1.646
slovenia,g6_00050_12.tif,6634276,33,0.0833,8.33,0.0021,0,1.646
slovenia,g6_00050_12.tif,6691957,82,0.2069,20.69,0.6348,1,3.711
slovenia,g6_00050_12.tif,6691960,224,0.5653,56.53,0.7118,1,5.963
slovenia,g6_00050_12.tif,6692069,21,0.053,5.3,0.1759,0,0.782
slovenia,g6_00050_12.tif,6698793,366,0.9236,92.36,0.0241,0,4.508
slovenia,g6_00050_12.tif,6745445,111,0.2801,28.01,0.062,0,2.372
slovenia,g6_00050_12.tif,6745451,14,0.0353,3.53,0.0283,0,0.782
slovenia,g6_00050_12.tif,6747013,28,0.0707,7.07,0.0523,0,1.046
slovenia,g6_00050_12.tif,6757191,47,0.1186,11.86,0.0023,0,2.126
slovenia,g6_00050_12.tif,6757422,27,0.0681,6.81,0.0943,0,1.046
slovenia,g6_00050_12.tif,6762937,493,1.2441,124.41,0.1407,0,3.978
slovenia,g6_00050_12.tif,6774479,205,0.5173,51.73,0.1145,0,3.978
slovenia,g6_00050_12.tif,6831424,133,0.3356,33.56,0.6374,1,3.062
slovenia,g6_00050_12.tif,6831437,85,0.2145,21.45,0.378,0,1.983
slovenia,g6_00050_12.tif,6831476,113,0.2852,28.52,0.0058,0,2.126
slovenia,g6_00050_12.tif,6835935,185,0.4669,46.69,0.012,0,2.372
slovenia,g6_00050_12.tif,6835943,77,0.1943,19.43,0.0053,0,2.372
slovenia,g6_00050_12.tif,6845065,11,0.0278,2.78,0.0309,0,1.046
slovenia,g6_00050_12.tif,6879397,21,0.053,5.3,0.0014,0,1.646
slovenia,g6_00050_12.tif,6879401,56,0.1413,14.13,0.0646,0,1.983
slovenia,g6_00050_12.tif,6884497,411,1.0372,103.72,0.0264,0,5.007
slovenia,g6_00050_12.tif,6884511,15,0.0379,3.79,0.0949,0,0.782
slovenia,g6_00050_12.tif,6884938,28,0.0707,7.07,0.1772,0,1.046
slovenia,g6_00050_12.tif,6951717,298,0.752,75.2,0.0206,0,3.978
slovenia,g6_00050_12.tif,7001634,544,1.3728,137.28,0.1632,0,5.115
slovenia,g6_00050_12.tif,7001636,356,0.8984,89.84,0.342,0,3.062
slovenia,g6_00050_12.tif,7001642,358,0.9034,90.34,0.0243,0,5.007
slovenia,g6_00050_12.tif,7001647,102,0.2574,25.74,0.3321,0,2.512
slovenia,g6_00050_12.tif,7001651,262,0.6612,66.12,0.1381,0,2.372
slovenia,g6_00050_12.tif,7001689,26,0.0656,6.56,0.064,0,1.046
slovenia,g6_00050_12.tif,7011842,24,0.0606,6.06,0.0059,0,1.646
slovenia,g6_00050_12.tif,7017015,49,0.1237,12.37,0.0034,0,1.26
slovenia,g6_00050_12.tif,7017104,51,0.1287,12.87,0.0035,0,1.046
slovenia,g6_00050_12.tif,7018909,589,1.4864,148.64,0.5421,1,4.508
slovenia,g6_00050_12.tif,7043319,749,1.8902,189.02,0.0507,0,7.924
slovenia,g6_00050_12.tif,7043323,142,0.3584,35.84,0.0098,0,3.557
slovenia,g6_00050_13.tif,6109339,66,0.1666,16.66,0.0415,0,1.983
slovenia,g6_00050_13.tif,6109676,24,0.0606,6.06,0.0151,0,1.046
slovenia,g6_00050_13.tif,6114954,233,0.588,58.8,0.8765,1,3.711
slovenia,g6_00050_13.tif,6149529,19,0.0479,4.79,0.1224,0,1.646
slovenia,g6_00050_13.tif,6150562,7,0.0177,1.77,0.0005,0,1.046
slovenia,g6_00050_13.tif,6150564,45,0.1136,11.36,0.0016,0,1.646
slovenia,g6_00050_13.tif,6150567,96,0.2423,24.23,0.3151,0,2.126
slovenia,g6_00050_13.tif,6185915,14,0.0353,3.53,0.001,0,1.046
slovenia,g6_00050_13.tif,6185917,59,0.1489,14.89,0.0042,0,1.646
slovenia,g6_00050_13.tif,6223480,23,0.058,5.8,0.0016,0,1.646
slovenia,g6_00050_13.tif,6223745,11,0.0278,2.78,0.0564,0,1.046
slovenia,g6_00050_13.tif,6223847,9,0.0227,2.27,0.0251,0,1.046
slovenia,g6_00050_13.tif,6317228,22,0.0555,5.55,0.1613,0,1.646
slovenia,g6_00050_13.tif,6318042,22,0.0555,5.55,0.0016,0,1.26
slovenia,g6_00050_13.tif,6558913,12,0.0303,3.03,0.0009,0,1.046
slovenia,g6_00050_13.tif,6558914,7,0.0177,1.77,0.0005,0,0.782
slovenia,g6_00050_13.tif,6559583,198,0.4997,49.97,0.1735,0,2.94
slovenia,g6_00050_13.tif,6563991,15,0.0379,3.79,0.0011,0,1.046
slovenia,g6_00050_13.tif,6623090,16,0.0404,4.04,0.0006,0,1.046
slovenia,g6_00050_13.tif,6623473,16,0.0404,4.04,0.0011,0,1.046
slovenia,g6_00050_13.tif,6698814,65,0.164,16.4,0.5636,1,1.646
slovenia,g6_00050_13.tif,6747544,10,0.0252,2.52,0.082,0,1.046
slovenia,g6_00050_13.tif,6747545,26,0.0656,6.56,0.0018,0,1.26
slovenia,g6_00050_13.tif,6747678,31,0.0782,7.82,0.0011,0,1.646
slovenia,g6_00050_13.tif,6774485,13,0.0328,3.28,0.0009,0,1.046
slovenia,g6_00050_13.tif,6774487,8,0.0202,2.02,0.0006,0,1.046
slovenia,g6_00050_13.tif,6774488,8,0.0202,2.02,0.0006,0,1.046
slovenia,g6_00050_13.tif,6831424,78,0.1968,19.68,0.4326,0,1.646
slovenia,g6_00050_13.tif,6831476,65,0.164,16.4,0.5158,1,2.126
slovenia,g6_00050_13.tif,6831555,17,0.0429,4.29,0.0406,0,1.046
slovenia,g6_00050_13.tif,6884511,15,0.0379,3.79,0.0358,0,1.046
slovenia,g6_00050_13.tif,6884938,11,0.0278,2.78,0.0214,0,1.046
slovenia,g6_00050_13.tif,6915397,39,0.0984,9.84,0.0028,0,1.046
slovenia,g6_00050_13.tif,7006995,20,0.0505,5.05,0.0014,0,1.046
slovenia,g6_00050_13.tif,7015417,116,0.2927,29.27,0.1777,0,3.978
slovenia,g6_00050_13.tif,7043317,64,0.1615,16.15,0.0046,0,1.26
slovenia,g6_00053_13.tif,6454097,12,0.0303,3.03,0.0156,0,1.046
slovenia,g6_00053_13.tif,6691957,211,0.5326,53.26,0.1402,0,3.557
slovenia,g6_00053_13.tif,6692069,52,0.1313,13.13,0.0346,0,1.046
slovenia,g6_00053_13.tif,6797880,26,0.0656,6.56,0.0259,0,2.126
slovenia,g6_00053_13.tif,6835943,87,0.2196,21.96,0.2536,0,2.372
slovenia,g6_00053_13.tif,7043323,105,0.265,26.5,0.4054,0,3.063
slovenia,g6_00053_14.tif,6114938,31,0.0783,7.83,0.0012,0,2.126
slovenia,g6_00053_14.tif,6114947,128,0.3231,32.31,0.005,0,1.646
slovenia,g6_00053_14.tif,6114956,23,0.0581,5.81,0.0009,0,1.046
slovenia,g6_00053_14.tif,6115033,58,0.1464,14.64,0.0567,0,1.046
slovenia,g6_00053_14.tif,6115139,19,0.048,4.8,0.0008,0,1.046
slovenia,g6_00053_14.tif,6143808,55,0.1388,13.88,0.0019,0,2.126
slovenia,g6_00053_14.tif,6151729,29,0.0732,7.32,0.0012,0,1.046
slovenia,g6_00053_14.tif,6151738,11,0.0278,2.78,0.0265,0,1.046
slovenia,g6_00053_14.tif,6185961,26,0.0656,6.56,0.1207,0,1.046
slovenia,g6_00053_14.tif,6216863,24,0.0606,6.06,0.001,0,1.983
slovenia,g6_00053_14.tif,6273889,14,0.0353,3.53,0.0006,0,1.646
slovenia,g6_00053_14.tif,6274038,42,0.106,10.6,0.0017,0,1.046
slovenia,g6_00053_14.tif,6318054,165,0.4165,41.65,0.0065,0,2.126
slovenia,g6_00053_14.tif,6318059,85,0.2146,21.46,0.0034,0,3.712
slovenia,g6_00053_14.tif,6318064,117,0.2953,29.53,0.0046,0,1.646
slovenia,g6_00053_14.tif,6318069,64,0.1615,16.15,0.0025,0,1.646
slovenia,g6_00053_14.tif,6318072,65,0.1641,16.41,0.4083,0,1.983
slovenia,g6_00053_14.tif,6401528,17,0.0429,4.29,0.0171,0,1.646
slovenia,g6_00053_14.tif,6401529,55,0.1388,13.88,0.0554,0,3.063
slovenia,g6_00053_14.tif,6558914,25,0.0631,6.31,0.0878,0,1.046
slovenia,g6_00053_14.tif,6563991,6,0.0151,1.51,0.0231,0,0.781
slovenia,g6_00053_14.tif,6563996,45,0.1136,11.36,0.0016,0,1.046
slovenia,g6_00053_14.tif,6610927,24,0.0606,6.06,0.001,0,1.646
slovenia,g6_00053_14.tif,6610928,8,0.0202,2.02,0.0003,0,1.046
slovenia,g6_00053_14.tif,6610929,14,0.0353,3.53,0.0006,0,1.046
slovenia,g6_00053_14.tif,6623065,30,0.0757,7.57,0.0012,0,1.046
slovenia,g6_00053_14.tif,6623072,71,0.1792,17.92,0.0028,0,1.646
slovenia,g6_00053_14.tif,6623086,16,0.0404,4.04,0.0644,0,1.046
slovenia,g6_00053_14.tif,6692000,23,0.0581,5.81,0.0009,0,1.046
slovenia,g6_00053_14.tif,6694118,20,0.0505,5.05,0.0008,0,1.046
slovenia,g6_00053_14.tif,6698800,79,0.1994,19.94,0.0032,0,1.983
slovenia,g6_00053_14.tif,6698805,169,0.4266,42.66,0.0066,0,3.281
slovenia,g6_00053_14.tif,6698811,94,0.2373,23.73,0.2045,0,1.646
slovenia,g6_00053_14.tif,6698815,413,1.0425,104.25,0.0165,0,9.13
slovenia,g6_00053_14.tif,6698824,128,0.3231,32.31,0.0045,0,1.046
slovenia,g6_00053_14.tif,6698831,65,0.1641,16.41,0.0026,0,1.983
slovenia,g6_00053_14.tif,6724914,34,0.0858,8.58,0.0014,0,1.646
slovenia,g6_00053_14.tif,6788277,26,0.0656,6.56,0.1772,0,1.26
slovenia,g6_00053_14.tif,6788282,25,0.0631,6.31,0.217,0,1.046
slovenia,g6_00053_14.tif,6788334,8,0.0202,2.02,0.0003,0,1.046
slovenia,g6_00053_14.tif,6827116,28,0.0707,7.07,0.0011,0,1.646
slovenia,g6_00053_14.tif,6827119,24,0.0606,6.06,0.001,0,1.046
slovenia,g6_00053_14.tif,6828983,22,0.0555,5.55,0.0009,0,1.646
slovenia,g6_00053_14.tif,6884499,141,0.3559,35.59,0.1109,0,3.063
slovenia,g6_00053_14.tif,6884501,52,0.1313,13.13,0.2441,0,2.372
slovenia,g6_00053_14.tif,6884510,218,0.5503,55.03,0.3453,0,2.372
slovenia,g6_00053_14.tif,6884525,142,0.3584,35.84,0.0057,0,1.646
slovenia,g6_00053_14.tif,6884532,83,0.2095,20.95,0.0032,0,1.646
slovenia,g6_00053_14.tif,6884538,49,0.1237,12.37,0.0017,0,1.046
slovenia,g6_00053_14.tif,6884557,23,0.0581,5.81,0.0009,0,1.046
slovenia,g6_00053_14.tif,6884577,151,0.3812,38.12,0.0051,0,3.149
slovenia,g6_00053_14.tif,6951770,175,0.4417,44.17,0.0056,0,3.979
slovenia,g6_00053_14.tif,6952925,83,0.2095,20.95,0.0031,0,1.646
slovenia,g6_00053_14.tif,7015417,22,0.0555,5.55,0.2192,0,1.26
slovenia,g6_00053_14.tif,7015418,42,0.106,10.6,0.2976,0,2.101
slovenia,g6_00053_14.tif,7019970,42,0.106,10.6,0.0985,0,1.646
slovenia,g6_00053_14.tif,7030600,202,0.5099,50.99,0.0068,0,6.479
slovenia,g6_00053_14.tif,7030602,142,0.3584,35.84,0.0053,0,2.941
slovenia,g6_00053_14.tif,7030603,26,0.0656,6.56,0.001,0,1.046
slovenia,g6_00053_14.tif,7043318,19,0.048,4.8,0.0008,0,1.046
slovenia,g6_00053_14.tif,7043326,171,0.4316,43.16,0.0065,0,3.063
slovenia,g6_00053_14.tif,7043328,191,0.4821,48.21,0.0072,0,1.646
slovenia,g6_00053_14.tif,7043335,130,0.3281,32.81,0.6995,1,3.557
slovenia,g6_00053_14.tif,7043338,110,0.2777,27.77,0.0041,0,2.372
slovenia,g6_00053_15.tif,6115033,56,0.1414,14.14,0.1092,0,1.046
slovenia,g6_00053_15.tif,6184155,39,0.0984,9.84,0.2952,0,2.372
slovenia,g6_00053_15.tif,6184671,20,0.0505,5.05,0.03,0,1.646
slovenia,g6_00053_15.tif,6216863,45,0.1136,11.36,0.3763,0,2.126
slovenia,g6_00053_15.tif,6216872,40,0.101,10.1,0.0354,0,2.126
slovenia,g6_00053_15.tif,6604920,21,0.053,5.3,0.0432,0,1.046
slovenia,g6_00053_15.tif,6604921,29,0.0732,7.32,0.0597,0,1.046
slovenia,g6_00053_15.tif,6605060,99,0.2499,24.99,0.2676,0,2.126
slovenia,g6_00053_15.tif,6605075,27,0.0682,6.82,0.0769,0,1.046
slovenia,g6_00053_15.tif,6623086,93,0.2348,23.48,0.0,0,1.046
slovenia,g6_00053_15.tif,6774478,190,0.4796,47.96,0.3256,0,4.459
slovenia,g6_00053_15.tif,6831426,204,0.5149,51.49,0.0961,0,2.941
slovenia,g6_00053_15.tif,6884499,238,0.6008,60.08,0.8468,1,6.911
slovenia,g6_00053_15.tif,6884501,40,0.101,10.1,0.9,1,2.101
slovenia,g6_00053_15.tif,6884516,153,0.3862,38.62,0.572,1,2.512
slovenia,g6_00053_15.tif,6884575,270,0.6815,68.15,0.8172,1,5.445
slovenia,g6_00053_15.tif,6915372,31,0.0783,7.83,0.0144,0,1.646
slovenia,g6_00053_15.tif,7030603,18,0.0454,4.54,0.0841,0,1.046
slovenia,g6_00056_14.tif,6826642,26,0.0656,6.56,0.0067,0,1.646
slovenia,g6_00056_16.tif,6698798,228,0.5757,57.57,0.1024,0,2.126
slovenia,g6_00056_16.tif,6969654,101,0.255,25.5,0.0435,0,3.063
slovenia,g6_00056_16.tif,7030510,187,0.4721,47.21,0.5359,1,3.712
slovenia,g6_00056_16.tif,7030597,182,0.4595,45.95,0.0233,0,2.513
slovenia,g6_00056_16.tif,7030598,148,0.3737,37.37,0.4378,0,3.063
slovenia,g6_00060_17.tif,6126915,287,0.7248,72.48,0.1424,0,3.184
slovenia,g6_00060_17.tif,6126918,33,0.0833,8.33,0.0164,0,1.983
slovenia,g6_00060_17.tif,6126929,8,0.0202,2.02,0.0122,0,0.781
slovenia,g6_00060_17.tif,6126930,27,0.0682,6.82,0.0412,0,1.646
slovenia,g6_00060_17.tif,6126931,31,0.0783,7.83,0.0473,0,2.373
slovenia,g6_00060_17.tif,6126932,33,0.0833,8.33,0.0503,0,1.983
slovenia,g6_00060_17.tif,6126945,46,0.1162,11.62,0.0228,0,2.126
slovenia,g6_00060_18.tif,6126927,151,0.3788,37.88,0.0149,0,3.187
slovenia,g6_00060_18.tif,6128516,69,0.1731,17.31,0.0069,0,1.986
slovenia,g6_00060_18.tif,6128518,68,0.1706,17.06,0.1556,0,1.986
slovenia,g6_00060_18.tif,6128520,9,0.0226,2.26,0.001,0,1.046
slovenia,g6_00060_18.tif,6128521,73,0.1832,18.32,0.0072,0,2.361
slovenia,g6_00060_18.tif,6139563,47,0.1179,11.79,0.005,0,1.986
slovenia,g6_00060_18.tif,6139566,71,0.1781,17.81,0.2132,0,1.986
slovenia,g6_00060_18.tif,6139576,50,0.1254,12.54,0.0048,0,2.088
slovenia,g6_00060_18.tif,6139583,28,0.0703,7.03,0.003,0,1.986
slovenia,g6_00060_18.tif,6139618,15,0.0376,3.76,0.0016,0,1.64
slovenia,g6_00060_18.tif,6139744,19,0.0477,4.77,0.002,0,1.64
slovenia,g6_00060_18.tif,6142403,73,0.1832,18.32,0.6518,1,3.133
slovenia,g6_00060_18.tif,6142408,63,0.1581,15.81,0.0067,0,1.986
slovenia,g6_00060_18.tif,6142409,27,0.0677,6.77,0.0029,0,1.986
slovenia,g6_00060_18.tif,6142411,55,0.138,13.8,0.0059,0,1.986
slovenia,g6_00060_18.tif,6142413,82,0.2057,20.57,0.0087,0,2.361
slovenia,g6_00060_18.tif,6142562,26,0.0652,6.52,0.0028,0,1.64
slovenia,g6_00060_18.tif,6142609,8,0.0201,2.01,0.0009,0,1.046
slovenia,g6_00060_18.tif,6260964,149,0.3738,37.38,0.0159,0,3.187
slovenia,g6_00060_18.tif,6260973,25,0.0627,6.27,0.0027,0,2.088
slovenia,g6_00060_18.tif,6285503,42,0.1054,10.54,0.0045,0,1.986
slovenia,g6_00060_18.tif,6314546,37,0.0928,9.28,0.0039,0,1.986
slovenia,g6_00060_18.tif,6460914,114,0.286,28.6,0.6953,1,3.187
slovenia,g6_00060_18.tif,6460916,15,0.0376,3.76,0.0016,0,1.64
slovenia,g6_00060_18.tif,6460917,50,0.1254,12.54,0.0053,0,1.986
slovenia,g6_00060_18.tif,6461064,34,0.0853,8.53,0.0036,0,2.361
slovenia,g6_00060_18.tif,6461086,30,0.0753,7.53,0.0032,0,2.088
slovenia,g6_00060_18.tif,6498371,41,0.1029,10.29,0.0043,0,1.986
slovenia,g6_00060_18.tif,6498373,31,0.0778,7.78,0.0028,0,1.64
slovenia,g6_00060_18.tif,6498445,28,0.0703,7.03,0.003,0,1.986
slovenia,g6_00060_18.tif,6498558,42,0.1054,10.54,0.0044,0,1.64
slovenia,g6_00060_18.tif,6607430,9,0.0226,2.26,0.0008,0,0.418
slovenia,g6_00060_18.tif,6620126,41,0.1029,10.29,0.0044,0,2.361
slovenia,g6_00061_0.tif,6139573,132,0.3334,33.34,0.0082,0,3.281
slovenia,g6_00061_0.tif,6142403,41,0.1035,10.35,0.6613,1,2.102
slovenia,g6_00061_0.tif,6142404,45,0.1136,11.36,0.0028,0,1.261
slovenia,g6_00061_0.tif,6176161,32,0.0808,8.08,0.002,0,1.046
slovenia,g6_00061_0.tif,6176164,95,0.2399,23.99,0.0059,0,2.126
slovenia,g6_00061_0.tif,6176166,23,0.0581,5.81,0.0014,0,1.646
slovenia,g6_00061_0.tif,6285501,88,0.2222,22.22,0.0055,0,2.126
slovenia,g6_00061_0.tif,6285506,66,0.1667,16.67,0.004,0,1.646
slovenia,g6_00061_0.tif,6285622,39,0.0985,9.85,0.0023,0,1.983
slovenia,g6_00061_0.tif,6607430,49,0.1237,12.37,0.0014,0,1.983
slovenia,g6_00061_0.tif,6611795,82,0.2071,20.71,0.0051,0,2.102
slovenia,g6_00061_0.tif,6612479,202,0.5101,51.01,0.0126,0,2.513
slovenia,g6_00061_0.tif,6648423,27,0.0682,6.82,0.0017,0,1.046
slovenia,g6_00061_0.tif,6648424,48,0.1212,12.12,0.0027,0,1.646
slovenia,g6_00061_0.tif,6650066,172,0.4344,43.44,0.0107,0,5.465
slovenia,g6_00061_0.tif,6650076,76,0.1919,19.19,0.0047,0,1.983
slovenia,g6_00061_0.tif,6671553,7,0.0177,1.77,0.0001,0,1.046
slovenia,g6_00061_0.tif,6671554,49,0.1237,12.37,0.003,0,1.646
slovenia,g6_00061_0.tif,6673026,49,0.1237,12.37,0.003,0,1.646
slovenia,g6_00061_0.tif,6673029,49,0.1237,12.37,0.003,0,1.046
slovenia,g6_00061_0.tif,6673157,47,0.1187,11.87,0.0029,0,1.646
slovenia,g6_00061_0.tif,6673158,35,0.0884,8.84,0.0015,0,1.646
slovenia,g6_00061_0.tif,6673277,146,0.3687,36.87,0.4659,0,4.386
slovenia,g6_00061_0.tif,6704599,446,1.1263,112.63,0.4519,0,5.965
slovenia,g6_00061_0.tif,6716066,906,2.2881,228.81,0.6707,1,9.387
slovenia,g6_00061_0.tif,6719536,1493,3.7705,377.05,0.089,0,7.925
slovenia,g6_00061_0.tif,6719835,446,1.1263,112.63,0.0238,0,8.361
slovenia,g6_00061_0.tif,6719879,886,2.2375,223.75,0.8106,1,8.361
slovenia,g6_00061_0.tif,6772468,44,0.1111,11.11,0.0027,0,1.261
slovenia,g6_00061_0.tif,6934832,52,0.1313,13.13,0.0028,0,1.646
slovenia,g6_00061_0.tif,6998732,25,0.0631,6.31,0.0016,0,1.261
slovenia,g6_00064_1.tif,6297076,199,0.4994,49.94,0.0232,0,6.47
slovenia,g6_00064_1.tif,6297174,92,0.2309,23.09,0.4118,0,3.053
slovenia,g6_00064_1.tif,6297284,30,0.0753,7.53,0.232,0,1.04
slovenia,g6_00064_1.tif,6497111,25,0.0627,6.27,0.0038,0,1.04
slovenia,g6_00064_1.tif,6497112,90,0.2259,22.59,0.6446,1,2.111
slovenia,g6_00064_1.tif,6497113,59,0.1481,14.81,0.3085,0,1.967
slovenia,g6_00064_1.tif,6497114,85,0.2133,21.33,0.0129,0,3.053
slovenia,g6_00064_1.tif,6497121,124,0.3112,31.12,0.0151,0,3.161
slovenia,g6_00064_1.tif,6497126,178,0.4467,44.67,0.0133,0,5.42
slovenia,g6_00064_1.tif,6497129,125,0.3137,31.37,0.019,0,2.111
slovenia,g6_00064_1.tif,6497133,50,0.1255,12.55,0.0076,0,1.04
slovenia,g6_00064_1.tif,6497345,67,0.1681,16.81,0.0102,0,1.967
slovenia,g6_00064_1.tif,6611712,203,0.5094,50.94,0.2091,0,3.96
slovenia,g6_00064_1.tif,6611717,94,0.2359,23.59,0.0123,0,2.5
slovenia,g6_00064_1.tif,6611747,305,0.7654,76.54,0.0282,0,6.937
slovenia,g6_00064_1.tif,6611751,141,0.3538,35.38,0.1417,0,2.5
slovenia,g6_00064_1.tif,6611752,215,0.5396,53.96,0.0326,0,4.642
slovenia,g6_00064_1.tif,6611758,125,0.3137,31.37,0.6,1,3.96
slovenia,g6_00064_1.tif,6611761,97,0.2434,24.34,0.5855,1,1.642
slovenia,g6_00064_1.tif,6611764,27,0.0678,6.78,0.0041,0,1.04
slovenia,g6_00064_1.tif,6611767,134,0.3363,33.63,0.0157,0,3.536
slovenia,g6_00064_1.tif,6611772,32,0.0803,8.03,0.2117,0,1.04
slovenia,g6_00064_1.tif,6611783,95,0.2384,23.84,0.0828,0,2.111
slovenia,g6_00064_1.tif,6611797,86,0.2158,21.58,0.1651,0,3.053
slovenia,g6_00064_1.tif,6611814,66,0.1656,16.56,0.5821,1,3.053
slovenia,g6_00064_1.tif,6612229,83,0.2083,20.83,0.0126,0,1.967
slovenia,g6_00064_1.tif,6612348,3,0.0075,0.75,0.0224,0,0.42
slovenia,g6_00064_1.tif,6673010,211,0.5295,52.95,0.2085,0,3.96
slovenia,g6_00064_1.tif,6673011,65,0.1631,16.31,0.1566,0,3.053
slovenia,g6_00064_1.tif,6673015,189,0.4743,47.43,0.0274,0,3.704
slovenia,g6_00064_1.tif,6673024,95,0.2384,23.84,0.2085,0,1.967
slovenia,g6_00064_1.tif,6673121,118,0.2961,29.61,0.0113,0,3.053
slovenia,g6_00064_1.tif,6673122,153,0.384,38.4,0.5976,1,3.536
slovenia,g6_00064_1.tif,6673277,1699,4.2637,426.37,0.7326,1,15.401
slovenia,g6_00064_1.tif,6682712,80,0.2008,20.08,0.7528,1,2.943
slovenia,g6_00064_1.tif,6719536,140,0.3513,35.13,0.6763,1,3.161
slovenia,g6_00064_1.tif,6998728,76,0.1907,19.07,0.0112,0,3.258
slovenia,g6_00064_1.tif,6998729,287,0.7202,72.02,0.0418,0,7.159
slovenia,g6_00064_1.tif,6998856,18,0.0452,4.52,0.0027,0,1.04
slovenia,g6_00064_1.tif,6998909,45,0.1129,11.29,0.0068,0,1.642
