parcel_id,objects_over,best_iou,chip
6402188,2,0.0297,g13_00002_16.tif
6983393,3,0.2243,g13_00002_16.tif
7079929,2,0.351,g13_00002_16.tif
6113948,1,0.4938,g13_00002_17.tif
6157272,1,0.0412,g13_00002_18.tif
6166700,4,0.5149,g13_00003_12.tif
6166702,2,0.2527,g13_00003_12.tif
6166704,2,0.12,g13_00003_12.tif
6490468,2,0.1012,g13_00003_12.tif
6490470,1,0.0259,g13_00003_12.tif
6514417,7,0.2774,g13_00003_12.tif
6514421,3,0.4093,g13_00003_12.tif
6514422,8,0.4766,g13_00003_12.tif
6572178,3,0.4964,g13_00003_12.tif
6737064,2,0.2738,g13_00003_12.tif
6910737,2,0.0496,g13_00003_12.tif
6910738,2,0.0751,g13_00003_12.tif
6910741,3,0.0698,g13_00003_12.tif
6910746,4,0.4478,g13_00003_12.tif
6166702,2,0.1399,g13_00003_13.tif
6324650,3,0.1488,g13_00003_13.tif
6324653,2,0.0787,g13_00003_13.tif
6524321,9,0.2699,g13_00003_13.tif
6524323,4,0.439,g13_00003_13.tif
6524324,1,0.0707,g13_00003_13.tif
6524325,4,0.3909,g13_00003_13.tif
6737065,5,0.3314,g13_00003_13.tif
6737066,1,0.1348,g13_00003_13.tif
6145881,1,0.0548,g13_00003_14.tif
6145882,7,0.6948,g13_00003_14.tif
6145886,2,0.005,g13_00003_14.tif
6145887,2,0.1719,g13_00003_14.tif
6145890,3,0.6603,g13_00003_14.tif
6145891,4,0.4013,g13_00003_14.tif
6145892,2,0.6564,g13_00003_14.tif
6145893,2,0.5,g13_00003_14.tif
6199100,2,0.4267,g13_00003_14.tif
6394110,2,0.0696,g13_00003_14.tif
6446137,2,0.2632,g13_00003_14.tif
6537426,3,0.0128,g13_00003_14.tif
6560698,4,0.3995,g13_00003_14.tif
6560699,4,0.3476,g13_00003_14.tif
6774220,2,0.0986,g13_00003_14.tif
6774225,1,0.044,g13_00003_14.tif
6872553,7,0.6514,g13_00003_14.tif
7019528,1,0.0222,g13_00003_14.tif
7019531,6,0.54,g13_00003_14.tif
6133722,3,0.4897,g13_00003_18.tif
6146415,4,0.3429,g13_00003_18.tif
6146416,2,0.1722,g13_00003_18.tif
6224238,4,0.2787,g13_00003_18.tif
6224239,3,0.0457,g13_00003_18.tif
6224304,5,0.626,g13_00003_18.tif
6224344,2,0.1628,g13_00003_18.tif
6224464,6,0.5918,g13_00003_18.tif
6625264,5,0.7386,g13_00003_18.tif
6736122,5,0.2937,g13_00003_18.tif
6862344,1,0.6362,g13_00003_18.tif
6862375,11,0.908,g13_00003_18.tif
6862397,11,0.4254,g13_00003_18.tif
6862405,1,0.4342,g13_00003_18.tif
6862407,5,0.7462,g13_00003_18.tif
6862425,1,0.0075,g13_00003_18.tif
6953125,7,0.2577,g13_00003_18.tif
6953150,6,0.6821,g13_00003_18.tif
6970149,5,0.5626,g13_00003_18.tif
6090653,2,0.1037,g13_00004_0.tif
6090654,3,0.081,g13_00004_0.tif
6090658,3,0.0464,g13_00004_0.tif
6111251,3,0.0237,g13_00004_0.tif
6111252,3,0.6129,g13_00004_0.tif
6208423,1,0.0692,g13_00004_0.tif
6316528,7,0.3747,g13_00004_0.tif
6316531,1,0.0538,g13_00004_0.tif
6707003,3,0.6295,g13_00004_0.tif
6707008,2,0.2518,g13_00004_0.tif
6788595,3,0.5738,g13_00004_0.tif
6788596,3,0.6729,g13_00004_0.tif
6862344,4,0.38,g13_00004_0.tif
6862365,4,0.3179,g13_00004_0.tif
6862366,5,0.8863,g13_00004_0.tif
6862373,3,0.628,g13_00004_0.tif
6862394,7,0.3286,g13_00004_0.tif
6862396,8,0.5222,g13_00004_0.tif
6862397,0,0.0,g13_00004_0.tif
6910498,6,0.6884,g13_00004_0.tif
6987753,1,0.2609,g13_00004_0.tif
7044089,3,0.4567,g13_00004_0.tif
7044092,3,0.6336,g13_00004_0.tif
7049957,1,0.0538,g13_00004_0.tif
6090656,4,0.465,g13_00004_1.tif
6094132,4,0.3649,g13_00004_1.tif
6094133,1,0.0382,g13_00004_1.tif
6094134,1,0.0155,g13_00004_1.tif
6094137,4,0.4883,g13_00004_1.tif
6094214,3,0.7872,g13_00004_1.tif
6165385,10,0.5028,g13_00004_1.tif
6165391,5,0.5717,g13_00004_1.tif
6267989,10,0.4276,g13_00004_1.tif
6420102,1,0.0897,g13_00004_1.tif
6443932,2,0.0102,g13_00004_1.tif
6443934,5,0.5181,g13_00004_1.tif
6443941,7,0.8025,g13_00004_1.tif
6443952,1,0.4206,g13_00004_1.tif
6444032,4,0.254,g13_00004_1.tif
6444073,5,0.7471,g13_00004_1.tif
6444273,4,0.4675,g13_00004_1.tif
6444289,4,0.703,g13_00004_1.tif
6444732,12,0.5888,g13_00004_1.tif
6503716,3,0.7425,g13_00004_1.tif
6503721,4,0.9192,g13_00004_1.tif
6503913,3,0.4745,g13_00004_1.tif
6503966,1,0.0231,g13_00004_1.tif
6504115,4,0.3246,g13_00004_1.tif
6504116,5,0.8176,g13_00004_1.tif
6504194,3,0.7596,g13_00004_1.tif
6559607,6,0.6547,g13_00004_1.tif
6578268,3,0.3513,g13_00004_1.tif
6578397,3,0.5347,g13_00004_1.tif
6578410,6,0.7538,g13_00004_1.tif
6578413,6,0.4479,g13_00004_1.tif
6578415,4,0.3101,g13_00004_1.tif
6581409,8,0.6557,g13_00004_1.tif
6581410,2,0.075,g13_00004_1.tif
6581411,3,0.4479,g13_00004_1.tif
6689417,4,0.5385,g13_00004_1.tif
6707003,3,0.5967,g13_00004_1.tif
6707008,3,0.3095,g13_00004_1.tif
6788595,10,0.4176,g13_00004_1.tif
6788596,1,0.4178,g13_00004_1.tif
6862312,6,0.9648,g13_00004_1.tif
6862365,7,0.938,g13_00004_1.tif
6862373,2,0.8191,g13_00004_1.tif
6862379,9,0.9323,g13_00004_1.tif
6862393,9,0.4699,g13_00004_1.tif
6917340,6,0.6224,g13_00004_1.tif
6945580,2,0.1358,g13_00004_1.tif
6945581,5,0.3671,g13_00004_1.tif
6961800,2,0.7277,g13_00004_1.tif
6961802,5,0.4327,g13_00004_1.tif
7044089,5,0.6645,g13_00004_1.tif
6689886,4,0.3121,g13_00005_10.tif
6689885,1,0.0967,g13_00005_11.tif
7079929,1,0.2683,g13_00005_9.tif
6085712,6,0.4244,g13_00006_11.tif
6085714,2,0.0837,g13_00006_11.tif
6085715,6,0.5273,g13_00006_11.tif
6093619,8,0.3696,g13_00006_11.tif
6093620,14,0.6765,g13_00006_11.tif
6093628,4,0.8308,g13_00006_11.tif
6109021,3,0.5,g13_00006_11.tif
6645080,2,0.0952,g13_00006_11.tif
6953134,10,0.3652,g13_00006_11.tif
6987751,4,0.5732,g13_00006_11.tif
6995387,5,0.4293,g13_00006_11.tif
6995390,4,0.1677,g13_00006_11.tif
6085722,4,0.5306,g13_00006_12.tif
6089770,10,0.2886,g13_00006_12.tif
6089772,2,0.2958,g13_00006_12.tif
6093624,7,0.7258,g13_00006_12.tif
6093625,9,0.4409,g13_00006_12.tif
6093628,6,0.465,g13_00006_12.tif
6093632,5,0.399,g13_00006_12.tif
6109021,4,0.8092,g13_00006_12.tif
6109028,8,0.3846,g13_00006_12.tif
6111252,2,0.1934,g13_00006_12.tif
6166271,5,0.2107,g13_00006_12.tif
6166272,1,0.0516,g13_00006_12.tif
6166273,1,0.1548,g13_00006_12.tif
6166275,4,0.6731,g13_00006_12.tif
6166276,8,0.298,g13_00006_12.tif
6378684,1,0.0982,g13_00006_12.tif
6378686,5,0.5652,g13_00006_12.tif
6445437,3,0.4839,g13_00006_12.tif
6445438,1,0.0013,g13_00006_12.tif
6466917,5,0.263,g13_00006_12.tif
6466921,1,0.0385,g13_00006_12.tif
6625247,15,0.3642,g13_00006_12.tif
6645080,2,0.0732,g13_00006_12.tif
6733272,3,0.1884,g13_00006_12.tif
6733273,7,0.287,g13_00006_12.tif
6733275,2,0.1871,g13_00006_12.tif
6733747,2,0.146,g13_00006_12.tif
6733959,1,0.1111,g13_00006_12.tif
6802503,4,0.3156,g13_00006_12.tif
6803482,5,0.4198,g13_00006_12.tif
6879486,7,0.3482,g13_00006_12.tif
6916073,4,0.3231,g13_00006_12.tif
6987753,2,0.5636,g13_00006_12.tif
7049945,7,0.3965,g13_00006_12.tif
7049954,3,0.3473,g13_00006_12.tif
7049957,13,0.2494,g13_00006_12.tif
7049958,8,0.2907,g13_00006_12.tif
6115133,4,0.8313,g13_00006_13.tif
6115134,7,0.5876,g13_00006_13.tif
6115178,2,0.3934,g13_00006_13.tif
6115225,5,0.23,g13_00006_13.tif
6165385,3,0.0968,g13_00006_13.tif
6166271,1,0.0684,g13_00006_13.tif
6166272,4,0.5185,g13_00006_13.tif
6166273,1,0.0474,g13_00006_13.tif
6166275,9,0.3166,g13_00006_13.tif
6166279,2,0.1011,g13_00006_13.tif
6227446,4,0.4013,g13_00006_13.tif
6378684,1,0.5059,g13_00006_13.tif
6378686,2,0.3832,g13_00006_13.tif
6378689,3,0.7756,g13_00006_13.tif
6378690,4,0.4857,g13_00006_13.tif
6378692,2,0.0187,g13_00006_13.tif
6420102,10,0.2721,g13_00006_13.tif
6420112,2,0.0593,g13_00006_13.tif
6420113,1,0.2154,g13_00006_13.tif
6420114,2,0.2214,g13_00006_13.tif
6420115,3,0.439,g13_00006_13.tif
6420116,2,0.1061,g13_00006_13.tif
6443934,4,0.527,g13_00006_13.tif
6476900,7,0.6896,g13_00006_13.tif
6476901,4,0.5664,g13_00006_13.tif
6476908,3,0.6745,g13_00006_13.tif
6496620,3,0.6456,g13_00006_13.tif
6496622,9,0.2569,g13_00006_13.tif
6496623,4,0.7843,g13_00006_13.tif
6496626,3,0.3153,g13_00006_13.tif
6496631,1,0.1062,g13_00006_13.tif
6496632,3,0.1454,g13_00006_13.tif
6496741,5,0.1136,g13_00006_13.tif
6503716,1,0.1102,g13_00006_13.tif
6503722,7,0.3654,g13_00006_13.tif
6503723,2,0.1094,g13_00006_13.tif
6503725,1,0.3197,g13_00006_13.tif
6503726,7,0.5988,g13_00006_13.tif
6503729,1,0.1405,g13_00006_13.tif
6503910,7,0.8051,g13_00006_13.tif
6503913,6,0.4498,g13_00006_13.tif
6503966,3,0.0667,g13_00006_13.tif
6504062,5,0.7455,g13_00006_13.tif
6504063,7,0.3745,g13_00006_13.tif
6504064,2,0.1623,g13_00006_13.tif
6523596,3,0.5729,g13_00006_13.tif
6578410,4,0.7209,g13_00006_13.tif
6625271,4,0.746,g13_00006_13.tif
6668356,6,0.4957,g13_00006_13.tif
6715455,8,0.2473,g13_00006_13.tif
6715465,6,0.3373,g13_00006_13.tif
6888878,6,0.65,g13_00006_13.tif
6888881,2,0.0732,g13_00006_13.tif
6888882,2,0.5976,g13_00006_13.tif
6888883,4,0.4043,g13_00006_13.tif
6917369,3,0.4228,g13_00006_13.tif
6917377,4,0.7433,g13_00006_13.tif
6917383,3,0.0522,g13_00006_13.tif
6945577,3,0.5246,g13_00006_13.tif
6098813,2,0.1298,g13_00006_5.tif
6098814,2,0.1455,g13_00006_5.tif
6166701,5,0.7933,g13_00006_5.tif
6469566,2,0.0616,g13_00006_5.tif
6649668,2,0.1908,g13_00006_5.tif
6649670,2,0.1429,g13_00006_5.tif
6649671,2,0.3113,g13_00006_5.tif
6649672,5,0.2348,g13_00006_5.tif
6649673,3,0.3668,g13_00006_5.tif
6649818,3,0.1538,g13_00006_5.tif
6895511,4,0.4,g13_00006_5.tif
6895518,3,0.3889,g13_00006_5.tif
6899202,3,0.2263,g13_00006_5.tif
6899203,1,0.1206,g13_00006_5.tif
6899212,5,0.3125,g13_00006_5.tif
6899213,2,0.4516,g13_00006_5.tif
6098812,6,0.5071,g13_00006_6.tif
6098814,1,0.1071,g13_00006_6.tif
6098816,4,0.3621,g13_00006_6.tif
6537427,2,0.4304,g13_00006_6.tif
6338980,6,0.4982,g13_00006_7.tif
6446137,1,0.3605,g13_00006_7.tif
6793026,1,0.0247,g13_00006_7.tif
6793028,3,0.0997,g13_00006_7.tif
6793029,6,0.2449,g13_00006_7.tif
6793030,2,0.1071,g13_00006_7.tif
6793031,1,0.0633,g13_00006_7.tif
6801711,1,0.0479,g13_00006_7.tif
6801712,1,0.0444,g13_00006_7.tif
6102575,4,0.0769,g13_00016_0.tif
6220602,2,0.1932,g13_00016_0.tif
6243944,2,0.102,g13_00016_0.tif
6243948,7,0.2375,g13_00016_0.tif
6248570,2,0.3293,g13_00016_0.tif
6309752,2,0.1026,g13_00016_0.tif
6343333,5,0.1451,g13_00016_0.tif
6959166,9,0.2354,g13_00016_0.tif
6243948,3,0.0714,g13_00016_1.tif
6092968,3,0.2878,g13_00017_17.tif
6112021,2,0.314,g13_00017_17.tif
6164514,5,0.8336,g13_00017_17.tif
6168691,2,0.0973,g13_00017_17.tif
6168692,3,0.4855,g13_00017_17.tif
6168693,1,0.1339,g13_00017_17.tif
6168694,5,0.7639,g13_00017_17.tif
6193419,3,0.8556,g13_00017_17.tif
6239504,4,0.1616,g13_00017_17.tif
6239505,2,0.4012,g13_00017_17.tif
6239746,2,0.0255,g13_00017_17.tif
6241660,5,0.841,g13_00017_17.tif
6257963,4,0.4517,g13_00017_17.tif
6257967,4,0.1714,g13_00017_17.tif
6298597,5,0.1064,g13_00017_17.tif
6298647,2,0.0836,g13_00017_17.tif
6335164,4,0.1325,g13_00017_17.tif
6335165,1,0.2331,g13_00017_17.tif
6357855,2,0.814,g13_00017_17.tif
6357856,5,0.6477,g13_00017_17.tif
6357859,1,0.0706,g13_00017_17.tif
6368730,5,0.3428,g13_00017_17.tif
6373005,2,0.6335,g13_00017_17.tif
6373841,3,0.5775,g13_00017_17.tif
6373935,6,0.1318,g13_00017_17.tif
6373937,1,0.0515,g13_00017_17.tif
6373938,3,0.2933,g13_00017_17.tif
6373939,4,0.2656,g13_00017_17.tif
6410172,6,0.7479,g13_00017_17.tif
6469623,1,0.0459,g13_00017_17.tif
6469625,3,0.8333,g13_00017_17.tif
6469709,3,0.474,g13_00017_17.tif
6477163,3,0.0939,g13_00017_17.tif
6477164,4,0.6909,g13_00017_17.tif
6477167,3,0.7532,g13_00017_17.tif
6477168,1,0.2524,g13_00017_17.tif
6500731,2,0.0053,g13_00017_17.tif
6606604,2,0.0781,g13_00017_17.tif
6617028,3,0.8125,g13_00017_17.tif
6639520,8,0.8718,g13_00017_17.tif
6639522,4,0.7057,g13_00017_17.tif
6639523,6,0.5818,g13_00017_17.tif
6639526,10,0.7,g13_00017_17.tif
6639528,8,0.7878,g13_00017_17.tif
6639530,3,0.7242,g13_00017_17.tif
6639538,6,0.9414,g13_00017_17.tif
6639542,5,0.9178,g13_00017_17.tif
6639546,4,0.8548,g13_00017_17.tif
6639548,3,0.3455,g13_00017_17.tif
6639554,3,0.4383,g13_00017_17.tif
6639759,2,0.302,g13_00017_17.tif
6647091,5,0.3318,g13_00017_17.tif
6647092,4,0.3284,g13_00017_17.tif
6658340,5,0.8034,g13_00017_17.tif
6658343,4,0.8144,g13_00017_17.tif
6668555,17,0.2588,g13_00017_17.tif
6668562,1,0.2383,g13_00017_17.tif
6676156,2,0.1722,g13_00017_17.tif
6676158,7,0.8612,g13_00017_17.tif
6676159,7,0.7636,g13_00017_17.tif
6713230,5,0.8631,g13_00017_17.tif
6717412,7,0.4694,g13_00017_17.tif
6717413,1,0.2905,g13_00017_17.tif
6717423,7,0.3835,g13_00017_17.tif
6717424,2,0.1969,g13_00017_17.tif
6717427,3,0.8667,g13_00017_17.tif
6717437,5,0.7227,g13_00017_17.tif
6846301,3,0.3005,g13_00017_17.tif
6846303,5,0.7699,g13_00017_17.tif
6846341,2,0.7455,g13_00017_17.tif
6846357,1,0.0451,g13_00017_17.tif
6853088,8,0.8684,g13_00017_17.tif
6853106,1,0.1429,g13_00017_17.tif
6881114,5,0.6152,g13_00017_17.tif
6940227,5,0.6691,g13_00017_17.tif
6940228,6,0.8775,g13_00017_17.tif
6084205,3,0.4692,g13_00017_18.tif
6084321,3,0.7603,g13_00017_18.tif
6084429,2,0.0667,g13_00017_18.tif
6092954,5,0.4515,g13_00017_18.tif
6092968,3,0.2143,g13_00017_18.tif
6092971,5,0.3897,g13_00017_18.tif
6092977,2,0.1278,g13_00017_18.tif
6092979,5,0.463,g13_00017_18.tif
6108633,4,0.6431,g13_00017_18.tif
6109207,4,0.4737,g13_00017_18.tif
6109287,3,0.3276,g13_00017_18.tif
6109328,4,0.8189,g13_00017_18.tif
6109658,4,0.802,g13_00017_18.tif
6112017,4,0.8806,g13_00017_18.tif
6112019,2,0.0095,g13_00017_18.tif
6112020,2,0.0233,g13_00017_18.tif
6112022,4,0.2692,g13_00017_18.tif
6112905,5,0.8022,g13_00017_18.tif
6131465,7,0.877,g13_00017_18.tif
6131467,4,0.7125,g13_00017_18.tif
6146992,8,0.4925,g13_00017_18.tif
6146993,5,0.7483,g13_00017_18.tif
6151740,3,0.6382,g13_00017_18.tif
6151741,7,0.4555,g13_00017_18.tif
6151743,6,0.8166,g13_00017_18.tif
6151793,6,0.6288,g13_00017_18.tif
6164514,1,0.6897,g13_00017_18.tif
6164517,3,0.2162,g13_00017_18.tif
6168840,3,0.4183,g13_00017_18.tif
6168893,7,0.846,g13_00017_18.tif
6168940,4,0.2399,g13_00017_18.tif
6169057,3,0.1062,g13_00017_18.tif
6169713,3,0.8563,g13_00017_18.tif
6193417,2,0.1623,g13_00017_18.tif
6212727,2,0.0226,g13_00017_18.tif
6232871,4,0.4934,g13_00017_18.tif
6232876,2,0.2644,g13_00017_18.tif
6232954,5,0.6159,g13_00017_18.tif
6239505,2,0.379,g13_00017_18.tif
6239507,5,0.8364,g13_00017_18.tif
6239509,2,0.1863,g13_00017_18.tif
6239511,1,0.0426,g13_00017_18.tif
6239512,2,0.4966,g13_00017_18.tif
6239524,4,0.1185,g13_00017_18.tif
6239528,2,0.1738,g13_00017_18.tif
6239746,4,0.1083,g13_00017_18.tif
6297786,1,0.0653,g13_00017_18.tif
6297788,3,0.364,g13_00017_18.tif
6297790,5,0.399,g13_00017_18.tif
6297791,4,0.2597,g13_00017_18.tif
6297926,10,0.3291,g13_00017_18.tif
6298613,5,0.7946,g13_00017_18.tif
6298617,4,0.8853,g13_00017_18.tif
6298624,2,0.1197,g13_00017_18.tif
6309519,3,0.63,g13_00017_18.tif
6309520,5,0.2724,g13_00017_18.tif
6373003,3,0.0907,g13_00017_18.tif
6373005,3,0.7182,g13_00017_18.tif
6375580,1,0.2195,g13_00017_18.tif
6375581,3,0.3325,g13_00017_18.tif
6410172,2,0.0366,g13_00017_18.tif
6411008,4,0.6824,g13_00017_18.tif
6411743,7,0.7218,g13_00017_18.tif
6500714,9,0.7185,g13_00017_18.tif
6500724,5,0.7929,g13_00017_18.tif
6500731,5,0.85,g13_00017_18.tif
6500739,5,0.3291,g13_00017_18.tif
6606637,5,0.7648,g13_00017_18.tif
6606662,6,0.4634,g13_00017_18.tif
6606913,4,0.7235,g13_00017_18.tif
6615112,7,0.4281,g13_00017_18.tif
6622108,6,0.4939,g13_00017_18.tif
6630066,4,0.8496,g13_00017_18.tif
6639549,4,0.8125,g13_00017_18.tif
6645614,5,0.8743,g13_00017_18.tif
6704745,5,0.5013,g13_00017_18.tif
6704749,2,0.1098,g13_00017_18.tif
6712320,5,0.5967,g13_00017_18.tif
6713230,2,0.7927,g13_00017_18.tif
6713269,4,0.4599,g13_00017_18.tif
6713276,2,0.3478,g13_00017_18.tif
6713286,3,0.1183,g13_00017_18.tif
6714168,3,0.0661,g13_00017_18.tif
6717422,5,0.4205,g13_00017_18.tif
6717427,3,0.8182,g13_00017_18.tif
6717449,7,0.5371,g13_00017_18.tif
6717456,5,0.2988,g13_00017_18.tif
6717457,3,0.417,g13_00017_18.tif
6800797,6,0.8459,g13_00017_18.tif
6800800,2,0.0861,g13_00017_18.tif
6800801,1,0.0163,g13_00017_18.tif
6853092,7,0.818,g13_00017_18.tif
6853094,3,0.6071,g13_00017_18.tif
6853097,3,0.3492,g13_00017_18.tif
6853113,5,0.2305,g13_00017_18.tif
6862171,4,0.512,g13_00017_18.tif
6873507,2,0.6237,g13_00017_18.tif
6873509,4,0.1317,g13_00017_18.tif
6873510,3,0.1396,g13_00017_18.tif
6881114,6,0.6504,g13_00017_18.tif
6881124,6,0.74,g13_00017_18.tif
6944704,3,0.494,g13_00017_18.tif
6944766,6,0.8232,g13_00017_18.tif
6944796,2,0.1881,g13_00017_18.tif
6955933,6,0.8037,g13_00017_18.tif
6084416,6,0.4444,g13_00018_0.tif
6108638,6,0.4634,g13_00018_0.tif
6109333,5,0.8505,g13_00018_0.tif
6109654,2,0.6369,g13_00018_0.tif
6109656,5,0.4959,g13_00018_0.tif
6109658,2,0.3444,g13_00018_0.tif
6109660,2,0.7232,g13_00018_0.tif
6109661,4,0.6477,g13_00018_0.tif
6109663,3,0.1571,g13_00018_0.tif
6109720,3,0.0568,g13_00018_0.tif
6112020,2,0.4088,g13_00018_0.tif
6120345,1,0.0413,g13_00018_0.tif
6131462,7,0.7822,g13_00018_0.tif
6131465,2,0.8813,g13_00018_0.tif
6131472,3,0.6362,g13_00018_0.tif
6131477,5,0.6485,g13_00018_0.tif
6131479,2,0.102,g13_00018_0.tif
6139993,4,0.2868,g13_00018_0.tif
6139998,5,0.8826,g13_00018_0.tif
6140001,2,0.7563,g13_00018_0.tif
6140002,1,0.2544,g13_00018_0.tif
6140004,4,0.1178,g13_00018_0.tif
6168848,5,0.8389,g13_00018_0.tif
6226124,6,0.8223,g13_00018_0.tif
6250816,5,0.5862,g13_00018_0.tif
6279233,4,0.9085,g13_00018_0.tif
6279236,4,0.479,g13_00018_0.tif
6279360,2,0.6055,g13_00018_0.tif
6279379,2,0.0175,g13_00018_0.tif
6301286,7,0.7084,g13_00018_0.tif
6301290,4,0.1613,g13_00018_0.tif
6301291,3,0.4562,g13_00018_0.tif
6301293,5,0.3161,g13_00018_0.tif
6307194,4,0.7548,g13_00018_0.tif
6307196,4,0.8106,g13_00018_0.tif
6307199,4,0.2152,g13_00018_0.tif
6307200,1,0.2188,g13_00018_0.tif
6307325,1,0.2475,g13_00018_0.tif
6307857,8,0.8022,g13_00018_0.tif
6353375,3,0.4949,g13_00018_0.tif
6363218,6,0.5486,g13_00018_0.tif
6375580,3,0.5116,g13_00018_0.tif
6388885,6,0.762,g13_00018_0.tif
6388891,4,0.496,g13_00018_0.tif
6388898,2,0.1029,g13_00018_0.tif
6395747,6,0.7139,g13_00018_0.tif
6395752,3,0.4217,g13_00018_0.tif
6395805,1,0.0472,g13_00018_0.tif
6412497,3,0.3645,g13_00018_0.tif
6412501,3,0.419,g13_00018_0.tif
6412626,4,0.402,g13_00018_0.tif
6412632,4,0.2516,g13_00018_0.tif
6412633,7,0.3689,g13_00018_0.tif
6412733,1,0.1143,g13_00018_0.tif
6448923,3,0.3805,g13_00018_0.tif
6448926,3,0.0467,g13_00018_0.tif
6449043,6,0.4983,g13_00018_0.tif
6454973,3,0.4767,g13_00018_0.tif
6454974,3,0.2029,g13_00018_0.tif
6454976,4,0.4184,g13_00018_0.tif
6454977,2,0.8254,g13_00018_0.tif
6454982,4,0.496,g13_00018_0.tif
6455172,3,0.8302,g13_00018_0.tif
6500699,6,0.6036,g13_00018_0.tif
6500706,2,0.9467,g13_00018_0.tif
6500717,3,0.5283,g13_00018_0.tif
6500733,2,0.0793,g13_00018_0.tif
6500788,4,0.7368,g13_00018_0.tif
6500792,4,0.8,g13_00018_0.tif
6500795,3,0.4407,g13_00018_0.tif
6502777,3,0.0873,g13_00018_0.tif
6508732,7,0.4114,g13_00018_0.tif
6543027,3,0.2655,g13_00018_0.tif
6630066,1,0.0674,g13_00018_0.tif
6639563,4,0.858,g13_00018_0.tif
6645613,3,0.7754,g13_00018_0.tif
6645614,3,0.7885,g13_00018_0.tif
6645632,6,0.3574,g13_00018_0.tif
6645638,5,0.7877,g13_00018_0.tif
6694033,3,0.8812,g13_00018_0.tif
6704689,6,0.9482,g13_00018_0.tif
6704691,8,0.8967,g13_00018_0.tif
6704731,5,0.7229,g13_00018_0.tif
6704734,5,0.707,g13_00018_0.tif
6704737,5,0.8072,g13_00018_0.tif
6704741,4,0.5536,g13_00018_0.tif
6712308,2,0.0321,g13_00018_0.tif
6712320,2,0.7561,g13_00018_0.tif
6713224,5,0.5426,g13_00018_0.tif
6713227,2,0.0504,g13_00018_0.tif
6713262,3,0.7554,g13_00018_0.tif
6713273,5,0.3395,g13_00018_0.tif
6713276,3,0.4163,g13_00018_0.tif
6713279,3,0.5562,g13_00018_0.tif
6713282,4,0.5146,g13_00018_0.tif
6713283,2,0.0995,g13_00018_0.tif
6718684,2,0.6579,g13_00018_0.tif
6748707,4,0.4948,g13_00018_0.tif
6789601,3,0.7588,g13_00018_0.tif
6789605,6,0.7023,g13_00018_0.tif
6853094,3,0.8911,g13_00018_0.tif
6853114,7,0.5,g13_00018_0.tif
6859845,6,0.6556,g13_00018_0.tif
6862171,9,0.545,g13_00018_0.tif
6944702,4,0.8865,g13_00018_0.tif
6944703,3,0.7196,g13_00018_0.tif
7008078,10,0.6807,g13_00018_0.tif
7047230,4,0.75,g13_00018_0.tif
6220597,9,0.4204,g13_00018_12.tif
6245714,5,0.1743,g13_00018_12.tif
6245715,2,0.0832,g13_00018_12.tif
6309755,1,0.1009,g13_00018_12.tif
6959166,1,0.2264,g13_00018_12.tif
6109665,4,0.1392,g13_00020_10.tif
6112021,3,0.6667,g13_00020_10.tif
6130378,5,0.4483,g13_00020_10.tif
6130379,6,0.2617,g13_00020_10.tif
6143655,3,0.3018,g13_00020_10.tif
6143656,1,0.1084,g13_00020_10.tif
6144827,3,0.4902,g13_00020_10.tif
6144829,4,0.7918,g13_00020_10.tif
6144833,4,0.7481,g13_00020_10.tif
6144835,5,0.5839,g13_00020_10.tif
6144850,2,0.2857,g13_00020_10.tif
6146988,2,0.0327,g13_00020_10.tif
6146989,1,0.0332,g13_00020_10.tif
6146994,5,0.2414,g13_00020_10.tif
6207621,3,0.7297,g13_00020_10.tif
6207622,2,0.2011,g13_00020_10.tif
6212691,5,0.4789,g13_00020_10.tif
6212694,3,0.0745,g13_00020_10.tif
6212695,3,0.3864,g13_00020_10.tif
6213421,7,0.599,g13_00020_10.tif
6213467,4,0.4871,g13_00020_10.tif
6213494,6,0.3019,g13_00020_10.tif
6217968,2,0.2397,g13_00020_10.tif
6226111,3,0.5045,g13_00020_10.tif
6226114,2,0.2242,g13_00020_10.tif
6226115,4,0.8361,g13_00020_10.tif
6226117,2,0.0208,g13_00020_10.tif
6226120,3,0.4444,g13_00020_10.tif
6226121,5,0.1105,g13_00020_10.tif
6226251,3,0.6142,g13_00020_10.tif
6226252,1,0.0168,g13_00020_10.tif
6239519,1,0.17,g13_00020_10.tif
6239520,4,0.2381,g13_00020_10.tif
6239521,4,0.4319,g13_00020_10.tif
6301008,4,0.4235,g13_00020_10.tif
6301012,4,0.4,g13_00020_10.tif
6307203,1,0.1345,g13_00020_10.tif
6357856,2,0.051,g13_00020_10.tif
6357861,3,0.5283,g13_00020_10.tif
6398484,3,0.6074,g13_00020_10.tif
6398485,4,0.6759,g13_00020_10.tif
6398487,1,0.0948,g13_00020_10.tif
6411748,3,0.2568,g13_00020_10.tif
6411749,1,0.2376,g13_00020_10.tif
6477162,3,0.0681,g13_00020_10.tif
6477163,2,0.0582,g13_00020_10.tif
6477164,3,0.7761,g13_00020_10.tif
6477167,3,0.0135,g13_00020_10.tif
6477168,3,0.403,g13_00020_10.tif
6477169,3,0.2712,g13_00020_10.tif
6500735,1,0.2025,g13_00020_10.tif
6590947,2,0.1726,g13_00020_10.tif
6602108,6,0.723,g13_00020_10.tif
6602132,5,0.4529,g13_00020_10.tif
6602142,6,0.5874,g13_00020_10.tif
6602153,5,0.4586,g13_00020_10.tif
6602220,7,0.8431,g13_00020_10.tif
6615093,6,0.3873,g13_00020_10.tif
6615107,3,0.5597,g13_00020_10.tif
6615108,4,0.4238,g13_00020_10.tif
6615115,3,0.239,g13_00020_10.tif
6625512,3,0.3417,g13_00020_10.tif
6656369,4,0.4773,g13_00020_10.tif
6656378,4,0.5403,g13_00020_10.tif
6658338,2,0.1706,g13_00020_10.tif
6685838,1,0.2162,g13_00020_10.tif
6685840,2,0.0969,g13_00020_10.tif
6704705,7,0.6419,g13_00020_10.tif
6704707,7,0.829,g13_00020_10.tif
6704709,4,0.0363,g13_00020_10.tif
6704711,3,0.1368,g13_00020_10.tif
6713287,3,0.265,g13_00020_10.tif
6800802,2,0.2803,g13_00020_10.tif
6800804,1,0.1221,g13_00020_10.tif
6833229,9,0.3193,g13_00020_10.tif
6833236,2,0.3293,g13_00020_10.tif
6833689,9,0.3473,g13_00020_10.tif
6869043,5,0.7419,g13_00020_10.tif
6881120,1,0.5308,g13_00020_10.tif
6940235,3,0.7073,g13_00020_10.tif
6955930,8,0.8628,g13_00020_10.tif
6955936,2,0.1905,g13_00020_10.tif
6955955,5,0.586,g13_00020_10.tif
6955968,4,0.622,g13_00020_10.tif
6955971,3,0.3022,g13_00020_10.tif
6955972,5,0.3694,g13_00020_10.tif
6955974,1,0.1515,g13_00020_10.tif
6955976,9,0.3596,g13_00020_10.tif
6091534,3,0.4952,g13_00020_11.tif
6091535,9,0.3417,g13_00020_11.tif
6091536,2,0.0711,g13_00020_11.tif
6091537,5,0.8127,g13_00020_11.tif
6112021,1,0.0044,g13_00020_11.tif
6125325,1,0.0769,g13_00020_11.tif
6125326,6,0.7175,g13_00020_11.tif
6125328,2,0.0357,g13_00020_11.tif
6149356,3,0.261,g13_00020_11.tif
6194780,5,0.4492,g13_00020_11.tif
6194781,3,0.1169,g13_00020_11.tif
6202551,2,0.2248,g13_00020_11.tif
6202552,3,0.0805,g13_00020_11.tif
6202553,1,0.1152,g13_00020_11.tif
6212710,5,0.4494,g13_00020_11.tif
6212713,8,0.5722,g13_00020_11.tif
6212719,6,0.6951,g13_00020_11.tif
6212724,4,0.5333,g13_00020_11.tif
6212725,4,0.645,g13_00020_11.tif
6212727,12,0.313,g13_00020_11.tif
6226115,5,0.7415,g13_00020_11.tif
6226118,3,0.6366,g13_00020_11.tif
6226120,5,0.7931,g13_00020_11.tif
6226356,5,0.6,g13_00020_11.tif
6226406,3,0.1253,g13_00020_11.tif
6250828,2,0.2609,g13_00020_11.tif
6250829,1,0.0703,g13_00020_11.tif
6304000,4,0.5561,g13_00020_11.tif
6304001,3,0.6442,g13_00020_11.tif
6304731,3,0.5113,g13_00020_11.tif
6304733,5,0.1764,g13_00020_11.tif
6304739,6,0.6649,g13_00020_11.tif
6304808,1,0.0122,g13_00020_11.tif
6366435,2,0.5742,g13_00020_11.tif
6366436,2,0.0949,g13_00020_11.tif
6366437,9,0.2634,g13_00020_11.tif
6366438,6,0.8034,g13_00020_11.tif
6399301,2,0.0921,g13_00020_11.tif
6399302,4,0.3087,g13_00020_11.tif
6399305,3,0.2564,g13_00020_11.tif
6399482,3,0.1505,g13_00020_11.tif
6475324,6,0.76,g13_00020_11.tif
6500740,5,0.7826,g13_00020_11.tif
6577590,3,0.0899,g13_00020_11.tif
6577591,5,0.2598,g13_00020_11.tif
6577593,2,0.0607,g13_00020_11.tif
6599037,2,0.6739,g13_00020_11.tif
6602195,5,0.6754,g13_00020_11.tif
6615084,12,0.5072,g13_00020_11.tif
6615093,8,0.2842,g13_00020_11.tif
6615099,8,0.5229,g13_00020_11.tif
6615102,3,0.1698,g13_00020_11.tif
6615103,6,0.5065,g13_00020_11.tif
6676886,3,0.7549,g13_00020_11.tif
6685843,4,0.3908,g13_00020_11.tif
6686730,6,0.4006,g13_00020_11.tif
6693590,8,0.8242,g13_00020_11.tif
6700486,4,0.7278,g13_00020_11.tif
6741679,2,0.0893,g13_00020_11.tif
6748714,2,0.8428,g13_00020_11.tif
6800015,2,0.1655,g13_00020_11.tif
6800018,2,0.2267,g13_00020_11.tif
6800027,4,0.1013,g13_00020_11.tif
6955936,8,0.2825,g13_00020_11.tif
6955948,8,0.4642,g13_00020_11.tif
6955953,6,0.7886,g13_00020_11.tif
6955965,7,0.4228,g13_00020_11.tif
6955967,1,0.3524,g13_00020_11.tif
6091665,4,0.7994,g13_00020_12.tif
6120344,4,0.8191,g13_00020_12.tif
6120345,2,0.2254,g13_00020_12.tif
6120347,4,0.1116,g13_00020_12.tif
6120348,2,0.0667,g13_00020_12.tif
6120349,4,0.2159,g13_00020_12.tif
6131482,1,0.2435,g13_00020_12.tif
6131483,2,0.2683,g13_00020_12.tif
6131488,3,0.132,g13_00020_12.tif
6140287,2,0.2083,g13_00020_12.tif
6140289,6,0.6695,g13_00020_12.tif
6140342,4,0.5237,g13_00020_12.tif
6144834,4,0.5851,g13_00020_12.tif
6149353,4,0.6611,g13_00020_12.tif
6149355,4,0.7821,g13_00020_12.tif
6190872,2,0.2415,g13_00020_12.tif
6207600,5,0.4277,g13_00020_12.tif
6207601,1,0.0275,g13_00020_12.tif
6207602,5,0.7179,g13_00020_12.tif
6207620,5,0.7548,g13_00020_12.tif
6207654,1,0.1333,g13_00020_12.tif
6211399,9,0.4742,g13_00020_12.tif
6254402,4,0.6414,g13_00020_12.tif
6254403,5,0.1229,g13_00020_12.tif
6254404,3,0.245,g13_00020_12.tif
6254405,1,0.0357,g13_00020_12.tif
6254406,2,0.1986,g13_00020_12.tif
6254407,2,0.0387,g13_00020_12.tif
6254412,1,0.1842,g13_00020_12.tif
6254629,2,0.057,g13_00020_12.tif
6254648,3,0.0909,g13_00020_12.tif
6279236,2,0.6,g13_00020_12.tif
6279239,4,0.1146,g13_00020_12.tif
6280192,3,0.0532,g13_00020_12.tif
6280251,3,0.0397,g13_00020_12.tif
6284505,5,0.8759,g13_00020_12.tif
6284506,3,0.4225,g13_00020_12.tif
6284507,4,0.7529,g13_00020_12.tif
6302989,4,0.7179,g13_00020_12.tif
6302990,5,0.5741,g13_00020_12.tif
6302991,4,0.7703,g13_00020_12.tif
6302994,4,0.1642,g13_00020_12.tif
6302998,2,0.0342,g13_00020_12.tif
6302999,2,0.1896,g13_00020_12.tif
6303000,3,0.371,g13_00020_12.tif
6303059,2,0.1552,g13_00020_12.tif
6303084,1,0.0365,g13_00020_12.tif
6312254,7,0.3098,g13_00020_12.tif
6312257,5,0.6279,g13_00020_12.tif
6312260,4,0.1563,g13_00020_12.tif
6312261,3,0.7273,g13_00020_12.tif
6312262,4,0.3909,g13_00020_12.tif
6312263,4,0.0842,g13_00020_12.tif
6312264,3,0.223,g13_00020_12.tif
6312265,2,0.3793,g13_00020_12.tif
6312266,3,0.494,g13_00020_12.tif
6312267,3,0.3824,g13_00020_12.tif
6347966,3,0.2277,g13_00020_12.tif
6347969,3,0.2433,g13_00020_12.tif
6347971,3,0.3315,g13_00020_12.tif
6347976,3,0.5127,g13_00020_12.tif
6348037,4,0.1529,g13_00020_12.tif
6353369,2,0.2,g13_00020_12.tif
6353373,3,0.6396,g13_00020_12.tif
6353374,3,0.431,g13_00020_12.tif
6366439,3,0.5526,g13_00020_12.tif
6366443,1,0.1961,g13_00020_12.tif
6366444,1,0.0811,g13_00020_12.tif
6366447,4,0.1217,g13_00020_12.tif
6369143,2,0.1713,g13_00020_12.tif
6405375,9,0.4836,g13_00020_12.tif
6405382,4,0.5759,g13_00020_12.tif
6405383,4,0.0993,g13_00020_12.tif
6405384,3,0.3936,g13_00020_12.tif
6410196,7,0.7346,g13_00020_12.tif
6410205,5,0.2315,g13_00020_12.tif
6410207,2,0.0511,g13_00020_12.tif
6410208,2,0.2239,g13_00020_12.tif
6474341,5,0.8569,g13_00020_12.tif
6474344,4,0.2493,g13_00020_12.tif
6474345,2,0.0044,g13_00020_12.tif
6474350,3,0.3994,g13_00020_12.tif
6486267,6,0.5914,g13_00020_12.tif
6500726,1,0.1678,g13_00020_12.tif
6500728,4,0.7532,g13_00020_12.tif
6500733,5,0.7348,g13_00020_12.tif
6500736,1,0.0552,g13_00020_12.tif
6500740,2,0.6265,g13_00020_12.tif
6500788,3,0.0783,g13_00020_12.tif
6500792,1,0.0236,g13_00020_12.tif
6501079,1,0.5205,g13_00020_12.tif
6501103,3,0.4472,g13_00020_12.tif
6501575,1,0.0121,g13_00020_12.tif
6577595,3,0.0975,g13_00020_12.tif
6584508,4,0.2618,g13_00020_12.tif
6590936,1,0.0545,g13_00020_12.tif
6590943,3,0.0776,g13_00020_12.tif
6590944,1,0.0562,g13_00020_12.tif
6590945,4,0.8516,g13_00020_12.tif
6590946,3,0.4507,g13_00020_12.tif
6599036,8,0.8058,g13_00020_12.tif
6599041,3,0.1037,g13_00020_12.tif
6599058,2,0.1296,g13_00020_12.tif
6600369,2,0.2245,g13_00020_12.tif
6600373,6,0.7237,g13_00020_12.tif
6600377,6,0.6857,g13_00020_12.tif
6611143,7,0.7539,g13_00020_12.tif
6620971,5,0.5799,g13_00020_12.tif
6645631,3,0.7842,g13_00020_12.tif
6685826,2,0.2627,g13_00020_12.tif
6686744,2,0.4673,g13_00020_12.tif
6686755,2,0.3668,g13_00020_12.tif
6700486,3,0.2881,g13_00020_12.tif
6700488,2,0.1476,g13_00020_12.tif
6700492,5,0.8538,g13_00020_12.tif
6704739,5,0.7922,g13_00020_12.tif
6704740,3,0.1334,g13_00020_12.tif
6712308,13,0.5484,g13_00020_12.tif
6741681,4,0.6649,g13_00020_12.tif
6741686,2,0.1321,g13_00020_12.tif
6744783,4,0.7002,g13_00020_12.tif
6748705,3,0.7626,g13_00020_12.tif
6748709,4,0.5172,g13_00020_12.tif
6748711,1,0.3403,g13_00020_12.tif
6748712,4,0.3471,g13_00020_12.tif
6748714,3,0.8278,g13_00020_12.tif
6748715,2,0.1069,g13_00020_12.tif
6748716,4,0.4888,g13_00020_12.tif
6748927,2,0.115,g13_00020_12.tif
6867825,5,0.6541,g13_00020_12.tif
6867827,6,0.6598,g13_00020_12.tif
6873475,2,0.7778,g13_00020_12.tif
6873483,3,0.4459,g13_00020_12.tif
6873487,2,0.3591,g13_00020_12.tif
6873505,9,0.4013,g13_00020_12.tif
6873506,4,0.7568,g13_00020_12.tif
6881235,5,0.2418,g13_00020_12.tif
6955927,6,0.496,g13_00020_12.tif
7047216,4,0.689,g13_00020_12.tif
7047230,3,0.6691,g13_00020_12.tif
7047234,2,0.1827,g13_00020_12.tif
6176617,2,0.1517,g13_00023_3.tif
6176621,2,0.2111,g13_00023_3.tif
6176622,1,0.1241,g13_00023_3.tif
6180101,2,0.1773,g13_00023_3.tif
6180102,5,0.3765,g13_00023_3.tif
6180437,4,0.5826,g13_00023_3.tif
6180488,3,0.0807,g13_00023_3.tif
6192938,3,0.0214,g13_00023_3.tif
6192941,4,0.6972,g13_00023_3.tif
6192943,4,0.105,g13_00023_3.tif
6194717,5,0.7871,g13_00023_3.tif
6194718,9,0.3492,g13_00023_3.tif
6194719,3,0.3952,g13_00023_3.tif
6194721,7,0.4545,g13_00023_3.tif
6194722,5,0.6176,g13_00023_3.tif
6194724,1,0.0541,g13_00023_3.tif
6194725,4,0.8033,g13_00023_3.tif
6194761,3,0.0526,g13_00023_3.tif
6195192,4,0.8086,g13_00023_3.tif
6195193,5,0.8259,g13_00023_3.tif
6195197,5,0.4577,g13_00023_3.tif
6195200,4,0.1594,g13_00023_3.tif
6210159,2,0.4587,g13_00023_3.tif
6210160,1,0.0566,g13_00023_3.tif
6214751,3,0.4139,g13_00023_3.tif
6214753,3,0.0755,g13_00023_3.tif
6250570,5,0.7036,g13_00023_3.tif
6250571,2,0.4694,g13_00023_3.tif
6250573,1,0.1644,g13_00023_3.tif
6250575,3,0.3034,g13_00023_3.tif
6250576,1,0.0756,g13_00023_3.tif
6283647,6,0.815,g13_00023_3.tif
6283648,3,0.1377,g13_00023_3.tif
6283651,2,0.0816,g13_00023_3.tif
6283689,5,0.6425,g13_00023_3.tif
6283691,3,0.5072,g13_00023_3.tif
6283704,6,0.4241,g13_00023_3.tif
6288707,1,0.3258,g13_00023_3.tif
6288708,4,0.4273,g13_00023_3.tif
6292192,2,0.1613,g13_00023_3.tif
6292193,6,0.0854,g13_00023_3.tif
6292195,2,0.4921,g13_00023_3.tif
6292196,3,0.2768,g13_00023_3.tif
6292333,2,0.2814,g13_00023_3.tif
6292391,3,0.2738,g13_00023_3.tif
6315005,2,0.0169,g13_00023_3.tif
6315006,1,0.1295,g13_00023_3.tif
6341204,10,0.5165,g13_00023_3.tif
6341205,7,0.4544,g13_00023_3.tif
6341208,6,0.4776,g13_00023_3.tif
6341209,5,0.6,g13_00023_3.tif
6341210,3,0.3973,g13_00023_3.tif
6359704,1,0.0424,g13_00023_3.tif
6359705,6,0.8187,g13_00023_3.tif
6359706,2,0.3462,g13_00023_3.tif
6359707,4,0.473,g13_00023_3.tif
6359773,4,0.6069,g13_00023_3.tif
6389679,4,0.5329,g13_00023_3.tif
6389680,2,0.6966,g13_00023_3.tif
6392298,2,0.1398,g13_00023_3.tif
6392299,3,0.2055,g13_00023_3.tif
6408866,5,0.9145,g13_00023_3.tif
6456338,2,0.0978,g13_00023_3.tif
6508736,2,0.7278,g13_00023_3.tif
6595950,3,0.7686,g13_00023_3.tif
6599040,1,0.4945,g13_00023_3.tif
6602220,3,0.068,g13_00023_3.tif
6602240,6,0.5816,g13_00023_3.tif
6602242,4,0.6689,g13_00023_3.tif
6686766,5,0.5109,g13_00023_3.tif
6745274,2,0.4649,g13_00023_3.tif
6751102,4,0.7647,g13_00023_3.tif
6859853,6,0.7734,g13_00023_3.tif
6859859,4,0.4045,g13_00023_3.tif
6859871,3,0.2803,g13_00023_3.tif
6859873,5,0.5276,g13_00023_3.tif
6912356,5,0.6191,g13_00023_3.tif
7051287,2,0.6,g13_00023_3.tif
7051290,6,0.7211,g13_00023_3.tif
6140005,2,0.2086,g13_00023_4.tif
6140007,2,0.0853,g13_00023_4.tif
6173757,2,0.1436,g13_00023_4.tif
6173763,2,0.0525,g13_00023_4.tif
6173972,1,0.0424,g13_00023_4.tif
6178970,1,0.3184,g13_00023_4.tif
6180099,2,0.3582,g13_00023_4.tif
6210159,3,0.2078,g13_00023_4.tif
6210160,1,0.0541,g13_00023_4.tif
6212184,9,0.5102,g13_00023_4.tif
6238591,5,0.685,g13_00023_4.tif
6238594,3,0.637,g13_00023_4.tif
6238596,3,0.5072,g13_00023_4.tif
6238597,2,0.1512,g13_00023_4.tif
6254408,1,0.0504,g13_00023_4.tif
6254409,4,0.3476,g13_00023_4.tif
6257204,2,0.1127,g13_00023_4.tif
6257205,4,0.5437,g13_00023_4.tif
6257207,6,0.6677,g13_00023_4.tif
6257208,5,0.7193,g13_00023_4.tif
6259769,2,0.0215,g13_00023_4.tif
6259770,2,0.0748,g13_00023_4.tif
6259778,2,0.0576,g13_00023_4.tif
6280193,3,0.2321,g13_00023_4.tif
6280194,2,0.0575,g13_00023_4.tif
6302987,3,0.8912,g13_00023_4.tif
6302995,2,0.1103,g13_00023_4.tif
6338983,3,0.5103,g13_00023_4.tif
6345687,2,0.2963,g13_00023_4.tif
6345688,1,0.1429,g13_00023_4.tif
6371419,1,0.7969,g13_00023_4.tif
6371422,5,0.5089,g13_00023_4.tif
6391496,4,0.2705,g13_00023_4.tif
6391497,8,0.2986,g13_00023_4.tif
6391498,2,0.2941,g13_00023_4.tif
6391501,4,0.6667,g13_00023_4.tif
6395062,9,0.7137,g13_00023_4.tif
6395065,2,0.1533,g13_00023_4.tif
6395066,2,0.1165,g13_00023_4.tif
6395068,3,0.36,g13_00023_4.tif
6395069,2,0.2748,g13_00023_4.tif
6395071,5,0.6014,g13_00023_4.tif
6395072,7,0.6667,g13_00023_4.tif
6395697,3,0.314,g13_00023_4.tif
6395701,3,0.435,g13_00023_4.tif
6395704,3,0.2876,g13_00023_4.tif
6395783,3,0.4466,g13_00023_4.tif
6399566,3,0.3198,g13_00023_4.tif
6399567,4,0.3007,g13_00023_4.tif
6399576,4,0.051,g13_00023_4.tif
6399660,1,0.014,g13_00023_4.tif
6399775,4,0.1357,g13_00023_4.tif
6411564,4,0.4114,g13_00023_4.tif
6411567,4,0.4737,g13_00023_4.tif
6411569,5,0.5354,g13_00023_4.tif
6411570,4,0.4403,g13_00023_4.tif
6456338,2,0.1372,g13_00023_4.tif
6577594,3,0.5936,g13_00023_4.tif
6584506,4,0.2582,g13_00023_4.tif
6599040,1,0.5179,g13_00023_4.tif
6602068,8,0.7942,g13_00023_4.tif
6602210,4,0.6746,g13_00023_4.tif
6605610,1,0.3944,g13_00023_4.tif
6671275,3,0.332,g13_00023_4.tif
6676877,1,0.3162,g13_00023_4.tif
6676905,2,0.6027,g13_00023_4.tif
6684241,5,0.6075,g13_00023_4.tif
6684242,3,0.6067,g13_00023_4.tif
6686730,2,0.4585,g13_00023_4.tif
6686733,7,0.7987,g13_00023_4.tif
6686735,6,0.6679,g13_00023_4.tif
6686740,5,0.6707,g13_00023_4.tif
6686747,2,0.0449,g13_00023_4.tif
6686749,6,0.4078,g13_00023_4.tif
6686753,7,0.8196,g13_00023_4.tif
6686758,1,0.0331,g13_00023_4.tif
6686777,3,0.4982,g13_00023_4.tif
6686778,4,0.7292,g13_00023_4.tif
6693596,2,0.7956,g13_00023_4.tif
6693599,2,0.5161,g13_00023_4.tif
6718697,1,0.4495,g13_00023_4.tif
6718701,2,0.0608,g13_00023_4.tif
6718702,3,0.1523,g13_00023_4.tif
6718711,2,0.2041,g13_00023_4.tif
6718718,3,0.0854,g13_00023_4.tif
6738717,3,0.71,g13_00023_4.tif
6738730,5,0.68,g13_00023_4.tif
6741682,4,0.1656,g13_00023_4.tif
6744786,9,0.5121,g13_00023_4.tif
6751102,3,0.7143,g13_00023_4.tif
6873504,1,0.0762,g13_00023_4.tif
6881129,4,0.6234,g13_00023_4.tif
6947332,3,0.7564,g13_00023_4.tif
7077940,4,0.2119,g13_00023_4.tif
7077946,3,0.0861,g13_00023_4.tif
6116416,1,0.1763,g13_00023_5.tif
6125329,2,0.0172,g13_00023_5.tif
6125330,3,0.1843,g13_00023_5.tif
6131440,4,0.5781,g13_00023_5.tif
6131443,3,0.6851,g13_00023_5.tif
6178961,5,0.4909,g13_00023_5.tif
6178970,3,0.6639,g13_00023_5.tif
6179104,5,0.7967,g13_00023_5.tif
6207600,6,0.4851,g13_00023_5.tif
6207602,4,0.7319,g13_00023_5.tif
6207654,1,0.106,g13_00023_5.tif
6211404,3,0.6093,g13_00023_5.tif
6211405,3,0.2,g13_00023_5.tif
6211407,6,0.6879,g13_00023_5.tif
6211409,3,0.2816,g13_00023_5.tif
6211411,2,0.2977,g13_00023_5.tif
6259219,2,0.4381,g13_00023_5.tif
6259221,6,0.8847,g13_00023_5.tif
6259223,2,0.2547,g13_00023_5.tif
6259224,4,0.2444,g13_00023_5.tif
6259762,4,0.4499,g13_00023_5.tif
6259778,4,0.3563,g13_00023_5.tif
6259779,5,0.635,g13_00023_5.tif
6259780,3,0.8389,g13_00023_5.tif
6259783,5,0.891,g13_00023_5.tif
6259785,3,0.7069,g13_00023_5.tif
6259787,3,0.2073,g13_00023_5.tif
6259876,2,0.0635,g13_00023_5.tif
6318753,3,0.6741,g13_00023_5.tif
6323636,3,0.6849,g13_00023_5.tif
6323637,3,0.2566,g13_00023_5.tif
6338981,2,0.4477,g13_00023_5.tif
6338982,3,0.1096,g13_00023_5.tif
6338984,3,0.6042,g13_00023_5.tif
6347965,6,0.4687,g13_00023_5.tif
6351936,2,0.2331,g13_00023_5.tif
6351948,3,0.4327,g13_00023_5.tif
6371419,3,0.6279,g13_00023_5.tif
6375576,9,0.6614,g13_00023_5.tif
6375583,2,0.2315,g13_00023_5.tif
6375584,1,0.2234,g13_00023_5.tif
6375585,3,0.4764,g13_00023_5.tif
6389673,8,0.389,g13_00023_5.tif
6484412,5,0.5357,g13_00023_5.tif
6577594,2,0.1335,g13_00023_5.tif
6657943,2,0.0519,g13_00023_5.tif
6676861,3,0.6959,g13_00023_5.tif
6676873,5,0.7854,g13_00023_5.tif
6676877,8,0.2793,g13_00023_5.tif
6676881,6,0.3236,g13_00023_5.tif
6676902,6,0.4476,g13_00023_5.tif
6676904,4,0.8333,g13_00023_5.tif
6676905,5,0.7301,g13_00023_5.tif
6676906,4,0.4382,g13_00023_5.tif
6686701,2,0.0687,g13_00023_5.tif
6686705,8,0.325,g13_00023_5.tif
6686716,6,0.7206,g13_00023_5.tif
6686726,6,0.6633,g13_00023_5.tif
6686727,8,0.3403,g13_00023_5.tif
6686740,2,0.024,g13_00023_5.tif
6686747,4,0.5495,g13_00023_5.tif
6686758,3,0.466,g13_00023_5.tif
6686760,3,0.5498,g13_00023_5.tif
6686762,5,0.2132,g13_00023_5.tif
6686775,4,0.4372,g13_00023_5.tif
6686837,11,0.3182,g13_00023_5.tif
6686876,8,0.3186,g13_00023_5.tif
6712317,7,0.6481,g13_00023_5.tif
6712325,3,0.5968,g13_00023_5.tif
6712638,7,0.8061,g13_00023_5.tif
6717435,6,0.7418,g13_00023_5.tif
6718711,2,0.3921,g13_00023_5.tif
6744778,3,0.5747,g13_00023_5.tif
6873466,4,0.8551,g13_00023_5.tif
6873508,5,0.4394,g13_00023_5.tif
6876739,1,0.1095,g13_00023_5.tif
6876740,2,0.3491,g13_00023_5.tif
6947279,10,0.6972,g13_00023_5.tif
6947352,3,0.3843,g13_00023_5.tif
6947412,3,0.5402,g13_00023_5.tif
6593532,1,0.0571,g13_00026_17.tif
6593730,2,0.0519,g13_00026_17.tif
6177380,3,0.1143,g13_00026_18.tif
6177382,1,0.066,g13_00026_18.tif
6230989,1,0.0915,g13_00026_18.tif
6230991,2,0.7447,g13_00026_18.tif
6396910,2,0.2462,g13_00026_18.tif
6483481,2,0.051,g13_00026_18.tif
6593537,3,0.1702,g13_00026_18.tif
6253290,4,0.4658,g13_00029_10.tif
6261267,3,0.3565,g13_00029_10.tif
6854894,4,0.3178,g13_00029_10.tif
6170105,2,0.3724,g13_00029_11.tif
6170106,3,0.1128,g13_00029_11.tif
6170107,2,0.561,g13_00029_11.tif
6172162,5,0.5532,g13_00029_11.tif
6172163,1,0.0293,g13_00029_11.tif
6177382,1,0.0501,g13_00029_11.tif
6243140,1,0.1557,g13_00029_11.tif
6396905,6,0.1617,g13_00029_11.tif
6396906,5,0.5405,g13_00029_11.tif
6396907,3,0.3194,g13_00029_11.tif
6396910,1,0.0641,g13_00029_11.tif
6396985,2,0.4167,g13_00029_11.tif
6489830,3,0.5588,g13_00029_11.tif
6139440,1,0.0131,g13_00031_14.tif
6139441,1,0.0366,g13_00031_14.tif
6522422,6,0.1571,g13_00031_14.tif
6522423,3,0.0556,g13_00031_14.tif
6522433,2,0.1895,g13_00031_14.tif
6834016,2,0.1594,g13_00031_14.tif
6834210,1,0.0345,g13_00031_14.tif
6611149,2,0.7407,g13_00032_5.tif
6685069,3,0.3941,g13_00032_5.tif
6787546,2,0.087,g13_00032_5.tif
6231450,7,0.3209,g13_00032_6.tif
6231451,3,0.5936,g13_00032_6.tif
6237426,4,0.6618,g13_00032_6.tif
6289716,2,0.0783,g13_00032_6.tif
6685069,4,0.4398,g13_00032_6.tif
6685636,2,0.3448,g13_00032_6.tif
6204997,4,0.1439,g13_00032_7.tif
6204998,1,0.007,g13_00032_7.tif
6205000,4,0.3333,g13_00032_7.tif
6234310,5,0.4625,g13_00032_7.tif
6235734,2,0.2697,g13_00032_7.tif
6235743,4,0.1946,g13_00032_7.tif
6240851,1,0.0375,g13_00032_7.tif
6276548,3,0.0667,g13_00032_7.tif
6418828,2,0.0207,g13_00032_7.tif
6442954,4,0.175,g13_00032_7.tif
6442961,2,0.0777,g13_00032_7.tif
6157871,5,0.2982,g13_00033_1.tif
6200452,3,0.7791,g13_00033_1.tif
6200455,7,0.4036,g13_00033_1.tif
6284038,6,0.6902,g13_00033_1.tif
6284041,3,0.4433,g13_00033_1.tif
6284042,3,0.0723,g13_00033_1.tif
6284165,3,0.3788,g13_00033_1.tif
6290736,5,0.8829,g13_00033_1.tif
6290738,6,0.9053,g13_00033_1.tif
6290743,2,0.4886,g13_00033_1.tif
6290750,2,0.3394,g13_00033_1.tif
6290752,2,0.0638,g13_00033_1.tif
6290753,4,0.4619,g13_00033_1.tif
6290755,1,0.2147,g13_00033_1.tif
6290756,3,0.3902,g13_00033_1.tif
6290766,2,0.1543,g13_00033_1.tif
6290779,4,0.8178,g13_00033_1.tif
6290781,1,0.2177,g13_00033_1.tif
6434904,9,0.2352,g13_00033_1.tif
6434940,3,0.8158,g13_00033_1.tif
6434950,3,0.3443,g13_00033_1.tif
6437944,3,0.5593,g13_00033_1.tif
6439232,6,0.3525,g13_00033_1.tif
6439233,4,0.2861,g13_00033_1.tif
6439236,3,0.5,g13_00033_1.tif
6439837,2,0.223,g13_00033_1.tif
6439854,1,0.158,g13_00033_1.tif
6439865,1,0.1467,g13_00033_1.tif
6452221,4,0.6541,g13_00033_1.tif
6462808,7,0.8731,g13_00033_1.tif
6462832,6,0.9211,g13_00033_1.tif
6462838,4,0.8078,g13_00033_1.tif
6462841,4,0.4429,g13_00033_1.tif
6462844,2,0.1933,g13_00033_1.tif
6462845,3,0.1797,g13_00033_1.tif
6462870,2,0.147,g13_00033_1.tif
6476644,4,0.1667,g13_00033_1.tif
6478361,9,0.4806,g13_00033_1.tif
6478362,1,0.3803,g13_00033_1.tif
6480932,4,0.8126,g13_00033_1.tif
6480933,4,0.2287,g13_00033_1.tif
6480934,3,0.3484,g13_00033_1.tif
6480937,2,0.324,g13_00033_1.tif
6481026,1,0.0946,g13_00033_1.tif
6492023,5,0.4375,g13_00033_1.tif
6492028,2,0.1094,g13_00033_1.tif
6492029,3,0.568,g13_00033_1.tif
6492032,5,0.7166,g13_00033_1.tif
6492040,6,0.4604,g13_00033_1.tif
6492041,3,0.4096,g13_00033_1.tif
6492042,1,0.0787,g13_00033_1.tif
6492045,1,0.0117,g13_00033_1.tif
6492375,1,0.0277,g13_00033_1.tif
6493487,3,0.2324,g13_00033_1.tif
6495415,3,0.4357,g13_00033_1.tif
6495417,6,0.5439,g13_00033_1.tif
6495430,4,0.3267,g13_00033_1.tif
6495438,6,0.4688,g13_00033_1.tif
6498782,3,0.5103,g13_00033_1.tif
6498787,6,0.4426,g13_00033_1.tif
6498791,4,0.7127,g13_00033_1.tif
6498802,7,0.3957,g13_00033_1.tif
6498806,2,0.2315,g13_00033_1.tif
6498808,4,0.1826,g13_00033_1.tif
6498811,3,0.1601,g13_00033_1.tif
6503736,3,0.2207,g13_00033_1.tif
6528091,3,0.8507,g13_00033_1.tif
6528097,1,0.184,g13_00033_1.tif
6528100,4,0.16,g13_00033_1.tif
6528158,3,0.7738,g13_00033_1.tif
6560118,1,0.2025,g13_00033_1.tif
6560120,6,0.5859,g13_00033_1.tif
6560121,6,0.2155,g13_00033_1.tif
6560123,3,0.46,g13_00033_1.tif
6562544,2,0.1914,g13_00033_1.tif
6562567,2,0.2429,g13_00033_1.tif
6562574,3,0.2817,g13_00033_1.tif
6562575,1,0.2479,g13_00033_1.tif
6564732,4,0.213,g13_00033_1.tif
6569859,2,0.6471,g13_00033_1.tif
6569865,5,0.1148,g13_00033_1.tif
6571292,4,0.7009,g13_00033_1.tif
6574956,1,0.0173,g13_00033_1.tif
6585364,2,0.7577,g13_00033_1.tif
6585387,3,0.593,g13_00033_1.tif
6588394,9,0.1289,g13_00033_1.tif
6596920,6,0.6777,g13_00033_1.tif
6596922,4,0.7091,g13_00033_1.tif
6596927,3,0.6317,g13_00033_1.tif
6599688,2,0.5714,g13_00033_1.tif
6603210,3,0.3715,g13_00033_1.tif
6624910,4,0.5064,g13_00033_1.tif
6624911,1,0.7812,g13_00033_1.tif
6627828,10,0.2208,g13_00033_1.tif
6632755,4,0.5843,g13_00033_1.tif
6642360,3,0.5299,g13_00033_1.tif
6642364,2,0.6352,g13_00033_1.tif
6642365,5,0.7772,g13_00033_1.tif
6642366,1,0.1213,g13_00033_1.tif
6673253,3,0.2818,g13_00033_1.tif
6698171,2,0.4669,g13_00033_1.tif
6712600,5,0.6031,g13_00033_1.tif
6712620,3,0.4515,g13_00033_1.tif
6741716,6,0.582,g13_00033_1.tif
6753003,3,0.6855,g13_00033_1.tif
6758717,7,0.4928,g13_00033_1.tif
6758719,4,0.4417,g13_00033_1.tif
6758720,3,0.5576,g13_00033_1.tif
6758724,3,0.6026,g13_00033_1.tif
6758726,3,0.5206,g13_00033_1.tif
6758730,2,0.1271,g13_00033_1.tif
6758829,4,0.1503,g13_00033_1.tif
6762048,6,0.7922,g13_00033_1.tif
6771200,4,0.3775,g13_00033_1.tif
6775142,7,0.5296,g13_00033_1.tif
6775154,4,0.3306,g13_00033_1.tif
6775161,5,0.3209,g13_00033_1.tif
6777630,2,0.1149,g13_00033_1.tif
6777917,2,0.1262,g13_00033_1.tif
6780576,7,0.4678,g13_00033_1.tif
6780577,2,0.6537,g13_00033_1.tif
6780648,4,0.4704,g13_00033_1.tif
6785709,2,0.3296,g13_00033_1.tif
6785723,4,0.3263,g13_00033_1.tif
6785726,2,0.1407,g13_00033_1.tif
6790115,4,0.2595,g13_00033_1.tif
6790772,3,0.1988,g13_00033_1.tif
6790774,3,0.0701,g13_00033_1.tif
6791316,3,0.2885,g13_00033_1.tif
6791363,2,0.25,g13_00033_1.tif
6793107,5,0.5091,g13_00033_1.tif
6793110,3,0.3184,g13_00033_1.tif
6808536,6,0.3316,g13_00033_1.tif
6808537,4,0.4678,g13_00033_1.tif
6808540,3,0.1224,g13_00033_1.tif
6808966,5,0.0811,g13_00033_1.tif
6813616,4,0.5328,g13_00033_1.tif
6813617,9,0.9209,g13_00033_1.tif
6813618,3,0.6852,g13_00033_1.tif
6813620,7,0.5483,g13_00033_1.tif
6813626,6,0.3984,g13_00033_1.tif
6813635,3,0.2099,g13_00033_1.tif
6862298,6,0.7514,g13_00033_1.tif
6894846,6,0.3574,g13_00033_1.tif
6894847,5,0.2828,g13_00033_1.tif
6894850,6,0.3982,g13_00033_1.tif
6894852,4,0.4114,g13_00033_1.tif
6894854,6,0.1695,g13_00033_1.tif
6894856,3,0.556,g13_00033_1.tif
6911154,2,0.573,g13_00033_1.tif
6911158,5,0.8175,g13_00033_1.tif
6911161,2,0.1509,g13_00033_1.tif
6925601,2,0.2813,g13_00033_1.tif
6936026,3,0.3228,g13_00033_1.tif
6936029,4,0.2551,g13_00033_1.tif
6937289,10,0.4127,g13_00033_1.tif
6937290,16,0.5527,g13_00033_1.tif
6950864,6,0.371,g13_00033_1.tif
6980374,3,0.5108,g13_00033_1.tif
6980375,2,0.3074,g13_00033_1.tif
6980390,4,0.2734,g13_00033_1.tif
6982216,6,0.3236,g13_00033_1.tif
6982218,7,0.5578,g13_00033_1.tif
6982224,7,0.3847,g13_00033_1.tif
6982226,7,0.7495,g13_00033_1.tif
6982228,4,0.6164,g13_00033_1.tif
6996858,3,0.2857,g13_00033_1.tif
6996862,1,0.1268,g13_00033_1.tif
7003150,7,0.6466,g13_00033_1.tif
7003156,7,0.5012,g13_00033_1.tif
7003186,3,0.2244,g13_00033_1.tif
7003198,1,0.6102,g13_00033_1.tif
7003200,6,0.2686,g13_00033_1.tif
7003202,4,0.7639,g13_00033_1.tif
7003211,4,0.6094,g13_00033_1.tif
7003237,4,0.1584,g13_00033_1.tif
7003239,6,0.2727,g13_00033_1.tif
7003240,1,0.0153,g13_00033_1.tif
7006525,3,0.7301,g13_00033_1.tif
7006542,4,0.4865,g13_00033_1.tif
7020929,4,0.1185,g13_00033_1.tif
7078005,7,0.2369,g13_00033_1.tif
6289857,6,0.5292,g13_00033_2.tif
6290736,1,0.1061,g13_00033_2.tif
6290740,6,0.4652,g13_00033_2.tif
6290752,6,0.8359,g13_00033_2.tif
6290761,6,0.7458,g13_00033_2.tif
6290779,4,0.8491,g13_00033_2.tif
6359391,2,0.8214,g13_00033_2.tif
6434944,3,0.4026,g13_00033_2.tif
6452221,1,0.3378,g13_00033_2.tif
6462831,6,0.6583,g13_00033_2.tif
6462867,5,0.2398,g13_00033_2.tif
6476634,10,0.5124,g13_00033_2.tif
6492023,6,0.6041,g13_00033_2.tif
6492028,3,0.7442,g13_00033_2.tif
6492032,2,0.5515,g13_00033_2.tif
6492037,4,0.6408,g13_00033_2.tif
6492044,3,0.1321,g13_00033_2.tif
6493482,3,0.1774,g13_00033_2.tif
6494428,6,0.3843,g13_00033_2.tif
6494429,2,0.0322,g13_00033_2.tif
6494430,5,0.4519,g13_00033_2.tif
6494572,6,0.1196,g13_00033_2.tif
6495411,4,0.8506,g13_00033_2.tif
6495419,6,0.2974,g13_00033_2.tif
6495426,5,0.7824,g13_00033_2.tif
6495428,5,0.2786,g13_00033_2.tif
6495436,3,0.1195,g13_00033_2.tif
6498790,2,0.226,g13_00033_2.tif
6498795,2,0.2945,g13_00033_2.tif
6498800,4,0.5335,g13_00033_2.tif
6498814,6,0.7464,g13_00033_2.tif
6499508,4,0.257,g13_00033_2.tif
6503731,4,0.6871,g13_00033_2.tif
6505032,6,0.2234,g13_00033_2.tif
6508455,5,0.4167,g13_00033_2.tif
6510315,7,0.4448,g13_00033_2.tif
6510317,5,0.2692,g13_00033_2.tif
6510500,8,0.1993,g13_00033_2.tif
6510501,4,0.2243,g13_00033_2.tif
6528091,3,0.8182,g13_00033_2.tif
6528158,4,0.9329,g13_00033_2.tif
6560107,11,0.6718,g13_00033_2.tif
6560108,4,0.5851,g13_00033_2.tif
6560112,6,0.2836,g13_00033_2.tif
6561843,6,0.2099,g13_00033_2.tif
6561844,3,0.297,g13_00033_2.tif
6561845,1,0.1855,g13_00033_2.tif
6562558,5,0.3389,g13_00033_2.tif
6562567,2,0.1452,g13_00033_2.tif
6571283,8,0.2171,g13_00033_2.tif
6576199,3,0.5345,g13_00033_2.tif
6576200,2,0.1869,g13_00033_2.tif
6580325,3,0.4182,g13_00033_2.tif
6580326,3,0.6548,g13_00033_2.tif
6580339,1,0.0302,g13_00033_2.tif
6582875,6,0.8098,g13_00033_2.tif
6583090,4,0.562,g13_00033_2.tif
6594437,4,0.7924,g13_00033_2.tif
6594440,3,0.3499,g13_00033_2.tif
6594442,2,0.6708,g13_00033_2.tif
6594447,3,0.3584,g13_00033_2.tif
6594452,4,0.2683,g13_00033_2.tif
6594516,4,0.3071,g13_00033_2.tif
6594517,2,0.1927,g13_00033_2.tif
6624911,2,0.8806,g13_00033_2.tif
6624914,2,0.0952,g13_00033_2.tif
6629333,10,0.6345,g13_00033_2.tif
6629341,2,0.1558,g13_00033_2.tif
6642357,6,0.3923,g13_00033_2.tif
6712617,4,0.87,g13_00033_2.tif
6719671,5,0.7992,g13_00033_2.tif
6720050,7,0.4009,g13_00033_2.tif
6720053,6,0.3811,g13_00033_2.tif
6720055,5,0.7778,g13_00033_2.tif
6720065,4,0.6707,g13_00033_2.tif
6731665,3,0.7438,g13_00033_2.tif
6752988,5,0.7273,g13_00033_2.tif
6753000,3,0.6709,g13_00033_2.tif
6758721,5,0.5186,g13_00033_2.tif
6762056,3,0.4946,g13_00033_2.tif
6771197,4,0.8822,g13_00033_2.tif
6771199,4,0.6901,g13_00033_2.tif
6771265,4,0.8,g13_00033_2.tif
6777627,4,0.831,g13_00033_2.tif
6780541,1,0.2487,g13_00033_2.tif
6780724,4,0.3695,g13_00033_2.tif
6800988,7,0.6116,g13_00033_2.tif
6800994,5,0.2615,g13_00033_2.tif
6800995,4,0.8689,g13_00033_2.tif
6813621,6,0.6573,g13_00033_2.tif
6813628,3,0.7019,g13_00033_2.tif
6813634,3,0.7951,g13_00033_2.tif
6862298,17,0.5273,g13_00033_2.tif
6911137,6,0.5602,g13_00033_2.tif
6911142,6,0.3487,g13_00033_2.tif
6911147,4,0.4196,g13_00033_2.tif
6911161,3,0.5923,g13_00033_2.tif
6911162,6,0.7286,g13_00033_2.tif
6911166,3,0.2782,g13_00033_2.tif
6950866,3,0.3939,g13_00033_2.tif
6953917,5,0.4588,g13_00033_2.tif
6980376,4,0.7041,g13_00033_2.tif
6980569,1,0.0105,g13_00033_2.tif
6982225,3,0.8912,g13_00033_2.tif
6996859,1,0.3116,g13_00033_2.tif
7003163,1,0.4516,g13_00033_2.tif
7003179,6,0.6427,g13_00033_2.tif
7003196,5,0.5143,g13_00033_2.tif
7003198,1,0.095,g13_00033_2.tif
7003211,1,0.1565,g13_00033_2.tif
7003217,3,0.4305,g13_00033_2.tif
7006544,1,0.1974,g13_00033_2.tif
7020538,3,0.2235,g13_00033_2.tif
6104931,5,0.7063,g13_00033_3.tif
6104932,2,0.1037,g13_00033_3.tif
6106320,4,0.285,g13_00033_3.tif
6106321,5,0.3125,g13_00033_3.tif
6106323,3,0.2471,g13_00033_3.tif
6111046,5,0.8624,g13_00033_3.tif
6127310,4,0.2461,g13_00033_3.tif
6127311,3,0.1461,g13_00033_3.tif
6127313,4,0.2717,g13_00033_3.tif
6127314,3,0.3795,g13_00033_3.tif
6165046,4,0.8884,g13_00033_3.tif
6178495,2,0.2327,g13_00033_3.tif
6190600,1,0.0003,g13_00033_3.tif
6249274,3,0.178,g13_00033_3.tif
6289861,4,0.2405,g13_00033_3.tif
6370107,2,0.4599,g13_00033_3.tif
6370121,1,0.0084,g13_00033_3.tif
6400449,3,0.4368,g13_00033_3.tif
6400450,2,0.5363,g13_00033_3.tif
6411953,2,0.1591,g13_00033_3.tif
6422454,4,0.4873,g13_00033_3.tif
6428040,2,0.0039,g13_00033_3.tif
6437948,3,0.1875,g13_00033_3.tif
6476634,3,0.8107,g13_00033_3.tif
6510099,4,0.1486,g13_00033_3.tif
6510317,2,0.5175,g13_00033_3.tif
6510499,10,0.5369,g13_00033_3.tif
6510500,1,0.4323,g13_00033_3.tif
6557535,1,0.0633,g13_00033_3.tif
6557537,2,0.012,g13_00033_3.tif
6557538,2,0.1558,g13_00033_3.tif
6557542,1,0.3438,g13_00033_3.tif
6557544,2,0.3817,g13_00033_3.tif
6557546,1,0.0469,g13_00033_3.tif
6558205,9,0.6663,g13_00033_3.tif
6560119,2,0.0161,g13_00033_3.tif
6563744,5,0.3099,g13_00033_3.tif
6563745,3,0.4069,g13_00033_3.tif
6571283,2,0.3765,g13_00033_3.tif
6571284,2,0.6523,g13_00033_3.tif
6571285,3,0.9036,g13_00033_3.tif
6571286,3,0.1811,g13_00033_3.tif
6574389,2,0.0835,g13_00033_3.tif
6576194,4,0.1851,g13_00033_3.tif
6576207,3,0.4813,g13_00033_3.tif
6580327,4,0.475,g13_00033_3.tif
6593209,3,0.3626,g13_00033_3.tif
6593210,3,0.6597,g13_00033_3.tif
6593222,2,0.5,g13_00033_3.tif
6594430,2,0.0511,g13_00033_3.tif
6594440,1,0.0118,g13_00033_3.tif
6599679,4,0.8995,g13_00033_3.tif
6599682,6,0.5953,g13_00033_3.tif
6599687,2,0.6447,g13_00033_3.tif
6606091,4,0.5892,g13_00033_3.tif
6629333,2,0.0625,g13_00033_3.tif
6629339,3,0.6261,g13_00033_3.tif
6629341,2,0.1081,g13_00033_3.tif
6652346,3,0.5553,g13_00033_3.tif
6652353,1,0.0267,g13_00033_3.tif
6652354,2,0.2407,g13_00033_3.tif
6661024,6,0.5787,g13_00033_3.tif
6661027,3,0.5826,g13_00033_3.tif
6670650,8,0.4884,g13_00033_3.tif
6670662,6,0.804,g13_00033_3.tif
6670671,3,0.157,g13_00033_3.tif
6670683,3,0.2881,g13_00033_3.tif
6670684,2,0.0658,g13_00033_3.tif
6712617,4,0.8035,g13_00033_3.tif
6712628,1,0.1067,g13_00033_3.tif
6712629,2,0.3333,g13_00033_3.tif
6712630,1,0.0024,g13_00033_3.tif
6719676,6,0.7697,g13_00033_3.tif
6720043,11,0.6364,g13_00033_3.tif
6726961,2,0.3454,g13_00033_3.tif
6726964,4,0.4888,g13_00033_3.tif
6726997,4,0.3856,g13_00033_3.tif
6731241,2,0.025,g13_00033_3.tif
6731242,2,0.1221,g13_00033_3.tif
6731653,2,0.752,g13_00033_3.tif
6731665,2,0.4167,g13_00033_3.tif
6731669,5,0.6239,g13_00033_3.tif
6731670,5,0.9248,g13_00033_3.tif
6731673,2,0.314,g13_00033_3.tif
6780728,5,0.3648,g13_00033_3.tif
6800988,2,0.3117,g13_00033_3.tif
6800994,3,0.3559,g13_00033_3.tif
6800999,4,0.7417,g13_00033_3.tif
6813641,7,0.5187,g13_00033_3.tif
6813642,3,0.4402,g13_00033_3.tif
6858389,4,0.2849,g13_00033_3.tif
6858405,2,0.2107,g13_00033_3.tif
6862298,5,0.4491,g13_00033_3.tif
6865965,9,0.3424,g13_00033_3.tif
6903995,3,0.3362,g13_00033_3.tif
6904019,4,0.1366,g13_00033_3.tif
6911140,5,0.7964,g13_00033_3.tif
6911163,3,0.1136,g13_00033_3.tif
6911165,4,0.8,g13_00033_3.tif
6911177,3,0.4176,g13_00033_3.tif
6953912,4,0.6964,g13_00033_3.tif
6994421,4,0.3375,g13_00033_3.tif
6994459,3,0.0216,g13_00033_3.tif
7017509,1,0.3084,g13_00033_3.tif
7017512,4,0.2896,g13_00033_3.tif
7020481,6,0.7484,g13_00033_3.tif
7020496,4,0.8926,g13_00033_3.tif
7020499,4,0.5269,g13_00033_3.tif
7020503,3,0.7196,g13_00033_3.tif
7020526,2,0.3873,g13_00033_3.tif
7020549,2,0.1108,g13_00033_3.tif
7020553,3,0.3345,g13_00033_3.tif
7020560,4,0.096,g13_00033_3.tif
7020580,3,0.2052,g13_00033_3.tif
7020590,3,0.1338,g13_00033_3.tif
7061531,5,0.3278,g13_00033_3.tif
7061532,2,0.4872,g13_00033_3.tif
7061534,1,0.0095,g13_00033_3.tif
7061535,3,0.2062,g13_00033_3.tif
7080445,2,0.2902,g13_00033_3.tif
6272996,2,0.449,g13_00034_17.tif
6275152,4,0.672,g13_00034_17.tif
6275290,3,0.7778,g13_00034_17.tif
6275302,4,0.2034,g13_00034_17.tif
6278770,4,0.6047,g13_00034_17.tif
6600760,3,0.1862,g13_00034_17.tif
6600764,3,0.113,g13_00034_17.tif
6601907,3,0.3846,g13_00034_17.tif
6601908,3,0.2745,g13_00034_17.tif
6605741,4,0.5031,g13_00034_17.tif
6605743,3,0.4925,g13_00034_17.tif
6890624,1,0.0139,g13_00034_17.tif
6890625,2,0.0169,g13_00034_17.tif
6890628,7,0.436,g13_00034_17.tif
6228950,4,0.483,g13_00034_18.tif
6600764,2,0.0536,g13_00034_18.tif
6607404,4,0.169,g13_00034_18.tif
6890625,3,0.5882,g13_00034_18.tif
6890628,4,0.2447,g13_00034_18.tif
6131546,5,0.954,g13_00034_3.tif
6131548,7,0.9021,g13_00034_3.tif
6131551,2,0.6832,g13_00034_3.tif
6252350,9,0.4602,g13_00034_3.tif
6252351,4,0.572,g13_00034_3.tif
6252352,6,0.4267,g13_00034_3.tif
6252353,3,0.3355,g13_00034_3.tif
6252354,2,0.0492,g13_00034_3.tif
6326765,3,0.3253,g13_00034_3.tif
6326766,3,0.0796,g13_00034_3.tif
6340002,2,0.5072,g13_00034_3.tif
6340004,3,0.5,g13_00034_3.tif
6340007,2,0.0476,g13_00034_3.tif
6340009,3,0.16,g13_00034_3.tif
6340047,1,0.0536,g13_00034_3.tif
6340076,1,0.3162,g13_00034_3.tif
6357335,5,0.7184,g13_00034_3.tif
6357337,4,0.0932,g13_00034_3.tif
6357338,10,0.5513,g13_00034_3.tif
6375640,5,0.7606,g13_00034_3.tif
6429720,4,0.523,g13_00034_3.tif
6429721,3,0.2897,g13_00034_3.tif
6429723,6,0.7633,g13_00034_3.tif
6429736,2,0.3393,g13_00034_3.tif
6431018,5,0.2709,g13_00034_3.tif
6433361,3,0.6578,g13_00034_3.tif
6433362,3,0.6667,g13_00034_3.tif
6433364,3,0.8535,g13_00034_3.tif
6433366,4,0.6759,g13_00034_3.tif
6433367,5,0.6272,g13_00034_3.tif
6470429,5,0.766,g13_00034_3.tif
6470431,4,0.749,g13_00034_3.tif
6475217,5,0.6061,g13_00034_3.tif
6475223,3,0.5209,g13_00034_3.tif
6514068,3,0.3241,g13_00034_3.tif
6548430,3,0.7297,g13_00034_3.tif
6578769,6,0.8827,g13_00034_3.tif
6578775,2,0.7376,g13_00034_3.tif
6578776,1,0.6765,g13_00034_3.tif
6578779,3,0.8343,g13_00034_3.tif
6578797,5,0.7179,g13_00034_3.tif
6578802,5,0.8067,g13_00034_3.tif
6578808,2,0.0268,g13_00034_3.tif
6578822,3,0.7648,g13_00034_3.tif
6578826,3,0.0249,g13_00034_3.tif
6613301,5,0.8959,g13_00034_3.tif
6613302,8,0.3856,g13_00034_3.tif
6613305,5,0.8766,g13_00034_3.tif
6613306,4,0.5091,g13_00034_3.tif
6613310,5,0.4243,g13_00034_3.tif
6613313,4,0.5286,g13_00034_3.tif
6613316,2,0.6854,g13_00034_3.tif
6613325,3,0.116,g13_00034_3.tif
6613326,1,0.4333,g13_00034_3.tif
6613329,5,0.4076,g13_00034_3.tif
6613331,4,0.4672,g13_00034_3.tif
6613336,4,0.2337,g13_00034_3.tif
6613850,2,0.1479,g13_00034_3.tif
6626234,4,0.8734,g13_00034_3.tif
6626250,2,0.381,g13_00034_3.tif
6626378,3,0.732,g13_00034_3.tif
6631817,1,0.6364,g13_00034_3.tif
6674176,3,0.0889,g13_00034_3.tif
6674179,1,0.7456,g13_00034_3.tif
6674180,8,0.8347,g13_00034_3.tif
6674182,4,0.3508,g13_00034_3.tif
6674351,1,0.0266,g13_00034_3.tif
6684219,1,0.196,g13_00034_3.tif
6690108,5,0.9351,g13_00034_3.tif
6690109,6,0.8847,g13_00034_3.tif
6690110,4,0.7809,g13_00034_3.tif
6690111,6,0.5714,g13_00034_3.tif
6736079,6,0.9391,g13_00034_3.tif
6736080,4,0.3834,g13_00034_3.tif
6742428,4,0.6434,g13_00034_3.tif
6742444,1,0.1544,g13_00034_3.tif
6742446,3,0.6,g13_00034_3.tif
6804611,3,0.6167,g13_00034_3.tif
6804621,4,0.4928,g13_00034_3.tif
6804628,4,0.2825,g13_00034_3.tif
6842268,4,0.7257,g13_00034_3.tif
6846796,3,0.2127,g13_00034_3.tif
6867128,8,0.7778,g13_00034_3.tif
6907711,2,0.1879,g13_00034_3.tif
6913069,2,0.8276,g13_00034_3.tif
6916147,4,0.7329,g13_00034_3.tif
6920856,2,0.8548,g13_00034_3.tif
6925035,4,0.542,g13_00034_3.tif
7028347,6,0.4331,g13_00034_3.tif
7028349,2,0.1017,g13_00034_3.tif
7028350,4,0.4838,g13_00034_3.tif
7055468,3,0.2574,g13_00034_3.tif
7071038,3,0.6829,g13_00034_3.tif
6235364,7,0.2881,g13_00034_5.tif
6235365,2,0.1028,g13_00034_5.tif
6332699,1,0.0816,g13_00034_5.tif
6351378,5,0.264,g13_00034_5.tif
6351379,2,0.0435,g13_00034_5.tif
6351380,7,0.1438,g13_00034_5.tif
6717319,1,0.2264,g13_00034_5.tif
6322961,1,0.0531,g13_00034_6.tif
6332699,4,0.1714,g13_00034_6.tif
6411513,2,0.065,g13_00034_6.tif
6411519,2,0.2045,g13_00034_6.tif
6472261,1,0.1149,g13_00034_6.tif
6472264,2,0.0319,g13_00034_6.tif
6472265,7,0.3776,g13_00034_6.tif
6472267,3,0.1171,g13_00034_6.tif
6472273,3,0.133,g13_00034_6.tif
6717319,1,0.0383,g13_00034_6.tif
6987585,1,0.0169,g13_00034_6.tif
6178185,2,0.1075,g13_00034_7.tif
6228029,2,0.0186,g13_00034_7.tif
6399910,3,0.4021,g13_00034_7.tif
6411512,3,0.1943,g13_00034_7.tif
6411513,8,0.4911,g13_00034_7.tif
6411516,2,0.3043,g13_00034_7.tif
6462423,10,0.1727,g13_00034_7.tif
6462451,4,0.5902,g13_00034_7.tif
6535508,2,0.0537,g13_00034_7.tif
6834016,3,0.5926,g13_00034_7.tif
6834210,1,0.0652,g13_00034_7.tif
6878498,2,0.0372,g13_00034_7.tif
6878502,2,0.0328,g13_00034_7.tif
6987571,5,0.3737,g13_00034_7.tif
6987583,2,0.1593,g13_00034_7.tif
6148445,4,0.2964,g13_00035_0.tif
6148451,3,0.0708,g13_00035_0.tif
6149839,6,0.4245,g13_00035_0.tif
6149840,3,0.3256,g13_00035_0.tif
6149856,6,0.2763,g13_00035_0.tif
6150901,3,0.4271,g13_00035_0.tif
6150902,2,0.1043,g13_00035_0.tif
6150906,2,0.2927,g13_00035_0.tif
6150907,3,0.0781,g13_00035_0.tif
6204998,1,0.2097,g13_00035_0.tif
6240851,6,0.6541,g13_00035_0.tif
6335488,3,0.0335,g13_00035_0.tif
6335490,5,0.788,g13_00035_0.tif
6335550,2,0.5092,g13_00035_0.tif
6778230,3,0.0924,g13_00035_0.tif
6787260,2,0.1268,g13_00035_0.tif
6817925,5,0.3003,g13_00035_0.tif
6821492,3,0.0421,g13_00035_0.tif
6105478,4,0.8513,g13_00035_13.tif
6423333,5,0.5811,g13_00035_13.tif
6444163,2,0.5283,g13_00035_13.tif
6478364,1,0.7589,g13_00035_13.tif
6478526,2,0.0254,g13_00035_13.tif
6478750,1,0.0045,g13_00035_13.tif
6487128,5,0.6789,g13_00035_13.tif
6501533,10,0.3614,g13_00035_13.tif
6501534,4,0.5989,g13_00035_13.tif
6528096,6,0.5072,g13_00035_13.tif
6562533,6,0.3648,g13_00035_13.tif
6562582,5,0.2466,g13_00035_13.tif
6596923,7,0.7936,g13_00035_13.tif
6596925,5,0.6037,g13_00035_13.tif
6597646,1,0.0728,g13_00035_13.tif
6600268,1,0.6094,g13_00035_13.tif
6607477,4,0.8701,g13_00035_13.tif
6607478,2,0.3527,g13_00035_13.tif
6607480,6,0.1677,g13_00035_13.tif
6607600,4,0.7412,g13_00035_13.tif
6611060,9,0.4079,g13_00035_13.tif
6611062,6,0.3801,g13_00035_13.tif
6611064,7,0.25,g13_00035_13.tif
6611068,3,0.5364,g13_00035_13.tif
6611078,3,0.6471,g13_00035_13.tif
6612016,4,0.7578,g13_00035_13.tif
6615147,5,0.4987,g13_00035_13.tif
6618718,5,0.6,g13_00035_13.tif
6618720,5,0.4039,g13_00035_13.tif
6618722,8,0.3951,g13_00035_13.tif
6626861,6,0.9124,g13_00035_13.tif
6630723,2,0.3172,g13_00035_13.tif
6631508,1,0.3371,g13_00035_13.tif
6632874,12,0.7913,g13_00035_13.tif
6632877,3,0.856,g13_00035_13.tif
6633060,16,0.2215,g13_00035_13.tif
6633256,1,0.6711,g13_00035_13.tif
6635358,5,0.6566,g13_00035_13.tif
6635740,9,0.4709,g13_00035_13.tif
6635756,6,0.4666,g13_00035_13.tif
6642370,9,0.498,g13_00035_13.tif
6642371,1,0.009,g13_00035_13.tif
6642372,4,0.4052,g13_00035_13.tif
6642471,10,0.4185,g13_00035_13.tif
6643878,5,0.5,g13_00035_13.tif
6643880,7,0.2673,g13_00035_13.tif
6666388,3,0.2581,g13_00035_13.tif
6758719,3,0.4404,g13_00035_13.tif
6758729,3,0.6346,g13_00035_13.tif
6758732,7,0.5527,g13_00035_13.tif
6768403,5,0.4387,g13_00035_13.tif
6771202,9,0.5408,g13_00035_13.tif
6772010,3,0.7918,g13_00035_13.tif
6775138,11,0.4012,g13_00035_13.tif
6775163,4,0.9021,g13_00035_13.tif
6780534,3,0.7645,g13_00035_13.tif
6780714,8,0.5333,g13_00035_13.tif
6780731,3,0.6421,g13_00035_13.tif
6790107,14,0.2551,g13_00035_13.tif
6790118,6,0.3499,g13_00035_13.tif
6790175,8,0.7177,g13_00035_13.tif
6808537,2,0.087,g13_00035_13.tif
6813618,2,0.917,g13_00035_13.tif
6862298,12,0.4443,g13_00035_13.tif
6862303,8,0.855,g13_00035_13.tif
6895943,5,0.7974,g13_00035_13.tif
6895945,4,0.2162,g13_00035_13.tif
6895947,6,0.5447,g13_00035_13.tif
6917551,4,0.5946,g13_00035_13.tif
6936465,5,0.4377,g13_00035_13.tif
6936466,2,0.3614,g13_00035_13.tif
7011787,2,0.7645,g13_00035_13.tif
7011893,1,0.0225,g13_00035_13.tif
7081992,3,0.9595,g13_00035_13.tif
6126171,3,0.3578,g13_00035_14.tif
6126175,2,0.2716,g13_00035_14.tif
6174296,6,0.4308,g13_00035_14.tif
6184916,7,0.2357,g13_00035_14.tif
6197217,2,0.54,g13_00035_14.tif
6306058,3,0.8403,g13_00035_14.tif
6306059,6,0.5209,g13_00035_14.tif
6306356,5,0.5216,g13_00035_14.tif
6423327,2,0.4262,g13_00035_14.tif
6444163,1,0.039,g13_00035_14.tif
6452262,4,0.4146,g13_00035_14.tif
6452265,8,0.7324,g13_00035_14.tif
6452464,6,0.3333,g13_00035_14.tif
6478750,1,0.8633,g13_00035_14.tif
6480113,4,0.4629,g13_00035_14.tif
6494416,7,0.4463,g13_00035_14.tif
6571280,8,0.1948,g13_00035_14.tif
6571373,8,0.4169,g13_00035_14.tif
6576174,4,0.8464,g13_00035_14.tif
6576185,6,0.6215,g13_00035_14.tif
6577728,4,0.7692,g13_00035_14.tif
6578503,2,0.6742,g13_00035_14.tif
6599676,7,0.9132,g13_00035_14.tif
6599680,5,0.4182,g13_00035_14.tif
6599684,2,0.2708,g13_00035_14.tif
6599685,5,0.4026,g13_00035_14.tif
6635335,7,0.662,g13_00035_14.tif
6642356,8,0.601,g13_00035_14.tif
6643871,7,0.2706,g13_00035_14.tif
6666405,2,0.3938,g13_00035_14.tif
6691878,5,0.7046,g13_00035_14.tif
6701223,5,0.54,g13_00035_14.tif
6721626,2,0.274,g13_00035_14.tif
6721627,1,0.395,g13_00035_14.tif
6721628,5,0.417,g13_00035_14.tif
6782504,4,0.6922,g13_00035_14.tif
6795320,8,0.588,g13_00035_14.tif
6862298,35,0.1543,g13_00035_14.tif
6862303,56,0.1945,g13_00035_14.tif
6869740,4,0.505,g13_00035_14.tif
6917529,1,0.8462,g13_00035_14.tif
6917531,8,0.6304,g13_00035_14.tif
6917543,2,0.8227,g13_00035_14.tif
6941140,3,0.6786,g13_00035_14.tif
6966236,4,0.8857,g13_00035_14.tif
6109559,5,0.5491,g13_00035_15.tif
6109562,2,0.654,g13_00035_15.tif
6118057,4,0.6308,g13_00035_15.tif
6118058,3,0.4739,g13_00035_15.tif
6118059,5,0.1761,g13_00035_15.tif
6118088,10,0.5071,g13_00035_15.tif
6118105,1,0.0726,g13_00035_15.tif
6161882,3,0.8062,g13_00035_15.tif
6164251,2,0.1129,g13_00035_15.tif
6164355,1,0.006,g13_00035_15.tif
6164356,2,0.3088,g13_00035_15.tif
6174296,8,0.6378,g13_00035_15.tif
6189591,3,0.414,g13_00035_15.tif
6214820,5,0.4544,g13_00035_15.tif
6214821,4,0.6266,g13_00035_15.tif
6214822,5,0.2194,g13_00035_15.tif
6214881,5,0.6018,g13_00035_15.tif
6215137,8,0.5689,g13_00035_15.tif
6249275,4,0.6619,g13_00035_15.tif
6249470,5,0.3208,g13_00035_15.tif
6249597,6,0.2493,g13_00035_15.tif
6280213,11,0.2798,g13_00035_15.tif
6280245,2,0.0685,g13_00035_15.tif
6289858,4,0.4148,g13_00035_15.tif
6289866,3,0.5907,g13_00035_15.tif
6306058,3,0.8778,g13_00035_15.tif
6306063,2,0.4806,g13_00035_15.tif
6306356,3,0.5969,g13_00035_15.tif
6306519,1,0.2564,g13_00035_15.tif
6338476,9,0.8537,g13_00035_15.tif
6338478,3,0.5134,g13_00035_15.tif
6338480,3,0.1734,g13_00035_15.tif
6338481,3,0.1963,g13_00035_15.tif
6338521,2,0.0227,g13_00035_15.tif
6370955,2,0.2222,g13_00035_15.tif
6370956,1,0.168,g13_00035_15.tif
6370959,7,0.5702,g13_00035_15.tif
6375558,6,0.3764,g13_00035_15.tif
6375569,7,0.7179,g13_00035_15.tif
6400448,6,0.1449,g13_00035_15.tif
6452262,7,0.4805,g13_00035_15.tif
6452265,1,0.0673,g13_00035_15.tif
6452464,2,0.0271,g13_00035_15.tif
6469770,6,0.4746,g13_00035_15.tif
6510318,5,0.624,g13_00035_15.tif
6510319,2,0.4424,g13_00035_15.tif
6557532,7,0.6816,g13_00035_15.tif
6557542,2,0.5126,g13_00035_15.tif
6557544,2,0.3418,g13_00035_15.tif
6557546,1,0.0383,g13_00035_15.tif
6571285,2,0.7021,g13_00035_15.tif
6576185,4,0.7685,g13_00035_15.tif
6576191,4,0.7671,g13_00035_15.tif
6576193,3,0.5118,g13_00035_15.tif
6576197,5,0.8204,g13_00035_15.tif
6576205,3,0.1073,g13_00035_15.tif
6577728,7,0.6002,g13_00035_15.tif
6578503,7,0.2373,g13_00035_15.tif
6580327,2,0.0825,g13_00035_15.tif
6593183,4,0.8501,g13_00035_15.tif
6593184,3,0.2788,g13_00035_15.tif
6593209,3,0.424,g13_00035_15.tif
6593210,2,0.7558,g13_00035_15.tif
6593222,3,0.3661,g13_00035_15.tif
6594430,5,0.8805,g13_00035_15.tif
6599680,7,0.595,g13_00035_15.tif
6599681,2,0.6101,g13_00035_15.tif
6599682,2,0.6207,g13_00035_15.tif
6599684,5,0.4762,g13_00035_15.tif
6599687,1,0.5,g13_00035_15.tif
6599689,2,0.3774,g13_00035_15.tif
6629340,2,0.7301,g13_00035_15.tif
6629342,7,0.2943,g13_00035_15.tif
6712633,10,0.4809,g13_00035_15.tif
6720025,5,0.2458,g13_00035_15.tif
6720036,6,0.643,g13_00035_15.tif
6721626,2,0.3086,g13_00035_15.tif
6721627,2,0.5368,g13_00035_15.tif
6721628,4,0.5895,g13_00035_15.tif
6731653,5,0.8981,g13_00035_15.tif
6731672,5,0.5986,g13_00035_15.tif
6731673,3,0.311,g13_00035_15.tif
6780721,6,0.6842,g13_00035_15.tif
6780723,9,0.4148,g13_00035_15.tif
6780727,5,0.6132,g13_00035_15.tif
6780729,2,0.603,g13_00035_15.tif
6781603,5,0.5524,g13_00035_15.tif
6781623,4,0.2308,g13_00035_15.tif
6782501,10,0.4708,g13_00035_15.tif
6782503,5,0.9026,g13_00035_15.tif
6782504,2,0.6095,g13_00035_15.tif
6782505,5,0.9269,g13_00035_15.tif
6782506,3,0.7319,g13_00035_15.tif
6782508,4,0.6207,g13_00035_15.tif
6782509,3,0.7077,g13_00035_15.tif
6782515,3,0.4552,g13_00035_15.tif
6782516,5,0.1274,g13_00035_15.tif
6782777,3,0.0423,g13_00035_15.tif
6862298,2,0.6147,g13_00035_15.tif
6862303,5,0.9335,g13_00035_15.tif
6869740,4,0.4672,g13_00035_15.tif
6911140,2,0.503,g13_00035_15.tif
6103317,3,0.2362,g13_00036_15.tif
6141149,2,0.7802,g13_00036_15.tif
6141152,3,0.225,g13_00036_15.tif
6141163,5,0.2,g13_00036_15.tif
6141164,2,0.1573,g13_00036_15.tif
6141169,1,0.1887,g13_00036_15.tif
6300406,2,0.1667,g13_00036_15.tif
6300460,1,0.2727,g13_00036_15.tif
6300514,1,0.4138,g13_00036_15.tif
6340059,1,0.3772,g13_00036_15.tif
6340065,2,0.3684,g13_00036_15.tif
6340070,3,0.2,g13_00036_15.tif
6340634,1,0.024,g13_00036_15.tif
6511506,1,0.0391,g13_00036_15.tif
6511816,5,0.9235,g13_00036_15.tif
6511821,2,0.3316,g13_00036_15.tif
6511822,2,0.4054,g13_00036_15.tif
6514046,4,0.7405,g13_00036_15.tif
6514048,4,0.7361,g13_00036_15.tif
6514051,4,0.8118,g13_00036_15.tif
6514067,2,0.4756,g13_00036_15.tif
6514068,1,0.0573,g13_00036_15.tif
6514074,2,0.3851,g13_00036_15.tif
6514075,3,0.1812,g13_00036_15.tif
6578781,8,0.8531,g13_00036_15.tif
6578800,3,0.3367,g13_00036_15.tif
6578807,2,0.6048,g13_00036_15.tif
6578826,6,0.8312,g13_00036_15.tif
6591078,3,0.3524,g13_00036_15.tif
6623439,3,0.2695,g13_00036_15.tif
6623442,2,0.0739,g13_00036_15.tif
6627282,4,0.65,g13_00036_15.tif
6630983,3,0.1071,g13_00036_15.tif
6679878,4,0.8197,g13_00036_15.tif
6679881,3,0.5814,g13_00036_15.tif
6679889,3,0.1988,g13_00036_15.tif
6679893,3,0.55,g13_00036_15.tif
6680249,3,0.5644,g13_00036_15.tif
6680250,3,0.4224,g13_00036_15.tif
6680251,1,0.0475,g13_00036_15.tif
6684214,2,0.1957,g13_00036_15.tif
6684217,1,0.1232,g13_00036_15.tif
6687558,2,0.7248,g13_00036_15.tif
6721957,2,0.4247,g13_00036_15.tif
6736079,9,0.7989,g13_00036_15.tif
6736080,2,0.445,g13_00036_15.tif
6741903,4,0.1103,g13_00036_15.tif
6771234,10,0.8422,g13_00036_15.tif
6771240,7,0.4124,g13_00036_15.tif
6776724,4,0.4118,g13_00036_15.tif
6776732,4,0.2705,g13_00036_15.tif
6791113,5,0.5156,g13_00036_15.tif
6791115,6,0.5031,g13_00036_15.tif
6791168,5,0.4819,g13_00036_15.tif
6791178,0,0.0,g13_00036_15.tif
6791196,2,0.1726,g13_00036_15.tif
6791217,3,0.6667,g13_00036_15.tif
6791218,3,0.4528,g13_00036_15.tif
6791219,5,0.0985,g13_00036_15.tif
6791221,2,0.479,g13_00036_15.tif
6791222,4,0.3305,g13_00036_15.tif
6791224,2,0.3665,g13_00036_15.tif
6800881,2,0.1228,g13_00036_15.tif
6801169,5,0.8015,g13_00036_15.tif
6801719,2,0.3882,g13_00036_15.tif
6815207,4,0.6636,g13_00036_15.tif
6815209,4,0.8977,g13_00036_15.tif
6815217,3,0.6625,g13_00036_15.tif
6815218,1,0.2054,g13_00036_15.tif
6815236,6,0.7346,g13_00036_15.tif
6815250,5,0.6961,g13_00036_15.tif
6815284,4,0.4938,g13_00036_15.tif
6815287,1,0.4279,g13_00036_15.tif
6815288,2,0.571,g13_00036_15.tif
6815290,3,0.4714,g13_00036_15.tif
6815291,3,0.2225,g13_00036_15.tif
6815293,4,0.4363,g13_00036_15.tif
6815294,3,0.4064,g13_00036_15.tif
6815295,2,0.3955,g13_00036_15.tif
6828871,3,0.8125,g13_00036_15.tif
6828888,5,0.6854,g13_00036_15.tif
6828890,5,0.6667,g13_00036_15.tif
6828895,3,0.5274,g13_00036_15.tif
6845046,0,0.0,g13_00036_15.tif
6847445,2,0.1594,g13_00036_15.tif
6847446,1,0.121,g13_00036_15.tif
6862060,7,0.8094,g13_00036_15.tif
6867133,4,0.3643,g13_00036_15.tif
6867134,3,0.312,g13_00036_15.tif
6897923,4,0.0955,g13_00036_15.tif
6913066,7,0.5991,g13_00036_15.tif
6993526,2,0.8,g13_00036_15.tif
6993531,2,0.7742,g13_00036_15.tif
6997446,5,0.616,g13_00036_15.tif
6998907,4,0.5506,g13_00036_15.tif
7011921,1,0.0594,g13_00036_15.tif
7012738,6,0.7962,g13_00036_15.tif
7014213,3,0.7619,g13_00036_15.tif
7015008,7,0.8186,g13_00036_15.tif
6165058,5,0.2712,g13_00036_17.tif
6165063,3,0.1273,g13_00036_17.tif
6190330,1,0.0285,g13_00036_17.tif
6321727,4,0.4803,g13_00036_17.tif
6321732,5,0.3721,g13_00036_17.tif
6321786,4,0.7321,g13_00036_17.tif
6359062,2,0.24,g13_00036_17.tif
6359063,4,0.291,g13_00036_17.tif
6359064,3,0.2191,g13_00036_17.tif
6367974,2,0.0364,g13_00036_17.tif
6467749,6,0.4356,g13_00036_17.tif
6467750,2,0.0265,g13_00036_17.tif
6467752,2,0.0649,g13_00036_17.tif
6527202,1,0.155,g13_00036_17.tif
6857915,4,0.3015,g13_00036_17.tif
6093526,2,0.0588,g13_00036_18.tif
6093533,1,0.0262,g13_00036_18.tif
6153797,2,0.1449,g13_00036_18.tif
6153898,1,0.0262,g13_00036_18.tif
6158945,1,0.0215,g13_00036_18.tif
6165065,4,0.239,g13_00036_18.tif
6174464,2,0.0329,g13_00036_18.tif
6226842,8,0.4651,g13_00036_18.tif
6226846,3,0.1143,g13_00036_18.tif
6316769,2,0.0704,g13_00036_18.tif
6914472,1,0.1607,g13_00036_18.tif
6914473,2,0.0739,g13_00036_18.tif
7019123,2,0.0163,g13_00036_18.tif
6199428,2,0.0385,g13_00037_0.tif
6484667,9,0.4853,g13_00037_0.tif
6484669,1,0.0222,g13_00037_0.tif
6485549,2,0.0756,g13_00037_0.tif
6485550,9,0.3545,g13_00037_0.tif
6485556,4,0.0965,g13_00037_0.tif
6170802,1,0.0337,g13_00037_10.tif
6186574,3,0.1523,g13_00037_10.tif
6201802,6,0.354,g13_00037_10.tif
6201996,2,0.6888,g13_00037_10.tif
6202041,3,0.1321,g13_00037_10.tif
6202063,2,0.8473,g13_00037_10.tif
6203910,2,0.5102,g13_00037_10.tif
6289692,4,0.1085,g13_00037_10.tif
6289694,2,0.2329,g13_00037_10.tif
6289708,3,0.178,g13_00037_10.tif
6289942,3,0.0708,g13_00037_10.tif
6290018,2,0.0337,g13_00037_10.tif
6290081,1,0.1261,g13_00037_10.tif
6395888,5,0.7631,g13_00037_10.tif
6395898,4,0.5738,g13_00037_10.tif
6407305,2,0.0489,g13_00037_10.tif
6428185,4,0.25,g13_00037_10.tif
6428191,3,0.0714,g13_00037_10.tif
6600772,4,0.0605,g13_00037_10.tif
6622529,6,0.4874,g13_00037_10.tif
6622530,2,0.1536,g13_00037_10.tif
6622537,4,0.2646,g13_00037_10.tif
6624148,7,0.7658,g13_00037_10.tif
6624149,1,0.0102,g13_00037_10.tif
6624154,3,0.7113,g13_00037_10.tif
6624158,4,0.5,g13_00037_10.tif
6624350,2,0.0144,g13_00037_10.tif
6624424,2,0.0694,g13_00037_10.tif
6667031,3,0.1552,g13_00037_10.tif
6667051,5,0.2083,g13_00037_10.tif
6790150,3,0.31,g13_00037_10.tif
6790152,1,0.0429,g13_00037_10.tif
6790155,1,0.2121,g13_00037_10.tif
6790241,2,0.4024,g13_00037_10.tif
6111429,2,0.1083,g13_00037_11.tif
6395880,4,0.2894,g13_00037_11.tif
6395884,3,0.3297,g13_00037_11.tif
6395890,5,0.8325,g13_00037_11.tif
6428178,2,0.1299,g13_00037_11.tif
6567219,1,0.2812,g13_00037_11.tif
6573402,1,0.0371,g13_00037_11.tif
6588855,2,0.1191,g13_00037_11.tif
6620675,2,0.0488,g13_00037_11.tif
6622531,5,0.7987,g13_00037_11.tif
6667029,2,0.7013,g13_00037_11.tif
6667038,4,0.3009,g13_00037_11.tif
6978793,3,0.5058,g13_00037_11.tif
6978801,3,0.4043,g13_00037_11.tif
6978804,1,0.0912,g13_00037_11.tif
6978822,2,0.1139,g13_00037_11.tif
6978823,3,0.7882,g13_00037_11.tif
6978847,4,0.6477,g13_00037_11.tif
6978892,4,0.0777,g13_00037_11.tif
7019364,4,0.2841,g13_00037_11.tif
7019365,3,0.4564,g13_00037_11.tif
7019368,5,0.746,g13_00037_11.tif
7019372,6,0.7658,g13_00037_11.tif
7019382,2,0.0514,g13_00037_11.tif
7020765,3,0.5395,g13_00037_11.tif
7055828,2,0.4509,g13_00037_11.tif
6567219,1,0.2282,g13_00037_12.tif
6665747,5,0.3571,g13_00037_12.tif
6811437,10,0.2263,g13_00037_12.tif
6811440,4,0.4756,g13_00037_12.tif
6811441,5,0.5238,g13_00037_12.tif
6811445,2,0.1543,g13_00037_12.tif
6811450,1,0.1171,g13_00037_12.tif
6817921,2,0.0728,g13_00037_12.tif
6817922,5,0.6242,g13_00037_12.tif
6817995,3,0.0952,g13_00037_12.tif
6997874,4,0.4798,g13_00037_12.tif
6997875,2,0.4552,g13_00037_12.tif
6997876,2,0.0204,g13_00037_12.tif
6997877,6,0.162,g13_00037_12.tif
7055828,1,0.0365,g13_00037_12.tif
6109564,4,0.8693,g13_00038_6.tif
6130933,2,0.7613,g13_00038_6.tif
6140151,3,0.3822,g13_00038_6.tif
6140154,2,0.1622,g13_00038_6.tif
6145059,3,0.1857,g13_00038_6.tif
6159400,4,0.4053,g13_00038_6.tif
6184914,7,0.6011,g13_00038_6.tif
6184915,6,0.9104,g13_00038_6.tif
6194333,3,0.7704,g13_00038_6.tif
6228023,4,0.8107,g13_00038_6.tif
6228220,3,0.1679,g13_00038_6.tif
6237624,8,0.7292,g13_00038_6.tif
6237627,2,0.7769,g13_00038_6.tif
6269431,5,0.4335,g13_00038_6.tif
6269471,2,0.0316,g13_00038_6.tif
6269554,5,0.808,g13_00038_6.tif
6361609,2,0.25,g13_00038_6.tif
6361612,6,0.7053,g13_00038_6.tif
6379456,4,0.7641,g13_00038_6.tif
6379458,7,0.6761,g13_00038_6.tif
6379541,2,0.074,g13_00038_6.tif
6379909,1,0.0392,g13_00038_6.tif
6381066,6,0.3838,g13_00038_6.tif
6381938,4,0.8377,g13_00038_6.tif
6403146,6,0.2684,g13_00038_6.tif
6403280,3,0.2238,g13_00038_6.tif
6423333,3,0.5552,g13_00038_6.tif
6431627,4,0.7921,g13_00038_6.tif
6444162,6,0.4574,g13_00038_6.tif
6444163,1,0.0163,g13_00038_6.tif
6444164,3,0.2115,g13_00038_6.tif
6480177,4,0.8455,g13_00038_6.tif
6480179,3,0.654,g13_00038_6.tif
6480180,9,0.8494,g13_00038_6.tif
6494413,2,0.863,g13_00038_6.tif
6494415,7,0.4308,g13_00038_6.tif
6494535,5,0.7722,g13_00038_6.tif
6494536,7,0.3663,g13_00038_6.tif
6541375,7,0.4619,g13_00038_6.tif
6576186,3,0.3508,g13_00038_6.tif
6600268,2,0.3152,g13_00038_6.tif
6607477,2,0.9005,g13_00038_6.tif
6607480,2,0.1908,g13_00038_6.tif
6607600,2,0.7662,g13_00038_6.tif
6611064,5,0.7351,g13_00038_6.tif
6611065,5,0.7851,g13_00038_6.tif
6611066,5,0.8648,g13_00038_6.tif
6611068,2,0.7586,g13_00038_6.tif
6611080,4,0.1628,g13_00038_6.tif
6611084,5,0.8651,g13_00038_6.tif
6618718,6,0.9252,g13_00038_6.tif
6635358,2,0.4274,g13_00038_6.tif
6638051,3,0.7679,g13_00038_6.tif
6649088,8,0.9514,g13_00038_6.tif
6649089,4,0.8193,g13_00038_6.tif
6649121,2,0.6692,g13_00038_6.tif
6654300,3,0.4163,g13_00038_6.tif
6657262,3,0.8613,g13_00038_6.tif
6657265,7,0.6098,g13_00038_6.tif
6657282,1,0.0281,g13_00038_6.tif
6666388,2,0.5553,g13_00038_6.tif
6666396,7,0.6594,g13_00038_6.tif
6666398,7,0.827,g13_00038_6.tif
6666407,1,0.5351,g13_00038_6.tif
6666413,3,0.7692,g13_00038_6.tif
6667534,2,0.0645,g13_00038_6.tif
6673254,4,0.8926,g13_00038_6.tif
6691868,6,0.5845,g13_00038_6.tif
6691876,7,0.6663,g13_00038_6.tif
6701095,1,0.069,g13_00038_6.tif
6724494,2,0.4819,g13_00038_6.tif
6724495,2,0.4904,g13_00038_6.tif
6724892,3,0.0217,g13_00038_6.tif
6741086,7,0.5342,g13_00038_6.tif
6741099,3,0.1224,g13_00038_6.tif
6768406,6,0.4578,g13_00038_6.tif
6795328,4,0.3952,g13_00038_6.tif
6795331,3,0.4516,g13_00038_6.tif
6813630,4,0.6343,g13_00038_6.tif
6819386,4,0.4481,g13_00038_6.tif
6819390,7,0.4258,g13_00038_6.tif
6819396,3,0.5104,g13_00038_6.tif
6819397,6,0.4876,g13_00038_6.tif
6842407,6,0.7626,g13_00038_6.tif
6842409,5,0.8832,g13_00038_6.tif
6842411,3,0.8514,g13_00038_6.tif
6842600,3,0.7577,g13_00038_6.tif
6890209,3,0.584,g13_00038_6.tif
6892006,11,0.4581,g13_00038_6.tif
6892015,7,0.8595,g13_00038_6.tif
6892020,6,0.8707,g13_00038_6.tif
6892024,2,0.5656,g13_00038_6.tif
6895917,7,0.5101,g13_00038_6.tif
6895921,3,0.1398,g13_00038_6.tif
6895943,5,0.8672,g13_00038_6.tif
6916511,4,0.8618,g13_00038_6.tif
6917530,4,0.9418,g13_00038_6.tif
6917544,2,0.6451,g13_00038_6.tif
6917547,2,0.3077,g13_00038_6.tif
6917551,4,0.7692,g13_00038_6.tif
6925120,11,0.3247,g13_00038_6.tif
6925125,4,0.1766,g13_00038_6.tif
6936442,4,0.071,g13_00038_6.tif
6936465,4,0.8955,g13_00038_6.tif
6936466,2,0.4267,g13_00038_6.tif
6941128,3,0.8618,g13_00038_6.tif
6941148,3,0.8849,g13_00038_6.tif
6941222,9,0.4855,g13_00038_6.tif
6966237,3,0.8481,g13_00038_6.tif
7019857,2,0.2506,g13_00038_6.tif
7033468,6,0.2343,g13_00038_6.tif
7033471,3,0.9109,g13_00038_6.tif
7045314,5,0.2321,g13_00038_6.tif
7045315,5,0.7609,g13_00038_6.tif
7053332,2,0.9495,g13_00038_6.tif
7081992,3,0.9788,g13_00038_6.tif
6126171,2,0.4365,g13_00038_7.tif
6126175,2,0.3095,g13_00038_7.tif
6126230,1,0.0242,g13_00038_7.tif
6130418,3,0.4126,g13_00038_7.tif
6130654,2,0.0776,g13_00038_7.tif
6147123,4,0.7463,g13_00038_7.tif
6158926,4,0.0808,g13_00038_7.tif
6159398,5,0.5,g13_00038_7.tif
6159399,1,0.1506,g13_00038_7.tif
6159400,3,0.4923,g13_00038_7.tif
6184916,4,0.7343,g13_00038_7.tif
6269240,5,0.3464,g13_00038_7.tif
6269242,1,0.1138,g13_00038_7.tif
6270828,4,0.5119,g13_00038_7.tif
6270904,3,0.6162,g13_00038_7.tif
6280091,4,0.5732,g13_00038_7.tif
6280213,2,0.375,g13_00038_7.tif
6360843,6,0.4165,g13_00038_7.tif
6379457,9,0.3519,g13_00038_7.tif
6423327,4,0.3376,g13_00038_7.tif
6431623,2,0.3688,g13_00038_7.tif
6431626,6,0.8874,g13_00038_7.tif
6431627,2,0.1261,g13_00038_7.tif
6437594,3,0.9376,g13_00038_7.tif
6444163,6,0.5556,g13_00038_7.tif
6469751,2,0.6468,g13_00038_7.tif
6469755,4,0.7692,g13_00038_7.tif
6469759,4,0.6791,g13_00038_7.tif
6469760,6,0.7132,g13_00038_7.tif
6469773,6,0.3076,g13_00038_7.tif
6478750,4,0.8977,g13_00038_7.tif
6480179,2,0.7512,g13_00038_7.tif
6494413,4,0.8612,g13_00038_7.tif
6494416,2,0.1927,g13_00038_7.tif
6494419,3,0.1346,g13_00038_7.tif
6499095,6,0.5441,g13_00038_7.tif
6576174,7,0.4064,g13_00038_7.tif
6576176,3,0.7945,g13_00038_7.tif
6578503,2,0.5254,g13_00038_7.tif
6581320,6,0.3834,g13_00038_7.tif
6610264,8,0.4181,g13_00038_7.tif
6632757,7,0.1169,g13_00038_7.tif
6638044,5,0.9401,g13_00038_7.tif
6638045,5,0.9271,g13_00038_7.tif
6638051,3,0.7833,g13_00038_7.tif
6642355,7,0.7727,g13_00038_7.tif
6649522,3,0.0538,g13_00038_7.tif
6649523,6,0.1227,g13_00038_7.tif
6654301,8,0.8259,g13_00038_7.tif
6655499,4,0.7302,g13_00038_7.tif
6657266,3,0.2027,g13_00038_7.tif
6657271,4,0.4763,g13_00038_7.tif
6666388,7,0.6596,g13_00038_7.tif
6666405,4,0.5019,g13_00038_7.tif
6666412,4,0.5114,g13_00038_7.tif
6691876,3,0.8358,g13_00038_7.tif
6691878,4,0.7054,g13_00038_7.tif
6701083,3,0.7178,g13_00038_7.tif
6701223,7,0.7774,g13_00038_7.tif
6712580,3,0.8987,g13_00038_7.tif
6713322,4,0.7369,g13_00038_7.tif
6713327,1,0.5569,g13_00038_7.tif
6713330,2,0.0585,g13_00038_7.tif
6717165,2,0.2769,g13_00038_7.tif
6731644,6,0.7718,g13_00038_7.tif
6731648,1,0.8314,g13_00038_7.tif
6795320,4,0.9121,g13_00038_7.tif
6807755,4,0.8075,g13_00038_7.tif
6807764,4,0.3279,g13_00038_7.tif
6869727,2,0.7593,g13_00038_7.tif
6869735,4,0.7506,g13_00038_7.tif
6869743,4,0.5711,g13_00038_7.tif
6870746,2,0.2562,g13_00038_7.tif
6892299,5,0.4944,g13_00038_7.tif
6892316,4,0.9173,g13_00038_7.tif
6892360,2,0.0123,g13_00038_7.tif
6917529,2,0.7505,g13_00038_7.tif
6917530,3,0.9267,g13_00038_7.tif
6917538,2,0.8943,g13_00038_7.tif
6918158,2,0.7672,g13_00038_7.tif
6936423,7,0.4945,g13_00038_7.tif
6936435,4,0.75,g13_00038_7.tif
6936436,6,0.6408,g13_00038_7.tif
6936437,8,0.5068,g13_00038_7.tif
6936926,2,0.1074,g13_00038_7.tif
6941128,1,0.7571,g13_00038_7.tif
6941133,3,0.7441,g13_00038_7.tif
6941134,3,0.2804,g13_00038_7.tif
6941136,6,0.6116,g13_00038_7.tif
6941140,3,0.7039,g13_00038_7.tif
6941152,8,0.2902,g13_00038_7.tif
6966236,5,0.9121,g13_00038_7.tif
6985662,10,0.2994,g13_00038_7.tif
6985697,7,0.2735,g13_00038_7.tif
6988129,1,0.6747,g13_00038_7.tif
7021385,1,0.9038,g13_00038_7.tif
7033467,6,0.8962,g13_00038_7.tif
7033474,5,0.738,g13_00038_7.tif
7045215,3,0.8978,g13_00038_7.tif
7045216,5,0.8402,g13_00038_7.tif
7045311,5,0.7718,g13_00038_7.tif
7045314,4,0.6786,g13_00038_7.tif
7053311,7,0.5755,g13_00038_7.tif
7053312,13,0.5953,g13_00038_7.tif
7053332,6,0.9314,g13_00038_7.tif
7053516,1,0.8229,g13_00038_7.tif
7053517,5,0.8228,g13_00038_7.tif
6109559,3,0.8137,g13_00038_8.tif
6109562,1,0.7217,g13_00038_8.tif
6118060,3,0.3514,g13_00038_8.tif
6164251,4,0.8996,g13_00038_8.tif
6164252,5,0.8898,g13_00038_8.tif
6169855,1,0.4713,g13_00038_8.tif
6255856,5,0.6675,g13_00038_8.tif
6280091,1,0.6161,g13_00038_8.tif
6280094,6,0.6953,g13_00038_8.tif
6280213,2,0.6885,g13_00038_8.tif
6289854,8,0.6135,g13_00038_8.tif
6289855,3,0.8917,g13_00038_8.tif
6289858,3,0.2555,g13_00038_8.tif
6289864,3,0.7353,g13_00038_8.tif
6311638,4,0.2119,g13_00038_8.tif
6338477,6,0.7128,g13_00038_8.tif
6338478,1,0.5996,g13_00038_8.tif
6338479,4,0.7811,g13_00038_8.tif
6352222,5,0.6485,g13_00038_8.tif
6370959,5,0.481,g13_00038_8.tif
6375563,3,0.9213,g13_00038_8.tif
6375565,4,0.8694,g13_00038_8.tif
6375566,5,0.9041,g13_00038_8.tif
6375571,5,0.1144,g13_00038_8.tif
6426287,5,0.4484,g13_00038_8.tif
6426293,2,0.1944,g13_00038_8.tif
6434498,6,0.6131,g13_00038_8.tif
6437594,5,0.8943,g13_00038_8.tif
6437597,6,0.6648,g13_00038_8.tif
6448682,5,0.8762,g13_00038_8.tif
6452220,5,0.5414,g13_00038_8.tif
6485310,1,0.871,g13_00038_8.tif
6488887,4,0.8108,g13_00038_8.tif
6493485,5,0.1353,g13_00038_8.tif
6499099,6,0.1551,g13_00038_8.tif
6510318,1,0.0268,g13_00038_8.tif
6533293,6,0.3603,g13_00038_8.tif
6564617,5,0.834,g13_00038_8.tif
6564644,3,0.7544,g13_00038_8.tif
6576176,3,0.714,g13_00038_8.tif
6576182,4,0.9209,g13_00038_8.tif
6576184,4,0.7392,g13_00038_8.tif
6581272,5,0.7613,g13_00038_8.tif
6581292,4,0.4642,g13_00038_8.tif
6581301,1,0.287,g13_00038_8.tif
6599677,9,0.9113,g13_00038_8.tif
6610267,5,0.1707,g13_00038_8.tif
6611046,6,0.8453,g13_00038_8.tif
6611050,5,0.4826,g13_00038_8.tif
6615122,4,0.4597,g13_00038_8.tif
6621945,2,0.9417,g13_00038_8.tif
6635868,4,0.9173,g13_00038_8.tif
6635869,8,0.5714,g13_00038_8.tif
6655499,6,0.7783,g13_00038_8.tif
6662556,2,0.5776,g13_00038_8.tif
6701091,6,0.5172,g13_00038_8.tif
6706858,3,0.6324,g13_00038_8.tif
6712580,2,0.955,g13_00038_8.tif
6712585,8,0.5682,g13_00038_8.tif
6712586,9,0.9352,g13_00038_8.tif
6712597,8,0.3822,g13_00038_8.tif
6713321,6,0.9527,g13_00038_8.tif
6720040,2,0.5284,g13_00038_8.tif
6721585,6,0.5666,g13_00038_8.tif
6780725,4,0.811,g13_00038_8.tif
6782506,2,0.8079,g13_00038_8.tif
6782509,3,0.8438,g13_00038_8.tif
6782510,4,0.461,g13_00038_8.tif
6782513,6,0.637,g13_00038_8.tif
6782539,2,0.365,g13_00038_8.tif
6782540,5,0.868,g13_00038_8.tif
6782646,3,0.4182,g13_00038_8.tif
6785323,3,0.8844,g13_00038_8.tif
6810218,4,0.8824,g13_00038_8.tif
6810221,4,0.9405,g13_00038_8.tif
6810232,3,0.3651,g13_00038_8.tif
6812394,5,0.396,g13_00038_8.tif
6813475,10,0.9516,g13_00038_8.tif
6819393,5,0.6535,g13_00038_8.tif
6861937,7,0.6392,g13_00038_8.tif
6861990,10,0.9088,g13_00038_8.tif
6869727,6,0.8322,g13_00038_8.tif
6869743,2,0.4636,g13_00038_8.tif
6869745,4,0.4216,g13_00038_8.tif
6870746,1,0.3015,g13_00038_8.tif
6887246,1,0.8638,g13_00038_8.tif
6888555,3,0.8103,g13_00038_8.tif
6888562,5,0.3016,g13_00038_8.tif
6889797,4,0.4919,g13_00038_8.tif
6889850,3,0.9244,g13_00038_8.tif
6892316,4,0.8769,g13_00038_8.tif
6892331,2,0.765,g13_00038_8.tif
6892871,2,0.7092,g13_00038_8.tif
6917538,3,0.6488,g13_00038_8.tif
6917552,6,0.9106,g13_00038_8.tif
6936435,4,0.456,g13_00038_8.tif
6936926,1,0.1613,g13_00038_8.tif
7011786,1,0.091,g13_00038_8.tif
7021385,1,0.8786,g13_00038_8.tif
7021386,6,0.9223,g13_00038_8.tif
6103295,5,0.884,g13_00039_8.tif
6103313,4,0.1809,g13_00039_8.tif
6141138,9,0.5736,g13_00039_8.tif
6141145,7,0.8847,g13_00039_8.tif
6141151,2,0.754,g13_00039_8.tif
6141155,6,0.2622,g13_00039_8.tif
6141158,5,0.4093,g13_00039_8.tif
6141171,3,0.3646,g13_00039_8.tif
6296027,3,0.7424,g13_00039_8.tif
6321279,3,0.7401,g13_00039_8.tif
6340059,3,0.3298,g13_00039_8.tif
6340061,4,0.2924,g13_00039_8.tif
6340064,2,0.4021,g13_00039_8.tif
6511522,2,0.1857,g13_00039_8.tif
6511818,2,0.5745,g13_00039_8.tif
6511966,4,0.8282,g13_00039_8.tif
6511968,3,0.2835,g13_00039_8.tif
6512030,3,0.7687,g13_00039_8.tif
6512032,2,0.5339,g13_00039_8.tif
6514067,2,0.875,g13_00039_8.tif
6516971,2,0.0474,g13_00039_8.tif
6548426,2,0.7195,g13_00039_8.tif
6578793,3,0.8444,g13_00039_8.tif
6578819,4,0.3184,g13_00039_8.tif
6603671,5,0.5902,g13_00039_8.tif
6603672,3,0.5897,g13_00039_8.tif
6603673,3,0.5579,g13_00039_8.tif
6610923,3,0.3244,g13_00039_8.tif
6630974,6,0.498,g13_00039_8.tif
6630977,5,0.8164,g13_00039_8.tif
6630986,5,0.6159,g13_00039_8.tif
6630987,4,0.5905,g13_00039_8.tif
6679874,2,0.3421,g13_00039_8.tif
6679877,2,0.3503,g13_00039_8.tif
6679881,2,0.7038,g13_00039_8.tif
6679885,3,0.4696,g13_00039_8.tif
6679888,4,0.7874,g13_00039_8.tif
6684198,6,0.5178,g13_00039_8.tif
6684203,3,0.5339,g13_00039_8.tif
6684211,5,0.8409,g13_00039_8.tif
6684214,8,0.2899,g13_00039_8.tif
6684217,2,0.2692,g13_00039_8.tif
6687554,8,0.5223,g13_00039_8.tif
6687555,4,0.8958,g13_00039_8.tif
6687557,7,0.443,g13_00039_8.tif
6773785,13,0.227,g13_00039_8.tif
6791107,11,0.4414,g13_00039_8.tif
6791115,4,0.8372,g13_00039_8.tif
6791117,9,0.7424,g13_00039_8.tif
6791126,4,0.6539,g13_00039_8.tif
6791138,5,0.6932,g13_00039_8.tif
6791139,10,0.538,g13_00039_8.tif
6791161,5,0.792,g13_00039_8.tif
6791164,2,0.5039,g13_00039_8.tif
6791211,9,0.6257,g13_00039_8.tif
6791220,4,0.1901,g13_00039_8.tif
6799311,4,0.8623,g13_00039_8.tif
6799319,3,0.1994,g13_00039_8.tif
6799328,4,0.2331,g13_00039_8.tif
6799333,3,0.2043,g13_00039_8.tif
6800881,2,0.1111,g13_00039_8.tif
6801719,2,0.6481,g13_00039_8.tif
6802119,3,0.7073,g13_00039_8.tif
6815191,7,0.4014,g13_00039_8.tif
6815192,7,0.9056,g13_00039_8.tif
6815193,10,0.85,g13_00039_8.tif
6815205,7,0.6742,g13_00039_8.tif
6815213,1,0.431,g13_00039_8.tif
6815214,12,0.4344,g13_00039_8.tif
6815222,2,0.4872,g13_00039_8.tif
6815231,2,0.8864,g13_00039_8.tif
6815267,5,0.3,g13_00039_8.tif
6819849,12,0.4299,g13_00039_8.tif
6819944,6,0.53,g13_00039_8.tif
6845041,11,0.5094,g13_00039_8.tif
6845042,6,0.6582,g13_00039_8.tif
6845046,5,0.494,g13_00039_8.tif
6862048,3,0.7332,g13_00039_8.tif
6862173,4,0.8553,g13_00039_8.tif
6862202,4,0.8441,g13_00039_8.tif
6862221,6,0.3972,g13_00039_8.tif
6913075,5,0.8107,g13_00039_8.tif
6913077,4,0.5936,g13_00039_8.tif
6993498,7,0.6495,g13_00039_8.tif
6993504,3,0.7137,g13_00039_8.tif
6993509,14,0.3311,g13_00039_8.tif
6993516,4,0.2088,g13_00039_8.tif
6993526,2,0.4921,g13_00039_8.tif
7002189,1,0.254,g13_00039_8.tif
7002195,6,0.9018,g13_00039_8.tif
7002203,2,0.0968,g13_00039_8.tif
7002205,2,0.5085,g13_00039_8.tif
7002209,4,0.8913,g13_00039_8.tif
7002423,2,0.2917,g13_00039_8.tif
7004034,4,0.3933,g13_00039_8.tif
7004067,2,0.1434,g13_00039_8.tif
7004079,5,0.5351,g13_00039_8.tif
7011921,1,0.4286,g13_00039_8.tif
7014213,2,0.1394,g13_00039_8.tif
7014214,4,0.5,g13_00039_8.tif
6109342,3,0.4881,g13_00040_10.tif
6109484,4,0.3953,g13_00040_10.tif
6111973,4,0.2078,g13_00040_10.tif
6114202,5,0.769,g13_00040_10.tif
6114204,4,0.3102,g13_00040_10.tif
6115472,4,0.2647,g13_00040_10.tif
6115476,4,0.1273,g13_00040_10.tif
6115999,4,0.5558,g13_00040_10.tif
6117486,5,0.6471,g13_00040_10.tif
6117843,4,0.1169,g13_00040_10.tif
6173707,6,0.4396,g13_00040_10.tif
6178445,3,0.6327,g13_00040_10.tif
6178446,6,0.6554,g13_00040_10.tif
6178449,3,0.5868,g13_00040_10.tif
6178451,2,0.4525,g13_00040_10.tif
6178453,2,0.2143,g13_00040_10.tif
6178454,7,0.1548,g13_00040_10.tif
6178456,5,0.7107,g13_00040_10.tif
6178460,2,0.2882,g13_00040_10.tif
6347767,6,0.6337,g13_00040_10.tif
6474742,6,0.6723,g13_00040_10.tif
6505604,3,0.2473,g13_00040_10.tif
6514747,3,0.7736,g13_00040_10.tif
6514752,3,0.1599,g13_00040_10.tif
6582123,6,0.3697,g13_00040_10.tif
6582124,7,0.6602,g13_00040_10.tif
6582135,4,0.8832,g13_00040_10.tif
6582137,6,0.7221,g13_00040_10.tif
6582147,7,0.7396,g13_00040_10.tif
6582150,4,0.807,g13_00040_10.tif
6582158,4,0.151,g13_00040_10.tif
6756441,6,0.8921,g13_00040_10.tif
6763487,4,0.4018,g13_00040_10.tif
6794900,10,0.1671,g13_00040_10.tif
6818904,3,0.6354,g13_00040_10.tif
6818905,10,0.7588,g13_00040_10.tif
6837891,2,0.3799,g13_00040_10.tif
6837894,5,0.75,g13_00040_10.tif
6916729,3,0.5444,g13_00040_10.tif
6992900,2,0.5478,g13_00040_10.tif
6992903,15,0.7274,g13_00040_10.tif
6992920,4,0.7987,g13_00040_10.tif
6992927,3,0.6151,g13_00040_10.tif
6992929,6,0.5756,g13_00040_10.tif
6992936,6,0.5341,g13_00040_10.tif
6992942,4,0.7088,g13_00040_10.tif
6992943,5,0.7219,g13_00040_10.tif
6993274,2,0.1854,g13_00040_10.tif
6993620,1,0.012,g13_00040_10.tif
7044925,5,0.7819,g13_00040_10.tif
6114200,3,0.3248,g13_00040_11.tif
6173708,3,0.1786,g13_00040_11.tif
6357693,2,0.7105,g13_00040_11.tif
6514734,12,0.2217,g13_00040_11.tif
6514746,4,0.6503,g13_00040_11.tif
6514747,4,0.6592,g13_00040_11.tif
6514748,5,0.3893,g13_00040_11.tif
6514749,8,0.8008,g13_00040_11.tif
6514758,2,0.0646,g13_00040_11.tif
6514760,3,0.3499,g13_00040_11.tif
6531463,4,0.3716,g13_00040_11.tif
6558182,6,0.181,g13_00040_11.tif
6558183,4,0.5105,g13_00040_11.tif
6558186,5,0.4946,g13_00040_11.tif
6558188,2,0.3636,g13_00040_11.tif
6558191,2,0.1313,g13_00040_11.tif
6660158,3,0.5898,g13_00040_11.tif
6660160,6,0.8521,g13_00040_11.tif
6660179,1,0.1634,g13_00040_11.tif
6756446,6,0.7845,g13_00040_11.tif
6756466,3,0.6744,g13_00040_11.tif
6794918,4,0.4028,g13_00040_11.tif
6861895,12,0.4847,g13_00040_11.tif
6862097,10,0.7811,g13_00040_11.tif
6110267,2,0.0978,g13_00040_9.tif
6110269,1,0.3571,g13_00040_9.tif
6115993,4,0.7489,g13_00040_9.tif
6115996,1,0.025,g13_00040_9.tif
6117484,2,0.7339,g13_00040_9.tif
6117486,1,0.1136,g13_00040_9.tif
6117516,5,0.8693,g13_00040_9.tif
6117535,6,0.7918,g13_00040_9.tif
6117537,5,0.4577,g13_00040_9.tif
6117836,2,0.0883,g13_00040_9.tif
6117837,4,0.6816,g13_00040_9.tif
6117838,4,0.491,g13_00040_9.tif
6117841,6,0.3544,g13_00040_9.tif
6117851,1,0.0617,g13_00040_9.tif
6117978,2,0.0853,g13_00040_9.tif
6188331,3,0.6443,g13_00040_9.tif
6188346,4,0.3588,g13_00040_9.tif
6298397,2,0.451,g13_00040_9.tif
6298411,3,0.3293,g13_00040_9.tif
6342651,6,0.2698,g13_00040_9.tif
6342799,6,0.4103,g13_00040_9.tif
6474734,3,0.5257,g13_00040_9.tif
6474735,4,0.2624,g13_00040_9.tif
6474736,4,0.6983,g13_00040_9.tif
6702104,3,0.3833,g13_00040_9.tif
6763468,8,0.6077,g13_00040_9.tif
6794900,4,0.5841,g13_00040_9.tif
6794910,6,0.5536,g13_00040_9.tif
6794917,4,0.739,g13_00040_9.tif
6796023,7,0.5817,g13_00040_9.tif
6796047,3,0.3262,g13_00040_9.tif
6818904,1,0.1254,g13_00040_9.tif
7017156,4,0.5049,g13_00040_9.tif
6103608,6,0.7833,g13_00043_2.tif
6114199,3,0.7897,g13_00043_2.tif
6150089,2,0.6091,g13_00043_2.tif
6192019,5,0.6223,g13_00043_2.tif
6194323,3,0.2737,g13_00043_2.tif
6194327,1,0.2611,g13_00043_2.tif
6197158,2,0.8209,g13_00043_2.tif
6197159,1,0.028,g13_00043_2.tif
6233721,3,0.4782,g13_00043_2.tif
6285155,2,0.1538,g13_00043_2.tif
6299590,4,0.6103,g13_00043_2.tif
6299599,3,0.168,g13_00043_2.tif
6367461,2,0.4062,g13_00043_2.tif
6367495,2,0.3784,g13_00043_2.tif
6367534,1,0.2364,g13_00043_2.tif
6367591,2,0.7182,g13_00043_2.tif
6381201,6,0.5883,g13_00043_2.tif
6387956,4,0.4387,g13_00043_2.tif
6387960,4,0.7574,g13_00043_2.tif
6387964,2,0.757,g13_00043_2.tif
6387971,3,0.0519,g13_00043_2.tif
6404495,2,0.0669,g13_00043_2.tif
6527282,3,0.8634,g13_00043_2.tif
6527283,4,0.3406,g13_00043_2.tif
6531432,7,0.6236,g13_00043_2.tif
6531464,6,0.5694,g13_00043_2.tif
6630470,2,0.3453,g13_00043_2.tif
6641467,3,0.4685,g13_00043_2.tif
6756422,1,0.3862,g13_00043_2.tif
6764580,5,0.7985,g13_00043_2.tif
6820365,4,0.9075,g13_00043_2.tif
6840405,4,0.344,g13_00043_2.tif
6916728,4,0.0621,g13_00043_2.tif
6930263,5,0.0592,g13_00043_2.tif
6985638,2,0.0114,g13_00043_2.tif
6985642,5,0.6027,g13_00043_2.tif
6985658,3,0.5765,g13_00043_2.tif
7016238,6,0.9305,g13_00043_2.tif
6128503,7,0.5593,g13_00043_3.tif
6128508,5,0.8092,g13_00043_3.tif
6178461,9,0.3418,g13_00043_3.tif
6178539,2,0.0792,g13_00043_3.tif
6194313,3,0.9283,g13_00043_3.tif
6194317,2,0.5943,g13_00043_3.tif
6194320,3,0.8333,g13_00043_3.tif
6194323,5,0.1062,g13_00043_3.tif
6218804,2,0.1374,g13_00043_3.tif
6219010,5,0.8697,g13_00043_3.tif
6219026,6,0.6114,g13_00043_3.tif
6221697,3,0.495,g13_00043_3.tif
6221698,3,0.2203,g13_00043_3.tif
6221700,1,0.2288,g13_00043_3.tif
6221852,3,0.1818,g13_00043_3.tif
6222908,2,0.2044,g13_00043_3.tif
6222909,4,0.1961,g13_00043_3.tif
6225383,8,0.4814,g13_00043_3.tif
6225384,2,0.0707,g13_00043_3.tif
6233721,6,0.3283,g13_00043_3.tif
6233722,5,0.6498,g13_00043_3.tif
6233723,4,0.5205,g13_00043_3.tif
6233724,5,0.3938,g13_00043_3.tif
6245732,5,0.251,g13_00043_3.tif
6285140,2,0.0896,g13_00043_3.tif
6285141,7,0.4758,g13_00043_3.tif
6285143,5,0.7004,g13_00043_3.tif
6285144,5,0.673,g13_00043_3.tif
6285148,5,0.4129,g13_00043_3.tif
6285149,5,0.3145,g13_00043_3.tif
6285154,7,0.407,g13_00043_3.tif
6285155,3,0.5805,g13_00043_3.tif
6285158,2,0.1488,g13_00043_3.tif
6285411,3,0.3423,g13_00043_3.tif
6296796,4,0.5215,g13_00043_3.tif
6296853,5,0.3216,g13_00043_3.tif
6296874,2,0.1481,g13_00043_3.tif
6327061,5,0.932,g13_00043_3.tif
6514733,22,0.3794,g13_00043_3.tif
6514737,9,0.6795,g13_00043_3.tif
6514738,9,0.3709,g13_00043_3.tif
6514745,2,0.6818,g13_00043_3.tif
6514757,4,0.7886,g13_00043_3.tif
6514762,5,0.7116,g13_00043_3.tif
6630470,5,0.7183,g13_00043_3.tif
6660149,7,0.5422,g13_00043_3.tif
6660167,3,0.808,g13_00043_3.tif
6660169,9,0.3825,g13_00043_3.tif
6660172,4,0.3913,g13_00043_3.tif
6660175,3,0.8576,g13_00043_3.tif
6660183,1,0.1149,g13_00043_3.tif
6661741,12,0.5124,g13_00043_3.tif
6661764,6,0.8372,g13_00043_3.tif
6756422,6,0.305,g13_00043_3.tif
6756430,5,0.7554,g13_00043_3.tif
6756435,4,0.354,g13_00043_3.tif
6756463,5,0.5875,g13_00043_3.tif
6820365,3,0.858,g13_00043_3.tif
6916723,8,0.827,g13_00043_3.tif
6985658,4,0.7297,g13_00043_3.tif
6985741,6,0.4436,g13_00043_3.tif
7077538,1,0.128,g13_00043_3.tif
7077539,3,0.2609,g13_00043_3.tif
6164648,2,0.0143,g13_00043_4.tif
6164649,2,0.0377,g13_00043_4.tif
6164650,8,0.5419,g13_00043_4.tif
6164653,3,0.0392,g13_00043_4.tif
6164654,2,0.0697,g13_00043_4.tif
6164817,6,0.4343,g13_00043_4.tif
6170221,9,0.7885,g13_00043_4.tif
6170237,5,0.7277,g13_00043_4.tif
6218807,4,0.6416,g13_00043_4.tif
6222910,6,0.5325,g13_00043_4.tif
6266455,6,0.8787,g13_00043_4.tif
6285144,4,0.7733,g13_00043_4.tif
6285146,5,0.4114,g13_00043_4.tif
6285149,3,0.7105,g13_00043_4.tif
6285322,4,0.6027,g13_00043_4.tif
6357692,10,0.5556,g13_00043_4.tif
6357693,5,0.5385,g13_00043_4.tif
6357698,5,0.7715,g13_00043_4.tif
6410552,2,0.7455,g13_00043_4.tif
6514737,6,0.5493,g13_00043_4.tif
6514739,2,0.0167,g13_00043_4.tif
6514741,3,0.5028,g13_00043_4.tif
6514745,4,0.6529,g13_00043_4.tif
6514750,4,0.794,g13_00043_4.tif
6514758,4,0.7169,g13_00043_4.tif
6514765,4,0.812,g13_00043_4.tif
6514766,6,0.823,g13_00043_4.tif
6644256,3,0.5344,g13_00043_4.tif
6644270,4,0.6182,g13_00043_4.tif
6644284,4,0.7326,g13_00043_4.tif
6660158,4,0.4148,g13_00043_4.tif
6660164,6,0.4543,g13_00043_4.tif
6660175,5,0.4923,g13_00043_4.tif
6660179,2,0.3914,g13_00043_4.tif
6756449,6,0.8089,g13_00043_4.tif
6756469,4,0.3801,g13_00043_4.tif
6756472,3,0.3701,g13_00043_4.tif
6836164,4,0.464,g13_00043_4.tif
6916730,2,0.0312,g13_00043_4.tif
6919721,4,0.6468,g13_00043_4.tif
7050884,2,0.5303,g13_00043_4.tif
7050885,2,0.0923,g13_00043_4.tif
7050902,2,0.0617,g13_00043_4.tif
6150089,3,0.4178,g13_00045_14.tif
6277952,3,0.7091,g13_00045_14.tif
6299599,6,0.1733,g13_00045_14.tif
6367461,3,0.4651,g13_00045_14.tif
6367495,6,0.2871,g13_00045_14.tif
6367534,3,0.2834,g13_00045_14.tif
6367591,2,0.776,g13_00045_14.tif
6381201,2,0.8284,g13_00045_14.tif
6387948,8,0.3845,g13_00045_14.tif
6387949,7,0.9093,g13_00045_14.tif
6387951,5,0.7976,g13_00045_14.tif
6387970,6,0.817,g13_00045_14.tif
6387971,6,0.8873,g13_00045_14.tif
6404495,6,0.7364,g13_00045_14.tif
6561635,4,0.5499,g13_00045_14.tif
6585238,8,0.6172,g13_00045_14.tif
6671295,4,0.8028,g13_00045_14.tif
6671296,9,0.8005,g13_00045_14.tif
6671303,4,0.7697,g13_00045_14.tif
6671338,7,0.7881,g13_00045_14.tif
6671368,9,0.7209,g13_00045_14.tif
6752735,1,0.1101,g13_00045_14.tif
6759745,6,0.4335,g13_00045_14.tif
6796535,8,0.8828,g13_00045_14.tif
6796540,4,0.9255,g13_00045_14.tif
6796582,11,0.3015,g13_00045_14.tif
6796583,6,0.7025,g13_00045_14.tif
6919729,4,0.9143,g13_00045_14.tif
6985638,5,0.8786,g13_00045_14.tif
6985744,2,0.7605,g13_00045_14.tif
6992908,8,0.5063,g13_00045_14.tif
6160562,6,0.7047,g13_00045_15.tif
6168948,5,0.3229,g13_00045_15.tif
6168951,2,0.274,g13_00045_15.tif
6194313,6,0.5671,g13_00045_15.tif
6194323,2,0.0691,g13_00045_15.tif
6194332,2,0.2455,g13_00045_15.tif
6252264,7,0.8343,g13_00045_15.tif
6299598,2,0.4164,g13_00045_15.tif
6327061,3,0.7804,g13_00045_15.tif
6330034,8,0.5553,g13_00045_15.tif
6368949,3,0.2366,g13_00045_15.tif
6368951,6,0.7165,g13_00045_15.tif
6368962,4,0.1915,g13_00045_15.tif
6368963,8,0.3724,g13_00045_15.tif
6387948,18,0.1956,g13_00045_15.tif
6387979,1,0.2842,g13_00045_15.tif
6387987,4,0.3194,g13_00045_15.tif
6409664,2,0.6379,g13_00045_15.tif
6409665,2,0.1107,g13_00045_15.tif
6410548,5,0.6614,g13_00045_15.tif
6461980,8,0.415,g13_00045_15.tif
6514761,1,0.017,g13_00045_15.tif
6514767,2,0.109,g13_00045_15.tif
6561619,1,0.0208,g13_00045_15.tif
6573154,9,0.4235,g13_00045_15.tif
6594747,4,0.6086,g13_00045_15.tif
6594748,7,0.9047,g13_00045_15.tif
6630470,4,0.5439,g13_00045_15.tif
6749803,10,0.4706,g13_00045_15.tif
6766308,10,0.3276,g13_00045_15.tif
6833615,7,0.7553,g13_00045_15.tif
6833636,6,0.655,g13_00045_15.tif
6833936,3,0.7289,g13_00045_15.tif
6837885,8,0.3096,g13_00045_15.tif
6854905,4,0.4266,g13_00045_15.tif
6854987,4,0.4365,g13_00045_15.tif
6854988,6,0.4033,g13_00045_15.tif
6894304,2,0.8137,g13_00045_15.tif
6919729,4,0.9304,g13_00045_15.tif
7077892,4,0.899,g13_00045_15.tif
6116131,7,0.3841,g13_00045_16.tif
6160562,2,0.7228,g13_00045_16.tif
6285157,6,0.7151,g13_00045_16.tif
6311207,5,0.9394,g13_00045_16.tif
6318670,6,0.4975,g13_00045_16.tif
6330034,5,0.4632,g13_00045_16.tif
6367438,1,0.0164,g13_00045_16.tif
6368949,8,0.3002,g13_00045_16.tif
6368963,4,0.7768,g13_00045_16.tif
6409599,3,0.7361,g13_00045_16.tif
6409664,7,0.709,g13_00045_16.tif
6409665,6,0.312,g13_00045_16.tif
6410550,3,0.4902,g13_00045_16.tif
6410552,4,0.7533,g13_00045_16.tif
6514761,9,0.4378,g13_00045_16.tif
6606330,9,0.7537,g13_00045_16.tif
6606331,6,0.5427,g13_00045_16.tif
6644275,8,0.4673,g13_00045_16.tif
6644290,4,0.3534,g13_00045_16.tif
6649023,4,0.4796,g13_00045_16.tif
6676416,8,0.1673,g13_00045_16.tif
6756443,6,0.8752,g13_00045_16.tif
6756450,7,0.3303,g13_00045_16.tif
6794895,6,0.8085,g13_00045_16.tif
6794898,6,0.574,g13_00045_16.tif
6854934,7,0.8477,g13_00045_16.tif
6854987,3,0.3078,g13_00045_16.tif
6854988,5,0.3023,g13_00045_16.tif
6894304,8,0.3274,g13_00045_16.tif
6919730,11,0.666,g13_00045_16.tif
6919734,4,0.5558,g13_00045_16.tif
6985702,3,0.4368,g13_00045_16.tif
7050890,4,0.7117,g13_00045_16.tif
7050898,6,0.2407,g13_00045_16.tif
7065401,1,0.1254,g13_00045_16.tif
6128080,3,0.648,g13_00047_14.tif
6148356,6,0.5936,g13_00047_14.tif
6148357,3,0.0893,g13_00047_14.tif
6155010,3,0.4,g13_00047_14.tif
6260313,5,0.4964,g13_00047_14.tif
6260314,7,0.4298,g13_00047_14.tif
6260316,5,0.3177,g13_00047_14.tif
6260318,6,0.6828,g13_00047_14.tif
6260349,3,0.4375,g13_00047_14.tif
6272812,2,0.4764,g13_00047_14.tif
6272859,1,0.0108,g13_00047_14.tif
6468235,4,0.8328,g13_00047_14.tif
6468239,4,0.6646,g13_00047_14.tif
6468247,2,0.098,g13_00047_14.tif
6489321,1,0.0554,g13_00047_14.tif
6519248,4,0.7595,g13_00047_14.tif
6519249,3,0.3755,g13_00047_14.tif
6519250,3,0.4144,g13_00047_14.tif
6519251,5,0.6161,g13_00047_14.tif
6519253,3,0.443,g13_00047_14.tif
6531802,3,0.255,g13_00047_14.tif
6531808,2,0.3548,g13_00047_14.tif
6531860,5,0.4912,g13_00047_14.tif
6534392,5,0.7962,g13_00047_14.tif
6535730,3,0.2075,g13_00047_14.tif
6535731,5,0.4545,g13_00047_14.tif
6535734,4,0.3364,g13_00047_14.tif
6535741,4,0.1621,g13_00047_14.tif
6535861,3,0.1467,g13_00047_14.tif
6590038,2,0.1135,g13_00047_14.tif
6590054,3,0.2063,g13_00047_14.tif
6629370,3,0.8693,g13_00047_14.tif
6653925,4,0.5255,g13_00047_14.tif
6692523,2,0.2609,g13_00047_14.tif
6734117,5,0.7954,g13_00047_14.tif
6734121,1,0.4929,g13_00047_14.tif
6752830,3,0.3158,g13_00047_14.tif
6761820,1,0.1043,g13_00047_14.tif
6761827,3,0.2048,g13_00047_14.tif
6762064,4,0.538,g13_00047_14.tif
6762068,3,0.1074,g13_00047_14.tif
6821039,8,0.6034,g13_00047_14.tif
6854684,6,0.607,g13_00047_14.tif
6859712,3,0.7576,g13_00047_14.tif
6859716,1,0.0816,g13_00047_14.tif
6880789,4,0.6056,g13_00047_14.tif
6880802,1,0.01,g13_00047_14.tif
7007433,9,0.3995,g13_00047_14.tif
7007434,5,0.8856,g13_00047_14.tif
7007435,2,0.5907,g13_00047_14.tif
7007436,7,0.8378,g13_00047_14.tif
7007438,5,0.76,g13_00047_14.tif
7007439,2,0.3529,g13_00047_14.tif
7007486,2,0.5909,g13_00047_14.tif
7007487,3,0.525,g13_00047_14.tif
7078241,5,0.4286,g13_00047_14.tif
6107932,4,0.7551,g13_00047_15.tif
6107933,4,0.7994,g13_00047_15.tif
6235426,5,0.3622,g13_00047_15.tif
6373169,3,0.5694,g13_00047_15.tif
6414220,9,0.7123,g13_00047_15.tif
6414223,4,0.4873,g13_00047_15.tif
6414280,3,0.4091,g13_00047_15.tif
6414303,4,0.2151,g13_00047_15.tif
6414414,1,0.0374,g13_00047_15.tif
6454218,3,0.3133,g13_00047_15.tif
6514086,4,0.6061,g13_00047_15.tif
6524559,5,0.4607,g13_00047_15.tif
6687786,3,0.1135,g13_00047_15.tif
6687787,2,0.0347,g13_00047_15.tif
6849017,2,0.4235,g13_00047_15.tif
6849436,3,0.5079,g13_00047_15.tif
6854684,2,0.4094,g13_00047_15.tif
6854692,7,0.7434,g13_00047_15.tif
6854702,4,0.7209,g13_00047_15.tif
6854710,2,0.2442,g13_00047_15.tif
6859711,8,0.8341,g13_00047_15.tif
6859712,6,0.6155,g13_00047_15.tif
6863071,6,0.8075,g13_00047_15.tif
6951853,3,0.3032,g13_00047_15.tif
6951861,3,0.4142,g13_00047_15.tif
6951868,1,0.021,g13_00047_15.tif
6952080,3,0.5833,g13_00047_15.tif
7061127,2,0.1954,g13_00047_15.tif
7061129,2,0.299,g13_00047_15.tif
7061138,2,0.0625,g13_00047_15.tif
6107929,1,0.0529,g13_00047_16.tif
6107932,2,0.0513,g13_00047_16.tif
6107933,4,0.431,g13_00047_16.tif
6180276,5,0.7831,g13_00047_16.tif
6180277,6,0.4206,g13_00047_16.tif
6180281,1,0.2742,g13_00047_16.tif
6180516,2,0.2406,g13_00047_16.tif
6193777,4,0.8415,g13_00047_16.tif
6197801,4,0.5918,g13_00047_16.tif
6261016,7,0.4306,g13_00047_16.tif
6272391,6,0.7641,g13_00047_16.tif
6282451,1,0.0699,g13_00047_16.tif
6282457,2,0.3694,g13_00047_16.tif
6349241,3,0.2632,g13_00047_16.tif
6481665,4,0.7525,g13_00047_16.tif
6669201,5,0.6975,g13_00047_16.tif
6669202,3,0.1772,g13_00047_16.tif
6733739,1,0.0915,g13_00047_16.tif
6799847,5,0.4717,g13_00047_16.tif
6799854,3,0.4735,g13_00047_16.tif
6800509,3,0.7439,g13_00047_16.tif
6944665,1,0.0222,g13_00047_16.tif
6951203,2,0.1087,g13_00047_16.tif
6963742,4,0.0702,g13_00047_16.tif
6967114,6,0.4744,g13_00047_16.tif
6967125,2,0.5361,g13_00047_16.tif
7007098,4,0.802,g13_00047_16.tif
7061127,1,0.2319,g13_00047_16.tif
7061128,3,0.2389,g13_00047_16.tif
6131300,4,0.2877,g13_00049_6.tif
6132744,5,0.7312,g13_00049_6.tif
6132745,3,0.5727,g13_00049_6.tif
6132746,3,0.4122,g13_00049_6.tif
6132764,2,0.0714,g13_00049_6.tif
6132766,3,0.0542,g13_00049_6.tif
6132792,2,0.0185,g13_00049_6.tif
6132795,3,0.2931,g13_00049_6.tif
6245104,2,0.0517,g13_00049_6.tif
6245105,6,0.8138,g13_00049_6.tif
6245107,4,0.4822,g13_00049_6.tif
6249978,4,0.6217,g13_00049_6.tif
6249979,4,0.134,g13_00049_6.tif
6249980,2,0.3295,g13_00049_6.tif
6249983,2,0.124,g13_00049_6.tif
6250039,3,0.6481,g13_00049_6.tif
6250070,4,0.1892,g13_00049_6.tif
6250100,2,0.1818,g13_00049_6.tif
6344224,6,0.7718,g13_00049_6.tif
6344227,7,0.4914,g13_00049_6.tif
6344229,5,0.2599,g13_00049_6.tif
6344234,3,0.1064,g13_00049_6.tif
6344236,5,0.197,g13_00049_6.tif
6344313,2,0.1435,g13_00049_6.tif
6344359,5,0.3946,g13_00049_6.tif
6442944,6,0.7609,g13_00049_6.tif
6442945,6,0.507,g13_00049_6.tif
6442946,1,0.0254,g13_00049_6.tif
6442959,3,0.4502,g13_00049_6.tif
6442967,4,0.8122,g13_00049_6.tif
6442980,4,0.3785,g13_00049_6.tif
6442982,1,0.2031,g13_00049_6.tif
6442985,1,0.0811,g13_00049_6.tif
6649709,7,0.5652,g13_00049_6.tif
6649717,5,0.4579,g13_00049_6.tif
6751240,2,0.0509,g13_00049_6.tif
6770197,3,0.8053,g13_00049_6.tif
6770204,4,0.8644,g13_00049_6.tif
6770212,8,0.5457,g13_00049_6.tif
6770214,3,0.431,g13_00049_6.tif
6770228,4,0.3458,g13_00049_6.tif
6770229,1,0.2243,g13_00049_6.tif
6770282,7,0.8298,g13_00049_6.tif
6770298,2,0.4622,g13_00049_6.tif
6770299,11,0.5432,g13_00049_6.tif
6770300,6,0.9156,g13_00049_6.tif
6866782,1,0.1011,g13_00049_6.tif
7016556,4,0.4238,g13_00049_6.tif
7016558,2,0.1829,g13_00049_6.tif
6092740,3,0.2082,g13_00049_7.tif
6110234,4,0.4286,g13_00049_7.tif
6110236,3,0.7783,g13_00049_7.tif
6110343,6,0.2632,g13_00049_7.tif
6110348,4,0.2288,g13_00049_7.tif
6110380,3,0.097,g13_00049_7.tif
6221412,4,0.4704,g13_00049_7.tif
6221414,1,0.2041,g13_00049_7.tif
6221416,2,0.2476,g13_00049_7.tif
6221418,4,0.4179,g13_00049_7.tif
6223332,5,0.7624,g13_00049_7.tif
6252455,5,0.8364,g13_00049_7.tif
6252459,4,0.7586,g13_00049_7.tif
6252461,8,0.4693,g13_00049_7.tif
6252523,1,0.0233,g13_00049_7.tif
6264627,4,0.732,g13_00049_7.tif
6283035,3,0.1789,g13_00049_7.tif
6327981,3,0.5659,g13_00049_7.tif
6327992,2,0.1847,g13_00049_7.tif
6328106,3,0.0312,g13_00049_7.tif
6341375,4,0.2203,g13_00049_7.tif
6341390,1,0.6733,g13_00049_7.tif
6344227,2,0.033,g13_00049_7.tif
6344359,4,0.7778,g13_00049_7.tif
6380399,7,0.8716,g13_00049_7.tif
6380403,4,0.8306,g13_00049_7.tif
6380405,3,0.7081,g13_00049_7.tif
6380406,4,0.3099,g13_00049_7.tif
6380407,3,0.6349,g13_00049_7.tif
6380409,3,0.0938,g13_00049_7.tif
6380411,2,0.1224,g13_00049_7.tif
6398751,1,0.731,g13_00049_7.tif
6437936,2,0.5294,g13_00049_7.tif
6562856,1,0.2083,g13_00049_7.tif
6635606,4,0.4947,g13_00049_7.tif
6649740,2,0.4598,g13_00049_7.tif
6653561,5,0.868,g13_00049_7.tif
6653566,6,0.7996,g13_00049_7.tif
6756601,2,0.6279,g13_00049_7.tif
6756616,3,0.5349,g13_00049_7.tif
6770204,2,0.6835,g13_00049_7.tif
6770205,4,0.6973,g13_00049_7.tif
6770206,4,0.5457,g13_00049_7.tif
6770222,4,0.2833,g13_00049_7.tif
6770225,4,0.5063,g13_00049_7.tif
6770232,6,0.8033,g13_00049_7.tif
6770284,6,0.8696,g13_00049_7.tif
6770292,9,0.4359,g13_00049_7.tif
6774587,8,0.3276,g13_00049_7.tif
6774588,5,0.6879,g13_00049_7.tif
6774592,4,0.1897,g13_00049_7.tif
6774593,2,0.2773,g13_00049_7.tif
6774598,6,0.6022,g13_00049_7.tif
6805398,5,0.8719,g13_00049_7.tif
6823606,5,0.6412,g13_00049_7.tif
6829264,3,0.7566,g13_00049_7.tif
6860112,4,0.4566,g13_00049_7.tif
6860115,4,0.3802,g13_00049_7.tif
6862588,1,0.1651,g13_00049_7.tif
6887688,6,0.8861,g13_00049_7.tif
6894186,4,0.8037,g13_00049_7.tif
7000878,8,0.541,g13_00049_7.tif
7034472,3,0.6406,g13_00049_7.tif
6098023,3,0.4046,g13_00049_8.tif
6110175,4,0.7193,g13_00049_8.tif
6110177,6,0.7092,g13_00049_8.tif
6110179,2,0.1184,g13_00049_8.tif
6120224,7,0.581,g13_00049_8.tif
6120228,4,0.637,g13_00049_8.tif
6176673,5,0.7561,g13_00049_8.tif
6184806,4,0.9145,g13_00049_8.tif
6184827,6,0.7903,g13_00049_8.tif
6214880,3,0.3301,g13_00049_8.tif
6214903,1,0.0114,g13_00049_8.tif
6223341,3,0.7647,g13_00049_8.tif
6232032,8,0.435,g13_00049_8.tif
6252463,4,0.1747,g13_00049_8.tif
6252465,3,0.1882,g13_00049_8.tif
6253354,1,0.8381,g13_00049_8.tif
6264621,6,0.5574,g13_00049_8.tif
6264622,3,0.5529,g13_00049_8.tif
6283032,11,0.341,g13_00049_8.tif
6283036,5,0.6327,g13_00049_8.tif
6338362,5,0.7177,g13_00049_8.tif
6339203,6,0.7437,g13_00049_8.tif
6341388,4,0.1275,g13_00049_8.tif
6341390,1,0.7557,g13_00049_8.tif
6345597,1,0.0169,g13_00049_8.tif
6345598,4,0.5633,g13_00049_8.tif
6355204,4,0.8125,g13_00049_8.tif
6374858,2,0.1896,g13_00049_8.tif
6380397,6,0.6367,g13_00049_8.tif
6380401,3,0.2624,g13_00049_8.tif
6381093,6,0.8386,g13_00049_8.tif
6397236,5,0.7304,g13_00049_8.tif
6398006,2,0.8555,g13_00049_8.tif
6398751,1,0.8293,g13_00049_8.tif
6398754,4,0.3579,g13_00049_8.tif
6412989,3,0.5389,g13_00049_8.tif
6418525,2,0.1475,g13_00049_8.tif
6418526,4,0.5441,g13_00049_8.tif
6418528,2,0.0291,g13_00049_8.tif
6418673,2,0.1452,g13_00049_8.tif
6418685,3,0.0581,g13_00049_8.tif
6430631,6,0.2905,g13_00049_8.tif
6455753,1,0.8383,g13_00049_8.tif
6494093,3,0.5333,g13_00049_8.tif
6494119,1,0.3665,g13_00049_8.tif
6494186,1,0.0366,g13_00049_8.tif
6592376,3,0.7623,g13_00049_8.tif
6613319,8,0.7406,g13_00049_8.tif
6615615,8,0.8316,g13_00049_8.tif
6615616,5,0.8494,g13_00049_8.tif
6670159,2,0.1472,g13_00049_8.tif
6670162,2,0.494,g13_00049_8.tif
6670180,6,0.5495,g13_00049_8.tif
6670519,2,0.096,g13_00049_8.tif
6670537,1,0.2862,g13_00049_8.tif
6689559,4,0.8143,g13_00049_8.tif
6710357,7,0.348,g13_00049_8.tif
6710358,3,0.7843,g13_00049_8.tif
6710363,6,0.8324,g13_00049_8.tif
6710364,8,0.3122,g13_00049_8.tif
6713642,6,0.5165,g13_00049_8.tif
6751246,5,0.8025,g13_00049_8.tif
6770213,5,0.5028,g13_00049_8.tif
6770233,1,0.4628,g13_00049_8.tif
6770292,17,0.3763,g13_00049_8.tif
6805403,7,0.2025,g13_00049_8.tif
6823598,9,0.3441,g13_00049_8.tif
6823613,1,0.698,g13_00049_8.tif
6823614,3,0.1846,g13_00049_8.tif
6841824,3,0.8058,g13_00049_8.tif
6841834,3,0.8571,g13_00049_8.tif
6841843,4,0.8417,g13_00049_8.tif
6860114,2,0.3188,g13_00049_8.tif
6894168,4,0.6893,g13_00049_8.tif
6894186,2,0.6897,g13_00049_8.tif
6897698,5,0.543,g13_00049_8.tif
6897700,5,0.5858,g13_00049_8.tif
6897721,3,0.5748,g13_00049_8.tif
6899693,7,0.561,g13_00049_8.tif
6906333,4,0.9712,g13_00049_8.tif
6906421,4,0.7641,g13_00049_8.tif
6906422,4,0.7729,g13_00049_8.tif
6997569,7,0.8299,g13_00049_8.tif
6997572,5,0.5091,g13_00049_8.tif
6997575,2,0.1495,g13_00049_8.tif
6997584,4,0.8182,g13_00049_8.tif
7000868,3,0.6104,g13_00049_8.tif
6128080,3,0.6543,g13_00050_7.tif
6128102,5,0.6443,g13_00050_7.tif
6396835,3,0.1337,g13_00050_7.tif
6460493,4,0.6471,g13_00050_7.tif
6467981,3,0.2837,g13_00050_7.tif
6467982,1,0.0264,g13_00050_7.tif
6467985,1,0.0205,g13_00050_7.tif
6467986,7,0.4345,g13_00050_7.tif
6484282,1,0.041,g13_00050_7.tif
6484421,4,0.7835,g13_00050_7.tif
6484482,4,0.402,g13_00050_7.tif
6484509,3,0.0812,g13_00050_7.tif
6498496,3,0.3389,g13_00050_7.tif
6534390,3,0.2324,g13_00050_7.tif
6534401,3,0.5853,g13_00050_7.tif
6534402,2,0.1417,g13_00050_7.tif
6591771,2,0.0909,g13_00050_7.tif
6591772,1,0.1967,g13_00050_7.tif
6597015,3,0.0984,g13_00050_7.tif
6619656,4,0.8874,g13_00050_7.tif
6629370,3,0.4758,g13_00050_7.tif
6629371,3,0.5714,g13_00050_7.tif
6678677,4,0.7857,g13_00050_7.tif
6692523,5,0.3429,g13_00050_7.tif
6758748,3,0.3952,g13_00050_7.tif
6854676,17,0.2466,g13_00050_7.tif
6854677,2,0.5718,g13_00050_7.tif
6854684,15,0.3018,g13_00050_7.tif
6854704,1,0.3587,g13_00050_7.tif
6854705,4,0.7364,g13_00050_7.tif
7078241,3,0.9185,g13_00050_7.tif
7079352,5,0.6882,g13_00050_7.tif
6123472,1,0.3671,g13_00050_8.tif
6194605,3,0.2684,g13_00050_8.tif
6519254,2,0.156,g13_00050_8.tif
6549572,7,0.8613,g13_00050_8.tif
6854676,6,0.3196,g13_00050_8.tif
6854677,1,0.2198,g13_00050_8.tif
6854684,2,0.714,g13_00050_8.tif
6854688,21,0.2211,g13_00050_8.tif
6854692,6,0.6943,g13_00050_8.tif
6854695,19,0.2208,g13_00050_8.tif
6854703,6,0.4266,g13_00050_8.tif
6854705,3,0.8529,g13_00050_8.tif
6854706,3,0.4597,g13_00050_8.tif
6854707,7,0.6619,g13_00050_8.tif
6854708,3,0.5198,g13_00050_8.tif
7017161,1,0.0351,g13_00050_8.tif
6083760,5,0.1832,g13_00050_9.tif
6084863,2,0.12,g13_00050_9.tif
6084865,3,0.6723,g13_00050_9.tif
6127129,5,0.1702,g13_00050_9.tif
6184396,7,0.1996,g13_00050_9.tif
6249710,4,0.1367,g13_00050_9.tif
6255363,4,0.1551,g13_00050_9.tif
6267715,1,0.0336,g13_00050_9.tif
6267718,3,0.3014,g13_00050_9.tif
6276533,1,0.1835,g13_00050_9.tif
6306413,6,0.1445,g13_00050_9.tif
6327072,4,0.7065,g13_00050_9.tif
6327075,3,0.1989,g13_00050_9.tif
6346067,4,0.5639,g13_00050_9.tif
6349551,3,0.4788,g13_00050_9.tif
6349659,5,0.3099,g13_00050_9.tif
6371584,5,0.2473,g13_00050_9.tif
6371585,4,0.424,g13_00050_9.tif
6371595,6,0.3911,g13_00050_9.tif
6375906,3,0.0971,g13_00050_9.tif
6418055,11,0.1386,g13_00050_9.tif
6418056,5,0.2644,g13_00050_9.tif
6418062,4,0.2326,g13_00050_9.tif
6452170,3,0.4725,g13_00050_9.tif
6452354,1,0.0392,g13_00050_9.tif
6524874,8,0.1364,g13_00050_9.tif
6542721,1,0.0403,g13_00050_9.tif
6542723,2,0.3772,g13_00050_9.tif
6549571,6,0.6984,g13_00050_9.tif
6549576,4,0.5433,g13_00050_9.tif
6550113,5,0.9339,g13_00050_9.tif
6550140,4,0.8372,g13_00050_9.tif
6733249,4,0.5519,g13_00050_9.tif
6777712,3,0.4608,g13_00050_9.tif
6788105,4,0.7303,g13_00050_9.tif
6803791,8,0.4722,g13_00050_9.tif
6815062,3,0.2005,g13_00050_9.tif
6821052,5,0.1729,g13_00050_9.tif
6836771,6,0.1831,g13_00050_9.tif
6880796,3,0.1935,g13_00050_9.tif
6880901,9,0.3372,g13_00050_9.tif
6880906,5,0.9048,g13_00050_9.tif
6913253,5,0.2368,g13_00050_9.tif
6969957,2,0.0914,g13_00050_9.tif
6974298,4,0.2105,g13_00050_9.tif
6974300,2,0.069,g13_00050_9.tif
6974305,2,0.2564,g13_00050_9.tif
6974307,4,0.1906,g13_00050_9.tif
6974345,5,0.7691,g13_00050_9.tif
7016232,9,0.6259,g13_00050_9.tif
7047109,5,0.4251,g13_00050_9.tif
6182094,7,0.852,g13_00051_18.tif
6182096,6,0.8028,g13_00051_18.tif
6182097,3,0.2099,g13_00051_18.tif
6196446,4,0.5621,g13_00051_18.tif
6230967,4,0.7354,g13_00051_18.tif
6230968,6,0.75,g13_00051_18.tif
6230978,4,0.2316,g13_00051_18.tif
6339205,4,0.6579,g13_00051_18.tif
6380410,1,0.1429,g13_00051_18.tif
6381099,5,0.3378,g13_00051_18.tif
6392095,3,0.7127,g13_00051_18.tif
6392096,5,0.3364,g13_00051_18.tif
6435532,4,0.2419,g13_00051_18.tif
6435607,5,0.2889,g13_00051_18.tif
6442942,2,0.3875,g13_00051_18.tif
6442949,4,0.4879,g13_00051_18.tif
6442971,2,0.4292,g13_00051_18.tif
6580294,2,0.0505,g13_00051_18.tif
6740436,8,0.6899,g13_00051_18.tif
6770197,8,0.2512,g13_00051_18.tif
6770198,5,0.8882,g13_00051_18.tif
6770207,5,0.5245,g13_00051_18.tif
6770211,9,0.6845,g13_00051_18.tif
6770219,1,0.0221,g13_00051_18.tif
6770226,2,0.7481,g13_00051_18.tif
6774586,5,0.8187,g13_00051_18.tif
6774595,6,0.8382,g13_00051_18.tif
7000827,9,0.3992,g13_00051_18.tif
7000892,4,0.771,g13_00051_18.tif
7016546,4,0.3539,g13_00051_18.tif
7016549,1,0.1496,g13_00051_18.tif
7016556,4,0.6585,g13_00051_18.tif
7041632,4,0.8388,g13_00051_18.tif
7049823,6,0.6464,g13_00051_18.tif
7049826,6,0.6714,g13_00051_18.tif
7052350,2,0.4498,g13_00051_18.tif
7052415,2,0.2148,g13_00051_18.tif
6087986,2,0.0636,g13_00052_0.tif
6182091,8,0.4479,g13_00052_0.tif
6182098,12,0.3699,g13_00052_0.tif
6190797,2,0.1633,g13_00052_0.tif
6190799,3,0.5153,g13_00052_0.tif
6190800,1,0.3393,g13_00052_0.tif
6190801,7,0.4478,g13_00052_0.tif
6190803,5,0.6052,g13_00052_0.tif
6217734,11,0.3883,g13_00052_0.tif
6226250,5,0.4333,g13_00052_0.tif
6296607,5,0.6903,g13_00052_0.tif
6327992,1,0.0798,g13_00052_0.tif
6341375,2,0.3586,g13_00052_0.tif
6380403,3,0.8367,g13_00052_0.tif
6649705,3,0.7672,g13_00052_0.tif
6649736,2,0.2084,g13_00052_0.tif
6649740,1,0.3457,g13_00052_0.tif
6740436,7,0.8623,g13_00052_0.tif
6770195,9,0.4342,g13_00052_0.tif
6770222,1,0.6721,g13_00052_0.tif
6770238,4,0.6357,g13_00052_0.tif
6770239,8,0.8827,g13_00052_0.tif
6774587,2,0.125,g13_00052_0.tif
6774589,1,0.2214,g13_00052_0.tif
6774591,8,0.1531,g13_00052_0.tif
6803761,7,0.2997,g13_00052_0.tif
6829264,2,0.7664,g13_00052_0.tif
6860113,4,0.5709,g13_00052_0.tif
6873366,5,0.659,g13_00052_0.tif
7000847,4,0.4544,g13_00052_0.tif
7000892,2,0.6349,g13_00052_0.tif
7034472,5,0.5439,g13_00052_0.tif
7038771,5,0.6336,g13_00052_0.tif
7038772,11,0.5208,g13_00052_0.tif
7038773,8,0.3392,g13_00052_0.tif
7038774,5,0.4533,g13_00052_0.tif
7038775,5,0.566,g13_00052_0.tif
7038776,3,0.3604,g13_00052_0.tif
6190469,3,0.2308,g13_00052_1.tif
6190470,15,0.3543,g13_00052_1.tif
6190471,5,0.5182,g13_00052_1.tif
6190474,10,0.3133,g13_00052_1.tif
6190475,5,0.6402,g13_00052_1.tif
6190796,13,0.2678,g13_00052_1.tif
6190797,13,0.3305,g13_00052_1.tif
6190799,12,0.2527,g13_00052_1.tif
6190800,7,0.2192,g13_00052_1.tif
6190801,4,0.5955,g13_00052_1.tif
6190803,1,0.268,g13_00052_1.tif
6194785,3,0.5813,g13_00052_1.tif
6196445,15,0.2079,g13_00052_1.tif
6264619,2,0.0874,g13_00052_1.tif
6264621,1,0.7646,g13_00052_1.tif
6296608,1,0.1118,g13_00052_1.tif
6414261,5,0.1282,g13_00052_1.tif
6418525,3,0.2308,g13_00052_1.tif
6418526,2,0.2444,g13_00052_1.tif
6897617,7,0.3692,g13_00052_1.tif
6897709,6,0.3893,g13_00052_1.tif
6997566,9,0.4663,g13_00052_1.tif
7038773,2,0.1863,g13_00052_1.tif
6971221,4,0.6796,g13_00053_0.tif
6980488,4,0.5625,g13_00053_0.tif
7047120,2,0.073,g13_00053_0.tif
6160273,1,0.0095,g13_00053_1.tif
6165943,2,0.4545,g13_00053_1.tif
6421433,4,0.8706,g13_00053_1.tif
6421438,2,0.0169,g13_00053_1.tif
6421450,2,0.1216,g13_00053_1.tif
6421451,2,0.0867,g13_00053_1.tif
6421553,7,0.4307,g13_00053_1.tif
6615155,2,0.0136,g13_00053_1.tif
6615156,4,0.8576,g13_00053_1.tif
6971221,4,0.8612,g13_00053_1.tif
6993334,3,0.8527,g13_00053_1.tif
6132336,3,0.6736,g13_00053_2.tif
6132337,6,0.4083,g13_00053_2.tif
6140907,2,0.6074,g13_00053_2.tif
6149368,4,0.2511,g13_00053_2.tif
6149370,1,0.127,g13_00053_2.tif
6149372,1,0.1294,g13_00053_2.tif
6160265,5,0.8771,g13_00053_2.tif
6160277,3,0.8851,g13_00053_2.tif
6160281,1,0.3089,g13_00053_2.tif
6160291,4,0.7741,g13_00053_2.tif
6187098,1,0.1334,g13_00053_2.tif
6187099,1,0.1667,g13_00053_2.tif
6187100,4,0.3959,g13_00053_2.tif
6187104,3,0.2039,g13_00053_2.tif
6194610,3,0.2745,g13_00053_2.tif
6211547,4,0.7244,g13_00053_2.tif
6211551,5,0.2617,g13_00053_2.tif
6211553,5,0.4219,g13_00053_2.tif
6276533,5,0.8003,g13_00053_2.tif
6281545,3,0.6398,g13_00053_2.tif
6290650,2,0.3174,g13_00053_2.tif
6290654,4,0.5968,g13_00053_2.tif
6300983,1,0.0458,g13_00053_2.tif
6306408,6,0.7827,g13_00053_2.tif
6319440,4,0.191,g13_00053_2.tif
6319490,2,0.3342,g13_00053_2.tif
6320537,5,0.6584,g13_00053_2.tif
6320538,5,0.2282,g13_00053_2.tif
6340045,5,0.7273,g13_00053_2.tif
6340053,2,0.3439,g13_00053_2.tif
6350851,6,0.3166,g13_00053_2.tif
6350859,7,0.5909,g13_00053_2.tif
6350862,6,0.6725,g13_00053_2.tif
6350868,4,0.2985,g13_00053_2.tif
6350914,1,0.0884,g13_00053_2.tif
6371592,3,0.7851,g13_00053_2.tif
6371614,4,0.7483,g13_00053_2.tif
6371622,6,0.7213,g13_00053_2.tif
6410810,5,0.195,g13_00053_2.tif
6413043,6,0.2229,g13_00053_2.tif
6413045,5,0.335,g13_00053_2.tif
6413048,2,0.2261,g13_00053_2.tif
6413049,7,0.5413,g13_00053_2.tif
6413051,2,0.4481,g13_00053_2.tif
6417241,7,0.49,g13_00053_2.tif
6418200,1,0.2128,g13_00053_2.tif
6421431,6,0.4488,g13_00053_2.tif
6421433,2,0.7969,g13_00053_2.tif
6421434,6,0.8659,g13_00053_2.tif
6421437,3,0.1584,g13_00053_2.tif
6421440,3,0.5187,g13_00053_2.tif
6421451,1,0.0941,g13_00053_2.tif
6426493,3,0.2478,g13_00053_2.tif
6426517,2,0.2074,g13_00053_2.tif
6437466,1,0.0236,g13_00053_2.tif
6437839,2,0.1185,g13_00053_2.tif
6464992,2,0.1966,g13_00053_2.tif
6465006,4,0.1361,g13_00053_2.tif
6465105,6,0.2544,g13_00053_2.tif
6469706,3,0.4313,g13_00053_2.tif
6551690,7,0.421,g13_00053_2.tif
6614064,2,0.6513,g13_00053_2.tif
6614068,5,0.7441,g13_00053_2.tif
6615156,2,0.7679,g13_00053_2.tif
6654894,5,0.2266,g13_00053_2.tif
6678697,2,0.1866,g13_00053_2.tif
6733237,3,0.253,g13_00053_2.tif
6733240,8,0.5251,g13_00053_2.tif
6733245,3,0.1951,g13_00053_2.tif
6733250,2,0.5833,g13_00053_2.tif
6736343,4,0.0631,g13_00053_2.tif
6736390,4,0.1973,g13_00053_2.tif
6741496,1,0.1752,g13_00053_2.tif
6755862,5,0.8576,g13_00053_2.tif
6755890,6,0.9152,g13_00053_2.tif
6780862,1,0.1321,g13_00053_2.tif
6788115,3,0.2891,g13_00053_2.tif
6788124,2,0.0292,g13_00053_2.tif
6808345,1,0.1644,g13_00053_2.tif
6845777,6,0.9111,g13_00053_2.tif
6849279,4,0.5887,g13_00053_2.tif
6882769,6,0.3761,g13_00053_2.tif
6940497,1,0.0735,g13_00053_2.tif
6974301,7,0.6561,g13_00053_2.tif
6975171,1,0.4726,g13_00053_2.tif
6975172,6,0.7936,g13_00053_2.tif
6975174,3,0.7028,g13_00053_2.tif
6975182,2,0.2143,g13_00053_2.tif
6975184,2,0.0487,g13_00053_2.tif
6975185,4,0.7172,g13_00053_2.tif
6993334,3,0.7831,g13_00053_2.tif
6998388,3,0.1435,g13_00053_2.tif
6998391,1,0.0496,g13_00053_2.tif
7005593,1,0.4286,g13_00053_2.tif
7011682,5,0.8736,g13_00053_2.tif
7011772,9,0.2809,g13_00053_2.tif
7012517,2,0.1626,g13_00053_2.tif
7022705,1,0.0787,g13_00053_2.tif
7047113,4,0.4504,g13_00053_2.tif
6103823,2,0.1706,g13_00054_11.tif
6103824,2,0.3,g13_00054_11.tif
6111508,2,0.1389,g13_00054_11.tif
6427251,2,0.2755,g13_00054_11.tif
6441353,3,0.1333,g13_00054_11.tif
6441354,2,0.3409,g13_00054_11.tif
6451937,3,0.5132,g13_00054_11.tif
6608299,5,0.3165,g13_00054_11.tif
6608300,1,0.3673,g13_00054_11.tif
6813501,3,0.4444,g13_00054_11.tif
6875007,5,0.4189,g13_00054_11.tif
7049821,5,0.3805,g13_00054_11.tif
6142558,5,0.3961,g13_00054_12.tif
6568474,19,0.6005,g13_00054_12.tif
6568478,17,0.2716,g13_00054_12.tif
7049813,13,0.494,g13_00054_12.tif
7049821,1,0.1102,g13_00054_12.tif
7049827,5,0.3767,g13_00054_12.tif
7049828,10,0.3962,g13_00054_12.tif
6135408,3,0.3052,g13_00054_13.tif
6167515,3,0.6917,g13_00054_13.tif
6178146,1,0.1085,g13_00054_13.tif
6178147,3,0.112,g13_00054_13.tif
6190471,4,0.8063,g13_00054_13.tif
6194785,11,0.2306,g13_00054_13.tif
6194786,10,0.3825,g13_00054_13.tif
6196445,2,0.1071,g13_00054_13.tif
6217500,3,0.2571,g13_00054_13.tif
6286401,3,0.0709,g13_00054_13.tif
6309889,5,0.6774,g13_00054_13.tif
6311352,9,0.498,g13_00054_13.tif
6372948,2,0.6571,g13_00054_13.tif
6375658,1,0.2045,g13_00054_13.tif
6403025,1,0.4286,g13_00054_13.tif
6637341,3,0.14,g13_00054_13.tif
6661966,3,0.1361,g13_00054_13.tif
6661968,2,0.0296,g13_00054_13.tif
6661977,2,0.6701,g13_00054_13.tif
6661978,8,0.2204,g13_00054_13.tif
6809526,3,0.0963,g13_00054_13.tif
6952881,3,0.24,g13_00054_13.tif
6952890,3,0.3265,g13_00054_13.tif
6979565,1,0.0366,g13_00054_13.tif
6997566,3,0.2133,g13_00054_13.tif
7024571,1,0.2083,g13_00054_13.tif
6099948,2,0.082,g6_00003_14.tif
6168187,2,0.1069,g6_00003_14.tif
6168188,1,0.093,g6_00003_14.tif
6186686,2,0.3065,g6_00003_14.tif
6200892,3,0.5714,g6_00003_14.tif
6200955,1,0.4876,g6_00003_14.tif
6664380,3,0.2706,g6_00003_14.tif
6664390,2,0.137,g6_00003_14.tif
6972917,2,0.7429,g6_00003_14.tif
6099794,1,0.1733,g6_00003_15.tif
6099798,4,0.1526,g6_00003_15.tif
6099924,4,0.6136,g6_00003_15.tif
6099948,1,0.1176,g6_00003_15.tif
6168187,1,0.0226,g6_00003_15.tif
6186661,7,0.7952,g6_00003_15.tif
6186676,5,0.3158,g6_00003_15.tif
6186686,1,0.2689,g6_00003_15.tif
6186907,2,0.0758,g6_00003_15.tif
6200892,3,0.6786,g6_00003_15.tif
6200955,3,0.2349,g6_00003_15.tif
6249988,3,0.1105,g6_00003_15.tif
6366021,1,0.4293,g6_00003_15.tif
6659154,1,0.0323,g6_00003_15.tif
6860169,3,0.1455,g6_00003_15.tif
6860170,3,0.3838,g6_00003_15.tif
6860171,2,0.2952,g6_00003_15.tif
7021036,2,0.172,g6_00003_15.tif
7021046,2,0.0473,g6_00003_15.tif
7023699,2,0.0599,g6_00003_15.tif
7029785,3,0.0245,g6_00003_15.tif
7077166,3,0.093,g6_00003_15.tif
7077168,3,0.0778,g6_00003_15.tif
7077169,1,0.0793,g6_00003_15.tif
6249989,5,0.7801,g6_00003_16.tif
6249990,5,0.7386,g6_00003_16.tif
6250000,5,0.1561,g6_00003_16.tif
6366019,5,0.3491,g6_00003_16.tif
6366020,5,0.2246,g6_00003_16.tif
6366021,1,0.381,g6_00003_16.tif
6366026,2,0.5182,g6_00003_16.tif
6366028,3,0.0787,g6_00003_16.tif
6465134,5,0.4402,g6_00003_16.tif
6545711,8,0.4077,g6_00003_16.tif
6545718,3,0.7026,g6_00003_16.tif
6567399,6,0.5456,g6_00003_16.tif
6567445,3,0.3956,g6_00003_16.tif
6567451,7,0.7333,g6_00003_16.tif
6567454,5,0.6318,g6_00003_16.tif
6567473,3,0.6573,g6_00003_16.tif
6634491,7,0.9072,g6_00003_16.tif
6693343,2,0.0173,g6_00003_16.tif
6710067,7,0.6013,g6_00003_16.tif
6799693,4,0.8266,g6_00003_16.tif
6820055,9,0.5117,g6_00003_16.tif
6843349,6,0.7515,g6_00003_16.tif
6860176,3,0.2289,g6_00003_16.tif
6962549,4,0.1947,g6_00003_16.tif
6962867,3,0.1811,g6_00003_16.tif
6962952,2,0.0858,g6_00003_16.tif
6963075,5,0.4586,g6_00003_16.tif
6973865,6,0.9082,g6_00003_16.tif
6973891,4,0.6947,g6_00003_16.tif
6973905,4,0.6125,g6_00003_16.tif
6973912,4,0.4254,g6_00003_16.tif
6996178,4,0.3797,g6_00003_16.tif
6996183,5,0.4836,g6_00003_16.tif
6996438,3,0.8794,g6_00003_16.tif
7021036,3,0.7051,g6_00003_16.tif
7021044,3,0.1795,g6_00003_16.tif
7021046,3,0.2778,g6_00003_16.tif
7021052,1,0.1694,g6_00003_16.tif
7023699,3,0.4211,g6_00003_16.tif
7023714,2,0.1031,g6_00003_16.tif
7029781,6,0.7986,g6_00003_16.tif
7029785,3,0.9088,g6_00003_16.tif
7029798,1,0.3678,g6_00003_16.tif
6433909,1,0.0131,g6_00003_2.tif
6450055,2,0.4151,g6_00003_2.tif
6592607,1,0.1765,g6_00003_2.tif
6869778,3,0.1939,g6_00003_2.tif
6128373,2,0.1168,g6_00003_3.tif
6128374,1,0.0596,g6_00003_3.tif
6128378,2,0.0829,g6_00003_3.tif
6274364,3,0.3065,g6_00003_3.tif
6287783,2,0.1728,g6_00003_3.tif
6699035,3,0.3908,g6_00003_3.tif
6699098,2,0.4286,g6_00003_3.tif
7039522,2,0.1144,g6_00003_3.tif
7039523,3,0.1194,g6_00003_3.tif
7039526,2,0.0441,g6_00003_3.tif
7039529,3,0.4568,g6_00003_3.tif
6311519,1,0.2035,g6_00003_4.tif
6311520,2,0.0902,g6_00003_4.tif
6311526,3,0.0922,g6_00003_4.tif
6311535,2,0.3583,g6_00003_4.tif
6528946,3,0.3019,g6_00003_4.tif
6528948,2,0.1429,g6_00003_4.tif
6543604,1,0.1092,g6_00003_4.tif
6090604,3,0.5,g6_00006_15.tif
6090616,6,0.6241,g6_00006_15.tif
6090794,3,0.5763,g6_00006_15.tif
6094417,3,0.128,g6_00006_15.tif
6099793,8,0.511,g6_00006_15.tif
6099808,5,0.8359,g6_00006_15.tif
6099824,2,0.0341,g6_00006_15.tif
6099865,5,0.126,g6_00006_15.tif
6168179,6,0.7073,g6_00006_15.tif
6168184,8,0.3765,g6_00006_15.tif
6209285,2,0.0579,g6_00006_15.tif
6250020,2,0.1472,g6_00006_15.tif
6250182,2,0.1279,g6_00006_15.tif
6259435,6,0.3718,g6_00006_15.tif
6284834,1,0.0465,g6_00006_15.tif
6284838,8,0.5208,g6_00006_15.tif
6284839,4,0.3187,g6_00006_15.tif
6451499,3,0.3187,g6_00006_15.tif
6593428,6,0.1395,g6_00006_15.tif
6669216,4,0.7021,g6_00006_15.tif
6710204,4,0.5571,g6_00006_15.tif
6710213,5,0.7841,g6_00006_15.tif
6710215,4,0.3908,g6_00006_15.tif
6820044,4,0.7438,g6_00006_15.tif
6820057,3,0.8076,g6_00006_15.tif
6857273,2,0.0423,g6_00006_15.tif
6860366,5,0.7466,g6_00006_15.tif
6860367,2,0.4541,g6_00006_15.tif
6860369,3,0.0691,g6_00006_15.tif
6860375,6,0.7949,g6_00006_15.tif
6860381,3,0.4104,g6_00006_15.tif
6860525,3,0.3142,g6_00006_15.tif
6860599,2,0.0906,g6_00006_15.tif
6860964,3,0.0513,g6_00006_15.tif
6861170,3,0.675,g6_00006_15.tif
6861767,2,0.0732,g6_00006_15.tif
6862132,5,0.6456,g6_00006_15.tif
6897449,7,0.2064,g6_00006_15.tif
6972907,6,0.4525,g6_00006_15.tif
6972908,4,0.7667,g6_00006_15.tif
6972917,3,0.1243,g6_00006_15.tif
7077164,9,0.647,g6_00006_15.tif
7077180,5,0.8092,g6_00006_15.tif
6098871,4,0.2957,g6_00006_16.tif
6098872,3,0.6119,g6_00006_16.tif
6098877,2,0.4838,g6_00006_16.tif
6099042,4,0.1883,g6_00006_16.tif
6099808,4,0.6147,g6_00006_16.tif
6099823,8,0.6749,g6_00006_16.tif
6099824,6,0.7464,g6_00006_16.tif
6168184,2,0.3488,g6_00006_16.tif
6186664,4,0.7881,g6_00006_16.tif
6186667,7,0.4545,g6_00006_16.tif
6191838,4,0.4009,g6_00006_16.tif
6200984,6,0.4103,g6_00006_16.tif
6249995,7,0.7314,g6_00006_16.tif
6249997,3,0.1219,g6_00006_16.tif
6522029,2,0.1037,g6_00006_16.tif
6537291,1,0.0237,g6_00006_16.tif
6537598,4,0.7286,g6_00006_16.tif
6545697,4,0.6845,g6_00006_16.tif
6545699,7,0.336,g6_00006_16.tif
6593401,4,0.3434,g6_00006_16.tif
6593417,4,0.8095,g6_00006_16.tif
6664360,3,0.7286,g6_00006_16.tif
6710204,12,0.4721,g6_00006_16.tif
6710212,12,0.321,g6_00006_16.tif
6710215,4,0.4542,g6_00006_16.tif
6710219,5,0.7005,g6_00006_16.tif
6820069,4,0.4399,g6_00006_16.tif
6820108,3,0.1443,g6_00006_16.tif
6868471,3,0.1342,g6_00006_16.tif
6868655,3,0.125,g6_00006_16.tif
6868674,2,0.3041,g6_00006_16.tif
6868766,3,0.4762,g6_00006_16.tif
6897405,6,0.7329,g6_00006_16.tif
6897406,3,0.6221,g6_00006_16.tif
6897411,6,0.6825,g6_00006_16.tif
6897748,3,0.5138,g6_00006_16.tif
6897964,5,0.3768,g6_00006_16.tif
6972904,8,0.6614,g6_00006_16.tif
6972908,2,0.8205,g6_00006_16.tif
6972912,4,0.2755,g6_00006_16.tif
6973830,2,0.7527,g6_00006_16.tif
6973836,1,0.0826,g6_00006_16.tif
6973838,7,0.5967,g6_00006_16.tif
6973863,6,0.4709,g6_00006_16.tif
6988088,4,0.5451,g6_00006_16.tif
6988297,4,0.4465,g6_00006_16.tif
7077173,3,0.1953,g6_00006_16.tif
7077180,4,0.7597,g6_00006_16.tif
6098870,7,0.4641,g6_00006_17.tif
6098965,2,0.5906,g6_00006_17.tif
6366012,11,0.5057,g6_00006_17.tif
6377430,6,0.2286,g6_00006_17.tif
6479372,7,0.4498,g6_00006_17.tif
6479387,3,0.4702,g6_00006_17.tif
6479440,5,0.4278,g6_00006_17.tif
6479936,9,0.3034,g6_00006_17.tif
6537291,4,0.4375,g6_00006_17.tif
6537598,6,0.75,g6_00006_17.tif
6545699,2,0.7008,g6_00006_17.tif
6567399,2,0.0341,g6_00006_17.tif
6567414,8,0.3895,g6_00006_17.tif
6567445,5,0.4089,g6_00006_17.tif
6567446,6,0.4133,g6_00006_17.tif
6567454,3,0.2652,g6_00006_17.tif
6634496,2,0.2517,g6_00006_17.tif
6693343,4,0.6927,g6_00006_17.tif
6693345,5,0.646,g6_00006_17.tif
6693350,5,0.8621,g6_00006_17.tif
6693356,5,0.5364,g6_00006_17.tif
6693359,4,0.8781,g6_00006_17.tif
6693373,3,0.7714,g6_00006_17.tif
6693439,5,0.7342,g6_00006_17.tif
6701964,6,0.4361,g6_00006_17.tif
6710066,5,0.7317,g6_00006_17.tif
6710219,2,0.7595,g6_00006_17.tif
6747866,1,0.0722,g6_00006_17.tif
6820032,5,0.7498,g6_00006_17.tif
6820037,7,0.5842,g6_00006_17.tif
6820082,6,0.4012,g6_00006_17.tif
6820103,4,0.3781,g6_00006_17.tif
6843350,5,0.2139,g6_00006_17.tif
6851229,5,0.7514,g6_00006_17.tif
6856938,7,0.2906,g6_00006_17.tif
6897393,3,0.0551,g6_00006_17.tif
6897395,4,0.1604,g6_00006_17.tif
6897496,3,0.3411,g6_00006_17.tif
6897503,3,0.1674,g6_00006_17.tif
6973827,4,0.1492,g6_00006_17.tif
6973830,4,0.8427,g6_00006_17.tif
6973836,5,0.497,g6_00006_17.tif
6973847,8,0.7183,g6_00006_17.tif
6973859,6,0.8587,g6_00006_17.tif
6973889,7,0.4364,g6_00006_17.tif
6973928,2,0.2204,g6_00006_17.tif
6973947,6,0.2254,g6_00006_17.tif
6979431,5,0.7159,g6_00006_17.tif
6988088,3,0.5043,g6_00006_17.tif
6988297,5,0.4286,g6_00006_17.tif
6996131,9,0.333,g6_00006_17.tif
6996143,5,0.6112,g6_00006_17.tif
6996144,4,0.8783,g6_00006_17.tif
6996145,5,0.5884,g6_00006_17.tif
6996151,5,0.8118,g6_00006_17.tif
6996153,5,0.2974,g6_00006_17.tif
6996155,4,0.8417,g6_00006_17.tif
6996187,5,0.2117,g6_00006_17.tif
6996357,4,0.808,g6_00006_17.tif
6996438,5,0.6991,g6_00006_17.tif
6998248,3,0.802,g6_00006_17.tif
7021056,5,0.2736,g6_00006_17.tif
6136400,1,0.0676,g6_00006_3.tif
6737614,1,0.0493,g6_00006_3.tif
6737628,2,0.2407,g6_00006_3.tif
6826738,2,0.1083,g6_00006_3.tif
6826742,4,0.206,g6_00006_3.tif
6826743,2,0.55,g6_00006_3.tif
6826745,5,0.7143,g6_00006_3.tif
6826752,3,0.2086,g6_00006_3.tif
6826755,3,0.1474,g6_00006_3.tif
6856440,2,0.3146,g6_00006_3.tif
6085695,1,0.218,g6_00006_4.tif
6085698,3,0.0812,g6_00006_4.tif
6085700,3,0.6067,g6_00006_4.tif
6085702,5,0.5833,g6_00006_4.tif
6085708,2,0.029,g6_00006_4.tif
6223680,1,0.0214,g6_00006_4.tif
6275528,2,0.2798,g6_00006_4.tif
6275536,3,0.6174,g6_00006_4.tif
6302276,5,0.19,g6_00006_4.tif
6314762,2,0.1061,g6_00006_4.tif
6458974,1,0.0625,g6_00006_4.tif
6526453,3,0.3488,g6_00006_4.tif
6544269,3,0.481,g6_00006_4.tif
6600408,2,0.0521,g6_00006_4.tif
6600436,1,0.0194,g6_00006_4.tif
6604373,3,0.5581,g6_00006_4.tif
6694727,2,0.3067,g6_00006_4.tif
6705102,2,0.137,g6_00006_4.tif
6734257,3,0.082,g6_00006_4.tif
6908002,2,0.027,g6_00006_4.tif
6908013,2,0.1161,g6_00006_4.tif
7058843,1,0.6,g6_00006_4.tif
7058871,1,0.0334,g6_00006_4.tif
7058872,2,0.1736,g6_00006_4.tif
6085730,4,0.2963,g6_00006_5.tif
6085735,2,0.1526,g6_00006_5.tif
6085736,3,0.2435,g6_00006_5.tif
6085740,2,0.3611,g6_00006_5.tif
6086501,2,0.0533,g6_00006_5.tif
6086524,2,0.0649,g6_00006_5.tif
6191389,2,0.0161,g6_00006_5.tif
6191390,3,0.0264,g6_00006_5.tif
6191392,2,0.3889,g6_00006_5.tif
6191394,3,0.061,g6_00006_5.tif
6191449,1,0.0162,g6_00006_5.tif
6191454,2,0.0559,g6_00006_5.tif
6223686,2,0.1852,g6_00006_5.tif
6275532,6,0.7565,g6_00006_5.tif
6311395,3,0.2105,g6_00006_5.tif
6365117,7,0.447,g6_00006_5.tif
6419975,1,0.023,g6_00006_5.tif
6436537,2,0.1325,g6_00006_5.tif
6436538,2,0.1684,g6_00006_5.tif
6550461,3,0.0659,g6_00006_5.tif
6550463,1,0.0044,g6_00006_5.tif
6705080,5,0.5254,g6_00006_5.tif
6705090,3,0.1744,g6_00006_5.tif
6705091,3,0.1389,g6_00006_5.tif
6744603,2,0.3831,g6_00006_5.tif
6744622,2,0.1325,g6_00006_5.tif
6773233,1,0.1625,g6_00006_5.tif
6891434,3,0.1548,g6_00006_5.tif
6954415,2,0.2394,g6_00006_5.tif
6954441,3,0.305,g6_00006_5.tif
6160255,6,0.213,g6_00009_16.tif
6160258,5,0.493,g6_00009_16.tif
6160262,3,0.6481,g6_00009_16.tif
6250020,3,0.3934,g6_00009_16.tif
6250182,3,0.3396,g6_00009_16.tif
6259433,3,0.2431,g6_00009_16.tif
6259438,1,0.1753,g6_00009_16.tif
6259440,3,0.1668,g6_00009_16.tif
6277997,4,0.7863,g6_00009_16.tif
6278255,5,0.6696,g6_00009_16.tif
6468919,2,0.0841,g6_00009_16.tif
6522080,5,0.6908,g6_00009_16.tif
6522081,2,0.3628,g6_00009_16.tif
6537286,2,0.1607,g6_00009_16.tif
6537287,1,0.1187,g6_00009_16.tif
6593425,3,0.7072,g6_00009_16.tif
6597935,4,0.1637,g6_00009_16.tif
6669204,3,0.0505,g6_00009_16.tif
6693347,3,0.3351,g6_00009_16.tif
6747865,3,0.0717,g6_00009_16.tif
6748019,2,0.5342,g6_00009_16.tif
6748040,2,0.1716,g6_00009_16.tif
6756411,1,0.1978,g6_00009_16.tif
6792328,5,0.7516,g6_00009_16.tif
6897409,6,0.8104,g6_00009_16.tif
6899501,2,0.049,g6_00009_16.tif
6901598,3,0.5969,g6_00009_16.tif
6901606,2,0.0474,g6_00009_16.tif
6098875,3,0.073,g6_00009_17.tif
6098876,6,0.4011,g6_00009_17.tif
6098879,5,0.2632,g6_00009_17.tif
6098880,3,0.1968,g6_00009_17.tif
6160262,0,0.0,g6_00009_17.tif
6160268,3,0.2181,g6_00009_17.tif
6160271,1,0.218,g6_00009_17.tif
6160494,3,0.7303,g6_00009_17.tif
6160495,2,0.7468,g6_00009_17.tif
6191834,4,0.2249,g6_00009_17.tif
6267398,6,0.8135,g6_00009_17.tif
6267417,3,0.5755,g6_00009_17.tif
6268526,2,0.0534,g6_00009_17.tif
6272948,6,0.4237,g6_00009_17.tif
6272949,1,0.0396,g6_00009_17.tif
6277992,6,0.4507,g6_00009_17.tif
6278101,3,0.3099,g6_00009_17.tif
6278118,2,0.3375,g6_00009_17.tif
6278329,3,0.11,g6_00009_17.tif
6284829,2,0.0323,g6_00009_17.tif
6468914,4,0.5849,g6_00009_17.tif
6479391,2,0.3739,g6_00009_17.tif
6479392,5,0.0533,g6_00009_17.tif
6479428,5,0.5374,g6_00009_17.tif
6479435,5,0.7055,g6_00009_17.tif
6516288,6,0.107,g6_00009_17.tif
6516290,2,0.6329,g6_00009_17.tif
6516291,2,0.1568,g6_00009_17.tif
6516351,1,0.18,g6_00009_17.tif
6516355,5,0.3109,g6_00009_17.tif
6516550,5,0.2134,g6_00009_17.tif
6522041,3,0.8625,g6_00009_17.tif
6522056,8,0.4652,g6_00009_17.tif
6522064,1,0.1117,g6_00009_17.tif
6522146,5,0.625,g6_00009_17.tif
6522205,3,0.4648,g6_00009_17.tif
6537279,7,0.5794,g6_00009_17.tif
6537284,8,0.815,g6_00009_17.tif
6537287,1,0.4138,g6_00009_17.tif
6537561,5,0.3491,g6_00009_17.tif
6537563,4,0.1911,g6_00009_17.tif
6537581,4,0.5576,g6_00009_17.tif
6552531,4,0.5902,g6_00009_17.tif
6597921,3,0.1181,g6_00009_17.tif
6666613,5,0.6514,g6_00009_17.tif
6666617,2,0.2254,g6_00009_17.tif
6666618,3,0.7419,g6_00009_17.tif
6669237,4,0.5278,g6_00009_17.tif
6669246,4,0.2507,g6_00009_17.tif
6710226,5,0.4167,g6_00009_17.tif
6747865,3,0.8959,g6_00009_17.tif
6748019,3,0.7333,g6_00009_17.tif
6748040,1,0.0609,g6_00009_17.tif
6774736,4,0.2076,g6_00009_17.tif
6774737,6,0.629,g6_00009_17.tif
6774743,5,0.32,g6_00009_17.tif
6775615,6,0.4667,g6_00009_17.tif
6868204,5,0.5056,g6_00009_17.tif
6868838,3,0.2403,g6_00009_17.tif
6868899,3,0.1818,g6_00009_17.tif
6868909,2,0.1887,g6_00009_17.tif
6897400,10,0.5829,g6_00009_17.tif
6897417,6,0.7809,g6_00009_17.tif
6897419,6,0.7867,g6_00009_17.tif
6897464,3,0.6882,g6_00009_17.tif
6897491,4,0.6235,g6_00009_17.tif
6989289,7,0.7095,g6_00009_17.tif
7040860,3,0.0469,g6_00009_17.tif
7040862,4,0.6023,g6_00009_17.tif
7040863,3,0.1449,g6_00009_17.tif
7040865,4,0.046,g6_00009_17.tif
7050016,5,0.9354,g6_00009_17.tif
7050020,6,0.5194,g6_00009_17.tif
7050021,5,0.4269,g6_00009_17.tif
7056209,6,0.5596,g6_00009_17.tif
7056210,4,0.1371,g6_00009_17.tif
7056250,1,0.3514,g6_00009_17.tif
7056265,6,0.6473,g6_00009_17.tif
6160248,7,0.8693,g6_00009_18.tif
6191827,3,0.737,g6_00009_18.tif
6191829,1,0.0899,g6_00009_18.tif
6191832,3,0.3252,g6_00009_18.tif
6191834,3,0.3372,g6_00009_18.tif
6191837,4,0.6706,g6_00009_18.tif
6277988,5,0.9018,g6_00009_18.tif
6278083,6,0.8185,g6_00009_18.tif
6278101,2,0.2343,g6_00009_18.tif
6278118,2,0.2251,g6_00009_18.tif
6345912,3,0.4198,g6_00009_18.tif
6468911,5,0.6379,g6_00009_18.tif
6468912,5,0.6593,g6_00009_18.tif
6468914,3,0.3212,g6_00009_18.tif
6468921,3,0.4803,g6_00009_18.tif
6479373,7,0.6375,g6_00009_18.tif
6479384,3,0.6303,g6_00009_18.tif
6479399,5,0.822,g6_00009_18.tif
6479407,4,0.2891,g6_00009_18.tif
6479417,5,0.8041,g6_00009_18.tif
6479449,4,0.7,g6_00009_18.tif
6480212,6,0.3758,g6_00009_18.tif
6480213,4,0.3102,g6_00009_18.tif
6516351,7,0.4572,g6_00009_18.tif
6521981,7,0.3175,g6_00009_18.tif
6521984,7,0.6992,g6_00009_18.tif
6522024,3,0.3088,g6_00009_18.tif
6522041,3,0.8966,g6_00009_18.tif
6522137,6,0.2645,g6_00009_18.tif
6522179,6,0.6909,g6_00009_18.tif
6593415,3,0.5314,g6_00009_18.tif
6593441,5,0.7,g6_00009_18.tif
6593447,3,0.6412,g6_00009_18.tif
6666610,5,0.5209,g6_00009_18.tif
6666618,5,0.6994,g6_00009_18.tif
6666834,9,0.4016,g6_00009_18.tif
6667033,9,0.7989,g6_00009_18.tif
6667117,7,0.5072,g6_00009_18.tif
6669237,5,0.744,g6_00009_18.tif
6669238,6,0.517,g6_00009_18.tif
6669243,5,0.1211,g6_00009_18.tif
6669245,4,0.4114,g6_00009_18.tif
6693340,12,0.2235,g6_00009_18.tif
6693419,5,0.8988,g6_00009_18.tif
6693432,2,0.0837,g6_00009_18.tif
6710209,2,0.2667,g6_00009_18.tif
6710223,5,0.7143,g6_00009_18.tif
6710229,5,0.3867,g6_00009_18.tif
6710233,4,0.6667,g6_00009_18.tif
6720399,2,0.6343,g6_00009_18.tif
6792280,5,0.6654,g6_00009_18.tif
6792285,6,0.4543,g6_00009_18.tif
6792288,1,0.0333,g6_00009_18.tif
6792291,8,0.6938,g6_00009_18.tif
6792301,4,0.8756,g6_00009_18.tif
6792326,4,0.237,g6_00009_18.tif
6792356,3,0.3774,g6_00009_18.tif
6792359,3,0.3289,g6_00009_18.tif
6792372,5,0.4142,g6_00009_18.tif
6792374,4,0.3425,g6_00009_18.tif
6897419,3,0.7634,g6_00009_18.tif
6898416,6,0.3763,g6_00009_18.tif
6899092,6,0.1813,g6_00009_18.tif
6899104,9,0.2215,g6_00009_18.tif
6899155,4,0.7473,g6_00009_18.tif
6899208,4,0.4194,g6_00009_18.tif
6899209,6,0.2915,g6_00009_18.tif
6899302,5,0.5198,g6_00009_18.tif
6949437,7,0.743,g6_00009_18.tif
6972242,4,0.3682,g6_00009_18.tif
6972245,3,0.7241,g6_00009_18.tif
6989315,5,0.7689,g6_00009_18.tif
7056222,2,0.369,g6_00009_18.tif
7056223,4,0.5996,g6_00009_18.tif
7056248,6,0.5355,g6_00009_18.tif
7056281,2,0.3037,g6_00009_18.tif
7056286,3,0.2584,g6_00009_18.tif
6275548,3,0.4938,g6_00009_4.tif
6284080,1,0.2969,g6_00009_4.tif
6369030,4,0.1639,g6_00009_4.tif
6451685,6,0.2877,g6_00009_4.tif
6459006,6,0.1343,g6_00009_4.tif
6494342,2,0.2182,g6_00009_4.tif
6494688,1,0.0325,g6_00009_4.tif
6612057,2,0.2093,g6_00009_4.tif
6708166,3,0.2407,g6_00009_4.tif
6708174,2,0.1379,g6_00009_4.tif
6750233,4,0.2973,g6_00009_4.tif
6826328,0,0.0,g6_00009_4.tif
6826743,1,0.3516,g6_00009_4.tif
6875657,3,0.3152,g6_00009_4.tif
6875697,2,0.1078,g6_00009_4.tif
7068078,3,0.1233,g6_00009_4.tif
6085693,4,0.8394,g6_00009_5.tif
6085694,3,0.7476,g6_00009_5.tif
6275554,1,0.1261,g6_00009_5.tif
6355562,3,0.0411,g6_00009_5.tif
6355690,4,0.1111,g6_00009_5.tif
6494342,3,0.3,g6_00009_5.tif
6494363,5,0.4085,g6_00009_5.tif
6612024,2,0.06,g6_00009_5.tif
6644867,1,0.1074,g6_00009_5.tif
6694727,3,0.3766,g6_00009_5.tif
6708188,2,0.3504,g6_00009_5.tif
6750250,2,0.2938,g6_00009_5.tif
6927516,9,0.3014,g6_00009_5.tif
6927517,3,0.1301,g6_00009_5.tif
6927519,2,0.0457,g6_00009_5.tif
6927520,1,0.12,g6_00009_5.tif
6927522,2,0.0913,g6_00009_5.tif
7068083,3,0.3036,g6_00009_5.tif
7068084,2,0.0556,g6_00009_5.tif
6085693,2,0.2435,g6_00009_6.tif
6540172,7,0.4008,g6_00009_6.tif
6540174,2,0.0625,g6_00009_6.tif
6540180,2,0.26,g6_00009_6.tif
6891406,2,0.2742,g6_00009_6.tif
6891408,2,0.0739,g6_00009_6.tif
6954219,2,0.2459,g6_00009_6.tif
6974470,5,0.4607,g6_00009_6.tif
6974473,2,0.1914,g6_00009_6.tif
6201304,5,0.5863,g6_00014_3.tif
6201309,3,0.6979,g6_00014_3.tif
6201311,5,0.7286,g6_00014_3.tif
6201315,3,0.3543,g6_00014_3.tif
6201318,4,0.3837,g6_00014_3.tif
6201320,3,0.3942,g6_00014_3.tif
6201714,3,0.1562,g6_00014_3.tif
6203805,6,0.4464,g6_00014_3.tif
6203821,4,0.3631,g6_00014_3.tif
6222141,6,0.4858,g6_00014_3.tif
6222146,3,0.1483,g6_00014_3.tif
6222202,3,0.0622,g6_00014_3.tif
6222204,3,0.049,g6_00014_3.tif
6322619,1,0.0119,g6_00014_3.tif
6322621,3,0.1958,g6_00014_3.tif
6322627,3,0.5367,g6_00014_3.tif
6322630,2,0.0829,g6_00014_3.tif
6322787,4,0.2784,g6_00014_3.tif
6339191,1,0.1298,g6_00014_3.tif
6339193,1,0.1354,g6_00014_3.tif
6339196,4,0.2119,g6_00014_3.tif
6529297,1,0.0833,g6_00014_3.tif
6529298,1,0.1493,g6_00014_3.tif
6529302,5,0.629,g6_00014_3.tif
6529303,3,0.4854,g6_00014_3.tif
6529305,5,0.4565,g6_00014_3.tif
6570333,3,0.2843,g6_00014_3.tif
6570361,2,0.14,g6_00014_3.tif
6570460,6,0.1941,g6_00014_3.tif
6570511,5,0.6312,g6_00014_3.tif
6570630,1,0.0155,g6_00014_3.tif
6754144,4,0.3632,g6_00014_3.tif
6859479,4,0.1447,g6_00014_3.tif
6958494,3,0.0577,g6_00014_3.tif
7003293,1,0.0468,g6_00014_3.tif
7003300,4,0.4669,g6_00014_3.tif
7003386,4,0.3663,g6_00014_3.tif
7003551,2,0.0831,g6_00014_3.tif
6201298,3,0.3333,g6_00014_4.tif
6201299,2,0.0801,g6_00014_4.tif
6201308,3,0.265,g6_00014_4.tif
6201309,4,0.625,g6_00014_4.tif
6203805,7,0.7063,g6_00014_4.tif
6203820,2,0.0192,g6_00014_4.tif
6203821,4,0.3592,g6_00014_4.tif
6203827,4,0.216,g6_00014_4.tif
6203940,2,0.4103,g6_00014_4.tif
6205933,3,0.1132,g6_00014_4.tif
6205935,3,0.1608,g6_00014_4.tif
6322619,2,0.4431,g6_00014_4.tif
6322643,3,0.0558,g6_00014_4.tif
6529295,9,0.7354,g6_00014_4.tif
6570322,1,0.0909,g6_00014_4.tif
6570630,3,0.5686,g6_00014_4.tif
6859476,4,0.8272,g6_00014_4.tif
6859651,5,0.7448,g6_00014_4.tif
6859699,1,0.1208,g6_00014_4.tif
6978643,1,0.375,g6_00014_4.tif
6978673,3,0.0968,g6_00014_4.tif
6978675,2,0.3803,g6_00014_4.tif
6147188,5,0.7861,g6_00014_5.tif
6147190,3,0.4583,g6_00014_5.tif
6147192,1,0.0164,g6_00014_5.tif
6147194,2,0.25,g6_00014_5.tif
6147203,4,0.3333,g6_00014_5.tif
6147209,4,0.24,g6_00014_5.tif
6147210,4,0.3584,g6_00014_5.tif
6147261,1,0.0288,g6_00014_5.tif
6437722,2,0.1259,g6_00014_5.tif
6437723,6,0.3103,g6_00014_5.tif
6437732,4,0.2347,g6_00014_5.tif
6437871,2,0.0213,g6_00014_5.tif
6437913,4,0.2765,g6_00014_5.tif
6437953,1,0.2632,g6_00014_5.tif
6438079,3,0.8023,g6_00014_5.tif
6496829,4,0.3753,g6_00014_5.tif
6496834,5,0.4142,g6_00014_5.tif
6496839,2,0.2877,g6_00014_5.tif
6497108,3,0.2625,g6_00014_5.tif
6497210,2,0.0262,g6_00014_5.tif
6570322,2,0.3256,g6_00014_5.tif
6587761,6,0.2922,g6_00014_5.tif
6587768,3,0.1636,g6_00014_5.tif
6587773,5,0.1399,g6_00014_5.tif
6587776,2,0.05,g6_00014_5.tif
6587947,3,0.1701,g6_00014_5.tif
6702947,4,0.7479,g6_00014_5.tif
6702948,3,0.1813,g6_00014_5.tif
6702957,4,0.2529,g6_00014_5.tif
6702964,2,0.2776,g6_00014_5.tif
6702971,2,0.8092,g6_00014_5.tif
6702977,3,0.3632,g6_00014_5.tif
6702978,4,0.4265,g6_00014_5.tif
6702986,2,0.0287,g6_00014_5.tif
6702987,3,0.2339,g6_00014_5.tif
6702992,3,0.323,g6_00014_5.tif
6703907,2,0.194,g6_00014_5.tif
6703931,2,0.201,g6_00014_5.tif
6836613,5,0.1789,g6_00014_5.tif
6836656,1,0.1231,g6_00014_5.tif
6836687,4,0.3851,g6_00014_5.tif
6134668,1,0.1353,g6_00017_4.tif
6154528,1,0.1146,g6_00017_4.tif
6187558,1,0.0695,g6_00017_4.tif
6187559,1,0.0078,g6_00017_4.tif
6187563,4,0.1602,g6_00017_4.tif
6187689,1,0.0262,g6_00017_4.tif
6187939,2,0.0296,g6_00017_4.tif
6187940,5,0.6942,g6_00017_4.tif
6187941,4,0.7796,g6_00017_4.tif
6188119,1,0.1516,g6_00017_4.tif
6188201,1,0.0781,g6_00017_4.tif
6188249,2,0.171,g6_00017_4.tif
6188286,3,0.1748,g6_00017_4.tif
6188308,4,0.0867,g6_00017_4.tif
6529297,1,0.2151,g6_00017_4.tif
6529298,2,0.4565,g6_00017_4.tif
6534863,2,0.0186,g6_00017_4.tif
6559002,2,0.0836,g6_00017_4.tif
6559011,1,0.0139,g6_00017_4.tif
6565774,4,0.7768,g6_00017_4.tif
6565775,4,0.1838,g6_00017_4.tif
6565790,4,0.2232,g6_00017_4.tif
6565792,2,0.616,g6_00017_4.tif
6565795,2,0.1286,g6_00017_4.tif
6565835,2,0.7792,g6_00017_4.tif
6565836,1,0.1528,g6_00017_4.tif
6566186,3,0.1176,g6_00017_4.tif
6566187,1,0.0173,g6_00017_4.tif
6566213,1,0.0108,g6_00017_4.tif
6591667,2,0.0512,g6_00017_4.tif
6591838,1,0.0737,g6_00017_4.tif
6749466,3,0.6,g6_00017_4.tif
6749469,2,0.6622,g6_00017_4.tif
6749883,3,0.6638,g6_00017_4.tif
6754133,4,0.8571,g6_00017_4.tif
6754157,2,0.1692,g6_00017_4.tif
6754388,1,0.3197,g6_00017_4.tif
6988055,1,0.1625,g6_00017_4.tif
6988394,2,0.0541,g6_00017_4.tif
6152309,4,0.7708,g6_00017_5.tif
6152310,5,0.8153,g6_00017_5.tif
6201298,4,0.0693,g6_00017_5.tif
6201299,3,0.2147,g6_00017_5.tif
6203820,4,0.7103,g6_00017_5.tif
6859476,2,0.3538,g6_00017_5.tif
6978643,4,0.5526,g6_00017_5.tif
6152304,3,0.4315,g6_00017_6.tif
6152306,4,0.3385,g6_00017_6.tif
6180898,3,0.1579,g6_00017_6.tif
6180900,7,0.5369,g6_00017_6.tif
6180948,4,0.3842,g6_00017_6.tif
6181028,4,0.1287,g6_00017_6.tif
6181079,1,0.2284,g6_00017_6.tif
6181110,1,0.0711,g6_00017_6.tif
6525242,1,0.0318,g6_00017_6.tif
6599799,2,0.3355,g6_00017_6.tif
6599803,4,0.1576,g6_00017_6.tif
6656815,8,0.3403,g6_00017_6.tif
6656841,4,0.4502,g6_00017_6.tif
6656845,3,0.0385,g6_00017_6.tif
6656850,5,0.1148,g6_00017_6.tif
6657171,5,0.3558,g6_00017_6.tif
6657228,2,0.086,g6_00017_6.tif
6657523,1,0.0207,g6_00017_6.tif
6714968,6,0.8398,g6_00017_6.tif
6714969,5,0.627,g6_00017_6.tif
6714972,4,0.2843,g6_00017_6.tif
6714976,4,0.1728,g6_00017_6.tif
6714977,4,0.0963,g6_00017_6.tif
6935664,5,0.3223,g6_00017_6.tif
6978646,4,0.1774,g6_00017_6.tif
6978653,1,0.3049,g6_00017_6.tif
6978655,2,0.0774,g6_00017_6.tif
6978663,7,0.7662,g6_00017_6.tif
6978665,3,0.2348,g6_00017_6.tif
6978669,5,0.2136,g6_00017_6.tif
6978688,6,0.3137,g6_00017_6.tif
6978718,2,0.0141,g6_00017_6.tif
6978719,7,0.873,g6_00017_6.tif
6978726,1,0.0869,g6_00017_6.tif
6978778,1,0.0048,g6_00017_6.tif
7018370,2,0.2613,g6_00017_6.tif
7018402,5,0.3657,g6_00017_6.tif
7018419,5,0.5784,g6_00017_6.tif
7018437,4,0.4571,g6_00017_6.tif
7018461,2,0.0452,g6_00017_6.tif
7018473,3,0.0194,g6_00017_6.tif
7018474,3,0.0843,g6_00017_6.tif
7019154,2,0.2455,g6_00017_6.tif
7019491,2,0.2798,g6_00017_6.tif
7019678,3,0.3898,g6_00017_6.tif
6134624,1,0.3423,g6_00020_5.tif
6134625,4,0.3967,g6_00020_5.tif
6187555,4,0.6541,g6_00020_5.tif
6187575,2,0.267,g6_00020_5.tif
6525249,2,0.0493,g6_00020_5.tif
6565766,3,0.3228,g6_00020_5.tif
6565811,2,0.6395,g6_00020_5.tif
6565835,4,0.5086,g6_00020_5.tif
6565836,4,0.3387,g6_00020_5.tif
6640602,6,0.4913,g6_00020_5.tif
6988050,2,0.1562,g6_00020_5.tif
6988070,2,0.0948,g6_00020_5.tif
6988077,5,0.4409,g6_00020_5.tif
6988079,2,0.1551,g6_00020_5.tif
6988081,3,0.2143,g6_00020_5.tif
6988394,3,0.2143,g6_00020_5.tif
6989140,2,0.1298,g6_00020_5.tif
6174567,6,0.5204,g6_00020_6.tif
6174569,3,0.7632,g6_00020_6.tif
6174585,3,0.0714,g6_00020_6.tif
6303371,4,0.3361,g6_00020_6.tif
6303373,2,0.0373,g6_00020_6.tif
6580758,1,0.1022,g6_00020_6.tif
6580769,2,0.0939,g6_00020_6.tif
6580783,2,0.0734,g6_00020_6.tif
6775871,8,0.8193,g6_00020_6.tif
6794255,3,0.3295,g6_00020_6.tif
6794258,2,0.1882,g6_00020_6.tif
6794259,4,0.5778,g6_00020_6.tif
6906066,4,0.5126,g6_00020_6.tif
6906089,5,0.6348,g6_00020_6.tif
6906107,4,0.4111,g6_00020_6.tif
6906112,2,0.1571,g6_00020_6.tif
6906510,1,0.03,g6_00020_6.tif
6997022,1,0.25,g6_00020_6.tif
6301462,2,0.4225,g6_00020_7.tif
6320753,4,0.664,g6_00020_7.tif
6320757,1,0.3772,g6_00020_7.tif
6320762,4,0.5973,g6_00020_7.tif
6320772,1,0.011,g6_00020_7.tif
6320803,4,0.5787,g6_00020_7.tif
6320807,3,0.0227,g6_00020_7.tif
6436729,1,0.0076,g6_00020_7.tif
6775840,2,0.4123,g6_00020_7.tif
6775853,4,0.3873,g6_00020_7.tif
6775857,4,0.6549,g6_00020_7.tif
6776550,2,0.0419,g6_00020_7.tif
7057916,3,0.3014,g6_00020_7.tif
7057921,4,0.4031,g6_00020_7.tif
6111432,3,0.423,g6_00023_15.tif
6232840,10,0.5991,g6_00023_15.tif
6232846,4,0.8846,g6_00023_15.tif
6250367,2,0.5123,g6_00023_15.tif
6250371,4,0.8889,g6_00023_15.tif
6268134,4,0.5362,g6_00023_15.tif
6268330,2,0.2679,g6_00023_15.tif
6270672,5,0.8086,g6_00023_15.tif
6270675,3,0.8333,g6_00023_15.tif
6319534,3,0.6262,g6_00023_15.tif
6319589,4,0.5751,g6_00023_15.tif
6319592,2,0.7,g6_00023_15.tif
6362656,8,0.25,g6_00023_15.tif
6362662,4,0.2762,g6_00023_15.tif
6362877,7,0.754,g6_00023_15.tif
6362964,1,0.0576,g6_00023_15.tif
6408126,1,0.0119,g6_00023_15.tif
6408127,2,0.8936,g6_00023_15.tif
6453825,5,0.8854,g6_00023_15.tif
6574775,7,0.534,g6_00023_15.tif
6575099,5,0.7565,g6_00023_15.tif
6575135,3,0.7671,g6_00023_15.tif
6575142,5,0.3913,g6_00023_15.tif
6575181,6,0.5327,g6_00023_15.tif
6599563,2,0.288,g6_00023_15.tif
6599577,7,0.8527,g6_00023_15.tif
6611666,7,0.4208,g6_00023_15.tif
6640849,6,0.5062,g6_00023_15.tif
6658482,4,0.5086,g6_00023_15.tif
6658486,6,0.7276,g6_00023_15.tif
6659719,4,0.5342,g6_00023_15.tif
6666591,4,0.7091,g6_00023_15.tif
6666592,3,0.0645,g6_00023_15.tif
6666593,6,0.4223,g6_00023_15.tif
6666602,2,0.0133,g6_00023_15.tif
6666604,4,0.3758,g6_00023_15.tif
6666779,9,0.8835,g6_00023_15.tif
6666780,5,0.3385,g6_00023_15.tif
6666789,5,0.7653,g6_00023_15.tif
6666799,3,0.7288,g6_00023_15.tif
6666804,4,0.8519,g6_00023_15.tif
6670715,6,0.6955,g6_00023_15.tif
6691922,5,0.8103,g6_00023_15.tif
6724651,3,0.8081,g6_00023_15.tif
6724656,5,0.4708,g6_00023_15.tif
6736609,2,0.4375,g6_00023_15.tif
6802234,2,0.0329,g6_00023_15.tif
6802281,6,0.8671,g6_00023_15.tif
6891334,10,0.4195,g6_00023_15.tif
6891339,6,0.91,g6_00023_15.tif
6891344,5,0.7893,g6_00023_15.tif
6891636,4,0.6736,g6_00023_15.tif
6891649,6,0.6901,g6_00023_15.tif
6891728,5,0.7014,g6_00023_15.tif
6891740,2,0.1594,g6_00023_15.tif
6908527,4,0.4288,g6_00023_15.tif
6908530,3,0.1304,g6_00023_15.tif
6975417,2,0.5652,g6_00023_15.tif
7014833,7,0.8121,g6_00023_15.tif
7014839,6,0.6651,g6_00023_15.tif
7014970,3,0.3,g6_00023_15.tif
7018617,6,0.6784,g6_00023_15.tif
7018619,6,0.3246,g6_00023_15.tif
7018622,5,0.7956,g6_00023_15.tif
7018906,2,0.425,g6_00023_15.tif
7018907,3,0.4818,g6_00023_15.tif
7019234,2,0.449,g6_00023_15.tif
7044216,1,0.1913,g6_00023_15.tif
7064082,2,0.1387,g6_00023_15.tif
7064086,6,0.3857,g6_00023_15.tif
6111442,3,0.5755,g6_00023_16.tif
6141489,4,0.4411,g6_00023_16.tif
6171463,2,0.1081,g6_00023_16.tif
6172340,9,0.5314,g6_00023_16.tif
6172343,10,0.3249,g6_00023_16.tif
6250367,4,0.871,g6_00023_16.tif
6268137,5,0.2368,g6_00023_16.tif
6270679,2,0.3302,g6_00023_16.tif
6324357,3,0.8365,g6_00023_16.tif
6326019,9,0.3924,g6_00023_16.tif
6326158,5,0.0691,g6_00023_16.tif
6362656,2,0.8068,g6_00023_16.tif
6362663,4,0.2215,g6_00023_16.tif
6593065,3,0.6952,g6_00023_16.tif
6600429,4,0.3933,g6_00023_16.tif
6601224,2,0.0893,g6_00023_16.tif
6666597,6,0.8289,g6_00023_16.tif
6666599,5,0.3597,g6_00023_16.tif
6666600,3,0.4372,g6_00023_16.tif
6666601,6,0.3296,g6_00023_16.tif
6666602,6,0.6718,g6_00023_16.tif
6666607,3,0.7093,g6_00023_16.tif
6666795,9,0.3126,g6_00023_16.tif
6670713,3,0.5522,g6_00023_16.tif
6670714,4,0.4605,g6_00023_16.tif
6705284,3,0.6262,g6_00023_16.tif
6705321,4,0.4722,g6_00023_16.tif
6714340,4,0.241,g6_00023_16.tif
6715861,5,0.7407,g6_00023_16.tif
6716770,7,0.2444,g6_00023_16.tif
6726223,6,0.6214,g6_00023_16.tif
6736607,4,0.8041,g6_00023_16.tif
6736616,4,0.4048,g6_00023_16.tif
6736710,5,0.3364,g6_00023_16.tif
6886248,8,0.4363,g6_00023_16.tif
6886585,5,0.5034,g6_00023_16.tif
6886587,3,0.369,g6_00023_16.tif
6908526,9,0.4816,g6_00023_16.tif
6908527,1,0.0187,g6_00023_16.tif
6908528,2,0.148,g6_00023_16.tif
6936731,2,0.4392,g6_00023_16.tif
6936734,6,0.6043,g6_00023_16.tif
6936838,2,0.2388,g6_00023_16.tif
7014833,4,0.8276,g6_00023_16.tif
7018612,6,0.2635,g6_00023_16.tif
7018621,2,0.5659,g6_00023_16.tif
7018622,2,0.475,g6_00023_16.tif
7018629,4,0.8376,g6_00023_16.tif
7018636,2,0.4196,g6_00023_16.tif
7052891,3,0.7722,g6_00023_16.tif
6112660,3,0.4811,g6_00023_17.tif
6112697,3,0.2254,g6_00023_17.tif
6163367,2,0.0231,g6_00023_17.tif
6178804,1,0.3729,g6_00023_17.tif
6185194,5,0.5124,g6_00023_17.tif
6185196,3,0.2314,g6_00023_17.tif
6185197,4,0.1631,g6_00023_17.tif
6273099,5,0.7325,g6_00023_17.tif
6273103,3,0.8458,g6_00023_17.tif
6273320,2,0.1,g6_00023_17.tif
6273464,2,0.6667,g6_00023_17.tif
6273473,1,0.0116,g6_00023_17.tif
6341901,3,0.6962,g6_00023_17.tif
6341905,6,0.3671,g6_00023_17.tif
6341910,4,0.759,g6_00023_17.tif
6341912,1,0.2222,g6_00023_17.tif
6342217,3,0.3491,g6_00023_17.tif
6342266,1,0.0345,g6_00023_17.tif
6363523,5,0.5462,g6_00023_17.tif
6558967,1,0.1575,g6_00023_17.tif
6600412,3,0.3718,g6_00023_17.tif
6600420,2,0.1412,g6_00023_17.tif
6600513,2,0.3061,g6_00023_17.tif
6601205,1,0.0119,g6_00023_17.tif
6666595,8,0.4835,g6_00023_17.tif
6670694,3,0.6154,g6_00023_17.tif
6670695,4,0.7572,g6_00023_17.tif
6670730,4,0.1754,g6_00023_17.tif
6670749,3,0.1489,g6_00023_17.tif
6715839,10,0.467,g6_00023_17.tif
6715885,3,0.2412,g6_00023_17.tif
6715904,8,0.782,g6_00023_17.tif
6736602,6,0.9264,g6_00023_17.tif
6736603,5,0.842,g6_00023_17.tif
6886569,9,0.3571,g6_00023_17.tif
6886572,6,0.6085,g6_00023_17.tif
6886573,4,0.6657,g6_00023_17.tif
6886581,6,0.2704,g6_00023_17.tif
6886582,5,0.5746,g6_00023_17.tif
6886610,7,0.8182,g6_00023_17.tif
6908520,2,0.6544,g6_00023_17.tif
6926864,4,0.2402,g6_00023_17.tif
6946845,5,0.856,g6_00023_17.tif
6946851,6,0.6088,g6_00023_17.tif
6946859,4,0.6333,g6_00023_17.tif
6947031,7,0.8942,g6_00023_17.tif
6947050,2,0.2103,g6_00023_17.tif
6953414,7,0.2088,g6_00023_17.tif
6957581,5,0.4425,g6_00023_17.tif
6957587,5,0.8471,g6_00023_17.tif
6957594,1,0.2319,g6_00023_17.tif
6957870,4,0.7962,g6_00023_17.tif
6957927,3,0.3552,g6_00023_17.tif
6957966,2,0.0294,g6_00023_17.tif
6984788,2,0.1519,g6_00023_17.tif
6984944,8,0.7696,g6_00023_17.tif
6984969,6,0.8656,g6_00023_17.tif
7045236,3,0.2486,g6_00023_17.tif
7064454,2,0.6491,g6_00023_17.tif
6094963,5,0.175,g6_00023_18.tif
6094964,1,0.1954,g6_00023_18.tif
6094965,3,0.1646,g6_00023_18.tif
6094966,6,0.3507,g6_00023_18.tif
6094967,2,0.0936,g6_00023_18.tif
6094972,4,0.209,g6_00023_18.tif
6094976,5,0.26,g6_00023_18.tif
6095025,9,0.484,g6_00023_18.tif
6095050,6,0.6526,g6_00023_18.tif
6095061,4,0.6254,g6_00023_18.tif
6095749,4,0.1583,g6_00023_18.tif
6142461,8,0.375,g6_00023_18.tif
6185193,5,0.5874,g6_00023_18.tif
6185197,3,0.1263,g6_00023_18.tif
6202138,3,0.4,g6_00023_18.tif
6246367,3,0.137,g6_00023_18.tif
6273103,2,0.6071,g6_00023_18.tif
6273126,1,0.1497,g6_00023_18.tif
6296125,5,0.2178,g6_00023_18.tif
6364858,6,0.6394,g6_00023_18.tif
6509340,6,0.3081,g6_00023_18.tif
6558967,2,0.72,g6_00023_18.tif
6600410,4,0.7474,g6_00023_18.tif
6600412,4,0.3367,g6_00023_18.tif
6600513,6,0.595,g6_00023_18.tif
6600580,2,0.2165,g6_00023_18.tif
6600588,2,0.1907,g6_00023_18.tif
6600753,2,0.1465,g6_00023_18.tif
6601122,2,0.0722,g6_00023_18.tif
6605623,5,0.371,g6_00023_18.tif
6605670,2,0.2872,g6_00023_18.tif
6624743,7,0.821,g6_00023_18.tif
6624752,4,0.81,g6_00023_18.tif
6624865,5,0.5,g6_00023_18.tif
6624874,6,0.6176,g6_00023_18.tif
6643194,5,0.3781,g6_00023_18.tif
6643203,4,0.3975,g6_00023_18.tif
6643436,1,0.0843,g6_00023_18.tif
6670695,4,0.5446,g6_00023_18.tif
6670702,3,0.4814,g6_00023_18.tif
6670707,3,0.314,g6_00023_18.tif
6670718,4,0.4699,g6_00023_18.tif
6670723,5,0.829,g6_00023_18.tif
6670749,2,0.0764,g6_00023_18.tif
6686380,1,0.0189,g6_00023_18.tif
6696060,3,0.072,g6_00023_18.tif
6696128,2,0.084,g6_00023_18.tif
6738137,3,0.0634,g6_00023_18.tif
6742984,3,0.4225,g6_00023_18.tif
6742990,2,0.0885,g6_00023_18.tif
6742996,2,0.5044,g6_00023_18.tif
6742998,3,0.2304,g6_00023_18.tif
6744391,4,0.75,g6_00023_18.tif
6744403,2,0.0519,g6_00023_18.tif
6744404,1,0.0359,g6_00023_18.tif
6744551,4,0.66,g6_00023_18.tif
6745909,4,0.4219,g6_00023_18.tif
6749903,7,0.587,g6_00023_18.tif
6749907,8,0.7627,g6_00023_18.tif
6749914,4,0.7039,g6_00023_18.tif
6749921,6,0.1852,g6_00023_18.tif
6749974,2,0.047,g6_00023_18.tif
6794671,3,0.4051,g6_00023_18.tif
6794672,3,0.1268,g6_00023_18.tif
6794809,2,0.3069,g6_00023_18.tif
6808650,1,0.3391,g6_00023_18.tif
6808651,3,0.2578,g6_00023_18.tif
6808663,4,0.6266,g6_00023_18.tif
6808666,3,0.3,g6_00023_18.tif
6808686,3,0.639,g6_00023_18.tif
6809339,2,0.1124,g6_00023_18.tif
6809855,2,0.0222,g6_00023_18.tif
6863008,5,0.731,g6_00023_18.tif
6863025,3,0.4397,g6_00023_18.tif
6863027,5,0.3058,g6_00023_18.tif
6863033,9,0.3525,g6_00023_18.tif
6863034,4,0.2447,g6_00023_18.tif
6863036,4,0.457,g6_00023_18.tif
6886583,7,0.3693,g6_00023_18.tif
6946862,5,0.6614,g6_00023_18.tif
6946863,6,0.5665,g6_00023_18.tif
6947815,1,0.2126,g6_00023_18.tif
6957579,4,0.3954,g6_00023_18.tif
6957594,2,0.0423,g6_00023_18.tif
6957602,4,0.4204,g6_00023_18.tif
6957666,1,0.0189,g6_00023_18.tif
6959711,3,0.6445,g6_00023_18.tif
6984788,3,0.4095,g6_00023_18.tif
6984793,5,0.7123,g6_00023_18.tif
6984795,2,0.4337,g6_00023_18.tif
6992705,6,0.7023,g6_00023_18.tif
6992710,4,0.3487,g6_00023_18.tif
6992713,3,0.4781,g6_00023_18.tif
6094974,4,0.4634,g6_00024_0.tif
6121758,3,0.2167,g6_00024_0.tif
6121766,3,0.3791,g6_00024_0.tif
6121887,2,0.0738,g6_00024_0.tif
6283611,2,0.0625,g6_00024_0.tif
6283615,3,0.5,g6_00024_0.tif
6285642,3,0.6423,g6_00024_0.tif
6285643,1,0.092,g6_00024_0.tif
6285647,5,0.5758,g6_00024_0.tif
6285648,4,0.8447,g6_00024_0.tif
6285872,4,0.3846,g6_00024_0.tif
6296078,11,0.3161,g6_00024_0.tif
6352006,4,0.1702,g6_00024_0.tif
6352011,3,0.2373,g6_00024_0.tif
6352036,1,0.1409,g6_00024_0.tif
6425676,5,0.7607,g6_00024_0.tif
6425698,2,0.7271,g6_00024_0.tif
6425772,1,0.1185,g6_00024_0.tif
6425894,2,0.0469,g6_00024_0.tif
6427240,3,0.3744,g6_00024_0.tif
6427380,2,0.0689,g6_00024_0.tif
6597569,5,0.7176,g6_00024_0.tif
6597577,4,0.2525,g6_00024_0.tif
6742984,2,0.2028,g6_00024_0.tif
6749914,1,0.2593,g6_00024_0.tif
6808638,7,0.5,g6_00024_0.tif
6808640,5,0.6371,g6_00024_0.tif
6947815,2,0.6018,g6_00024_0.tif
6950300,1,0.0971,g6_00024_0.tif
6950302,5,0.3591,g6_00024_0.tif
6117393,2,0.0871,g6_00024_1.tif
6117394,2,0.1153,g6_00024_1.tif
6117395,4,0.1202,g6_00024_1.tif
6117398,3,0.0379,g6_00024_1.tif
6117401,3,0.1923,g6_00024_1.tif
6117480,3,0.2462,g6_00024_1.tif
6117690,3,0.11,g6_00024_1.tif
6117691,3,0.0896,g6_00024_1.tif
6117697,3,0.4149,g6_00024_1.tif
6117705,2,0.25,g6_00024_1.tif
6117747,4,0.2103,g6_00024_1.tif
6117753,4,0.0663,g6_00024_1.tif
6117805,3,0.066,g6_00024_1.tif
6148141,1,0.1157,g6_00024_1.tif
6162554,1,0.0136,g6_00024_1.tif
6164121,4,0.4459,g6_00024_1.tif
6164123,2,0.2617,g6_00024_1.tif
6188364,3,0.153,g6_00024_1.tif
6188367,1,0.019,g6_00024_1.tif
6188368,2,0.1226,g6_00024_1.tif
6188463,1,0.1153,g6_00024_1.tif
6213667,3,0.2609,g6_00024_1.tif
6213668,3,0.1189,g6_00024_1.tif
6213715,3,0.0821,g6_00024_1.tif
6233450,3,0.3824,g6_00024_1.tif
6233452,5,0.5489,g6_00024_1.tif
6233453,4,0.3197,g6_00024_1.tif
6239979,2,0.0423,g6_00024_1.tif
6285642,3,0.75,g6_00024_1.tif
6285656,3,0.2868,g6_00024_1.tif
6285872,2,0.5357,g6_00024_1.tif
6425674,4,0.2425,g6_00024_1.tif
6425676,1,0.0465,g6_00024_1.tif
6425678,6,0.2914,g6_00024_1.tif
6460370,2,0.0519,g6_00024_1.tif
6597517,7,0.186,g6_00024_1.tif
6597557,7,0.6667,g6_00024_1.tif
6606677,2,0.0345,g6_00024_1.tif
6606686,2,0.0691,g6_00024_1.tif
6614563,6,0.7566,g6_00024_1.tif
6813396,4,0.5502,g6_00024_1.tif
6817456,4,0.3147,g6_00024_1.tif
6817458,2,0.0574,g6_00024_1.tif
6817460,3,0.1129,g6_00024_1.tif
6817461,2,0.2038,g6_00024_1.tif
6817466,11,0.3367,g6_00024_1.tif
6817474,5,0.1446,g6_00024_1.tif
6817476,5,0.5755,g6_00024_1.tif
6817669,2,0.0556,g6_00024_1.tif
6909682,2,0.0336,g6_00024_1.tif
6912932,4,0.2939,g6_00024_1.tif
6912934,4,0.3715,g6_00024_1.tif
6099287,2,0.1713,g6_00026_16.tif
6099304,2,0.0743,g6_00026_16.tif
6111432,3,0.7937,g6_00026_16.tif
6111444,1,0.1724,g6_00026_16.tif
6120060,4,0.3587,g6_00026_16.tif
6173845,4,0.2124,g6_00026_16.tif
6173955,2,0.1434,g6_00026_16.tif
6173970,3,0.5193,g6_00026_16.tif
6173997,3,0.072,g6_00026_16.tif
6174006,3,0.0711,g6_00026_16.tif
6179252,6,0.422,g6_00026_16.tif
6179253,4,0.9007,g6_00026_16.tif
6179256,3,0.6069,g6_00026_16.tif
6179394,1,0.0946,g6_00026_16.tif
6179535,3,0.4939,g6_00026_16.tif
6194375,3,0.351,g6_00026_16.tif
6232846,6,0.5806,g6_00026_16.tif
6232858,3,0.1136,g6_00026_16.tif
6248990,3,0.3824,g6_00026_16.tif
6250357,14,0.4168,g6_00026_16.tif
6250359,6,0.4288,g6_00026_16.tif
6250361,2,0.2181,g6_00026_16.tif
6250362,2,0.3973,g6_00026_16.tif
6250366,4,0.6335,g6_00026_16.tif
6250371,2,0.9034,g6_00026_16.tif
6250372,3,0.4343,g6_00026_16.tif
6270669,5,0.7922,g6_00026_16.tif
6270671,2,0.0655,g6_00026_16.tif
6270675,3,0.9145,g6_00026_16.tif
6270678,4,0.6829,g6_00026_16.tif
6270683,4,0.8125,g6_00026_16.tif
6270686,4,0.7588,g6_00026_16.tif
6324348,1,0.2196,g6_00026_16.tif
6324356,4,0.7473,g6_00026_16.tif
6359097,4,0.8935,g6_00026_16.tif
6364834,3,0.4576,g6_00026_16.tif
6408125,7,0.82,g6_00026_16.tif
6408126,5,0.806,g6_00026_16.tif
6408127,5,0.6587,g6_00026_16.tif
6408143,8,0.7511,g6_00026_16.tif
6408146,2,0.4459,g6_00026_16.tif
6408181,5,0.4343,g6_00026_16.tif
6414921,4,0.33,g6_00026_16.tif
6414927,4,0.1085,g6_00026_16.tif
6453819,6,0.8635,g6_00026_16.tif
6453825,2,0.0377,g6_00026_16.tif
6500762,1,0.1429,g6_00026_16.tif
6525858,5,0.4291,g6_00026_16.tif
6525862,4,0.3817,g6_00026_16.tif
6525939,3,0.0591,g6_00026_16.tif
6593059,6,0.3129,g6_00026_16.tif
6593061,2,0.2143,g6_00026_16.tif
6593067,6,0.3615,g6_00026_16.tif
6593068,4,0.6632,g6_00026_16.tif
6593071,5,0.7068,g6_00026_16.tif
6593333,9,0.6123,g6_00026_16.tif
6593349,6,0.7036,g6_00026_16.tif
6593363,4,0.4118,g6_00026_16.tif
6593450,5,0.0864,g6_00026_16.tif
6605272,6,0.51,g6_00026_16.tif
6605343,4,0.287,g6_00026_16.tif
6605344,1,0.0629,g6_00026_16.tif
6605564,1,0.0756,g6_00026_16.tif
6605924,3,0.7267,g6_00026_16.tif
6605925,5,0.1603,g6_00026_16.tif
6621806,1,0.134,g6_00026_16.tif
6630253,4,0.5081,g6_00026_16.tif
6630399,3,0.2861,g6_00026_16.tif
6634682,6,0.7883,g6_00026_16.tif
6634683,10,0.5709,g6_00026_16.tif
6634685,7,0.6065,g6_00026_16.tif
6634713,2,0.025,g6_00026_16.tif
6640851,3,0.6429,g6_00026_16.tif
6640854,3,0.7093,g6_00026_16.tif
6640857,4,0.7566,g6_00026_16.tif
6658474,7,0.3049,g6_00026_16.tif
6659726,6,0.8131,g6_00026_16.tif
6659730,3,0.5878,g6_00026_16.tif
6661240,7,0.4061,g6_00026_16.tif
6661243,4,0.875,g6_00026_16.tif
6661246,3,0.5349,g6_00026_16.tif
6661247,8,0.4371,g6_00026_16.tif
6661251,2,0.6667,g6_00026_16.tif
6661257,3,0.8359,g6_00026_16.tif
6661561,1,0.0579,g6_00026_16.tif
6661639,5,0.8659,g6_00026_16.tif
6661724,3,0.6497,g6_00026_16.tif
6661843,8,0.327,g6_00026_16.tif
6661906,3,0.2074,g6_00026_16.tif
6661907,7,0.4522,g6_00026_16.tif
6663224,4,0.7541,g6_00026_16.tif
6663226,4,0.8122,g6_00026_16.tif
6663227,9,0.3185,g6_00026_16.tif
6686415,5,0.6951,g6_00026_16.tif
6692968,4,0.2776,g6_00026_16.tif
6712956,2,0.5402,g6_00026_16.tif
6712959,3,0.1416,g6_00026_16.tif
6724642,3,0.0427,g6_00026_16.tif
6724644,6,0.4724,g6_00026_16.tif
6724651,5,0.815,g6_00026_16.tif
6725036,5,0.5476,g6_00026_16.tif
6725068,1,0.0431,g6_00026_16.tif
6743517,3,0.1007,g6_00026_16.tif
6758260,2,0.5667,g6_00026_16.tif
6758265,1,0.1724,g6_00026_16.tif
6758266,2,0.2745,g6_00026_16.tif
6758344,1,0.5517,g6_00026_16.tif
6758445,2,0.0847,g6_00026_16.tif
6802229,7,0.5559,g6_00026_16.tif
6802234,5,0.4596,g6_00026_16.tif
6802236,4,0.5184,g6_00026_16.tif
6802241,1,0.4194,g6_00026_16.tif
6802245,3,0.3846,g6_00026_16.tif
6803827,5,0.8103,g6_00026_16.tif
6803837,4,0.4795,g6_00026_16.tif
6803843,5,0.6231,g6_00026_16.tif
6803945,6,0.3681,g6_00026_16.tif
6803967,3,0.2811,g6_00026_16.tif
6804399,2,0.0444,g6_00026_16.tif
6832133,4,0.2154,g6_00026_16.tif
6832164,2,0.422,g6_00026_16.tif
6926865,4,0.3455,g6_00026_16.tif
6935506,3,0.5568,g6_00026_16.tif
6935536,5,0.5559,g6_00026_16.tif
6965874,5,0.8391,g6_00026_16.tif
6966077,3,0.6844,g6_00026_16.tif
7005030,4,0.8144,g6_00026_16.tif
7005031,7,0.4274,g6_00026_16.tif
7018690,5,0.5837,g6_00026_16.tif
7018695,2,0.322,g6_00026_16.tif
7045982,7,0.7757,g6_00026_16.tif
7045984,3,0.0196,g6_00026_16.tif
7045987,6,0.4145,g6_00026_16.tif
7045990,3,0.5949,g6_00026_16.tif
7045995,4,0.413,g6_00026_16.tif
7074175,3,0.0437,g6_00026_16.tif
7074181,4,0.8828,g6_00026_16.tif
6087692,6,0.8457,g6_00026_17.tif
6097744,7,0.3526,g6_00026_17.tif
6143571,2,0.2895,g6_00026_17.tif
6155039,7,0.3365,g6_00026_17.tif
6163363,5,0.6244,g6_00026_17.tif
6163365,7,0.758,g6_00026_17.tif
6171461,2,0.0486,g6_00026_17.tif
6171462,2,0.0911,g6_00026_17.tif
6172345,5,0.7701,g6_00026_17.tif
6172346,2,0.2239,g6_00026_17.tif
6172492,1,0.0938,g6_00026_17.tif
6250364,8,0.2385,g6_00026_17.tif
6250366,1,0.2179,g6_00026_17.tif
6250372,7,0.3568,g6_00026_17.tif
6251600,2,0.4054,g6_00026_17.tif
6270665,6,0.7989,g6_00026_17.tif
6270668,7,0.5403,g6_00026_17.tif
6270677,2,0.3991,g6_00026_17.tif
6270678,3,0.3596,g6_00026_17.tif
6270680,4,0.3786,g6_00026_17.tif
6324356,3,0.4332,g6_00026_17.tif
6325888,4,0.7848,g6_00026_17.tif
6359096,1,0.3125,g6_00026_17.tif
6359099,2,0.4388,g6_00026_17.tif
6359167,1,0.2826,g6_00026_17.tif
6408118,8,0.7677,g6_00026_17.tif
6408133,7,0.8367,g6_00026_17.tif
6408173,3,0.0823,g6_00026_17.tif
6409804,4,0.6908,g6_00026_17.tif
6409816,3,0.6927,g6_00026_17.tif
6409822,3,0.7812,g6_00026_17.tif
6409840,3,0.4286,g6_00026_17.tif
6412748,3,0.7422,g6_00026_17.tif
6412753,10,0.5148,g6_00026_17.tif
6412760,5,0.5165,g6_00026_17.tif
6412767,4,0.2444,g6_00026_17.tif
6414900,5,0.6587,g6_00026_17.tif
6414913,4,0.2494,g6_00026_17.tif
6414917,3,0.7615,g6_00026_17.tif
6414919,6,0.5188,g6_00026_17.tif
6414925,2,0.4412,g6_00026_17.tif
6416488,5,0.7271,g6_00026_17.tif
6418429,6,0.8108,g6_00026_17.tif
6420880,5,0.792,g6_00026_17.tif
6453807,3,0.6301,g6_00026_17.tif
6453808,4,0.2798,g6_00026_17.tif
6453809,3,0.5844,g6_00026_17.tif
6453826,4,0.6356,g6_00026_17.tif
6453836,3,0.354,g6_00026_17.tif
6453849,4,0.1298,g6_00026_17.tif
6454184,3,0.2414,g6_00026_17.tif
6454224,3,0.2938,g6_00026_17.tif
6500535,8,0.3667,g6_00026_17.tif
6500538,2,0.238,g6_00026_17.tif
6500762,7,0.582,g6_00026_17.tif
6501390,6,0.2674,g6_00026_17.tif
6501393,5,0.4462,g6_00026_17.tif
6501394,5,0.2811,g6_00026_17.tif
6501396,3,0.5,g6_00026_17.tif
6501399,3,0.2432,g6_00026_17.tif
6501413,4,0.5048,g6_00026_17.tif
6501416,4,0.2418,g6_00026_17.tif
6501489,3,0.1105,g6_00026_17.tif
6575147,1,0.0172,g6_00026_17.tif
6589564,7,0.8547,g6_00026_17.tif
6589577,3,0.2413,g6_00026_17.tif
6589634,3,0.4791,g6_00026_17.tif
6593068,1,0.381,g6_00026_17.tif
6634688,4,0.3823,g6_00026_17.tif
6634689,5,0.7192,g6_00026_17.tif
6640854,4,0.3688,g6_00026_17.tif
6640855,2,0.2424,g6_00026_17.tif
6686401,7,0.8295,g6_00026_17.tif
6686404,13,0.2557,g6_00026_17.tif
6686408,2,0.585,g6_00026_17.tif
6686415,3,0.8686,g6_00026_17.tif
6686422,1,0.1135,g6_00026_17.tif
6694164,3,0.5182,g6_00026_17.tif
6705275,8,0.2566,g6_00026_17.tif
6705278,6,0.6721,g6_00026_17.tif
6705285,7,0.7701,g6_00026_17.tif
6705288,4,0.3062,g6_00026_17.tif
6705453,1,0.0377,g6_00026_17.tif
6714340,4,0.067,g6_00026_17.tif
6714343,4,0.4234,g6_00026_17.tif
6714726,6,0.194,g6_00026_17.tif
6715842,8,0.3342,g6_00026_17.tif
6715843,4,0.4288,g6_00026_17.tif
6715856,9,0.3883,g6_00026_17.tif
6715881,5,0.425,g6_00026_17.tif
6724642,6,0.8071,g6_00026_17.tif
6724658,3,0.3103,g6_00026_17.tif
6725036,1,0.42,g6_00026_17.tif
6743656,5,0.2692,g6_00026_17.tif
6758265,2,0.3,g6_00026_17.tif
6758267,3,0.1116,g6_00026_17.tif
6758344,2,0.216,g6_00026_17.tif
6758445,1,0.0487,g6_00026_17.tif
6822390,2,0.0129,g6_00026_17.tif
6822392,1,0.0848,g6_00026_17.tif
6822396,9,0.2277,g6_00026_17.tif
6822409,5,0.6992,g6_00026_17.tif
6822431,2,0.1158,g6_00026_17.tif
6831989,4,0.2075,g6_00026_17.tif
6886249,3,0.6295,g6_00026_17.tif
6894042,5,0.854,g6_00026_17.tif
6894066,5,0.285,g6_00026_17.tif
6935512,5,0.686,g6_00026_17.tif
6935924,2,0.0622,g6_00026_17.tif
6953423,3,0.1975,g6_00026_17.tif
6965881,4,0.3774,g6_00026_17.tif
7005035,5,0.821,g6_00026_17.tif
7005041,5,0.5083,g6_00026_17.tif
6084446,5,0.6845,g6_00026_18.tif
6084450,3,0.4161,g6_00026_18.tif
6084453,3,0.1753,g6_00026_18.tif
6084454,3,0.2067,g6_00026_18.tif
6084456,6,0.3659,g6_00026_18.tif
6084458,2,0.1232,g6_00026_18.tif
6097738,6,0.7612,g6_00026_18.tif
6112660,1,0.0882,g6_00026_18.tif
6141485,7,0.6729,g6_00026_18.tif
6141571,3,0.0249,g6_00026_18.tif
6143038,2,0.1429,g6_00026_18.tif
6143171,4,0.3273,g6_00026_18.tif
6143575,5,0.6476,g6_00026_18.tif
6143576,3,0.6622,g6_00026_18.tif
6143579,3,0.7577,g6_00026_18.tif
6143582,6,0.8622,g6_00026_18.tif
6143586,6,0.2828,g6_00026_18.tif
6143588,5,0.7131,g6_00026_18.tif
6143594,3,0.303,g6_00026_18.tif
6172344,5,0.8276,g6_00026_18.tif
6172346,4,0.2556,g6_00026_18.tif
6172492,2,0.3559,g6_00026_18.tif
6178804,1,0.068,g6_00026_18.tif
6178806,3,0.649,g6_00026_18.tif
6178815,1,0.0724,g6_00026_18.tif
6251600,1,0.1696,g6_00026_18.tif
6341900,2,0.1222,g6_00026_18.tif
6341901,4,0.9223,g6_00026_18.tif
6341905,8,0.3917,g6_00026_18.tif
6341912,3,0.1064,g6_00026_18.tif
6341914,5,0.5614,g6_00026_18.tif
6341917,6,0.6121,g6_00026_18.tif
6342217,1,0.1279,g6_00026_18.tif
6363524,8,0.7233,g6_00026_18.tif
6363528,5,0.648,g6_00026_18.tif
6370536,5,0.6367,g6_00026_18.tif
6374037,4,0.5732,g6_00026_18.tif
6400392,7,0.5145,g6_00026_18.tif
6400574,3,0.2028,g6_00026_18.tif
6409798,5,0.2788,g6_00026_18.tif
6409817,5,0.3234,g6_00026_18.tif
6409822,3,0.7738,g6_00026_18.tif
6410071,3,0.2624,g6_00026_18.tif
6410411,4,0.5889,g6_00026_18.tif
6412748,2,0.2117,g6_00026_18.tif
6414880,10,0.4161,g6_00026_18.tif
6414884,12,0.2632,g6_00026_18.tif
6414901,6,0.8424,g6_00026_18.tif
6430682,4,0.4595,g6_00026_18.tif
6430683,4,0.4372,g6_00026_18.tif
6453817,5,0.6203,g6_00026_18.tif
6575091,2,0.1111,g6_00026_18.tif
6575147,2,0.0581,g6_00026_18.tif
6600415,4,0.6567,g6_00026_18.tif
6600421,5,0.5,g6_00026_18.tif
6616246,4,0.3342,g6_00026_18.tif
6616508,5,0.6534,g6_00026_18.tif
6616534,2,0.6405,g6_00026_18.tif
6621468,7,0.4369,g6_00026_18.tif
6670704,4,0.4711,g6_00026_18.tif
6681404,2,0.1219,g6_00026_18.tif
6681845,3,0.7432,g6_00026_18.tif
6681847,4,0.8242,g6_00026_18.tif
6699252,8,0.3338,g6_00026_18.tif
6699256,4,0.3394,g6_00026_18.tif
6702430,2,0.5355,g6_00026_18.tif
6705302,5,0.8657,g6_00026_18.tif
6706456,3,0.2241,g6_00026_18.tif
6707182,8,0.4706,g6_00026_18.tif
6707196,1,0.1304,g6_00026_18.tif
6715853,3,0.8303,g6_00026_18.tif
6715862,10,0.6064,g6_00026_18.tif
6715870,7,0.6248,g6_00026_18.tif
6715885,2,0.0721,g6_00026_18.tif
6715886,3,0.2651,g6_00026_18.tif
6715891,1,0.355,g6_00026_18.tif
6715900,2,0.2447,g6_00026_18.tif
6715914,7,0.9288,g6_00026_18.tif
6716239,4,0.2727,g6_00026_18.tif
6758276,2,0.6039,g6_00026_18.tif
6822392,2,0.0435,g6_00026_18.tif
6859361,3,0.2437,g6_00026_18.tif
6894042,6,0.5844,g6_00026_18.tif
6926852,5,0.703,g6_00026_18.tif
6935546,4,0.5728,g6_00026_18.tif
6936735,4,0.2892,g6_00026_18.tif
6953345,8,0.5132,g6_00026_18.tif
6953412,9,0.3252,g6_00026_18.tif
6953423,2,0.5573,g6_00026_18.tif
6953452,4,0.1558,g6_00026_18.tif
6953467,2,0.4514,g6_00026_18.tif
6988791,5,0.3216,g6_00026_18.tif
7061043,2,0.5882,g6_00026_18.tif
7077279,4,0.1326,g6_00026_18.tif
6091551,1,0.0921,g6_00027_0.tif
6094975,5,0.7862,g6_00027_0.tif
6095749,4,0.3495,g6_00027_0.tif
6095766,8,0.5449,g6_00027_0.tif
6296104,4,0.8483,g6_00027_0.tif
6371240,1,0.1332,g6_00027_0.tif
6371309,1,0.1495,g6_00027_0.tif
6371321,1,0.0543,g6_00027_0.tif
6395249,1,0.0877,g6_00027_0.tif
6395255,3,0.7816,g6_00027_0.tif
6400392,3,0.3075,g6_00027_0.tif
6400640,1,0.0169,g6_00027_0.tif
6409850,4,0.1271,g6_00027_0.tif
6409859,6,0.6469,g6_00027_0.tif
6425681,1,0.1106,g6_00027_0.tif
6469358,3,0.2404,g6_00027_0.tif
6469359,1,0.0311,g6_00027_0.tif
6469360,1,0.3575,g6_00027_0.tif
6509323,3,0.6633,g6_00027_0.tif
6509333,3,0.4674,g6_00027_0.tif
6600415,4,0.9178,g6_00027_0.tif
6616251,1,0.0514,g6_00027_0.tif
6624743,2,0.0531,g6_00027_0.tif
6638511,1,0.1141,g6_00027_0.tif
6638512,3,0.2581,g6_00027_0.tif
6638513,4,0.5743,g6_00027_0.tif
6638517,4,0.1163,g6_00027_0.tif
6638521,3,0.6479,g6_00027_0.tif
6638526,2,0.1048,g6_00027_0.tif
6638909,1,0.0437,g6_00027_0.tif
6640413,4,0.5152,g6_00027_0.tif
6643191,5,0.6468,g6_00027_0.tif
6643193,7,0.8359,g6_00027_0.tif
6643197,3,0.5374,g6_00027_0.tif
6643510,1,0.0498,g6_00027_0.tif
6643587,2,0.0946,g6_00027_0.tif
6649780,2,0.1308,g6_00027_0.tif
6649782,5,0.2188,g6_00027_0.tif
6649783,3,0.3784,g6_00027_0.tif
6649856,4,0.2239,g6_00027_0.tif
6653855,5,0.7756,g6_00027_0.tif
6663322,2,0.0454,g6_00027_0.tif
6663324,1,0.1224,g6_00027_0.tif
6670690,1,0.0294,g6_00027_0.tif
6675372,3,0.0732,g6_00027_0.tif
6685749,4,0.12,g6_00027_0.tif
6685752,3,0.2241,g6_00027_0.tif
6705316,1,0.0373,g6_00027_0.tif
6705317,1,0.0404,g6_00027_0.tif
6707995,2,0.0917,g6_00027_0.tif
6716978,1,0.0139,g6_00027_0.tif
6717015,1,0.0139,g6_00027_0.tif
6926859,3,0.6408,g6_00027_0.tif
6926875,3,0.2145,g6_00027_0.tif
6953520,7,0.3102,g6_00027_0.tif
7014843,1,0.4342,g6_00027_0.tif
7077273,2,0.0598,g6_00027_0.tif
6094974,3,0.1,g6_00027_1.tif
6095753,7,0.3853,g6_00027_1.tif
6095756,4,0.1451,g6_00027_1.tif
6102195,7,0.714,g6_00027_1.tif
6116249,3,0.1136,g6_00027_1.tif
6116252,3,0.1413,g6_00027_1.tif
6116253,4,0.4847,g6_00027_1.tif
6116254,2,0.547,g6_00027_1.tif
6116257,7,0.562,g6_00027_1.tif
6116258,2,0.0395,g6_00027_1.tif
6116260,5,0.3102,g6_00027_1.tif
6116261,1,0.0698,g6_00027_1.tif
6116262,4,0.1946,g6_00027_1.tif
6116337,3,0.1168,g6_00027_1.tif
6243437,2,0.1398,g6_00027_1.tif
6293793,4,0.1849,g6_00027_1.tif
6296090,8,0.6227,g6_00027_1.tif
6296104,5,0.7753,g6_00027_1.tif
6296107,3,0.5563,g6_00027_1.tif
6296115,4,0.8726,g6_00027_1.tif
6296217,3,0.092,g6_00027_1.tif
6395249,3,0.7115,g6_00027_1.tif
6395253,5,0.7328,g6_00027_1.tif
6395255,1,0.4567,g6_00027_1.tif
6399723,1,0.0343,g6_00027_1.tif
6409809,4,0.4642,g6_00027_1.tif
6613260,9,0.4664,g6_00027_1.tif
6613265,6,0.2187,g6_00027_1.tif
6613267,1,0.0869,g6_00027_1.tif
6613268,5,0.5423,g6_00027_1.tif
6613275,5,0.2521,g6_00027_1.tif
6613276,2,0.2509,g6_00027_1.tif
6613278,2,0.153,g6_00027_1.tif
6613279,2,0.0331,g6_00027_1.tif
6638519,8,0.505,g6_00027_1.tif
6638521,1,0.8667,g6_00027_1.tif
6638525,2,0.3675,g6_00027_1.tif
6638527,3,0.0795,g6_00027_1.tif
6644551,8,0.6512,g6_00027_1.tif
6644800,4,0.1429,g6_00027_1.tif
6707995,3,0.5806,g6_00027_1.tif
6862997,3,0.0359,g6_00027_1.tif
6862998,10,0.3464,g6_00027_1.tif
6863000,5,0.6834,g6_00027_1.tif
6863003,7,0.7749,g6_00027_1.tif
6863004,4,0.6732,g6_00027_1.tif
6863005,7,0.843,g6_00027_1.tif
7014835,6,0.9137,g6_00027_1.tif
7014836,4,0.7986,g6_00027_1.tif
7014843,3,0.1623,g6_00027_1.tif
7014846,2,0.4206,g6_00027_1.tif
6094065,5,0.2365,g6_00027_2.tif
6094067,5,0.2842,g6_00027_2.tif
6094069,7,0.5108,g6_00027_2.tif
6095608,4,0.1957,g6_00027_2.tif
6095612,6,0.2172,g6_00027_2.tif
6095613,3,0.1682,g6_00027_2.tif
6095615,4,0.569,g6_00027_2.tif
6102191,4,0.3742,g6_00027_2.tif
6102194,4,0.398,g6_00027_2.tif
6102211,5,0.8343,g6_00027_2.tif
6102519,2,0.1486,g6_00027_2.tif
6102522,3,0.52,g6_00027_2.tif
6121756,1,0.2308,g6_00027_2.tif
6121764,3,0.3702,g6_00027_2.tif
6121961,2,0.0803,g6_00027_2.tif
6165263,3,0.0741,g6_00027_2.tif
6165266,4,0.1542,g6_00027_2.tif
6165274,3,0.372,g6_00027_2.tif
6165284,4,0.656,g6_00027_2.tif
6165357,2,0.0921,g6_00027_2.tif
6167140,2,0.122,g6_00027_2.tif
6167141,3,0.0652,g6_00027_2.tif
6169138,1,0.038,g6_00027_2.tif
6212156,2,0.1511,g6_00027_2.tif
6243444,2,0.1637,g6_00027_2.tif
6243446,2,0.0455,g6_00027_2.tif
6243453,1,0.0734,g6_00027_2.tif
6370529,3,0.1592,g6_00027_2.tif
6370530,3,0.4286,g6_00027_2.tif
6370531,1,0.0438,g6_00027_2.tif
6370539,3,0.6,g6_00027_2.tif
6370546,4,0.5783,g6_00027_2.tif
6370634,1,0.4032,g6_00027_2.tif
6370653,1,0.0119,g6_00027_2.tif
6396935,3,0.2188,g6_00027_2.tif
6399723,2,0.0469,g6_00027_2.tif
6399728,3,0.0769,g6_00027_2.tif
6399744,2,0.1123,g6_00027_2.tif
6401108,5,0.4632,g6_00027_2.tif
6401117,2,0.0517,g6_00027_2.tif
6401237,4,0.1336,g6_00027_2.tif
6401248,3,0.1216,g6_00027_2.tif
6406006,3,0.1004,g6_00027_2.tif
6406007,2,0.1147,g6_00027_2.tif
6406009,1,0.0474,g6_00027_2.tif
6463972,2,0.0802,g6_00027_2.tif
6463980,5,0.0516,g6_00027_2.tif
6469356,3,0.6522,g6_00027_2.tif
6469357,2,0.122,g6_00027_2.tif
6505457,1,0.0222,g6_00027_2.tif
6505493,1,0.3889,g6_00027_2.tif
6563156,1,0.0419,g6_00027_2.tif
6613267,1,0.1901,g6_00027_2.tif
6613281,2,0.2727,g6_00027_2.tif
6939036,1,0.0649,g6_00027_2.tif
6945219,2,0.0234,g6_00027_2.tif
6945306,6,0.3803,g6_00027_2.tif
6945462,3,0.122,g6_00027_2.tif
7025844,2,0.0977,g6_00027_2.tif
7025845,2,0.0465,g6_00027_2.tif
6102119,5,0.4793,g6_00029_17.tif
6102131,5,0.4936,g6_00029_17.tif
6102137,6,0.1758,g6_00029_17.tif
6102234,2,0.279,g6_00029_17.tif
6155085,1,0.0873,g6_00029_17.tif
6205363,5,0.6167,g6_00029_17.tif
6212478,2,0.1976,g6_00029_17.tif
6212481,3,0.1296,g6_00029_17.tif
6212482,4,0.6371,g6_00029_17.tif
6212486,6,0.2842,g6_00029_17.tif
6212487,4,0.6917,g6_00029_17.tif
6212489,4,0.4673,g6_00029_17.tif
6212532,3,0.1379,g6_00029_17.tif
6224891,4,0.2676,g6_00029_17.tif
6225102,5,0.1101,g6_00029_17.tif
6225136,2,0.5447,g6_00029_17.tif
6225250,5,0.7105,g6_00029_17.tif
6225320,1,0.0252,g6_00029_17.tif
6248986,2,0.74,g6_00029_17.tif
6248987,6,0.3333,g6_00029_17.tif
6248993,2,0.6719,g6_00029_17.tif
6249062,4,0.1995,g6_00029_17.tif
6265796,2,0.165,g6_00029_17.tif
6265869,2,0.4478,g6_00029_17.tif
6265884,4,0.1656,g6_00029_17.tif
6298192,5,0.5641,g6_00029_17.tif
6298194,4,0.6454,g6_00029_17.tif
6298195,5,0.3667,g6_00029_17.tif
6298198,3,0.1674,g6_00029_17.tif
6298199,5,0.3532,g6_00029_17.tif
6298234,4,0.7282,g6_00029_17.tif
6333421,2,0.078,g6_00029_17.tif
6333439,2,0.0512,g6_00029_17.tif
6359097,2,0.86,g6_00029_17.tif
6408129,6,0.788,g6_00029_17.tif
6408146,3,0.3439,g6_00029_17.tif
6408148,2,0.3616,g6_00029_17.tif
6408183,3,0.0149,g6_00029_17.tif
6409811,3,0.7253,g6_00029_17.tif
6412763,2,0.25,g6_00029_17.tif
6414888,7,0.8699,g6_00029_17.tif
6416489,2,0.0857,g6_00029_17.tif
6420875,2,0.8623,g6_00029_17.tif
6486817,2,0.3403,g6_00029_17.tif
6491986,4,0.2807,g6_00029_17.tif
6491989,1,0.5154,g6_00029_17.tif
6491996,2,0.1025,g6_00029_17.tif
6491998,2,0.6133,g6_00029_17.tif
6621489,4,0.1657,g6_00029_17.tif
6621493,3,0.2306,g6_00029_17.tif
6621494,1,0.0835,g6_00029_17.tif
6640844,5,0.7624,g6_00029_17.tif
6640845,8,0.4349,g6_00029_17.tif
6640860,4,0.3651,g6_00029_17.tif
6640951,1,0.2285,g6_00029_17.tif
6641026,1,0.0762,g6_00029_17.tif
6661240,4,0.4774,g6_00029_17.tif
6661243,2,0.2821,g6_00029_17.tif
6661251,3,0.7841,g6_00029_17.tif
6661252,6,0.8072,g6_00029_17.tif
6661254,4,0.7393,g6_00029_17.tif
6661256,3,0.4348,g6_00029_17.tif
6661262,3,0.5062,g6_00029_17.tif
6699956,7,0.5545,g6_00029_17.tif
6699957,2,0.1637,g6_00029_17.tif
6726219,6,0.7443,g6_00029_17.tif
6726224,5,0.5272,g6_00029_17.tif
6726227,4,0.4281,g6_00029_17.tif
6726229,5,0.5632,g6_00029_17.tif
6726231,1,0.3796,g6_00029_17.tif
6726488,3,0.1873,g6_00029_17.tif
6758266,2,0.2255,g6_00029_17.tif
6781691,4,0.9074,g6_00029_17.tif
6781695,3,0.2788,g6_00029_17.tif
6918318,6,0.3084,g6_00029_17.tif
6918324,6,0.6734,g6_00029_17.tif
6918335,4,0.584,g6_00029_17.tif
6918348,4,0.2035,g6_00029_17.tif
7005028,6,0.219,g6_00029_17.tif
7045982,2,0.3913,g6_00029_17.tif
7045984,6,0.8456,g6_00029_17.tif
7045993,5,0.2515,g6_00029_17.tif
7045994,3,0.8,g6_00029_17.tif
7045996,3,0.6701,g6_00029_17.tif
7046464,4,0.4604,g6_00029_17.tif
6084447,2,0.2222,g6_00029_18.tif
6086052,4,0.7266,g6_00029_18.tif
6086738,4,0.2012,g6_00029_18.tif
6086741,6,0.6821,g6_00029_18.tif
6086750,4,0.5655,g6_00029_18.tif
6097740,6,0.8084,g6_00029_18.tif
6097748,6,0.4343,g6_00029_18.tif
6097845,1,0.0245,g6_00029_18.tif
6143569,1,0.0255,g6_00029_18.tif
6143571,1,0.0704,g6_00029_18.tif
6168454,2,0.3894,g6_00029_18.tif
6168483,1,0.1176,g6_00029_18.tif
6168492,2,0.3515,g6_00029_18.tif
6168522,1,0.0741,g6_00029_18.tif
6194371,7,0.4112,g6_00029_18.tif
6194381,2,0.2137,g6_00029_18.tif
6194383,5,0.3482,g6_00029_18.tif
6194416,5,0.7031,g6_00029_18.tif
6194429,2,0.0031,g6_00029_18.tif
6196970,2,0.1528,g6_00029_18.tif
6197169,4,0.0958,g6_00029_18.tif
6197181,1,0.0644,g6_00029_18.tif
6212484,2,0.4259,g6_00029_18.tif
6212491,4,0.6978,g6_00029_18.tif
6212493,4,0.8304,g6_00029_18.tif
6265897,1,0.1075,g6_00029_18.tif
6298198,3,0.8788,g6_00029_18.tif
6359096,3,0.7889,g6_00029_18.tif
6359097,1,0.2281,g6_00029_18.tif
6374038,3,0.1741,g6_00029_18.tif
6374040,2,0.4764,g6_00029_18.tif
6408081,1,0.1071,g6_00029_18.tif
6408105,1,0.0365,g6_00029_18.tif
6408140,5,0.7241,g6_00029_18.tif
6408148,2,0.5638,g6_00029_18.tif
6408149,5,0.3443,g6_00029_18.tif
6408186,3,0.5191,g6_00029_18.tif
6408506,3,0.0598,g6_00029_18.tif
6408549,8,0.5502,g6_00029_18.tif
6409806,2,0.2222,g6_00029_18.tif
6410302,2,0.0787,g6_00029_18.tif
6412757,5,0.8519,g6_00029_18.tif
6412759,2,0.0569,g6_00029_18.tif
6412763,2,0.7681,g6_00029_18.tif
6412766,3,0.3261,g6_00029_18.tif
6412802,3,0.3947,g6_00029_18.tif
6412916,5,0.5906,g6_00029_18.tif
6412917,3,0.0573,g6_00029_18.tif
6414888,1,0.1591,g6_00029_18.tif
6414917,3,0.5242,g6_00029_18.tif
6414925,3,0.3417,g6_00029_18.tif
6416489,5,0.5597,g6_00029_18.tif
6416492,2,0.0964,g6_00029_18.tif
6418434,4,0.2409,g6_00029_18.tif
6418442,4,0.445,g6_00029_18.tif
6418789,3,0.5963,g6_00029_18.tif
6418790,3,0.5637,g6_00029_18.tif
6420954,1,0.1168,g6_00029_18.tif
6453804,2,0.0334,g6_00029_18.tif
6453806,3,0.1466,g6_00029_18.tif
6453809,2,0.5275,g6_00029_18.tif
6453851,5,0.3295,g6_00029_18.tif
6454184,1,0.046,g6_00029_18.tif
6501399,3,0.5818,g6_00029_18.tif
6621487,3,0.8917,g6_00029_18.tif
6640855,3,0.2687,g6_00029_18.tif
6661260,4,0.3458,g6_00029_18.tif
6681401,2,0.5864,g6_00029_18.tif
6694131,4,0.1712,g6_00029_18.tif
6694177,5,0.712,g6_00029_18.tif
6694456,2,0.1493,g6_00029_18.tif
6702800,4,0.4961,g6_00029_18.tif
6702829,4,0.2762,g6_00029_18.tif
6702830,2,0.4089,g6_00029_18.tif
6702912,3,0.1045,g6_00029_18.tif
6705311,2,0.0476,g6_00029_18.tif
6707186,3,0.1087,g6_00029_18.tif
6707190,2,0.045,g6_00029_18.tif
6707251,4,0.3391,g6_00029_18.tif
6707294,3,0.3838,g6_00029_18.tif
6714336,2,0.1134,g6_00029_18.tif
6715871,5,0.6805,g6_00029_18.tif
6715872,4,0.6136,g6_00029_18.tif
6715884,3,0.4648,g6_00029_18.tif
6715888,1,0.0451,g6_00029_18.tif
6715893,5,0.1087,g6_00029_18.tif
6715894,3,0.1439,g6_00029_18.tif
6715897,3,0.0903,g6_00029_18.tif
6758266,3,0.1778,g6_00029_18.tif
6905777,5,0.5836,g6_00029_18.tif
6905783,4,0.8261,g6_00029_18.tif
6953326,5,0.4921,g6_00029_18.tif
6953331,5,0.8719,g6_00029_18.tif
6953338,4,0.2777,g6_00029_18.tif
6953370,5,0.6375,g6_00029_18.tif
6953416,4,0.4811,g6_00029_18.tif
6953425,2,0.759,g6_00029_18.tif
6953438,5,0.4737,g6_00029_18.tif
6953447,4,0.4161,g6_00029_18.tif
6953490,2,0.1012,g6_00029_18.tif
6954821,2,0.0882,g6_00029_18.tif
7005041,2,0.0602,g6_00029_18.tif
6084446,2,0.478,g6_00030_0.tif
6084447,3,0.2961,g6_00030_0.tif
6084448,6,0.3833,g6_00030_0.tif
6086049,6,0.838,g6_00030_0.tif
6086090,5,0.8656,g6_00030_0.tif
6086731,3,0.3065,g6_00030_0.tif
6091545,1,0.0063,g6_00030_0.tif
6143036,1,0.1254,g6_00030_0.tif
6143038,1,0.0199,g6_00030_0.tif
6143079,2,0.0769,g6_00030_0.tif
6143115,2,0.046,g6_00030_0.tif
6143171,3,0.0495,g6_00030_0.tif
6143571,4,0.2448,g6_00030_0.tif
6143576,5,0.5987,g6_00030_0.tif
6168449,2,0.1721,g6_00030_0.tif
6251594,4,0.4665,g6_00030_0.tif
6251600,2,0.3625,g6_00030_0.tif
6359098,2,0.478,g6_00030_0.tif
6408142,4,0.7517,g6_00030_0.tif
6409824,5,0.6835,g6_00030_0.tif
6409826,4,0.3154,g6_00030_0.tif
6409862,2,0.3246,g6_00030_0.tif
6412761,4,0.3174,g6_00030_0.tif
6430684,2,0.224,g6_00030_0.tif
6680023,2,0.1026,g6_00030_0.tif
6680270,1,0.1531,g6_00030_0.tif
6680362,1,0.0554,g6_00030_0.tif
6681401,3,0.0235,g6_00030_0.tif
6681403,4,0.6875,g6_00030_0.tif
6681404,4,0.5024,g6_00030_0.tif
6681405,4,0.7241,g6_00030_0.tif
6681406,2,0.2665,g6_00030_0.tif
6681841,3,0.7925,g6_00030_0.tif
6686373,6,0.8394,g6_00030_0.tif
6686390,3,0.4787,g6_00030_0.tif
6686392,3,0.1724,g6_00030_0.tif
6686398,6,0.0618,g6_00030_0.tif
6691917,3,0.0795,g6_00030_0.tif
6691920,3,0.6809,g6_00030_0.tif
6691938,4,0.5938,g6_00030_0.tif
6694127,5,0.8742,g6_00030_0.tif
6694140,4,0.4518,g6_00030_0.tif
6694154,7,0.5433,g6_00030_0.tif
6694174,4,0.4242,g6_00030_0.tif
6699250,4,0.6865,g6_00030_0.tif
6699263,3,0.8391,g6_00030_0.tif
6699270,3,0.0296,g6_00030_0.tif
6699943,2,0.05,g6_00030_0.tif
6699988,2,0.0236,g6_00030_0.tif
6702430,1,0.016,g6_00030_0.tif
6702443,2,0.1552,g6_00030_0.tif
6702444,3,0.2,g6_00030_0.tif
6702448,1,0.0909,g6_00030_0.tif
6702815,4,0.4906,g6_00030_0.tif
6702816,5,0.369,g6_00030_0.tif
6702817,3,0.809,g6_00030_0.tif
6702823,1,0.3175,g6_00030_0.tif
6702834,3,0.2557,g6_00030_0.tif
6706456,1,0.0023,g6_00030_0.tif
6707071,2,0.0581,g6_00030_0.tif
6707072,1,0.0762,g6_00030_0.tif
6707110,2,0.0241,g6_00030_0.tif
6707196,3,0.3693,g6_00030_0.tif
6715853,3,0.5253,g6_00030_0.tif
6715879,5,0.4178,g6_00030_0.tif
6715884,4,0.8041,g6_00030_0.tif
6715889,7,0.3196,g6_00030_0.tif
6718646,1,0.0567,g6_00030_0.tif
6718647,3,0.4595,g6_00030_0.tif
6750763,5,0.4382,g6_00030_0.tif
6758271,1,0.0182,g6_00030_0.tif
6758276,1,0.0117,g6_00030_0.tif
6791686,3,0.0686,g6_00030_0.tif
6894033,5,0.7203,g6_00030_0.tif
6894044,3,0.2473,g6_00030_0.tif
6927190,1,0.0292,g6_00030_0.tif
6953370,4,0.7821,g6_00030_0.tif
6953393,2,0.7087,g6_00030_0.tif
6953408,4,0.7759,g6_00030_0.tif
6953418,2,0.2952,g6_00030_0.tif
6953443,5,0.6146,g6_00030_0.tif
6953444,4,0.7874,g6_00030_0.tif
6953451,3,0.8599,g6_00030_0.tif
6953453,1,0.4367,g6_00030_0.tif
6953454,2,0.1347,g6_00030_0.tif
6953460,2,0.2543,g6_00030_0.tif
6086060,6,0.8139,g6_00030_1.tif
6091541,1,0.0209,g6_00030_1.tif
6091546,8,0.6085,g6_00030_1.tif
6091556,5,0.2794,g6_00030_1.tif
6091563,4,0.4815,g6_00030_1.tif
6360198,2,0.4798,g6_00030_1.tif
6409814,5,0.3709,g6_00030_1.tif
6502713,2,0.3094,g6_00030_1.tif
6502722,6,0.4928,g6_00030_1.tif
6638528,7,0.7284,g6_00030_1.tif
6681841,6,0.4328,g6_00030_1.tif
6686388,4,0.3002,g6_00030_1.tif
6691917,3,0.4805,g6_00030_1.tif
6691920,1,0.0101,g6_00030_1.tif
6694123,7,0.3807,g6_00030_1.tif
6694180,4,0.7059,g6_00030_1.tif
6699255,6,0.509,g6_00030_1.tif
6702817,2,0.6989,g6_00030_1.tif
6717334,4,0.5633,g6_00030_1.tif
6717335,3,0.1064,g6_00030_1.tif
6753792,4,0.5637,g6_00030_1.tif
6753794,4,0.4834,g6_00030_1.tif
6753797,1,0.0764,g6_00030_1.tif
6760066,1,0.1339,g6_00030_1.tif
6879122,4,0.3654,g6_00030_1.tif
6894044,5,0.8087,g6_00030_1.tif
6953349,2,0.1897,g6_00030_1.tif
7005985,3,0.6528,g6_00030_1.tif
7005986,1,0.0781,g6_00030_1.tif
7005987,3,0.1719,g6_00030_1.tif
6343097,5,0.4764,g6_00030_2.tif
6343105,4,0.1326,g6_00030_2.tif
6343106,6,0.3518,g6_00030_2.tif
6343107,7,0.3824,g6_00030_2.tif
6498885,3,0.6505,g6_00030_2.tif
6498886,4,0.1091,g6_00030_2.tif
6498889,6,0.7982,g6_00030_2.tif
6498891,1,0.2326,g6_00030_2.tif
6498896,3,0.0756,g6_00030_2.tif
6499008,4,0.1323,g6_00030_2.tif
6499026,5,0.444,g6_00030_2.tif
6500913,1,0.0455,g6_00030_2.tif
6500921,10,0.4707,g6_00030_2.tif
6500923,6,0.8266,g6_00030_2.tif
6502707,1,0.1158,g6_00030_2.tif
6502713,3,0.5536,g6_00030_2.tif
6502714,4,0.7056,g6_00030_2.tif
6502719,3,0.099,g6_00030_2.tif
6502722,3,0.6125,g6_00030_2.tif
6502726,3,0.5897,g6_00030_2.tif
6502739,3,0.459,g6_00030_2.tif
6502740,2,0.0794,g6_00030_2.tif
6502742,4,0.4057,g6_00030_2.tif
6507001,2,0.1059,g6_00030_2.tif
6600251,3,0.1333,g6_00030_2.tif
6753792,2,0.4314,g6_00030_2.tif
6814381,1,0.1035,g6_00030_2.tif
6953349,10,0.2832,g6_00030_2.tif
6953390,8,0.3899,g6_00030_2.tif
6095618,3,0.2763,g6_00030_3.tif
6095619,3,0.1694,g6_00030_3.tif
6102198,6,0.6837,g6_00030_3.tif
6102200,2,0.103,g6_00030_3.tif
6165790,3,0.1255,g6_00030_3.tif
6256808,4,0.8576,g6_00030_3.tif
6256811,3,0.1525,g6_00030_3.tif
6256815,7,0.6489,g6_00030_3.tif
6256825,1,0.1489,g6_00030_3.tif
6256896,4,0.1566,g6_00030_3.tif
6341913,3,0.7598,g6_00030_3.tif
6370066,1,0.0271,g6_00030_3.tif
6370543,4,0.2112,g6_00030_3.tif
6406018,1,0.1203,g6_00030_3.tif
6424491,2,0.1807,g6_00030_3.tif
6424492,2,0.0437,g6_00030_3.tif
6463982,2,0.1216,g6_00030_3.tif
6469356,2,0.1212,g6_00030_3.tif
6469357,2,0.3675,g6_00030_3.tif
6486562,5,0.8989,g6_00030_3.tif
6502745,4,0.1459,g6_00030_3.tif
6507017,1,0.1064,g6_00030_3.tif
6597515,6,0.4455,g6_00030_3.tif
6638599,2,0.2028,g6_00030_3.tif
6644565,1,0.0671,g6_00030_3.tif
6644566,2,0.0464,g6_00030_3.tif
6699665,5,0.5164,g6_00030_3.tif
6699672,3,0.3284,g6_00030_3.tif
6699864,5,0.5417,g6_00030_3.tif
6699930,3,0.1149,g6_00030_3.tif
6700619,2,0.1028,g6_00030_3.tif
6772531,3,0.1053,g6_00030_3.tif
6912184,3,0.1025,g6_00030_3.tif
6103343,4,0.1554,g6_00032_10.tif
6103344,3,0.08,g6_00032_10.tif
6114823,2,0.1618,g6_00032_10.tif
6114824,1,0.1319,g6_00032_10.tif
6114830,1,0.2586,g6_00032_10.tif
6103346,6,0.6571,g6_00032_11.tif
6112353,2,0.4615,g6_00032_11.tif
6112357,2,0.0702,g6_00032_11.tif
6114822,5,0.3611,g6_00032_11.tif
6114849,3,0.3011,g6_00032_11.tif
6114856,3,0.2857,g6_00032_11.tif
6130823,4,0.075,g6_00032_11.tif
6130912,2,0.0609,g6_00032_11.tif
6144269,1,0.3491,g6_00032_11.tif
6219017,2,0.1124,g6_00032_11.tif
6219018,1,0.1159,g6_00032_11.tif
6566069,6,0.368,g6_00032_11.tif
6566070,2,0.5143,g6_00032_11.tif
6566071,1,0.5396,g6_00032_11.tif
6566087,2,0.0571,g6_00032_11.tif
6566353,3,0.1625,g6_00032_11.tif
6713829,4,0.6102,g6_00032_11.tif
6780259,5,0.1572,g6_00032_11.tif
6780261,4,0.2893,g6_00032_11.tif
6780268,3,0.7193,g6_00032_11.tif
6780568,2,0.1771,g6_00032_11.tif
6780580,2,0.4127,g6_00032_11.tif
6865058,2,0.2667,g6_00032_11.tif
6934073,3,0.74,g6_00032_11.tif
6973439,4,0.1927,g6_00032_11.tif
6973445,4,0.4271,g6_00032_11.tif
6973468,9,0.1962,g6_00032_11.tif
6973535,3,0.4707,g6_00032_11.tif
6973575,1,0.0424,g6_00032_11.tif
6973878,1,0.0375,g6_00032_11.tif
7004274,4,0.5,g6_00032_11.tif
7073789,1,0.1429,g6_00032_11.tif
7073790,5,0.4861,g6_00032_11.tif
7073793,3,0.2146,g6_00032_11.tif
7073794,3,0.3286,g6_00032_11.tif
7073796,1,0.059,g6_00032_11.tif
6788962,3,0.4035,g6_00032_9.tif
6092269,1,0.0497,g6_00034_6.tif
6092277,2,0.3269,g6_00034_6.tif
6094566,2,0.0889,g6_00034_6.tif
6106888,1,0.0123,g6_00034_6.tif
6106898,3,0.1182,g6_00034_6.tif
6287195,4,0.2647,g6_00034_6.tif
6287197,1,0.0552,g6_00034_6.tif
6287198,2,0.0435,g6_00034_6.tif
6287204,2,0.0569,g6_00034_6.tif
6350692,3,0.4024,g6_00034_6.tif
6350694,1,0.0432,g6_00034_6.tif
6350696,2,0.0424,g6_00034_6.tif
6350698,2,0.1756,g6_00034_6.tif
6350974,2,0.0266,g6_00034_6.tif
6382218,1,0.0646,g6_00034_6.tif
6426821,2,0.122,g6_00034_6.tif
6522243,1,0.0648,g6_00034_6.tif
6522253,3,0.1088,g6_00034_6.tif
6091075,1,0.1066,g6_00034_7.tif
6091076,1,0.0588,g6_00034_7.tif
6091079,2,0.0833,g6_00034_7.tif
6092501,1,0.0426,g6_00034_7.tif
6092508,3,0.4078,g6_00034_7.tif
6092509,1,0.0044,g6_00034_7.tif
6100702,2,0.0164,g6_00034_7.tif
6198392,2,0.0532,g6_00034_7.tif
6291881,3,0.2278,g6_00034_7.tif
6291889,4,0.1026,g6_00034_7.tif
6314049,3,0.5947,g6_00034_7.tif
6332592,4,0.5167,g6_00034_7.tif
6332594,1,0.0526,g6_00034_7.tif
6418581,2,0.0623,g6_00034_7.tif
6418582,1,0.0956,g6_00034_7.tif
6452693,5,0.0909,g6_00034_7.tif
6544280,2,0.375,g6_00034_7.tif
6627590,1,0.0653,g6_00034_7.tif
6627597,3,0.4035,g6_00034_7.tif
6627601,2,0.0891,g6_00034_7.tif
6627606,4,0.5562,g6_00034_7.tif
6629578,1,0.0118,g6_00034_7.tif
6629579,1,0.0093,g6_00034_7.tif
6641448,1,0.0634,g6_00034_7.tif
6641449,1,0.0428,g6_00034_7.tif
6819377,1,0.0153,g6_00034_7.tif
6867383,4,0.4304,g6_00034_7.tif
6929642,1,0.0348,g6_00034_7.tif
6929643,6,0.2738,g6_00034_7.tif
6929651,2,0.0472,g6_00034_7.tif
7008831,2,0.4328,g6_00034_7.tif
7008848,4,0.1714,g6_00034_7.tif
7008870,2,0.0907,g6_00034_7.tif
6125005,2,0.0802,g6_00035_10.tif
6519963,1,0.0474,g6_00035_10.tif
6519964,1,0.0228,g6_00035_10.tif
6519966,2,0.5246,g6_00035_10.tif
6719032,4,0.7962,g6_00035_10.tif
6744273,5,0.5131,g6_00035_10.tif
6744279,5,0.2838,g6_00035_10.tif
6340443,1,0.0771,g6_00035_11.tif
6340535,2,0.0451,g6_00035_11.tif
6788964,3,0.5753,g6_00035_11.tif
6084420,2,0.0453,g6_00035_12.tif
6084428,2,0.0792,g6_00035_12.tif
6116267,4,0.2826,g6_00035_12.tif
6116268,3,0.0708,g6_00035_12.tif
6116273,3,0.0826,g6_00035_12.tif
6116275,4,0.375,g6_00035_12.tif
6116281,3,0.1772,g6_00035_12.tif
6116309,2,0.1122,g6_00035_12.tif
6116366,2,0.2203,g6_00035_12.tif
6116384,4,0.1722,g6_00035_12.tif
6140480,4,0.645,g6_00035_12.tif
6140481,3,0.8675,g6_00035_12.tif
6140484,2,0.6912,g6_00035_12.tif
6140497,3,0.2172,g6_00035_12.tif
6140535,1,0.0365,g6_00035_12.tif
6140579,1,0.0736,g6_00035_12.tif
6189607,1,0.0743,g6_00035_12.tif
6228535,2,0.0985,g6_00035_12.tif
6269077,2,0.2952,g6_00035_12.tif
6269243,4,0.0933,g6_00035_12.tif
6269250,3,0.1178,g6_00035_12.tif
6399611,2,0.1778,g6_00035_12.tif
6523719,2,0.1903,g6_00035_12.tif
6523720,2,0.0581,g6_00035_12.tif
6523992,2,0.0833,g6_00035_12.tif
6541082,4,0.3306,g6_00035_12.tif
6541083,1,0.0234,g6_00035_12.tif
6541084,1,0.0981,g6_00035_12.tif
6598732,3,0.0887,g6_00035_12.tif
6598768,3,0.0839,g6_00035_12.tif
6598771,2,0.1957,g6_00035_12.tif
6614924,4,0.3706,g6_00035_12.tif
6615036,1,0.0566,g6_00035_12.tif
6615069,2,0.1389,g6_00035_12.tif
6635960,3,0.2869,g6_00035_12.tif
6757987,3,0.2843,g6_00035_12.tif
6757989,3,0.3034,g6_00035_12.tif
6757991,1,0.0249,g6_00035_12.tif
6758123,2,0.2654,g6_00035_12.tif
6758174,1,0.0638,g6_00035_12.tif
6758348,2,0.2846,g6_00035_12.tif
6969246,2,0.0633,g6_00035_12.tif
6969247,4,0.1285,g6_00035_12.tif
6969252,3,0.1457,g6_00035_12.tif
6969325,3,0.1806,g6_00035_12.tif
6969343,3,0.5294,g6_00035_12.tif
7006049,3,0.1887,g6_00035_12.tif
6198406,2,0.1791,g6_00037_7.tif
6091065,2,0.3226,g6_00037_8.tif
6145510,2,0.1489,g6_00038_11.tif
6719326,3,0.6154,g6_00038_11.tif
6116267,4,0.1918,g6_00038_13.tif
6116268,2,0.0658,g6_00038_13.tif
6116281,1,0.1271,g6_00038_13.tif
6116366,1,0.1356,g6_00038_13.tif
6116384,2,0.0945,g6_00038_13.tif
6140481,5,0.7521,g6_00038_13.tif
6140488,8,0.7605,g6_00038_13.tif
6140490,3,0.2439,g6_00038_13.tif
6140491,3,0.1706,g6_00038_13.tif
6140496,1,0.1811,g6_00038_13.tif
6140498,4,0.7,g6_00038_13.tif
6175364,1,0.0152,g6_00038_13.tif
6244662,4,0.7589,g6_00038_13.tif
6269077,3,0.5833,g6_00038_13.tif
6360692,2,0.5241,g6_00038_13.tif
6360696,6,0.5674,g6_00038_13.tif
6360698,2,0.2806,g6_00038_13.tif
6364420,7,0.6939,g6_00038_13.tif
6364438,5,0.614,g6_00038_13.tif
6364446,4,0.2147,g6_00038_13.tif
6364457,3,0.1402,g6_00038_13.tif
6364596,4,0.034,g6_00038_13.tif
6431719,3,0.25,g6_00038_13.tif
6431774,2,0.4595,g6_00038_13.tif
6598732,2,0.2525,g6_00038_13.tif
6635573,2,0.2109,g6_00038_13.tif
6678624,3,0.7426,g6_00038_13.tif
6678639,2,0.1154,g6_00038_13.tif
6678641,3,0.0247,g6_00038_13.tif
6678649,1,0.0101,g6_00038_13.tif
6691815,3,0.1992,g6_00038_13.tif
6691819,1,0.159,g6_00038_13.tif
6691918,2,0.1441,g6_00038_13.tif
6693987,8,0.7652,g6_00038_13.tif
6718225,7,0.5716,g6_00038_13.tif
6718271,2,0.4054,g6_00038_13.tif
6718286,2,0.1611,g6_00038_13.tif
6718374,2,0.0769,g6_00038_13.tif
6767241,2,0.0563,g6_00038_13.tif
6767369,2,0.1972,g6_00038_13.tif
6969246,4,0.1818,g6_00038_13.tif
6969252,4,0.2348,g6_00038_13.tif
7006049,1,0.0121,g6_00038_13.tif
7032951,3,0.5375,g6_00038_13.tif
7032952,3,0.7865,g6_00038_13.tif
6361165,2,0.034,g6_00039_14.tif
6361166,1,0.031,g6_00039_14.tif
6522770,4,0.5596,g6_00039_14.tif
6609039,2,0.2385,g6_00039_14.tif
6723891,2,0.2714,g6_00039_14.tif
6723893,3,0.2267,g6_00039_14.tif
6723913,1,0.0356,g6_00039_14.tif
6838980,4,0.1723,g6_00039_14.tif
6869902,2,0.1565,g6_00039_14.tif
6960460,16,0.2788,g6_00039_14.tif
6960462,1,0.1111,g6_00039_14.tif
6960464,1,0.0684,g6_00039_14.tif
6161108,6,0.593,g6_00039_15.tif
6161111,12,0.2505,g6_00039_15.tif
6161115,7,0.2549,g6_00039_15.tif
6294798,1,0.0757,g6_00039_15.tif
6294800,1,0.0919,g6_00039_15.tif
6483319,3,0.2407,g6_00039_15.tif
6483357,1,0.052,g6_00039_15.tif
6540429,1,0.1889,g6_00039_15.tif
6540432,2,0.3051,g6_00039_15.tif
6599322,3,0.3602,g6_00039_15.tif
6599325,1,0.1361,g6_00039_15.tif
6609039,1,0.1018,g6_00039_15.tif
6656784,2,0.1515,g6_00039_15.tif
6656808,2,0.1081,g6_00039_15.tif
6705780,2,0.0226,g6_00039_15.tif
6716617,1,0.0747,g6_00039_15.tif
6716619,4,0.4607,g6_00039_15.tif
6716646,2,0.3839,g6_00039_15.tif
6838988,3,0.0745,g6_00039_15.tif
6838990,2,0.1959,g6_00039_15.tif
6868244,5,0.4836,g6_00039_15.tif
6868261,4,0.3841,g6_00039_15.tif
6897760,1,0.5104,g6_00039_15.tif
6897779,2,0.1042,g6_00039_15.tif
6085836,1,0.0927,g6_00041_16.tif
6085838,3,0.0335,g6_00041_16.tif
6085843,2,0.0726,g6_00041_16.tif
6114079,2,0.1959,g6_00041_16.tif
6114081,2,0.0407,g6_00041_16.tif
6128660,2,0.1713,g6_00041_16.tif
6296180,2,0.0282,g6_00041_16.tif
6296200,2,0.2361,g6_00041_16.tif
6296208,2,0.24,g6_00041_16.tif
6403368,4,0.746,g6_00041_16.tif
6403370,3,0.1963,g6_00041_16.tif
6403454,2,0.0862,g6_00041_16.tif
6589550,2,0.3968,g6_00041_16.tif
6589609,1,0.0924,g6_00041_16.tif
6589811,2,0.032,g6_00041_16.tif
6748353,1,0.0286,g6_00041_16.tif
6748354,2,0.25,g6_00041_16.tif
6768170,2,0.0775,g6_00041_16.tif
6768171,1,0.0095,g6_00041_16.tif
6768172,4,0.6493,g6_00041_16.tif
6768182,3,0.5046,g6_00041_16.tif
6983642,1,0.5767,g6_00041_16.tif
6983644,1,0.0193,g6_00041_16.tif
6983648,1,0.0876,g6_00041_16.tif
7045592,3,0.7487,g6_00041_16.tif
7045600,3,0.327,g6_00041_16.tif
7045603,2,0.4082,g6_00041_16.tif
7045717,2,0.5441,g6_00041_16.tif
7045750,3,0.1618,g6_00041_16.tif
6088426,1,0.0658,g6_00041_17.tif
6088433,2,0.1081,g6_00041_17.tif
6088437,3,0.1463,g6_00041_17.tif
6114076,2,0.0708,g6_00041_17.tif
6114081,2,0.0352,g6_00041_17.tif
6114097,3,0.0501,g6_00041_17.tif
6128673,3,0.25,g6_00041_17.tif
6129178,2,0.0083,g6_00041_17.tif
6129183,1,0.131,g6_00041_17.tif
6129210,3,0.2632,g6_00041_17.tif
6139295,4,0.2006,g6_00041_17.tif
6139304,2,0.2339,g6_00041_17.tif
6139318,3,0.4831,g6_00041_17.tif
6139349,3,0.5023,g6_00041_17.tif
6196758,2,0.0554,g6_00041_17.tif
6196860,2,0.0353,g6_00041_17.tif
6197093,2,0.0429,g6_00041_17.tif
6227315,1,0.2379,g6_00041_17.tif
6243304,2,0.0714,g6_00041_17.tif
6243307,2,0.2649,g6_00041_17.tif
6243308,2,0.5029,g6_00041_17.tif
6243383,3,0.3715,g6_00041_17.tif
6252688,3,0.1158,g6_00041_17.tif
6252728,4,0.0482,g6_00041_17.tif
6260720,1,0.0498,g6_00041_17.tif
6304740,1,0.1579,g6_00041_17.tif
6304743,2,0.3091,g6_00041_17.tif
6304840,2,0.0562,g6_00041_17.tif
6568718,2,0.3239,g6_00041_17.tif
6718423,1,0.0405,g6_00041_17.tif
6748353,0,0.0,g6_00041_17.tif
6748354,1,0.0122,g6_00041_17.tif
6768178,4,0.5584,g6_00041_17.tif
6773373,2,0.0421,g6_00041_17.tif
6773382,1,0.2709,g6_00041_17.tif
6773383,5,0.1089,g6_00041_17.tif
6773601,1,0.0727,g6_00041_17.tif
6808499,2,0.129,g6_00041_17.tif
6808517,2,0.1165,g6_00041_17.tif
6808629,3,0.2329,g6_00041_17.tif
6808725,2,0.0425,g6_00041_17.tif
6824848,1,0.0943,g6_00041_17.tif
6943905,4,0.2734,g6_00041_17.tif
6952611,2,0.5625,g6_00041_17.tif
6952642,1,0.1255,g6_00041_17.tif
6995942,2,0.25,g6_00041_17.tif
6995949,2,0.2063,g6_00041_17.tif
6996298,2,0.2814,g6_00041_17.tif
6996317,2,0.3424,g6_00041_17.tif
7045592,3,0.4356,g6_00041_17.tif
7068454,5,0.5484,g6_00041_17.tif
7068457,2,0.1082,g6_00041_17.tif
6087167,1,0.1544,g6_00042_10.tif
6130101,2,0.0385,g6_00042_10.tif
6130114,1,0.2673,g6_00042_10.tif
6131568,2,0.0836,g6_00042_10.tif
6131575,2,0.0605,g6_00042_10.tif
6135115,4,0.3436,g6_00042_10.tif
6204602,2,0.3176,g6_00042_10.tif
6206292,2,0.2201,g6_00042_10.tif
6206305,2,0.4611,g6_00042_10.tif
6206308,3,0.2216,g6_00042_10.tif
6206309,6,0.4359,g6_00042_10.tif
6206310,2,0.2034,g6_00042_10.tif
6206311,3,0.0682,g6_00042_10.tif
6206780,4,0.1017,g6_00042_10.tif
6208574,1,0.4957,g6_00042_10.tif
6208577,8,0.5274,g6_00042_10.tif
6208579,5,0.6828,g6_00042_10.tif
6259628,2,0.1807,g6_00042_10.tif
6259636,5,0.64,g6_00042_10.tif
6259637,3,0.6471,g6_00042_10.tif
6259971,1,0.0476,g6_00042_10.tif
6264511,5,0.6333,g6_00042_10.tif
6264516,2,0.4133,g6_00042_10.tif
6282282,1,0.0074,g6_00042_10.tif
6316183,1,0.1418,g6_00042_10.tif
6316201,2,0.7812,g6_00042_10.tif
6316202,4,0.3643,g6_00042_10.tif
6316259,3,0.125,g6_00042_10.tif
6317052,3,0.2276,g6_00042_10.tif
6319188,5,0.2427,g6_00042_10.tif
6319190,2,0.05,g6_00042_10.tif
6319194,2,0.6163,g6_00042_10.tif
6320917,1,0.2206,g6_00042_10.tif
6320922,4,0.5872,g6_00042_10.tif
6323683,2,0.5512,g6_00042_10.tif
6323684,6,0.0957,g6_00042_10.tif
6323686,2,0.1541,g6_00042_10.tif
6323688,4,0.5755,g6_00042_10.tif
6323697,3,0.8649,g6_00042_10.tif
6323724,3,0.1124,g6_00042_10.tif
6325412,5,0.8249,g6_00042_10.tif
6325421,6,0.7576,g6_00042_10.tif
6325426,3,0.7952,g6_00042_10.tif
6327401,4,0.2568,g6_00042_10.tif
6330860,1,0.1835,g6_00042_10.tif
6399083,2,0.1725,g6_00042_10.tif
6399084,2,0.1097,g6_00042_10.tif
6401144,3,0.165,g6_00042_10.tif
6401220,2,0.1979,g6_00042_10.tif
6401333,2,0.0419,g6_00042_10.tif
6413884,3,0.1284,g6_00042_10.tif
6455462,5,0.2997,g6_00042_10.tif
6455463,3,0.1186,g6_00042_10.tif
6455473,3,0.1344,g6_00042_10.tif
6455707,5,0.3254,g6_00042_10.tif
6455843,4,0.2787,g6_00042_10.tif
6486301,1,0.0315,g6_00042_10.tif
6489338,1,0.1654,g6_00042_10.tif
6489346,4,0.1718,g6_00042_10.tif
6489363,2,0.1481,g6_00042_10.tif
6489399,3,0.0477,g6_00042_10.tif
6508474,1,0.3415,g6_00042_10.tif
6508500,1,0.2341,g6_00042_10.tif
6508548,2,0.097,g6_00042_10.tif
6508606,2,0.0704,g6_00042_10.tif
6568698,6,0.5688,g6_00042_10.tif
6568866,1,0.1337,g6_00042_10.tif
6589075,8,0.5526,g6_00042_10.tif
6593892,3,0.2403,g6_00042_10.tif
6593894,5,0.5,g6_00042_10.tif
6593895,3,0.675,g6_00042_10.tif
6593897,1,0.0899,g6_00042_10.tif
6593924,4,0.3013,g6_00042_10.tif
6594136,2,0.023,g6_00042_10.tif
6594242,2,0.0387,g6_00042_10.tif
6604728,6,0.754,g6_00042_10.tif
6604730,3,0.2646,g6_00042_10.tif
6604732,4,0.7516,g6_00042_10.tif
6604733,3,0.3812,g6_00042_10.tif
6604734,5,0.2947,g6_00042_10.tif
6604768,2,0.2275,g6_00042_10.tif
6681022,1,0.0515,g6_00042_10.tif
6681027,1,0.0172,g6_00042_10.tif
6683962,3,0.4714,g6_00042_10.tif
6683971,3,0.2798,g6_00042_10.tif
6762496,6,0.3602,g6_00042_10.tif
6762499,3,0.2328,g6_00042_10.tif
6762549,4,0.2072,g6_00042_10.tif
6762552,3,0.2264,g6_00042_10.tif
6763976,2,0.0446,g6_00042_10.tif
6765436,1,0.0223,g6_00042_10.tif
6765437,6,0.3022,g6_00042_10.tif
6786617,4,0.5698,g6_00042_10.tif
6808789,2,0.2492,g6_00042_10.tif
6808791,7,0.4153,g6_00042_10.tif
6808792,2,0.6863,g6_00042_10.tif
6808806,2,0.0825,g6_00042_10.tif
6808881,1,0.2446,g6_00042_10.tif
6900314,2,0.0793,g6_00042_10.tif
6900412,4,0.7593,g6_00042_10.tif
6900495,4,0.0913,g6_00042_10.tif
6900501,2,0.0301,g6_00042_10.tif
6900773,1,0.0151,g6_00042_10.tif
6945929,5,0.4851,g6_00042_10.tif
6945946,5,0.1593,g6_00042_10.tif
6948302,2,0.7521,g6_00042_10.tif
6948322,3,0.0427,g6_00042_10.tif
6948335,3,0.4762,g6_00042_10.tif
6948584,1,0.0258,g6_00042_10.tif
6966536,3,0.374,g6_00042_10.tif
7065629,4,0.8684,g6_00042_10.tif
6483312,3,0.3136,g6_00042_15.tif
6220123,3,0.041,g6_00042_16.tif
6483357,1,0.0119,g6_00042_16.tif
6542018,1,0.0562,g6_00042_16.tif
6566618,3,0.078,g6_00042_16.tif
6619821,3,0.3265,g6_00042_16.tif
6716624,3,0.6118,g6_00042_16.tif
6716634,1,0.4615,g6_00042_16.tif
6838986,5,0.1773,g6_00042_16.tif
6868251,3,0.1525,g6_00042_16.tif
6868261,2,0.1667,g6_00042_16.tif
6868268,5,0.6491,g6_00042_16.tif
6891483,1,0.2703,g6_00042_16.tif
6927018,3,0.7515,g6_00042_16.tif
6927028,1,0.1353,g6_00042_16.tif
6927030,2,0.1712,g6_00042_16.tif
6927033,4,0.7196,g6_00042_16.tif
6635774,6,0.1508,g6_00042_17.tif
6716624,1,0.0182,g6_00042_17.tif
6083900,3,0.3016,g6_00042_8.tif
6130604,2,0.1376,g6_00042_8.tif
6130606,3,0.1171,g6_00042_8.tif
6130607,2,0.1846,g6_00042_8.tif
6130975,2,0.216,g6_00042_8.tif
6130976,3,0.0752,g6_00042_8.tif
6148010,2,0.1271,g6_00042_8.tif
6148011,2,0.0563,g6_00042_8.tif
6164061,1,0.1532,g6_00042_8.tif
6175261,2,0.1818,g6_00042_8.tif
6182316,2,0.2479,g6_00042_8.tif
6184121,4,0.1729,g6_00042_8.tif
6184125,3,0.2381,g6_00042_8.tif
6184227,2,0.0458,g6_00042_8.tif
6184229,3,0.1281,g6_00042_8.tif
6188335,2,0.1429,g6_00042_8.tif
6188338,2,0.15,g6_00042_8.tif
6206298,3,0.0294,g6_00042_8.tif
6206299,4,0.1596,g6_00042_8.tif
6206300,2,0.3364,g6_00042_8.tif
6206302,2,0.2917,g6_00042_8.tif
6206303,1,0.1134,g6_00042_8.tif
6208585,2,0.2169,g6_00042_8.tif
6208586,4,0.3256,g6_00042_8.tif
6215457,2,0.0606,g6_00042_8.tif
6215458,1,0.0775,g6_00042_8.tif
6215459,2,0.225,g6_00042_8.tif
6219241,3,0.1538,g6_00042_8.tif
6226656,2,0.0915,g6_00042_8.tif
6226657,1,0.0676,g6_00042_8.tif
6233256,3,0.5139,g6_00042_8.tif
6236981,2,0.0088,g6_00042_8.tif
6240365,1,0.0602,g6_00042_8.tif
6240366,3,0.1618,g6_00042_8.tif
6248620,1,0.1079,g6_00042_8.tif
6248621,2,0.0497,g6_00042_8.tif
6252114,1,0.0592,g6_00042_8.tif
6258828,2,0.2056,g6_00042_8.tif
6258830,1,0.1013,g6_00042_8.tif
6260877,3,0.2275,g6_00042_8.tif
6264248,3,0.1447,g6_00042_8.tif
6264249,1,0.175,g6_00042_8.tif
6264250,2,0.2613,g6_00042_8.tif
6264251,3,0.2826,g6_00042_8.tif
6267666,1,0.0472,g6_00042_8.tif
6267668,2,0.0758,g6_00042_8.tif
6268241,2,0.2203,g6_00042_8.tif
6268884,2,0.0219,g6_00042_8.tif
6268885,1,0.0519,g6_00042_8.tif
6281351,1,0.1388,g6_00042_8.tif
6313077,2,0.3153,g6_00042_8.tif
6314301,4,0.1176,g6_00042_8.tif
6314304,3,0.1947,g6_00042_8.tif
6319091,2,0.3743,g6_00042_8.tif
6319093,3,0.1264,g6_00042_8.tif
6319094,2,0.0615,g6_00042_8.tif
6319318,2,0.0673,g6_00042_8.tif
6393598,3,0.2057,g6_00042_8.tif
6413883,4,0.4167,g6_00042_8.tif
6436459,2,0.3678,g6_00042_8.tif
6449575,3,0.0938,g6_00042_8.tif
6452895,3,0.139,g6_00042_8.tif
6455491,2,0.0469,g6_00042_8.tif
6465221,2,0.1066,g6_00042_8.tif
6465222,1,0.2165,g6_00042_8.tif
6486315,1,0.2034,g6_00042_8.tif
6486316,5,0.3415,g6_00042_8.tif
6489352,1,0.0753,g6_00042_8.tif
6489355,2,0.0661,g6_00042_8.tif
6556740,1,0.3945,g6_00042_8.tif
6558643,2,0.2571,g6_00042_8.tif
6558645,1,0.0769,g6_00042_8.tif
6568712,1,0.18,g6_00042_8.tif
6587155,1,0.0901,g6_00042_8.tif
6587157,2,0.1144,g6_00042_8.tif
6606817,4,0.1224,g6_00042_8.tif
6627355,3,0.2683,g6_00042_8.tif
6659970,2,0.3077,g6_00042_8.tif
6659972,2,0.1281,g6_00042_8.tif
6681024,1,0.0753,g6_00042_8.tif
6681026,1,0.0586,g6_00042_8.tif
6706713,1,0.15,g6_00042_8.tif
6755801,1,0.3258,g6_00042_8.tif
6755804,1,0.4219,g6_00042_8.tif
6757177,4,0.4286,g6_00042_8.tif
6763965,1,0.0842,g6_00042_8.tif
6790423,2,0.1234,g6_00042_8.tif
6801923,2,0.1402,g6_00042_8.tif
6801924,3,0.0627,g6_00042_8.tif
6801925,1,0.065,g6_00042_8.tif
6811524,3,0.0439,g6_00042_8.tif
6823259,1,0.1846,g6_00042_8.tif
6823260,2,0.2742,g6_00042_8.tif
6823264,1,0.1822,g6_00042_8.tif
6868937,1,0.1471,g6_00042_8.tif
6868938,3,0.1184,g6_00042_8.tif
6868939,3,0.1579,g6_00042_8.tif
6897993,1,0.1753,g6_00042_8.tif
6897996,2,0.051,g6_00042_8.tif
6908712,3,0.6857,g6_00042_8.tif
7011885,2,0.2752,g6_00042_8.tif
6087163,2,0.062,g6_00042_9.tif
6130103,3,0.748,g6_00042_9.tif
6130113,2,0.1447,g6_00042_9.tif
6206267,2,0.2008,g6_00042_9.tif
6206272,3,0.4643,g6_00042_9.tif
6206276,3,0.069,g6_00042_9.tif
6206282,3,0.4362,g6_00042_9.tif
6206284,5,0.5455,g6_00042_9.tif
6206286,2,0.3158,g6_00042_9.tif
6206288,3,0.1968,g6_00042_9.tif
6206498,3,0.1892,g6_00042_9.tif
6231810,3,0.1471,g6_00042_9.tif
6259628,2,0.4524,g6_00042_9.tif
6259631,8,0.6182,g6_00042_9.tif
6264515,1,0.0426,g6_00042_9.tif
6392924,5,0.162,g6_00042_9.tif
6401145,4,0.629,g6_00042_9.tif
6401151,2,0.5609,g6_00042_9.tif
6413881,4,0.5515,g6_00042_9.tif
6486296,1,0.0824,g6_00042_9.tif
6486301,2,0.6538,g6_00042_9.tif
6486303,3,0.3288,g6_00042_9.tif
6486319,3,0.16,g6_00042_9.tif
6489338,2,0.1454,g6_00042_9.tif
6489346,1,0.1917,g6_00042_9.tif
6489357,3,0.5649,g6_00042_9.tif
6489363,2,0.1959,g6_00042_9.tif
6568698,3,0.48,g6_00042_9.tif
6568708,3,0.2628,g6_00042_9.tif
6589077,3,0.3629,g6_00042_9.tif
6604721,6,0.4356,g6_00042_9.tif
6604737,4,0.48,g6_00042_9.tif
6648850,1,0.1615,g6_00042_9.tif
6683962,4,0.6225,g6_00042_9.tif
6683971,2,0.1643,g6_00042_9.tif
6683993,4,0.6706,g6_00042_9.tif
6762496,8,0.244,g6_00042_9.tif
6762503,4,0.5879,g6_00042_9.tif
6762549,4,0.2759,g6_00042_9.tif
6762552,1,0.2124,g6_00042_9.tif
6762553,4,0.2109,g6_00042_9.tif
6765437,4,0.5652,g6_00042_9.tif
6900315,5,0.7673,g6_00042_9.tif
6900322,1,0.1955,g6_00042_9.tif
6900412,1,0.1561,g6_00042_9.tif
6945933,5,0.4167,g6_00042_9.tif
6945934,4,0.1684,g6_00042_9.tif
6948302,8,0.5513,g6_00042_9.tif
6948887,1,0.5026,g6_00042_9.tif
6948888,1,0.0785,g6_00042_9.tif
6966499,3,0.2966,g6_00042_9.tif
6966556,1,0.0096,g6_00042_9.tif
7065626,3,0.1502,g6_00042_9.tif
7065629,2,0.7849,g6_00042_9.tif
6302586,3,0.7159,g6_00043_4.tif
6302591,2,0.1479,g6_00043_4.tif
6302592,2,0.0882,g6_00043_4.tif
6302602,1,0.0714,g6_00043_4.tif
6906747,5,0.3403,g6_00043_4.tif
7065074,1,0.0234,g6_00043_4.tif
7065075,2,0.0941,g6_00043_4.tif
7065082,7,0.3379,g6_00043_4.tif
7065083,3,0.4516,g6_00043_4.tif
7072608,4,0.4286,g6_00043_4.tif
6681503,1,0.0248,g6_00043_5.tif
6790753,6,0.5542,g6_00043_6.tif
6790755,1,0.0741,g6_00043_6.tif
6790756,3,0.1724,g6_00043_6.tif
7003773,3,0.1326,g6_00043_6.tif
7003775,3,0.0873,g6_00043_6.tif
7003776,2,0.1017,g6_00043_6.tif
6142696,1,0.0579,g6_00044_16.tif
6220032,1,0.0499,g6_00044_16.tif
6220043,2,0.1184,g6_00044_16.tif
6220183,1,0.0603,g6_00044_16.tif
6221100,2,0.1897,g6_00044_16.tif
6408224,2,0.1355,g6_00044_16.tif
6408226,3,0.1004,g6_00044_16.tif
6505369,2,0.1293,g6_00044_16.tif
6832571,0,0.0,g6_00044_16.tif
6297107,3,0.1105,g6_00044_17.tif
6297108,3,0.3793,g6_00044_17.tif
6297110,3,0.5211,g6_00044_17.tif
6297111,3,0.2038,g6_00044_17.tif
6297121,3,0.1312,g6_00044_17.tif
6297123,3,0.1092,g6_00044_17.tif
6297350,3,0.0988,g6_00044_17.tif
6297389,2,0.0753,g6_00044_17.tif
6983642,1,0.1752,g6_00044_17.tif
6983643,2,0.3783,g6_00044_17.tif
6983644,4,0.6486,g6_00044_17.tif
6984228,1,0.1086,g6_00044_17.tif
6103512,5,0.4928,g6_00044_18.tif
6103514,1,0.1283,g6_00044_18.tif
6103515,2,0.0941,g6_00044_18.tif
6117991,3,0.1545,g6_00044_18.tif
6117993,4,0.0682,g6_00044_18.tif
6118053,3,0.0548,g6_00044_18.tif
6118061,3,0.04,g6_00044_18.tif
6118092,3,0.6792,g6_00044_18.tif
6141211,3,0.1034,g6_00044_18.tif
6141214,1,0.0876,g6_00044_18.tif
6141222,3,0.0333,g6_00044_18.tif
6141356,2,0.2289,g6_00044_18.tif
6173507,2,0.0476,g6_00044_18.tif
6183993,2,0.3125,g6_00044_18.tif
6184003,4,0.1269,g6_00044_18.tif
6435282,2,0.0588,g6_00044_18.tif
6534923,2,0.0952,g6_00044_18.tif
6534936,2,0.0981,g6_00044_18.tif
6534938,1,0.0301,g6_00044_18.tif
6534941,2,0.1807,g6_00044_18.tif
6534942,2,0.236,g6_00044_18.tif
6748355,3,0.3797,g6_00044_18.tif
6778466,2,0.1321,g6_00044_18.tif
6778470,3,0.0977,g6_00044_18.tif
6778472,1,0.0894,g6_00044_18.tif
6130111,6,0.2296,g6_00045_10.tif
6181062,4,0.4595,g6_00045_10.tif
6181070,4,0.5469,g6_00045_10.tif
6181074,4,0.1968,g6_00045_10.tif
6181092,3,0.1607,g6_00045_10.tif
6182310,2,0.0948,g6_00045_10.tif
6182311,2,0.3419,g6_00045_10.tif
6182314,2,0.3285,g6_00045_10.tif
6182341,2,0.1608,g6_00045_10.tif
6184222,9,0.3481,g6_00045_10.tif
6184225,4,0.3254,g6_00045_10.tif
6184234,9,0.3688,g6_00045_10.tif
6184408,4,0.46,g6_00045_10.tif
6188325,4,0.0554,g6_00045_10.tif
6188326,1,0.0149,g6_00045_10.tif
6192557,5,0.3527,g6_00045_10.tif
6192558,6,0.6602,g6_00045_10.tif
6192560,4,0.2786,g6_00045_10.tif
6192564,4,0.5561,g6_00045_10.tif
6192570,7,0.197,g6_00045_10.tif
6192572,3,0.1167,g6_00045_10.tif
6192618,5,0.0872,g6_00045_10.tif
6206280,2,0.193,g6_00045_10.tif
6206296,5,0.2365,g6_00045_10.tif
6226650,1,0.2609,g6_00045_10.tif
6226651,1,0.5889,g6_00045_10.tif
6226652,1,0.0474,g6_00045_10.tif
6426419,1,0.0514,g6_00045_10.tif
6486301,5,0.3598,g6_00045_10.tif
6558621,6,0.8383,g6_00045_10.tif
6558623,5,0.3795,g6_00045_10.tif
6558626,3,0.7692,g6_00045_10.tif
6558629,6,0.4013,g6_00045_10.tif
6558638,4,0.3913,g6_00045_10.tif
6558639,3,0.1923,g6_00045_10.tif
6558641,4,0.3158,g6_00045_10.tif
6558751,2,0.1639,g6_00045_10.tif
6568708,2,0.2682,g6_00045_10.tif
6587140,3,0.2366,g6_00045_10.tif
6587441,1,0.3385,g6_00045_10.tif
6587459,2,0.0538,g6_00045_10.tif
6667631,5,0.3791,g6_00045_10.tif
6667636,4,0.4235,g6_00045_10.tif
6692402,2,0.1279,g6_00045_10.tif
6706696,1,0.0391,g6_00045_10.tif
6706697,1,0.1083,g6_00045_10.tif
6706702,7,0.2519,g6_00045_10.tif
6706703,3,0.1783,g6_00045_10.tif
6706704,6,0.3133,g6_00045_10.tif
6706708,3,0.1553,g6_00045_10.tif
6706719,6,0.1848,g6_00045_10.tif
6706776,1,0.0444,g6_00045_10.tif
6706905,4,0.1216,g6_00045_10.tif
6707081,1,0.0543,g6_00045_10.tif
6780784,8,0.457,g6_00045_10.tif
6780788,5,0.1942,g6_00045_10.tif
6823234,7,0.6396,g6_00045_10.tif
6823236,5,0.6487,g6_00045_10.tif
6823243,3,0.465,g6_00045_10.tif
6823370,1,0.088,g6_00045_10.tif
6823454,2,0.1673,g6_00045_10.tif
6823514,3,0.3295,g6_00045_10.tif
6823577,1,0.1111,g6_00045_10.tif
6948318,3,0.3187,g6_00045_10.tif
6948887,2,0.213,g6_00045_10.tif
6966462,3,0.1175,g6_00045_10.tif
6181092,1,0.2602,g6_00045_11.tif
6182314,1,0.3252,g6_00045_11.tif
6316168,4,0.6639,g6_00045_11.tif
6316201,2,0.3068,g6_00045_11.tif
6319194,1,0.1429,g6_00045_11.tif
6323688,4,0.6554,g6_00045_11.tif
6323697,3,0.531,g6_00045_11.tif
6330860,2,0.4364,g6_00045_11.tif
6330868,2,0.092,g6_00045_11.tif
6330909,2,0.0233,g6_00045_11.tif
6786617,3,0.2039,g6_00045_11.tif
6808806,3,0.5532,g6_00045_11.tif
6808911,2,0.1009,g6_00045_11.tif
6092333,1,0.1157,g6_00045_16.tif
6238825,3,0.3647,g6_00045_16.tif
6238830,2,0.2667,g6_00045_16.tif
6238831,1,0.1091,g6_00045_16.tif
6457574,2,0.1132,g6_00045_16.tif
6457576,2,0.1386,g6_00045_16.tif
6457578,3,0.2031,g6_00045_16.tif
6562588,2,0.05,g6_00045_16.tif
6562594,1,0.0742,g6_00045_16.tif
6593595,3,0.4808,g6_00045_16.tif
6616082,2,0.2453,g6_00045_16.tif
6650483,3,0.1553,g6_00045_16.tif
6650484,3,0.2676,g6_00045_16.tif
6651812,3,0.1744,g6_00045_16.tif
6705892,5,0.2611,g6_00045_16.tif
6705913,3,0.0294,g6_00045_16.tif
6705920,3,0.3827,g6_00045_16.tif
6706102,2,0.0641,g6_00045_16.tif
6744939,2,0.1822,g6_00045_16.tif
6457581,2,0.2172,g6_00045_17.tif
6593576,1,0.1333,g6_00045_17.tif
6705936,1,0.1884,g6_00045_17.tif
6984926,2,0.0338,g6_00045_17.tif
6984927,1,0.0204,g6_00045_17.tif
6086255,1,0.2525,g6_00045_9.tif
6181088,3,0.2712,g6_00045_9.tif
6192574,3,0.6346,g6_00045_9.tif
6226653,3,0.226,g6_00045_9.tif
6258830,2,0.2421,g6_00045_9.tif
6455468,1,0.0823,g6_00045_9.tif
6455471,1,0.0678,g6_00045_9.tif
6558647,2,0.0762,g6_00045_9.tif
6587155,1,0.0552,g6_00045_9.tif
6706713,2,0.3099,g6_00045_9.tif
6823258,4,0.2564,g6_00045_9.tif
6823259,2,0.0154,g6_00045_9.tif
6823260,3,0.407,g6_00045_9.tif
6823265,2,0.1045,g6_00045_9.tif
6948339,3,0.1867,g6_00045_9.tif
6123886,1,0.0781,g6_00046_6.tif
6123890,2,0.1707,g6_00046_6.tif
6153591,3,0.1835,g6_00046_6.tif
6220128,2,0.4242,g6_00046_6.tif
6220129,2,0.0543,g6_00046_6.tif
6220134,4,0.5232,g6_00046_6.tif
6220142,3,0.2797,g6_00046_6.tif
6272425,1,0.0191,g6_00046_6.tif
6307917,2,0.0521,g6_00046_6.tif
6307931,1,0.4692,g6_00046_6.tif
6404191,3,0.1419,g6_00046_6.tif
6404192,1,0.0652,g6_00046_6.tif
6404193,4,0.4351,g6_00046_6.tif
6504527,6,0.2884,g6_00046_6.tif
6876239,1,0.0312,g6_00046_6.tif
6876240,1,0.0168,g6_00046_6.tif
6876248,2,0.1111,g6_00046_6.tif
6877839,1,0.0264,g6_00046_6.tif
6879700,2,0.0408,g6_00046_6.tif
6906876,2,0.1753,g6_00046_6.tif
7070587,2,0.1875,g6_00046_6.tif
7070595,1,0.0808,g6_00046_6.tif
7070597,2,0.0432,g6_00046_6.tif
7073450,6,0.223,g6_00046_6.tif
7073457,5,0.5789,g6_00046_6.tif
7073459,2,0.0986,g6_00046_6.tif
6448177,3,0.3507,g6_00046_7.tif
6448178,2,0.0478,g6_00046_7.tif
6906856,2,0.2105,g6_00046_7.tif
6906857,3,0.1946,g6_00046_7.tif
6906864,4,0.4771,g6_00046_7.tif
6906876,3,0.1519,g6_00046_7.tif
6907731,5,0.375,g6_00046_7.tif
6138886,5,0.3623,g6_00046_8.tif
6138889,6,0.2746,g6_00046_8.tif
6138894,2,0.0159,g6_00046_8.tif
6164924,2,0.0859,g6_00046_8.tif
6644709,4,0.1352,g6_00046_8.tif
6086521,2,0.0675,g6_00047_17.tif
6086528,2,0.3968,g6_00047_17.tif
6142696,1,0.1129,g6_00047_17.tif
6162260,2,0.1086,g6_00047_17.tif
6162261,2,0.0905,g6_00047_17.tif
6162268,1,0.0556,g6_00047_17.tif
6162271,3,0.3486,g6_00047_17.tif
6220112,5,0.2212,g6_00047_17.tif
6221081,2,0.023,g6_00047_17.tif
6221091,1,0.1649,g6_00047_17.tif
6221095,4,0.12,g6_00047_17.tif
6221190,2,0.165,g6_00047_17.tif
6266674,3,0.1278,g6_00047_17.tif
6432343,2,0.1235,g6_00047_17.tif
6832571,1,0.037,g6_00047_17.tif
7063179,2,0.1474,g6_00047_17.tif
6128701,2,0.1311,g6_00047_18.tif
6580323,2,0.1783,g6_00047_18.tif
6990969,3,0.2154,g6_00047_18.tif
6990987,1,0.0281,g6_00047_18.tif
6991012,2,0.1912,g6_00047_18.tif
6128697,1,0.0663,g6_00048_0.tif
6161997,1,0.0266,g6_00048_0.tif
6162000,3,0.108,g6_00048_0.tif
6162008,1,0.3719,g6_00048_0.tif
6162058,1,0.0386,g6_00048_0.tif
6179761,1,0.0956,g6_00048_0.tif
6220050,1,0.33,g6_00048_0.tif
6268988,3,0.1562,g6_00048_0.tif
6290574,2,0.1176,g6_00048_0.tif
6290585,2,0.1092,g6_00048_0.tif
6307803,2,0.1693,g6_00048_0.tif
6307804,2,0.1579,g6_00048_0.tif
6325901,3,0.1,g6_00048_0.tif
6325902,2,0.0787,g6_00048_0.tif
6494494,1,0.0316,g6_00048_0.tif
6580314,2,0.1163,g6_00048_0.tif
6580320,1,0.0857,g6_00048_0.tif
6610561,1,0.0804,g6_00048_0.tif
6610635,1,0.0446,g6_00048_0.tif
6613621,1,0.1812,g6_00048_0.tif
6688746,3,0.4048,g6_00048_0.tif
6688883,3,0.2391,g6_00048_0.tif
6688950,1,0.2432,g6_00048_0.tif
6689063,1,0.2162,g6_00048_0.tif
6690034,7,0.3004,g6_00048_0.tif
6690037,1,0.1038,g6_00048_0.tif
6690216,3,0.0692,g6_00048_0.tif
6978856,2,0.1579,g6_00048_0.tif
6990991,3,0.0992,g6_00048_0.tif
7016573,1,0.0653,g6_00048_0.tif
6756353,5,0.6126,g6_00048_10.tif
6756354,2,0.0998,g6_00048_10.tif
6756375,3,0.3394,g6_00048_10.tif
6756382,3,0.375,g6_00048_10.tif
6114954,3,0.5158,g6_00050_12.tif
6149526,4,0.0897,g6_00050_12.tif
6149529,2,0.425,g6_00050_12.tif
6223616,5,0.4361,g6_00050_12.tif
6258200,1,0.0404,g6_00050_12.tif
6318857,3,0.0332,g6_00050_12.tif
6405246,3,0.2271,g6_00050_12.tif
6433137,3,0.0782,g6_00050_12.tif
6433292,5,0.2332,g6_00050_12.tif
6433579,1,0.0505,g6_00050_12.tif
6554186,3,0.5538,g6_00050_12.tif
6559582,4,0.375,g6_00050_12.tif
6559583,3,0.641,g6_00050_12.tif
6559585,6,0.2032,g6_00050_12.tif
6559586,3,0.2173,g6_00050_12.tif
6571695,2,0.4375,g6_00050_12.tif
6571699,1,0.1842,g6_00050_12.tif
6571701,2,0.2469,g6_00050_12.tif
6571711,3,0.2976,g6_00050_12.tif
6571801,2,0.0766,g6_00050_12.tif
6606930,1,0.0777,g6_00050_12.tif
6607059,2,0.1546,g6_00050_12.tif
6634276,3,0.0519,g6_00050_12.tif
6691957,3,0.5347,g6_00050_12.tif
6691960,3,0.405,g6_00050_12.tif
6692069,3,0.2051,g6_00050_12.tif
6698793,5,0.8338,g6_00050_12.tif
6745445,2,0.1803,g6_00050_12.tif
6745451,2,0.0952,g6_00050_12.tif
6747013,2,0.1969,g6_00050_12.tif
6757191,3,0.1079,g6_00050_12.tif
6757422,3,0.0602,g6_00050_12.tif
6762937,5,0.5837,g6_00050_12.tif
6774479,5,0.4915,g6_00050_12.tif
6831424,4,0.6593,g6_00050_12.tif
6831437,2,0.2556,g6_00050_12.tif
6831476,5,0.6597,g6_00050_12.tif
6835935,3,0.4708,g6_00050_12.tif
6835943,2,0.4808,g6_00050_12.tif
6845065,1,0.0348,g6_00050_12.tif
6879397,1,0.0387,g6_00050_12.tif
6879401,3,0.0629,g6_00050_12.tif
6884497,6,0.6119,g6_00050_12.tif
6884511,1,0.0545,g6_00050_12.tif
6884938,2,0.0594,g6_00050_12.tif
6951717,4,0.7841,g6_00050_12.tif
7001634,5,0.8034,g6_00050_12.tif
7001636,5,0.694,g6_00050_12.tif
7001642,7,0.7159,g6_00050_12.tif
7001647,3,0.3445,g6_00050_12.tif
7001651,4,0.412,g6_00050_12.tif
7001689,2,0.0603,g6_00050_12.tif
7011842,2,0.1529,g6_00050_12.tif
7017015,3,0.16,g6_00050_12.tif
7017104,3,0.2016,g6_00050_12.tif
7018909,6,0.4883,g6_00050_12.tif
7043319,9,0.5134,g6_00050_12.tif
7043323,3,0.2092,g6_00050_12.tif
6109339,4,0.2977,g6_00050_13.tif
6109676,3,0.5429,g6_00050_13.tif
6114954,6,0.477,g6_00050_13.tif
6149529,1,0.0142,g6_00050_13.tif
6150562,1,0.0179,g6_00050_13.tif
6150564,3,0.1468,g6_00050_13.tif
6150567,4,0.2308,g6_00050_13.tif
6185915,2,0.0204,g6_00050_13.tif
6185917,2,0.1465,g6_00050_13.tif
6223480,2,0.1065,g6_00050_13.tif
6223745,1,0.071,g6_00050_13.tif
6223847,2,0.098,g6_00050_13.tif
6317228,3,0.1852,g6_00050_13.tif
6318042,3,0.1282,g6_00050_13.tif
6558913,1,0.0458,g6_00050_13.tif
6558914,2,0.102,g6_00050_13.tif
6559583,4,0.655,g6_00050_13.tif
6563991,2,0.2917,g6_00050_13.tif
6623090,1,0.0777,g6_00050_13.tif
6623473,1,0.0777,g6_00050_13.tif
6698814,3,0.2471,g6_00050_13.tif
6747544,1,0.1351,g6_00050_13.tif
6747545,1,0.2301,g6_00050_13.tif
6747678,4,0.0825,g6_00050_13.tif
6774485,1,0.0684,g6_00050_13.tif
6774487,1,0.0314,g6_00050_13.tif
6774488,1,0.0421,g6_00050_13.tif
6831424,2,0.616,g6_00050_13.tif
6831476,3,0.6543,g6_00050_13.tif
6831555,2,0.063,g6_00050_13.tif
6884511,1,0.0888,g6_00050_13.tif
6884938,1,0.0651,g6_00050_13.tif
6915397,4,0.0802,g6_00050_13.tif
7006995,2,0.033,g6_00050_13.tif
7015417,3,0.2016,g6_00050_13.tif
7043317,4,0.1655,g6_00050_13.tif
6454097,3,0.0769,g6_00053_13.tif
6691957,4,0.6391,g6_00053_13.tif
6692069,3,0.24,g6_00053_13.tif
6797880,3,0.075,g6_00053_13.tif
6835943,2,0.2692,g6_00053_13.tif
7043323,1,0.3398,g6_00053_13.tif
6114938,2,0.1315,g6_00053_14.tif
6114947,3,0.3626,g6_00053_14.tif
6114956,2,0.0411,g6_00053_14.tif
6115033,3,0.4065,g6_00053_14.tif
6115139,1,0.0734,g6_00053_14.tif
6143808,3,0.3585,g6_00053_14.tif
6151729,2,0.1849,g6_00053_14.tif
6151738,1,0.044,g6_00053_14.tif
6185961,2,0.0952,g6_00053_14.tif
6216863,1,0.0811,g6_00053_14.tif
6273889,1,0.0174,g6_00053_14.tif
6274038,1,0.0745,g6_00053_14.tif
6318054,4,0.1134,g6_00053_14.tif
6318059,6,0.6047,g6_00053_14.tif
6318064,3,0.3112,g6_00053_14.tif
6318069,3,0.1986,g6_00053_14.tif
6318072,3,0.3605,g6_00053_14.tif
6401528,2,0.0157,g6_00053_14.tif
6401529,2,0.0569,g6_00053_14.tif
6558914,2,0.1429,g6_00053_14.tif
6563991,1,0.1091,g6_00053_14.tif
6563996,2,0.0439,g6_00053_14.tif
6610927,2,0.0389,g6_00053_14.tif
6610928,1,0.0142,g6_00053_14.tif
6610929,1,0.0248,g6_00053_14.tif
6623065,3,0.0814,g6_00053_14.tif
6623072,2,0.1358,g6_00053_14.tif
6623086,1,0.1135,g6_00053_14.tif
6692000,1,0.0196,g6_00053_14.tif
6694118,1,0.0298,g6_00053_14.tif
6698800,2,0.1521,g6_00053_14.tif
6698805,4,0.4259,g6_00053_14.tif
6698811,2,0.113,g6_00053_14.tif
6698815,5,0.8025,g6_00053_14.tif
6698824,6,0.1847,g6_00053_14.tif
6698831,1,0.1544,g6_00053_14.tif
6724914,1,0.1619,g6_00053_14.tif
6788277,2,0.1275,g6_00053_14.tif
6788282,4,0.0738,g6_00053_14.tif
6788334,2,0.0312,g6_00053_14.tif
6827116,3,0.2308,g6_00053_14.tif
6827119,1,0.2202,g6_00053_14.tif
6828983,2,0.026,g6_00053_14.tif
6884499,5,0.383,g6_00053_14.tif
6884501,2,0.4677,g6_00053_14.tif
6884510,3,0.3716,g6_00053_14.tif
6884525,4,0.1569,g6_00053_14.tif
6884532,2,0.086,g6_00053_14.tif
6884538,3,0.0477,g6_00053_14.tif
6884557,3,0.1538,g6_00053_14.tif
6884577,3,0.4951,g6_00053_14.tif
6951770,2,0.3652,g6_00053_14.tif
6952925,2,0.1794,g6_00053_14.tif
7015417,2,0.4054,g6_00053_14.tif
7015418,4,0.1236,g6_00053_14.tif
7019970,4,0.0805,g6_00053_14.tif
7030600,3,0.5737,g6_00053_14.tif
7030602,3,0.2293,g6_00053_14.tif
7030603,3,0.4364,g6_00053_14.tif
7043318,2,0.0692,g6_00053_14.tif
7043326,3,0.6561,g6_00053_14.tif
7043328,5,0.1733,g6_00053_14.tif
7043335,3,0.7922,g6_00053_14.tif
7043338,2,0.1088,g6_00053_14.tif
6115033,3,0.3913,g6_00053_15.tif
6184155,3,0.24,g6_00053_15.tif
6184671,1,0.0229,g6_00053_15.tif
6216863,3,0.2292,g6_00053_15.tif
6216872,3,0.1131,g6_00053_15.tif
6604920,2,0.1,g6_00053_15.tif
6604921,3,0.0796,g6_00053_15.tif
6605060,2,0.1189,g6_00053_15.tif
6605075,2,0.0306,g6_00053_15.tif
6623086,1,0.3523,g6_00053_15.tif
6774478,5,0.5732,g6_00053_15.tif
6831426,4,0.2116,g6_00053_15.tif
6884499,5,0.8963,g6_00053_15.tif
6884501,3,0.7561,g6_00053_15.tif
6884516,5,0.3155,g6_00053_15.tif
6884575,5,0.3645,g6_00053_15.tif
6915372,2,0.0462,g6_00053_15.tif
7030603,2,0.5161,g6_00053_15.tif
6826642,1,0.1097,g6_00056_14.tif
6698798,3,0.1967,g6_00056_16.tif
6969654,3,0.5486,g6_00056_16.tif
7030510,6,0.4423,g6_00056_16.tif
7030597,4,0.4974,g6_00056_16.tif
7030598,6,0.4329,g6_00056_16.tif
6126915,4,0.1954,g6_00060_17.tif
6126918,2,0.4516,g6_00060_17.tif
6126929,1,0.0468,g6_00060_17.tif
6126930,2,0.1,g6_00060_17.tif
6126931,3,0.1765,g6_00060_17.tif
6126932,2,0.057,g6_00060_17.tif
6126945,2,0.4074,g6_00060_17.tif
6126927,3,0.387,g6_00060_18.tif
6128516,5,0.3576,g6_00060_18.tif
6128518,2,0.1409,g6_00060_18.tif
6128520,2,0.0933,g6_00060_18.tif
6128521,3,0.2373,g6_00060_18.tif
6139563,3,0.3373,g6_00060_18.tif
6139566,1,0.2011,g6_00060_18.tif
6139576,3,0.2206,g6_00060_18.tif
6139583,2,0.2105,g6_00060_18.tif
6139618,2,0.0698,g6_00060_18.tif
6139744,1,0.2289,g6_00060_18.tif
6142403,2,0.5806,g6_00060_18.tif
6142408,4,0.1727,g6_00060_18.tif
6142409,3,0.1446,g6_00060_18.tif
6142411,2,0.1683,g6_00060_18.tif
6142413,2,0.2461,g6_00060_18.tif
6142562,2,0.1276,g6_00060_18.tif
6142609,1,0.041,g6_00060_18.tif
6260964,6,0.2312,g6_00060_18.tif
6260973,3,0.34,g6_00060_18.tif
6285503,3,0.3434,g6_00060_18.tif
6314546,3,0.0448,g6_00060_18.tif
6460914,4,0.2914,g6_00060_18.tif
6460916,2,0.0948,g6_00060_18.tif
6460917,1,0.1597,g6_00060_18.tif
6461064,1,0.1086,g6_00060_18.tif
6461086,2,0.0854,g6_00060_18.tif
6498371,2,0.225,g6_00060_18.tif
6498373,2,0.0861,g6_00060_18.tif
6498445,3,0.1296,g6_00060_18.tif
6498558,3,0.2248,g6_00060_18.tif
6607430,1,0.0105,g6_00060_18.tif
6620126,1,0.138,g6_00060_18.tif
6139573,1,0.2353,g6_00061_0.tif
6142403,3,0.7727,g6_00061_0.tif
6142404,2,0.0915,g6_00061_0.tif
6176161,3,0.28,g6_00061_0.tif
6176164,3,0.1203,g6_00061_0.tif
6176166,1,0.0983,g6_00061_0.tif
6285501,1,0.0738,g6_00061_0.tif
6285506,2,0.0354,g6_00061_0.tif
6285622,1,0.0327,g6_00061_0.tif
6607430,2,0.0871,g6_00061_0.tif
6611795,2,0.1455,g6_00061_0.tif
6612479,5,0.2692,g6_00061_0.tif
6648423,2,0.0473,g6_00061_0.tif
6648424,2,0.0995,g6_00061_0.tif
6650066,2,0.3226,g6_00061_0.tif
6650076,3,0.1238,g6_00061_0.tif
6671553,2,0.0162,g6_00061_0.tif
6671554,2,0.1338,g6_00061_0.tif
6673026,2,0.1041,g6_00061_0.tif
6673029,2,0.0835,g6_00061_0.tif
6673157,3,0.0862,g6_00061_0.tif
6673158,1,0.081,g6_00061_0.tif
6673277,2,0.4881,g6_00061_0.tif
6704599,4,0.8017,g6_00061_0.tif
6716066,3,0.8634,g6_00061_0.tif
6719536,8,0.5292,g6_00061_0.tif
6719835,7,0.7877,g6_00061_0.tif
6719879,6,0.5021,g6_00061_0.tif
6772468,1,0.1019,g6_00061_0.tif
6934832,1,0.1187,g6_00061_0.tif
6998732,1,0.0648,g6_00061_0.tif
6297076,5,0.3664,g6_00064_1.tif
6297174,4,0.5,g6_00064_1.tif
6297284,4,0.1905,g6_00064_1.tif
6497111,3,0.0672,g6_00064_1.tif
6497112,4,0.6822,g6_00064_1.tif
6497113,3,0.2642,g6_00064_1.tif
6497114,4,0.1017,g6_00064_1.tif
6497121,5,0.6765,g6_00064_1.tif
6497126,3,0.3403,g6_00064_1.tif
6497129,2,0.2561,g6_00064_1.tif
6497133,3,0.0929,g6_00064_1.tif
6497345,4,0.642,g6_00064_1.tif
6611712,6,0.3431,g6_00064_1.tif
6611717,4,0.1675,g6_00064_1.tif
6611747,7,0.4355,g6_00064_1.tif
6611751,2,0.2296,g6_00064_1.tif
6611752,1,0.4842,g6_00064_1.tif
6611758,3,0.6062,g6_00064_1.tif
6611761,3,0.2673,g6_00064_1.tif
6611764,2,0.1088,g6_00064_1.tif
6611767,4,0.3935,g6_00064_1.tif
6611772,2,0.1611,g6_00064_1.tif
6611783,4,0.1507,g6_00064_1.tif
6611797,4,0.1832,g6_00064_1.tif
6611814,4,0.5224,g6_00064_1.tif
6612229,2,0.5532,g6_00064_1.tif
6612348,1,0.0213,g6_00064_1.tif
6673010,2,0.3265,g6_00064_1.tif
6673011,3,0.6316,g6_00064_1.tif
6673015,5,0.6426,g6_00064_1.tif
6673024,4,0.159,g6_00064_1.tif
6673121,5,0.2727,g6_00064_1.tif
6673122,4,0.4943,g6_00064_1.tif
6673277,9,0.5219,g6_00064_1.tif
6682712,3,0.675,g6_00064_1.tif
6719536,3,0.8839,g6_00064_1.tif
6998728,2,0.5463,g6_00064_1.tif
6998729,2,0.6454,g6_00064_1.tif
6998856,2,0.0341,g6_00064_1.tif
6998909,3,0.094,g6_00064_1.tif
