parcel_id,objects_over,best_iou,chip
6402188,0,0.0,g13_00002_16.tif
6983393,0,0.0,g13_00002_16.tif
7079929,0,0.0,g13_00002_16.tif
6113948,0,0.0,g13_00002_17.tif
6157272,0,0.0,g13_00002_18.tif
6166700,0,0.0,g13_00003_12.tif
6166702,0,0.0,g13_00003_12.tif
6166704,0,0.0,g13_00003_12.tif
6490468,0,0.0,g13_00003_12.tif
6490470,0,0.0,g13_00003_12.tif
6514417,0,0.0,g13_00003_12.tif
6514421,0,0.0,g13_00003_12.tif
6514422,0,0.0,g13_00003_12.tif
6572178,0,0.0,g13_00003_12.tif
6737064,0,0.0,g13_00003_12.tif
6910737,0,0.0,g13_00003_12.tif
6910738,0,0.0,g13_00003_12.tif
6910741,0,0.0,g13_00003_12.tif
6910746,0,0.0,g13_00003_12.tif
6166702,0,0.0,g13_00003_13.tif
6324650,0,0.0,g13_00003_13.tif
6324653,0,0.0,g13_00003_13.tif
6524321,0,0.0,g13_00003_13.tif
6524323,0,0.0,g13_00003_13.tif
6524324,0,0.0,g13_00003_13.tif
6524325,0,0.0,g13_00003_13.tif
6737065,0,0.0,g13_00003_13.tif
6737066,0,0.0,g13_00003_13.tif
6145881,0,0.0,g13_00003_14.tif
6145882,0,0.0,g13_00003_14.tif
6145886,0,0.0,g13_00003_14.tif
6145887,0,0.0,g13_00003_14.tif
6145890,0,0.0,g13_00003_14.tif
6145891,0,0.0,g13_00003_14.tif
6145892,0,0.0,g13_00003_14.tif
6145893,0,0.0,g13_00003_14.tif
6199100,0,0.0,g13_00003_14.tif
6394110,0,0.0,g13_00003_14.tif
6446137,0,0.0,g13_00003_14.tif
6537426,0,0.0,g13_00003_14.tif
6560698,0,0.0,g13_00003_14.tif
6560699,0,0.0,g13_00003_14.tif
6774220,0,0.0,g13_00003_14.tif
6774225,0,0.0,g13_00003_14.tif
6872553,0,0.0,g13_00003_14.tif
7019528,0,0.0,g13_00003_14.tif
7019531,0,0.0,g13_00003_14.tif
6133722,1,0.7956,g13_00003_18.tif
6146415,0,0.0,g13_00003_18.tif
6146416,0,0.0,g13_00003_18.tif
6224238,1,0.07,g13_00003_18.tif
6224239,0,0.0,g13_00003_18.tif
6224304,1,0.5,g13_00003_18.tif
6224344,0,0.0,g13_00003_18.tif
6224464,0,0.0,g13_00003_18.tif
6625264,1,0.7623,g13_00003_18.tif
6736122,1,0.2511,g13_00003_18.tif
6862344,1,0.8845,g13_00003_18.tif
6862375,1,0.9275,g13_00003_18.tif
6862397,1,0.644,g13_00003_18.tif
6862405,1,0.0251,g13_00003_18.tif
6862407,1,0.8412,g13_00003_18.tif
6862425,1,0.004,g13_00003_18.tif
6953125,1,0.8674,g13_00003_18.tif
6953150,1,0.3606,g13_00003_18.tif
6970149,0,0.0,g13_00003_18.tif
6090653,0,0.0,g13_00004_0.tif
6090654,0,0.0,g13_00004_0.tif
6090658,0,0.0,g13_00004_0.tif
6111251,0,0.0,g13_00004_0.tif
6111252,0,0.0,g13_00004_0.tif
6208423,0,0.0,g13_00004_0.tif
6316528,0,0.0,g13_00004_0.tif
6316531,0,0.0,g13_00004_0.tif
6707003,1,0.5628,g13_00004_0.tif
6707008,1,0.2429,g13_00004_0.tif
6788595,0,0.0,g13_00004_0.tif
6788596,1,0.3797,g13_00004_0.tif
6862344,2,0.361,g13_00004_0.tif
6862365,1,0.9183,g13_00004_0.tif
6862366,1,0.8361,g13_00004_0.tif
6862373,1,0.9257,g13_00004_0.tif
6862394,1,0.4733,g13_00004_0.tif
6862396,1,0.4714,g13_00004_0.tif
6862397,0,0.0,g13_00004_0.tif
6910498,1,0.6897,g13_00004_0.tif
6987753,1,0.4683,g13_00004_0.tif
7044089,1,0.5967,g13_00004_0.tif
7044092,0,0.0,g13_00004_0.tif
7049957,1,0.2069,g13_00004_0.tif
6090656,1,0.805,g13_00004_1.tif
6094132,0,0.0,g13_00004_1.tif
6094133,0,0.0,g13_00004_1.tif
6094134,0,0.0,g13_00004_1.tif
6094137,0,0.0,g13_00004_1.tif
6094214,1,0.7068,g13_00004_1.tif
6165385,2,0.6106,g13_00004_1.tif
6165391,0,0.0,g13_00004_1.tif
6267989,1,0.8456,g13_00004_1.tif
6420102,0,0.0,g13_00004_1.tif
6443932,0,0.0,g13_00004_1.tif
6443934,2,0.3781,g13_00004_1.tif
6443941,1,0.7545,g13_00004_1.tif
6443952,0,0.0,g13_00004_1.tif
6444032,1,0.7422,g13_00004_1.tif
6444073,2,0.542,g13_00004_1.tif
6444273,0,0.0,g13_00004_1.tif
6444289,1,0.496,g13_00004_1.tif
6444732,2,0.4039,g13_00004_1.tif
6503716,1,0.769,g13_00004_1.tif
6503721,1,0.8017,g13_00004_1.tif
6503913,1,0.5783,g13_00004_1.tif
6503966,0,0.0,g13_00004_1.tif
6504115,1,0.7329,g13_00004_1.tif
6504116,1,0.6963,g13_00004_1.tif
6504194,1,0.721,g13_00004_1.tif
6559607,2,0.4101,g13_00004_1.tif
6578268,1,0.7714,g13_00004_1.tif
6578397,1,0.5625,g13_00004_1.tif
6578410,1,0.0462,g13_00004_1.tif
6578413,1,0.4617,g13_00004_1.tif
6578415,0,0.0,g13_00004_1.tif
6581409,0,0.0,g13_00004_1.tif
6581410,0,0.0,g13_00004_1.tif
6581411,0,0.0,g13_00004_1.tif
6689417,1,0.6502,g13_00004_1.tif
6707003,1,0.5081,g13_00004_1.tif
6707008,1,0.25,g13_00004_1.tif
6788595,1,0.797,g13_00004_1.tif
6788596,0,0.0,g13_00004_1.tif
6862312,1,0.9344,g13_00004_1.tif
6862365,1,0.7119,g13_00004_1.tif
6862373,1,0.2364,g13_00004_1.tif
6862379,1,0.9119,g13_00004_1.tif
6862393,1,0.8235,g13_00004_1.tif
6917340,1,0.6977,g13_00004_1.tif
6945580,1,0.0014,g13_00004_1.tif
6945581,0,0.0,g13_00004_1.tif
6961800,1,0.7055,g13_00004_1.tif
6961802,1,0.4286,g13_00004_1.tif
7044089,2,0.3602,g13_00004_1.tif
6689886,0,0.0,g13_00005_10.tif
6689885,0,0.0,g13_00005_11.tif
7079929,0,0.0,g13_00005_9.tif
6085712,0,0.0,g13_00006_11.tif
6085714,0,0.0,g13_00006_11.tif
6085715,0,0.0,g13_00006_11.tif
6093619,2,0.3034,g13_00006_11.tif
6093620,1,0.191,g13_00006_11.tif
6093628,1,0.7938,g13_00006_11.tif
6109021,0,0.0,g13_00006_11.tif
6645080,0,0.0,g13_00006_11.tif
6953134,0,0.0,g13_00006_11.tif
6987751,2,0.3967,g13_00006_11.tif
6995387,2,0.3931,g13_00006_11.tif
6995390,1,0.0246,g13_00006_11.tif
6085722,0,0.0,g13_00006_12.tif
6089770,0,0.0,g13_00006_12.tif
6089772,0,0.0,g13_00006_12.tif
6093624,2,0.5349,g13_00006_12.tif
6093625,2,0.227,g13_00006_12.tif
6093628,1,0.3235,g13_00006_12.tif
6093632,0,0.0,g13_00006_12.tif
6109021,1,0.3741,g13_00006_12.tif
6109028,0,0.0,g13_00006_12.tif
6111252,0,0.0,g13_00006_12.tif
6166271,0,0.0,g13_00006_12.tif
6166272,0,0.0,g13_00006_12.tif
6166273,0,0.0,g13_00006_12.tif
6166275,0,0.0,g13_00006_12.tif
6166276,1,0.3276,g13_00006_12.tif
6378684,0,0.0,g13_00006_12.tif
6378686,0,0.0,g13_00006_12.tif
6445437,0,0.0,g13_00006_12.tif
6445438,0,0.0,g13_00006_12.tif
6466917,0,0.0,g13_00006_12.tif
6466921,0,0.0,g13_00006_12.tif
6625247,1,0.6095,g13_00006_12.tif
6645080,0,0.0,g13_00006_12.tif
6733272,0,0.0,g13_00006_12.tif
6733273,0,0.0,g13_00006_12.tif
6733275,0,0.0,g13_00006_12.tif
6733747,0,0.0,g13_00006_12.tif
6733959,0,0.0,g13_00006_12.tif
6802503,0,0.0,g13_00006_12.tif
6803482,0,0.0,g13_00006_12.tif
6879486,0,0.0,g13_00006_12.tif
6916073,0,0.0,g13_00006_12.tif
6987753,0,0.0,g13_00006_12.tif
7049945,0,0.0,g13_00006_12.tif
7049954,0,0.0,g13_00006_12.tif
7049957,2,0.2789,g13_00006_12.tif
7049958,0,0.0,g13_00006_12.tif
6115133,1,0.8287,g13_00006_13.tif
6115134,0,0.0,g13_00006_13.tif
6115178,1,0.3974,g13_00006_13.tif
6115225,2,0.0495,g13_00006_13.tif
6165385,0,0.0,g13_00006_13.tif
6166271,0,0.0,g13_00006_13.tif
6166272,0,0.0,g13_00006_13.tif
6166273,0,0.0,g13_00006_13.tif
6166275,1,0.5757,g13_00006_13.tif
6166279,0,0.0,g13_00006_13.tif
6227446,1,0.1808,g13_00006_13.tif
6378684,1,0.6633,g13_00006_13.tif
6378686,0,0.0,g13_00006_13.tif
6378689,1,0.4832,g13_00006_13.tif
6378690,1,0.4674,g13_00006_13.tif
6378692,0,0.0,g13_00006_13.tif
6420102,2,0.5418,g13_00006_13.tif
6420112,0,0.0,g13_00006_13.tif
6420113,0,0.0,g13_00006_13.tif
6420114,0,0.0,g13_00006_13.tif
6420115,0,0.0,g13_00006_13.tif
6420116,0,0.0,g13_00006_13.tif
6443934,2,0.3364,g13_00006_13.tif
6476900,1,0.575,g13_00006_13.tif
6476901,0,0.0,g13_00006_13.tif
6476908,1,0.5966,g13_00006_13.tif
6496620,1,0.2605,g13_00006_13.tif
6496622,1,0.2933,g13_00006_13.tif
6496623,1,0.7304,g13_00006_13.tif
6496626,1,0.5985,g13_00006_13.tif
6496631,0,0.0,g13_00006_13.tif
6496632,0,0.0,g13_00006_13.tif
6496741,1,0.0635,g13_00006_13.tif
6503716,0,0.0,g13_00006_13.tif
6503722,2,0.4692,g13_00006_13.tif
6503723,0,0.0,g13_00006_13.tif
6503725,1,0.607,g13_00006_13.tif
6503726,1,0.4803,g13_00006_13.tif
6503729,1,0.4425,g13_00006_13.tif
6503910,1,0.7539,g13_00006_13.tif
6503913,1,0.8902,g13_00006_13.tif
6503966,0,0.0,g13_00006_13.tif
6504062,2,0.5812,g13_00006_13.tif
6504063,2,0.7639,g13_00006_13.tif
6504064,0,0.0,g13_00006_13.tif
6523596,0,0.0,g13_00006_13.tif
6578410,1,0.3462,g13_00006_13.tif
6625271,1,0.4659,g13_00006_13.tif
6668356,0,0.0,g13_00006_13.tif
6715455,5,0.1807,g13_00006_13.tif
6715465,1,0.1442,g13_00006_13.tif
6888878,1,0.24,g13_00006_13.tif
6888881,0,0.0,g13_00006_13.tif
6888882,0,0.0,g13_00006_13.tif
6888883,1,0.2599,g13_00006_13.tif
6917369,1,0.5707,g13_00006_13.tif
6917377,0,0.0,g13_00006_13.tif
6917383,0,0.0,g13_00006_13.tif
6945577,0,0.0,g13_00006_13.tif
6098813,0,0.0,g13_00006_5.tif
6098814,0,0.0,g13_00006_5.tif
6166701,0,0.0,g13_00006_5.tif
6469566,0,0.0,g13_00006_5.tif
6649668,0,0.0,g13_00006_5.tif
6649670,0,0.0,g13_00006_5.tif
6649671,0,0.0,g13_00006_5.tif
6649672,0,0.0,g13_00006_5.tif
6649673,0,0.0,g13_00006_5.tif
6649818,0,0.0,g13_00006_5.tif
6895511,0,0.0,g13_00006_5.tif
6895518,0,0.0,g13_00006_5.tif
6899202,0,0.0,g13_00006_5.tif
6899203,0,0.0,g13_00006_5.tif
6899212,0,0.0,g13_00006_5.tif
6899213,0,0.0,g13_00006_5.tif
6098812,0,0.0,g13_00006_6.tif
6098814,0,0.0,g13_00006_6.tif
6098816,0,0.0,g13_00006_6.tif
6537427,0,0.0,g13_00006_6.tif
6338980,0,0.0,g13_00006_7.tif
6446137,0,0.0,g13_00006_7.tif
6793026,0,0.0,g13_00006_7.tif
6793028,0,0.0,g13_00006_7.tif
6793029,0,0.0,g13_00006_7.tif
6793030,0,0.0,g13_00006_7.tif
6793031,0,0.0,g13_00006_7.tif
6801711,0,0.0,g13_00006_7.tif
6801712,0,0.0,g13_00006_7.tif
6102575,0,0.0,g13_00016_0.tif
6220602,0,0.0,g13_00016_0.tif
6243944,0,0.0,g13_00016_0.tif
6243948,0,0.0,g13_00016_0.tif
6248570,0,0.0,g13_00016_0.tif
6309752,0,0.0,g13_00016_0.tif
6343333,0,0.0,g13_00016_0.tif
6959166,0,0.0,g13_00016_0.tif
6243948,0,0.0,g13_00016_1.tif
6092968,1,0.5638,g13_00017_17.tif
6112021,1,0.3253,g13_00017_17.tif
6164514,1,0.7465,g13_00017_17.tif
6168691,0,0.0,g13_00017_17.tif
6168692,0,0.0,g13_00017_17.tif
6168693,0,0.0,g13_00017_17.tif
6168694,1,0.5284,g13_00017_17.tif
6193419,1,0.4719,g13_00017_17.tif
6239504,0,0.0,g13_00017_17.tif
6239505,1,0.0035,g13_00017_17.tif
6239746,0,0.0,g13_00017_17.tif
6241660,1,0.5238,g13_00017_17.tif
6257963,1,0.5813,g13_00017_17.tif
6257967,0,0.0,g13_00017_17.tif
6298597,0,0.0,g13_00017_17.tif
6298647,0,0.0,g13_00017_17.tif
6335164,0,0.0,g13_00017_17.tif
6335165,0,0.0,g13_00017_17.tif
6357855,1,0.8537,g13_00017_17.tif
6357856,2,0.5748,g13_00017_17.tif
6357859,0,0.0,g13_00017_17.tif
6368730,1,0.25,g13_00017_17.tif
6373005,1,0.5769,g13_00017_17.tif
6373841,0,0.0,g13_00017_17.tif
6373935,0,0.0,g13_00017_17.tif
6373937,0,0.0,g13_00017_17.tif
6373938,0,0.0,g13_00017_17.tif
6373939,0,0.0,g13_00017_17.tif
6410172,1,0.493,g13_00017_17.tif
6469623,0,0.0,g13_00017_17.tif
6469625,1,0.04,g13_00017_17.tif
6469709,1,0.5952,g13_00017_17.tif
6477163,0,0.0,g13_00017_17.tif
6477164,1,0.6654,g13_00017_17.tif
6477167,0,0.0,g13_00017_17.tif
6477168,0,0.0,g13_00017_17.tif
6500731,0,0.0,g13_00017_17.tif
6606604,0,0.0,g13_00017_17.tif
6617028,1,0.4688,g13_00017_17.tif
6639520,1,0.8369,g13_00017_17.tif
6639522,0,0.0,g13_00017_17.tif
6639523,1,0.5182,g13_00017_17.tif
6639526,1,0.8463,g13_00017_17.tif
6639528,1,0.7474,g13_00017_17.tif
6639530,2,0.1054,g13_00017_17.tif
6639538,1,0.7913,g13_00017_17.tif
6639542,1,0.6856,g13_00017_17.tif
6639546,1,0.7045,g13_00017_17.tif
6639548,1,0.5403,g13_00017_17.tif
6639554,0,0.0,g13_00017_17.tif
6639759,0,0.0,g13_00017_17.tif
6647091,2,0.3741,g13_00017_17.tif
6647092,0,0.0,g13_00017_17.tif
6658340,1,0.7669,g13_00017_17.tif
6658343,0,0.0,g13_00017_17.tif
6668555,2,0.433,g13_00017_17.tif
6668562,0,0.0,g13_00017_17.tif
6676156,0,0.0,g13_00017_17.tif
6676158,1,0.81,g13_00017_17.tif
6676159,1,0.5236,g13_00017_17.tif
6713230,1,0.7177,g13_00017_17.tif
6717412,1,0.6764,g13_00017_17.tif
6717413,1,0.1545,g13_00017_17.tif
6717423,1,0.4808,g13_00017_17.tif
6717424,0,0.0,g13_00017_17.tif
6717427,1,0.5111,g13_00017_17.tif
6717437,1,0.4233,g13_00017_17.tif
6846301,0,0.0,g13_00017_17.tif
6846303,0,0.0,g13_00017_17.tif
6846341,1,0.6867,g13_00017_17.tif
6846357,0,0.0,g13_00017_17.tif
6853088,1,0.7492,g13_00017_17.tif
6853106,0,0.0,g13_00017_17.tif
6881114,1,0.7639,g13_00017_17.tif
6940227,1,0.729,g13_00017_17.tif
6940228,1,0.7196,g13_00017_17.tif
6084205,0,0.0,g13_00017_18.tif
6084321,1,0.7854,g13_00017_18.tif
6084429,0,0.0,g13_00017_18.tif
6092954,1,0.6334,g13_00017_18.tif
6092968,0,0.0,g13_00017_18.tif
6092971,1,0.2364,g13_00017_18.tif
6092977,0,0.0,g13_00017_18.tif
6092979,1,0.3981,g13_00017_18.tif
6108633,1,0.6509,g13_00017_18.tif
6109207,0,0.0,g13_00017_18.tif
6109287,0,0.0,g13_00017_18.tif
6109328,1,0.678,g13_00017_18.tif
6109658,1,0.7725,g13_00017_18.tif
6112017,1,0.656,g13_00017_18.tif
6112019,0,0.0,g13_00017_18.tif
6112020,0,0.0,g13_00017_18.tif
6112022,0,0.0,g13_00017_18.tif
6112905,1,0.6324,g13_00017_18.tif
6131465,1,0.709,g13_00017_18.tif
6131467,1,0.6423,g13_00017_18.tif
6146992,3,0.2278,g13_00017_18.tif
6146993,1,0.547,g13_00017_18.tif
6151740,1,0.5613,g13_00017_18.tif
6151741,0,0.0,g13_00017_18.tif
6151743,1,0.6321,g13_00017_18.tif
6151793,1,0.4198,g13_00017_18.tif
6164514,1,0.375,g13_00017_18.tif
6164517,0,0.0,g13_00017_18.tif
6168840,1,0.3121,g13_00017_18.tif
6168893,1,0.6605,g13_00017_18.tif
6168940,0,0.0,g13_00017_18.tif
6169057,0,0.0,g13_00017_18.tif
6169713,1,0.6541,g13_00017_18.tif
6193417,0,0.0,g13_00017_18.tif
6212727,0,0.0,g13_00017_18.tif
6232871,1,0.3732,g13_00017_18.tif
6232876,0,0.0,g13_00017_18.tif
6232954,1,0.4082,g13_00017_18.tif
6239505,1,0.4403,g13_00017_18.tif
6239507,2,0.4986,g13_00017_18.tif
6239509,0,0.0,g13_00017_18.tif
6239511,0,0.0,g13_00017_18.tif
6239512,0,0.0,g13_00017_18.tif
6239524,1,0.0462,g13_00017_18.tif
6239528,0,0.0,g13_00017_18.tif
6239746,0,0.0,g13_00017_18.tif
6297786,1,0.0802,g13_00017_18.tif
6297788,1,0.3288,g13_00017_18.tif
6297790,0,0.0,g13_00017_18.tif
6297791,0,0.0,g13_00017_18.tif
6297926,6,0.2254,g13_00017_18.tif
6298613,1,0.2861,g13_00017_18.tif
6298617,1,0.5802,g13_00017_18.tif
6298624,0,0.0,g13_00017_18.tif
6309519,0,0.0,g13_00017_18.tif
6309520,0,0.0,g13_00017_18.tif
6373003,0,0.0,g13_00017_18.tif
6373005,1,0.5788,g13_00017_18.tif
6375580,0,0.0,g13_00017_18.tif
6375581,2,0.202,g13_00017_18.tif
6410172,0,0.0,g13_00017_18.tif
6411008,1,0.626,g13_00017_18.tif
6411743,1,0.5646,g13_00017_18.tif
6500714,1,0.6904,g13_00017_18.tif
6500724,1,0.6838,g13_00017_18.tif
6500731,1,0.6,g13_00017_18.tif
6500739,0,0.0,g13_00017_18.tif
6606637,0,0.0,g13_00017_18.tif
6606662,2,0.4554,g13_00017_18.tif
6606913,1,0.373,g13_00017_18.tif
6615112,1,0.602,g13_00017_18.tif
6622108,0,0.0,g13_00017_18.tif
6630066,1,0.636,g13_00017_18.tif
6639549,1,0.5725,g13_00017_18.tif
6645614,1,0.6584,g13_00017_18.tif
6704745,1,0.5679,g13_00017_18.tif
6704749,0,0.0,g13_00017_18.tif
6712320,1,0.437,g13_00017_18.tif
6713230,0,0.0,g13_00017_18.tif
6713269,1,0.4745,g13_00017_18.tif
6713276,1,0.0042,g13_00017_18.tif
6713286,1,0.0799,g13_00017_18.tif
6714168,1,0.0165,g13_00017_18.tif
6717422,2,0.0894,g13_00017_18.tif
6717427,1,0.6667,g13_00017_18.tif
6717449,1,0.6756,g13_00017_18.tif
6717456,1,0.0417,g13_00017_18.tif
6717457,0,0.0,g13_00017_18.tif
6800797,1,0.6162,g13_00017_18.tif
6800800,1,0.2713,g13_00017_18.tif
6800801,0,0.0,g13_00017_18.tif
6853092,1,0.766,g13_00017_18.tif
6853094,0,0.0,g13_00017_18.tif
6853097,1,0.658,g13_00017_18.tif
6853113,1,0.3308,g13_00017_18.tif
6862171,2,0.3516,g13_00017_18.tif
6873507,1,0.72,g13_00017_18.tif
6873509,1,0.3434,g13_00017_18.tif
6873510,2,0.3636,g13_00017_18.tif
6881114,3,0.3508,g13_00017_18.tif
6881124,1,0.6408,g13_00017_18.tif
6944704,1,0.5143,g13_00017_18.tif
6944766,1,0.5806,g13_00017_18.tif
6944796,0,0.0,g13_00017_18.tif
6955933,1,0.5758,g13_00017_18.tif
6084416,3,0.1803,g13_00018_0.tif
6108638,2,0.5496,g13_00018_0.tif
6109333,1,0.3679,g13_00018_0.tif
6109654,1,0.5853,g13_00018_0.tif
6109656,1,0.7328,g13_00018_0.tif
6109658,1,0.031,g13_00018_0.tif
6109660,1,0.4443,g13_00018_0.tif
6109661,1,0.6851,g13_00018_0.tif
6109663,0,0.0,g13_00018_0.tif
6109720,1,0.0215,g13_00018_0.tif
6112020,1,0.3655,g13_00018_0.tif
6120345,0,0.0,g13_00018_0.tif
6131462,1,0.7058,g13_00018_0.tif
6131465,1,0.7644,g13_00018_0.tif
6131472,3,0.6047,g13_00018_0.tif
6131477,1,0.5818,g13_00018_0.tif
6131479,1,0.1098,g13_00018_0.tif
6139993,1,0.3478,g13_00018_0.tif
6139998,1,0.723,g13_00018_0.tif
6140001,1,0.6562,g13_00018_0.tif
6140002,1,0.215,g13_00018_0.tif
6140004,1,0.0866,g13_00018_0.tif
6168848,1,0.3864,g13_00018_0.tif
6226124,2,0.6138,g13_00018_0.tif
6250816,1,0.2489,g13_00018_0.tif
6279233,1,0.3911,g13_00018_0.tif
6279236,1,0.2578,g13_00018_0.tif
6279360,1,0.489,g13_00018_0.tif
6279379,0,0.0,g13_00018_0.tif
6301286,0,0.0,g13_00018_0.tif
6301290,1,0.6271,g13_00018_0.tif
6301291,2,0.4303,g13_00018_0.tif
6301293,0,0.0,g13_00018_0.tif
6307194,1,0.6129,g13_00018_0.tif
6307196,1,0.6392,g13_00018_0.tif
6307199,2,0.4953,g13_00018_0.tif
6307200,0,0.0,g13_00018_0.tif
6307325,1,0.7374,g13_00018_0.tif
6307857,1,0.5777,g13_00018_0.tif
6353375,1,0.2786,g13_00018_0.tif
6363218,1,0.4864,g13_00018_0.tif
6375580,1,0.2172,g13_00018_0.tif
6388885,0,0.0,g13_00018_0.tif
6388891,1,0.6554,g13_00018_0.tif
6388898,0,0.0,g13_00018_0.tif
6395747,1,0.4681,g13_00018_0.tif
6395752,1,0.3403,g13_00018_0.tif
6395805,0,0.0,g13_00018_0.tif
6412497,1,0.6686,g13_00018_0.tif
6412501,1,0.3252,g13_00018_0.tif
6412626,1,0.6733,g13_00018_0.tif
6412632,3,0.1364,g13_00018_0.tif
6412633,2,0.1478,g13_00018_0.tif
6412733,1,0.0034,g13_00018_0.tif
6448923,1,0.7167,g13_00018_0.tif
6448926,0,0.0,g13_00018_0.tif
6449043,1,0.3173,g13_00018_0.tif
6454973,1,0.6836,g13_00018_0.tif
6454974,0,0.0,g13_00018_0.tif
6454976,0,0.0,g13_00018_0.tif
6454977,1,0.8361,g13_00018_0.tif
6454982,1,0.4433,g13_00018_0.tif
6455172,1,0.6632,g13_00018_0.tif
6500699,1,0.1906,g13_00018_0.tif
6500706,1,0.866,g13_00018_0.tif
6500717,1,0.6059,g13_00018_0.tif
6500733,0,0.0,g13_00018_0.tif
6500788,1,0.6886,g13_00018_0.tif
6500792,1,0.6864,g13_00018_0.tif
6500795,1,0.2336,g13_00018_0.tif
6502777,0,0.0,g13_00018_0.tif
6508732,1,0.4009,g13_00018_0.tif
6543027,1,0.3785,g13_00018_0.tif
6630066,0,0.0,g13_00018_0.tif
6639563,1,0.6429,g13_00018_0.tif
6645613,2,0.6976,g13_00018_0.tif
6645614,1,0.3608,g13_00018_0.tif
6645632,1,0.4477,g13_00018_0.tif
6645638,1,0.6559,g13_00018_0.tif
6694033,1,0.7697,g13_00018_0.tif
6704689,1,0.771,g13_00018_0.tif
6704691,1,0.8297,g13_00018_0.tif
6704731,1,0.596,g13_00018_0.tif
6704734,1,0.5805,g13_00018_0.tif
6704737,1,0.5227,g13_00018_0.tif
6704741,1,0.6562,g13_00018_0.tif
6712308,0,0.0,g13_00018_0.tif
6712320,0,0.0,g13_00018_0.tif
6713224,2,0.4929,g13_00018_0.tif
6713227,0,0.0,g13_00018_0.tif
6713262,1,0.5858,g13_00018_0.tif
6713273,1,0.6838,g13_00018_0.tif
6713276,1,0.5,g13_00018_0.tif
6713279,1,0.6419,g13_00018_0.tif
6713282,0,0.0,g13_00018_0.tif
6713283,1,0.1194,g13_00018_0.tif
6718684,0,0.0,g13_00018_0.tif
6748707,1,0.4227,g13_00018_0.tif
6789601,1,0.7622,g13_00018_0.tif
6789605,1,0.6231,g13_00018_0.tif
6853094,1,0.6478,g13_00018_0.tif
6853114,1,0.7825,g13_00018_0.tif
6859845,2,0.4724,g13_00018_0.tif
6862171,1,0.8907,g13_00018_0.tif
6944702,1,0.6336,g13_00018_0.tif
6944703,1,0.5773,g13_00018_0.tif
7008078,1,0.8764,g13_00018_0.tif
7047230,1,0.4459,g13_00018_0.tif
6220597,0,0.0,g13_00018_12.tif
6245714,0,0.0,g13_00018_12.tif
6245715,0,0.0,g13_00018_12.tif
6309755,0,0.0,g13_00018_12.tif
6959166,0,0.0,g13_00018_12.tif
6109665,0,0.0,g13_00020_10.tif
6112021,1,0.407,g13_00020_10.tif
6130378,0,0.0,g13_00020_10.tif
6130379,0,0.0,g13_00020_10.tif
6143655,0,0.0,g13_00020_10.tif
6143656,0,0.0,g13_00020_10.tif
6144827,0,0.0,g13_00020_10.tif
6144829,1,0.6151,g13_00020_10.tif
6144833,1,0.5154,g13_00020_10.tif
6144835,1,0.4586,g13_00020_10.tif
6144850,0,0.0,g13_00020_10.tif
6146988,0,0.0,g13_00020_10.tif
6146989,0,0.0,g13_00020_10.tif
6146994,1,0.4787,g13_00020_10.tif
6207621,1,0.4205,g13_00020_10.tif
6207622,0,0.0,g13_00020_10.tif
6212691,1,0.2563,g13_00020_10.tif
6212694,0,0.0,g13_00020_10.tif
6212695,0,0.0,g13_00020_10.tif
6213421,0,0.0,g13_00020_10.tif
6213467,0,0.0,g13_00020_10.tif
6213494,0,0.0,g13_00020_10.tif
6217968,0,0.0,g13_00020_10.tif
6226111,0,0.0,g13_00020_10.tif
6226114,0,0.0,g13_00020_10.tif
6226115,1,0.6339,g13_00020_10.tif
6226117,0,0.0,g13_00020_10.tif
6226120,0,0.0,g13_00020_10.tif
6226121,0,0.0,g13_00020_10.tif
6226251,0,0.0,g13_00020_10.tif
6226252,0,0.0,g13_00020_10.tif
6239519,0,0.0,g13_00020_10.tif
6239520,0,0.0,g13_00020_10.tif
6239521,0,0.0,g13_00020_10.tif
6301008,1,0.4807,g13_00020_10.tif
6301012,0,0.0,g13_00020_10.tif
6307203,0,0.0,g13_00020_10.tif
6357856,0,0.0,g13_00020_10.tif
6357861,0,0.0,g13_00020_10.tif
6398484,0,0.0,g13_00020_10.tif
6398485,1,0.5556,g13_00020_10.tif
6398487,1,0.233,g13_00020_10.tif
6411748,0,0.0,g13_00020_10.tif
6411749,0,0.0,g13_00020_10.tif
6477162,0,0.0,g13_00020_10.tif
6477163,0,0.0,g13_00020_10.tif
6477164,0,0.0,g13_00020_10.tif
6477167,0,0.0,g13_00020_10.tif
6477168,0,0.0,g13_00020_10.tif
6477169,0,0.0,g13_00020_10.tif
6500735,0,0.0,g13_00020_10.tif
6590947,0,0.0,g13_00020_10.tif
6602108,1,0.5162,g13_00020_10.tif
6602132,1,0.6062,g13_00020_10.tif
6602142,1,0.3109,g13_00020_10.tif
6602153,0,0.0,g13_00020_10.tif
6602220,1,0.5815,g13_00020_10.tif
6615093,1,0.4217,g13_00020_10.tif
6615107,0,0.0,g13_00020_10.tif
6615108,0,0.0,g13_00020_10.tif
6615115,0,0.0,g13_00020_10.tif
6625512,0,0.0,g13_00020_10.tif
6656369,0,0.0,g13_00020_10.tif
6656378,0,0.0,g13_00020_10.tif
6658338,0,0.0,g13_00020_10.tif
6685838,0,0.0,g13_00020_10.tif
6685840,0,0.0,g13_00020_10.tif
6704705,1,0.558,g13_00020_10.tif
6704707,1,0.7737,g13_00020_10.tif
6704709,0,0.0,g13_00020_10.tif
6704711,0,0.0,g13_00020_10.tif
6713287,0,0.0,g13_00020_10.tif
6800802,0,0.0,g13_00020_10.tif
6800804,0,0.0,g13_00020_10.tif
6833229,2,0.4476,g13_00020_10.tif
6833236,0,0.0,g13_00020_10.tif
6833689,2,0.2092,g13_00020_10.tif
6869043,1,0.4954,g13_00020_10.tif
6881120,1,0.5507,g13_00020_10.tif
6940235,0,0.0,g13_00020_10.tif
6955930,1,0.6836,g13_00020_10.tif
6955936,0,0.0,g13_00020_10.tif
6955955,0,0.0,g13_00020_10.tif
6955968,0,0.0,g13_00020_10.tif
6955971,1,0.4976,g13_00020_10.tif
6955972,0,0.0,g13_00020_10.tif
6955974,0,0.0,g13_00020_10.tif
6955976,1,0.6853,g13_00020_10.tif
6091534,1,0.2477,g13_00020_11.tif
6091535,0,0.0,g13_00020_11.tif
6091536,0,0.0,g13_00020_11.tif
6091537,1,0.6429,g13_00020_11.tif
6112021,0,0.0,g13_00020_11.tif
6125325,0,0.0,g13_00020_11.tif
6125326,1,0.35,g13_00020_11.tif
6125328,0,0.0,g13_00020_11.tif
6149356,0,0.0,g13_00020_11.tif
6194780,0,0.0,g13_00020_11.tif
6194781,0,0.0,g13_00020_11.tif
6202551,0,0.0,g13_00020_11.tif
6202552,0,0.0,g13_00020_11.tif
6202553,0,0.0,g13_00020_11.tif
6212710,1,0.4195,g13_00020_11.tif
6212713,1,0.64,g13_00020_11.tif
6212719,1,0.5075,g13_00020_11.tif
6212724,1,0.5068,g13_00020_11.tif
6212725,1,0.4603,g13_00020_11.tif
6212727,2,0.3672,g13_00020_11.tif
6226115,2,0.5513,g13_00020_11.tif
6226118,1,0.5212,g13_00020_11.tif
6226120,1,0.4975,g13_00020_11.tif
6226356,1,0.7089,g13_00020_11.tif
6226406,1,0.022,g13_00020_11.tif
6250828,0,0.0,g13_00020_11.tif
6250829,0,0.0,g13_00020_11.tif
6304000,0,0.0,g13_00020_11.tif
6304001,0,0.0,g13_00020_11.tif
6304731,1,0.6719,g13_00020_11.tif
6304733,0,0.0,g13_00020_11.tif
6304739,1,0.5899,g13_00020_11.tif
6304808,0,0.0,g13_00020_11.tif
6366435,0,0.0,g13_00020_11.tif
6366436,0,0.0,g13_00020_11.tif
6366437,0,0.0,g13_00020_11.tif
6366438,1,0.5191,g13_00020_11.tif
6399301,0,0.0,g13_00020_11.tif
6399302,1,0.4037,g13_00020_11.tif
6399305,2,0.2338,g13_00020_11.tif
6399482,1,0.0148,g13_00020_11.tif
6475324,1,0.447,g13_00020_11.tif
6500740,1,0.2537,g13_00020_11.tif
6577590,0,0.0,g13_00020_11.tif
6577591,0,0.0,g13_00020_11.tif
6577593,0,0.0,g13_00020_11.tif
6599037,1,0.4348,g13_00020_11.tif
6602195,1,0.438,g13_00020_11.tif
6615084,1,0.7062,g13_00020_11.tif
6615093,2,0.2087,g13_00020_11.tif
6615099,0,0.0,g13_00020_11.tif
6615102,0,0.0,g13_00020_11.tif
6615103,1,0.4899,g13_00020_11.tif
6676886,1,0.5152,g13_00020_11.tif
6685843,0,0.0,g13_00020_11.tif
6686730,2,0.2444,g13_00020_11.tif
6693590,1,0.5168,g13_00020_11.tif
6700486,1,0.4037,g13_00020_11.tif
6741679,0,0.0,g13_00020_11.tif
6748714,0,0.0,g13_00020_11.tif
6800015,0,0.0,g13_00020_11.tif
6800018,0,0.0,g13_00020_11.tif
6800027,0,0.0,g13_00020_11.tif
6955936,2,0.1869,g13_00020_11.tif
6955948,1,0.7006,g13_00020_11.tif
6955953,1,0.5413,g13_00020_11.tif
6955965,1,0.5193,g13_00020_11.tif
6955967,0,0.0,g13_00020_11.tif
6091665,2,0.4518,g13_00020_12.tif
6120344,1,0.6357,g13_00020_12.tif
6120345,1,0.1897,g13_00020_12.tif
6120347,0,0.0,g13_00020_12.tif
6120348,0,0.0,g13_00020_12.tif
6120349,0,0.0,g13_00020_12.tif
6131482,0,0.0,g13_00020_12.tif
6131483,0,0.0,g13_00020_12.tif
6131488,1,0.1403,g13_00020_12.tif
6140287,0,0.0,g13_00020_12.tif
6140289,1,0.4661,g13_00020_12.tif
6140342,1,0.6406,g13_00020_12.tif
6144834,1,0.6204,g13_00020_12.tif
6149353,1,0.8732,g13_00020_12.tif
6149355,1,0.7051,g13_00020_12.tif
6190872,0,0.0,g13_00020_12.tif
6207600,1,0.2048,g13_00020_12.tif
6207601,0,0.0,g13_00020_12.tif
6207602,1,0.5064,g13_00020_12.tif
6207620,0,0.0,g13_00020_12.tif
6207654,0,0.0,g13_00020_12.tif
6211399,1,0.6952,g13_00020_12.tif
6254402,1,0.4896,g13_00020_12.tif
6254403,0,0.0,g13_00020_12.tif
6254404,0,0.0,g13_00020_12.tif
6254405,0,0.0,g13_00020_12.tif
6254406,0,0.0,g13_00020_12.tif
6254407,0,0.0,g13_00020_12.tif
6254412,1,0.2857,g13_00020_12.tif
6254629,0,0.0,g13_00020_12.tif
6254648,0,0.0,g13_00020_12.tif
6279236,0,0.0,g13_00020_12.tif
6279239,0,0.0,g13_00020_12.tif
6280192,0,0.0,g13_00020_12.tif
6280251,0,0.0,g13_00020_12.tif
6284505,1,0.5147,g13_00020_12.tif
6284506,0,0.0,g13_00020_12.tif
6284507,1,0.387,g13_00020_12.tif
6302989,1,0.5,g13_00020_12.tif
6302990,1,0.5226,g13_00020_12.tif
6302991,1,0.4737,g13_00020_12.tif
6302994,0,0.0,g13_00020_12.tif
6302998,0,0.0,g13_00020_12.tif
6302999,1,0.4825,g13_00020_12.tif
6303000,1,0.36,g13_00020_12.tif
6303059,0,0.0,g13_00020_12.tif
6303084,0,0.0,g13_00020_12.tif
6312254,2,0.2545,g13_00020_12.tif
6312257,1,0.1368,g13_00020_12.tif
6312260,1,0.1957,g13_00020_12.tif
6312261,0,0.0,g13_00020_12.tif
6312262,0,0.0,g13_00020_12.tif
6312263,0,0.0,g13_00020_12.tif
6312264,0,0.0,g13_00020_12.tif
6312265,0,0.0,g13_00020_12.tif
6312266,1,0.299,g13_00020_12.tif
6312267,1,0.2222,g13_00020_12.tif
6347966,0,0.0,g13_00020_12.tif
6347969,1,0.2294,g13_00020_12.tif
6347971,1,0.4624,g13_00020_12.tif
6347976,1,0.5575,g13_00020_12.tif
6348037,0,0.0,g13_00020_12.tif
6353369,1,0.3218,g13_00020_12.tif
6353373,0,0.0,g13_00020_12.tif
6353374,0,0.0,g13_00020_12.tif
6366439,1,0.4079,g13_00020_12.tif
6366443,0,0.0,g13_00020_12.tif
6366444,1,0.1603,g13_00020_12.tif
6366447,0,0.0,g13_00020_12.tif
6369143,0,0.0,g13_00020_12.tif
6405375,1,0.8262,g13_00020_12.tif
6405382,2,0.085,g13_00020_12.tif
6405383,0,0.0,g13_00020_12.tif
6405384,0,0.0,g13_00020_12.tif
6410196,1,0.6521,g13_00020_12.tif
6410205,1,0.1217,g13_00020_12.tif
6410207,0,0.0,g13_00020_12.tif
6410208,0,0.0,g13_00020_12.tif
6474341,2,0.7536,g13_00020_12.tif
6474344,2,0.2803,g13_00020_12.tif
6474345,0,0.0,g13_00020_12.tif
6474350,1,0.4467,g13_00020_12.tif
6486267,2,0.3761,g13_00020_12.tif
6500726,1,0.2648,g13_00020_12.tif
6500728,1,0.6193,g13_00020_12.tif
6500733,1,0.2854,g13_00020_12.tif
6500736,1,0.0072,g13_00020_12.tif
6500740,0,0.0,g13_00020_12.tif
6500788,1,0.0627,g13_00020_12.tif
6500792,1,0.0187,g13_00020_12.tif
6501079,1,0.5662,g13_00020_12.tif
6501103,2,0.3154,g13_00020_12.tif
6501575,0,0.0,g13_00020_12.tif
6577595,1,0.0966,g13_00020_12.tif
6584508,1,0.1818,g13_00020_12.tif
6590936,0,0.0,g13_00020_12.tif
6590943,1,0.1863,g13_00020_12.tif
6590944,1,0.2593,g13_00020_12.tif
6590945,1,0.5691,g13_00020_12.tif
6590946,0,0.0,g13_00020_12.tif
6599036,1,0.6581,g13_00020_12.tif
6599041,1,0.2125,g13_00020_12.tif
6599058,0,0.0,g13_00020_12.tif
6600369,0,0.0,g13_00020_12.tif
6600373,1,0.5135,g13_00020_12.tif
6600377,1,0.48,g13_00020_12.tif
6611143,1,0.347,g13_00020_12.tif
6620971,2,0.6306,g13_00020_12.tif
6645631,1,0.5966,g13_00020_12.tif
6685826,1,0.4023,g13_00020_12.tif
6686744,1,0.5724,g13_00020_12.tif
6686755,1,0.0073,g13_00020_12.tif
6700486,0,0.0,g13_00020_12.tif
6700488,1,0.4517,g13_00020_12.tif
6700492,1,0.6318,g13_00020_12.tif
6704739,1,0.6776,g13_00020_12.tif
6704740,1,0.4076,g13_00020_12.tif
6712308,2,0.5052,g13_00020_12.tif
6741681,1,0.5191,g13_00020_12.tif
6741686,0,0.0,g13_00020_12.tif
6744783,1,0.4227,g13_00020_12.tif
6748705,1,0.581,g13_00020_12.tif
6748709,1,0.4375,g13_00020_12.tif
6748711,0,0.0,g13_00020_12.tif
6748712,1,0.0229,g13_00020_12.tif
6748714,0,0.0,g13_00020_12.tif
6748715,0,0.0,g13_00020_12.tif
6748716,1,0.0577,g13_00020_12.tif
6748927,1,0.0597,g13_00020_12.tif
6867825,0,0.0,g13_00020_12.tif
6867827,1,0.4526,g13_00020_12.tif
6873475,0,0.0,g13_00020_12.tif
6873483,1,0.3305,g13_00020_12.tif
6873487,1,0.3069,g13_00020_12.tif
6873505,1,0.4216,g13_00020_12.tif
6873506,1,0.4925,g13_00020_12.tif
6881235,1,0.5423,g13_00020_12.tif
6955927,2,0.2003,g13_00020_12.tif
7047216,1,0.5896,g13_00020_12.tif
7047230,1,0.5368,g13_00020_12.tif
7047234,0,0.0,g13_00020_12.tif
6176617,0,0.0,g13_00023_3.tif
6176621,0,0.0,g13_00023_3.tif
6176622,0,0.0,g13_00023_3.tif
6180101,0,0.0,g13_00023_3.tif
6180102,0,0.0,g13_00023_3.tif
6180437,0,0.0,g13_00023_3.tif
6180488,0,0.0,g13_00023_3.tif
6192938,0,0.0,g13_00023_3.tif
6192941,0,0.0,g13_00023_3.tif
6192943,0,0.0,g13_00023_3.tif
6194717,1,0.6512,g13_00023_3.tif
6194718,2,0.1953,g13_00023_3.tif
6194719,1,0.3574,g13_00023_3.tif
6194721,1,0.5753,g13_00023_3.tif
6194722,0,0.0,g13_00023_3.tif
6194724,0,0.0,g13_00023_3.tif
6194725,1,0.4746,g13_00023_3.tif
6194761,0,0.0,g13_00023_3.tif
6195192,1,0.6617,g13_00023_3.tif
6195193,1,0.6787,g13_00023_3.tif
6195197,0,0.0,g13_00023_3.tif
6195200,0,0.0,g13_00023_3.tif
6210159,0,0.0,g13_00023_3.tif
6210160,0,0.0,g13_00023_3.tif
6214751,2,0.3353,g13_00023_3.tif
6214753,0,0.0,g13_00023_3.tif
6250570,0,0.0,g13_00023_3.tif
6250571,0,0.0,g13_00023_3.tif
6250573,0,0.0,g13_00023_3.tif
6250575,0,0.0,g13_00023_3.tif
6250576,0,0.0,g13_00023_3.tif
6283647,1,0.4822,g13_00023_3.tif
6283648,0,0.0,g13_00023_3.tif
6283651,0,0.0,g13_00023_3.tif
6283689,2,0.5048,g13_00023_3.tif
6283691,1,0.4951,g13_00023_3.tif
6283704,1,0.5763,g13_00023_3.tif
6288707,0,0.0,g13_00023_3.tif
6288708,0,0.0,g13_00023_3.tif
6292192,0,0.0,g13_00023_3.tif
6292193,0,0.0,g13_00023_3.tif
6292195,0,0.0,g13_00023_3.tif
6292196,0,0.0,g13_00023_3.tif
6292333,2,0.315,g13_00023_3.tif
6292391,1,0.6553,g13_00023_3.tif
6315005,0,0.0,g13_00023_3.tif
6315006,0,0.0,g13_00023_3.tif
6341204,3,0.4058,g13_00023_3.tif
6341205,0,0.0,g13_00023_3.tif
6341208,0,0.0,g13_00023_3.tif
6341209,0,0.0,g13_00023_3.tif
6341210,0,0.0,g13_00023_3.tif
6359704,0,0.0,g13_00023_3.tif
6359705,1,0.573,g13_00023_3.tif
6359706,0,0.0,g13_00023_3.tif
6359707,0,0.0,g13_00023_3.tif
6359773,1,0.3451,g13_00023_3.tif
6389679,0,0.0,g13_00023_3.tif
6389680,1,0.4151,g13_00023_3.tif
6392298,0,0.0,g13_00023_3.tif
6392299,0,0.0,g13_00023_3.tif
6408866,0,0.0,g13_00023_3.tif
6456338,0,0.0,g13_00023_3.tif
6508736,1,0.6,g13_00023_3.tif
6595950,1,0.5312,g13_00023_3.tif
6599040,0,0.0,g13_00023_3.tif
6602220,0,0.0,g13_00023_3.tif
6602240,1,0.2065,g13_00023_3.tif
6602242,1,0.4503,g13_00023_3.tif
6686766,1,0.4,g13_00023_3.tif
6745274,1,0.7014,g13_00023_3.tif
6751102,0,0.0,g13_00023_3.tif
6859853,1,0.6353,g13_00023_3.tif
6859859,1,0.4749,g13_00023_3.tif
6859871,1,0.2124,g13_00023_3.tif
6859873,1,0.2067,g13_00023_3.tif
6912356,1,0.5514,g13_00023_3.tif
7051287,0,0.0,g13_00023_3.tif
7051290,0,0.0,g13_00023_3.tif
6140005,0,0.0,g13_00023_4.tif
6140007,0,0.0,g13_00023_4.tif
6173757,0,0.0,g13_00023_4.tif
6173763,0,0.0,g13_00023_4.tif
6173972,0,0.0,g13_00023_4.tif
6178970,0,0.0,g13_00023_4.tif
6180099,0,0.0,g13_00023_4.tif
6210159,0,0.0,g13_00023_4.tif
6210160,0,0.0,g13_00023_4.tif
6212184,1,0.6217,g13_00023_4.tif
6238591,1,0.255,g13_00023_4.tif
6238594,0,0.0,g13_00023_4.tif
6238596,0,0.0,g13_00023_4.tif
6238597,0,0.0,g13_00023_4.tif
6254408,0,0.0,g13_00023_4.tif
6254409,1,0.1011,g13_00023_4.tif
6257204,0,0.0,g13_00023_4.tif
6257205,0,0.0,g13_00023_4.tif
6257207,1,0.6367,g13_00023_4.tif
6257208,1,0.4268,g13_00023_4.tif
6259769,0,0.0,g13_00023_4.tif
6259770,0,0.0,g13_00023_4.tif
6259778,0,0.0,g13_00023_4.tif
6280193,0,0.0,g13_00023_4.tif
6280194,0,0.0,g13_00023_4.tif
6302987,1,0.5168,g13_00023_4.tif
6302995,0,0.0,g13_00023_4.tif
6338983,1,0.2309,g13_00023_4.tif
6345687,0,0.0,g13_00023_4.tif
6345688,0,0.0,g13_00023_4.tif
6371419,1,0.6275,g13_00023_4.tif
6371422,1,0.225,g13_00023_4.tif
6391496,0,0.0,g13_00023_4.tif
6391497,0,0.0,g13_00023_4.tif
6391498,0,0.0,g13_00023_4.tif
6391501,1,0.3033,g13_00023_4.tif
6395062,1,0.6451,g13_00023_4.tif
6395065,0,0.0,g13_00023_4.tif
6395066,0,0.0,g13_00023_4.tif
6395068,0,0.0,g13_00023_4.tif
6395069,0,0.0,g13_00023_4.tif
6395071,0,0.0,g13_00023_4.tif
6395072,0,0.0,g13_00023_4.tif
6395697,0,0.0,g13_00023_4.tif
6395701,1,0.3571,g13_00023_4.tif
6395704,0,0.0,g13_00023_4.tif
6395783,1,0.0074,g13_00023_4.tif
6399566,0,0.0,g13_00023_4.tif
6399567,0,0.0,g13_00023_4.tif
6399576,0,0.0,g13_00023_4.tif
6399660,0,0.0,g13_00023_4.tif
6399775,0,0.0,g13_00023_4.tif
6411564,1,0.2529,g13_00023_4.tif
6411567,1,0.3628,g13_00023_4.tif
6411569,1,0.3901,g13_00023_4.tif
6411570,0,0.0,g13_00023_4.tif
6456338,0,0.0,g13_00023_4.tif
6577594,1,0.2282,g13_00023_4.tif
6584506,1,0.2522,g13_00023_4.tif
6599040,0,0.0,g13_00023_4.tif
6602068,1,0.4769,g13_00023_4.tif
6602210,1,0.2829,g13_00023_4.tif
6605610,0,0.0,g13_00023_4.tif
6671275,0,0.0,g13_00023_4.tif
6676877,0,0.0,g13_00023_4.tif
6676905,0,0.0,g13_00023_4.tif
6684241,0,0.0,g13_00023_4.tif
6684242,0,0.0,g13_00023_4.tif
6686730,1,0.517,g13_00023_4.tif
6686733,1,0.6644,g13_00023_4.tif
6686735,1,0.6408,g13_00023_4.tif
6686740,1,0.6063,g13_00023_4.tif
6686747,0,0.0,g13_00023_4.tif
6686749,1,0.451,g13_00023_4.tif
6686753,1,0.6698,g13_00023_4.tif
6686758,1,0.0513,g13_00023_4.tif
6686777,0,0.0,g13_00023_4.tif
6686778,1,0.5851,g13_00023_4.tif
6693596,0,0.0,g13_00023_4.tif
6693599,0,0.0,g13_00023_4.tif
6718697,0,0.0,g13_00023_4.tif
6718701,0,0.0,g13_00023_4.tif
6718702,0,0.0,g13_00023_4.tif
6718711,1,0.1557,g13_00023_4.tif
6718718,0,0.0,g13_00023_4.tif
6738717,1,0.311,g13_00023_4.tif
6738730,1,0.4,g13_00023_4.tif
6741682,1,0.1039,g13_00023_4.tif
6744786,1,0.4612,g13_00023_4.tif
6751102,0,0.0,g13_00023_4.tif
6873504,0,0.0,g13_00023_4.tif
6881129,1,0.515,g13_00023_4.tif
6947332,1,0.6772,g13_00023_4.tif
7077940,0,0.0,g13_00023_4.tif
7077946,0,0.0,g13_00023_4.tif
6116416,1,0.569,g13_00023_5.tif
6125329,0,0.0,g13_00023_5.tif
6125330,1,0.0481,g13_00023_5.tif
6131440,1,0.525,g13_00023_5.tif
6131443,0,0.0,g13_00023_5.tif
6178961,1,0.6291,g13_00023_5.tif
6178970,0,0.0,g13_00023_5.tif
6179104,1,0.2326,g13_00023_5.tif
6207600,1,0.6964,g13_00023_5.tif
6207602,1,0.2647,g13_00023_5.tif
6207654,0,0.0,g13_00023_5.tif
6211404,1,0.625,g13_00023_5.tif
6211405,0,0.0,g13_00023_5.tif
6211407,1,0.6094,g13_00023_5.tif
6211409,1,0.3451,g13_00023_5.tif
6211411,0,0.0,g13_00023_5.tif
6259219,1,0.7167,g13_00023_5.tif
6259221,1,0.5741,g13_00023_5.tif
6259223,1,0.2581,g13_00023_5.tif
6259224,1,0.0864,g13_00023_5.tif
6259762,1,0.6908,g13_00023_5.tif
6259778,2,0.2014,g13_00023_5.tif
6259779,1,0.3781,g13_00023_5.tif
6259780,1,0.1912,g13_00023_5.tif
6259783,1,0.6293,g13_00023_5.tif
6259785,1,0.6702,g13_00023_5.tif
6259787,1,0.1409,g13_00023_5.tif
6259876,1,0.069,g13_00023_5.tif
6318753,1,0.6317,g13_00023_5.tif
6323636,1,0.3041,g13_00023_5.tif
6323637,1,0.567,g13_00023_5.tif
6338981,1,0.4384,g13_00023_5.tif
6338982,0,0.0,g13_00023_5.tif
6338984,0,0.0,g13_00023_5.tif
6347965,1,0.4527,g13_00023_5.tif
6351936,1,0.2406,g13_00023_5.tif
6351948,0,0.0,g13_00023_5.tif
6371419,1,0.4221,g13_00023_5.tif
6375576,1,0.4815,g13_00023_5.tif
6375583,0,0.0,g13_00023_5.tif
6375584,0,0.0,g13_00023_5.tif
6375585,1,0.435,g13_00023_5.tif
6389673,2,0.4182,g13_00023_5.tif
6484412,0,0.0,g13_00023_5.tif
6577594,1,0.1856,g13_00023_5.tif
6657943,0,0.0,g13_00023_5.tif
6676861,1,0.6187,g13_00023_5.tif
6676873,1,0.742,g13_00023_5.tif
6676877,1,0.5357,g13_00023_5.tif
6676881,2,0.3152,g13_00023_5.tif
6676902,1,0.6719,g13_00023_5.tif
6676904,0,0.0,g13_00023_5.tif
6676905,0,0.0,g13_00023_5.tif
6676906,1,0.4235,g13_00023_5.tif
6686701,0,0.0,g13_00023_5.tif
6686705,0,0.0,g13_00023_5.tif
6686716,1,0.7039,g13_00023_5.tif
6686726,1,0.6467,g13_00023_5.tif
6686727,0,0.0,g13_00023_5.tif
6686740,1,0.04,g13_00023_5.tif
6686747,1,0.7547,g13_00023_5.tif
6686758,1,0.484,g13_00023_5.tif
6686760,1,0.5862,g13_00023_5.tif
6686762,0,0.0,g13_00023_5.tif
6686775,1,0.2644,g13_00023_5.tif
6686837,2,0.1445,g13_00023_5.tif
6686876,1,0.5946,g13_00023_5.tif
6712317,2,0.342,g13_00023_5.tif
6712325,0,0.0,g13_00023_5.tif
6712638,1,0.2887,g13_00023_5.tif
6717435,0,0.0,g13_00023_5.tif
6718711,1,0.7899,g13_00023_5.tif
6744778,1,0.4253,g13_00023_5.tif
6873466,1,0.5511,g13_00023_5.tif
6873508,1,0.6347,g13_00023_5.tif
6876739,0,0.0,g13_00023_5.tif
6876740,0,0.0,g13_00023_5.tif
6947279,2,0.5664,g13_00023_5.tif
6947352,0,0.0,g13_00023_5.tif
6947412,1,0.5658,g13_00023_5.tif
6593532,0,0.0,g13_00026_17.tif
6593730,0,0.0,g13_00026_17.tif
6177380,0,0.0,g13_00026_18.tif
6177382,0,0.0,g13_00026_18.tif
6230989,0,0.0,g13_00026_18.tif
6230991,0,0.0,g13_00026_18.tif
6396910,0,0.0,g13_00026_18.tif
6483481,0,0.0,g13_00026_18.tif
6593537,0,0.0,g13_00026_18.tif
6253290,0,0.0,g13_00029_10.tif
6261267,0,0.0,g13_00029_10.tif
6854894,0,0.0,g13_00029_10.tif
6170105,0,0.0,g13_00029_11.tif
6170106,0,0.0,g13_00029_11.tif
6170107,0,0.0,g13_00029_11.tif
6172162,0,0.0,g13_00029_11.tif
6172163,0,0.0,g13_00029_11.tif
6177382,0,0.0,g13_00029_11.tif
6243140,0,0.0,g13_00029_11.tif
6396905,0,0.0,g13_00029_11.tif
6396906,0,0.0,g13_00029_11.tif
6396907,0,0.0,g13_00029_11.tif
6396910,0,0.0,g13_00029_11.tif
6396985,0,0.0,g13_00029_11.tif
6489830,0,0.0,g13_00029_11.tif
6139440,0,0.0,g13_00031_14.tif
6139441,0,0.0,g13_00031_14.tif
6522422,0,0.0,g13_00031_14.tif
6522423,0,0.0,g13_00031_14.tif
6522433,0,0.0,g13_00031_14.tif
6834016,0,0.0,g13_00031_14.tif
6834210,0,0.0,g13_00031_14.tif
6611149,0,0.0,g13_00032_5.tif
6685069,0,0.0,g13_00032_5.tif
6787546,0,0.0,g13_00032_5.tif
6231450,0,0.0,g13_00032_6.tif
6231451,0,0.0,g13_00032_6.tif
6237426,0,0.0,g13_00032_6.tif
6289716,0,0.0,g13_00032_6.tif
6685069,0,0.0,g13_00032_6.tif
6685636,0,0.0,g13_00032_6.tif
6204997,0,0.0,g13_00032_7.tif
6204998,0,0.0,g13_00032_7.tif
6205000,0,0.0,g13_00032_7.tif
6234310,0,0.0,g13_00032_7.tif
6235734,0,0.0,g13_00032_7.tif
6235743,0,0.0,g13_00032_7.tif
6240851,0,0.0,g13_00032_7.tif
6276548,0,0.0,g13_00032_7.tif
6418828,0,0.0,g13_00032_7.tif
6442954,0,0.0,g13_00032_7.tif
6442961,0,0.0,g13_00032_7.tif
6157871,0,0.0,g13_00033_1.tif
6200452,1,0.6364,g13_00033_1.tif
6200455,1,0.3821,g13_00033_1.tif
6284038,1,0.6155,g13_00033_1.tif
6284041,1,0.2319,g13_00033_1.tif
6284042,0,0.0,g13_00033_1.tif
6284165,1,0.4298,g13_00033_1.tif
6290736,1,0.8046,g13_00033_1.tif
6290738,1,0.7398,g13_00033_1.tif
6290743,1,0.334,g13_00033_1.tif
6290750,1,0.6264,g13_00033_1.tif
6290752,0,0.0,g13_00033_1.tif
6290753,1,0.4506,g13_00033_1.tif
6290755,0,0.0,g13_00033_1.tif
6290756,1,0.5028,g13_00033_1.tif
6290766,1,0.0166,g13_00033_1.tif
6290779,1,0.6667,g13_00033_1.tif
6290781,0,0.0,g13_00033_1.tif
6434904,2,0.4893,g13_00033_1.tif
6434940,1,0.0054,g13_00033_1.tif
6434950,1,0.4136,g13_00033_1.tif
6437944,0,0.0,g13_00033_1.tif
6439232,1,0.5071,g13_00033_1.tif
6439233,1,0.2108,g13_00033_1.tif
6439236,1,0.375,g13_00033_1.tif
6439837,0,0.0,g13_00033_1.tif
6439854,1,0.3504,g13_00033_1.tif
6439865,1,0.4434,g13_00033_1.tif
6452221,1,0.4444,g13_00033_1.tif
6462808,2,0.4908,g13_00033_1.tif
6462832,1,0.738,g13_00033_1.tif
6462838,2,0.2779,g13_00033_1.tif
6462841,1,0.4695,g13_00033_1.tif
6462844,0,0.0,g13_00033_1.tif
6462845,0,0.0,g13_00033_1.tif
6462870,1,0.3103,g13_00033_1.tif
6476644,1,0.0259,g13_00033_1.tif
6478361,2,0.6219,g13_00033_1.tif
6478362,1,0.5212,g13_00033_1.tif
6480932,1,0.5381,g13_00033_1.tif
6480933,0,0.0,g13_00033_1.tif
6480934,1,0.0098,g13_00033_1.tif
6480937,1,0.5271,g13_00033_1.tif
6481026,0,0.0,g13_00033_1.tif
6492023,1,0.3333,g13_00033_1.tif
6492028,0,0.0,g13_00033_1.tif
6492029,1,0.5313,g13_00033_1.tif
6492032,1,0.6076,g13_00033_1.tif
6492040,1,0.1623,g13_00033_1.tif
6492041,1,0.4241,g13_00033_1.tif
6492042,0,0.0,g13_00033_1.tif
6492045,0,0.0,g13_00033_1.tif
6492375,0,0.0,g13_00033_1.tif
6493487,0,0.0,g13_00033_1.tif
6495415,1,0.5896,g13_00033_1.tif
6495417,1,0.3571,g13_00033_1.tif
6495430,2,0.102,g13_00033_1.tif
6495438,1,0.593,g13_00033_1.tif
6498782,3,0.7634,g13_00033_1.tif
6498787,2,0.4783,g13_00033_1.tif
6498791,1,0.5845,g13_00033_1.tif
6498802,1,0.4921,g13_00033_1.tif
6498806,0,0.0,g13_00033_1.tif
6498808,1,0.2969,g13_00033_1.tif
6498811,1,0.005,g13_00033_1.tif
6503736,0,0.0,g13_00033_1.tif
6528091,1,0.7984,g13_00033_1.tif
6528097,0,0.0,g13_00033_1.tif
6528100,0,0.0,g13_00033_1.tif
6528158,1,0.6296,g13_00033_1.tif
6560118,0,0.0,g13_00033_1.tif
6560120,1,0.3597,g13_00033_1.tif
6560121,2,0.0402,g13_00033_1.tif
6560123,1,0.448,g13_00033_1.tif
6562544,1,0.6348,g13_00033_1.tif
6562567,0,0.0,g13_00033_1.tif
6562574,0,0.0,g13_00033_1.tif
6562575,1,0.1974,g13_00033_1.tif
6564732,1,0.0054,g13_00033_1.tif
6569859,0,0.0,g13_00033_1.tif
6569865,1,0.032,g13_00033_1.tif
6571292,0,0.0,g13_00033_1.tif
6574956,0,0.0,g13_00033_1.tif
6585364,1,0.7254,g13_00033_1.tif
6585387,0,0.0,g13_00033_1.tif
6588394,4,0.1176,g13_00033_1.tif
6596920,2,0.3682,g13_00033_1.tif
6596922,1,0.5613,g13_00033_1.tif
6596927,1,0.4742,g13_00033_1.tif
6599688,0,0.0,g13_00033_1.tif
6603210,0,0.0,g13_00033_1.tif
6624910,1,0.1419,g13_00033_1.tif
6624911,1,0.8824,g13_00033_1.tif
6627828,0,0.0,g13_00033_1.tif
6632755,1,0.5977,g13_00033_1.tif
6642360,1,0.4602,g13_00033_1.tif
6642364,1,0.4118,g13_00033_1.tif
6642365,0,0.0,g13_00033_1.tif
6642366,0,0.0,g13_00033_1.tif
6673253,2,0.1032,g13_00033_1.tif
6698171,1,0.07,g13_00033_1.tif
6712600,1,0.6078,g13_00033_1.tif
6712620,1,0.7509,g13_00033_1.tif
6741716,2,0.6934,g13_00033_1.tif
6753003,1,0.4689,g13_00033_1.tif
6758717,2,0.4341,g13_00033_1.tif
6758719,2,0.2266,g13_00033_1.tif
6758720,1,0.6771,g13_00033_1.tif
6758724,0,0.0,g13_00033_1.tif
6758726,1,0.3681,g13_00033_1.tif
6758730,1,0.2034,g13_00033_1.tif
6758829,0,0.0,g13_00033_1.tif
6762048,1,0.4487,g13_00033_1.tif
6771200,2,0.2874,g13_00033_1.tif
6775142,1,0.2932,g13_00033_1.tif
6775154,1,0.5581,g13_00033_1.tif
6775161,1,0.073,g13_00033_1.tif
6777630,0,0.0,g13_00033_1.tif
6777917,0,0.0,g13_00033_1.tif
6780576,1,0.7217,g13_00033_1.tif
6780577,2,0.1825,g13_00033_1.tif
6780648,1,0.0901,g13_00033_1.tif
6785709,1,0.393,g13_00033_1.tif
6785723,1,0.3051,g13_00033_1.tif
6785726,2,0.0398,g13_00033_1.tif
6790115,1,0.4835,g13_00033_1.tif
6790772,0,0.0,g13_00033_1.tif
6790774,0,0.0,g13_00033_1.tif
6791316,0,0.0,g13_00033_1.tif
6791363,0,0.0,g13_00033_1.tif
6793107,1,0.4657,g13_00033_1.tif
6793110,1,0.5689,g13_00033_1.tif
6808536,2,0.2486,g13_00033_1.tif
6808537,1,0.5619,g13_00033_1.tif
6808540,1,0.4652,g13_00033_1.tif
6808966,1,0.0096,g13_00033_1.tif
6813616,1,0.7397,g13_00033_1.tif
6813617,1,0.7675,g13_00033_1.tif
6813618,0,0.0,g13_00033_1.tif
6813620,1,0.5127,g13_00033_1.tif
6813626,1,0.2374,g13_00033_1.tif
6813635,1,0.3596,g13_00033_1.tif
6862298,1,0.9164,g13_00033_1.tif
6894846,1,0.4167,g13_00033_1.tif
6894847,1,0.3554,g13_00033_1.tif
6894850,1,0.4588,g13_00033_1.tif
6894852,1,0.5,g13_00033_1.tif
6894854,1,0.0152,g13_00033_1.tif
6894856,1,0.6797,g13_00033_1.tif
6911154,0,0.0,g13_00033_1.tif
6911158,2,0.2549,g13_00033_1.tif
6911161,0,0.0,g13_00033_1.tif
6925601,0,0.0,g13_00033_1.tif
6936026,1,0.3176,g13_00033_1.tif
6936029,0,0.0,g13_00033_1.tif
6937289,1,0.7523,g13_00033_1.tif
6937290,3,0.3098,g13_00033_1.tif
6950864,0,0.0,g13_00033_1.tif
6980374,1,0.5457,g13_00033_1.tif
6980375,1,0.1967,g13_00033_1.tif
6980390,1,0.1,g13_00033_1.tif
6982216,1,0.1981,g13_00033_1.tif
6982218,1,0.7406,g13_00033_1.tif
6982224,1,0.5626,g13_00033_1.tif
6982226,1,0.31,g13_00033_1.tif
6982228,1,0.1364,g13_00033_1.tif
6996858,1,0.4516,g13_00033_1.tif
6996862,1,0.1783,g13_00033_1.tif
7003150,2,0.4832,g13_00033_1.tif
7003156,1,0.4443,g13_00033_1.tif
7003186,1,0.6138,g13_00033_1.tif
7003198,1,0.6056,g13_00033_1.tif
7003200,1,0.4059,g13_00033_1.tif
7003202,1,0.3804,g13_00033_1.tif
7003211,0,0.0,g13_00033_1.tif
7003237,1,0.1453,g13_00033_1.tif
7003239,1,0.5657,g13_00033_1.tif
7003240,0,0.0,g13_00033_1.tif
7006525,1,0.7399,g13_00033_1.tif
7006542,1,0.5144,g13_00033_1.tif
7020929,0,0.0,g13_00033_1.tif
7078005,0,0.0,g13_00033_1.tif
6289857,2,0.4898,g13_00033_2.tif
6290736,1,0.1333,g13_00033_2.tif
6290740,1,0.6972,g13_00033_2.tif
6290752,1,0.5967,g13_00033_2.tif
6290761,1,0.4255,g13_00033_2.tif
6290779,1,0.684,g13_00033_2.tif
6359391,1,0.4419,g13_00033_2.tif
6434944,1,0.1378,g13_00033_2.tif
6452221,1,0.3816,g13_00033_2.tif
6462831,1,0.5938,g13_00033_2.tif
6462867,0,0.0,g13_00033_2.tif
6476634,2,0.4306,g13_00033_2.tif
6492023,1,0.3706,g13_00033_2.tif
6492028,1,0.5427,g13_00033_2.tif
6492032,1,0.5287,g13_00033_2.tif
6492037,1,0.3017,g13_00033_2.tif
6492044,1,0.0571,g13_00033_2.tif
6493482,0,0.0,g13_00033_2.tif
6494428,0,0.0,g13_00033_2.tif
6494429,1,0.0243,g13_00033_2.tif
6494430,1,0.1346,g13_00033_2.tif
6494572,1,0.0019,g13_00033_2.tif
6495411,1,0.7358,g13_00033_2.tif
6495419,2,0.2134,g13_00033_2.tif
6495426,1,0.5731,g13_00033_2.tif
6495428,2,0.2936,g13_00033_2.tif
6495436,0,0.0,g13_00033_2.tif
6498790,1,0.4624,g13_00033_2.tif
6498795,2,0.136,g13_00033_2.tif
6498800,1,0.4029,g13_00033_2.tif
6498814,1,0.645,g13_00033_2.tif
6499508,1,0.2575,g13_00033_2.tif
6503731,2,0.2033,g13_00033_2.tif
6505032,0,0.0,g13_00033_2.tif
6508455,1,0.282,g13_00033_2.tif
6510315,1,0.602,g13_00033_2.tif
6510317,2,0.3349,g13_00033_2.tif
6510500,2,0.2751,g13_00033_2.tif
6510501,1,0.422,g13_00033_2.tif
6528091,1,0.622,g13_00033_2.tif
6528158,1,0.6554,g13_00033_2.tif
6560107,3,0.5339,g13_00033_2.tif
6560108,1,0.4759,g13_00033_2.tif
6560112,0,0.0,g13_00033_2.tif
6561843,1,0.2289,g13_00033_2.tif
6561844,1,0.2788,g13_00033_2.tif
6561845,1,0.2418,g13_00033_2.tif
6562558,1,0.1472,g13_00033_2.tif
6562567,1,0.0774,g13_00033_2.tif
6571283,0,0.0,g13_00033_2.tif
6576199,0,0.0,g13_00033_2.tif
6576200,1,0.2446,g13_00033_2.tif
6580325,2,0.4912,g13_00033_2.tif
6580326,1,0.4321,g13_00033_2.tif
6580339,0,0.0,g13_00033_2.tif
6582875,2,0.5731,g13_00033_2.tif
6583090,1,0.788,g13_00033_2.tif
6594437,1,0.6335,g13_00033_2.tif
6594440,1,0.4576,g13_00033_2.tif
6594442,1,0.4821,g13_00033_2.tif
6594447,0,0.0,g13_00033_2.tif
6594452,0,0.0,g13_00033_2.tif
6594516,0,0.0,g13_00033_2.tif
6594517,0,0.0,g13_00033_2.tif
6624911,1,0.597,g13_00033_2.tif
6624914,0,0.0,g13_00033_2.tif
6629333,3,0.16,g13_00033_2.tif
6629341,1,0.5189,g13_00033_2.tif
6642357,1,0.3145,g13_00033_2.tif
6712617,1,0.7509,g13_00033_2.tif
6719671,1,0.7289,g13_00033_2.tif
6720050,1,0.6267,g13_00033_2.tif
6720053,1,0.4212,g13_00033_2.tif
6720055,1,0.75,g13_00033_2.tif
6720065,1,0.4109,g13_00033_2.tif
6731665,1,0.6156,g13_00033_2.tif
6752988,3,0.5877,g13_00033_2.tif
6753000,2,0.0024,g13_00033_2.tif
6758721,2,0.3866,g13_00033_2.tif
6762056,0,0.0,g13_00033_2.tif
6771197,1,0.777,g13_00033_2.tif
6771199,1,0.6954,g13_00033_2.tif
6771265,1,0.6316,g13_00033_2.tif
6777627,1,0.5738,g13_00033_2.tif
6780541,1,0.669,g13_00033_2.tif
6780724,1,0.5894,g13_00033_2.tif
6800988,3,0.1719,g13_00033_2.tif
6800994,1,0.3113,g13_00033_2.tif
6800995,1,0.5944,g13_00033_2.tif
6813621,1,0.5128,g13_00033_2.tif
6813628,2,0.4543,g13_00033_2.tif
6813634,1,0.7087,g13_00033_2.tif
6862298,2,0.8955,g13_00033_2.tif
6911137,2,0.513,g13_00033_2.tif
6911142,4,0.2306,g13_00033_2.tif
6911147,1,0.4749,g13_00033_2.tif
6911161,1,0.5068,g13_00033_2.tif
6911162,1,0.4086,g13_00033_2.tif
6911166,1,0.4776,g13_00033_2.tif
6950866,1,0.3173,g13_00033_2.tif
6953917,1,0.4177,g13_00033_2.tif
6980376,1,0.2949,g13_00033_2.tif
6980569,1,0.0299,g13_00033_2.tif
6982225,1,0.6837,g13_00033_2.tif
6996859,0,0.0,g13_00033_2.tif
7003163,1,0.3735,g13_00033_2.tif
7003179,1,0.306,g13_00033_2.tif
7003196,1,0.2611,g13_00033_2.tif
7003198,1,0.1473,g13_00033_2.tif
7003211,1,0.1845,g13_00033_2.tif
7003217,0,0.0,g13_00033_2.tif
7006544,0,0.0,g13_00033_2.tif
7020538,0,0.0,g13_00033_2.tif
6104931,2,0.264,g13_00033_3.tif
6104932,0,0.0,g13_00033_3.tif
6106320,0,0.0,g13_00033_3.tif
6106321,0,0.0,g13_00033_3.tif
6106323,0,0.0,g13_00033_3.tif
6111046,1,0.4673,g13_00033_3.tif
6127310,1,0.5182,g13_00033_3.tif
6127311,1,0.2111,g13_00033_3.tif
6127313,0,0.0,g13_00033_3.tif
6127314,1,0.4394,g13_00033_3.tif
6165046,1,0.5545,g13_00033_3.tif
6178495,0,0.0,g13_00033_3.tif
6190600,0,0.0,g13_00033_3.tif
6249274,0,0.0,g13_00033_3.tif
6289861,0,0.0,g13_00033_3.tif
6370107,0,0.0,g13_00033_3.tif
6370121,0,0.0,g13_00033_3.tif
6400449,0,0.0,g13_00033_3.tif
6400450,0,0.0,g13_00033_3.tif
6411953,0,0.0,g13_00033_3.tif
6422454,1,0.4444,g13_00033_3.tif
6428040,0,0.0,g13_00033_3.tif
6437948,0,0.0,g13_00033_3.tif
6476634,1,0.6789,g13_00033_3.tif
6510099,0,0.0,g13_00033_3.tif
6510317,1,0.5169,g13_00033_3.tif
6510499,2,0.397,g13_00033_3.tif
6510500,0,0.0,g13_00033_3.tif
6557535,0,0.0,g13_00033_3.tif
6557537,0,0.0,g13_00033_3.tif
6557538,0,0.0,g13_00033_3.tif
6557542,1,0.1127,g13_00033_3.tif
6557544,1,0.3134,g13_00033_3.tif
6557546,1,0.1714,g13_00033_3.tif
6558205,2,0.2935,g13_00033_3.tif
6560119,0,0.0,g13_00033_3.tif
6563744,1,0.8284,g13_00033_3.tif
6563745,0,0.0,g13_00033_3.tif
6571283,0,0.0,g13_00033_3.tif
6571284,0,0.0,g13_00033_3.tif
6571285,1,0.5385,g13_00033_3.tif
6571286,1,0.1938,g13_00033_3.tif
6574389,0,0.0,g13_00033_3.tif
6576194,1,0.0141,g13_00033_3.tif
6576207,0,0.0,g13_00033_3.tif
6580327,0,0.0,g13_00033_3.tif
6593209,0,0.0,g13_00033_3.tif
6593210,1,0.4696,g13_00033_3.tif
6593222,1,0.0064,g13_00033_3.tif
6594430,0,0.0,g13_00033_3.tif
6594440,0,0.0,g13_00033_3.tif
6599679,1,0.6954,g13_00033_3.tif
6599682,1,0.2549,g13_00033_3.tif
6599687,0,0.0,g13_00033_3.tif
6606091,0,0.0,g13_00033_3.tif
6629333,0,0.0,g13_00033_3.tif
6629339,0,0.0,g13_00033_3.tif
6629341,0,0.0,g13_00033_3.tif
6652346,2,0.5897,g13_00033_3.tif
6652353,0,0.0,g13_00033_3.tif
6652354,0,0.0,g13_00033_3.tif
6661024,2,0.2667,g13_00033_3.tif
6661027,1,0.3862,g13_00033_3.tif
6670650,1,0.6792,g13_00033_3.tif
6670662,1,0.6,g13_00033_3.tif
6670671,0,0.0,g13_00033_3.tif
6670683,1,0.3314,g13_00033_3.tif
6670684,1,0.1522,g13_00033_3.tif
6712617,1,0.5938,g13_00033_3.tif
6712628,0,0.0,g13_00033_3.tif
6712629,0,0.0,g13_00033_3.tif
6712630,0,0.0,g13_00033_3.tif
6719676,1,0.6258,g13_00033_3.tif
6720043,2,0.4602,g13_00033_3.tif
6726961,0,0.0,g13_00033_3.tif
6726964,0,0.0,g13_00033_3.tif
6726997,0,0.0,g13_00033_3.tif
6731241,0,0.0,g13_00033_3.tif
6731242,0,0.0,g13_00033_3.tif
6731653,1,0.1753,g13_00033_3.tif
6731665,0,0.0,g13_00033_3.tif
6731669,1,0.4409,g13_00033_3.tif
6731670,1,0.4518,g13_00033_3.tif
6731673,0,0.0,g13_00033_3.tif
6780728,0,0.0,g13_00033_3.tif
6800988,0,0.0,g13_00033_3.tif
6800994,1,0.3118,g13_00033_3.tif
6800999,1,0.5299,g13_00033_3.tif
6813641,1,0.4478,g13_00033_3.tif
6813642,1,0.5,g13_00033_3.tif
6858389,0,0.0,g13_00033_3.tif
6858405,0,0.0,g13_00033_3.tif
6862298,1,0.8612,g13_00033_3.tif
6865965,2,0.1046,g13_00033_3.tif
6903995,0,0.0,g13_00033_3.tif
6904019,0,0.0,g13_00033_3.tif
6911140,1,0.179,g13_00033_3.tif
6911163,0,0.0,g13_00033_3.tif
6911165,1,0.278,g13_00033_3.tif
6911177,0,0.0,g13_00033_3.tif
6953912,1,0.6598,g13_00033_3.tif
6994421,0,0.0,g13_00033_3.tif
6994459,0,0.0,g13_00033_3.tif
7017509,0,0.0,g13_00033_3.tif
7017512,0,0.0,g13_00033_3.tif
7020481,1,0.7255,g13_00033_3.tif
7020496,1,0.7197,g13_00033_3.tif
7020499,1,0.5584,g13_00033_3.tif
7020503,0,0.0,g13_00033_3.tif
7020526,0,0.0,g13_00033_3.tif
7020549,1,0.2393,g13_00033_3.tif
7020553,0,0.0,g13_00033_3.tif
7020560,0,0.0,g13_00033_3.tif
7020580,1,0.2044,g13_00033_3.tif
7020590,0,0.0,g13_00033_3.tif
7061531,0,0.0,g13_00033_3.tif
7061532,0,0.0,g13_00033_3.tif
7061534,0,0.0,g13_00033_3.tif
7061535,0,0.0,g13_00033_3.tif
7080445,1,0.3069,g13_00033_3.tif
6272996,0,0.0,g13_00034_17.tif
6275152,1,0.5026,g13_00034_17.tif
6275290,0,0.0,g13_00034_17.tif
6275302,0,0.0,g13_00034_17.tif
6278770,0,0.0,g13_00034_17.tif
6600760,0,0.0,g13_00034_17.tif
6600764,0,0.0,g13_00034_17.tif
6601907,0,0.0,g13_00034_17.tif
6601908,0,0.0,g13_00034_17.tif
6605741,0,0.0,g13_00034_17.tif
6605743,0,0.0,g13_00034_17.tif
6890624,0,0.0,g13_00034_17.tif
6890625,0,0.0,g13_00034_17.tif
6890628,0,0.0,g13_00034_17.tif
6228950,0,0.0,g13_00034_18.tif
6600764,0,0.0,g13_00034_18.tif
6607404,0,0.0,g13_00034_18.tif
6890625,0,0.0,g13_00034_18.tif
6890628,0,0.0,g13_00034_18.tif
6131546,1,0.8685,g13_00034_3.tif
6131548,1,0.7094,g13_00034_3.tif
6131551,1,0.6263,g13_00034_3.tif
6252350,3,0.3024,g13_00034_3.tif
6252351,1,0.846,g13_00034_3.tif
6252352,1,0.4181,g13_00034_3.tif
6252353,0,0.0,g13_00034_3.tif
6252354,1,0.0383,g13_00034_3.tif
6326765,0,0.0,g13_00034_3.tif
6326766,0,0.0,g13_00034_3.tif
6340002,1,0.6824,g13_00034_3.tif
6340004,1,0.551,g13_00034_3.tif
6340007,0,0.0,g13_00034_3.tif
6340009,0,0.0,g13_00034_3.tif
6340047,0,0.0,g13_00034_3.tif
6340076,0,0.0,g13_00034_3.tif
6357335,1,0.3676,g13_00034_3.tif
6357337,0,0.0,g13_00034_3.tif
6357338,2,0.479,g13_00034_3.tif
6375640,1,0.4571,g13_00034_3.tif
6429720,1,0.2159,g13_00034_3.tif
6429721,0,0.0,g13_00034_3.tif
6429723,1,0.2479,g13_00034_3.tif
6429736,0,0.0,g13_00034_3.tif
6431018,3,0.3291,g13_00034_3.tif
6433361,1,0.381,g13_00034_3.tif
6433362,1,0.4731,g13_00034_3.tif
6433364,2,0.2208,g13_00034_3.tif
6433366,1,0.4444,g13_00034_3.tif
6433367,1,0.3373,g13_00034_3.tif
6470429,1,0.6693,g13_00034_3.tif
6470431,1,0.5484,g13_00034_3.tif
6475217,1,0.5253,g13_00034_3.tif
6475223,1,0.6042,g13_00034_3.tif
6514068,0,0.0,g13_00034_3.tif
6548430,1,0.5161,g13_00034_3.tif
6578769,1,0.8423,g13_00034_3.tif
6578775,1,0.7398,g13_00034_3.tif
6578776,0,0.0,g13_00034_3.tif
6578779,1,0.7769,g13_00034_3.tif
6578797,1,0.5931,g13_00034_3.tif
6578802,1,0.5341,g13_00034_3.tif
6578808,0,0.0,g13_00034_3.tif
6578822,1,0.6947,g13_00034_3.tif
6578826,0,0.0,g13_00034_3.tif
6613301,1,0.7915,g13_00034_3.tif
6613302,1,0.7666,g13_00034_3.tif
6613305,1,0.7642,g13_00034_3.tif
6613306,2,0.4837,g13_00034_3.tif
6613310,1,0.729,g13_00034_3.tif
6613313,2,0.4905,g13_00034_3.tif
6613316,1,0.6456,g13_00034_3.tif
6613325,1,0.1983,g13_00034_3.tif
6613326,0,0.0,g13_00034_3.tif
6613329,2,0.3109,g13_00034_3.tif
6613331,1,0.3865,g13_00034_3.tif
6613336,1,0.4372,g13_00034_3.tif
6613850,0,0.0,g13_00034_3.tif
6626234,1,0.6551,g13_00034_3.tif
6626250,0,0.0,g13_00034_3.tif
6626378,1,0.6081,g13_00034_3.tif
6631817,0,0.0,g13_00034_3.tif
6674176,0,0.0,g13_00034_3.tif
6674179,1,0.623,g13_00034_3.tif
6674180,1,0.4095,g13_00034_3.tif
6674182,1,0.3086,g13_00034_3.tif
6674351,0,0.0,g13_00034_3.tif
6684219,0,0.0,g13_00034_3.tif
6690108,2,0.8015,g13_00034_3.tif
6690109,1,0.7793,g13_00034_3.tif
6690110,1,0.7521,g13_00034_3.tif
6690111,1,0.489,g13_00034_3.tif
6736079,1,0.834,g13_00034_3.tif
6736080,1,0.864,g13_00034_3.tif
6742428,1,0.7665,g13_00034_3.tif
6742444,0,0.0,g13_00034_3.tif
6742446,1,0.3101,g13_00034_3.tif
6804611,1,0.5792,g13_00034_3.tif
6804621,1,0.5652,g13_00034_3.tif
6804628,1,0.4109,g13_00034_3.tif
6842268,1,0.5947,g13_00034_3.tif
6846796,0,0.0,g13_00034_3.tif
6867128,1,0.1056,g13_00034_3.tif
6907711,0,0.0,g13_00034_3.tif
6913069,1,0.663,g13_00034_3.tif
6916147,1,0.5616,g13_00034_3.tif
6920856,0,0.0,g13_00034_3.tif
6925035,1,0.6865,g13_00034_3.tif
7028347,1,0.411,g13_00034_3.tif
7028349,0,0.0,g13_00034_3.tif
7028350,1,0.3936,g13_00034_3.tif
7055468,0,0.0,g13_00034_3.tif
7071038,1,0.6562,g13_00034_3.tif
6235364,0,0.0,g13_00034_5.tif
6235365,0,0.0,g13_00034_5.tif
6332699,0,0.0,g13_00034_5.tif
6351378,0,0.0,g13_00034_5.tif
6351379,0,0.0,g13_00034_5.tif
6351380,0,0.0,g13_00034_5.tif
6717319,0,0.0,g13_00034_5.tif
6322961,0,0.0,g13_00034_6.tif
6332699,0,0.0,g13_00034_6.tif
6411513,0,0.0,g13_00034_6.tif
6411519,0,0.0,g13_00034_6.tif
6472261,0,0.0,g13_00034_6.tif
6472264,0,0.0,g13_00034_6.tif
6472265,0,0.0,g13_00034_6.tif
6472267,0,0.0,g13_00034_6.tif
6472273,0,0.0,g13_00034_6.tif
6717319,0,0.0,g13_00034_6.tif
6987585,0,0.0,g13_00034_6.tif
6178185,0,0.0,g13_00034_7.tif
6228029,0,0.0,g13_00034_7.tif
6399910,0,0.0,g13_00034_7.tif
6411512,0,0.0,g13_00034_7.tif
6411513,0,0.0,g13_00034_7.tif
6411516,0,0.0,g13_00034_7.tif
6462423,0,0.0,g13_00034_7.tif
6462451,0,0.0,g13_00034_7.tif
6535508,0,0.0,g13_00034_7.tif
6834016,0,0.0,g13_00034_7.tif
6834210,0,0.0,g13_00034_7.tif
6878498,0,0.0,g13_00034_7.tif
6878502,0,0.0,g13_00034_7.tif
6987571,0,0.0,g13_00034_7.tif
6987583,0,0.0,g13_00034_7.tif
6148445,0,0.0,g13_00035_0.tif
6148451,0,0.0,g13_00035_0.tif
6149839,0,0.0,g13_00035_0.tif
6149840,0,0.0,g13_00035_0.tif
6149856,0,0.0,g13_00035_0.tif
6150901,0,0.0,g13_00035_0.tif
6150902,0,0.0,g13_00035_0.tif
6150906,0,0.0,g13_00035_0.tif
6150907,0,0.0,g13_00035_0.tif
6204998,0,0.0,g13_00035_0.tif
6240851,0,0.0,g13_00035_0.tif
6335488,0,0.0,g13_00035_0.tif
6335490,1,0.6263,g13_00035_0.tif
6335550,0,0.0,g13_00035_0.tif
6778230,0,0.0,g13_00035_0.tif
6787260,0,0.0,g13_00035_0.tif
6817925,0,0.0,g13_00035_0.tif
6821492,0,0.0,g13_00035_0.tif
6105478,1,0.7726,g13_00035_13.tif
6423333,1,0.7048,g13_00035_13.tif
6444163,1,0.3774,g13_00035_13.tif
6478364,1,0.3882,g13_00035_13.tif
6478526,1,0.0055,g13_00035_13.tif
6478750,0,0.0,g13_00035_13.tif
6487128,0,0.0,g13_00035_13.tif
6501533,2,0.7531,g13_00035_13.tif
6501534,1,0.5562,g13_00035_13.tif
6528096,1,0.3074,g13_00035_13.tif
6562533,1,0.2141,g13_00035_13.tif
6562582,1,0.5214,g13_00035_13.tif
6596923,1,0.4296,g13_00035_13.tif
6596925,1,0.5288,g13_00035_13.tif
6597646,0,0.0,g13_00035_13.tif
6600268,1,0.6503,g13_00035_13.tif
6607477,2,0.717,g13_00035_13.tif
6607478,2,0.7093,g13_00035_13.tif
6607480,2,0.1201,g13_00035_13.tif
6607600,1,0.4341,g13_00035_13.tif
6611060,1,0.3112,g13_00035_13.tif
6611062,1,0.5149,g13_00035_13.tif
6611064,1,0.3682,g13_00035_13.tif
6611068,1,0.2394,g13_00035_13.tif
6611078,1,0.5945,g13_00035_13.tif
6612016,1,0.5356,g13_00035_13.tif
6615147,1,0.6951,g13_00035_13.tif
6618718,1,0.8165,g13_00035_13.tif
6618720,1,0.5035,g13_00035_13.tif
6618722,1,0.6388,g13_00035_13.tif
6626861,1,0.7706,g13_00035_13.tif
6630723,1,0.1693,g13_00035_13.tif
6631508,1,0.2099,g13_00035_13.tif
6632874,1,0.7796,g13_00035_13.tif
6632877,2,0.6719,g13_00035_13.tif
6633060,3,0.183,g13_00035_13.tif
6633256,1,0.6349,g13_00035_13.tif
6635358,2,0.7476,g13_00035_13.tif
6635740,1,0.7533,g13_00035_13.tif
6635756,2,0.4344,g13_00035_13.tif
6642370,2,0.7557,g13_00035_13.tif
6642371,0,0.0,g13_00035_13.tif
6642372,1,0.6016,g13_00035_13.tif
6642471,1,0.7391,g13_00035_13.tif
6643878,1,0.6026,g13_00035_13.tif
6643880,1,0.0074,g13_00035_13.tif
6666388,1,0.2963,g13_00035_13.tif
6758719,0,0.0,g13_00035_13.tif
6758729,1,0.6886,g13_00035_13.tif
6758732,1,0.7042,g13_00035_13.tif
6768403,1,0.6364,g13_00035_13.tif
6771202,1,0.5867,g13_00035_13.tif
6772010,1,0.6983,g13_00035_13.tif
6775138,7,0.1651,g13_00035_13.tif
6775163,1,0.8426,g13_00035_13.tif
6780534,1,0.7661,g13_00035_13.tif
6780714,1,0.2983,g13_00035_13.tif
6780731,1,0.3823,g13_00035_13.tif
6790107,3,0.3357,g13_00035_13.tif
6790118,1,0.3305,g13_00035_13.tif
6790175,1,0.4502,g13_00035_13.tif
6808537,0,0.0,g13_00035_13.tif
6813618,1,0.556,g13_00035_13.tif
6862298,1,0.9674,g13_00035_13.tif
6862303,1,0.9439,g13_00035_13.tif
6895943,1,0.5182,g13_00035_13.tif
6895945,1,0.1832,g13_00035_13.tif
6895947,1,0.4664,g13_00035_13.tif
6917551,2,0.7551,g13_00035_13.tif
6936465,2,0.658,g13_00035_13.tif
6936466,1,0.4364,g13_00035_13.tif
7011787,1,0.8298,g13_00035_13.tif
7011893,0,0.0,g13_00035_13.tif
7081992,1,0.8485,g13_00035_13.tif
6126171,1,0.5856,g13_00035_14.tif
6126175,1,0.1908,g13_00035_14.tif
6174296,1,0.4793,g13_00035_14.tif
6184916,1,0.5062,g13_00035_14.tif
6197217,1,0.6844,g13_00035_14.tif
6306058,3,0.1956,g13_00035_14.tif
6306059,2,0.5466,g13_00035_14.tif
6306356,0,0.0,g13_00035_14.tif
6423327,1,0.2193,g13_00035_14.tif
6444163,0,0.0,g13_00035_14.tif
6452262,1,0.8246,g13_00035_14.tif
6452265,1,0.7342,g13_00035_14.tif
6452464,1,0.0109,g13_00035_14.tif
6478750,1,0.625,g13_00035_14.tif
6480113,1,0.7589,g13_00035_14.tif
6494416,1,0.7261,g13_00035_14.tif
6571280,0,0.0,g13_00035_14.tif
6571373,1,0.3953,g13_00035_14.tif
6576174,1,0.7764,g13_00035_14.tif
6576185,1,0.1175,g13_00035_14.tif
6577728,1,0.6633,g13_00035_14.tif
6578503,1,0.6173,g13_00035_14.tif
6599676,1,0.8879,g13_00035_14.tif
6599680,1,0.2242,g13_00035_14.tif
6599684,0,0.0,g13_00035_14.tif
6599685,1,0.5067,g13_00035_14.tif
6635335,1,0.4769,g13_00035_14.tif
6642356,1,0.6685,g13_00035_14.tif
6643871,1,0.4016,g13_00035_14.tif
6666405,1,0.3974,g13_00035_14.tif
6691878,1,0.7298,g13_00035_14.tif
6701223,0,0.0,g13_00035_14.tif
6721626,1,0.118,g13_00035_14.tif
6721627,0,0.0,g13_00035_14.tif
6721628,2,0.4343,g13_00035_14.tif
6782504,1,0.2644,g13_00035_14.tif
6795320,1,0.861,g13_00035_14.tif
6862298,1,0.9696,g13_00035_14.tif
6862303,2,0.9635,g13_00035_14.tif
6869740,1,0.5062,g13_00035_14.tif
6917529,1,0.9005,g13_00035_14.tif
6917531,1,0.7955,g13_00035_14.tif
6917543,1,0.6849,g13_00035_14.tif
6941140,1,0.6337,g13_00035_14.tif
6966236,1,0.7987,g13_00035_14.tif
6109559,0,0.0,g13_00035_15.tif
6109562,1,0.6908,g13_00035_15.tif
6118057,1,0.7595,g13_00035_15.tif
6118058,1,0.4054,g13_00035_15.tif
6118059,0,0.0,g13_00035_15.tif
6118088,2,0.5521,g13_00035_15.tif
6118105,0,0.0,g13_00035_15.tif
6161882,1,0.6436,g13_00035_15.tif
6164251,1,0.1633,g13_00035_15.tif
6164355,0,0.0,g13_00035_15.tif
6164356,1,0.1694,g13_00035_15.tif
6174296,1,0.5672,g13_00035_15.tif
6189591,2,0.2472,g13_00035_15.tif
6214820,1,0.7225,g13_00035_15.tif
6214821,1,0.6167,g13_00035_15.tif
6214822,0,0.0,g13_00035_15.tif
6214881,1,0.178,g13_00035_15.tif
6215137,2,0.5355,g13_00035_15.tif
6249275,2,0.5272,g13_00035_15.tif
6249470,1,0.5308,g13_00035_15.tif
6249597,2,0.3525,g13_00035_15.tif
6280213,1,0.0635,g13_00035_15.tif
6280245,0,0.0,g13_00035_15.tif
6289858,1,0.3663,g13_00035_15.tif
6289866,1,0.2661,g13_00035_15.tif
6306058,1,0.6322,g13_00035_15.tif
6306063,1,0.3634,g13_00035_15.tif
6306356,2,0.3107,g13_00035_15.tif
6306519,1,0.2258,g13_00035_15.tif
6338476,3,0.3972,g13_00035_15.tif
6338478,1,0.4498,g13_00035_15.tif
6338480,0,0.0,g13_00035_15.tif
6338481,1,0.1159,g13_00035_15.tif
6338521,1,0.007,g13_00035_15.tif
6370955,0,0.0,g13_00035_15.tif
6370956,1,0.2917,g13_00035_15.tif
6370959,2,0.5592,g13_00035_15.tif
6375558,2,0.6158,g13_00035_15.tif
6375569,1,0.6412,g13_00035_15.tif
6400448,1,0.5343,g13_00035_15.tif
6452262,1,0.925,g13_00035_15.tif
6452265,0,0.0,g13_00035_15.tif
6452464,1,0.0045,g13_00035_15.tif
6469770,1,0.7199,g13_00035_15.tif
6510318,1,0.4667,g13_00035_15.tif
6510319,1,0.4845,g13_00035_15.tif
6557532,2,0.5843,g13_00035_15.tif
6557542,1,0.0681,g13_00035_15.tif
6557544,1,0.3614,g13_00035_15.tif
6557546,1,0.0957,g13_00035_15.tif
6571285,0,0.0,g13_00035_15.tif
6576185,1,0.5185,g13_00035_15.tif
6576191,1,0.6637,g13_00035_15.tif
6576193,1,0.4008,g13_00035_15.tif
6576197,1,0.5513,g13_00035_15.tif
6576205,1,0.0007,g13_00035_15.tif
6577728,1,0.5609,g13_00035_15.tif
6578503,1,0.4887,g13_00035_15.tif
6580327,0,0.0,g13_00035_15.tif
6593183,1,0.3887,g13_00035_15.tif
6593184,1,0.4607,g13_00035_15.tif
6593209,0,0.0,g13_00035_15.tif
6593210,1,0.7027,g13_00035_15.tif
6593222,0,0.0,g13_00035_15.tif
6594430,1,0.4198,g13_00035_15.tif
6599680,1,0.5729,g13_00035_15.tif
6599681,1,0.5367,g13_00035_15.tif
6599682,0,0.0,g13_00035_15.tif
6599684,1,0.7262,g13_00035_15.tif
6599687,0,0.0,g13_00035_15.tif
6599689,0,0.0,g13_00035_15.tif
6629340,1,0.5021,g13_00035_15.tif
6629342,1,0.3236,g13_00035_15.tif
6712633,1,0.836,g13_00035_15.tif
6720025,1,0.3315,g13_00035_15.tif
6720036,1,0.8352,g13_00035_15.tif
6721626,2,0.1615,g13_00035_15.tif
6721627,1,0.1444,g13_00035_15.tif
6721628,2,0.4914,g13_00035_15.tif
6731653,1,0.7844,g13_00035_15.tif
6731672,0,0.0,g13_00035_15.tif
6731673,0,0.0,g13_00035_15.tif
6780721,1,0.4188,g13_00035_15.tif
6780723,1,0.5905,g13_00035_15.tif
6780727,1,0.5208,g13_00035_15.tif
6780729,1,0.4257,g13_00035_15.tif
6781603,1,0.1862,g13_00035_15.tif
6781623,0,0.0,g13_00035_15.tif
6782501,2,0.7143,g13_00035_15.tif
6782503,1,0.8581,g13_00035_15.tif
6782504,0,0.0,g13_00035_15.tif
6782505,1,0.6924,g13_00035_15.tif
6782506,2,0.5468,g13_00035_15.tif
6782508,2,0.709,g13_00035_15.tif
6782509,1,0.7561,g13_00035_15.tif
6782515,1,0.4495,g13_00035_15.tif
6782516,1,0.1306,g13_00035_15.tif
6782777,1,0.0069,g13_00035_15.tif
6862298,1,0.876,g13_00035_15.tif
6862303,1,0.8657,g13_00035_15.tif
6869740,1,0.2891,g13_00035_15.tif
6911140,1,0.37,g13_00035_15.tif
6103317,1,0.2,g13_00036_15.tif
6141149,1,0.7239,g13_00036_15.tif
6141152,0,0.0,g13_00036_15.tif
6141163,1,0.4492,g13_00036_15.tif
6141164,0,0.0,g13_00036_15.tif
6141169,1,0.2262,g13_00036_15.tif
6300406,0,0.0,g13_00036_15.tif
6300460,0,0.0,g13_00036_15.tif
6300514,0,0.0,g13_00036_15.tif
6340059,1,0.4762,g13_00036_15.tif
6340065,1,0.34,g13_00036_15.tif
6340070,1,0.1092,g13_00036_15.tif
6340634,0,0.0,g13_00036_15.tif
6511506,1,0.031,g13_00036_15.tif
6511816,1,0.8173,g13_00036_15.tif
6511821,0,0.0,g13_00036_15.tif
6511822,0,0.0,g13_00036_15.tif
6514046,1,0.7303,g13_00036_15.tif
6514048,1,0.3953,g13_00036_15.tif
6514051,1,0.5414,g13_00036_15.tif
6514067,1,0.5018,g13_00036_15.tif
6514068,0,0.0,g13_00036_15.tif
6514074,1,0.551,g13_00036_15.tif
6514075,1,0.0357,g13_00036_15.tif
6578781,2,0.7131,g13_00036_15.tif
6578800,0,0.0,g13_00036_15.tif
6578807,0,0.0,g13_00036_15.tif
6578826,1,0.6393,g13_00036_15.tif
6591078,1,0.2455,g13_00036_15.tif
6623439,1,0.49,g13_00036_15.tif
6623442,1,0.3836,g13_00036_15.tif
6627282,1,0.2617,g13_00036_15.tif
6630983,1,0.1248,g13_00036_15.tif
6679878,1,0.7177,g13_00036_15.tif
6679881,0,0.0,g13_00036_15.tif
6679889,0,0.0,g13_00036_15.tif
6679893,1,0.0051,g13_00036_15.tif
6680249,1,0.5925,g13_00036_15.tif
6680250,1,0.6479,g13_00036_15.tif
6680251,0,0.0,g13_00036_15.tif
6684214,0,0.0,g13_00036_15.tif
6684217,0,0.0,g13_00036_15.tif
6687558,1,0.3793,g13_00036_15.tif
6721957,0,0.0,g13_00036_15.tif
6736079,1,0.9139,g13_00036_15.tif
6736080,1,0.8053,g13_00036_15.tif
6741903,1,0.0946,g13_00036_15.tif
6771234,1,0.7297,g13_00036_15.tif
6771240,1,0.5984,g13_00036_15.tif
6776724,1,0.3693,g13_00036_15.tif
6776732,1,0.2727,g13_00036_15.tif
6791113,2,0.4075,g13_00036_15.tif
6791115,2,0.6407,g13_00036_15.tif
6791168,1,0.5828,g13_00036_15.tif
6791178,0,0.0,g13_00036_15.tif
6791196,1,0.5234,g13_00036_15.tif
6791217,2,0.5,g13_00036_15.tif
6791218,2,0.2077,g13_00036_15.tif
6791219,1,0.3864,g13_00036_15.tif
6791221,1,0.3221,g13_00036_15.tif
6791222,1,0.1152,g13_00036_15.tif
6791224,0,0.0,g13_00036_15.tif
6800881,1,0.2794,g13_00036_15.tif
6801169,1,0.6016,g13_00036_15.tif
6801719,1,0.4886,g13_00036_15.tif
6815207,1,0.6669,g13_00036_15.tif
6815209,1,0.8849,g13_00036_15.tif
6815217,1,0.8813,g13_00036_15.tif
6815218,1,0.3144,g13_00036_15.tif
6815236,1,0.6595,g13_00036_15.tif
6815250,1,0.5269,g13_00036_15.tif
6815284,1,0.431,g13_00036_15.tif
6815287,1,0.6023,g13_00036_15.tif
6815288,1,0.5564,g13_00036_15.tif
6815290,1,0.4064,g13_00036_15.tif
6815291,1,0.1825,g13_00036_15.tif
6815293,1,0.3722,g13_00036_15.tif
6815294,1,0.4095,g13_00036_15.tif
6815295,1,0.5846,g13_00036_15.tif
6828871,1,0.7382,g13_00036_15.tif
6828888,0,0.0,g13_00036_15.tif
6828890,0,0.0,g13_00036_15.tif
6828895,0,0.0,g13_00036_15.tif
6845046,0,0.0,g13_00036_15.tif
6847445,0,0.0,g13_00036_15.tif
6847446,0,0.0,g13_00036_15.tif
6862060,2,0.7087,g13_00036_15.tif
6867133,1,0.5929,g13_00036_15.tif
6867134,1,0.3258,g13_00036_15.tif
6897923,1,0.0474,g13_00036_15.tif
6913066,1,0.6238,g13_00036_15.tif
6993526,1,0.0384,g13_00036_15.tif
6993531,1,0.5893,g13_00036_15.tif
6997446,1,0.4679,g13_00036_15.tif
6998907,1,0.4501,g13_00036_15.tif
7011921,0,0.0,g13_00036_15.tif
7012738,1,0.5902,g13_00036_15.tif
7014213,0,0.0,g13_00036_15.tif
7015008,1,0.1361,g13_00036_15.tif
6165058,0,0.0,g13_00036_17.tif
6165063,0,0.0,g13_00036_17.tif
6190330,0,0.0,g13_00036_17.tif
6321727,0,0.0,g13_00036_17.tif
6321732,0,0.0,g13_00036_17.tif
6321786,0,0.0,g13_00036_17.tif
6359062,0,0.0,g13_00036_17.tif
6359063,0,0.0,g13_00036_17.tif
6359064,0,0.0,g13_00036_17.tif
6367974,0,0.0,g13_00036_17.tif
6467749,0,0.0,g13_00036_17.tif
6467750,0,0.0,g13_00036_17.tif
6467752,0,0.0,g13_00036_17.tif
6527202,0,0.0,g13_00036_17.tif
6857915,0,0.0,g13_00036_17.tif
6093526,0,0.0,g13_00036_18.tif
6093533,0,0.0,g13_00036_18.tif
6153797,0,0.0,g13_00036_18.tif
6153898,0,0.0,g13_00036_18.tif
6158945,0,0.0,g13_00036_18.tif
6165065,0,0.0,g13_00036_18.tif
6174464,0,0.0,g13_00036_18.tif
6226842,0,0.0,g13_00036_18.tif
6226846,0,0.0,g13_00036_18.tif
6316769,0,0.0,g13_00036_18.tif
6914472,0,0.0,g13_00036_18.tif
6914473,0,0.0,g13_00036_18.tif
7019123,0,0.0,g13_00036_18.tif
6199428,0,0.0,g13_00037_0.tif
6484667,0,0.0,g13_00037_0.tif
6484669,0,0.0,g13_00037_0.tif
6485549,0,0.0,g13_00037_0.tif
6485550,0,0.0,g13_00037_0.tif
6485556,0,0.0,g13_00037_0.tif
6170802,0,0.0,g13_00037_10.tif
6186574,0,0.0,g13_00037_10.tif
6201802,0,0.0,g13_00037_10.tif
6201996,1,0.4875,g13_00037_10.tif
6202041,1,0.035,g13_00037_10.tif
6202063,1,0.7508,g13_00037_10.tif
6203910,0,0.0,g13_00037_10.tif
6289692,0,0.0,g13_00037_10.tif
6289694,0,0.0,g13_00037_10.tif
6289708,0,0.0,g13_00037_10.tif
6289942,0,0.0,g13_00037_10.tif
6290018,1,0.1167,g13_00037_10.tif
6290081,1,0.1263,g13_00037_10.tif
6395888,1,0.5935,g13_00037_10.tif
6395898,1,0.2081,g13_00037_10.tif
6407305,0,0.0,g13_00037_10.tif
6428185,0,0.0,g13_00037_10.tif
6428191,0,0.0,g13_00037_10.tif
6600772,0,0.0,g13_00037_10.tif
6622529,0,0.0,g13_00037_10.tif
6622530,0,0.0,g13_00037_10.tif
6622537,0,0.0,g13_00037_10.tif
6624148,1,0.7723,g13_00037_10.tif
6624149,0,0.0,g13_00037_10.tif
6624154,1,0.32,g13_00037_10.tif
6624158,0,0.0,g13_00037_10.tif
6624350,1,0.0124,g13_00037_10.tif
6624424,0,0.0,g13_00037_10.tif
6667031,0,0.0,g13_00037_10.tif
6667051,0,0.0,g13_00037_10.tif
6790150,0,0.0,g13_00037_10.tif
6790152,0,0.0,g13_00037_10.tif
6790155,0,0.0,g13_00037_10.tif
6790241,0,0.0,g13_00037_10.tif
6111429,0,0.0,g13_00037_11.tif
6395880,1,0.3163,g13_00037_11.tif
6395884,0,0.0,g13_00037_11.tif
6395890,1,0.575,g13_00037_11.tif
6428178,0,0.0,g13_00037_11.tif
6567219,0,0.0,g13_00037_11.tif
6573402,0,0.0,g13_00037_11.tif
6588855,0,0.0,g13_00037_11.tif
6620675,0,0.0,g13_00037_11.tif
6622531,0,0.0,g13_00037_11.tif
6667029,1,0.1043,g13_00037_11.tif
6667038,1,0.2933,g13_00037_11.tif
6978793,1,0.4129,g13_00037_11.tif
6978801,0,0.0,g13_00037_11.tif
6978804,0,0.0,g13_00037_11.tif
6978822,0,0.0,g13_00037_11.tif
6978823,1,0.5938,g13_00037_11.tif
6978847,0,0.0,g13_00037_11.tif
6978892,0,0.0,g13_00037_11.tif
7019364,1,0.3672,g13_00037_11.tif
7019365,1,0.6219,g13_00037_11.tif
7019368,1,0.6676,g13_00037_11.tif
7019372,0,0.0,g13_00037_11.tif
7019382,0,0.0,g13_00037_11.tif
7020765,0,0.0,g13_00037_11.tif
7055828,0,0.0,g13_00037_11.tif
6567219,0,0.0,g13_00037_12.tif
6665747,0,0.0,g13_00037_12.tif
6811437,0,0.0,g13_00037_12.tif
6811440,0,0.0,g13_00037_12.tif
6811441,0,0.0,g13_00037_12.tif
6811445,0,0.0,g13_00037_12.tif
6811450,0,0.0,g13_00037_12.tif
6817921,0,0.0,g13_00037_12.tif
6817922,1,0.4026,g13_00037_12.tif
6817995,0,0.0,g13_00037_12.tif
6997874,1,0.4062,g13_00037_12.tif
6997875,0,0.0,g13_00037_12.tif
6997876,0,0.0,g13_00037_12.tif
6997877,0,0.0,g13_00037_12.tif
7055828,0,0.0,g13_00037_12.tif
6109564,1,0.6138,g13_00038_6.tif
6130933,1,0.5484,g13_00038_6.tif
6140151,1,0.655,g13_00038_6.tif
6140154,1,0.0175,g13_00038_6.tif
6145059,1,0.0895,g13_00038_6.tif
6159400,1,0.5045,g13_00038_6.tif
6184914,2,0.5825,g13_00038_6.tif
6184915,1,0.5978,g13_00038_6.tif
6194333,1,0.1716,g13_00038_6.tif
6228023,1,0.6765,g13_00038_6.tif
6228220,0,0.0,g13_00038_6.tif
6237624,2,0.6975,g13_00038_6.tif
6237627,1,0.5714,g13_00038_6.tif
6269431,1,0.7763,g13_00038_6.tif
6269471,1,0.0108,g13_00038_6.tif
6269554,2,0.6763,g13_00038_6.tif
6361609,0,0.0,g13_00038_6.tif
6361612,1,0.6247,g13_00038_6.tif
6379456,1,0.6418,g13_00038_6.tif
6379458,1,0.6732,g13_00038_6.tif
6379541,0,0.0,g13_00038_6.tif
6379909,0,0.0,g13_00038_6.tif
6381066,1,0.5385,g13_00038_6.tif
6381938,1,0.7902,g13_00038_6.tif
6403146,0,0.0,g13_00038_6.tif
6403280,1,0.0906,g13_00038_6.tif
6423333,1,0.7596,g13_00038_6.tif
6431627,1,0.605,g13_00038_6.tif
6444162,1,0.7509,g13_00038_6.tif
6444163,0,0.0,g13_00038_6.tif
6444164,0,0.0,g13_00038_6.tif
6480177,1,0.8288,g13_00038_6.tif
6480179,1,0.8481,g13_00038_6.tif
6480180,1,0.7027,g13_00038_6.tif
6494413,1,0.6406,g13_00038_6.tif
6494415,1,0.7305,g13_00038_6.tif
6494535,1,0.5762,g13_00038_6.tif
6494536,1,0.186,g13_00038_6.tif
6541375,1,0.8708,g13_00038_6.tif
6576186,1,0.3795,g13_00038_6.tif
6600268,1,0.2931,g13_00038_6.tif
6607477,2,0.7194,g13_00038_6.tif
6607480,1,0.1887,g13_00038_6.tif
6607600,1,0.4127,g13_00038_6.tif
6611064,1,0.3562,g13_00038_6.tif
6611065,1,0.6647,g13_00038_6.tif
6611066,1,0.5659,g13_00038_6.tif
6611068,0,0.0,g13_00038_6.tif
6611080,2,0.4109,g13_00038_6.tif
6611084,1,0.6186,g13_00038_6.tif
6618718,1,0.6954,g13_00038_6.tif
6635358,1,0.4131,g13_00038_6.tif
6638051,1,0.6512,g13_00038_6.tif
6649088,1,0.8217,g13_00038_6.tif
6649089,1,0.8025,g13_00038_6.tif
6649121,1,0.8274,g13_00038_6.tif
6654300,1,0.5443,g13_00038_6.tif
6657262,2,0.7355,g13_00038_6.tif
6657265,1,0.4941,g13_00038_6.tif
6657282,1,0.0256,g13_00038_6.tif
6666388,1,0.7712,g13_00038_6.tif
6666396,1,0.8364,g13_00038_6.tif
6666398,1,0.7776,g13_00038_6.tif
6666407,0,0.0,g13_00038_6.tif
6666413,0,0.0,g13_00038_6.tif
6667534,0,0.0,g13_00038_6.tif
6673254,1,0.7111,g13_00038_6.tif
6691868,1,0.7024,g13_00038_6.tif
6691876,1,0.8279,g13_00038_6.tif
6701095,0,0.0,g13_00038_6.tif
6724494,1,0.5978,g13_00038_6.tif
6724495,1,0.6567,g13_00038_6.tif
6724892,0,0.0,g13_00038_6.tif
6741086,1,0.7897,g13_00038_6.tif
6741099,0,0.0,g13_00038_6.tif
6768406,1,0.6218,g13_00038_6.tif
6795328,1,0.6127,g13_00038_6.tif
6795331,0,0.0,g13_00038_6.tif
6813630,1,0.5856,g13_00038_6.tif
6819386,1,0.7355,g13_00038_6.tif
6819390,1,0.5801,g13_00038_6.tif
6819396,1,0.4361,g13_00038_6.tif
6819397,2,0.4283,g13_00038_6.tif
6842407,1,0.7973,g13_00038_6.tif
6842409,1,0.6883,g13_00038_6.tif
6842411,1,0.824,g13_00038_6.tif
6842600,2,0.6907,g13_00038_6.tif
6890209,2,0.4661,g13_00038_6.tif
6892006,1,0.8571,g13_00038_6.tif
6892015,1,0.6915,g13_00038_6.tif
6892020,1,0.6504,g13_00038_6.tif
6892024,1,0.2174,g13_00038_6.tif
6895917,1,0.7811,g13_00038_6.tif
6895921,1,0.0907,g13_00038_6.tif
6895943,1,0.572,g13_00038_6.tif
6916511,2,0.4685,g13_00038_6.tif
6917530,1,0.876,g13_00038_6.tif
6917544,1,0.5228,g13_00038_6.tif
6917547,0,0.0,g13_00038_6.tif
6917551,2,0.5481,g13_00038_6.tif
6925120,2,0.575,g13_00038_6.tif
6925125,1,0.2014,g13_00038_6.tif
6936442,0,0.0,g13_00038_6.tif
6936465,1,0.7173,g13_00038_6.tif
6936466,1,0.4828,g13_00038_6.tif
6941128,1,0.7273,g13_00038_6.tif
6941148,1,0.7068,g13_00038_6.tif
6941222,1,0.7452,g13_00038_6.tif
6966237,1,0.6408,g13_00038_6.tif
7019857,2,0.2452,g13_00038_6.tif
7033468,1,0.743,g13_00038_6.tif
7033471,1,0.6806,g13_00038_6.tif
7045314,1,0.4785,g13_00038_6.tif
7045315,1,0.6695,g13_00038_6.tif
7053332,1,0.899,g13_00038_6.tif
7081992,1,0.8824,g13_00038_6.tif
6126171,0,0.0,g13_00038_7.tif
6126175,0,0.0,g13_00038_7.tif
6126230,0,0.0,g13_00038_7.tif
6130418,1,0.663,g13_00038_7.tif
6130654,0,0.0,g13_00038_7.tif
6147123,1,0.5489,g13_00038_7.tif
6158926,0,0.0,g13_00038_7.tif
6159398,1,0.5168,g13_00038_7.tif
6159399,1,0.1195,g13_00038_7.tif
6159400,0,0.0,g13_00038_7.tif
6184916,1,0.4056,g13_00038_7.tif
6269240,0,0.0,g13_00038_7.tif
6269242,0,0.0,g13_00038_7.tif
6270828,1,0.6961,g13_00038_7.tif
6270904,1,0.6352,g13_00038_7.tif
6280091,1,0.6895,g13_00038_7.tif
6280213,0,0.0,g13_00038_7.tif
6360843,1,0.8807,g13_00038_7.tif
6379457,1,0.6684,g13_00038_7.tif
6423327,3,0.2168,g13_00038_7.tif
6431623,2,0.7057,g13_00038_7.tif
6431626,1,0.7606,g13_00038_7.tif
6431627,0,0.0,g13_00038_7.tif
6437594,2,0.8224,g13_00038_7.tif
6444163,1,0.6424,g13_00038_7.tif
6469751,1,0.8981,g13_00038_7.tif
6469755,1,0.1937,g13_00038_7.tif
6469759,1,0.2295,g13_00038_7.tif
6469760,1,0.6016,g13_00038_7.tif
6469773,1,0.356,g13_00038_7.tif
6478750,1,0.7165,g13_00038_7.tif
6480179,1,0.5893,g13_00038_7.tif
6494413,1,0.719,g13_00038_7.tif
6494416,0,0.0,g13_00038_7.tif
6494419,1,0.2203,g13_00038_7.tif
6499095,2,0.721,g13_00038_7.tif
6576174,1,0.7808,g13_00038_7.tif
6576176,1,0.8678,g13_00038_7.tif
6578503,0,0.0,g13_00038_7.tif
6581320,0,0.0,g13_00038_7.tif
6610264,1,0.7805,g13_00038_7.tif
6632757,0,0.0,g13_00038_7.tif
6638044,1,0.8669,g13_00038_7.tif
6638045,1,0.8206,g13_00038_7.tif
6638051,1,0.5983,g13_00038_7.tif
6642355,1,0.6907,g13_00038_7.tif
6649522,0,0.0,g13_00038_7.tif
6649523,0,0.0,g13_00038_7.tif
6654301,1,0.5364,g13_00038_7.tif
6655499,0,0.0,g13_00038_7.tif
6657266,2,0.5568,g13_00038_7.tif
6657271,1,0.6538,g13_00038_7.tif
6666388,1,0.8601,g13_00038_7.tif
6666405,1,0.6531,g13_00038_7.tif
6666412,1,0.7125,g13_00038_7.tif
6691876,1,0.5932,g13_00038_7.tif
6691878,1,0.6111,g13_00038_7.tif
6701083,1,0.7883,g13_00038_7.tif
6701223,2,0.427,g13_00038_7.tif
6712580,1,0.7755,g13_00038_7.tif
6713322,1,0.7582,g13_00038_7.tif
6713327,1,0.5559,g13_00038_7.tif
6713330,1,0.0172,g13_00038_7.tif
6717165,1,0.3529,g13_00038_7.tif
6731644,1,0.7816,g13_00038_7.tif
6731648,1,0.7808,g13_00038_7.tif
6795320,1,0.8412,g13_00038_7.tif
6807755,2,0.1337,g13_00038_7.tif
6807764,1,0.2644,g13_00038_7.tif
6869727,1,0.6966,g13_00038_7.tif
6869735,1,0.722,g13_00038_7.tif
6869743,1,0.6398,g13_00038_7.tif
6870746,1,0.1006,g13_00038_7.tif
6892299,1,0.8473,g13_00038_7.tif
6892316,1,0.8381,g13_00038_7.tif
6892360,0,0.0,g13_00038_7.tif
6917529,1,0.8968,g13_00038_7.tif
6917530,1,0.8369,g13_00038_7.tif
6917538,1,0.0533,g13_00038_7.tif
6918158,1,0.826,g13_00038_7.tif
6936423,1,0.7638,g13_00038_7.tif
6936435,1,0.5048,g13_00038_7.tif
6936436,1,0.5506,g13_00038_7.tif
6936437,1,0.8326,g13_00038_7.tif
6936926,1,0.0044,g13_00038_7.tif
6941128,2,0.7844,g13_00038_7.tif
6941133,1,0.6382,g13_00038_7.tif
6941134,1,0.6554,g13_00038_7.tif
6941136,1,0.661,g13_00038_7.tif
6941140,1,0.6822,g13_00038_7.tif
6941152,2,0.4735,g13_00038_7.tif
6966236,2,0.7906,g13_00038_7.tif
6985662,2,0.243,g13_00038_7.tif
6985697,1,0.0709,g13_00038_7.tif
6988129,1,0.7681,g13_00038_7.tif
7021385,1,0.9032,g13_00038_7.tif
7033467,1,0.7994,g13_00038_7.tif
7033474,1,0.7023,g13_00038_7.tif
7045215,1,0.7755,g13_00038_7.tif
7045216,1,0.6872,g13_00038_7.tif
7045311,1,0.6763,g13_00038_7.tif
7045314,1,0.4177,g13_00038_7.tif
7053311,1,0.6254,g13_00038_7.tif
7053312,2,0.8042,g13_00038_7.tif
7053332,1,0.8324,g13_00038_7.tif
7053516,1,0.8733,g13_00038_7.tif
7053517,1,0.636,g13_00038_7.tif
6109559,1,0.6854,g13_00038_8.tif
6109562,1,0.75,g13_00038_8.tif
6118060,1,0.1634,g13_00038_8.tif
6164251,1,0.3858,g13_00038_8.tif
6164252,1,0.5794,g13_00038_8.tif
6169855,0,0.0,g13_00038_8.tif
6255856,1,0.6297,g13_00038_8.tif
6280091,1,0.6087,g13_00038_8.tif
6280094,1,0.7376,g13_00038_8.tif
6280213,0,0.0,g13_00038_8.tif
6289854,1,0.7411,g13_00038_8.tif
6289855,1,0.7518,g13_00038_8.tif
6289858,1,0.6016,g13_00038_8.tif
6289864,1,0.2346,g13_00038_8.tif
6311638,1,0.6303,g13_00038_8.tif
6338477,1,0.7647,g13_00038_8.tif
6338478,1,0.4044,g13_00038_8.tif
6338479,1,0.423,g13_00038_8.tif
6352222,2,0.761,g13_00038_8.tif
6370959,1,0.7319,g13_00038_8.tif
6375563,1,0.791,g13_00038_8.tif
6375565,1,0.7163,g13_00038_8.tif
6375566,1,0.6819,g13_00038_8.tif
6375571,0,0.0,g13_00038_8.tif
6426287,1,0.7149,g13_00038_8.tif
6426293,1,0.4329,g13_00038_8.tif
6434498,2,0.593,g13_00038_8.tif
6437594,2,0.7282,g13_00038_8.tif
6437597,2,0.5,g13_00038_8.tif
6448682,2,0.7175,g13_00038_8.tif
6452220,1,0.7864,g13_00038_8.tif
6485310,1,0.723,g13_00038_8.tif
6488887,1,0.6216,g13_00038_8.tif
6493485,3,0.2258,g13_00038_8.tif
6499099,2,0.1408,g13_00038_8.tif
6510318,0,0.0,g13_00038_8.tif
6533293,2,0.67,g13_00038_8.tif
6564617,2,0.7553,g13_00038_8.tif
6564644,1,0.6949,g13_00038_8.tif
6576176,1,0.8257,g13_00038_8.tif
6576182,0,0.0,g13_00038_8.tif
6576184,1,0.5284,g13_00038_8.tif
6581272,1,0.6494,g13_00038_8.tif
6581292,1,0.4444,g13_00038_8.tif
6581301,1,0.2996,g13_00038_8.tif
6599677,2,0.6473,g13_00038_8.tif
6610267,1,0.2792,g13_00038_8.tif
6611046,2,0.6948,g13_00038_8.tif
6611050,2,0.1807,g13_00038_8.tif
6615122,2,0.3924,g13_00038_8.tif
6621945,1,0.8783,g13_00038_8.tif
6635868,1,0.8691,g13_00038_8.tif
6635869,2,0.535,g13_00038_8.tif
6655499,3,0.6301,g13_00038_8.tif
6662556,1,0.508,g13_00038_8.tif
6701091,1,0.6908,g13_00038_8.tif
6706858,1,0.8446,g13_00038_8.tif
6712580,2,0.8915,g13_00038_8.tif
6712585,2,0.5626,g13_00038_8.tif
6712586,1,0.8419,g13_00038_8.tif
6712597,1,0.3383,g13_00038_8.tif
6713321,1,0.5034,g13_00038_8.tif
6720040,1,0.6465,g13_00038_8.tif
6721585,1,0.7244,g13_00038_8.tif
6780725,1,0.5924,g13_00038_8.tif
6782506,2,0.725,g13_00038_8.tif
6782509,1,0.7529,g13_00038_8.tif
6782510,3,0.3062,g13_00038_8.tif
6782513,1,0.6641,g13_00038_8.tif
6782539,1,0.4068,g13_00038_8.tif
6782540,2,0.8021,g13_00038_8.tif
6782646,1,0.5037,g13_00038_8.tif
6785323,1,0.6667,g13_00038_8.tif
6810218,1,0.7818,g13_00038_8.tif
6810221,2,0.8353,g13_00038_8.tif
6810232,2,0.2209,g13_00038_8.tif
6812394,2,0.8209,g13_00038_8.tif
6813475,1,0.8937,g13_00038_8.tif
6819393,1,0.6,g13_00038_8.tif
6861937,1,0.8522,g13_00038_8.tif
6861990,1,0.9147,g13_00038_8.tif
6869727,2,0.7763,g13_00038_8.tif
6869743,1,0.5699,g13_00038_8.tif
6869745,1,0.5683,g13_00038_8.tif
6870746,1,0.0851,g13_00038_8.tif
6887246,1,0.8929,g13_00038_8.tif
6888555,1,0.5,g13_00038_8.tif
6888562,2,0.2665,g13_00038_8.tif
6889797,1,0.5424,g13_00038_8.tif
6889850,1,0.8114,g13_00038_8.tif
6892316,1,0.6446,g13_00038_8.tif
6892331,1,0.8381,g13_00038_8.tif
6892871,2,0.4746,g13_00038_8.tif
6917538,1,0.8048,g13_00038_8.tif
6917552,1,0.786,g13_00038_8.tif
6936435,1,0.504,g13_00038_8.tif
6936926,0,0.0,g13_00038_8.tif
7011786,0,0.0,g13_00038_8.tif
7021385,1,0.6796,g13_00038_8.tif
7021386,1,0.8411,g13_00038_8.tif
6103295,2,0.8017,g13_00039_8.tif
6103313,0,0.0,g13_00039_8.tif
6141138,1,0.7855,g13_00039_8.tif
6141145,2,0.4864,g13_00039_8.tif
6141151,1,0.6727,g13_00039_8.tif
6141155,0,0.0,g13_00039_8.tif
6141158,1,0.1071,g13_00039_8.tif
6141171,1,0.5697,g13_00039_8.tif
6296027,1,0.3182,g13_00039_8.tif
6321279,1,0.7764,g13_00039_8.tif
6340059,1,0.4845,g13_00039_8.tif
6340061,1,0.5641,g13_00039_8.tif
6340064,1,0.0081,g13_00039_8.tif
6511522,0,0.0,g13_00039_8.tif
6511818,1,0.812,g13_00039_8.tif
6511966,1,0.0556,g13_00039_8.tif
6511968,1,0.6105,g13_00039_8.tif
6512030,1,0.5873,g13_00039_8.tif
6512032,1,0.6558,g13_00039_8.tif
6514067,1,0.4,g13_00039_8.tif
6516971,0,0.0,g13_00039_8.tif
6548426,0,0.0,g13_00039_8.tif
6578793,1,0.1293,g13_00039_8.tif
6578819,2,0.065,g13_00039_8.tif
6603671,1,0.8293,g13_00039_8.tif
6603672,1,0.3878,g13_00039_8.tif
6603673,1,0.1783,g13_00039_8.tif
6610923,1,0.1897,g13_00039_8.tif
6630974,1,0.4189,g13_00039_8.tif
6630977,1,0.6675,g13_00039_8.tif
6630986,1,0.4191,g13_00039_8.tif
6630987,1,0.5051,g13_00039_8.tif
6679874,1,0.1068,g13_00039_8.tif
6679877,1,0.5096,g13_00039_8.tif
6679881,1,0.4126,g13_00039_8.tif
6679885,1,0.1626,g13_00039_8.tif
6679888,0,0.0,g13_00039_8.tif
6684198,2,0.3648,g13_00039_8.tif
6684203,3,0.4003,g13_00039_8.tif
6684211,2,0.6426,g13_00039_8.tif
6684214,1,0.1801,g13_00039_8.tif
6684217,0,0.0,g13_00039_8.tif
6687554,3,0.3233,g13_00039_8.tif
6687555,2,0.3786,g13_00039_8.tif
6687557,1,0.8245,g13_00039_8.tif
6773785,4,0.444,g13_00039_8.tif
6791107,1,0.8442,g13_00039_8.tif
6791115,1,0.6998,g13_00039_8.tif
6791117,4,0.5458,g13_00039_8.tif
6791126,1,0.7523,g13_00039_8.tif
6791138,1,0.7955,g13_00039_8.tif
6791139,1,0.4436,g13_00039_8.tif
6791161,1,0.2716,g13_00039_8.tif
6791164,1,0.6879,g13_00039_8.tif
6791211,1,0.7649,g13_00039_8.tif
6791220,1,0.1104,g13_00039_8.tif
6799311,1,0.7103,g13_00039_8.tif
6799319,0,0.0,g13_00039_8.tif
6799328,1,0.0016,g13_00039_8.tif
6799333,1,0.4224,g13_00039_8.tif
6800881,1,0.0847,g13_00039_8.tif
6801719,1,0.5844,g13_00039_8.tif
6802119,1,0.45,g13_00039_8.tif
6815191,1,0.7287,g13_00039_8.tif
6815192,1,0.7334,g13_00039_8.tif
6815193,1,0.8033,g13_00039_8.tif
6815205,1,0.5582,g13_00039_8.tif
6815213,0,0.0,g13_00039_8.tif
6815214,2,0.3064,g13_00039_8.tif
6815222,0,0.0,g13_00039_8.tif
6815231,1,0.7059,g13_00039_8.tif
6815267,1,0.0085,g13_00039_8.tif
6819849,3,0.6159,g13_00039_8.tif
6819944,2,0.4006,g13_00039_8.tif
6845041,3,0.5297,g13_00039_8.tif
6845042,1,0.6905,g13_00039_8.tif
6845046,1,0.7121,g13_00039_8.tif
6862048,1,0.8449,g13_00039_8.tif
6862173,3,0.8381,g13_00039_8.tif
6862202,1,0.7341,g13_00039_8.tif
6862221,1,0.769,g13_00039_8.tif
6913075,1,0.6114,g13_00039_8.tif
6913077,1,0.475,g13_00039_8.tif
6993498,2,0.7237,g13_00039_8.tif
6993504,1,0.8502,g13_00039_8.tif
6993509,3,0.3685,g13_00039_8.tif
6993516,0,0.0,g13_00039_8.tif
6993526,1,0.576,g13_00039_8.tif
7002189,1,0.0579,g13_00039_8.tif
7002195,1,0.8307,g13_00039_8.tif
7002203,0,0.0,g13_00039_8.tif
7002205,0,0.0,g13_00039_8.tif
7002209,1,0.7528,g13_00039_8.tif
7002423,1,0.1681,g13_00039_8.tif
7004034,0,0.0,g13_00039_8.tif
7004067,0,0.0,g13_00039_8.tif
7004079,0,0.0,g13_00039_8.tif
7011921,0,0.0,g13_00039_8.tif
7014213,0,0.0,g13_00039_8.tif
7014214,1,0.4455,g13_00039_8.tif
6109342,1,0.3381,g13_00040_10.tif
6109484,1,0.2941,g13_00040_10.tif
6111973,0,0.0,g13_00040_10.tif
6114202,0,0.0,g13_00040_10.tif
6114204,0,0.0,g13_00040_10.tif
6115472,0,0.0,g13_00040_10.tif
6115476,0,0.0,g13_00040_10.tif
6115999,1,0.4801,g13_00040_10.tif
6117486,1,0.7191,g13_00040_10.tif
6117843,0,0.0,g13_00040_10.tif
6173707,1,0.5973,g13_00040_10.tif
6178445,1,0.6096,g13_00040_10.tif
6178446,1,0.5468,g13_00040_10.tif
6178449,0,0.0,g13_00040_10.tif
6178451,1,0.6304,g13_00040_10.tif
6178453,0,0.0,g13_00040_10.tif
6178454,2,0.1161,g13_00040_10.tif
6178456,1,0.5032,g13_00040_10.tif
6178460,0,0.0,g13_00040_10.tif
6347767,1,0.4078,g13_00040_10.tif
6474742,1,0.6388,g13_00040_10.tif
6505604,0,0.0,g13_00040_10.tif
6514747,0,0.0,g13_00040_10.tif
6514752,0,0.0,g13_00040_10.tif
6582123,1,0.2012,g13_00040_10.tif
6582124,1,0.6138,g13_00040_10.tif
6582135,1,0.6749,g13_00040_10.tif
6582137,1,0.6272,g13_00040_10.tif
6582147,1,0.5089,g13_00040_10.tif
6582150,1,0.5225,g13_00040_10.tif
6582158,0,0.0,g13_00040_10.tif
6756441,1,0.8456,g13_00040_10.tif
6763487,0,0.0,g13_00040_10.tif
6794900,0,0.0,g13_00040_10.tif
6818904,1,0.6227,g13_00040_10.tif
6818905,1,0.5217,g13_00040_10.tif
6837891,0,0.0,g13_00040_10.tif
6837894,1,0.4579,g13_00040_10.tif
6916729,1,0.4259,g13_00040_10.tif
6992900,0,0.0,g13_00040_10.tif
6992903,1,0.7871,g13_00040_10.tif
6992920,1,0.6058,g13_00040_10.tif
6992927,0,0.0,g13_00040_10.tif
6992929,1,0.4774,g13_00040_10.tif
6992936,1,0.2414,g13_00040_10.tif
6992942,0,0.0,g13_00040_10.tif
6992943,1,0.6197,g13_00040_10.tif
6993274,0,0.0,g13_00040_10.tif
6993620,0,0.0,g13_00040_10.tif
7044925,1,0.3702,g13_00040_10.tif
6114200,1,0.5511,g13_00040_11.tif
6173708,1,0.3359,g13_00040_11.tif
6357693,1,0.5455,g13_00040_11.tif
6514734,2,0.3645,g13_00040_11.tif
6514746,1,0.6408,g13_00040_11.tif
6514747,1,0.5665,g13_00040_11.tif
6514748,2,0.3479,g13_00040_11.tif
6514749,1,0.588,g13_00040_11.tif
6514758,0,0.0,g13_00040_11.tif
6514760,1,0.1538,g13_00040_11.tif
6531463,1,0.6584,g13_00040_11.tif
6558182,0,0.0,g13_00040_11.tif
6558183,1,0.425,g13_00040_11.tif
6558186,0,0.0,g13_00040_11.tif
6558188,1,0.3431,g13_00040_11.tif
6558191,0,0.0,g13_00040_11.tif
6660158,1,0.5906,g13_00040_11.tif
6660160,1,0.7211,g13_00040_11.tif
6660179,1,0.1903,g13_00040_11.tif
6756446,1,0.7519,g13_00040_11.tif
6756466,1,0.1789,g13_00040_11.tif
6794918,1,0.0018,g13_00040_11.tif
6861895,2,0.5018,g13_00040_11.tif
6862097,1,0.849,g13_00040_11.tif
6110267,0,0.0,g13_00040_9.tif
6110269,1,0.7674,g13_00040_9.tif
6115993,0,0.0,g13_00040_9.tif
6115996,0,0.0,g13_00040_9.tif
6117484,0,0.0,g13_00040_9.tif
6117486,0,0.0,g13_00040_9.tif
6117516,2,0.7339,g13_00040_9.tif
6117535,0,0.0,g13_00040_9.tif
6117537,0,0.0,g13_00040_9.tif
6117836,0,0.0,g13_00040_9.tif
6117837,1,0.7682,g13_00040_9.tif
6117838,1,0.0697,g13_00040_9.tif
6117841,0,0.0,g13_00040_9.tif
6117851,1,0.0252,g13_00040_9.tif
6117978,1,0.0042,g13_00040_9.tif
6188331,1,0.7431,g13_00040_9.tif
6188346,0,0.0,g13_00040_9.tif
6298397,1,0.5197,g13_00040_9.tif
6298411,1,0.3931,g13_00040_9.tif
6342651,1,0.3923,g13_00040_9.tif
6342799,1,0.5183,g13_00040_9.tif
6474734,0,0.0,g13_00040_9.tif
6474735,0,0.0,g13_00040_9.tif
6474736,1,0.6473,g13_00040_9.tif
6702104,0,0.0,g13_00040_9.tif
6763468,1,0.2773,g13_00040_9.tif
6794900,0,0.0,g13_00040_9.tif
6794910,1,0.3515,g13_00040_9.tif
6794917,0,0.0,g13_00040_9.tif
6796023,1,0.567,g13_00040_9.tif
6796047,2,0.5413,g13_00040_9.tif
6818904,0,0.0,g13_00040_9.tif
7017156,0,0.0,g13_00040_9.tif
6103608,1,0.902,g13_00043_2.tif
6114199,1,0.6265,g13_00043_2.tif
6150089,1,0.4762,g13_00043_2.tif
6192019,1,0.8514,g13_00043_2.tif
6194323,0,0.0,g13_00043_2.tif
6194327,0,0.0,g13_00043_2.tif
6197158,1,0.6615,g13_00043_2.tif
6197159,0,0.0,g13_00043_2.tif
6233721,1,0.4986,g13_00043_2.tif
6285155,0,0.0,g13_00043_2.tif
6299590,1,0.75,g13_00043_2.tif
6299599,1,0.1341,g13_00043_2.tif
6367461,0,0.0,g13_00043_2.tif
6367495,0,0.0,g13_00043_2.tif
6367534,0,0.0,g13_00043_2.tif
6367591,1,0.4886,g13_00043_2.tif
6381201,1,0.9217,g13_00043_2.tif
6387956,1,0.6863,g13_00043_2.tif
6387960,1,0.7431,g13_00043_2.tif
6387964,1,0.7713,g13_00043_2.tif
6387971,0,0.0,g13_00043_2.tif
6404495,0,0.0,g13_00043_2.tif
6527282,1,0.6163,g13_00043_2.tif
6527283,3,0.1295,g13_00043_2.tif
6531432,1,0.6079,g13_00043_2.tif
6531464,1,0.6079,g13_00043_2.tif
6630470,2,0.8301,g13_00043_2.tif
6641467,1,0.7296,g13_00043_2.tif
6756422,1,0.4139,g13_00043_2.tif
6764580,1,0.7461,g13_00043_2.tif
6820365,1,0.8814,g13_00043_2.tif
6840405,1,0.3259,g13_00043_2.tif
6916728,0,0.0,g13_00043_2.tif
6930263,1,0.0036,g13_00043_2.tif
6985638,0,0.0,g13_00043_2.tif
6985642,1,0.5946,g13_00043_2.tif
6985658,1,0.8883,g13_00043_2.tif
7016238,1,0.8036,g13_00043_2.tif
6128503,1,0.5021,g13_00043_3.tif
6128508,1,0.526,g13_00043_3.tif
6178461,2,0.5326,g13_00043_3.tif
6178539,1,0.0037,g13_00043_3.tif
6194313,1,0.8187,g13_00043_3.tif
6194317,1,0.677,g13_00043_3.tif
6194320,0,0.0,g13_00043_3.tif
6194323,0,0.0,g13_00043_3.tif
6218804,0,0.0,g13_00043_3.tif
6219010,1,0.8155,g13_00043_3.tif
6219026,1,0.8016,g13_00043_3.tif
6221697,1,0.3214,g13_00043_3.tif
6221698,0,0.0,g13_00043_3.tif
6221700,0,0.0,g13_00043_3.tif
6221852,0,0.0,g13_00043_3.tif
6222908,0,0.0,g13_00043_3.tif
6222909,0,0.0,g13_00043_3.tif
6225383,0,0.0,g13_00043_3.tif
6225384,0,0.0,g13_00043_3.tif
6233721,1,0.6486,g13_00043_3.tif
6233722,1,0.5039,g13_00043_3.tif
6233723,1,0.3248,g13_00043_3.tif
6233724,0,0.0,g13_00043_3.tif
6245732,2,0.4099,g13_00043_3.tif
6285140,0,0.0,g13_00043_3.tif
6285141,0,0.0,g13_00043_3.tif
6285143,2,0.2767,g13_00043_3.tif
6285144,1,0.4713,g13_00043_3.tif
6285148,0,0.0,g13_00043_3.tif
6285149,1,0.4034,g13_00043_3.tif
6285154,1,0.4386,g13_00043_3.tif
6285155,1,0.4526,g13_00043_3.tif
6285158,0,0.0,g13_00043_3.tif
6285411,0,0.0,g13_00043_3.tif
6296796,2,0.7001,g13_00043_3.tif
6296853,2,0.3449,g13_00043_3.tif
6296874,1,0.0054,g13_00043_3.tif
6327061,1,0.8142,g13_00043_3.tif
6514733,1,0.8975,g13_00043_3.tif
6514737,2,0.5793,g13_00043_3.tif
6514738,1,0.7989,g13_00043_3.tif
6514745,0,0.0,g13_00043_3.tif
6514757,1,0.6135,g13_00043_3.tif
6514762,1,0.7701,g13_00043_3.tif
6630470,1,0.8829,g13_00043_3.tif
6660149,1,0.6202,g13_00043_3.tif
6660167,1,0.641,g13_00043_3.tif
6660169,1,0.1822,g13_00043_3.tif
6660172,0,0.0,g13_00043_3.tif
6660175,1,0.8979,g13_00043_3.tif
6660183,0,0.0,g13_00043_3.tif
6661741,1,0.8505,g13_00043_3.tif
6661764,1,0.8704,g13_00043_3.tif
6756422,1,0.8764,g13_00043_3.tif
6756430,1,0.5873,g13_00043_3.tif
6756435,1,0.6052,g13_00043_3.tif
6756463,1,0.6706,g13_00043_3.tif
6820365,1,0.8104,g13_00043_3.tif
6916723,1,0.6005,g13_00043_3.tif
6985658,1,0.8124,g13_00043_3.tif
6985741,0,0.0,g13_00043_3.tif
7077538,0,0.0,g13_00043_3.tif
7077539,0,0.0,g13_00043_3.tif
6164648,1,0.0048,g13_00043_4.tif
6164649,0,0.0,g13_00043_4.tif
6164650,1,0.7534,g13_00043_4.tif
6164653,0,0.0,g13_00043_4.tif
6164654,0,0.0,g13_00043_4.tif
6164817,3,0.1986,g13_00043_4.tif
6170221,1,0.5643,g13_00043_4.tif
6170237,0,0.0,g13_00043_4.tif
6218807,1,0.5056,g13_00043_4.tif
6222910,0,0.0,g13_00043_4.tif
6266455,1,0.8068,g13_00043_4.tif
6285144,1,0.3905,g13_00043_4.tif
6285146,1,0.7126,g13_00043_4.tif
6285149,0,0.0,g13_00043_4.tif
6285322,2,0.3898,g13_00043_4.tif
6357692,1,0.7088,g13_00043_4.tif
6357693,2,0.3708,g13_00043_4.tif
6357698,1,0.5957,g13_00043_4.tif
6410552,1,0.6471,g13_00043_4.tif
6514737,1,0.7208,g13_00043_4.tif
6514739,0,0.0,g13_00043_4.tif
6514741,1,0.6206,g13_00043_4.tif
6514745,1,0.3551,g13_00043_4.tif
6514750,1,0.618,g13_00043_4.tif
6514758,2,0.5533,g13_00043_4.tif
6514765,1,0.594,g13_00043_4.tif
6514766,1,0.6182,g13_00043_4.tif
6644256,0,0.0,g13_00043_4.tif
6644270,1,0.5951,g13_00043_4.tif
6644284,1,0.5847,g13_00043_4.tif
6660158,1,0.4887,g13_00043_4.tif
6660164,1,0.6941,g13_00043_4.tif
6660175,2,0.4822,g13_00043_4.tif
6660179,1,0.4447,g13_00043_4.tif
6756449,1,0.6737,g13_00043_4.tif
6756469,1,0.3759,g13_00043_4.tif
6756472,1,0.3307,g13_00043_4.tif
6836164,1,0.6214,g13_00043_4.tif
6916730,0,0.0,g13_00043_4.tif
6919721,0,0.0,g13_00043_4.tif
7050884,0,0.0,g13_00043_4.tif
7050885,0,0.0,g13_00043_4.tif
7050902,0,0.0,g13_00043_4.tif
6150089,1,0.7228,g13_00045_14.tif
6277952,1,0.6086,g13_00045_14.tif
6299599,1,0.1827,g13_00045_14.tif
6367461,1,0.5314,g13_00045_14.tif
6367495,2,0.1859,g13_00045_14.tif
6367534,1,0.2815,g13_00045_14.tif
6367591,1,0.8085,g13_00045_14.tif
6381201,1,0.6588,g13_00045_14.tif
6387948,1,0.8747,g13_00045_14.tif
6387949,1,0.8082,g13_00045_14.tif
6387951,1,0.7355,g13_00045_14.tif
6387970,1,0.8082,g13_00045_14.tif
6387971,1,0.7341,g13_00045_14.tif
6404495,1,0.5798,g13_00045_14.tif
6561635,1,0.8361,g13_00045_14.tif
6585238,1,0.7219,g13_00045_14.tif
6671295,1,0.7343,g13_00045_14.tif
6671296,1,0.7051,g13_00045_14.tif
6671303,1,0.6626,g13_00045_14.tif
6671338,1,0.8032,g13_00045_14.tif
6671368,1,0.8526,g13_00045_14.tif
6752735,0,0.0,g13_00045_14.tif
6759745,1,0.5405,g13_00045_14.tif
6796535,1,0.8074,g13_00045_14.tif
6796540,1,0.7393,g13_00045_14.tif
6796582,2,0.6943,g13_00045_14.tif
6796583,2,0.5861,g13_00045_14.tif
6919729,1,0.8665,g13_00045_14.tif
6985638,1,0.7299,g13_00045_14.tif
6985744,1,0.7865,g13_00045_14.tif
6992908,1,0.7539,g13_00045_14.tif
6160562,1,0.0965,g13_00045_15.tif
6168948,1,0.4312,g13_00045_15.tif
6168951,1,0.2303,g13_00045_15.tif
6194313,1,0.3624,g13_00045_15.tif
6194323,0,0.0,g13_00045_15.tif
6194332,0,0.0,g13_00045_15.tif
6252264,1,0.8352,g13_00045_15.tif
6299598,1,0.5916,g13_00045_15.tif
6327061,1,0.856,g13_00045_15.tif
6330034,1,0.4693,g13_00045_15.tif
6368949,1,0.6859,g13_00045_15.tif
6368951,1,0.1882,g13_00045_15.tif
6368962,0,0.0,g13_00045_15.tif
6368963,1,0.7871,g13_00045_15.tif
6387948,1,0.8608,g13_00045_15.tif
6387979,1,0.2778,g13_00045_15.tif
6387987,1,0.5596,g13_00045_15.tif
6409664,0,0.0,g13_00045_15.tif
6409665,1,0.0596,g13_00045_15.tif
6410548,1,0.8942,g13_00045_15.tif
6461980,1,0.7628,g13_00045_15.tif
6514761,0,0.0,g13_00045_15.tif
6514767,0,0.0,g13_00045_15.tif
6561619,0,0.0,g13_00045_15.tif
6573154,1,0.7033,g13_00045_15.tif
6594747,1,0.5929,g13_00045_15.tif
6594748,1,0.5969,g13_00045_15.tif
6630470,1,0.7146,g13_00045_15.tif
6749803,1,0.8273,g13_00045_15.tif
6766308,3,0.5496,g13_00045_15.tif
6833615,2,0.5897,g13_00045_15.tif
6833636,2,0.6695,g13_00045_15.tif
6833936,1,0.6813,g13_00045_15.tif
6837885,0,0.0,g13_00045_15.tif
6854905,1,0.7022,g13_00045_15.tif
6854987,1,0.8467,g13_00045_15.tif
6854988,2,0.411,g13_00045_15.tif
6894304,1,0.7538,g13_00045_15.tif
6919729,1,0.7446,g13_00045_15.tif
7077892,1,0.757,g13_00045_15.tif
6116131,2,0.5772,g13_00045_16.tif
6160562,1,0.1336,g13_00045_16.tif
6285157,1,0.558,g13_00045_16.tif
6311207,2,0.7148,g13_00045_16.tif
6318670,0,0.0,g13_00045_16.tif
6330034,3,0.2972,g13_00045_16.tif
6367438,0,0.0,g13_00045_16.tif
6368949,1,0.3583,g13_00045_16.tif
6368963,1,0.549,g13_00045_16.tif
6409599,1,0.5139,g13_00045_16.tif
6409664,4,0.2061,g13_00045_16.tif
6409665,1,0.1175,g13_00045_16.tif
6410550,1,0.6136,g13_00045_16.tif
6410552,1,0.4932,g13_00045_16.tif
6514761,2,0.6137,g13_00045_16.tif
6606330,1,0.7673,g13_00045_16.tif
6606331,1,0.456,g13_00045_16.tif
6644275,1,0.286,g13_00045_16.tif
6644290,3,0.1727,g13_00045_16.tif
6649023,1,0.1391,g13_00045_16.tif
6676416,0,0.0,g13_00045_16.tif
6756443,1,0.7931,g13_00045_16.tif
6756450,1,0.3989,g13_00045_16.tif
6794895,1,0.3236,g13_00045_16.tif
6794898,2,0.2384,g13_00045_16.tif
6854934,1,0.7152,g13_00045_16.tif
6854987,1,0.4855,g13_00045_16.tif
6854988,2,0.311,g13_00045_16.tif
6894304,3,0.4501,g13_00045_16.tif
6919730,2,0.5749,g13_00045_16.tif
6919734,1,0.7761,g13_00045_16.tif
6985702,1,0.5767,g13_00045_16.tif
7050890,1,0.6099,g13_00045_16.tif
7050898,0,0.0,g13_00045_16.tif
7065401,1,0.034,g13_00045_16.tif
6128080,1,0.7175,g13_00047_14.tif
6148356,0,0.0,g13_00047_14.tif
6148357,0,0.0,g13_00047_14.tif
6155010,0,0.0,g13_00047_14.tif
6260313,1,0.7086,g13_00047_14.tif
6260314,0,0.0,g13_00047_14.tif
6260316,1,0.453,g13_00047_14.tif
6260318,1,0.5399,g13_00047_14.tif
6260349,0,0.0,g13_00047_14.tif
6272812,1,0.3946,g13_00047_14.tif
6272859,0,0.0,g13_00047_14.tif
6468235,1,0.75,g13_00047_14.tif
6468239,1,0.7045,g13_00047_14.tif
6468247,0,0.0,g13_00047_14.tif
6489321,0,0.0,g13_00047_14.tif
6519248,0,0.0,g13_00047_14.tif
6519249,0,0.0,g13_00047_14.tif
6519250,0,0.0,g13_00047_14.tif
6519251,0,0.0,g13_00047_14.tif
6519253,0,0.0,g13_00047_14.tif
6531802,2,0.2953,g13_00047_14.tif
6531808,0,0.0,g13_00047_14.tif
6531860,2,0.2387,g13_00047_14.tif
6534392,1,0.3333,g13_00047_14.tif
6535730,0,0.0,g13_00047_14.tif
6535731,1,0.3506,g13_00047_14.tif
6535734,0,0.0,g13_00047_14.tif
6535741,0,0.0,g13_00047_14.tif
6535861,0,0.0,g13_00047_14.tif
6590038,0,0.0,g13_00047_14.tif
6590054,0,0.0,g13_00047_14.tif
6629370,0,0.0,g13_00047_14.tif
6653925,2,0.6176,g13_00047_14.tif
6692523,0,0.0,g13_00047_14.tif
6734117,0,0.0,g13_00047_14.tif
6734121,1,0.477,g13_00047_14.tif
6752830,1,0.2381,g13_00047_14.tif
6761820,0,0.0,g13_00047_14.tif
6761827,0,0.0,g13_00047_14.tif
6762064,1,0.4628,g13_00047_14.tif
6762068,0,0.0,g13_00047_14.tif
6821039,2,0.4506,g13_00047_14.tif
6854684,1,0.3674,g13_00047_14.tif
6859712,1,0.6204,g13_00047_14.tif
6859716,0,0.0,g13_00047_14.tif
6880789,1,0.0843,g13_00047_14.tif
6880802,0,0.0,g13_00047_14.tif
7007433,1,0.6305,g13_00047_14.tif
7007434,1,0.593,g13_00047_14.tif
7007435,1,0.5565,g13_00047_14.tif
7007436,1,0.6094,g13_00047_14.tif
7007438,1,0.4,g13_00047_14.tif
7007439,0,0.0,g13_00047_14.tif
7007486,1,0.2883,g13_00047_14.tif
7007487,1,0.5035,g13_00047_14.tif
7078241,4,0.1799,g13_00047_14.tif
6107932,0,0.0,g13_00047_15.tif
6107933,1,0.3127,g13_00047_15.tif
6235426,0,0.0,g13_00047_15.tif
6373169,1,0.5149,g13_00047_15.tif
6414220,2,0.5431,g13_00047_15.tif
6414223,1,0.6685,g13_00047_15.tif
6414280,1,0.3692,g13_00047_15.tif
6414303,1,0.0094,g13_00047_15.tif
6414414,0,0.0,g13_00047_15.tif
6454218,0,0.0,g13_00047_15.tif
6514086,0,0.0,g13_00047_15.tif
6524559,0,0.0,g13_00047_15.tif
6687786,0,0.0,g13_00047_15.tif
6687787,0,0.0,g13_00047_15.tif
6849017,0,0.0,g13_00047_15.tif
6849436,0,0.0,g13_00047_15.tif
6854684,0,0.0,g13_00047_15.tif
6854692,1,0.0209,g13_00047_15.tif
6854702,1,0.6595,g13_00047_15.tif
6854710,0,0.0,g13_00047_15.tif
6859711,1,0.6589,g13_00047_15.tif
6859712,2,0.5198,g13_00047_15.tif
6863071,1,0.7205,g13_00047_15.tif
6951853,1,0.5906,g13_00047_15.tif
6951861,0,0.0,g13_00047_15.tif
6951868,0,0.0,g13_00047_15.tif
6952080,0,0.0,g13_00047_15.tif
7061127,0,0.0,g13_00047_15.tif
7061129,0,0.0,g13_00047_15.tif
7061138,0,0.0,g13_00047_15.tif
6107929,0,0.0,g13_00047_16.tif
6107932,0,0.0,g13_00047_16.tif
6107933,0,0.0,g13_00047_16.tif
6180276,1,0.4276,g13_00047_16.tif
6180277,1,0.5733,g13_00047_16.tif
6180281,0,0.0,g13_00047_16.tif
6180516,0,0.0,g13_00047_16.tif
6193777,1,0.5333,g13_00047_16.tif
6197801,1,0.2176,g13_00047_16.tif
6261016,0,0.0,g13_00047_16.tif
6272391,1,0.341,g13_00047_16.tif
6282451,0,0.0,g13_00047_16.tif
6282457,0,0.0,g13_00047_16.tif
6349241,0,0.0,g13_00047_16.tif
6481665,1,0.5519,g13_00047_16.tif
6669201,1,0.1933,g13_00047_16.tif
6669202,0,0.0,g13_00047_16.tif
6733739,0,0.0,g13_00047_16.tif
6799847,2,0.3044,g13_00047_16.tif
6799854,1,0.3514,g13_00047_16.tif
6800509,1,0.7249,g13_00047_16.tif
6944665,0,0.0,g13_00047_16.tif
6951203,0,0.0,g13_00047_16.tif
6963742,0,0.0,g13_00047_16.tif
6967114,0,0.0,g13_00047_16.tif
6967125,0,0.0,g13_00047_16.tif
7007098,0,0.0,g13_00047_16.tif
7061127,0,0.0,g13_00047_16.tif
7061128,0,0.0,g13_00047_16.tif
6131300,1,0.4078,g13_00049_6.tif
6132744,1,0.4217,g13_00049_6.tif
6132745,1,0.3038,g13_00049_6.tif
6132746,1,0.3321,g13_00049_6.tif
6132764,0,0.0,g13_00049_6.tif
6132766,0,0.0,g13_00049_6.tif
6132792,0,0.0,g13_00049_6.tif
6132795,1,0.1594,g13_00049_6.tif
6245104,0,0.0,g13_00049_6.tif
6245105,1,0.5443,g13_00049_6.tif
6245107,1,0.7033,g13_00049_6.tif
6249978,1,0.3407,g13_00049_6.tif
6249979,0,0.0,g13_00049_6.tif
6249980,1,0.4171,g13_00049_6.tif
6249983,1,0.1398,g13_00049_6.tif
6250039,1,0.4604,g13_00049_6.tif
6250070,0,0.0,g13_00049_6.tif
6250100,0,0.0,g13_00049_6.tif
6344224,1,0.6119,g13_00049_6.tif
6344227,2,0.2365,g13_00049_6.tif
6344229,2,0.384,g13_00049_6.tif
6344234,0,0.0,g13_00049_6.tif
6344236,0,0.0,g13_00049_6.tif
6344313,0,0.0,g13_00049_6.tif
6344359,1,0.3759,g13_00049_6.tif
6442944,1,0.5926,g13_00049_6.tif
6442945,1,0.5881,g13_00049_6.tif
6442946,0,0.0,g13_00049_6.tif
6442959,1,0.4192,g13_00049_6.tif
6442967,1,0.5439,g13_00049_6.tif
6442980,0,0.0,g13_00049_6.tif
6442982,0,0.0,g13_00049_6.tif
6442985,1,0.1027,g13_00049_6.tif
6649709,1,0.6413,g13_00049_6.tif
6649717,1,0.299,g13_00049_6.tif
6751240,0,0.0,g13_00049_6.tif
6770197,1,0.7424,g13_00049_6.tif
6770204,1,0.715,g13_00049_6.tif
6770212,1,0.6824,g13_00049_6.tif
6770214,1,0.5476,g13_00049_6.tif
6770228,0,0.0,g13_00049_6.tif
6770229,1,0.3028,g13_00049_6.tif
6770282,1,0.5793,g13_00049_6.tif
6770298,1,0.4628,g13_00049_6.tif
6770299,5,0.4059,g13_00049_6.tif
6770300,1,0.7805,g13_00049_6.tif
6866782,1,0.1542,g13_00049_6.tif
7016556,1,0.3823,g13_00049_6.tif
7016558,0,0.0,g13_00049_6.tif
6092740,1,0.0933,g13_00049_7.tif
6110234,1,0.5443,g13_00049_7.tif
6110236,0,0.0,g13_00049_7.tif
6110343,1,0.1905,g13_00049_7.tif
6110348,1,0.2643,g13_00049_7.tif
6110380,1,0.0333,g13_00049_7.tif
6221412,1,0.4037,g13_00049_7.tif
6221414,0,0.0,g13_00049_7.tif
6221416,1,0.1167,g13_00049_7.tif
6221418,2,0.3343,g13_00049_7.tif
6223332,1,0.5644,g13_00049_7.tif
6252455,1,0.7343,g13_00049_7.tif
6252459,2,0.4235,g13_00049_7.tif
6252461,1,0.399,g13_00049_7.tif
6252523,0,0.0,g13_00049_7.tif
6264627,2,0.573,g13_00049_7.tif
6283035,1,0.1764,g13_00049_7.tif
6327981,1,0.3407,g13_00049_7.tif
6327992,1,0.0309,g13_00049_7.tif
6328106,0,0.0,g13_00049_7.tif
6341375,1,0.1747,g13_00049_7.tif
6341390,0,0.0,g13_00049_7.tif
6344227,0,0.0,g13_00049_7.tif
6344359,0,0.0,g13_00049_7.tif
6380399,1,0.7027,g13_00049_7.tif
6380403,0,0.0,g13_00049_7.tif
6380405,1,0.7824,g13_00049_7.tif
6380406,0,0.0,g13_00049_7.tif
6380407,0,0.0,g13_00049_7.tif
6380409,0,0.0,g13_00049_7.tif
6380411,1,0.004,g13_00049_7.tif
6398751,1,0.6806,g13_00049_7.tif
6437936,1,0.4022,g13_00049_7.tif
6562856,0,0.0,g13_00049_7.tif
6635606,1,0.4219,g13_00049_7.tif
6649740,1,0.2097,g13_00049_7.tif
6653561,1,0.8421,g13_00049_7.tif
6653566,1,0.7237,g13_00049_7.tif
6756601,0,0.0,g13_00049_7.tif
6756616,0,0.0,g13_00049_7.tif
6770204,1,0.4324,g13_00049_7.tif
6770205,1,0.6845,g13_00049_7.tif
6770206,1,0.5331,g13_00049_7.tif
6770222,1,0.2353,g13_00049_7.tif
6770225,1,0.4503,g13_00049_7.tif
6770232,1,0.5311,g13_00049_7.tif
6770284,2,0.4817,g13_00049_7.tif
6770292,1,0.7005,g13_00049_7.tif
6774587,1,0.2119,g13_00049_7.tif
6774588,1,0.6766,g13_00049_7.tif
6774592,1,0.1729,g13_00049_7.tif
6774593,1,0.558,g13_00049_7.tif
6774598,1,0.2,g13_00049_7.tif
6805398,1,0.7087,g13_00049_7.tif
6823606,1,0.7247,g13_00049_7.tif
6829264,1,0.5217,g13_00049_7.tif
6860112,1,0.5719,g13_00049_7.tif
6860115,0,0.0,g13_00049_7.tif
6862588,0,0.0,g13_00049_7.tif
6887688,1,0.6582,g13_00049_7.tif
6894186,1,0.5373,g13_00049_7.tif
7000878,1,0.5131,g13_00049_7.tif
7034472,1,0.4531,g13_00049_7.tif
6098023,1,0.2867,g13_00049_8.tif
6110175,1,0.5711,g13_00049_8.tif
6110177,1,0.6154,g13_00049_8.tif
6110179,1,0.0436,g13_00049_8.tif
6120224,1,0.5298,g13_00049_8.tif
6120228,1,0.6678,g13_00049_8.tif
6176673,0,0.0,g13_00049_8.tif
6184806,1,0.6887,g13_00049_8.tif
6184827,1,0.6667,g13_00049_8.tif
6214880,1,0.3153,g13_00049_8.tif
6214903,0,0.0,g13_00049_8.tif
6223341,1,0.1877,g13_00049_8.tif
6232032,1,0.5858,g13_00049_8.tif
6252463,1,0.4028,g13_00049_8.tif
6252465,1,0.1573,g13_00049_8.tif
6253354,1,0.723,g13_00049_8.tif
6264621,1,0.4426,g13_00049_8.tif
6264622,0,0.0,g13_00049_8.tif
6283032,1,0.766,g13_00049_8.tif
6283036,1,0.7556,g13_00049_8.tif
6338362,1,0.506,g13_00049_8.tif
6339203,1,0.6573,g13_00049_8.tif
6341388,1,0.0534,g13_00049_8.tif
6341390,1,0.5746,g13_00049_8.tif
6345597,1,0.0588,g13_00049_8.tif
6345598,1,0.4267,g13_00049_8.tif
6355204,1,0.7311,g13_00049_8.tif
6374858,1,0.5238,g13_00049_8.tif
6380397,1,0.4575,g13_00049_8.tif
6380401,1,0.3436,g13_00049_8.tif
6381093,1,0.682,g13_00049_8.tif
6397236,1,0.55,g13_00049_8.tif
6398006,1,0.7181,g13_00049_8.tif
6398751,0,0.0,g13_00049_8.tif
6398754,1,0.1136,g13_00049_8.tif
6412989,1,0.6051,g13_00049_8.tif
6418525,0,0.0,g13_00049_8.tif
6418526,1,0.3842,g13_00049_8.tif
6418528,0,0.0,g13_00049_8.tif
6418673,1,0.1,g13_00049_8.tif
6418685,1,0.0769,g13_00049_8.tif
6430631,1,0.2638,g13_00049_8.tif
6455753,1,0.7175,g13_00049_8.tif
6494093,2,0.2424,g13_00049_8.tif
6494119,0,0.0,g13_00049_8.tif
6494186,0,0.0,g13_00049_8.tif
6592376,0,0.0,g13_00049_8.tif
6613319,1,0.6342,g13_00049_8.tif
6615615,1,0.2494,g13_00049_8.tif
6615616,1,0.7192,g13_00049_8.tif
6670159,0,0.0,g13_00049_8.tif
6670162,1,0.5122,g13_00049_8.tif
6670180,2,0.3045,g13_00049_8.tif
6670519,1,0.043,g13_00049_8.tif
6670537,1,0.6,g13_00049_8.tif
6689559,1,0.7505,g13_00049_8.tif
6710357,1,0.1655,g13_00049_8.tif
6710358,0,0.0,g13_00049_8.tif
6710363,1,0.5752,g13_00049_8.tif
6710364,0,0.0,g13_00049_8.tif
6713642,1,0.7504,g13_00049_8.tif
6751246,2,0.7368,g13_00049_8.tif
6770213,2,0.4133,g13_00049_8.tif
6770233,1,0.8147,g13_00049_8.tif
6770292,4,0.2818,g13_00049_8.tif
6805403,1,0.149,g13_00049_8.tif
6823598,1,0.3965,g13_00049_8.tif
6823613,0,0.0,g13_00049_8.tif
6823614,1,0.0542,g13_00049_8.tif
6841824,1,0.398,g13_00049_8.tif
6841834,1,0.5678,g13_00049_8.tif
6841843,0,0.0,g13_00049_8.tif
6860114,1,0.387,g13_00049_8.tif
6894168,1,0.7833,g13_00049_8.tif
6894186,0,0.0,g13_00049_8.tif
6897698,1,0.7007,g13_00049_8.tif
6897700,1,0.3071,g13_00049_8.tif
6897721,1,0.4668,g13_00049_8.tif
6899693,2,0.5423,g13_00049_8.tif
6906333,1,0.9252,g13_00049_8.tif
6906421,1,0.5602,g13_00049_8.tif
6906422,1,0.6337,g13_00049_8.tif
6997569,0,0.0,g13_00049_8.tif
6997572,1,0.6863,g13_00049_8.tif
6997575,1,0.1367,g13_00049_8.tif
6997584,0,0.0,g13_00049_8.tif
7000868,0,0.0,g13_00049_8.tif
6128080,1,0.5754,g13_00050_7.tif
6128102,1,0.4536,g13_00050_7.tif
6396835,0,0.0,g13_00050_7.tif
6460493,1,0.3439,g13_00050_7.tif
6467981,0,0.0,g13_00050_7.tif
6467982,0,0.0,g13_00050_7.tif
6467985,0,0.0,g13_00050_7.tif
6467986,2,0.3191,g13_00050_7.tif
6484282,0,0.0,g13_00050_7.tif
6484421,2,0.7672,g13_00050_7.tif
6484482,3,0.1538,g13_00050_7.tif
6484509,0,0.0,g13_00050_7.tif
6498496,1,0.3382,g13_00050_7.tif
6534390,0,0.0,g13_00050_7.tif
6534401,0,0.0,g13_00050_7.tif
6534402,1,0.1876,g13_00050_7.tif
6591771,0,0.0,g13_00050_7.tif
6591772,0,0.0,g13_00050_7.tif
6597015,0,0.0,g13_00050_7.tif
6619656,1,0.6726,g13_00050_7.tif
6629370,0,0.0,g13_00050_7.tif
6629371,0,0.0,g13_00050_7.tif
6678677,1,0.7743,g13_00050_7.tif
6692523,0,0.0,g13_00050_7.tif
6758748,0,0.0,g13_00050_7.tif
6854676,7,0.2139,g13_00050_7.tif
6854677,0,0.0,g13_00050_7.tif
6854684,8,0.1727,g13_00050_7.tif
6854704,1,0.3816,g13_00050_7.tif
6854705,0,0.0,g13_00050_7.tif
7078241,1,0.6465,g13_00050_7.tif
7079352,1,0.5649,g13_00050_7.tif
6123472,0,0.0,g13_00050_8.tif
6194605,0,0.0,g13_00050_8.tif
6519254,0,0.0,g13_00050_8.tif
6549572,0,0.0,g13_00050_8.tif
6854676,2,0.4367,g13_00050_8.tif
6854677,0,0.0,g13_00050_8.tif
6854684,2,0.2484,g13_00050_8.tif
6854688,4,0.1739,g13_00050_8.tif
6854692,2,0.4046,g13_00050_8.tif
6854695,8,0.0949,g13_00050_8.tif
6854703,2,0.4824,g13_00050_8.tif
6854705,0,0.0,g13_00050_8.tif
6854706,0,0.0,g13_00050_8.tif
6854707,0,0.0,g13_00050_8.tif
6854708,0,0.0,g13_00050_8.tif
7017161,0,0.0,g13_00050_8.tif
6083760,2,0.0597,g13_00050_9.tif
6084863,0,0.0,g13_00050_9.tif
6084865,1,0.4947,g13_00050_9.tif
6127129,0,0.0,g13_00050_9.tif
6184396,0,0.0,g13_00050_9.tif
6249710,0,0.0,g13_00050_9.tif
6255363,1,0.0407,g13_00050_9.tif
6267715,0,0.0,g13_00050_9.tif
6267718,0,0.0,g13_00050_9.tif
6276533,0,0.0,g13_00050_9.tif
6306413,1,0.015,g13_00050_9.tif
6327072,1,0.665,g13_00050_9.tif
6327075,2,0.126,g13_00050_9.tif
6346067,0,0.0,g13_00050_9.tif
6349551,0,0.0,g13_00050_9.tif
6349659,1,0.0067,g13_00050_9.tif
6371584,1,0.34,g13_00050_9.tif
6371585,1,0.5444,g13_00050_9.tif
6371595,1,0.5971,g13_00050_9.tif
6375906,0,0.0,g13_00050_9.tif
6418055,2,0.0486,g13_00050_9.tif
6418056,1,0.0038,g13_00050_9.tif
6418062,0,0.0,g13_00050_9.tif
6452170,0,0.0,g13_00050_9.tif
6452354,0,0.0,g13_00050_9.tif
6524874,0,0.0,g13_00050_9.tif
6542721,0,0.0,g13_00050_9.tif
6542723,0,0.0,g13_00050_9.tif
6549571,1,0.3743,g13_00050_9.tif
6549576,1,0.512,g13_00050_9.tif
6550113,1,0.8832,g13_00050_9.tif
6550140,1,0.6223,g13_00050_9.tif
6733249,0,0.0,g13_00050_9.tif
6777712,1,0.3431,g13_00050_9.tif
6788105,1,0.6431,g13_00050_9.tif
6803791,1,0.4951,g13_00050_9.tif
6815062,1,0.3014,g13_00050_9.tif
6821052,0,0.0,g13_00050_9.tif
6836771,2,0.1183,g13_00050_9.tif
6880796,2,0.2566,g13_00050_9.tif
6880901,3,0.2402,g13_00050_9.tif
6880906,2,0.1669,g13_00050_9.tif
6913253,3,0.4043,g13_00050_9.tif
6969957,1,0.2636,g13_00050_9.tif
6974298,0,0.0,g13_00050_9.tif
6974300,0,0.0,g13_00050_9.tif
6974305,1,0.271,g13_00050_9.tif
6974307,2,0.1696,g13_00050_9.tif
6974345,1,0.5343,g13_00050_9.tif
7016232,1,0.8332,g13_00050_9.tif
7047109,2,0.3089,g13_00050_9.tif
6182094,2,0.227,g13_00051_18.tif
6182096,1,0.1219,g13_00051_18.tif
6182097,0,0.0,g13_00051_18.tif
6196446,0,0.0,g13_00051_18.tif
6230967,0,0.0,g13_00051_18.tif
6230968,1,0.3814,g13_00051_18.tif
6230978,1,0.139,g13_00051_18.tif
6339205,1,0.6285,g13_00051_18.tif
6380410,0,0.0,g13_00051_18.tif
6381099,1,0.1002,g13_00051_18.tif
6392095,1,0.5086,g13_00051_18.tif
6392096,1,0.4122,g13_00051_18.tif
6435532,1,0.1422,g13_00051_18.tif
6435607,1,0.3568,g13_00051_18.tif
6442942,0,0.0,g13_00051_18.tif
6442949,1,0.8048,g13_00051_18.tif
6442971,0,0.0,g13_00051_18.tif
6580294,0,0.0,g13_00051_18.tif
6740436,2,0.5518,g13_00051_18.tif
6770197,1,0.6154,g13_00051_18.tif
6770198,1,0.7971,g13_00051_18.tif
6770207,1,0.4053,g13_00051_18.tif
6770211,1,0.5467,g13_00051_18.tif
6770219,0,0.0,g13_00051_18.tif
6770226,1,0.7087,g13_00051_18.tif
6774586,1,0.4184,g13_00051_18.tif
6774595,1,0.5271,g13_00051_18.tif
7000827,3,0.3022,g13_00051_18.tif
7000892,1,0.4825,g13_00051_18.tif
7016546,0,0.0,g13_00051_18.tif
7016549,0,0.0,g13_00051_18.tif
7016556,0,0.0,g13_00051_18.tif
7041632,2,0.463,g13_00051_18.tif
7049823,2,0.0923,g13_00051_18.tif
7049826,0,0.0,g13_00051_18.tif
7052350,1,0.3867,g13_00051_18.tif
7052415,1,0.0932,g13_00051_18.tif
6087986,0,0.0,g13_00052_0.tif
6182091,3,0.2734,g13_00052_0.tif
6182098,3,0.2928,g13_00052_0.tif
6190797,0,0.0,g13_00052_0.tif
6190799,1,0.1679,g13_00052_0.tif
6190800,1,0.4524,g13_00052_0.tif
6190801,0,0.0,g13_00052_0.tif
6190803,0,0.0,g13_00052_0.tif
6217734,3,0.3108,g13_00052_0.tif
6226250,0,0.0,g13_00052_0.tif
6296607,1,0.4169,g13_00052_0.tif
6327992,1,0.0241,g13_00052_0.tif
6341375,1,0.2093,g13_00052_0.tif
6380403,1,0.7753,g13_00052_0.tif
6649705,1,0.7121,g13_00052_0.tif
6649736,2,0.515,g13_00052_0.tif
6649740,1,0.141,g13_00052_0.tif
6740436,1,0.3868,g13_00052_0.tif
6770195,1,0.7184,g13_00052_0.tif
6770222,1,0.5427,g13_00052_0.tif
6770238,2,0.4308,g13_00052_0.tif
6770239,1,0.6759,g13_00052_0.tif
6774587,0,0.0,g13_00052_0.tif
6774589,1,0.0212,g13_00052_0.tif
6774591,0,0.0,g13_00052_0.tif
6803761,2,0.4111,g13_00052_0.tif
6829264,1,0.479,g13_00052_0.tif
6860113,2,0.3142,g13_00052_0.tif
6873366,0,0.0,g13_00052_0.tif
7000847,1,0.6547,g13_00052_0.tif
7000892,1,0.65,g13_00052_0.tif
7034472,2,0.7627,g13_00052_0.tif
7038771,1,0.3417,g13_00052_0.tif
7038772,2,0.1835,g13_00052_0.tif
7038773,0,0.0,g13_00052_0.tif
7038774,0,0.0,g13_00052_0.tif
7038775,0,0.0,g13_00052_0.tif
7038776,0,0.0,g13_00052_0.tif
6190469,0,0.0,g13_00052_1.tif
6190470,0,0.0,g13_00052_1.tif
6190471,0,0.0,g13_00052_1.tif
6190474,2,0.4485,g13_00052_1.tif
6190475,0,0.0,g13_00052_1.tif
6190796,4,0.2077,g13_00052_1.tif
6190797,2,0.2271,g13_00052_1.tif
6190799,1,0.0686,g13_00052_1.tif
6190800,1,0.1486,g13_00052_1.tif
6190801,0,0.0,g13_00052_1.tif
6190803,0,0.0,g13_00052_1.tif
6194785,0,0.0,g13_00052_1.tif
6196445,0,0.0,g13_00052_1.tif
6264619,0,0.0,g13_00052_1.tif
6264621,1,0.5606,g13_00052_1.tif
6296608,0,0.0,g13_00052_1.tif
6414261,1,0.0074,g13_00052_1.tif
6418525,0,0.0,g13_00052_1.tif
6418526,0,0.0,g13_00052_1.tif
6897617,0,0.0,g13_00052_1.tif
6897709,0,0.0,g13_00052_1.tif
6997566,2,0.5362,g13_00052_1.tif
7038773,0,0.0,g13_00052_1.tif
6971221,0,0.0,g13_00053_0.tif
6980488,1,0.2428,g13_00053_0.tif
7047120,0,0.0,g13_00053_0.tif
6160273,0,0.0,g13_00053_1.tif
6165943,0,0.0,g13_00053_1.tif
6421433,1,0.6049,g13_00053_1.tif
6421438,0,0.0,g13_00053_1.tif
6421450,0,0.0,g13_00053_1.tif
6421451,0,0.0,g13_00053_1.tif
6421553,0,0.0,g13_00053_1.tif
6615155,0,0.0,g13_00053_1.tif
6615156,1,0.64,g13_00053_1.tif
6971221,1,0.6721,g13_00053_1.tif
6993334,1,0.7487,g13_00053_1.tif
6132336,1,0.5727,g13_00053_2.tif
6132337,1,0.3029,g13_00053_2.tif
6140907,1,0.601,g13_00053_2.tif
6149368,1,0.3817,g13_00053_2.tif
6149370,0,0.0,g13_00053_2.tif
6149372,0,0.0,g13_00053_2.tif
6160265,1,0.5802,g13_00053_2.tif
6160277,1,0.5697,g13_00053_2.tif
6160281,1,0.4747,g13_00053_2.tif
6160291,1,0.5019,g13_00053_2.tif
6187098,0,0.0,g13_00053_2.tif
6187099,0,0.0,g13_00053_2.tif
6187100,0,0.0,g13_00053_2.tif
6187104,0,0.0,g13_00053_2.tif
6194610,0,0.0,g13_00053_2.tif
6211547,0,0.0,g13_00053_2.tif
6211551,0,0.0,g13_00053_2.tif
6211553,1,0.3019,g13_00053_2.tif
6276533,2,0.3124,g13_00053_2.tif
6281545,0,0.0,g13_00053_2.tif
6290650,0,0.0,g13_00053_2.tif
6290654,0,0.0,g13_00053_2.tif
6300983,0,0.0,g13_00053_2.tif
6306408,1,0.5465,g13_00053_2.tif
6319440,0,0.0,g13_00053_2.tif
6319490,0,0.0,g13_00053_2.tif
6320537,2,0.5203,g13_00053_2.tif
6320538,0,0.0,g13_00053_2.tif
6340045,1,0.4854,g13_00053_2.tif
6340053,0,0.0,g13_00053_2.tif
6350851,0,0.0,g13_00053_2.tif
6350859,2,0.7008,g13_00053_2.tif
6350862,1,0.709,g13_00053_2.tif
6350868,0,0.0,g13_00053_2.tif
6350914,0,0.0,g13_00053_2.tif
6371592,1,0.6126,g13_00053_2.tif
6371614,1,0.4731,g13_00053_2.tif
6371622,2,0.1792,g13_00053_2.tif
6410810,1,0.171,g13_00053_2.tif
6413043,1,0.2287,g13_00053_2.tif
6413045,1,0.2174,g13_00053_2.tif
6413048,0,0.0,g13_00053_2.tif
6413049,0,0.0,g13_00053_2.tif
6413051,1,0.1215,g13_00053_2.tif
6417241,0,0.0,g13_00053_2.tif
6418200,0,0.0,g13_00053_2.tif
6421431,1,0.5674,g13_00053_2.tif
6421433,1,0.4603,g13_00053_2.tif
6421434,1,0.5563,g13_00053_2.tif
6421437,1,0.2878,g13_00053_2.tif
6421440,0,0.0,g13_00053_2.tif
6421451,0,0.0,g13_00053_2.tif
6426493,0,0.0,g13_00053_2.tif
6426517,0,0.0,g13_00053_2.tif
6437466,0,0.0,g13_00053_2.tif
6437839,0,0.0,g13_00053_2.tif
6464992,0,0.0,g13_00053_2.tif
6465006,0,0.0,g13_00053_2.tif
6465105,0,0.0,g13_00053_2.tif
6469706,1,0.1447,g13_00053_2.tif
6551690,1,0.7467,g13_00053_2.tif
6614064,0,0.0,g13_00053_2.tif
6614068,1,0.4329,g13_00053_2.tif
6615156,0,0.0,g13_00053_2.tif
6654894,0,0.0,g13_00053_2.tif
6678697,1,0.1617,g13_00053_2.tif
6733237,0,0.0,g13_00053_2.tif
6733240,0,0.0,g13_00053_2.tif
6733245,0,0.0,g13_00053_2.tif
6733250,0,0.0,g13_00053_2.tif
6736343,0,0.0,g13_00053_2.tif
6736390,0,0.0,g13_00053_2.tif
6741496,1,0.071,g13_00053_2.tif
6755862,1,0.1007,g13_00053_2.tif
6755890,0,0.0,g13_00053_2.tif
6780862,0,0.0,g13_00053_2.tif
6788115,1,0.1054,g13_00053_2.tif
6788124,0,0.0,g13_00053_2.tif
6808345,0,0.0,g13_00053_2.tif
6845777,1,0.6823,g13_00053_2.tif
6849279,1,0.2587,g13_00053_2.tif
6882769,2,0.4649,g13_00053_2.tif
6940497,0,0.0,g13_00053_2.tif
6974301,2,0.5099,g13_00053_2.tif
6975171,1,0.3333,g13_00053_2.tif
6975172,1,0.6593,g13_00053_2.tif
6975174,1,0.6265,g13_00053_2.tif
6975182,0,0.0,g13_00053_2.tif
6975184,0,0.0,g13_00053_2.tif
6975185,1,0.6101,g13_00053_2.tif
6993334,1,0.3827,g13_00053_2.tif
6998388,0,0.0,g13_00053_2.tif
6998391,0,0.0,g13_00053_2.tif
7005593,0,0.0,g13_00053_2.tif
7011682,1,0.6815,g13_00053_2.tif
7011772,1,0.3398,g13_00053_2.tif
7012517,0,0.0,g13_00053_2.tif
7022705,0,0.0,g13_00053_2.tif
7047113,1,0.4647,g13_00053_2.tif
6103823,0,0.0,g13_00054_11.tif
6103824,0,0.0,g13_00054_11.tif
6111508,0,0.0,g13_00054_11.tif
6427251,0,0.0,g13_00054_11.tif
6441353,0,0.0,g13_00054_11.tif
6441354,0,0.0,g13_00054_11.tif
6451937,0,0.0,g13_00054_11.tif
6608299,0,0.0,g13_00054_11.tif
6608300,0,0.0,g13_00054_11.tif
6813501,0,0.0,g13_00054_11.tif
6875007,0,0.0,g13_00054_11.tif
7049821,0,0.0,g13_00054_11.tif
6142558,0,0.0,g13_00054_12.tif
6568474,2,0.0244,g13_00054_12.tif
6568478,0,0.0,g13_00054_12.tif
7049813,2,0.3218,g13_00054_12.tif
7049821,0,0.0,g13_00054_12.tif
7049827,1,0.3485,g13_00054_12.tif
7049828,1,0.0121,g13_00054_12.tif
6135408,0,0.0,g13_00054_13.tif
6167515,0,0.0,g13_00054_13.tif
6178146,0,0.0,g13_00054_13.tif
6178147,0,0.0,g13_00054_13.tif
6190471,0,0.0,g13_00054_13.tif
6194785,0,0.0,g13_00054_13.tif
6194786,0,0.0,g13_00054_13.tif
6196445,0,0.0,g13_00054_13.tif
6217500,0,0.0,g13_00054_13.tif
6286401,0,0.0,g13_00054_13.tif
6309889,0,0.0,g13_00054_13.tif
6311352,0,0.0,g13_00054_13.tif
6372948,0,0.0,g13_00054_13.tif
6375658,0,0.0,g13_00054_13.tif
6403025,0,0.0,g13_00054_13.tif
6637341,0,0.0,g13_00054_13.tif
6661966,0,0.0,g13_00054_13.tif
6661968,0,0.0,g13_00054_13.tif
6661977,1,0.3548,g13_00054_13.tif
6661978,1,0.0272,g13_00054_13.tif
6809526,0,0.0,g13_00054_13.tif
6952881,0,0.0,g13_00054_13.tif
6952890,0,0.0,g13_00054_13.tif
6979565,0,0.0,g13_00054_13.tif
6997566,0,0.0,g13_00054_13.tif
7024571,0,0.0,g13_00054_13.tif
6099948,0,0.0,g6_00003_14.tif
6168187,0,0.0,g6_00003_14.tif
6168188,0,0.0,g6_00003_14.tif
6186686,0,0.0,g6_00003_14.tif
6200892,0,0.0,g6_00003_14.tif
6200955,0,0.0,g6_00003_14.tif
6664380,0,0.0,g6_00003_14.tif
6664390,0,0.0,g6_00003_14.tif
6972917,0,0.0,g6_00003_14.tif
6099794,0,0.0,g6_00003_15.tif
6099798,0,0.0,g6_00003_15.tif
6099924,0,0.0,g6_00003_15.tif
6099948,0,0.0,g6_00003_15.tif
6168187,0,0.0,g6_00003_15.tif
6186661,1,0.3436,g6_00003_15.tif
6186676,0,0.0,g6_00003_15.tif
6186686,0,0.0,g6_00003_15.tif
6186907,0,0.0,g6_00003_15.tif
6200892,0,0.0,g6_00003_15.tif
6200955,0,0.0,g6_00003_15.tif
6249988,0,0.0,g6_00003_15.tif
6366021,0,0.0,g6_00003_15.tif
6659154,0,0.0,g6_00003_15.tif
6860169,0,0.0,g6_00003_15.tif
6860170,0,0.0,g6_00003_15.tif
6860171,0,0.0,g6_00003_15.tif
7021036,0,0.0,g6_00003_15.tif
7021046,0,0.0,g6_00003_15.tif
7023699,0,0.0,g6_00003_15.tif
7029785,0,0.0,g6_00003_15.tif
7077166,0,0.0,g6_00003_15.tif
7077168,0,0.0,g6_00003_15.tif
7077169,0,0.0,g6_00003_15.tif
6249989,1,0.6767,g6_00003_16.tif
6249990,1,0.5252,g6_00003_16.tif
6250000,1,0.0865,g6_00003_16.tif
6366019,2,0.1709,g6_00003_16.tif
6366020,0,0.0,g6_00003_16.tif
6366021,0,0.0,g6_00003_16.tif
6366026,0,0.0,g6_00003_16.tif
6366028,0,0.0,g6_00003_16.tif
6465134,1,0.3349,g6_00003_16.tif
6545711,2,0.6263,g6_00003_16.tif
6545718,0,0.0,g6_00003_16.tif
6567399,0,0.0,g6_00003_16.tif
6567445,0,0.0,g6_00003_16.tif
6567451,1,0.653,g6_00003_16.tif
6567454,0,0.0,g6_00003_16.tif
6567473,0,0.0,g6_00003_16.tif
6634491,1,0.1633,g6_00003_16.tif
6693343,0,0.0,g6_00003_16.tif
6710067,0,0.0,g6_00003_16.tif
6799693,1,0.5008,g6_00003_16.tif
6820055,1,0.5873,g6_00003_16.tif
6843349,1,0.7529,g6_00003_16.tif
6860176,0,0.0,g6_00003_16.tif
6962549,0,0.0,g6_00003_16.tif
6962867,0,0.0,g6_00003_16.tif
6962952,0,0.0,g6_00003_16.tif
6963075,0,0.0,g6_00003_16.tif
6973865,1,0.7225,g6_00003_16.tif
6973891,1,0.7161,g6_00003_16.tif
6973905,1,0.7448,g6_00003_16.tif
6973912,1,0.3008,g6_00003_16.tif
6996178,1,0.3876,g6_00003_16.tif
6996183,1,0.8113,g6_00003_16.tif
6996438,1,0.7736,g6_00003_16.tif
7021036,0,0.0,g6_00003_16.tif
7021044,0,0.0,g6_00003_16.tif
7021046,0,0.0,g6_00003_16.tif
7021052,0,0.0,g6_00003_16.tif
7023699,0,0.0,g6_00003_16.tif
7023714,0,0.0,g6_00003_16.tif
7029781,1,0.5424,g6_00003_16.tif
7029785,1,0.7143,g6_00003_16.tif
7029798,0,0.0,g6_00003_16.tif
6433909,0,0.0,g6_00003_2.tif
6450055,0,0.0,g6_00003_2.tif
6592607,0,0.0,g6_00003_2.tif
6869778,0,0.0,g6_00003_2.tif
6128373,0,0.0,g6_00003_3.tif
6128374,0,0.0,g6_00003_3.tif
6128378,0,0.0,g6_00003_3.tif
6274364,0,0.0,g6_00003_3.tif
6287783,0,0.0,g6_00003_3.tif
6699035,0,0.0,g6_00003_3.tif
6699098,0,0.0,g6_00003_3.tif
7039522,0,0.0,g6_00003_3.tif
7039523,0,0.0,g6_00003_3.tif
7039526,0,0.0,g6_00003_3.tif
7039529,0,0.0,g6_00003_3.tif
6311519,0,0.0,g6_00003_4.tif
6311520,0,0.0,g6_00003_4.tif
6311526,0,0.0,g6_00003_4.tif
6311535,0,0.0,g6_00003_4.tif
6528946,0,0.0,g6_00003_4.tif
6528948,0,0.0,g6_00003_4.tif
6543604,0,0.0,g6_00003_4.tif
6090604,0,0.0,g6_00006_15.tif
6090616,1,0.4634,g6_00006_15.tif
6090794,0,0.0,g6_00006_15.tif
6094417,0,0.0,g6_00006_15.tif
6099793,1,0.4978,g6_00006_15.tif
6099808,1,0.6721,g6_00006_15.tif
6099824,0,0.0,g6_00006_15.tif
6099865,0,0.0,g6_00006_15.tif
6168179,1,0.3884,g6_00006_15.tif
6168184,1,0.5879,g6_00006_15.tif
6209285,0,0.0,g6_00006_15.tif
6250020,0,0.0,g6_00006_15.tif
6250182,0,0.0,g6_00006_15.tif
6259435,0,0.0,g6_00006_15.tif
6284834,0,0.0,g6_00006_15.tif
6284838,0,0.0,g6_00006_15.tif
6284839,0,0.0,g6_00006_15.tif
6451499,0,0.0,g6_00006_15.tif
6593428,0,0.0,g6_00006_15.tif
6669216,1,0.3263,g6_00006_15.tif
6710204,2,0.4321,g6_00006_15.tif
6710213,1,0.3907,g6_00006_15.tif
6710215,1,0.6008,g6_00006_15.tif
6820044,1,0.463,g6_00006_15.tif
6820057,1,0.5154,g6_00006_15.tif
6857273,0,0.0,g6_00006_15.tif
6860366,0,0.0,g6_00006_15.tif
6860367,0,0.0,g6_00006_15.tif
6860369,0,0.0,g6_00006_15.tif
6860375,0,0.0,g6_00006_15.tif
6860381,0,0.0,g6_00006_15.tif
6860525,0,0.0,g6_00006_15.tif
6860599,0,0.0,g6_00006_15.tif
6860964,0,0.0,g6_00006_15.tif
6861170,0,0.0,g6_00006_15.tif
6861767,0,0.0,g6_00006_15.tif
6862132,0,0.0,g6_00006_15.tif
6897449,0,0.0,g6_00006_15.tif
6972907,1,0.5625,g6_00006_15.tif
6972908,0,0.0,g6_00006_15.tif
6972917,0,0.0,g6_00006_15.tif
7077164,2,0.3518,g6_00006_15.tif
7077180,1,0.003,g6_00006_15.tif
6098871,0,0.0,g6_00006_16.tif
6098872,0,0.0,g6_00006_16.tif
6098877,0,0.0,g6_00006_16.tif
6099042,0,0.0,g6_00006_16.tif
6099808,1,0.4646,g6_00006_16.tif
6099823,1,0.5869,g6_00006_16.tif
6099824,1,0.6389,g6_00006_16.tif
6168184,0,0.0,g6_00006_16.tif
6186664,1,0.6734,g6_00006_16.tif
6186667,1,0.3626,g6_00006_16.tif
6191838,0,0.0,g6_00006_16.tif
6200984,2,0.2344,g6_00006_16.tif
6249995,1,0.7806,g6_00006_16.tif
6249997,1,0.306,g6_00006_16.tif
6522029,0,0.0,g6_00006_16.tif
6537291,0,0.0,g6_00006_16.tif
6537598,0,0.0,g6_00006_16.tif
6545697,1,0.8515,g6_00006_16.tif
6545699,2,0.2419,g6_00006_16.tif
6593401,1,0.4933,g6_00006_16.tif
6593417,1,0.2436,g6_00006_16.tif
6664360,1,0.401,g6_00006_16.tif
6710204,3,0.4319,g6_00006_16.tif
6710212,1,0.7964,g6_00006_16.tif
6710215,1,0.5576,g6_00006_16.tif
6710219,1,0.4091,g6_00006_16.tif
6820069,1,0.4557,g6_00006_16.tif
6820108,1,0.1171,g6_00006_16.tif
6868471,0,0.0,g6_00006_16.tif
6868655,0,0.0,g6_00006_16.tif
6868674,0,0.0,g6_00006_16.tif
6868766,0,0.0,g6_00006_16.tif
6897405,1,0.5714,g6_00006_16.tif
6897406,1,0.4725,g6_00006_16.tif
6897411,1,0.8364,g6_00006_16.tif
6897748,0,0.0,g6_00006_16.tif
6897964,0,0.0,g6_00006_16.tif
6972904,1,0.8154,g6_00006_16.tif
6972908,0,0.0,g6_00006_16.tif
6972912,0,0.0,g6_00006_16.tif
6973830,1,0.2323,g6_00006_16.tif
6973836,0,0.0,g6_00006_16.tif
6973838,0,0.0,g6_00006_16.tif
6973863,1,0.66,g6_00006_16.tif
6988088,0,0.0,g6_00006_16.tif
6988297,0,0.0,g6_00006_16.tif
7077173,0,0.0,g6_00006_16.tif
7077180,0,0.0,g6_00006_16.tif
6098870,2,0.386,g6_00006_17.tif
6098965,0,0.0,g6_00006_17.tif
6366012,3,0.1979,g6_00006_17.tif
6377430,1,0.2971,g6_00006_17.tif
6479372,1,0.0521,g6_00006_17.tif
6479387,1,0.3295,g6_00006_17.tif
6479440,1,0.3519,g6_00006_17.tif
6479936,1,0.1301,g6_00006_17.tif
6537291,0,0.0,g6_00006_17.tif
6537598,0,0.0,g6_00006_17.tif
6545699,2,0.289,g6_00006_17.tif
6567399,0,0.0,g6_00006_17.tif
6567414,0,0.0,g6_00006_17.tif
6567445,0,0.0,g6_00006_17.tif
6567446,0,0.0,g6_00006_17.tif
6567454,0,0.0,g6_00006_17.tif
6634496,0,0.0,g6_00006_17.tif
6693343,4,0.1193,g6_00006_17.tif
6693345,2,0.321,g6_00006_17.tif
6693350,2,0.308,g6_00006_17.tif
6693356,1,0.7885,g6_00006_17.tif
6693359,1,0.4664,g6_00006_17.tif
6693373,1,0.5711,g6_00006_17.tif
6693439,0,0.0,g6_00006_17.tif
6701964,0,0.0,g6_00006_17.tif
6710066,2,0.1448,g6_00006_17.tif
6710219,0,0.0,g6_00006_17.tif
6747866,0,0.0,g6_00006_17.tif
6820032,1,0.6569,g6_00006_17.tif
6820037,2,0.4053,g6_00006_17.tif
6820082,1,0.3943,g6_00006_17.tif
6820103,2,0.1844,g6_00006_17.tif
6843350,0,0.0,g6_00006_17.tif
6851229,2,0.4377,g6_00006_17.tif
6856938,2,0.1911,g6_00006_17.tif
6897393,0,0.0,g6_00006_17.tif
6897395,0,0.0,g6_00006_17.tif
6897496,1,0.1048,g6_00006_17.tif
6897503,1,0.155,g6_00006_17.tif
6973827,0,0.0,g6_00006_17.tif
6973830,0,0.0,g6_00006_17.tif
6973836,2,0.1437,g6_00006_17.tif
6973847,3,0.329,g6_00006_17.tif
6973859,2,0.4857,g6_00006_17.tif
6973889,0,0.0,g6_00006_17.tif
6973928,0,0.0,g6_00006_17.tif
6973947,0,0.0,g6_00006_17.tif
6979431,1,0.3194,g6_00006_17.tif
6988088,0,0.0,g6_00006_17.tif
6988297,0,0.0,g6_00006_17.tif
6996131,1,0.8215,g6_00006_17.tif
6996143,2,0.3817,g6_00006_17.tif
6996144,1,0.3651,g6_00006_17.tif
6996145,1,0.6594,g6_00006_17.tif
6996151,1,0.4578,g6_00006_17.tif
6996153,1,0.4807,g6_00006_17.tif
6996155,1,0.2493,g6_00006_17.tif
6996187,0,0.0,g6_00006_17.tif
6996357,1,0.3184,g6_00006_17.tif
6996438,2,0.0954,g6_00006_17.tif
6998248,1,0.6592,g6_00006_17.tif
7021056,0,0.0,g6_00006_17.tif
6136400,0,0.0,g6_00006_3.tif
6737614,0,0.0,g6_00006_3.tif
6737628,0,0.0,g6_00006_3.tif
6826738,0,0.0,g6_00006_3.tif
6826742,0,0.0,g6_00006_3.tif
6826743,0,0.0,g6_00006_3.tif
6826745,0,0.0,g6_00006_3.tif
6826752,0,0.0,g6_00006_3.tif
6826755,0,0.0,g6_00006_3.tif
6856440,0,0.0,g6_00006_3.tif
6085695,0,0.0,g6_00006_4.tif
6085698,0,0.0,g6_00006_4.tif
6085700,0,0.0,g6_00006_4.tif
6085702,0,0.0,g6_00006_4.tif
6085708,0,0.0,g6_00006_4.tif
6223680,0,0.0,g6_00006_4.tif
6275528,0,0.0,g6_00006_4.tif
6275536,0,0.0,g6_00006_4.tif
6302276,0,0.0,g6_00006_4.tif
6314762,0,0.0,g6_00006_4.tif
6458974,0,0.0,g6_00006_4.tif
6526453,0,0.0,g6_00006_4.tif
6544269,0,0.0,g6_00006_4.tif
6600408,0,0.0,g6_00006_4.tif
6600436,0,0.0,g6_00006_4.tif
6604373,0,0.0,g6_00006_4.tif
6694727,0,0.0,g6_00006_4.tif
6705102,0,0.0,g6_00006_4.tif
6734257,0,0.0,g6_00006_4.tif
6908002,0,0.0,g6_00006_4.tif
6908013,0,0.0,g6_00006_4.tif
7058843,0,0.0,g6_00006_4.tif
7058871,0,0.0,g6_00006_4.tif
7058872,0,0.0,g6_00006_4.tif
6085730,0,0.0,g6_00006_5.tif
6085735,0,0.0,g6_00006_5.tif
6085736,0,0.0,g6_00006_5.tif
6085740,0,0.0,g6_00006_5.tif
6086501,0,0.0,g6_00006_5.tif
6086524,0,0.0,g6_00006_5.tif
6191389,0,0.0,g6_00006_5.tif
6191390,0,0.0,g6_00006_5.tif
6191392,0,0.0,g6_00006_5.tif
6191394,0,0.0,g6_00006_5.tif
6191449,0,0.0,g6_00006_5.tif
6191454,0,0.0,g6_00006_5.tif
6223686,0,0.0,g6_00006_5.tif
6275532,0,0.0,g6_00006_5.tif
6311395,0,0.0,g6_00006_5.tif
6365117,0,0.0,g6_00006_5.tif
6419975,0,0.0,g6_00006_5.tif
6436537,0,0.0,g6_00006_5.tif
6436538,0,0.0,g6_00006_5.tif
6550461,0,0.0,g6_00006_5.tif
6550463,0,0.0,g6_00006_5.tif
6705080,0,0.0,g6_00006_5.tif
6705090,0,0.0,g6_00006_5.tif
6705091,0,0.0,g6_00006_5.tif
6744603,0,0.0,g6_00006_5.tif
6744622,0,0.0,g6_00006_5.tif
6773233,0,0.0,g6_00006_5.tif
6891434,1,0.038,g6_00006_5.tif
6954415,1,0.463,g6_00006_5.tif
6954441,1,0.1918,g6_00006_5.tif
6160255,1,0.2288,g6_00009_16.tif
6160258,2,0.1691,g6_00009_16.tif
6160262,0,0.0,g6_00009_16.tif
6250020,0,0.0,g6_00009_16.tif
6250182,0,0.0,g6_00009_16.tif
6259433,0,0.0,g6_00009_16.tif
6259438,0,0.0,g6_00009_16.tif
6259440,1,0.1661,g6_00009_16.tif
6277997,1,0.4444,g6_00009_16.tif
6278255,1,0.6862,g6_00009_16.tif
6468919,0,0.0,g6_00009_16.tif
6522080,1,0.1503,g6_00009_16.tif
6522081,0,0.0,g6_00009_16.tif
6537286,0,0.0,g6_00009_16.tif
6537287,0,0.0,g6_00009_16.tif
6593425,1,0.2384,g6_00009_16.tif
6597935,0,0.0,g6_00009_16.tif
6669204,0,0.0,g6_00009_16.tif
6693347,1,0.5065,g6_00009_16.tif
6747865,0,0.0,g6_00009_16.tif
6748019,0,0.0,g6_00009_16.tif
6748040,0,0.0,g6_00009_16.tif
6756411,0,0.0,g6_00009_16.tif
6792328,1,0.3617,g6_00009_16.tif
6897409,1,0.7149,g6_00009_16.tif
6899501,0,0.0,g6_00009_16.tif
6901598,0,0.0,g6_00009_16.tif
6901606,0,0.0,g6_00009_16.tif
6098875,0,0.0,g6_00009_17.tif
6098876,1,0.3598,g6_00009_17.tif
6098879,0,0.0,g6_00009_17.tif
6098880,0,0.0,g6_00009_17.tif
6160262,0,0.0,g6_00009_17.tif
6160268,1,0.0887,g6_00009_17.tif
6160271,0,0.0,g6_00009_17.tif
6160494,1,0.4745,g6_00009_17.tif
6160495,0,0.0,g6_00009_17.tif
6191834,0,0.0,g6_00009_17.tif
6267398,1,0.5753,g6_00009_17.tif
6267417,0,0.0,g6_00009_17.tif
6268526,0,0.0,g6_00009_17.tif
6272948,0,0.0,g6_00009_17.tif
6272949,0,0.0,g6_00009_17.tif
6277992,1,0.5545,g6_00009_17.tif
6278101,0,0.0,g6_00009_17.tif
6278118,0,0.0,g6_00009_17.tif
6278329,0,0.0,g6_00009_17.tif
6284829,0,0.0,g6_00009_17.tif
6468914,1,0.5685,g6_00009_17.tif
6479391,0,0.0,g6_00009_17.tif
6479392,0,0.0,g6_00009_17.tif
6479428,0,0.0,g6_00009_17.tif
6479435,1,0.274,g6_00009_17.tif
6516288,0,0.0,g6_00009_17.tif
6516290,0,0.0,g6_00009_17.tif
6516291,0,0.0,g6_00009_17.tif
6516351,0,0.0,g6_00009_17.tif
6516355,1,0.5198,g6_00009_17.tif
6516550,1,0.0776,g6_00009_17.tif
6522041,1,0.4064,g6_00009_17.tif
6522056,1,0.7032,g6_00009_17.tif
6522064,0,0.0,g6_00009_17.tif
6522146,0,0.0,g6_00009_17.tif
6522205,1,0.7837,g6_00009_17.tif
6537279,1,0.6781,g6_00009_17.tif
6537284,1,0.6554,g6_00009_17.tif
6537287,0,0.0,g6_00009_17.tif
6537561,0,0.0,g6_00009_17.tif
6537563,0,0.0,g6_00009_17.tif
6537581,1,0.2365,g6_00009_17.tif
6552531,1,0.3962,g6_00009_17.tif
6597921,0,0.0,g6_00009_17.tif
6666613,1,0.5867,g6_00009_17.tif
6666617,0,0.0,g6_00009_17.tif
6666618,1,0.4066,g6_00009_17.tif
6669237,1,0.3188,g6_00009_17.tif
6669246,1,0.6728,g6_00009_17.tif
6710226,2,0.609,g6_00009_17.tif
6747865,1,0.7818,g6_00009_17.tif
6748019,1,0.5376,g6_00009_17.tif
6748040,0,0.0,g6_00009_17.tif
6774736,1,0.0125,g6_00009_17.tif
6774737,1,0.5041,g6_00009_17.tif
6774743,0,0.0,g6_00009_17.tif
6775615,1,0.3986,g6_00009_17.tif
6868204,0,0.0,g6_00009_17.tif
6868838,0,0.0,g6_00009_17.tif
6868899,1,0.0595,g6_00009_17.tif
6868909,1,0.0052,g6_00009_17.tif
6897400,1,0.7441,g6_00009_17.tif
6897417,1,0.6685,g6_00009_17.tif
6897419,1,0.6133,g6_00009_17.tif
6897464,1,0.6078,g6_00009_17.tif
6897491,0,0.0,g6_00009_17.tif
6989289,1,0.5415,g6_00009_17.tif
7040860,0,0.0,g6_00009_17.tif
7040862,0,0.0,g6_00009_17.tif
7040863,0,0.0,g6_00009_17.tif
7040865,0,0.0,g6_00009_17.tif
7050016,1,0.581,g6_00009_17.tif
7050020,1,0.4877,g6_00009_17.tif
7050021,1,0.3211,g6_00009_17.tif
7056209,0,0.0,g6_00009_17.tif
7056210,0,0.0,g6_00009_17.tif
7056250,1,0.4955,g6_00009_17.tif
7056265,0,0.0,g6_00009_17.tif
6160248,1,0.75,g6_00009_18.tif
6191827,0,0.0,g6_00009_18.tif
6191829,0,0.0,g6_00009_18.tif
6191832,0,0.0,g6_00009_18.tif
6191834,0,0.0,g6_00009_18.tif
6191837,0,0.0,g6_00009_18.tif
6277988,1,0.582,g6_00009_18.tif
6278083,1,0.5778,g6_00009_18.tif
6278101,0,0.0,g6_00009_18.tif
6278118,0,0.0,g6_00009_18.tif
6345912,1,0.6466,g6_00009_18.tif
6468911,1,0.7129,g6_00009_18.tif
6468912,1,0.7626,g6_00009_18.tif
6468914,1,0.4737,g6_00009_18.tif
6468921,0,0.0,g6_00009_18.tif
6479373,2,0.1957,g6_00009_18.tif
6479384,1,0.084,g6_00009_18.tif
6479399,1,0.535,g6_00009_18.tif
6479407,0,0.0,g6_00009_18.tif
6479417,1,0.465,g6_00009_18.tif
6479449,1,0.4071,g6_00009_18.tif
6480212,0,0.0,g6_00009_18.tif
6480213,0,0.0,g6_00009_18.tif
6516351,1,0.2667,g6_00009_18.tif
6521981,2,0.2923,g6_00009_18.tif
6521984,1,0.6927,g6_00009_18.tif
6522024,0,0.0,g6_00009_18.tif
6522041,1,0.5573,g6_00009_18.tif
6522137,0,0.0,g6_00009_18.tif
6522179,1,0.4557,g6_00009_18.tif
6593415,0,0.0,g6_00009_18.tif
6593441,0,0.0,g6_00009_18.tif
6593447,0,0.0,g6_00009_18.tif
6666610,5,0.2483,g6_00009_18.tif
6666618,1,0.5235,g6_00009_18.tif
6666834,2,0.3084,g6_00009_18.tif
6667033,1,0.4866,g6_00009_18.tif
6667117,1,0.5857,g6_00009_18.tif
6669237,1,0.3527,g6_00009_18.tif
6669238,0,0.0,g6_00009_18.tif
6669243,0,0.0,g6_00009_18.tif
6669245,1,0.1905,g6_00009_18.tif
6693340,3,0.2053,g6_00009_18.tif
6693419,2,0.3915,g6_00009_18.tif
6693432,0,0.0,g6_00009_18.tif
6710209,0,0.0,g6_00009_18.tif
6710223,1,0.4656,g6_00009_18.tif
6710229,1,0.4725,g6_00009_18.tif
6710233,1,0.5706,g6_00009_18.tif
6720399,0,0.0,g6_00009_18.tif
6792280,1,0.3253,g6_00009_18.tif
6792285,0,0.0,g6_00009_18.tif
6792288,0,0.0,g6_00009_18.tif
6792291,1,0.6112,g6_00009_18.tif
6792301,1,0.3491,g6_00009_18.tif
6792326,0,0.0,g6_00009_18.tif
6792356,0,0.0,g6_00009_18.tif
6792359,0,0.0,g6_00009_18.tif
6792372,1,0.2437,g6_00009_18.tif
6792374,0,0.0,g6_00009_18.tif
6897419,1,0.4831,g6_00009_18.tif
6898416,1,0.3272,g6_00009_18.tif
6899092,0,0.0,g6_00009_18.tif
6899104,2,0.3385,g6_00009_18.tif
6899155,1,0.3271,g6_00009_18.tif
6899208,1,0.4323,g6_00009_18.tif
6899209,0,0.0,g6_00009_18.tif
6899302,0,0.0,g6_00009_18.tif
6949437,1,0.6645,g6_00009_18.tif
6972242,0,0.0,g6_00009_18.tif
6972245,1,0.1813,g6_00009_18.tif
6989315,1,0.5282,g6_00009_18.tif
7056222,2,0.5799,g6_00009_18.tif
7056223,2,0.3553,g6_00009_18.tif
7056248,0,0.0,g6_00009_18.tif
7056281,0,0.0,g6_00009_18.tif
7056286,0,0.0,g6_00009_18.tif
6275548,0,0.0,g6_00009_4.tif
6284080,0,0.0,g6_00009_4.tif
6369030,0,0.0,g6_00009_4.tif
6451685,0,0.0,g6_00009_4.tif
6459006,0,0.0,g6_00009_4.tif
6494342,0,0.0,g6_00009_4.tif
6494688,0,0.0,g6_00009_4.tif
6612057,0,0.0,g6_00009_4.tif
6708166,0,0.0,g6_00009_4.tif
6708174,0,0.0,g6_00009_4.tif
6750233,0,0.0,g6_00009_4.tif
6826328,0,0.0,g6_00009_4.tif
6826743,0,0.0,g6_00009_4.tif
6875657,0,0.0,g6_00009_4.tif
6875697,0,0.0,g6_00009_4.tif
7068078,0,0.0,g6_00009_4.tif
6085693,1,0.5906,g6_00009_5.tif
6085694,1,0.3647,g6_00009_5.tif
6275554,0,0.0,g6_00009_5.tif
6355562,0,0.0,g6_00009_5.tif
6355690,0,0.0,g6_00009_5.tif
6494342,0,0.0,g6_00009_5.tif
6494363,0,0.0,g6_00009_5.tif
6612024,0,0.0,g6_00009_5.tif
6644867,0,0.0,g6_00009_5.tif
6694727,0,0.0,g6_00009_5.tif
6708188,0,0.0,g6_00009_5.tif
6750250,0,0.0,g6_00009_5.tif
6927516,0,0.0,g6_00009_5.tif
6927517,0,0.0,g6_00009_5.tif
6927519,0,0.0,g6_00009_5.tif
6927520,0,0.0,g6_00009_5.tif
6927522,0,0.0,g6_00009_5.tif
7068083,0,0.0,g6_00009_5.tif
7068084,0,0.0,g6_00009_5.tif
6085693,1,0.4909,g6_00009_6.tif
6540172,0,0.0,g6_00009_6.tif
6540174,0,0.0,g6_00009_6.tif
6540180,0,0.0,g6_00009_6.tif
6891406,0,0.0,g6_00009_6.tif
6891408,0,0.0,g6_00009_6.tif
6954219,0,0.0,g6_00009_6.tif
6974470,0,0.0,g6_00009_6.tif
6974473,0,0.0,g6_00009_6.tif
6201304,0,0.0,g6_00014_3.tif
6201309,0,0.0,g6_00014_3.tif
6201311,1,0.4565,g6_00014_3.tif
6201315,0,0.0,g6_00014_3.tif
6201318,0,0.0,g6_00014_3.tif
6201320,1,0.2993,g6_00014_3.tif
6201714,0,0.0,g6_00014_3.tif
6203805,0,0.0,g6_00014_3.tif
6203821,0,0.0,g6_00014_3.tif
6222141,1,0.0625,g6_00014_3.tif
6222146,0,0.0,g6_00014_3.tif
6222202,0,0.0,g6_00014_3.tif
6222204,0,0.0,g6_00014_3.tif
6322619,0,0.0,g6_00014_3.tif
6322621,0,0.0,g6_00014_3.tif
6322627,0,0.0,g6_00014_3.tif
6322630,0,0.0,g6_00014_3.tif
6322787,0,0.0,g6_00014_3.tif
6339191,0,0.0,g6_00014_3.tif
6339193,0,0.0,g6_00014_3.tif
6339196,1,0.2959,g6_00014_3.tif
6529297,0,0.0,g6_00014_3.tif
6529298,0,0.0,g6_00014_3.tif
6529302,0,0.0,g6_00014_3.tif
6529303,0,0.0,g6_00014_3.tif
6529305,1,0.19,g6_00014_3.tif
6570333,0,0.0,g6_00014_3.tif
6570361,0,0.0,g6_00014_3.tif
6570460,1,0.0204,g6_00014_3.tif
6570511,2,0.2538,g6_00014_3.tif
6570630,0,0.0,g6_00014_3.tif
6754144,0,0.0,g6_00014_3.tif
6859479,0,0.0,g6_00014_3.tif
6958494,0,0.0,g6_00014_3.tif
7003293,0,0.0,g6_00014_3.tif
7003300,0,0.0,g6_00014_3.tif
7003386,0,0.0,g6_00014_3.tif
7003551,0,0.0,g6_00014_3.tif
6201298,0,0.0,g6_00014_4.tif
6201299,0,0.0,g6_00014_4.tif
6201308,0,0.0,g6_00014_4.tif
6201309,0,0.0,g6_00014_4.tif
6203805,0,0.0,g6_00014_4.tif
6203820,0,0.0,g6_00014_4.tif
6203821,0,0.0,g6_00014_4.tif
6203827,0,0.0,g6_00014_4.tif
6203940,0,0.0,g6_00014_4.tif
6205933,0,0.0,g6_00014_4.tif
6205935,0,0.0,g6_00014_4.tif
6322619,1,0.4786,g6_00014_4.tif
6322643,0,0.0,g6_00014_4.tif
6529295,1,0.6562,g6_00014_4.tif
6570322,0,0.0,g6_00014_4.tif
6570630,0,0.0,g6_00014_4.tif
6859476,0,0.0,g6_00014_4.tif
6859651,1,0.4066,g6_00014_4.tif
6859699,0,0.0,g6_00014_4.tif
6978643,0,0.0,g6_00014_4.tif
6978673,0,0.0,g6_00014_4.tif
6978675,0,0.0,g6_00014_4.tif
6147188,0,0.0,g6_00014_5.tif
6147190,0,0.0,g6_00014_5.tif
6147192,0,0.0,g6_00014_5.tif
6147194,0,0.0,g6_00014_5.tif
6147203,0,0.0,g6_00014_5.tif
6147209,0,0.0,g6_00014_5.tif
6147210,0,0.0,g6_00014_5.tif
6147261,0,0.0,g6_00014_5.tif
6437722,0,0.0,g6_00014_5.tif
6437723,0,0.0,g6_00014_5.tif
6437732,0,0.0,g6_00014_5.tif
6437871,0,0.0,g6_00014_5.tif
6437913,0,0.0,g6_00014_5.tif
6437953,0,0.0,g6_00014_5.tif
6438079,1,0.3759,g6_00014_5.tif
6496829,0,0.0,g6_00014_5.tif
6496834,0,0.0,g6_00014_5.tif
6496839,0,0.0,g6_00014_5.tif
6497108,0,0.0,g6_00014_5.tif
6497210,0,0.0,g6_00014_5.tif
6570322,0,0.0,g6_00014_5.tif
6587761,1,0.1273,g6_00014_5.tif
6587768,0,0.0,g6_00014_5.tif
6587773,0,0.0,g6_00014_5.tif
6587776,0,0.0,g6_00014_5.tif
6587947,0,0.0,g6_00014_5.tif
6702947,0,0.0,g6_00014_5.tif
6702948,0,0.0,g6_00014_5.tif
6702957,1,0.1801,g6_00014_5.tif
6702964,0,0.0,g6_00014_5.tif
6702971,1,0.4019,g6_00014_5.tif
6702977,0,0.0,g6_00014_5.tif
6702978,1,0.3524,g6_00014_5.tif
6702986,0,0.0,g6_00014_5.tif
6702987,0,0.0,g6_00014_5.tif
6702992,0,0.0,g6_00014_5.tif
6703907,0,0.0,g6_00014_5.tif
6703931,0,0.0,g6_00014_5.tif
6836613,0,0.0,g6_00014_5.tif
6836656,0,0.0,g6_00014_5.tif
6836687,0,0.0,g6_00014_5.tif
6134668,0,0.0,g6_00017_4.tif
6154528,0,0.0,g6_00017_4.tif
6187558,0,0.0,g6_00017_4.tif
6187559,0,0.0,g6_00017_4.tif
6187563,0,0.0,g6_00017_4.tif
6187689,0,0.0,g6_00017_4.tif
6187939,0,0.0,g6_00017_4.tif
6187940,0,0.0,g6_00017_4.tif
6187941,1,0.3034,g6_00017_4.tif
6188119,0,0.0,g6_00017_4.tif
6188201,0,0.0,g6_00017_4.tif
6188249,0,0.0,g6_00017_4.tif
6188286,0,0.0,g6_00017_4.tif
6188308,0,0.0,g6_00017_4.tif
6529297,0,0.0,g6_00017_4.tif
6529298,1,0.4052,g6_00017_4.tif
6534863,0,0.0,g6_00017_4.tif
6559002,0,0.0,g6_00017_4.tif
6559011,0,0.0,g6_00017_4.tif
6565774,0,0.0,g6_00017_4.tif
6565775,0,0.0,g6_00017_4.tif
6565790,1,0.3261,g6_00017_4.tif
6565792,0,0.0,g6_00017_4.tif
6565795,0,0.0,g6_00017_4.tif
6565835,0,0.0,g6_00017_4.tif
6565836,0,0.0,g6_00017_4.tif
6566186,0,0.0,g6_00017_4.tif
6566187,0,0.0,g6_00017_4.tif
6566213,0,0.0,g6_00017_4.tif
6591667,0,0.0,g6_00017_4.tif
6591838,0,0.0,g6_00017_4.tif
6749466,1,0.5758,g6_00017_4.tif
6749469,0,0.0,g6_00017_4.tif
6749883,1,0.541,g6_00017_4.tif
6754133,1,0.5333,g6_00017_4.tif
6754157,0,0.0,g6_00017_4.tif
6754388,0,0.0,g6_00017_4.tif
6988055,0,0.0,g6_00017_4.tif
6988394,0,0.0,g6_00017_4.tif
6152309,0,0.0,g6_00017_5.tif
6152310,1,0.2989,g6_00017_5.tif
6201298,0,0.0,g6_00017_5.tif
6201299,0,0.0,g6_00017_5.tif
6203820,1,0.5993,g6_00017_5.tif
6859476,1,0.3402,g6_00017_5.tif
6978643,1,0.843,g6_00017_5.tif
6152304,2,0.2675,g6_00017_6.tif
6152306,1,0.5678,g6_00017_6.tif
6180898,0,0.0,g6_00017_6.tif
6180900,0,0.0,g6_00017_6.tif
6180948,0,0.0,g6_00017_6.tif
6181028,0,0.0,g6_00017_6.tif
6181079,0,0.0,g6_00017_6.tif
6181110,0,0.0,g6_00017_6.tif
6525242,0,0.0,g6_00017_6.tif
6599799,0,0.0,g6_00017_6.tif
6599803,0,0.0,g6_00017_6.tif
6656815,0,0.0,g6_00017_6.tif
6656841,0,0.0,g6_00017_6.tif
6656845,0,0.0,g6_00017_6.tif
6656850,0,0.0,g6_00017_6.tif
6657171,1,0.3731,g6_00017_6.tif
6657228,0,0.0,g6_00017_6.tif
6657523,0,0.0,g6_00017_6.tif
6714968,1,0.4182,g6_00017_6.tif
6714969,1,0.2751,g6_00017_6.tif
6714972,0,0.0,g6_00017_6.tif
6714976,0,0.0,g6_00017_6.tif
6714977,0,0.0,g6_00017_6.tif
6935664,0,0.0,g6_00017_6.tif
6978646,0,0.0,g6_00017_6.tif
6978653,0,0.0,g6_00017_6.tif
6978655,0,0.0,g6_00017_6.tif
6978663,0,0.0,g6_00017_6.tif
6978665,0,0.0,g6_00017_6.tif
6978669,0,0.0,g6_00017_6.tif
6978688,0,0.0,g6_00017_6.tif
6978718,0,0.0,g6_00017_6.tif
6978719,1,0.6102,g6_00017_6.tif
6978726,0,0.0,g6_00017_6.tif
6978778,0,0.0,g6_00017_6.tif
7018370,0,0.0,g6_00017_6.tif
7018402,1,0.378,g6_00017_6.tif
7018419,0,0.0,g6_00017_6.tif
7018437,1,0.0964,g6_00017_6.tif
7018461,0,0.0,g6_00017_6.tif
7018473,0,0.0,g6_00017_6.tif
7018474,0,0.0,g6_00017_6.tif
7019154,0,0.0,g6_00017_6.tif
7019491,1,0.1691,g6_00017_6.tif
7019678,1,0.3077,g6_00017_6.tif
6134624,0,0.0,g6_00020_5.tif
6134625,0,0.0,g6_00020_5.tif
6187555,1,0.5312,g6_00020_5.tif
6187575,0,0.0,g6_00020_5.tif
6525249,0,0.0,g6_00020_5.tif
6565766,0,0.0,g6_00020_5.tif
6565811,0,0.0,g6_00020_5.tif
6565835,0,0.0,g6_00020_5.tif
6565836,1,0.0899,g6_00020_5.tif
6640602,1,0.6157,g6_00020_5.tif
6988050,0,0.0,g6_00020_5.tif
6988070,0,0.0,g6_00020_5.tif
6988077,0,0.0,g6_00020_5.tif
6988079,0,0.0,g6_00020_5.tif
6988081,0,0.0,g6_00020_5.tif
6988394,0,0.0,g6_00020_5.tif
6989140,0,0.0,g6_00020_5.tif
6174567,0,0.0,g6_00020_6.tif
6174569,1,0.5946,g6_00020_6.tif
6174585,0,0.0,g6_00020_6.tif
6303371,0,0.0,g6_00020_6.tif
6303373,0,0.0,g6_00020_6.tif
6580758,0,0.0,g6_00020_6.tif
6580769,0,0.0,g6_00020_6.tif
6580783,0,0.0,g6_00020_6.tif
6775871,1,0.5697,g6_00020_6.tif
6794255,0,0.0,g6_00020_6.tif
6794258,0,0.0,g6_00020_6.tif
6794259,0,0.0,g6_00020_6.tif
6906066,0,0.0,g6_00020_6.tif
6906089,0,0.0,g6_00020_6.tif
6906107,0,0.0,g6_00020_6.tif
6906112,0,0.0,g6_00020_6.tif
6906510,0,0.0,g6_00020_6.tif
6997022,0,0.0,g6_00020_6.tif
6301462,0,0.0,g6_00020_7.tif
6320753,0,0.0,g6_00020_7.tif
6320757,0,0.0,g6_00020_7.tif
6320762,0,0.0,g6_00020_7.tif
6320772,0,0.0,g6_00020_7.tif
6320803,0,0.0,g6_00020_7.tif
6320807,0,0.0,g6_00020_7.tif
6436729,0,0.0,g6_00020_7.tif
6775840,0,0.0,g6_00020_7.tif
6775853,0,0.0,g6_00020_7.tif
6775857,0,0.0,g6_00020_7.tif
6776550,0,0.0,g6_00020_7.tif
7057916,0,0.0,g6_00020_7.tif
7057921,0,0.0,g6_00020_7.tif
6111432,1,0.5886,g6_00023_15.tif
6232840,1,0.8537,g6_00023_15.tif
6232846,1,0.5739,g6_00023_15.tif
6250367,1,0.6769,g6_00023_15.tif
6250371,1,0.6741,g6_00023_15.tif
6268134,0,0.0,g6_00023_15.tif
6268330,0,0.0,g6_00023_15.tif
6270672,1,0.574,g6_00023_15.tif
6270675,1,0.4638,g6_00023_15.tif
6319534,1,0.3305,g6_00023_15.tif
6319589,1,0.5789,g6_00023_15.tif
6319592,1,0.3311,g6_00023_15.tif
6362656,1,0.8681,g6_00023_15.tif
6362662,0,0.0,g6_00023_15.tif
6362877,2,0.099,g6_00023_15.tif
6362964,1,0.0134,g6_00023_15.tif
6408126,0,0.0,g6_00023_15.tif
6408127,1,0.7198,g6_00023_15.tif
6453825,1,0.6975,g6_00023_15.tif
6574775,1,0.6395,g6_00023_15.tif
6575099,2,0.6421,g6_00023_15.tif
6575135,1,0.2755,g6_00023_15.tif
6575142,2,0.1087,g6_00023_15.tif
6575181,1,0.6372,g6_00023_15.tif
6599563,0,0.0,g6_00023_15.tif
6599577,1,0.5312,g6_00023_15.tif
6611666,1,0.6484,g6_00023_15.tif
6640849,2,0.3585,g6_00023_15.tif
6658482,2,0.6027,g6_00023_15.tif
6658486,1,0.005,g6_00023_15.tif
6659719,0,0.0,g6_00023_15.tif
6666591,1,0.5767,g6_00023_15.tif
6666592,0,0.0,g6_00023_15.tif
6666593,0,0.0,g6_00023_15.tif
6666602,1,0.0087,g6_00023_15.tif
6666604,0,0.0,g6_00023_15.tif
6666779,1,0.7556,g6_00023_15.tif
6666780,0,0.0,g6_00023_15.tif
6666789,1,0.7896,g6_00023_15.tif
6666799,2,0.3903,g6_00023_15.tif
6666804,1,0.5907,g6_00023_15.tif
6670715,0,0.0,g6_00023_15.tif
6691922,2,0.6504,g6_00023_15.tif
6724651,1,0.299,g6_00023_15.tif
6724656,1,0.4194,g6_00023_15.tif
6736609,0,0.0,g6_00023_15.tif
6802234,0,0.0,g6_00023_15.tif
6802281,1,0.3185,g6_00023_15.tif
6891334,5,0.2545,g6_00023_15.tif
6891339,1,0.8339,g6_00023_15.tif
6891344,1,0.6888,g6_00023_15.tif
6891636,1,0.7311,g6_00023_15.tif
6891649,2,0.4444,g6_00023_15.tif
6891728,1,0.0052,g6_00023_15.tif
6891740,1,0.3307,g6_00023_15.tif
6908527,2,0.2477,g6_00023_15.tif
6908530,0,0.0,g6_00023_15.tif
6975417,1,0.6667,g6_00023_15.tif
7014833,1,0.681,g6_00023_15.tif
7014839,0,0.0,g6_00023_15.tif
7014970,0,0.0,g6_00023_15.tif
7018617,1,0.5934,g6_00023_15.tif
7018619,2,0.2915,g6_00023_15.tif
7018622,1,0.6872,g6_00023_15.tif
7018906,1,0.2161,g6_00023_15.tif
7018907,1,0.5412,g6_00023_15.tif
7019234,1,0.4878,g6_00023_15.tif
7044216,0,0.0,g6_00023_15.tif
7064082,0,0.0,g6_00023_15.tif
7064086,1,0.5402,g6_00023_15.tif
6111442,1,0.3362,g6_00023_16.tif
6141489,0,0.0,g6_00023_16.tif
6171463,0,0.0,g6_00023_16.tif
6172340,2,0.6107,g6_00023_16.tif
6172343,1,0.261,g6_00023_16.tif
6250367,1,0.7664,g6_00023_16.tif
6268137,0,0.0,g6_00023_16.tif
6270679,0,0.0,g6_00023_16.tif
6324357,0,0.0,g6_00023_16.tif
6326019,2,0.7616,g6_00023_16.tif
6326158,0,0.0,g6_00023_16.tif
6362656,1,0.56,g6_00023_16.tif
6362663,0,0.0,g6_00023_16.tif
6593065,1,0.6552,g6_00023_16.tif
6600429,0,0.0,g6_00023_16.tif
6601224,0,0.0,g6_00023_16.tif
6666597,1,0.5328,g6_00023_16.tif
6666599,1,0.4027,g6_00023_16.tif
6666600,1,0.5176,g6_00023_16.tif
6666601,1,0.24,g6_00023_16.tif
6666602,1,0.5128,g6_00023_16.tif
6666607,0,0.0,g6_00023_16.tif
6666795,1,0.5942,g6_00023_16.tif
6670713,0,0.0,g6_00023_16.tif
6670714,1,0.6667,g6_00023_16.tif
6705284,1,0.1229,g6_00023_16.tif
6705321,1,0.2913,g6_00023_16.tif
6714340,1,0.5141,g6_00023_16.tif
6715861,1,0.679,g6_00023_16.tif
6716770,1,0.2377,g6_00023_16.tif
6726223,2,0.1169,g6_00023_16.tif
6736607,1,0.25,g6_00023_16.tif
6736616,0,0.0,g6_00023_16.tif
6736710,0,0.0,g6_00023_16.tif
6886248,1,0.2193,g6_00023_16.tif
6886585,2,0.3934,g6_00023_16.tif
6886587,0,0.0,g6_00023_16.tif
6908526,1,0.4263,g6_00023_16.tif
6908527,0,0.0,g6_00023_16.tif
6908528,0,0.0,g6_00023_16.tif
6936731,1,0.2484,g6_00023_16.tif
6936734,0,0.0,g6_00023_16.tif
6936838,0,0.0,g6_00023_16.tif
7014833,0,0.0,g6_00023_16.tif
7018612,0,0.0,g6_00023_16.tif
7018621,0,0.0,g6_00023_16.tif
7018622,0,0.0,g6_00023_16.tif
7018629,0,0.0,g6_00023_16.tif
7018636,0,0.0,g6_00023_16.tif
7052891,1,0.7229,g6_00023_16.tif
6112660,0,0.0,g6_00023_17.tif
6112697,1,0.0401,g6_00023_17.tif
6163367,0,0.0,g6_00023_17.tif
6178804,0,0.0,g6_00023_17.tif
6185194,1,0.4701,g6_00023_17.tif
6185196,0,0.0,g6_00023_17.tif
6185197,0,0.0,g6_00023_17.tif
6273099,1,0.5262,g6_00023_17.tif
6273103,1,0.7371,g6_00023_17.tif
6273320,0,0.0,g6_00023_17.tif
6273464,1,0.2676,g6_00023_17.tif
6273473,0,0.0,g6_00023_17.tif
6341901,0,0.0,g6_00023_17.tif
6341905,2,0.2522,g6_00023_17.tif
6341910,1,0.717,g6_00023_17.tif
6341912,0,0.0,g6_00023_17.tif
6342217,0,0.0,g6_00023_17.tif
6342266,0,0.0,g6_00023_17.tif
6363523,1,0.2727,g6_00023_17.tif
6558967,0,0.0,g6_00023_17.tif
6600412,0,0.0,g6_00023_17.tif
6600420,0,0.0,g6_00023_17.tif
6600513,0,0.0,g6_00023_17.tif
6601205,0,0.0,g6_00023_17.tif
6666595,1,0.6851,g6_00023_17.tif
6670694,0,0.0,g6_00023_17.tif
6670695,1,0.6542,g6_00023_17.tif
6670730,0,0.0,g6_00023_17.tif
6670749,0,0.0,g6_00023_17.tif
6715839,1,0.651,g6_00023_17.tif
6715885,1,0.5792,g6_00023_17.tif
6715904,2,0.5936,g6_00023_17.tif
6736602,1,0.819,g6_00023_17.tif
6736603,1,0.6444,g6_00023_17.tif
6886569,1,0.5948,g6_00023_17.tif
6886572,1,0.6456,g6_00023_17.tif
6886573,1,0.749,g6_00023_17.tif
6886581,1,0.4116,g6_00023_17.tif
6886582,1,0.2022,g6_00023_17.tif
6886610,1,0.6765,g6_00023_17.tif
6908520,1,0.1667,g6_00023_17.tif
6926864,0,0.0,g6_00023_17.tif
6946845,1,0.7975,g6_00023_17.tif
6946851,1,0.5769,g6_00023_17.tif
6946859,1,0.4911,g6_00023_17.tif
6947031,2,0.7355,g6_00023_17.tif
6947050,1,0.0285,g6_00023_17.tif
6953414,0,0.0,g6_00023_17.tif
6957581,0,0.0,g6_00023_17.tif
6957587,1,0.5584,g6_00023_17.tif
6957594,0,0.0,g6_00023_17.tif
6957870,1,0.5152,g6_00023_17.tif
6957927,0,0.0,g6_00023_17.tif
6957966,1,0.0134,g6_00023_17.tif
6984788,0,0.0,g6_00023_17.tif
6984944,1,0.7136,g6_00023_17.tif
6984969,1,0.6915,g6_00023_17.tif
7045236,0,0.0,g6_00023_17.tif
7064454,0,0.0,g6_00023_17.tif
6094963,0,0.0,g6_00023_18.tif
6094964,0,0.0,g6_00023_18.tif
6094965,0,0.0,g6_00023_18.tif
6094966,1,0.4511,g6_00023_18.tif
6094967,0,0.0,g6_00023_18.tif
6094972,0,0.0,g6_00023_18.tif
6094976,0,0.0,g6_00023_18.tif
6095025,0,0.0,g6_00023_18.tif
6095050,1,0.3902,g6_00023_18.tif
6095061,1,0.4631,g6_00023_18.tif
6095749,0,0.0,g6_00023_18.tif
6142461,1,0.4104,g6_00023_18.tif
6185193,1,0.1316,g6_00023_18.tif
6185197,0,0.0,g6_00023_18.tif
6202138,0,0.0,g6_00023_18.tif
6246367,0,0.0,g6_00023_18.tif
6273103,1,0.6571,g6_00023_18.tif
6273126,0,0.0,g6_00023_18.tif
6296125,1,0.2261,g6_00023_18.tif
6364858,0,0.0,g6_00023_18.tif
6509340,0,0.0,g6_00023_18.tif
6558967,0,0.0,g6_00023_18.tif
6600410,0,0.0,g6_00023_18.tif
6600412,0,0.0,g6_00023_18.tif
6600513,1,0.1362,g6_00023_18.tif
6600580,0,0.0,g6_00023_18.tif
6600588,0,0.0,g6_00023_18.tif
6600753,0,0.0,g6_00023_18.tif
6601122,0,0.0,g6_00023_18.tif
6605623,0,0.0,g6_00023_18.tif
6605670,0,0.0,g6_00023_18.tif
6624743,0,0.0,g6_00023_18.tif
6624752,1,0.2727,g6_00023_18.tif
6624865,1,0.1518,g6_00023_18.tif
6624874,0,0.0,g6_00023_18.tif
6643194,0,0.0,g6_00023_18.tif
6643203,0,0.0,g6_00023_18.tif
6643436,0,0.0,g6_00023_18.tif
6670695,0,0.0,g6_00023_18.tif
6670702,1,0.2628,g6_00023_18.tif
6670707,1,0.4393,g6_00023_18.tif
6670718,0,0.0,g6_00023_18.tif
6670723,1,0.424,g6_00023_18.tif
6670749,0,0.0,g6_00023_18.tif
6686380,0,0.0,g6_00023_18.tif
6696060,0,0.0,g6_00023_18.tif
6696128,0,0.0,g6_00023_18.tif
6738137,0,0.0,g6_00023_18.tif
6742984,0,0.0,g6_00023_18.tif
6742990,0,0.0,g6_00023_18.tif
6742996,0,0.0,g6_00023_18.tif
6742998,0,0.0,g6_00023_18.tif
6744391,1,0.5074,g6_00023_18.tif
6744403,0,0.0,g6_00023_18.tif
6744404,0,0.0,g6_00023_18.tif
6744551,0,0.0,g6_00023_18.tif
6745909,0,0.0,g6_00023_18.tif
6749903,0,0.0,g6_00023_18.tif
6749907,0,0.0,g6_00023_18.tif
6749914,0,0.0,g6_00023_18.tif
6749921,0,0.0,g6_00023_18.tif
6749974,0,0.0,g6_00023_18.tif
6794671,0,0.0,g6_00023_18.tif
6794672,0,0.0,g6_00023_18.tif
6794809,0,0.0,g6_00023_18.tif
6808650,0,0.0,g6_00023_18.tif
6808651,0,0.0,g6_00023_18.tif
6808663,1,0.3348,g6_00023_18.tif
6808666,1,0.442,g6_00023_18.tif
6808686,0,0.0,g6_00023_18.tif
6809339,1,0.215,g6_00023_18.tif
6809855,0,0.0,g6_00023_18.tif
6863008,1,0.1222,g6_00023_18.tif
6863025,0,0.0,g6_00023_18.tif
6863027,0,0.0,g6_00023_18.tif
6863033,1,0.3974,g6_00023_18.tif
6863034,0,0.0,g6_00023_18.tif
6863036,1,0.3531,g6_00023_18.tif
6886583,1,0.3555,g6_00023_18.tif
6946862,1,0.6015,g6_00023_18.tif
6946863,1,0.2184,g6_00023_18.tif
6947815,0,0.0,g6_00023_18.tif
6957579,1,0.392,g6_00023_18.tif
6957594,0,0.0,g6_00023_18.tif
6957602,0,0.0,g6_00023_18.tif
6957666,0,0.0,g6_00023_18.tif
6959711,1,0.6229,g6_00023_18.tif
6984788,1,0.6031,g6_00023_18.tif
6984793,1,0.5108,g6_00023_18.tif
6984795,1,0.3558,g6_00023_18.tif
6992705,1,0.6065,g6_00023_18.tif
6992710,0,0.0,g6_00023_18.tif
6992713,0,0.0,g6_00023_18.tif
6094974,0,0.0,g6_00024_0.tif
6121758,0,0.0,g6_00024_0.tif
6121766,0,0.0,g6_00024_0.tif
6121887,0,0.0,g6_00024_0.tif
6283611,0,0.0,g6_00024_0.tif
6283615,0,0.0,g6_00024_0.tif
6285642,1,0.6142,g6_00024_0.tif
6285643,0,0.0,g6_00024_0.tif
6285647,1,0.2826,g6_00024_0.tif
6285648,1,0.3706,g6_00024_0.tif
6285872,0,0.0,g6_00024_0.tif
6296078,2,0.5697,g6_00024_0.tif
6352006,0,0.0,g6_00024_0.tif
6352011,0,0.0,g6_00024_0.tif
6352036,0,0.0,g6_00024_0.tif
6425676,0,0.0,g6_00024_0.tif
6425698,1,0.5958,g6_00024_0.tif
6425772,1,0.1274,g6_00024_0.tif
6425894,0,0.0,g6_00024_0.tif
6427240,0,0.0,g6_00024_0.tif
6427380,0,0.0,g6_00024_0.tif
6597569,1,0.5746,g6_00024_0.tif
6597577,0,0.0,g6_00024_0.tif
6742984,0,0.0,g6_00024_0.tif
6749914,0,0.0,g6_00024_0.tif
6808638,1,0.6772,g6_00024_0.tif
6808640,1,0.4958,g6_00024_0.tif
6947815,0,0.0,g6_00024_0.tif
6950300,0,0.0,g6_00024_0.tif
6950302,0,0.0,g6_00024_0.tif
6117393,0,0.0,g6_00024_1.tif
6117394,0,0.0,g6_00024_1.tif
6117395,0,0.0,g6_00024_1.tif
6117398,0,0.0,g6_00024_1.tif
6117401,0,0.0,g6_00024_1.tif
6117480,0,0.0,g6_00024_1.tif
6117690,0,0.0,g6_00024_1.tif
6117691,0,0.0,g6_00024_1.tif
6117697,0,0.0,g6_00024_1.tif
6117705,0,0.0,g6_00024_1.tif
6117747,0,0.0,g6_00024_1.tif
6117753,0,0.0,g6_00024_1.tif
6117805,0,0.0,g6_00024_1.tif
6148141,0,0.0,g6_00024_1.tif
6162554,0,0.0,g6_00024_1.tif
6164121,0,0.0,g6_00024_1.tif
6164123,0,0.0,g6_00024_1.tif
6188364,0,0.0,g6_00024_1.tif
6188367,0,0.0,g6_00024_1.tif
6188368,0,0.0,g6_00024_1.tif
6188463,0,0.0,g6_00024_1.tif
6213667,0,0.0,g6_00024_1.tif
6213668,0,0.0,g6_00024_1.tif
6213715,0,0.0,g6_00024_1.tif
6233450,0,0.0,g6_00024_1.tif
6233452,0,0.0,g6_00024_1.tif
6233453,0,0.0,g6_00024_1.tif
6239979,0,0.0,g6_00024_1.tif
6285642,1,0.404,g6_00024_1.tif
6285656,1,0.25,g6_00024_1.tif
6285872,0,0.0,g6_00024_1.tif
6425674,0,0.0,g6_00024_1.tif
6425676,0,0.0,g6_00024_1.tif
6425678,0,0.0,g6_00024_1.tif
6460370,0,0.0,g6_00024_1.tif
6597517,1,0.4581,g6_00024_1.tif
6597557,1,0.645,g6_00024_1.tif
6606677,0,0.0,g6_00024_1.tif
6606686,0,0.0,g6_00024_1.tif
6614563,0,0.0,g6_00024_1.tif
6813396,1,0.7533,g6_00024_1.tif
6817456,0,0.0,g6_00024_1.tif
6817458,0,0.0,g6_00024_1.tif
6817460,0,0.0,g6_00024_1.tif
6817461,0,0.0,g6_00024_1.tif
6817466,2,0.2735,g6_00024_1.tif
6817474,0,0.0,g6_00024_1.tif
6817476,1,0.2879,g6_00024_1.tif
6817669,0,0.0,g6_00024_1.tif
6909682,0,0.0,g6_00024_1.tif
6912932,0,0.0,g6_00024_1.tif
6912934,1,0.3577,g6_00024_1.tif
6099287,1,0.2,g6_00026_16.tif
6099304,0,0.0,g6_00026_16.tif
6111432,1,0.6829,g6_00026_16.tif
6111444,1,0.219,g6_00026_16.tif
6120060,1,0.3947,g6_00026_16.tif
6173845,0,0.0,g6_00026_16.tif
6173955,0,0.0,g6_00026_16.tif
6173970,0,0.0,g6_00026_16.tif
6173997,0,0.0,g6_00026_16.tif
6174006,0,0.0,g6_00026_16.tif
6179252,2,0.3363,g6_00026_16.tif
6179253,1,0.221,g6_00026_16.tif
6179256,1,0.4212,g6_00026_16.tif
6179394,0,0.0,g6_00026_16.tif
6179535,0,0.0,g6_00026_16.tif
6194375,0,0.0,g6_00026_16.tif
6232846,1,0.7043,g6_00026_16.tif
6232858,0,0.0,g6_00026_16.tif
6248990,0,0.0,g6_00026_16.tif
6250357,2,0.3742,g6_00026_16.tif
6250359,1,0.4804,g6_00026_16.tif
6250361,1,0.3289,g6_00026_16.tif
6250362,1,0.2733,g6_00026_16.tif
6250366,2,0.4005,g6_00026_16.tif
6250371,2,0.7163,g6_00026_16.tif
6250372,0,0.0,g6_00026_16.tif
6270669,1,0.6115,g6_00026_16.tif
6270671,0,0.0,g6_00026_16.tif
6270675,1,0.5357,g6_00026_16.tif
6270678,0,0.0,g6_00026_16.tif
6270683,1,0.6228,g6_00026_16.tif
6270686,1,0.5547,g6_00026_16.tif
6324348,1,0.2201,g6_00026_16.tif
6324356,0,0.0,g6_00026_16.tif
6359097,1,0.6108,g6_00026_16.tif
6364834,1,0.3601,g6_00026_16.tif
6408125,1,0.6371,g6_00026_16.tif
6408126,1,0.6898,g6_00026_16.tif
6408127,1,0.4524,g6_00026_16.tif
6408143,1,0.4654,g6_00026_16.tif
6408146,0,0.0,g6_00026_16.tif
6408181,0,0.0,g6_00026_16.tif
6414921,1,0.4911,g6_00026_16.tif
6414927,0,0.0,g6_00026_16.tif
6453819,1,0.6598,g6_00026_16.tif
6453825,0,0.0,g6_00026_16.tif
6500762,0,0.0,g6_00026_16.tif
6525858,1,0.0039,g6_00026_16.tif
6525862,1,0.5344,g6_00026_16.tif
6525939,0,0.0,g6_00026_16.tif
6593059,0,0.0,g6_00026_16.tif
6593061,0,0.0,g6_00026_16.tif
6593067,1,0.369,g6_00026_16.tif
6593068,1,0.6124,g6_00026_16.tif
6593071,1,0.4371,g6_00026_16.tif
6593333,0,0.0,g6_00026_16.tif
6593349,1,0.528,g6_00026_16.tif
6593363,0,0.0,g6_00026_16.tif
6593450,0,0.0,g6_00026_16.tif
6605272,1,0.4703,g6_00026_16.tif
6605343,1,0.2778,g6_00026_16.tif
6605344,0,0.0,g6_00026_16.tif
6605564,0,0.0,g6_00026_16.tif
6605924,0,0.0,g6_00026_16.tif
6605925,0,0.0,g6_00026_16.tif
6621806,1,0.2874,g6_00026_16.tif
6630253,1,0.4083,g6_00026_16.tif
6630399,0,0.0,g6_00026_16.tif
6634682,1,0.7646,g6_00026_16.tif
6634683,2,0.3426,g6_00026_16.tif
6634685,0,0.0,g6_00026_16.tif
6634713,1,0.0127,g6_00026_16.tif
6640851,1,0.3232,g6_00026_16.tif
6640854,0,0.0,g6_00026_16.tif
6640857,0,0.0,g6_00026_16.tif
6658474,1,0.0008,g6_00026_16.tif
6659726,1,0.7394,g6_00026_16.tif
6659730,2,0.5015,g6_00026_16.tif
6661240,4,0.2102,g6_00026_16.tif
6661243,1,0.5945,g6_00026_16.tif
6661246,1,0.6182,g6_00026_16.tif
6661247,1,0.5528,g6_00026_16.tif
6661251,1,0.2692,g6_00026_16.tif
6661257,1,0.7254,g6_00026_16.tif
6661561,1,0.0134,g6_00026_16.tif
6661639,1,0.566,g6_00026_16.tif
6661724,1,0.6096,g6_00026_16.tif
6661843,1,0.6652,g6_00026_16.tif
6661906,0,0.0,g6_00026_16.tif
6661907,1,0.2978,g6_00026_16.tif
6663224,1,0.6993,g6_00026_16.tif
6663226,1,0.8153,g6_00026_16.tif
6663227,4,0.2535,g6_00026_16.tif
6686415,1,0.2422,g6_00026_16.tif
6692968,0,0.0,g6_00026_16.tif
6712956,0,0.0,g6_00026_16.tif
6712959,0,0.0,g6_00026_16.tif
6724642,0,0.0,g6_00026_16.tif
6724644,1,0.5967,g6_00026_16.tif
6724651,1,0.6388,g6_00026_16.tif
6725036,2,0.366,g6_00026_16.tif
6725068,1,0.0036,g6_00026_16.tif
6743517,0,0.0,g6_00026_16.tif
6758260,1,0.3107,g6_00026_16.tif
6758265,0,0.0,g6_00026_16.tif
6758266,0,0.0,g6_00026_16.tif
6758344,0,0.0,g6_00026_16.tif
6758445,0,0.0,g6_00026_16.tif
6802229,0,0.0,g6_00026_16.tif
6802234,0,0.0,g6_00026_16.tif
6802236,1,0.7348,g6_00026_16.tif
6802241,0,0.0,g6_00026_16.tif
6802245,0,0.0,g6_00026_16.tif
6803827,1,0.681,g6_00026_16.tif
6803837,1,0.2876,g6_00026_16.tif
6803843,1,0.4059,g6_00026_16.tif
6803945,0,0.0,g6_00026_16.tif
6803967,1,0.2792,g6_00026_16.tif
6804399,0,0.0,g6_00026_16.tif
6832133,0,0.0,g6_00026_16.tif
6832164,0,0.0,g6_00026_16.tif
6926865,2,0.2866,g6_00026_16.tif
6935506,0,0.0,g6_00026_16.tif
6935536,2,0.3919,g6_00026_16.tif
6965874,1,0.6591,g6_00026_16.tif
6966077,1,0.62,g6_00026_16.tif
7005030,0,0.0,g6_00026_16.tif
7005031,0,0.0,g6_00026_16.tif
7018690,1,0.4718,g6_00026_16.tif
7018695,1,0.3969,g6_00026_16.tif
7045982,1,0.7687,g6_00026_16.tif
7045984,0,0.0,g6_00026_16.tif
7045987,1,0.571,g6_00026_16.tif
7045990,1,0.3574,g6_00026_16.tif
7045995,0,0.0,g6_00026_16.tif
7074175,0,0.0,g6_00026_16.tif
7074181,1,0.5253,g6_00026_16.tif
6087692,1,0.2025,g6_00026_17.tif
6097744,0,0.0,g6_00026_17.tif
6143571,0,0.0,g6_00026_17.tif
6155039,0,0.0,g6_00026_17.tif
6163363,2,0.6198,g6_00026_17.tif
6163365,2,0.5325,g6_00026_17.tif
6171461,0,0.0,g6_00026_17.tif
6171462,0,0.0,g6_00026_17.tif
6172345,1,0.6559,g6_00026_17.tif
6172346,0,0.0,g6_00026_17.tif
6172492,0,0.0,g6_00026_17.tif
6250364,1,0.3062,g6_00026_17.tif
6250366,0,0.0,g6_00026_17.tif
6250372,2,0.194,g6_00026_17.tif
6251600,0,0.0,g6_00026_17.tif
6270665,1,0.5852,g6_00026_17.tif
6270668,1,0.6876,g6_00026_17.tif
6270677,1,0.2857,g6_00026_17.tif
6270678,0,0.0,g6_00026_17.tif
6270680,0,0.0,g6_00026_17.tif
6324356,1,0.4153,g6_00026_17.tif
6325888,1,0.6206,g6_00026_17.tif
6359096,0,0.0,g6_00026_17.tif
6359099,0,0.0,g6_00026_17.tif
6359167,0,0.0,g6_00026_17.tif
6408118,1,0.5859,g6_00026_17.tif
6408133,1,0.6544,g6_00026_17.tif
6408173,1,0.0418,g6_00026_17.tif
6409804,1,0.5519,g6_00026_17.tif
6409816,1,0.5714,g6_00026_17.tif
6409822,1,0.65,g6_00026_17.tif
6409840,0,0.0,g6_00026_17.tif
6412748,0,0.0,g6_00026_17.tif
6412753,2,0.5243,g6_00026_17.tif
6412760,1,0.3023,g6_00026_17.tif
6412767,0,0.0,g6_00026_17.tif
6414900,1,0.7023,g6_00026_17.tif
6414913,1,0.375,g6_00026_17.tif
6414917,0,0.0,g6_00026_17.tif
6414919,1,0.2258,g6_00026_17.tif
6414925,0,0.0,g6_00026_17.tif
6416488,0,0.0,g6_00026_17.tif
6418429,1,0.3164,g6_00026_17.tif
6420880,1,0.6256,g6_00026_17.tif
6453807,0,0.0,g6_00026_17.tif
6453808,1,0.3125,g6_00026_17.tif
6453809,1,0.5536,g6_00026_17.tif
6453826,1,0.6013,g6_00026_17.tif
6453836,0,0.0,g6_00026_17.tif
6453849,1,0.0265,g6_00026_17.tif
6454184,0,0.0,g6_00026_17.tif
6454224,0,0.0,g6_00026_17.tif
6500535,1,0.4177,g6_00026_17.tif
6500538,0,0.0,g6_00026_17.tif
6500762,1,0.1298,g6_00026_17.tif
6501390,1,0.2071,g6_00026_17.tif
6501393,1,0.2821,g6_00026_17.tif
6501394,1,0.0429,g6_00026_17.tif
6501396,0,0.0,g6_00026_17.tif
6501399,0,0.0,g6_00026_17.tif
6501413,1,0.4981,g6_00026_17.tif
6501416,1,0.3789,g6_00026_17.tif
6501489,1,0.0057,g6_00026_17.tif
6575147,0,0.0,g6_00026_17.tif
6589564,1,0.609,g6_00026_17.tif
6589577,1,0.0481,g6_00026_17.tif
6589634,1,0.4286,g6_00026_17.tif
6593068,1,0.3636,g6_00026_17.tif
6634688,1,0.1875,g6_00026_17.tif
6634689,1,0.5486,g6_00026_17.tif
6640854,0,0.0,g6_00026_17.tif
6640855,0,0.0,g6_00026_17.tif
6686401,1,0.2127,g6_00026_17.tif
6686404,1,0.7405,g6_00026_17.tif
6686408,1,0.6364,g6_00026_17.tif
6686415,1,0.6125,g6_00026_17.tif
6686422,0,0.0,g6_00026_17.tif
6694164,1,0.7639,g6_00026_17.tif
6705275,2,0.1558,g6_00026_17.tif
6705278,0,0.0,g6_00026_17.tif
6705285,1,0.5479,g6_00026_17.tif
6705288,2,0.1968,g6_00026_17.tif
6705453,0,0.0,g6_00026_17.tif
6714340,0,0.0,g6_00026_17.tif
6714343,0,0.0,g6_00026_17.tif
6714726,0,0.0,g6_00026_17.tif
6715842,1,0.7225,g6_00026_17.tif
6715843,1,0.6862,g6_00026_17.tif
6715856,2,0.2266,g6_00026_17.tif
6715881,1,0.5841,g6_00026_17.tif
6724642,1,0.7524,g6_00026_17.tif
6724658,0,0.0,g6_00026_17.tif
6725036,0,0.0,g6_00026_17.tif
6743656,1,0.3404,g6_00026_17.tif
6758265,0,0.0,g6_00026_17.tif
6758267,0,0.0,g6_00026_17.tif
6758344,0,0.0,g6_00026_17.tif
6758445,0,0.0,g6_00026_17.tif
6822390,0,0.0,g6_00026_17.tif
6822392,0,0.0,g6_00026_17.tif
6822396,2,0.5594,g6_00026_17.tif
6822409,1,0.5636,g6_00026_17.tif
6822431,0,0.0,g6_00026_17.tif
6831989,1,0.4067,g6_00026_17.tif
6886249,1,0.7087,g6_00026_17.tif
6894042,0,0.0,g6_00026_17.tif
6894066,0,0.0,g6_00026_17.tif
6935512,2,0.4295,g6_00026_17.tif
6935924,1,0.0123,g6_00026_17.tif
6953423,1,0.0722,g6_00026_17.tif
6965881,1,0.3436,g6_00026_17.tif
7005035,1,0.3108,g6_00026_17.tif
7005041,0,0.0,g6_00026_17.tif
6084446,1,0.0677,g6_00026_18.tif
6084450,1,0.4314,g6_00026_18.tif
6084453,0,0.0,g6_00026_18.tif
6084454,0,0.0,g6_00026_18.tif
6084456,0,0.0,g6_00026_18.tif
6084458,0,0.0,g6_00026_18.tif
6097738,0,0.0,g6_00026_18.tif
6112660,0,0.0,g6_00026_18.tif
6141485,1,0.459,g6_00026_18.tif
6141571,0,0.0,g6_00026_18.tif
6143038,0,0.0,g6_00026_18.tif
6143171,0,0.0,g6_00026_18.tif
6143575,1,0.2778,g6_00026_18.tif
6143576,1,0.2778,g6_00026_18.tif
6143579,1,0.5549,g6_00026_18.tif
6143582,1,0.6441,g6_00026_18.tif
6143586,1,0.1909,g6_00026_18.tif
6143588,1,0.5131,g6_00026_18.tif
6143594,0,0.0,g6_00026_18.tif
6172344,1,0.1726,g6_00026_18.tif
6172346,0,0.0,g6_00026_18.tif
6172492,0,0.0,g6_00026_18.tif
6178804,0,0.0,g6_00026_18.tif
6178806,1,0.6573,g6_00026_18.tif
6178815,0,0.0,g6_00026_18.tif
6251600,0,0.0,g6_00026_18.tif
6341900,0,0.0,g6_00026_18.tif
6341901,1,0.8642,g6_00026_18.tif
6341905,2,0.3218,g6_00026_18.tif
6341912,0,0.0,g6_00026_18.tif
6341914,0,0.0,g6_00026_18.tif
6341917,1,0.4813,g6_00026_18.tif
6342217,0,0.0,g6_00026_18.tif
6363524,1,0.5234,g6_00026_18.tif
6363528,1,0.5017,g6_00026_18.tif
6370536,0,0.0,g6_00026_18.tif
6374037,1,0.098,g6_00026_18.tif
6400392,1,0.2356,g6_00026_18.tif
6400574,0,0.0,g6_00026_18.tif
6409798,1,0.4394,g6_00026_18.tif
6409817,0,0.0,g6_00026_18.tif
6409822,0,0.0,g6_00026_18.tif
6410071,0,0.0,g6_00026_18.tif
6410411,1,0.549,g6_00026_18.tif
6412748,0,0.0,g6_00026_18.tif
6414880,1,0.7961,g6_00026_18.tif
6414884,1,0.3193,g6_00026_18.tif
6414901,1,0.6622,g6_00026_18.tif
6430682,2,0.1609,g6_00026_18.tif
6430683,0,0.0,g6_00026_18.tif
6453817,1,0.6801,g6_00026_18.tif
6575091,0,0.0,g6_00026_18.tif
6575147,0,0.0,g6_00026_18.tif
6600415,1,0.4328,g6_00026_18.tif
6600421,1,0.3542,g6_00026_18.tif
6616246,0,0.0,g6_00026_18.tif
6616508,0,0.0,g6_00026_18.tif
6616534,1,0.3416,g6_00026_18.tif
6621468,1,0.6555,g6_00026_18.tif
6670704,1,0.4798,g6_00026_18.tif
6681404,1,0.1145,g6_00026_18.tif
6681845,1,0.5187,g6_00026_18.tif
6681847,1,0.5238,g6_00026_18.tif
6699252,1,0.7511,g6_00026_18.tif
6699256,1,0.1491,g6_00026_18.tif
6702430,0,0.0,g6_00026_18.tif
6705302,1,0.3589,g6_00026_18.tif
6706456,0,0.0,g6_00026_18.tif
6707182,2,0.1831,g6_00026_18.tif
6707196,0,0.0,g6_00026_18.tif
6715853,1,0.7637,g6_00026_18.tif
6715862,1,0.5355,g6_00026_18.tif
6715870,1,0.6987,g6_00026_18.tif
6715885,0,0.0,g6_00026_18.tif
6715886,0,0.0,g6_00026_18.tif
6715891,1,0.2713,g6_00026_18.tif
6715900,0,0.0,g6_00026_18.tif
6715914,1,0.6067,g6_00026_18.tif
6716239,1,0.4404,g6_00026_18.tif
6758276,0,0.0,g6_00026_18.tif
6822392,0,0.0,g6_00026_18.tif
6859361,0,0.0,g6_00026_18.tif
6894042,1,0.2345,g6_00026_18.tif
6926852,2,0.3962,g6_00026_18.tif
6935546,1,0.401,g6_00026_18.tif
6936735,1,0.0848,g6_00026_18.tif
6953345,1,0.0933,g6_00026_18.tif
6953412,1,0.5884,g6_00026_18.tif
6953423,0,0.0,g6_00026_18.tif
6953452,0,0.0,g6_00026_18.tif
6953467,1,0.3224,g6_00026_18.tif
6988791,1,0.6127,g6_00026_18.tif
7061043,0,0.0,g6_00026_18.tif
7077279,0,0.0,g6_00026_18.tif
6091551,0,0.0,g6_00027_0.tif
6094975,1,0.5267,g6_00027_0.tif
6095749,1,0.5604,g6_00027_0.tif
6095766,1,0.3689,g6_00027_0.tif
6296104,1,0.4859,g6_00027_0.tif
6371240,0,0.0,g6_00027_0.tif
6371309,0,0.0,g6_00027_0.tif
6371321,0,0.0,g6_00027_0.tif
6395249,0,0.0,g6_00027_0.tif
6395255,0,0.0,g6_00027_0.tif
6400392,0,0.0,g6_00027_0.tif
6400640,0,0.0,g6_00027_0.tif
6409850,0,0.0,g6_00027_0.tif
6409859,0,0.0,g6_00027_0.tif
6425681,0,0.0,g6_00027_0.tif
6469358,0,0.0,g6_00027_0.tif
6469359,0,0.0,g6_00027_0.tif
6469360,0,0.0,g6_00027_0.tif
6509323,1,0.3709,g6_00027_0.tif
6509333,0,0.0,g6_00027_0.tif
6600415,1,0.5252,g6_00027_0.tif
6616251,0,0.0,g6_00027_0.tif
6624743,0,0.0,g6_00027_0.tif
6638511,0,0.0,g6_00027_0.tif
6638512,0,0.0,g6_00027_0.tif
6638513,0,0.0,g6_00027_0.tif
6638517,0,0.0,g6_00027_0.tif
6638521,1,0.5209,g6_00027_0.tif
6638526,0,0.0,g6_00027_0.tif
6638909,0,0.0,g6_00027_0.tif
6640413,1,0.3485,g6_00027_0.tif
6643191,1,0.5517,g6_00027_0.tif
6643193,1,0.7766,g6_00027_0.tif
6643197,1,0.4607,g6_00027_0.tif
6643510,0,0.0,g6_00027_0.tif
6643587,1,0.0328,g6_00027_0.tif
6649780,0,0.0,g6_00027_0.tif
6649782,0,0.0,g6_00027_0.tif
6649783,0,0.0,g6_00027_0.tif
6649856,0,0.0,g6_00027_0.tif
6653855,1,0.7378,g6_00027_0.tif
6663322,1,0.0541,g6_00027_0.tif
6663324,0,0.0,g6_00027_0.tif
6670690,0,0.0,g6_00027_0.tif
6675372,0,0.0,g6_00027_0.tif
6685749,0,0.0,g6_00027_0.tif
6685752,0,0.0,g6_00027_0.tif
6705316,0,0.0,g6_00027_0.tif
6705317,0,0.0,g6_00027_0.tif
6707995,0,0.0,g6_00027_0.tif
6716978,0,0.0,g6_00027_0.tif
6717015,0,0.0,g6_00027_0.tif
6926859,1,0.6596,g6_00027_0.tif
6926875,1,0.4795,g6_00027_0.tif
6953520,1,0.0477,g6_00027_0.tif
7014843,0,0.0,g6_00027_0.tif
7077273,0,0.0,g6_00027_0.tif
6094974,0,0.0,g6_00027_1.tif
6095753,1,0.3494,g6_00027_1.tif
6095756,0,0.0,g6_00027_1.tif
6102195,1,0.6453,g6_00027_1.tif
6116249,1,0.011,g6_00027_1.tif
6116252,0,0.0,g6_00027_1.tif
6116253,1,0.249,g6_00027_1.tif
6116254,0,0.0,g6_00027_1.tif
6116257,1,0.37,g6_00027_1.tif
6116258,0,0.0,g6_00027_1.tif
6116260,0,0.0,g6_00027_1.tif
6116261,0,0.0,g6_00027_1.tif
6116262,0,0.0,g6_00027_1.tif
6116337,0,0.0,g6_00027_1.tif
6243437,1,0.1701,g6_00027_1.tif
6293793,1,0.0028,g6_00027_1.tif
6296090,1,0.2846,g6_00027_1.tif
6296104,1,0.5314,g6_00027_1.tif
6296107,0,0.0,g6_00027_1.tif
6296115,1,0.6765,g6_00027_1.tif
6296217,0,0.0,g6_00027_1.tif
6395249,0,0.0,g6_00027_1.tif
6395253,1,0.4922,g6_00027_1.tif
6395255,1,0.4307,g6_00027_1.tif
6399723,0,0.0,g6_00027_1.tif
6409809,0,0.0,g6_00027_1.tif
6613260,1,0.5681,g6_00027_1.tif
6613265,0,0.0,g6_00027_1.tif
6613267,0,0.0,g6_00027_1.tif
6613268,1,0.2963,g6_00027_1.tif
6613275,1,0.3092,g6_00027_1.tif
6613276,0,0.0,g6_00027_1.tif
6613278,0,0.0,g6_00027_1.tif
6613279,0,0.0,g6_00027_1.tif
6638519,1,0.3029,g6_00027_1.tif
6638521,0,0.0,g6_00027_1.tif
6638525,0,0.0,g6_00027_1.tif
6638527,0,0.0,g6_00027_1.tif
6644551,1,0.4687,g6_00027_1.tif
6644800,1,0.144,g6_00027_1.tif
6707995,0,0.0,g6_00027_1.tif
6862997,0,0.0,g6_00027_1.tif
6862998,2,0.4769,g6_00027_1.tif
6863000,0,0.0,g6_00027_1.tif
6863003,1,0.6676,g6_00027_1.tif
6863004,1,0.1429,g6_00027_1.tif
6863005,1,0.3856,g6_00027_1.tif
7014835,0,0.0,g6_00027_1.tif
7014836,0,0.0,g6_00027_1.tif
7014843,0,0.0,g6_00027_1.tif
7014846,0,0.0,g6_00027_1.tif
6094065,2,0.1557,g6_00027_2.tif
6094067,0,0.0,g6_00027_2.tif
6094069,1,0.2634,g6_00027_2.tif
6095608,1,0.3883,g6_00027_2.tif
6095612,0,0.0,g6_00027_2.tif
6095613,0,0.0,g6_00027_2.tif
6095615,1,0.313,g6_00027_2.tif
6102191,0,0.0,g6_00027_2.tif
6102194,0,0.0,g6_00027_2.tif
6102211,1,0.5904,g6_00027_2.tif
6102519,0,0.0,g6_00027_2.tif
6102522,0,0.0,g6_00027_2.tif
6121756,0,0.0,g6_00027_2.tif
6121764,0,0.0,g6_00027_2.tif
6121961,0,0.0,g6_00027_2.tif
6165263,0,0.0,g6_00027_2.tif
6165266,0,0.0,g6_00027_2.tif
6165274,0,0.0,g6_00027_2.tif
6165284,0,0.0,g6_00027_2.tif
6165357,0,0.0,g6_00027_2.tif
6167140,0,0.0,g6_00027_2.tif
6167141,0,0.0,g6_00027_2.tif
6169138,0,0.0,g6_00027_2.tif
6212156,0,0.0,g6_00027_2.tif
6243444,0,0.0,g6_00027_2.tif
6243446,0,0.0,g6_00027_2.tif
6243453,0,0.0,g6_00027_2.tif
6370529,0,0.0,g6_00027_2.tif
6370530,1,0.4098,g6_00027_2.tif
6370531,0,0.0,g6_00027_2.tif
6370539,0,0.0,g6_00027_2.tif
6370546,1,0.225,g6_00027_2.tif
6370634,1,0.3017,g6_00027_2.tif
6370653,1,0.0152,g6_00027_2.tif
6396935,0,0.0,g6_00027_2.tif
6399723,0,0.0,g6_00027_2.tif
6399728,0,0.0,g6_00027_2.tif
6399744,0,0.0,g6_00027_2.tif
6401108,1,0.3138,g6_00027_2.tif
6401117,0,0.0,g6_00027_2.tif
6401237,0,0.0,g6_00027_2.tif
6401248,0,0.0,g6_00027_2.tif
6406006,0,0.0,g6_00027_2.tif
6406007,0,0.0,g6_00027_2.tif
6406009,0,0.0,g6_00027_2.tif
6463972,0,0.0,g6_00027_2.tif
6463980,0,0.0,g6_00027_2.tif
6469356,0,0.0,g6_00027_2.tif
6469357,0,0.0,g6_00027_2.tif
6505457,0,0.0,g6_00027_2.tif
6505493,0,0.0,g6_00027_2.tif
6563156,0,0.0,g6_00027_2.tif
6613267,0,0.0,g6_00027_2.tif
6613281,0,0.0,g6_00027_2.tif
6939036,0,0.0,g6_00027_2.tif
6945219,0,0.0,g6_00027_2.tif
6945306,0,0.0,g6_00027_2.tif
6945462,0,0.0,g6_00027_2.tif
7025844,0,0.0,g6_00027_2.tif
7025845,0,0.0,g6_00027_2.tif
6102119,0,0.0,g6_00029_17.tif
6102131,0,0.0,g6_00029_17.tif
6102137,1,0.0962,g6_00029_17.tif
6102234,1,0.3469,g6_00029_17.tif
6155085,0,0.0,g6_00029_17.tif
6205363,0,0.0,g6_00029_17.tif
6212478,0,0.0,g6_00029_17.tif
6212481,1,0.383,g6_00029_17.tif
6212482,1,0.1065,g6_00029_17.tif
6212486,0,0.0,g6_00029_17.tif
6212487,1,0.5773,g6_00029_17.tif
6212489,1,0.4478,g6_00029_17.tif
6212532,0,0.0,g6_00029_17.tif
6224891,0,0.0,g6_00029_17.tif
6225102,1,0.0078,g6_00029_17.tif
6225136,1,0.5833,g6_00029_17.tif
6225250,0,0.0,g6_00029_17.tif
6225320,0,0.0,g6_00029_17.tif
6248986,1,0.7675,g6_00029_17.tif
6248987,0,0.0,g6_00029_17.tif
6248993,0,0.0,g6_00029_17.tif
6249062,1,0.0288,g6_00029_17.tif
6265796,0,0.0,g6_00029_17.tif
6265869,0,0.0,g6_00029_17.tif
6265884,0,0.0,g6_00029_17.tif
6298192,0,0.0,g6_00029_17.tif
6298194,0,0.0,g6_00029_17.tif
6298195,0,0.0,g6_00029_17.tif
6298198,0,0.0,g6_00029_17.tif
6298199,0,0.0,g6_00029_17.tif
6298234,0,0.0,g6_00029_17.tif
6333421,0,0.0,g6_00029_17.tif
6333439,0,0.0,g6_00029_17.tif
6359097,0,0.0,g6_00029_17.tif
6408129,1,0.4899,g6_00029_17.tif
6408146,1,0.4661,g6_00029_17.tif
6408148,2,0.3333,g6_00029_17.tif
6408183,0,0.0,g6_00029_17.tif
6409811,1,0.5331,g6_00029_17.tif
6412763,0,0.0,g6_00029_17.tif
6414888,1,0.7476,g6_00029_17.tif
6416489,0,0.0,g6_00029_17.tif
6420875,1,0.5708,g6_00029_17.tif
6486817,0,0.0,g6_00029_17.tif
6491986,0,0.0,g6_00029_17.tif
6491989,0,0.0,g6_00029_17.tif
6491996,1,0.0507,g6_00029_17.tif
6491998,0,0.0,g6_00029_17.tif
6621489,1,0.5608,g6_00029_17.tif
6621493,0,0.0,g6_00029_17.tif
6621494,0,0.0,g6_00029_17.tif
6640844,1,0.6867,g6_00029_17.tif
6640845,1,0.683,g6_00029_17.tif
6640860,0,0.0,g6_00029_17.tif
6640951,0,0.0,g6_00029_17.tif
6641026,0,0.0,g6_00029_17.tif
6661240,1,0.3487,g6_00029_17.tif
6661243,0,0.0,g6_00029_17.tif
6661251,1,0.6307,g6_00029_17.tif
6661252,2,0.6127,g6_00029_17.tif
6661254,1,0.5351,g6_00029_17.tif
6661256,1,0.3096,g6_00029_17.tif
6661262,1,0.5678,g6_00029_17.tif
6699956,1,0.6624,g6_00029_17.tif
6699957,0,0.0,g6_00029_17.tif
6726219,2,0.7808,g6_00029_17.tif
6726224,0,0.0,g6_00029_17.tif
6726227,0,0.0,g6_00029_17.tif
6726229,1,0.4184,g6_00029_17.tif
6726231,0,0.0,g6_00029_17.tif
6726488,0,0.0,g6_00029_17.tif
6758266,1,0.4865,g6_00029_17.tif
6781691,1,0.432,g6_00029_17.tif
6781695,0,0.0,g6_00029_17.tif
6918318,1,0.2396,g6_00029_17.tif
6918324,1,0.5946,g6_00029_17.tif
6918335,0,0.0,g6_00029_17.tif
6918348,1,0.1299,g6_00029_17.tif
7005028,0,0.0,g6_00029_17.tif
7045982,1,0.5263,g6_00029_17.tif
7045984,0,0.0,g6_00029_17.tif
7045993,1,0.3349,g6_00029_17.tif
7045994,1,0.4918,g6_00029_17.tif
7045996,1,0.3293,g6_00029_17.tif
7046464,1,0.3799,g6_00029_17.tif
6084447,0,0.0,g6_00029_18.tif
6086052,0,0.0,g6_00029_18.tif
6086738,0,0.0,g6_00029_18.tif
6086741,1,0.3758,g6_00029_18.tif
6086750,0,0.0,g6_00029_18.tif
6097740,1,0.5906,g6_00029_18.tif
6097748,0,0.0,g6_00029_18.tif
6097845,0,0.0,g6_00029_18.tif
6143569,0,0.0,g6_00029_18.tif
6143571,0,0.0,g6_00029_18.tif
6168454,0,0.0,g6_00029_18.tif
6168483,0,0.0,g6_00029_18.tif
6168492,0,0.0,g6_00029_18.tif
6168522,0,0.0,g6_00029_18.tif
6194371,2,0.6047,g6_00029_18.tif
6194381,0,0.0,g6_00029_18.tif
6194383,1,0.1233,g6_00029_18.tif
6194416,1,0.437,g6_00029_18.tif
6194429,0,0.0,g6_00029_18.tif
6196970,0,0.0,g6_00029_18.tif
6197169,0,0.0,g6_00029_18.tif
6197181,0,0.0,g6_00029_18.tif
6212484,1,0.4682,g6_00029_18.tif
6212491,1,0.4776,g6_00029_18.tif
6212493,1,0.3786,g6_00029_18.tif
6265897,0,0.0,g6_00029_18.tif
6298198,0,0.0,g6_00029_18.tif
6359096,0,0.0,g6_00029_18.tif
6359097,0,0.0,g6_00029_18.tif
6374038,1,0.0256,g6_00029_18.tif
6374040,1,0.5929,g6_00029_18.tif
6408081,0,0.0,g6_00029_18.tif
6408105,1,0.0124,g6_00029_18.tif
6408140,1,0.5,g6_00029_18.tif
6408148,1,0.5147,g6_00029_18.tif
6408149,0,0.0,g6_00029_18.tif
6408186,0,0.0,g6_00029_18.tif
6408506,0,0.0,g6_00029_18.tif
6408549,1,0.6166,g6_00029_18.tif
6409806,0,0.0,g6_00029_18.tif
6410302,0,0.0,g6_00029_18.tif
6412757,1,0.5833,g6_00029_18.tif
6412759,0,0.0,g6_00029_18.tif
6412763,1,0.4215,g6_00029_18.tif
6412766,0,0.0,g6_00029_18.tif
6412802,0,0.0,g6_00029_18.tif
6412916,1,0.4113,g6_00029_18.tif
6412917,0,0.0,g6_00029_18.tif
6414888,1,0.0545,g6_00029_18.tif
6414917,0,0.0,g6_00029_18.tif
6414925,0,0.0,g6_00029_18.tif
6416489,1,0.4564,g6_00029_18.tif
6416492,0,0.0,g6_00029_18.tif
6418434,1,0.5896,g6_00029_18.tif
6418442,1,0.3611,g6_00029_18.tif
6418789,1,0.592,g6_00029_18.tif
6418790,2,0.3907,g6_00029_18.tif
6420954,0,0.0,g6_00029_18.tif
6453804,0,0.0,g6_00029_18.tif
6453806,0,0.0,g6_00029_18.tif
6453809,0,0.0,g6_00029_18.tif
6453851,0,0.0,g6_00029_18.tif
6454184,0,0.0,g6_00029_18.tif
6501399,1,0.5187,g6_00029_18.tif
6621487,1,0.7222,g6_00029_18.tif
6640855,1,0.2735,g6_00029_18.tif
6661260,0,0.0,g6_00029_18.tif
6681401,1,0.5725,g6_00029_18.tif
6694131,0,0.0,g6_00029_18.tif
6694177,1,0.448,g6_00029_18.tif
6694456,0,0.0,g6_00029_18.tif
6702800,0,0.0,g6_00029_18.tif
6702829,0,0.0,g6_00029_18.tif
6702830,0,0.0,g6_00029_18.tif
6702912,0,0.0,g6_00029_18.tif
6705311,0,0.0,g6_00029_18.tif
6707186,0,0.0,g6_00029_18.tif
6707190,0,0.0,g6_00029_18.tif
6707251,0,0.0,g6_00029_18.tif
6707294,0,0.0,g6_00029_18.tif
6714336,0,0.0,g6_00029_18.tif
6715871,1,0.5,g6_00029_18.tif
6715872,1,0.7259,g6_00029_18.tif
6715884,0,0.0,g6_00029_18.tif
6715888,0,0.0,g6_00029_18.tif
6715893,0,0.0,g6_00029_18.tif
6715894,0,0.0,g6_00029_18.tif
6715897,0,0.0,g6_00029_18.tif
6758266,1,0.0877,g6_00029_18.tif
6905777,1,0.6238,g6_00029_18.tif
6905783,1,0.4239,g6_00029_18.tif
6953326,1,0.6846,g6_00029_18.tif
6953331,2,0.3106,g6_00029_18.tif
6953338,2,0.0851,g6_00029_18.tif
6953370,1,0.4562,g6_00029_18.tif
6953416,1,0.0031,g6_00029_18.tif
6953425,1,0.6134,g6_00029_18.tif
6953438,0,0.0,g6_00029_18.tif
6953447,1,0.2722,g6_00029_18.tif
6953490,0,0.0,g6_00029_18.tif
6954821,0,0.0,g6_00029_18.tif
7005041,0,0.0,g6_00029_18.tif
6084446,0,0.0,g6_00030_0.tif
6084447,0,0.0,g6_00030_0.tif
6084448,0,0.0,g6_00030_0.tif
6086049,2,0.4676,g6_00030_0.tif
6086090,0,0.0,g6_00030_0.tif
6086731,0,0.0,g6_00030_0.tif
6091545,0,0.0,g6_00030_0.tif
6143036,0,0.0,g6_00030_0.tif
6143038,1,0.1852,g6_00030_0.tif
6143079,0,0.0,g6_00030_0.tif
6143115,0,0.0,g6_00030_0.tif
6143171,1,0.0952,g6_00030_0.tif
6143571,1,0.191,g6_00030_0.tif
6143576,1,0.1159,g6_00030_0.tif
6168449,0,0.0,g6_00030_0.tif
6251594,1,0.669,g6_00030_0.tif
6251600,1,0.4067,g6_00030_0.tif
6359098,1,0.5194,g6_00030_0.tif
6408142,1,0.5232,g6_00030_0.tif
6409824,1,0.271,g6_00030_0.tif
6409826,0,0.0,g6_00030_0.tif
6409862,0,0.0,g6_00030_0.tif
6412761,0,0.0,g6_00030_0.tif
6430684,0,0.0,g6_00030_0.tif
6680023,0,0.0,g6_00030_0.tif
6680270,0,0.0,g6_00030_0.tif
6680362,0,0.0,g6_00030_0.tif
6681401,0,0.0,g6_00030_0.tif
6681403,1,0.5466,g6_00030_0.tif
6681404,1,0.2826,g6_00030_0.tif
6681405,1,0.4135,g6_00030_0.tif
6681406,0,0.0,g6_00030_0.tif
6681841,0,0.0,g6_00030_0.tif
6686373,1,0.0898,g6_00030_0.tif
6686390,0,0.0,g6_00030_0.tif
6686392,0,0.0,g6_00030_0.tif
6686398,0,0.0,g6_00030_0.tif
6691917,0,0.0,g6_00030_0.tif
6691920,1,0.3977,g6_00030_0.tif
6691938,0,0.0,g6_00030_0.tif
6694127,1,0.2473,g6_00030_0.tif
6694140,1,0.2265,g6_00030_0.tif
6694154,1,0.5635,g6_00030_0.tif
6694174,0,0.0,g6_00030_0.tif
6699250,1,0.243,g6_00030_0.tif
6699263,1,0.2706,g6_00030_0.tif
6699270,0,0.0,g6_00030_0.tif
6699943,1,0.0108,g6_00030_0.tif
6699988,0,0.0,g6_00030_0.tif
6702430,0,0.0,g6_00030_0.tif
6702443,0,0.0,g6_00030_0.tif
6702444,0,0.0,g6_00030_0.tif
6702448,0,0.0,g6_00030_0.tif
6702815,2,0.3956,g6_00030_0.tif
6702816,0,0.0,g6_00030_0.tif
6702817,0,0.0,g6_00030_0.tif
6702823,0,0.0,g6_00030_0.tif
6702834,0,0.0,g6_00030_0.tif
6706456,0,0.0,g6_00030_0.tif
6707071,0,0.0,g6_00030_0.tif
6707072,0,0.0,g6_00030_0.tif
6707110,0,0.0,g6_00030_0.tif
6707196,0,0.0,g6_00030_0.tif
6715853,1,0.4945,g6_00030_0.tif
6715879,1,0.3549,g6_00030_0.tif
6715884,1,0.6449,g6_00030_0.tif
6715889,0,0.0,g6_00030_0.tif
6718646,0,0.0,g6_00030_0.tif
6718647,1,0.0047,g6_00030_0.tif
6750763,0,0.0,g6_00030_0.tif
6758271,0,0.0,g6_00030_0.tif
6758276,0,0.0,g6_00030_0.tif
6791686,0,0.0,g6_00030_0.tif
6894033,1,0.6691,g6_00030_0.tif
6894044,0,0.0,g6_00030_0.tif
6927190,0,0.0,g6_00030_0.tif
6953370,1,0.5526,g6_00030_0.tif
6953393,1,0.6667,g6_00030_0.tif
6953408,1,0.4839,g6_00030_0.tif
6953418,1,0.5564,g6_00030_0.tif
6953443,1,0.2722,g6_00030_0.tif
6953444,1,0.6723,g6_00030_0.tif
6953451,0,0.0,g6_00030_0.tif
6953453,1,0.4275,g6_00030_0.tif
6953454,0,0.0,g6_00030_0.tif
6953460,0,0.0,g6_00030_0.tif
6086060,1,0.4581,g6_00030_1.tif
6091541,0,0.0,g6_00030_1.tif
6091546,0,0.0,g6_00030_1.tif
6091556,0,0.0,g6_00030_1.tif
6091563,0,0.0,g6_00030_1.tif
6360198,1,0.313,g6_00030_1.tif
6409814,1,0.2365,g6_00030_1.tif
6502713,0,0.0,g6_00030_1.tif
6502722,0,0.0,g6_00030_1.tif
6638528,0,0.0,g6_00030_1.tif
6681841,1,0.2974,g6_00030_1.tif
6686388,1,0.4676,g6_00030_1.tif
6691917,2,0.2885,g6_00030_1.tif
6691920,0,0.0,g6_00030_1.tif
6694123,1,0.7317,g6_00030_1.tif
6694180,1,0.3514,g6_00030_1.tif
6699255,1,0.553,g6_00030_1.tif
6702817,1,0.5649,g6_00030_1.tif
6717334,1,0.3269,g6_00030_1.tif
6717335,0,0.0,g6_00030_1.tif
6753792,1,0.5034,g6_00030_1.tif
6753794,0,0.0,g6_00030_1.tif
6753797,0,0.0,g6_00030_1.tif
6760066,0,0.0,g6_00030_1.tif
6879122,0,0.0,g6_00030_1.tif
6894044,1,0.4333,g6_00030_1.tif
6953349,0,0.0,g6_00030_1.tif
7005985,0,0.0,g6_00030_1.tif
7005986,0,0.0,g6_00030_1.tif
7005987,0,0.0,g6_00030_1.tif
6343097,0,0.0,g6_00030_2.tif
6343105,0,0.0,g6_00030_2.tif
6343106,1,0.5704,g6_00030_2.tif
6343107,1,0.2636,g6_00030_2.tif
6498885,0,0.0,g6_00030_2.tif
6498886,0,0.0,g6_00030_2.tif
6498889,1,0.6136,g6_00030_2.tif
6498891,0,0.0,g6_00030_2.tif
6498896,0,0.0,g6_00030_2.tif
6499008,1,0.0041,g6_00030_2.tif
6499026,1,0.5102,g6_00030_2.tif
6500913,0,0.0,g6_00030_2.tif
6500921,1,0.5523,g6_00030_2.tif
6500923,1,0.434,g6_00030_2.tif
6502707,0,0.0,g6_00030_2.tif
6502713,0,0.0,g6_00030_2.tif
6502714,1,0.5141,g6_00030_2.tif
6502719,0,0.0,g6_00030_2.tif
6502722,0,0.0,g6_00030_2.tif
6502726,1,0.4078,g6_00030_2.tif
6502739,0,0.0,g6_00030_2.tif
6502740,0,0.0,g6_00030_2.tif
6502742,0,0.0,g6_00030_2.tif
6507001,0,0.0,g6_00030_2.tif
6600251,0,0.0,g6_00030_2.tif
6753792,0,0.0,g6_00030_2.tif
6814381,0,0.0,g6_00030_2.tif
6953349,1,0.345,g6_00030_2.tif
6953390,1,0.7085,g6_00030_2.tif
6095618,0,0.0,g6_00030_3.tif
6095619,0,0.0,g6_00030_3.tif
6102198,1,0.4863,g6_00030_3.tif
6102200,0,0.0,g6_00030_3.tif
6165790,0,0.0,g6_00030_3.tif
6256808,1,0.5692,g6_00030_3.tif
6256811,0,0.0,g6_00030_3.tif
6256815,2,0.3708,g6_00030_3.tif
6256825,0,0.0,g6_00030_3.tif
6256896,0,0.0,g6_00030_3.tif
6341913,1,0.1812,g6_00030_3.tif
6370066,0,0.0,g6_00030_3.tif
6370543,0,0.0,g6_00030_3.tif
6406018,0,0.0,g6_00030_3.tif
6424491,0,0.0,g6_00030_3.tif
6424492,0,0.0,g6_00030_3.tif
6463982,0,0.0,g6_00030_3.tif
6469356,0,0.0,g6_00030_3.tif
6469357,0,0.0,g6_00030_3.tif
6486562,0,0.0,g6_00030_3.tif
6502745,0,0.0,g6_00030_3.tif
6507017,0,0.0,g6_00030_3.tif
6597515,1,0.5139,g6_00030_3.tif
6638599,0,0.0,g6_00030_3.tif
6644565,0,0.0,g6_00030_3.tif
6644566,0,0.0,g6_00030_3.tif
6699665,1,0.3991,g6_00030_3.tif
6699672,0,0.0,g6_00030_3.tif
6699864,0,0.0,g6_00030_3.tif
6699930,0,0.0,g6_00030_3.tif
6700619,0,0.0,g6_00030_3.tif
6772531,0,0.0,g6_00030_3.tif
6912184,0,0.0,g6_00030_3.tif
6103343,0,0.0,g6_00032_10.tif
6103344,0,0.0,g6_00032_10.tif
6114823,0,0.0,g6_00032_10.tif
6114824,0,0.0,g6_00032_10.tif
6114830,0,0.0,g6_00032_10.tif
6103346,0,0.0,g6_00032_11.tif
6112353,0,0.0,g6_00032_11.tif
6112357,0,0.0,g6_00032_11.tif
6114822,0,0.0,g6_00032_11.tif
6114849,0,0.0,g6_00032_11.tif
6114856,0,0.0,g6_00032_11.tif
6130823,0,0.0,g6_00032_11.tif
6130912,0,0.0,g6_00032_11.tif
6144269,0,0.0,g6_00032_11.tif
6219017,0,0.0,g6_00032_11.tif
6219018,0,0.0,g6_00032_11.tif
6566069,0,0.0,g6_00032_11.tif
6566070,0,0.0,g6_00032_11.tif
6566071,0,0.0,g6_00032_11.tif
6566087,0,0.0,g6_00032_11.tif
6566353,0,0.0,g6_00032_11.tif
6713829,0,0.0,g6_00032_11.tif
6780259,0,0.0,g6_00032_11.tif
6780261,0,0.0,g6_00032_11.tif
6780268,0,0.0,g6_00032_11.tif
6780568,0,0.0,g6_00032_11.tif
6780580,0,0.0,g6_00032_11.tif
6865058,0,0.0,g6_00032_11.tif
6934073,0,0.0,g6_00032_11.tif
6973439,0,0.0,g6_00032_11.tif
6973445,0,0.0,g6_00032_11.tif
6973468,0,0.0,g6_00032_11.tif
6973535,0,0.0,g6_00032_11.tif
6973575,0,0.0,g6_00032_11.tif
6973878,0,0.0,g6_00032_11.tif
7004274,0,0.0,g6_00032_11.tif
7073789,0,0.0,g6_00032_11.tif
7073790,0,0.0,g6_00032_11.tif
7073793,0,0.0,g6_00032_11.tif
7073794,0,0.0,g6_00032_11.tif
7073796,0,0.0,g6_00032_11.tif
6788962,0,0.0,g6_00032_9.tif
6092269,0,0.0,g6_00034_6.tif
6092277,0,0.0,g6_00034_6.tif
6094566,0,0.0,g6_00034_6.tif
6106888,0,0.0,g6_00034_6.tif
6106898,0,0.0,g6_00034_6.tif
6287195,0,0.0,g6_00034_6.tif
6287197,0,0.0,g6_00034_6.tif
6287198,0,0.0,g6_00034_6.tif
6287204,0,0.0,g6_00034_6.tif
6350692,0,0.0,g6_00034_6.tif
6350694,0,0.0,g6_00034_6.tif
6350696,0,0.0,g6_00034_6.tif
6350698,0,0.0,g6_00034_6.tif
6350974,0,0.0,g6_00034_6.tif
6382218,0,0.0,g6_00034_6.tif
6426821,0,0.0,g6_00034_6.tif
6522243,0,0.0,g6_00034_6.tif
6522253,0,0.0,g6_00034_6.tif
6091075,0,0.0,g6_00034_7.tif
6091076,0,0.0,g6_00034_7.tif
6091079,0,0.0,g6_00034_7.tif
6092501,0,0.0,g6_00034_7.tif
6092508,0,0.0,g6_00034_7.tif
6092509,0,0.0,g6_00034_7.tif
6100702,0,0.0,g6_00034_7.tif
6198392,0,0.0,g6_00034_7.tif
6291881,0,0.0,g6_00034_7.tif
6291889,0,0.0,g6_00034_7.tif
6314049,0,0.0,g6_00034_7.tif
6332592,0,0.0,g6_00034_7.tif
6332594,0,0.0,g6_00034_7.tif
6418581,0,0.0,g6_00034_7.tif
6418582,0,0.0,g6_00034_7.tif
6452693,0,0.0,g6_00034_7.tif
6544280,0,0.0,g6_00034_7.tif
6627590,0,0.0,g6_00034_7.tif
6627597,0,0.0,g6_00034_7.tif
6627601,0,0.0,g6_00034_7.tif
6627606,0,0.0,g6_00034_7.tif
6629578,0,0.0,g6_00034_7.tif
6629579,0,0.0,g6_00034_7.tif
6641448,0,0.0,g6_00034_7.tif
6641449,0,0.0,g6_00034_7.tif
6819377,0,0.0,g6_00034_7.tif
6867383,0,0.0,g6_00034_7.tif
6929642,0,0.0,g6_00034_7.tif
6929643,0,0.0,g6_00034_7.tif
6929651,0,0.0,g6_00034_7.tif
7008831,0,0.0,g6_00034_7.tif
7008848,0,0.0,g6_00034_7.tif
7008870,0,0.0,g6_00034_7.tif
6125005,0,0.0,g6_00035_10.tif
6519963,0,0.0,g6_00035_10.tif
6519964,0,0.0,g6_00035_10.tif
6519966,0,0.0,g6_00035_10.tif
6719032,0,0.0,g6_00035_10.tif
6744273,0,0.0,g6_00035_10.tif
6744279,0,0.0,g6_00035_10.tif
6340443,0,0.0,g6_00035_11.tif
6340535,0,0.0,g6_00035_11.tif
6788964,0,0.0,g6_00035_11.tif
6084420,0,0.0,g6_00035_12.tif
6084428,0,0.0,g6_00035_12.tif
6116267,0,0.0,g6_00035_12.tif
6116268,0,0.0,g6_00035_12.tif
6116273,0,0.0,g6_00035_12.tif
6116275,0,0.0,g6_00035_12.tif
6116281,1,0.3986,g6_00035_12.tif
6116309,0,0.0,g6_00035_12.tif
6116366,1,0.1386,g6_00035_12.tif
6116384,0,0.0,g6_00035_12.tif
6140480,0,0.0,g6_00035_12.tif
6140481,1,0.3311,g6_00035_12.tif
6140484,1,0.4749,g6_00035_12.tif
6140497,0,0.0,g6_00035_12.tif
6140535,0,0.0,g6_00035_12.tif
6140579,0,0.0,g6_00035_12.tif
6189607,0,0.0,g6_00035_12.tif
6228535,0,0.0,g6_00035_12.tif
6269077,0,0.0,g6_00035_12.tif
6269243,0,0.0,g6_00035_12.tif
6269250,0,0.0,g6_00035_12.tif
6399611,0,0.0,g6_00035_12.tif
6523719,0,0.0,g6_00035_12.tif
6523720,0,0.0,g6_00035_12.tif
6523992,0,0.0,g6_00035_12.tif
6541082,0,0.0,g6_00035_12.tif
6541083,0,0.0,g6_00035_12.tif
6541084,0,0.0,g6_00035_12.tif
6598732,0,0.0,g6_00035_12.tif
6598768,0,0.0,g6_00035_12.tif
6598771,0,0.0,g6_00035_12.tif
6614924,0,0.0,g6_00035_12.tif
6615036,0,0.0,g6_00035_12.tif
6615069,0,0.0,g6_00035_12.tif
6635960,0,0.0,g6_00035_12.tif
6757987,0,0.0,g6_00035_12.tif
6757989,0,0.0,g6_00035_12.tif
6757991,0,0.0,g6_00035_12.tif
6758123,0,0.0,g6_00035_12.tif
6758174,0,0.0,g6_00035_12.tif
6758348,0,0.0,g6_00035_12.tif
6969246,0,0.0,g6_00035_12.tif
6969247,0,0.0,g6_00035_12.tif
6969252,0,0.0,g6_00035_12.tif
6969325,0,0.0,g6_00035_12.tif
6969343,0,0.0,g6_00035_12.tif
7006049,0,0.0,g6_00035_12.tif
6198406,0,0.0,g6_00037_7.tif
6091065,0,0.0,g6_00037_8.tif
6145510,0,0.0,g6_00038_11.tif
6719326,0,0.0,g6_00038_11.tif
6116267,1,0.0413,g6_00038_13.tif
6116268,0,0.0,g6_00038_13.tif
6116281,0,0.0,g6_00038_13.tif
6116366,0,0.0,g6_00038_13.tif
6116384,0,0.0,g6_00038_13.tif
6140481,1,0.5764,g6_00038_13.tif
6140488,1,0.5223,g6_00038_13.tif
6140490,0,0.0,g6_00038_13.tif
6140491,0,0.0,g6_00038_13.tif
6140496,0,0.0,g6_00038_13.tif
6140498,0,0.0,g6_00038_13.tif
6175364,0,0.0,g6_00038_13.tif
6244662,0,0.0,g6_00038_13.tif
6269077,1,0.4125,g6_00038_13.tif
6360692,1,0.4583,g6_00038_13.tif
6360696,0,0.0,g6_00038_13.tif
6360698,0,0.0,g6_00038_13.tif
6364420,1,0.1591,g6_00038_13.tif
6364438,0,0.0,g6_00038_13.tif
6364446,0,0.0,g6_00038_13.tif
6364457,0,0.0,g6_00038_13.tif
6364596,0,0.0,g6_00038_13.tif
6431719,0,0.0,g6_00038_13.tif
6431774,0,0.0,g6_00038_13.tif
6598732,0,0.0,g6_00038_13.tif
6635573,0,0.0,g6_00038_13.tif
6678624,1,0.5753,g6_00038_13.tif
6678639,0,0.0,g6_00038_13.tif
6678641,0,0.0,g6_00038_13.tif
6678649,0,0.0,g6_00038_13.tif
6691815,0,0.0,g6_00038_13.tif
6691819,0,0.0,g6_00038_13.tif
6691918,0,0.0,g6_00038_13.tif
6693987,1,0.4842,g6_00038_13.tif
6718225,1,0.8241,g6_00038_13.tif
6718271,1,0.5424,g6_00038_13.tif
6718286,0,0.0,g6_00038_13.tif
6718374,0,0.0,g6_00038_13.tif
6767241,0,0.0,g6_00038_13.tif
6767369,0,0.0,g6_00038_13.tif
6969246,0,0.0,g6_00038_13.tif
6969252,0,0.0,g6_00038_13.tif
7006049,1,0.0331,g6_00038_13.tif
7032951,1,0.6197,g6_00038_13.tif
7032952,1,0.6481,g6_00038_13.tif
6361165,0,0.0,g6_00039_14.tif
6361166,0,0.0,g6_00039_14.tif
6522770,1,0.6348,g6_00039_14.tif
6609039,0,0.0,g6_00039_14.tif
6723891,0,0.0,g6_00039_14.tif
6723893,0,0.0,g6_00039_14.tif
6723913,0,0.0,g6_00039_14.tif
6838980,0,0.0,g6_00039_14.tif
6869902,0,0.0,g6_00039_14.tif
6960460,0,0.0,g6_00039_14.tif
6960462,0,0.0,g6_00039_14.tif
6960464,0,0.0,g6_00039_14.tif
6161108,1,0.2305,g6_00039_15.tif
6161111,0,0.0,g6_00039_15.tif
6161115,0,0.0,g6_00039_15.tif
6294798,0,0.0,g6_00039_15.tif
6294800,0,0.0,g6_00039_15.tif
6483319,0,0.0,g6_00039_15.tif
6483357,0,0.0,g6_00039_15.tif
6540429,0,0.0,g6_00039_15.tif
6540432,0,0.0,g6_00039_15.tif
6599322,0,0.0,g6_00039_15.tif
6599325,0,0.0,g6_00039_15.tif
6609039,0,0.0,g6_00039_15.tif
6656784,0,0.0,g6_00039_15.tif
6656808,0,0.0,g6_00039_15.tif
6705780,0,0.0,g6_00039_15.tif
6716617,0,0.0,g6_00039_15.tif
6716619,0,0.0,g6_00039_15.tif
6716646,0,0.0,g6_00039_15.tif
6838988,0,0.0,g6_00039_15.tif
6838990,0,0.0,g6_00039_15.tif
6868244,1,0.3846,g6_00039_15.tif
6868261,0,0.0,g6_00039_15.tif
6897760,0,0.0,g6_00039_15.tif
6897779,0,0.0,g6_00039_15.tif
6085836,0,0.0,g6_00041_16.tif
6085838,0,0.0,g6_00041_16.tif
6085843,0,0.0,g6_00041_16.tif
6114079,0,0.0,g6_00041_16.tif
6114081,0,0.0,g6_00041_16.tif
6128660,0,0.0,g6_00041_16.tif
6296180,0,0.0,g6_00041_16.tif
6296200,0,0.0,g6_00041_16.tif
6296208,0,0.0,g6_00041_16.tif
6403368,0,0.0,g6_00041_16.tif
6403370,0,0.0,g6_00041_16.tif
6403454,0,0.0,g6_00041_16.tif
6589550,0,0.0,g6_00041_16.tif
6589609,0,0.0,g6_00041_16.tif
6589811,0,0.0,g6_00041_16.tif
6748353,0,0.0,g6_00041_16.tif
6748354,0,0.0,g6_00041_16.tif
6768170,0,0.0,g6_00041_16.tif
6768171,0,0.0,g6_00041_16.tif
6768172,0,0.0,g6_00041_16.tif
6768182,0,0.0,g6_00041_16.tif
6983642,0,0.0,g6_00041_16.tif
6983644,0,0.0,g6_00041_16.tif
6983648,0,0.0,g6_00041_16.tif
7045592,0,0.0,g6_00041_16.tif
7045600,0,0.0,g6_00041_16.tif
7045603,1,0.3566,g6_00041_16.tif
7045717,0,0.0,g6_00041_16.tif
7045750,0,0.0,g6_00041_16.tif
6088426,0,0.0,g6_00041_17.tif
6088433,0,0.0,g6_00041_17.tif
6088437,0,0.0,g6_00041_17.tif
6114076,0,0.0,g6_00041_17.tif
6114081,0,0.0,g6_00041_17.tif
6114097,0,0.0,g6_00041_17.tif
6128673,0,0.0,g6_00041_17.tif
6129178,0,0.0,g6_00041_17.tif
6129183,0,0.0,g6_00041_17.tif
6129210,0,0.0,g6_00041_17.tif
6139295,0,0.0,g6_00041_17.tif
6139304,0,0.0,g6_00041_17.tif
6139318,1,0.3333,g6_00041_17.tif
6139349,1,0.3884,g6_00041_17.tif
6196758,0,0.0,g6_00041_17.tif
6196860,0,0.0,g6_00041_17.tif
6197093,0,0.0,g6_00041_17.tif
6227315,0,0.0,g6_00041_17.tif
6243304,0,0.0,g6_00041_17.tif
6243307,0,0.0,g6_00041_17.tif
6243308,1,0.3158,g6_00041_17.tif
6243383,0,0.0,g6_00041_17.tif
6252688,0,0.0,g6_00041_17.tif
6252728,0,0.0,g6_00041_17.tif
6260720,0,0.0,g6_00041_17.tif
6304740,0,0.0,g6_00041_17.tif
6304743,0,0.0,g6_00041_17.tif
6304840,0,0.0,g6_00041_17.tif
6568718,0,0.0,g6_00041_17.tif
6718423,0,0.0,g6_00041_17.tif
6748353,0,0.0,g6_00041_17.tif
6748354,0,0.0,g6_00041_17.tif
6768178,0,0.0,g6_00041_17.tif
6773373,0,0.0,g6_00041_17.tif
6773382,0,0.0,g6_00041_17.tif
6773383,0,0.0,g6_00041_17.tif
6773601,0,0.0,g6_00041_17.tif
6808499,0,0.0,g6_00041_17.tif
6808517,0,0.0,g6_00041_17.tif
6808629,0,0.0,g6_00041_17.tif
6808725,0,0.0,g6_00041_17.tif
6824848,0,0.0,g6_00041_17.tif
6943905,0,0.0,g6_00041_17.tif
6952611,0,0.0,g6_00041_17.tif
6952642,0,0.0,g6_00041_17.tif
6995942,0,0.0,g6_00041_17.tif
6995949,0,0.0,g6_00041_17.tif
6996298,0,0.0,g6_00041_17.tif
6996317,0,0.0,g6_00041_17.tif
7045592,0,0.0,g6_00041_17.tif
7068454,0,0.0,g6_00041_17.tif
7068457,0,0.0,g6_00041_17.tif
6087167,0,0.0,g6_00042_10.tif
6130101,0,0.0,g6_00042_10.tif
6130114,0,0.0,g6_00042_10.tif
6131568,0,0.0,g6_00042_10.tif
6131575,0,0.0,g6_00042_10.tif
6135115,0,0.0,g6_00042_10.tif
6204602,0,0.0,g6_00042_10.tif
6206292,0,0.0,g6_00042_10.tif
6206305,1,0.3974,g6_00042_10.tif
6206308,0,0.0,g6_00042_10.tif
6206309,0,0.0,g6_00042_10.tif
6206310,0,0.0,g6_00042_10.tif
6206311,0,0.0,g6_00042_10.tif
6206780,0,0.0,g6_00042_10.tif
6208574,0,0.0,g6_00042_10.tif
6208577,1,0.1684,g6_00042_10.tif
6208579,1,0.1855,g6_00042_10.tif
6259628,0,0.0,g6_00042_10.tif
6259636,0,0.0,g6_00042_10.tif
6259637,0,0.0,g6_00042_10.tif
6259971,0,0.0,g6_00042_10.tif
6264511,1,0.4316,g6_00042_10.tif
6264516,0,0.0,g6_00042_10.tif
6282282,0,0.0,g6_00042_10.tif
6316183,0,0.0,g6_00042_10.tif
6316201,0,0.0,g6_00042_10.tif
6316202,0,0.0,g6_00042_10.tif
6316259,0,0.0,g6_00042_10.tif
6317052,1,0.2014,g6_00042_10.tif
6319188,0,0.0,g6_00042_10.tif
6319190,0,0.0,g6_00042_10.tif
6319194,1,0.5404,g6_00042_10.tif
6320917,0,0.0,g6_00042_10.tif
6320922,0,0.0,g6_00042_10.tif
6323683,1,0.4815,g6_00042_10.tif
6323684,0,0.0,g6_00042_10.tif
6323686,1,0.0068,g6_00042_10.tif
6323688,2,0.4212,g6_00042_10.tif
6323697,0,0.0,g6_00042_10.tif
6323724,0,0.0,g6_00042_10.tif
6325412,1,0.7175,g6_00042_10.tif
6325421,1,0.2645,g6_00042_10.tif
6325426,0,0.0,g6_00042_10.tif
6327401,0,0.0,g6_00042_10.tif
6330860,0,0.0,g6_00042_10.tif
6399083,0,0.0,g6_00042_10.tif
6399084,0,0.0,g6_00042_10.tif
6401144,0,0.0,g6_00042_10.tif
6401220,0,0.0,g6_00042_10.tif
6401333,0,0.0,g6_00042_10.tif
6413884,0,0.0,g6_00042_10.tif
6455462,0,0.0,g6_00042_10.tif
6455463,0,0.0,g6_00042_10.tif
6455473,0,0.0,g6_00042_10.tif
6455707,0,0.0,g6_00042_10.tif
6455843,0,0.0,g6_00042_10.tif
6486301,0,0.0,g6_00042_10.tif
6489338,0,0.0,g6_00042_10.tif
6489346,0,0.0,g6_00042_10.tif
6489363,0,0.0,g6_00042_10.tif
6489399,0,0.0,g6_00042_10.tif
6508474,0,0.0,g6_00042_10.tif
6508500,0,0.0,g6_00042_10.tif
6508548,0,0.0,g6_00042_10.tif
6508606,0,0.0,g6_00042_10.tif
6568698,0,0.0,g6_00042_10.tif
6568866,0,0.0,g6_00042_10.tif
6589075,0,0.0,g6_00042_10.tif
6593892,0,0.0,g6_00042_10.tif
6593894,0,0.0,g6_00042_10.tif
6593895,1,0.5924,g6_00042_10.tif
6593897,0,0.0,g6_00042_10.tif
6593924,0,0.0,g6_00042_10.tif
6594136,0,0.0,g6_00042_10.tif
6594242,0,0.0,g6_00042_10.tif
6604728,1,0.1181,g6_00042_10.tif
6604730,0,0.0,g6_00042_10.tif
6604732,1,0.3504,g6_00042_10.tif
6604733,0,0.0,g6_00042_10.tif
6604734,0,0.0,g6_00042_10.tif
6604768,0,0.0,g6_00042_10.tif
6681022,0,0.0,g6_00042_10.tif
6681027,0,0.0,g6_00042_10.tif
6683962,0,0.0,g6_00042_10.tif
6683971,0,0.0,g6_00042_10.tif
6762496,0,0.0,g6_00042_10.tif
6762499,0,0.0,g6_00042_10.tif
6762549,0,0.0,g6_00042_10.tif
6762552,0,0.0,g6_00042_10.tif
6763976,0,0.0,g6_00042_10.tif
6765436,0,0.0,g6_00042_10.tif
6765437,0,0.0,g6_00042_10.tif
6786617,1,0.4054,g6_00042_10.tif
6808789,0,0.0,g6_00042_10.tif
6808791,2,0.2494,g6_00042_10.tif
6808792,1,0.2233,g6_00042_10.tif
6808806,1,0.284,g6_00042_10.tif
6808881,0,0.0,g6_00042_10.tif
6900314,0,0.0,g6_00042_10.tif
6900412,0,0.0,g6_00042_10.tif
6900495,0,0.0,g6_00042_10.tif
6900501,0,0.0,g6_00042_10.tif
6900773,0,0.0,g6_00042_10.tif
6945929,0,0.0,g6_00042_10.tif
6945946,0,0.0,g6_00042_10.tif
6948302,0,0.0,g6_00042_10.tif
6948322,0,0.0,g6_00042_10.tif
6948335,0,0.0,g6_00042_10.tif
6948584,0,0.0,g6_00042_10.tif
6966536,0,0.0,g6_00042_10.tif
7065629,0,0.0,g6_00042_10.tif
6483312,0,0.0,g6_00042_15.tif
6220123,0,0.0,g6_00042_16.tif
6483357,0,0.0,g6_00042_16.tif
6542018,0,0.0,g6_00042_16.tif
6566618,0,0.0,g6_00042_16.tif
6619821,0,0.0,g6_00042_16.tif
6716624,1,0.3534,g6_00042_16.tif
6716634,0,0.0,g6_00042_16.tif
6838986,0,0.0,g6_00042_16.tif
6868251,0,0.0,g6_00042_16.tif
6868261,0,0.0,g6_00042_16.tif
6868268,0,0.0,g6_00042_16.tif
6891483,0,0.0,g6_00042_16.tif
6927018,0,0.0,g6_00042_16.tif
6927028,0,0.0,g6_00042_16.tif
6927030,0,0.0,g6_00042_16.tif
6927033,0,0.0,g6_00042_16.tif
6635774,0,0.0,g6_00042_17.tif
6716624,0,0.0,g6_00042_17.tif
6083900,0,0.0,g6_00042_8.tif
6130604,0,0.0,g6_00042_8.tif
6130606,0,0.0,g6_00042_8.tif
6130607,0,0.0,g6_00042_8.tif
6130975,0,0.0,g6_00042_8.tif
6130976,0,0.0,g6_00042_8.tif
6148010,0,0.0,g6_00042_8.tif
6148011,0,0.0,g6_00042_8.tif
6164061,0,0.0,g6_00042_8.tif
6175261,0,0.0,g6_00042_8.tif
6182316,0,0.0,g6_00042_8.tif
6184121,0,0.0,g6_00042_8.tif
6184125,0,0.0,g6_00042_8.tif
6184227,0,0.0,g6_00042_8.tif
6184229,0,0.0,g6_00042_8.tif
6188335,0,0.0,g6_00042_8.tif
6188338,0,0.0,g6_00042_8.tif
6206298,0,0.0,g6_00042_8.tif
6206299,0,0.0,g6_00042_8.tif
6206300,0,0.0,g6_00042_8.tif
6206302,0,0.0,g6_00042_8.tif
6206303,0,0.0,g6_00042_8.tif
6208585,0,0.0,g6_00042_8.tif
6208586,0,0.0,g6_00042_8.tif
6215457,0,0.0,g6_00042_8.tif
6215458,0,0.0,g6_00042_8.tif
6215459,0,0.0,g6_00042_8.tif
6219241,0,0.0,g6_00042_8.tif
6226656,0,0.0,g6_00042_8.tif
6226657,0,0.0,g6_00042_8.tif
6233256,0,0.0,g6_00042_8.tif
6236981,0,0.0,g6_00042_8.tif
6240365,0,0.0,g6_00042_8.tif
6240366,0,0.0,g6_00042_8.tif
6248620,0,0.0,g6_00042_8.tif
6248621,0,0.0,g6_00042_8.tif
6252114,0,0.0,g6_00042_8.tif
6258828,0,0.0,g6_00042_8.tif
6258830,0,0.0,g6_00042_8.tif
6260877,0,0.0,g6_00042_8.tif
6264248,0,0.0,g6_00042_8.tif
6264249,0,0.0,g6_00042_8.tif
6264250,0,0.0,g6_00042_8.tif
6264251,0,0.0,g6_00042_8.tif
6267666,0,0.0,g6_00042_8.tif
6267668,0,0.0,g6_00042_8.tif
6268241,0,0.0,g6_00042_8.tif
6268884,0,0.0,g6_00042_8.tif
6268885,0,0.0,g6_00042_8.tif
6281351,0,0.0,g6_00042_8.tif
6313077,0,0.0,g6_00042_8.tif
6314301,0,0.0,g6_00042_8.tif
6314304,0,0.0,g6_00042_8.tif
6319091,0,0.0,g6_00042_8.tif
6319093,0,0.0,g6_00042_8.tif
6319094,0,0.0,g6_00042_8.tif
6319318,0,0.0,g6_00042_8.tif
6393598,0,0.0,g6_00042_8.tif
6413883,0,0.0,g6_00042_8.tif
6436459,0,0.0,g6_00042_8.tif
6449575,0,0.0,g6_00042_8.tif
6452895,0,0.0,g6_00042_8.tif
6455491,0,0.0,g6_00042_8.tif
6465221,0,0.0,g6_00042_8.tif
6465222,0,0.0,g6_00042_8.tif
6486315,0,0.0,g6_00042_8.tif
6486316,0,0.0,g6_00042_8.tif
6489352,0,0.0,g6_00042_8.tif
6489355,0,0.0,g6_00042_8.tif
6556740,0,0.0,g6_00042_8.tif
6558643,0,0.0,g6_00042_8.tif
6558645,0,0.0,g6_00042_8.tif
6568712,0,0.0,g6_00042_8.tif
6587155,0,0.0,g6_00042_8.tif
6587157,0,0.0,g6_00042_8.tif
6606817,0,0.0,g6_00042_8.tif
6627355,0,0.0,g6_00042_8.tif
6659970,0,0.0,g6_00042_8.tif
6659972,0,0.0,g6_00042_8.tif
6681024,0,0.0,g6_00042_8.tif
6681026,0,0.0,g6_00042_8.tif
6706713,0,0.0,g6_00042_8.tif
6755801,0,0.0,g6_00042_8.tif
6755804,0,0.0,g6_00042_8.tif
6757177,0,0.0,g6_00042_8.tif
6763965,0,0.0,g6_00042_8.tif
6790423,0,0.0,g6_00042_8.tif
6801923,0,0.0,g6_00042_8.tif
6801924,0,0.0,g6_00042_8.tif
6801925,0,0.0,g6_00042_8.tif
6811524,0,0.0,g6_00042_8.tif
6823259,0,0.0,g6_00042_8.tif
6823260,0,0.0,g6_00042_8.tif
6823264,0,0.0,g6_00042_8.tif
6868937,0,0.0,g6_00042_8.tif
6868938,0,0.0,g6_00042_8.tif
6868939,0,0.0,g6_00042_8.tif
6897993,0,0.0,g6_00042_8.tif
6897996,0,0.0,g6_00042_8.tif
6908712,0,0.0,g6_00042_8.tif
7011885,0,0.0,g6_00042_8.tif
6087163,0,0.0,g6_00042_9.tif
6130103,1,0.6753,g6_00042_9.tif
6130113,0,0.0,g6_00042_9.tif
6206267,0,0.0,g6_00042_9.tif
6206272,0,0.0,g6_00042_9.tif
6206276,0,0.0,g6_00042_9.tif
6206282,1,0.3333,g6_00042_9.tif
6206284,0,0.0,g6_00042_9.tif
6206286,1,0.354,g6_00042_9.tif
6206288,0,0.0,g6_00042_9.tif
6206498,0,0.0,g6_00042_9.tif
6231810,0,0.0,g6_00042_9.tif
6259628,1,0.1826,g6_00042_9.tif
6259631,2,0.3591,g6_00042_9.tif
6264515,0,0.0,g6_00042_9.tif
6392924,0,0.0,g6_00042_9.tif
6401145,0,0.0,g6_00042_9.tif
6401151,1,0.4957,g6_00042_9.tif
6413881,0,0.0,g6_00042_9.tif
6486296,0,0.0,g6_00042_9.tif
6486301,0,0.0,g6_00042_9.tif
6486303,0,0.0,g6_00042_9.tif
6486319,1,0.0132,g6_00042_9.tif
6489338,0,0.0,g6_00042_9.tif
6489346,0,0.0,g6_00042_9.tif
6489357,1,0.296,g6_00042_9.tif
6489363,0,0.0,g6_00042_9.tif
6568698,0,0.0,g6_00042_9.tif
6568708,0,0.0,g6_00042_9.tif
6589077,0,0.0,g6_00042_9.tif
6604721,0,0.0,g6_00042_9.tif
6604737,1,0.5369,g6_00042_9.tif
6648850,0,0.0,g6_00042_9.tif
6683962,0,0.0,g6_00042_9.tif
6683971,0,0.0,g6_00042_9.tif
6683993,0,0.0,g6_00042_9.tif
6762496,2,0.1789,g6_00042_9.tif
6762503,0,0.0,g6_00042_9.tif
6762549,0,0.0,g6_00042_9.tif
6762552,0,0.0,g6_00042_9.tif
6762553,0,0.0,g6_00042_9.tif
6765437,0,0.0,g6_00042_9.tif
6900315,1,0.4219,g6_00042_9.tif
6900322,0,0.0,g6_00042_9.tif
6900412,0,0.0,g6_00042_9.tif
6945933,0,0.0,g6_00042_9.tif
6945934,0,0.0,g6_00042_9.tif
6948302,1,0.6181,g6_00042_9.tif
6948887,0,0.0,g6_00042_9.tif
6948888,0,0.0,g6_00042_9.tif
6966499,1,0.2036,g6_00042_9.tif
6966556,0,0.0,g6_00042_9.tif
7065626,0,0.0,g6_00042_9.tif
7065629,0,0.0,g6_00042_9.tif
6302586,0,0.0,g6_00043_4.tif
6302591,0,0.0,g6_00043_4.tif
6302592,0,0.0,g6_00043_4.tif
6302602,0,0.0,g6_00043_4.tif
6906747,0,0.0,g6_00043_4.tif
7065074,0,0.0,g6_00043_4.tif
7065075,0,0.0,g6_00043_4.tif
7065082,0,0.0,g6_00043_4.tif
7065083,0,0.0,g6_00043_4.tif
7072608,0,0.0,g6_00043_4.tif
6681503,0,0.0,g6_00043_5.tif
6790753,0,0.0,g6_00043_6.tif
6790755,0,0.0,g6_00043_6.tif
6790756,0,0.0,g6_00043_6.tif
7003773,0,0.0,g6_00043_6.tif
7003775,0,0.0,g6_00043_6.tif
7003776,0,0.0,g6_00043_6.tif
6142696,0,0.0,g6_00044_16.tif
6220032,0,0.0,g6_00044_16.tif
6220043,0,0.0,g6_00044_16.tif
6220183,0,0.0,g6_00044_16.tif
6221100,0,0.0,g6_00044_16.tif
6408224,0,0.0,g6_00044_16.tif
6408226,0,0.0,g6_00044_16.tif
6505369,0,0.0,g6_00044_16.tif
6832571,0,0.0,g6_00044_16.tif
6297107,0,0.0,g6_00044_17.tif
6297108,0,0.0,g6_00044_17.tif
6297110,0,0.0,g6_00044_17.tif
6297111,0,0.0,g6_00044_17.tif
6297121,0,0.0,g6_00044_17.tif
6297123,0,0.0,g6_00044_17.tif
6297350,0,0.0,g6_00044_17.tif
6297389,0,0.0,g6_00044_17.tif
6983642,0,0.0,g6_00044_17.tif
6983643,0,0.0,g6_00044_17.tif
6983644,0,0.0,g6_00044_17.tif
6984228,0,0.0,g6_00044_17.tif
6103512,0,0.0,g6_00044_18.tif
6103514,0,0.0,g6_00044_18.tif
6103515,0,0.0,g6_00044_18.tif
6117991,0,0.0,g6_00044_18.tif
6117993,0,0.0,g6_00044_18.tif
6118053,0,0.0,g6_00044_18.tif
6118061,0,0.0,g6_00044_18.tif
6118092,0,0.0,g6_00044_18.tif
6141211,0,0.0,g6_00044_18.tif
6141214,0,0.0,g6_00044_18.tif
6141222,0,0.0,g6_00044_18.tif
6141356,0,0.0,g6_00044_18.tif
6173507,0,0.0,g6_00044_18.tif
6183993,0,0.0,g6_00044_18.tif
6184003,0,0.0,g6_00044_18.tif
6435282,0,0.0,g6_00044_18.tif
6534923,0,0.0,g6_00044_18.tif
6534936,0,0.0,g6_00044_18.tif
6534938,0,0.0,g6_00044_18.tif
6534941,0,0.0,g6_00044_18.tif
6534942,0,0.0,g6_00044_18.tif
6748355,0,0.0,g6_00044_18.tif
6778466,0,0.0,g6_00044_18.tif
6778470,0,0.0,g6_00044_18.tif
6778472,0,0.0,g6_00044_18.tif
6130111,0,0.0,g6_00045_10.tif
6181062,0,0.0,g6_00045_10.tif
6181070,1,0.6751,g6_00045_10.tif
6181074,0,0.0,g6_00045_10.tif
6181092,1,0.1279,g6_00045_10.tif
6182310,0,0.0,g6_00045_10.tif
6182311,0,0.0,g6_00045_10.tif
6182314,1,0.6196,g6_00045_10.tif
6182341,0,0.0,g6_00045_10.tif
6184222,0,0.0,g6_00045_10.tif
6184225,0,0.0,g6_00045_10.tif
6184234,0,0.0,g6_00045_10.tif
6184408,0,0.0,g6_00045_10.tif
6188325,0,0.0,g6_00045_10.tif
6188326,0,0.0,g6_00045_10.tif
6192557,0,0.0,g6_00045_10.tif
6192558,1,0.5433,g6_00045_10.tif
6192560,0,0.0,g6_00045_10.tif
6192564,1,0.2593,g6_00045_10.tif
6192570,0,0.0,g6_00045_10.tif
6192572,0,0.0,g6_00045_10.tif
6192618,0,0.0,g6_00045_10.tif
6206280,0,0.0,g6_00045_10.tif
6206296,0,0.0,g6_00045_10.tif
6226650,0,0.0,g6_00045_10.tif
6226651,0,0.0,g6_00045_10.tif
6226652,0,0.0,g6_00045_10.tif
6426419,0,0.0,g6_00045_10.tif
6486301,0,0.0,g6_00045_10.tif
6558621,1,0.4612,g6_00045_10.tif
6558623,0,0.0,g6_00045_10.tif
6558626,1,0.4038,g6_00045_10.tif
6558629,1,0.3458,g6_00045_10.tif
6558638,0,0.0,g6_00045_10.tif
6558639,0,0.0,g6_00045_10.tif
6558641,0,0.0,g6_00045_10.tif
6558751,0,0.0,g6_00045_10.tif
6568708,0,0.0,g6_00045_10.tif
6587140,0,0.0,g6_00045_10.tif
6587441,0,0.0,g6_00045_10.tif
6587459,0,0.0,g6_00045_10.tif
6667631,1,0.5966,g6_00045_10.tif
6667636,0,0.0,g6_00045_10.tif
6692402,0,0.0,g6_00045_10.tif
6706696,0,0.0,g6_00045_10.tif
6706697,0,0.0,g6_00045_10.tif
6706702,0,0.0,g6_00045_10.tif
6706703,1,0.1185,g6_00045_10.tif
6706704,0,0.0,g6_00045_10.tif
6706708,0,0.0,g6_00045_10.tif
6706719,0,0.0,g6_00045_10.tif
6706776,0,0.0,g6_00045_10.tif
6706905,0,0.0,g6_00045_10.tif
6707081,0,0.0,g6_00045_10.tif
6780784,0,0.0,g6_00045_10.tif
6780788,2,0.4952,g6_00045_10.tif
6823234,0,0.0,g6_00045_10.tif
6823236,1,0.1378,g6_00045_10.tif
6823243,0,0.0,g6_00045_10.tif
6823370,0,0.0,g6_00045_10.tif
6823454,0,0.0,g6_00045_10.tif
6823514,0,0.0,g6_00045_10.tif
6823577,0,0.0,g6_00045_10.tif
6948318,0,0.0,g6_00045_10.tif
6948887,0,0.0,g6_00045_10.tif
6966462,0,0.0,g6_00045_10.tif
6181092,1,0.0656,g6_00045_11.tif
6182314,1,0.6591,g6_00045_11.tif
6316168,1,0.2178,g6_00045_11.tif
6316201,0,0.0,g6_00045_11.tif
6319194,0,0.0,g6_00045_11.tif
6323688,1,0.5643,g6_00045_11.tif
6323697,1,0.2162,g6_00045_11.tif
6330860,0,0.0,g6_00045_11.tif
6330868,0,0.0,g6_00045_11.tif
6330909,0,0.0,g6_00045_11.tif
6786617,0,0.0,g6_00045_11.tif
6808806,0,0.0,g6_00045_11.tif
6808911,0,0.0,g6_00045_11.tif
6092333,0,0.0,g6_00045_16.tif
6238825,0,0.0,g6_00045_16.tif
6238830,0,0.0,g6_00045_16.tif
6238831,0,0.0,g6_00045_16.tif
6457574,0,0.0,g6_00045_16.tif
6457576,0,0.0,g6_00045_16.tif
6457578,0,0.0,g6_00045_16.tif
6562588,0,0.0,g6_00045_16.tif
6562594,0,0.0,g6_00045_16.tif
6593595,0,0.0,g6_00045_16.tif
6616082,0,0.0,g6_00045_16.tif
6650483,0,0.0,g6_00045_16.tif
6650484,0,0.0,g6_00045_16.tif
6651812,0,0.0,g6_00045_16.tif
6705892,0,0.0,g6_00045_16.tif
6705913,0,0.0,g6_00045_16.tif
6705920,0,0.0,g6_00045_16.tif
6706102,0,0.0,g6_00045_16.tif
6744939,0,0.0,g6_00045_16.tif
6457581,0,0.0,g6_00045_17.tif
6593576,0,0.0,g6_00045_17.tif
6705936,0,0.0,g6_00045_17.tif
6984926,0,0.0,g6_00045_17.tif
6984927,0,0.0,g6_00045_17.tif
6086255,0,0.0,g6_00045_9.tif
6181088,0,0.0,g6_00045_9.tif
6192574,0,0.0,g6_00045_9.tif
6226653,0,0.0,g6_00045_9.tif
6258830,0,0.0,g6_00045_9.tif
6455468,0,0.0,g6_00045_9.tif
6455471,0,0.0,g6_00045_9.tif
6558647,0,0.0,g6_00045_9.tif
6587155,0,0.0,g6_00045_9.tif
6706713,0,0.0,g6_00045_9.tif
6823258,0,0.0,g6_00045_9.tif
6823259,0,0.0,g6_00045_9.tif
6823260,0,0.0,g6_00045_9.tif
6823265,0,0.0,g6_00045_9.tif
6948339,0,0.0,g6_00045_9.tif
6123886,0,0.0,g6_00046_6.tif
6123890,0,0.0,g6_00046_6.tif
6153591,0,0.0,g6_00046_6.tif
6220128,0,0.0,g6_00046_6.tif
6220129,0,0.0,g6_00046_6.tif
6220134,0,0.0,g6_00046_6.tif
6220142,0,0.0,g6_00046_6.tif
6272425,0,0.0,g6_00046_6.tif
6307917,0,0.0,g6_00046_6.tif
6307931,0,0.0,g6_00046_6.tif
6404191,0,0.0,g6_00046_6.tif
6404192,0,0.0,g6_00046_6.tif
6404193,0,0.0,g6_00046_6.tif
6504527,0,0.0,g6_00046_6.tif
6876239,0,0.0,g6_00046_6.tif
6876240,0,0.0,g6_00046_6.tif
6876248,0,0.0,g6_00046_6.tif
6877839,0,0.0,g6_00046_6.tif
6879700,0,0.0,g6_00046_6.tif
6906876,0,0.0,g6_00046_6.tif
7070587,0,0.0,g6_00046_6.tif
7070595,0,0.0,g6_00046_6.tif
7070597,0,0.0,g6_00046_6.tif
7073450,0,0.0,g6_00046_6.tif
7073457,0,0.0,g6_00046_6.tif
7073459,0,0.0,g6_00046_6.tif
6448177,0,0.0,g6_00046_7.tif
6448178,0,0.0,g6_00046_7.tif
6906856,0,0.0,g6_00046_7.tif
6906857,0,0.0,g6_00046_7.tif
6906864,0,0.0,g6_00046_7.tif
6906876,0,0.0,g6_00046_7.tif
6907731,0,0.0,g6_00046_7.tif
6138886,0,0.0,g6_00046_8.tif
6138889,0,0.0,g6_00046_8.tif
6138894,0,0.0,g6_00046_8.tif
6164924,0,0.0,g6_00046_8.tif
6644709,0,0.0,g6_00046_8.tif
6086521,0,0.0,g6_00047_17.tif
6086528,0,0.0,g6_00047_17.tif
6142696,0,0.0,g6_00047_17.tif
6162260,0,0.0,g6_00047_17.tif
6162261,0,0.0,g6_00047_17.tif
6162268,0,0.0,g6_00047_17.tif
6162271,0,0.0,g6_00047_17.tif
6220112,0,0.0,g6_00047_17.tif
6221081,0,0.0,g6_00047_17.tif
6221091,0,0.0,g6_00047_17.tif
6221095,0,0.0,g6_00047_17.tif
6221190,0,0.0,g6_00047_17.tif
6266674,0,0.0,g6_00047_17.tif
6432343,0,0.0,g6_00047_17.tif
6832571,0,0.0,g6_00047_17.tif
7063179,0,0.0,g6_00047_17.tif
6128701,0,0.0,g6_00047_18.tif
6580323,0,0.0,g6_00047_18.tif
6990969,0,0.0,g6_00047_18.tif
6990987,0,0.0,g6_00047_18.tif
6991012,0,0.0,g6_00047_18.tif
6128697,0,0.0,g6_00048_0.tif
6161997,0,0.0,g6_00048_0.tif
6162000,0,0.0,g6_00048_0.tif
6162008,0,0.0,g6_00048_0.tif
6162058,0,0.0,g6_00048_0.tif
6179761,0,0.0,g6_00048_0.tif
6220050,0,0.0,g6_00048_0.tif
6268988,0,0.0,g6_00048_0.tif
6290574,0,0.0,g6_00048_0.tif
6290585,0,0.0,g6_00048_0.tif
6307803,0,0.0,g6_00048_0.tif
6307804,0,0.0,g6_00048_0.tif
6325901,0,0.0,g6_00048_0.tif
6325902,0,0.0,g6_00048_0.tif
6494494,0,0.0,g6_00048_0.tif
6580314,0,0.0,g6_00048_0.tif
6580320,0,0.0,g6_00048_0.tif
6610561,0,0.0,g6_00048_0.tif
6610635,0,0.0,g6_00048_0.tif
6613621,0,0.0,g6_00048_0.tif
6688746,0,0.0,g6_00048_0.tif
6688883,0,0.0,g6_00048_0.tif
6688950,0,0.0,g6_00048_0.tif
6689063,0,0.0,g6_00048_0.tif
6690034,0,0.0,g6_00048_0.tif
6690037,0,0.0,g6_00048_0.tif
6690216,0,0.0,g6_00048_0.tif
6978856,0,0.0,g6_00048_0.tif
6990991,0,0.0,g6_00048_0.tif
7016573,0,0.0,g6_00048_0.tif
6756353,0,0.0,g6_00048_10.tif
6756354,0,0.0,g6_00048_10.tif
6756375,0,0.0,g6_00048_10.tif
6756382,0,0.0,g6_00048_10.tif
6114954,0,0.0,g6_00050_12.tif
6149526,0,0.0,g6_00050_12.tif
6149529,0,0.0,g6_00050_12.tif
6223616,1,0.565,g6_00050_12.tif
6258200,0,0.0,g6_00050_12.tif
6318857,0,0.0,g6_00050_12.tif
6405246,0,0.0,g6_00050_12.tif
6433137,0,0.0,g6_00050_12.tif
6433292,0,0.0,g6_00050_12.tif
6433579,0,0.0,g6_00050_12.tif
6554186,1,0.3675,g6_00050_12.tif
6559582,1,0.504,g6_00050_12.tif
6559583,0,0.0,g6_00050_12.tif
6559585,0,0.0,g6_00050_12.tif
6559586,0,0.0,g6_00050_12.tif
6571695,0,0.0,g6_00050_12.tif
6571699,0,0.0,g6_00050_12.tif
6571701,0,0.0,g6_00050_12.tif
6571711,0,0.0,g6_00050_12.tif
6571801,0,0.0,g6_00050_12.tif
6606930,0,0.0,g6_00050_12.tif
6607059,0,0.0,g6_00050_12.tif
6634276,0,0.0,g6_00050_12.tif
6691957,1,0.5244,g6_00050_12.tif
6691960,1,0.6473,g6_00050_12.tif
6692069,0,0.0,g6_00050_12.tif
6698793,0,0.0,g6_00050_12.tif
6745445,0,0.0,g6_00050_12.tif
6745451,0,0.0,g6_00050_12.tif
6747013,0,0.0,g6_00050_12.tif
6757191,0,0.0,g6_00050_12.tif
6757422,0,0.0,g6_00050_12.tif
6762937,0,0.0,g6_00050_12.tif
6774479,0,0.0,g6_00050_12.tif
6831424,1,0.3083,g6_00050_12.tif
6831437,0,0.0,g6_00050_12.tif
6831476,0,0.0,g6_00050_12.tif
6835935,0,0.0,g6_00050_12.tif
6835943,0,0.0,g6_00050_12.tif
6845065,0,0.0,g6_00050_12.tif
6879397,0,0.0,g6_00050_12.tif
6879401,0,0.0,g6_00050_12.tif
6884497,2,0.3027,g6_00050_12.tif
6884511,0,0.0,g6_00050_12.tif
6884938,0,0.0,g6_00050_12.tif
6951717,1,0.557,g6_00050_12.tif
7001634,1,0.6544,g6_00050_12.tif
7001636,1,0.7079,g6_00050_12.tif
7001642,1,0.648,g6_00050_12.tif
7001647,1,0.3436,g6_00050_12.tif
7001651,1,0.4237,g6_00050_12.tif
7001689,0,0.0,g6_00050_12.tif
7011842,0,0.0,g6_00050_12.tif
7017015,0,0.0,g6_00050_12.tif
7017104,0,0.0,g6_00050_12.tif
7018909,2,0.3956,g6_00050_12.tif
7043319,1,0.5644,g6_00050_12.tif
7043323,1,0.0987,g6_00050_12.tif
6109339,0,0.0,g6_00050_13.tif
6109676,0,0.0,g6_00050_13.tif
6114954,0,0.0,g6_00050_13.tif
6149529,0,0.0,g6_00050_13.tif
6150562,0,0.0,g6_00050_13.tif
6150564,0,0.0,g6_00050_13.tif
6150567,0,0.0,g6_00050_13.tif
6185915,0,0.0,g6_00050_13.tif
6185917,0,0.0,g6_00050_13.tif
6223480,0,0.0,g6_00050_13.tif
6223745,0,0.0,g6_00050_13.tif
6223847,0,0.0,g6_00050_13.tif
6317228,0,0.0,g6_00050_13.tif
6318042,0,0.0,g6_00050_13.tif
6558913,0,0.0,g6_00050_13.tif
6558914,0,0.0,g6_00050_13.tif
6559583,0,0.0,g6_00050_13.tif
6563991,0,0.0,g6_00050_13.tif
6623090,0,0.0,g6_00050_13.tif
6623473,0,0.0,g6_00050_13.tif
6698814,0,0.0,g6_00050_13.tif
6747544,0,0.0,g6_00050_13.tif
6747545,0,0.0,g6_00050_13.tif
6747678,0,0.0,g6_00050_13.tif
6774485,0,0.0,g6_00050_13.tif
6774487,0,0.0,g6_00050_13.tif
6774488,0,0.0,g6_00050_13.tif
6831424,0,0.0,g6_00050_13.tif
6831476,0,0.0,g6_00050_13.tif
6831555,0,0.0,g6_00050_13.tif
6884511,0,0.0,g6_00050_13.tif
6884938,0,0.0,g6_00050_13.tif
6915397,0,0.0,g6_00050_13.tif
7006995,0,0.0,g6_00050_13.tif
7015417,0,0.0,g6_00050_13.tif
7043317,0,0.0,g6_00050_13.tif
6454097,0,0.0,g6_00053_13.tif
6691957,0,0.0,g6_00053_13.tif
6692069,0,0.0,g6_00053_13.tif
6797880,0,0.0,g6_00053_13.tif
6835943,0,0.0,g6_00053_13.tif
7043323,0,0.0,g6_00053_13.tif
6114938,0,0.0,g6_00053_14.tif
6114947,0,0.0,g6_00053_14.tif
6114956,0,0.0,g6_00053_14.tif
6115033,0,0.0,g6_00053_14.tif
6115139,0,0.0,g6_00053_14.tif
6143808,0,0.0,g6_00053_14.tif
6151729,0,0.0,g6_00053_14.tif
6151738,0,0.0,g6_00053_14.tif
6185961,0,0.0,g6_00053_14.tif
6216863,0,0.0,g6_00053_14.tif
6273889,0,0.0,g6_00053_14.tif
6274038,0,0.0,g6_00053_14.tif
6318054,0,0.0,g6_00053_14.tif
6318059,0,0.0,g6_00053_14.tif
6318064,0,0.0,g6_00053_14.tif
6318069,0,0.0,g6_00053_14.tif
6318072,0,0.0,g6_00053_14.tif
6401528,0,0.0,g6_00053_14.tif
6401529,0,0.0,g6_00053_14.tif
6558914,0,0.0,g6_00053_14.tif
6563991,0,0.0,g6_00053_14.tif
6563996,0,0.0,g6_00053_14.tif
6610927,0,0.0,g6_00053_14.tif
6610928,0,0.0,g6_00053_14.tif
6610929,0,0.0,g6_00053_14.tif
6623065,0,0.0,g6_00053_14.tif
6623072,0,0.0,g6_00053_14.tif
6623086,0,0.0,g6_00053_14.tif
6692000,0,0.0,g6_00053_14.tif
6694118,0,0.0,g6_00053_14.tif
6698800,0,0.0,g6_00053_14.tif
6698805,1,0.2308,g6_00053_14.tif
6698811,0,0.0,g6_00053_14.tif
6698815,2,0.3196,g6_00053_14.tif
6698824,0,0.0,g6_00053_14.tif
6698831,0,0.0,g6_00053_14.tif
6724914,0,0.0,g6_00053_14.tif
6788277,0,0.0,g6_00053_14.tif
6788282,0,0.0,g6_00053_14.tif
6788334,0,0.0,g6_00053_14.tif
6827116,0,0.0,g6_00053_14.tif
6827119,0,0.0,g6_00053_14.tif
6828983,0,0.0,g6_00053_14.tif
6884499,0,0.0,g6_00053_14.tif
6884501,0,0.0,g6_00053_14.tif
6884510,0,0.0,g6_00053_14.tif
6884525,0,0.0,g6_00053_14.tif
6884532,0,0.0,g6_00053_14.tif
6884538,0,0.0,g6_00053_14.tif
6884557,0,0.0,g6_00053_14.tif
6884577,0,0.0,g6_00053_14.tif
6951770,0,0.0,g6_00053_14.tif
6952925,0,0.0,g6_00053_14.tif
7015417,0,0.0,g6_00053_14.tif
7015418,0,0.0,g6_00053_14.tif
7019970,0,0.0,g6_00053_14.tif
7030600,0,0.0,g6_00053_14.tif
7030602,0,0.0,g6_00053_14.tif
7030603,0,0.0,g6_00053_14.tif
7043318,0,0.0,g6_00053_14.tif
7043326,1,0.2398,g6_00053_14.tif
7043328,0,0.0,g6_00053_14.tif
7043335,1,0.5385,g6_00053_14.tif
7043338,0,0.0,g6_00053_14.tif
6115033,0,0.0,g6_00053_15.tif
6184155,0,0.0,g6_00053_15.tif
6184671,0,0.0,g6_00053_15.tif
6216863,0,0.0,g6_00053_15.tif
6216872,0,0.0,g6_00053_15.tif
6604920,0,0.0,g6_00053_15.tif
6604921,0,0.0,g6_00053_15.tif
6605060,0,0.0,g6_00053_15.tif
6605075,0,0.0,g6_00053_15.tif
6623086,0,0.0,g6_00053_15.tif
6774478,0,0.0,g6_00053_15.tif
6831426,0,0.0,g6_00053_15.tif
6884499,0,0.0,g6_00053_15.tif
6884501,0,0.0,g6_00053_15.tif
6884516,0,0.0,g6_00053_15.tif
6884575,0,0.0,g6_00053_15.tif
6915372,0,0.0,g6_00053_15.tif
7030603,0,0.0,g6_00053_15.tif
6826642,0,0.0,g6_00056_14.tif
6698798,0,0.0,g6_00056_16.tif
6969654,1,0.505,g6_00056_16.tif
7030510,0,0.0,g6_00056_16.tif
7030597,0,0.0,g6_00056_16.tif
7030598,0,0.0,g6_00056_16.tif
6126915,0,0.0,g6_00060_17.tif
6126918,0,0.0,g6_00060_17.tif
6126929,0,0.0,g6_00060_17.tif
6126930,0,0.0,g6_00060_17.tif
6126931,0,0.0,g6_00060_17.tif
6126932,0,0.0,g6_00060_17.tif
6126945,0,0.0,g6_00060_17.tif
6126927,0,0.0,g6_00060_18.tif
6128516,0,0.0,g6_00060_18.tif
6128518,0,0.0,g6_00060_18.tif
6128520,0,0.0,g6_00060_18.tif
6128521,0,0.0,g6_00060_18.tif
6139563,0,0.0,g6_00060_18.tif
6139566,0,0.0,g6_00060_18.tif
6139576,0,0.0,g6_00060_18.tif
6139583,0,0.0,g6_00060_18.tif
6139618,0,0.0,g6_00060_18.tif
6139744,0,0.0,g6_00060_18.tif
6142403,0,0.0,g6_00060_18.tif
6142408,0,0.0,g6_00060_18.tif
6142409,0,0.0,g6_00060_18.tif
6142411,0,0.0,g6_00060_18.tif
6142413,0,0.0,g6_00060_18.tif
6142562,0,0.0,g6_00060_18.tif
6142609,0,0.0,g6_00060_18.tif
6260964,0,0.0,g6_00060_18.tif
6260973,0,0.0,g6_00060_18.tif
6285503,0,0.0,g6_00060_18.tif
6314546,0,0.0,g6_00060_18.tif
6460914,0,0.0,g6_00060_18.tif
6460916,0,0.0,g6_00060_18.tif
6460917,0,0.0,g6_00060_18.tif
6461064,0,0.0,g6_00060_18.tif
6461086,0,0.0,g6_00060_18.tif
6498371,0,0.0,g6_00060_18.tif
6498373,0,0.0,g6_00060_18.tif
6498445,0,0.0,g6_00060_18.tif
6498558,0,0.0,g6_00060_18.tif
6607430,0,0.0,g6_00060_18.tif
6620126,0,0.0,g6_00060_18.tif
6139573,0,0.0,g6_00061_0.tif
6142403,0,0.0,g6_00061_0.tif
6142404,0,0.0,g6_00061_0.tif
6176161,0,0.0,g6_00061_0.tif
6176164,0,0.0,g6_00061_0.tif
6176166,0,0.0,g6_00061_0.tif
6285501,0,0.0,g6_00061_0.tif
6285506,0,0.0,g6_00061_0.tif
6285622,0,0.0,g6_00061_0.tif
6607430,0,0.0,g6_00061_0.tif
6611795,0,0.0,g6_00061_0.tif
6612479,0,0.0,g6_00061_0.tif
6648423,0,0.0,g6_00061_0.tif
6648424,0,0.0,g6_00061_0.tif
6650066,0,0.0,g6_00061_0.tif
6650076,0,0.0,g6_00061_0.tif
6671553,0,0.0,g6_00061_0.tif
6671554,0,0.0,g6_00061_0.tif
6673026,0,0.0,g6_00061_0.tif
6673029,0,0.0,g6_00061_0.tif
6673157,0,0.0,g6_00061_0.tif
6673158,0,0.0,g6_00061_0.tif
6673277,0,0.0,g6_00061_0.tif
6704599,0,0.0,g6_00061_0.tif
6716066,2,0.5971,g6_00061_0.tif
6719536,4,0.43,g6_00061_0.tif
6719835,2,0.6592,g6_00061_0.tif
6719879,2,0.6106,g6_00061_0.tif
6772468,0,0.0,g6_00061_0.tif
6934832,0,0.0,g6_00061_0.tif
6998732,0,0.0,g6_00061_0.tif
6297076,0,0.0,g6_00064_1.tif
6297174,0,0.0,g6_00064_1.tif
6297284,0,0.0,g6_00064_1.tif
6497111,0,0.0,g6_00064_1.tif
6497112,0,0.0,g6_00064_1.tif
6497113,0,0.0,g6_00064_1.tif
6497114,0,0.0,g6_00064_1.tif
6497121,0,0.0,g6_00064_1.tif
6497126,0,0.0,g6_00064_1.tif
6497129,0,0.0,g6_00064_1.tif
6497133,0,0.0,g6_00064_1.tif
6497345,0,0.0,g6_00064_1.tif
6611712,0,0.0,g6_00064_1.tif
6611717,0,0.0,g6_00064_1.tif
6611747,1,0.1607,g6_00064_1.tif
6611751,1,0.0931,g6_00064_1.tif
6611752,0,0.0,g6_00064_1.tif
6611758,0,0.0,g6_00064_1.tif
6611761,0,0.0,g6_00064_1.tif
6611764,0,0.0,g6_00064_1.tif
6611767,0,0.0,g6_00064_1.tif
6611772,0,0.0,g6_00064_1.tif
6611783,0,0.0,g6_00064_1.tif
6611797,0,0.0,g6_00064_1.tif
6611814,0,0.0,g6_00064_1.tif
6612229,0,0.0,g6_00064_1.tif
6612348,0,0.0,g6_00064_1.tif
6673010,1,0.6261,g6_00064_1.tif
6673011,0,0.0,g6_00064_1.tif
6673015,0,0.0,g6_00064_1.tif
6673024,0,0.0,g6_00064_1.tif
6673121,0,0.0,g6_00064_1.tif
6673122,1,0.5425,g6_00064_1.tif
6673277,1,0.8323,g6_00064_1.tif
6682712,0,0.0,g6_00064_1.tif
6719536,1,0.6929,g6_00064_1.tif
6998728,0,0.0,g6_00064_1.tif
6998729,0,0.0,g6_00064_1.tif
6998856,0,0.0,g6_00064_1.tif
6998909,0,0.0,g6_00064_1.tif
