country,chip,parcel_id,full_px,hectares,native_10m_px,best_iou,found
slovenia,g13_00002_16.tif,6402188,18,0.03094,3.09,0.0,0
slovenia,g13_00002_16.tif,6983393,134,0.23032,23.03,0.0,0
slovenia,g13_00002_16.tif,7079929,127,0.21829,21.83,0.0,0
slovenia,g13_00002_17.tif,6113948,40,0.06875,6.88,0.0,0
slovenia,g13_00002_18.tif,6157272,11,0.01891,1.89,0.0,0
slovenia,g13_00003_12.tif,6166700,85,0.1461,14.61,0.0,0
slovenia,g13_00003_12.tif,6166702,54,0.09281,9.28,0.0,0
slovenia,g13_00003_12.tif,6166704,22,0.03781,3.78,0.0,0
slovenia,g13_00003_12.tif,6490468,44,0.07563,7.56,0.0,0
slovenia,g13_00003_12.tif,6490470,11,0.01891,1.89,0.0,0
slovenia,g13_00003_12.tif,6514417,674,1.15847,115.85,0.0,0
slovenia,g13_00003_12.tif,6514421,162,0.27844,27.84,0.0,0
slovenia,g13_00003_12.tif,6514422,290,0.49845,49.85,0.0,0
slovenia,g13_00003_12.tif,6572178,209,0.35923,35.92,0.0,0
slovenia,g13_00003_12.tif,6737064,98,0.16844,16.84,0.0,0
slovenia,g13_00003_12.tif,6910737,15,0.02578,2.58,0.0,0
slovenia,g13_00003_12.tif,6910738,31,0.05328,5.33,0.0,0
slovenia,g13_00003_12.tif,6910741,19,0.03266,3.27,0.0,0
slovenia,g13_00003_12.tif,6910746,95,0.16329,16.33,0.0,0
slovenia,g13_00003_13.tif,6166702,51,0.08766,8.77,0.0,0
slovenia,g13_00003_13.tif,6324650,49,0.08422,8.42,0.0,0
slovenia,g13_00003_13.tif,6324653,12,0.02063,2.06,0.0,0
slovenia,g13_00003_13.tif,6524321,238,0.40907,40.91,0.0,0
slovenia,g13_00003_13.tif,6524323,74,0.12719,12.72,0.0,0
slovenia,g13_00003_13.tif,6524324,7,0.01203,1.2,0.0,0
slovenia,g13_00003_13.tif,6524325,115,0.19766,19.77,0.0,0
slovenia,g13_00003_13.tif,6737065,155,0.26641,26.64,0.0,0
slovenia,g13_00003_13.tif,6737066,62,0.10657,10.66,0.0,0
slovenia,g13_00003_14.tif,6145881,47,0.08078,8.08,0.0,0
slovenia,g13_00003_14.tif,6145882,769,1.32175,132.18,0.0,0
slovenia,g13_00003_14.tif,6145886,5,0.00859,0.86,0.0,0
slovenia,g13_00003_14.tif,6145887,17,0.02922,2.92,0.0,0
slovenia,g13_00003_14.tif,6145890,113,0.19422,19.42,0.0,0
slovenia,g13_00003_14.tif,6145891,94,0.16157,16.16,0.0,0
slovenia,g13_00003_14.tif,6145892,157,0.26985,26.99,0.0,0
slovenia,g13_00003_14.tif,6145893,95,0.16329,16.33,0.0,0
slovenia,g13_00003_14.tif,6199100,52,0.08938,8.94,0.0,0
slovenia,g13_00003_14.tif,6394110,32,0.055,5.5,0.0,0
slovenia,g13_00003_14.tif,6446137,31,0.05328,5.33,0.0,0
slovenia,g13_00003_14.tif,6537426,24,0.04125,4.13,0.0,0
slovenia,g13_00003_14.tif,6560698,325,0.55861,55.86,0.0,0
slovenia,g13_00003_14.tif,6560699,180,0.30938,30.94,0.0,0
slovenia,g13_00003_14.tif,6774220,25,0.04297,4.3,0.0,0
slovenia,g13_00003_14.tif,6774225,28,0.04813,4.81,0.0,0
slovenia,g13_00003_14.tif,6872553,315,0.54142,54.14,0.0,0
slovenia,g13_00003_14.tif,7019528,14,0.02406,2.41,0.0,0
slovenia,g13_00003_14.tif,7019531,150,0.25782,25.78,0.0,0
slovenia,g13_00003_18.tif,6133722,406,0.69783,69.78,0.0,0
slovenia,g13_00003_18.tif,6146415,166,0.28532,28.53,0.0,0
slovenia,g13_00003_18.tif,6146416,110,0.18907,18.91,0.0,0
slovenia,g13_00003_18.tif,6224238,457,0.78549,78.55,0.0,0
slovenia,g13_00003_18.tif,6224239,36,0.06188,6.19,0.0,0
slovenia,g13_00003_18.tif,6224304,218,0.3747,37.47,0.8708,1
slovenia,g13_00003_18.tif,6224344,141,0.24235,24.24,0.541,1
slovenia,g13_00003_18.tif,6224464,43,0.07391,7.39,0.0,0
slovenia,g13_00003_18.tif,6625264,547,0.94018,94.02,0.8914,1
slovenia,g13_00003_18.tif,6736122,771,1.32519,132.52,0.0855,0
slovenia,g13_00003_18.tif,6862344,474,0.81471,81.47,0.8755,1
slovenia,g13_00003_18.tif,6862375,3792,6.51767,651.77,0.463,0
slovenia,g13_00003_18.tif,6862397,2053,3.52869,352.87,0.2404,0
slovenia,g13_00003_18.tif,6862405,33,0.05672,5.67,0.003,0
slovenia,g13_00003_18.tif,6862407,1111,1.90958,190.96,0.1279,0
slovenia,g13_00003_18.tif,6862425,8,0.01375,1.38,0.0004,0
slovenia,g13_00003_18.tif,6953125,1649,2.83429,283.43,0.0,0
slovenia,g13_00003_18.tif,6953150,269,0.46236,46.24,0.0,0
slovenia,g13_00003_18.tif,6970149,864,1.48504,148.5,0.0,0
slovenia,g13_00004_0.tif,6090653,19,0.03266,3.27,0.0,0
slovenia,g13_00004_0.tif,6090654,54,0.09281,9.28,0.0,0
slovenia,g13_00004_0.tif,6090658,10,0.01719,1.72,0.0,0
slovenia,g13_00004_0.tif,6111251,6,0.01031,1.03,0.0,0
slovenia,g13_00004_0.tif,6111252,60,0.10313,10.31,0.0,0
slovenia,g13_00004_0.tif,6208423,18,0.03094,3.09,0.0,0
slovenia,g13_00004_0.tif,6316528,364,0.62564,62.56,0.0,0
slovenia,g13_00004_0.tif,6316531,12,0.02063,2.06,0.0,0
slovenia,g13_00004_0.tif,6707003,180,0.30938,30.94,0.0,0
slovenia,g13_00004_0.tif,6707008,80,0.1375,13.75,0.0,0
slovenia,g13_00004_0.tif,6788595,61,0.10485,10.48,0.68,1
slovenia,g13_00004_0.tif,6788596,690,1.18597,118.6,0.7806,1
slovenia,g13_00004_0.tif,6862344,421,0.72361,72.36,0.5195,1
slovenia,g13_00004_0.tif,6862365,1818,3.12477,312.48,0.3163,0
slovenia,g13_00004_0.tif,6862366,2410,4.1423,414.23,0.3138,0
slovenia,g13_00004_0.tif,6862373,3498,6.01235,601.23,0.6229,1
slovenia,g13_00004_0.tif,6862394,2318,3.98417,398.42,0.3057,0
slovenia,g13_00004_0.tif,6862396,2239,3.84838,384.84,0.2905,0
slovenia,g13_00004_0.tif,6862397,6,0.01031,1.03,0.0,0
slovenia,g13_00004_0.tif,6910498,1421,2.44241,244.24,0.0,0
slovenia,g13_00004_0.tif,6987753,126,0.21657,21.66,0.0,0
slovenia,g13_00004_0.tif,7044089,243,0.41767,41.77,0.0,0
slovenia,g13_00004_0.tif,7044092,285,0.48986,48.99,0.0,0
slovenia,g13_00004_0.tif,7049957,26,0.04469,4.47,0.0,0
slovenia,g13_00004_1.tif,6090656,748,1.28566,128.57,0.1291,0
slovenia,g13_00004_1.tif,6094132,187,0.32141,32.14,0.0,0
slovenia,g13_00004_1.tif,6094133,11,0.01891,1.89,0.0,0
slovenia,g13_00004_1.tif,6094134,16,0.0275,2.75,0.0,0
slovenia,g13_00004_1.tif,6094137,409,0.70299,70.3,0.0887,0
slovenia,g13_00004_1.tif,6094214,191,0.32829,32.83,0.6667,1
slovenia,g13_00004_1.tif,6165385,2252,3.87073,387.07,0.4988,0
slovenia,g13_00004_1.tif,6165391,486,0.83533,83.53,0.0,0
slovenia,g13_00004_1.tif,6267989,3763,6.46783,646.78,0.5586,1
slovenia,g13_00004_1.tif,6420102,47,0.08078,8.08,0.0095,0
slovenia,g13_00004_1.tif,6443932,6,0.01031,1.03,0.0,0
slovenia,g13_00004_1.tif,6443934,365,0.62736,62.74,0.954,1
slovenia,g13_00004_1.tif,6443941,660,1.13441,113.44,0.1069,0
slovenia,g13_00004_1.tif,6443952,98,0.16844,16.84,0.1892,0
slovenia,g13_00004_1.tif,6444032,286,0.49158,49.16,0.0476,0
slovenia,g13_00004_1.tif,6444073,345,0.59298,59.3,0.0587,0
slovenia,g13_00004_1.tif,6444273,450,0.77346,77.35,0.0,0
slovenia,g13_00004_1.tif,6444289,619,1.06393,106.39,0.0923,0
slovenia,g13_00004_1.tif,6444732,2055,3.53213,353.21,0.4371,0
slovenia,g13_00004_1.tif,6503716,289,0.49673,49.67,0.3301,0
slovenia,g13_00004_1.tif,6503721,459,0.78893,78.89,0.0811,0
slovenia,g13_00004_1.tif,6503913,396,0.68064,68.06,0.4231,0
slovenia,g13_00004_1.tif,6503966,8,0.01375,1.38,0.0042,0
slovenia,g13_00004_1.tif,6504115,513,0.88174,88.17,0.0861,0
slovenia,g13_00004_1.tif,6504116,596,1.0244,102.44,0.1036,0
slovenia,g13_00004_1.tif,6504194,423,0.72705,72.71,0.0732,0
slovenia,g13_00004_1.tif,6559607,595,1.02268,102.27,0.0875,0
slovenia,g13_00004_1.tif,6578268,385,0.66174,66.17,0.0633,0
slovenia,g13_00004_1.tif,6578397,434,0.74596,74.6,0.6299,1
slovenia,g13_00004_1.tif,6578410,388,0.66689,66.69,0.0585,0
slovenia,g13_00004_1.tif,6578413,509,0.87487,87.49,0.0044,0
slovenia,g13_00004_1.tif,6578415,103,0.17704,17.7,0.0,0
slovenia,g13_00004_1.tif,6581409,2073,3.56306,356.31,0.0012,0
slovenia,g13_00004_1.tif,6581410,10,0.01719,1.72,0.0,0
slovenia,g13_00004_1.tif,6581411,63,0.10828,10.83,0.0,0
slovenia,g13_00004_1.tif,6689417,461,0.79236,79.24,0.0587,0
slovenia,g13_00004_1.tif,6707003,192,0.33001,33.0,0.5564,1
slovenia,g13_00004_1.tif,6707008,98,0.16844,16.84,0.2305,0
slovenia,g13_00004_1.tif,6788595,871,1.49707,149.71,0.9294,1
slovenia,g13_00004_1.tif,6788596,61,0.10485,10.48,0.0,0
slovenia,g13_00004_1.tif,6862312,3735,6.4197,641.97,0.8475,1
slovenia,g13_00004_1.tif,6862365,3675,6.31657,631.66,0.7161,1
slovenia,g13_00004_1.tif,6862373,1225,2.10552,210.55,0.2293,0
slovenia,g13_00004_1.tif,6862379,3940,6.77206,677.21,0.7557,1
slovenia,g13_00004_1.tif,6862393,2402,4.12855,412.85,0.3432,0
slovenia,g13_00004_1.tif,6917340,612,1.0519,105.19,0.1014,0
slovenia,g13_00004_1.tif,6945580,79,0.13578,13.58,0.0083,0
slovenia,g13_00004_1.tif,6945581,144,0.24751,24.75,0.299,0
slovenia,g13_00004_1.tif,6961800,146,0.25094,25.09,0.0,0
slovenia,g13_00004_1.tif,6961802,196,0.33688,33.69,0.0,0
slovenia,g13_00004_1.tif,7044089,261,0.44861,44.86,0.0,0
slovenia,g13_00005_10.tif,6689886,213,0.3661,36.61,0.0,0
slovenia,g13_00005_11.tif,6689885,32,0.055,5.5,0.0,0
slovenia,g13_00005_9.tif,7079929,55,0.09453,9.45,0.0,0
slovenia,g13_00006_11.tif,6085712,491,0.84393,84.39,0.0,0
slovenia,g13_00006_11.tif,6085714,45,0.07735,7.73,0.0,0
slovenia,g13_00006_11.tif,6085715,823,1.41457,141.46,0.0,0
slovenia,g13_00006_11.tif,6093619,768,1.32004,132.0,0.0,0
slovenia,g13_00006_11.tif,6093620,1602,2.75351,275.35,0.0,0
slovenia,g13_00006_11.tif,6093628,873,1.50051,150.05,0.0,0
slovenia,g13_00006_11.tif,6109021,43,0.07391,7.39,0.0,0
slovenia,g13_00006_11.tif,6645080,10,0.01719,1.72,0.0,0
slovenia,g13_00006_11.tif,6953134,946,1.62598,162.6,0.0,0
slovenia,g13_00006_11.tif,6987751,542,0.93159,93.16,0.0,0
slovenia,g13_00006_11.tif,6995387,865,1.48676,148.68,0.0,0
slovenia,g13_00006_11.tif,6995390,58,0.09969,9.97,0.0,0
slovenia,g13_00006_12.tif,6085722,98,0.16844,16.84,0.0,0
slovenia,g13_00006_12.tif,6089770,612,1.0519,105.19,0.0,0
slovenia,g13_00006_12.tif,6089772,64,0.11,11.0,0.0,0
slovenia,g13_00006_12.tif,6093624,1275,2.19146,219.15,0.0,0
slovenia,g13_00006_12.tif,6093625,1207,2.07459,207.46,0.0,0
slovenia,g13_00006_12.tif,6093628,272,0.46751,46.75,0.0,0
slovenia,g13_00006_12.tif,6093632,503,0.86455,86.46,0.0,0
slovenia,g13_00006_12.tif,6109021,802,1.37847,137.85,0.0,0
slovenia,g13_00006_12.tif,6109028,385,0.66174,66.17,0.0,0
slovenia,g13_00006_12.tif,6111252,44,0.07563,7.56,0.0,0
slovenia,g13_00006_12.tif,6166271,89,0.15297,15.3,0.0,0
slovenia,g13_00006_12.tif,6166272,8,0.01375,1.38,0.0,0
slovenia,g13_00006_12.tif,6166273,24,0.04125,4.13,0.0,0
slovenia,g13_00006_12.tif,6166275,104,0.17875,17.88,0.0,0
slovenia,g13_00006_12.tif,6166276,290,0.49845,49.85,0.0,0
slovenia,g13_00006_12.tif,6378684,39,0.06703,6.7,0.0,0
slovenia,g13_00006_12.tif,6378686,328,0.56377,56.38,0.0,0
slovenia,g13_00006_12.tif,6445437,39,0.06703,6.7,0.0,0
slovenia,g13_00006_12.tif,6445438,14,0.02406,2.41,0.0,0
slovenia,g13_00006_12.tif,6466917,811,1.39394,139.39,0.0,0
slovenia,g13_00006_12.tif,6466921,14,0.02406,2.41,0.0,0
slovenia,g13_00006_12.tif,6625247,1849,3.17805,317.81,0.0,0
slovenia,g13_00006_12.tif,6645080,9,0.01547,1.55,0.0,0
slovenia,g13_00006_12.tif,6733272,136,0.23376,23.38,0.0,0
slovenia,g13_00006_12.tif,6733273,304,0.52251,52.25,0.0,0
slovenia,g13_00006_12.tif,6733275,41,0.07047,7.05,0.0,0
slovenia,g13_00006_12.tif,6733747,69,0.1186,11.86,0.0,0
slovenia,g13_00006_12.tif,6733959,18,0.03094,3.09,0.0,0
slovenia,g13_00006_12.tif,6802503,113,0.19422,19.42,0.0,0
slovenia,g13_00006_12.tif,6803482,81,0.13922,13.92,0.0,0
slovenia,g13_00006_12.tif,6879486,359,0.61705,61.7,0.0,0
slovenia,g13_00006_12.tif,6916073,255,0.43829,43.83,0.0,0
slovenia,g13_00006_12.tif,6987753,96,0.165,16.5,0.0,0
slovenia,g13_00006_12.tif,7049945,797,1.36988,136.99,0.0,0
slovenia,g13_00006_12.tif,7049954,230,0.39532,39.53,0.0,0
slovenia,g13_00006_12.tif,7049957,1158,1.99037,199.04,0.0,0
slovenia,g13_00006_12.tif,7049958,520,0.89377,89.38,0.0,0
slovenia,g13_00006_13.tif,6115133,281,0.48298,48.3,0.0,0
slovenia,g13_00006_13.tif,6115134,97,0.16672,16.67,0.0938,0
slovenia,g13_00006_13.tif,6115178,78,0.13407,13.41,0.0984,0
slovenia,g13_00006_13.tif,6115225,154,0.26469,26.47,0.0655,0
slovenia,g13_00006_13.tif,6165385,42,0.07219,7.22,0.0769,0
slovenia,g13_00006_13.tif,6166271,13,0.02234,2.23,0.0,0
slovenia,g13_00006_13.tif,6166272,134,0.23032,23.03,0.0,0
slovenia,g13_00006_13.tif,6166273,9,0.01547,1.55,0.0,0
slovenia,g13_00006_13.tif,6166275,502,0.86284,86.28,0.8008,1
slovenia,g13_00006_13.tif,6166279,11,0.01891,1.89,0.0,0
slovenia,g13_00006_13.tif,6227446,226,0.38845,38.84,0.0,0
slovenia,g13_00006_13.tif,6378684,383,0.6583,65.83,0.3971,0
slovenia,g13_00006_13.tif,6378686,149,0.2561,25.61,0.0,0
slovenia,g13_00006_13.tif,6378689,149,0.2561,25.61,0.7132,1
slovenia,g13_00006_13.tif,6378690,92,0.15813,15.81,0.1042,0
slovenia,g13_00006_13.tif,6378692,8,0.01375,1.38,0.0,0
slovenia,g13_00006_13.tif,6420102,694,1.19284,119.28,0.2801,0
slovenia,g13_00006_13.tif,6420112,13,0.02234,2.23,0.0,0
slovenia,g13_00006_13.tif,6420113,28,0.04813,4.81,0.0,0
slovenia,g13_00006_13.tif,6420114,30,0.05156,5.16,0.0,0
slovenia,g13_00006_13.tif,6420115,120,0.20626,20.63,0.0,0
slovenia,g13_00006_13.tif,6420116,23,0.03953,3.95,0.0,0
slovenia,g13_00006_13.tif,6443934,220,0.37814,37.81,0.0,0
slovenia,g13_00006_13.tif,6476900,676,1.16191,116.19,0.0558,0
slovenia,g13_00006_13.tif,6476901,107,0.18391,18.39,0.71,1
slovenia,g13_00006_13.tif,6476908,295,0.50704,50.7,0.0,0
slovenia,g13_00006_13.tif,6496620,70,0.12032,12.03,0.0373,0
slovenia,g13_00006_13.tif,6496622,719,1.23581,123.58,0.3428,0
slovenia,g13_00006_13.tif,6496623,325,0.55861,55.86,0.7398,1
slovenia,g13_00006_13.tif,6496626,264,0.45376,45.38,0.3339,0
slovenia,g13_00006_13.tif,6496631,34,0.05844,5.84,0.0109,0
slovenia,g13_00006_13.tif,6496632,66,0.11344,11.34,0.0171,0
slovenia,g13_00006_13.tif,6496741,63,0.10828,10.83,0.0695,0
slovenia,g13_00006_13.tif,6503716,13,0.02234,2.23,0.0,0
slovenia,g13_00006_13.tif,6503722,373,0.64111,64.11,0.4501,0
slovenia,g13_00006_13.tif,6503723,35,0.06016,6.02,0.0,0
slovenia,g13_00006_13.tif,6503725,257,0.44173,44.17,0.288,0
slovenia,g13_00006_13.tif,6503726,304,0.52251,52.25,0.8685,1
slovenia,g13_00006_13.tif,6503729,113,0.19422,19.42,0.2,0
slovenia,g13_00006_13.tif,6503910,760,1.30628,130.63,0.3526,0
slovenia,g13_00006_13.tif,6503913,581,0.99862,99.86,0.2746,0
slovenia,g13_00006_13.tif,6503966,10,0.01719,1.72,0.0031,0
slovenia,g13_00006_13.tif,6504062,701,1.20488,120.49,0.1744,0
slovenia,g13_00006_13.tif,6504063,427,0.73393,73.39,0.1302,0
slovenia,g13_00006_13.tif,6504064,27,0.04641,4.64,0.0,0
slovenia,g13_00006_13.tif,6523596,95,0.16329,16.33,0.0,0
slovenia,g13_00006_13.tif,6578410,156,0.26813,26.81,0.0,0
slovenia,g13_00006_13.tif,6625271,249,0.42798,42.8,0.7982,1
slovenia,g13_00006_13.tif,6668356,445,0.76486,76.49,0.0,0
slovenia,g13_00006_13.tif,6715455,1767,3.03711,303.71,0.0,0
slovenia,g13_00006_13.tif,6715465,319,0.5483,54.83,0.0,0
slovenia,g13_00006_13.tif,6888878,200,0.34376,34.38,0.0,0
slovenia,g13_00006_13.tif,6888881,8,0.01375,1.38,0.0,0
slovenia,g13_00006_13.tif,6888882,51,0.08766,8.77,0.0,0
slovenia,g13_00006_13.tif,6888883,227,0.39017,39.02,0.7338,1
slovenia,g13_00006_13.tif,6917369,375,0.64455,64.45,0.0,0
slovenia,g13_00006_13.tif,6917377,289,0.49673,49.67,0.8544,1
slovenia,g13_00006_13.tif,6917383,33,0.05672,5.67,0.0,0
slovenia,g13_00006_13.tif,6945577,34,0.05844,5.84,0.0,0
slovenia,g13_00006_5.tif,6098813,24,0.04125,4.13,0.0,0
slovenia,g13_00006_5.tif,6098814,15,0.02578,2.58,0.0,0
slovenia,g13_00006_5.tif,6166701,139,0.23891,23.89,0.0,0
slovenia,g13_00006_5.tif,6469566,24,0.04125,4.13,0.0,0
slovenia,g13_00006_5.tif,6649668,66,0.11344,11.34,0.0,0
slovenia,g13_00006_5.tif,6649670,63,0.10828,10.83,0.0,0
slovenia,g13_00006_5.tif,6649671,37,0.0636,6.36,0.0,0
slovenia,g13_00006_5.tif,6649672,157,0.26985,26.99,0.0,0
slovenia,g13_00006_5.tif,6649673,93,0.15985,15.98,0.0,0
slovenia,g13_00006_5.tif,6649818,18,0.03094,3.09,0.0,0
slovenia,g13_00006_5.tif,6895511,95,0.16329,16.33,0.0,0
slovenia,g13_00006_5.tif,6895518,80,0.1375,13.75,0.0,0
slovenia,g13_00006_5.tif,6899202,93,0.15985,15.98,0.0,0
slovenia,g13_00006_5.tif,6899203,45,0.07735,7.73,0.0,0
slovenia,g13_00006_5.tif,6899212,60,0.10313,10.31,0.0,0
slovenia,g13_00006_5.tif,6899213,16,0.0275,2.75,0.0,0
slovenia,g13_00006_6.tif,6098812,130,0.22344,22.34,0.0,0
slovenia,g13_00006_6.tif,6098814,6,0.01031,1.03,0.0,0
slovenia,g13_00006_6.tif,6098816,162,0.27844,27.84,0.0,0
slovenia,g13_00006_6.tif,6537427,40,0.06875,6.88,0.0,0
slovenia,g13_00006_7.tif,6338980,607,1.04331,104.33,0.0,0
slovenia,g13_00006_7.tif,6446137,84,0.14438,14.44,0.0,0
slovenia,g13_00006_7.tif,6793026,12,0.02063,2.06,0.0,0
slovenia,g13_00006_7.tif,6793028,57,0.09797,9.8,0.0,0
slovenia,g13_00006_7.tif,6793029,247,0.42454,42.45,0.0,0
slovenia,g13_00006_7.tif,6793030,14,0.02406,2.41,0.0,0
slovenia,g13_00006_7.tif,6793031,5,0.00859,0.86,0.0,0
slovenia,g13_00006_7.tif,6801711,55,0.09453,9.45,0.0,0
slovenia,g13_00006_7.tif,6801712,51,0.08766,8.77,0.0,0
slovenia,g13_00016_0.tif,6102575,56,0.09625,9.63,0.0,0
slovenia,g13_00016_0.tif,6220602,20,0.03438,3.44,0.0,0
slovenia,g13_00016_0.tif,6243944,15,0.02578,2.58,0.0,0
slovenia,g13_00016_0.tif,6243948,157,0.26985,26.99,0.0,0
slovenia,g13_00016_0.tif,6248570,35,0.06016,6.02,0.0,0
slovenia,g13_00016_0.tif,6309752,37,0.0636,6.36,0.0,0
slovenia,g13_00016_0.tif,6343333,180,0.30938,30.94,0.0,0
slovenia,g13_00016_0.tif,6959166,365,0.62736,62.74,0.0,0
slovenia,g13_00016_1.tif,6243948,33,0.05672,5.67,0.0,0
slovenia,g13_00017_17.tif,6092968,148,0.25438,25.44,0.5365,1
slovenia,g13_00017_17.tif,6112021,43,0.07391,7.39,0.2941,0
slovenia,g13_00017_17.tif,6164514,501,0.86112,86.11,0.2859,0
slovenia,g13_00017_17.tif,6168691,48,0.0825,8.25,0.0,0
slovenia,g13_00017_17.tif,6168692,100,0.17188,17.19,0.0,0
slovenia,g13_00017_17.tif,6168693,60,0.10313,10.31,0.0,0
slovenia,g13_00017_17.tif,6168694,475,0.81643,81.64,0.0,0
slovenia,g13_00017_17.tif,6193419,89,0.15297,15.3,0.0,0
slovenia,g13_00017_17.tif,6239504,95,0.16329,16.33,0.0,0
slovenia,g13_00017_17.tif,6239505,198,0.34032,34.03,0.0845,0
slovenia,g13_00017_17.tif,6239746,29,0.04985,4.98,0.0,0
slovenia,g13_00017_17.tif,6241660,189,0.32485,32.49,0.0,0
slovenia,g13_00017_17.tif,6257963,289,0.49673,49.67,0.7158,1
slovenia,g13_00017_17.tif,6257967,49,0.08422,8.42,0.0,0
slovenia,g13_00017_17.tif,6298597,100,0.17188,17.19,0.3977,0
slovenia,g13_00017_17.tif,6298647,63,0.10828,10.83,0.092,0
slovenia,g13_00017_17.tif,6335164,149,0.2561,25.61,0.1897,0
slovenia,g13_00017_17.tif,6335165,124,0.21313,21.31,0.0036,0
slovenia,g13_00017_17.tif,6357855,769,1.32175,132.18,0.769,1
slovenia,g13_00017_17.tif,6357856,508,0.87315,87.31,0.0671,0
slovenia,g13_00017_17.tif,6357859,6,0.01031,1.03,0.0,0
slovenia,g13_00017_17.tif,6368730,277,0.47611,47.61,0.1002,0
slovenia,g13_00017_17.tif,6373005,104,0.17875,17.88,0.7647,1
slovenia,g13_00017_17.tif,6373841,56,0.09625,9.63,0.0,0
slovenia,g13_00017_17.tif,6373935,89,0.15297,15.3,0.0,0
slovenia,g13_00017_17.tif,6373937,20,0.03438,3.44,0.0,0
slovenia,g13_00017_17.tif,6373938,40,0.06875,6.88,0.0,0
slovenia,g13_00017_17.tif,6373939,24,0.04125,4.13,0.0,0
slovenia,g13_00017_17.tif,6410172,355,0.61017,61.02,0.1535,0
slovenia,g13_00017_17.tif,6469623,9,0.01547,1.55,0.5,1
slovenia,g13_00017_17.tif,6469625,50,0.08594,8.59,0.0,0
slovenia,g13_00017_17.tif,6469709,80,0.1375,13.75,0.0357,0
slovenia,g13_00017_17.tif,6477163,59,0.10141,10.14,0.0,0
slovenia,g13_00017_17.tif,6477164,263,0.45204,45.2,0.8052,1
slovenia,g13_00017_17.tif,6477167,72,0.12375,12.38,0.8182,1
slovenia,g13_00017_17.tif,6477168,26,0.04469,4.47,0.0257,0
slovenia,g13_00017_17.tif,6500731,3,0.00516,0.52,0.0,0
slovenia,g13_00017_17.tif,6606604,33,0.05672,5.67,0.0111,0
slovenia,g13_00017_17.tif,6617028,64,0.11,11.0,0.8723,1
slovenia,g13_00017_17.tif,6639520,889,1.52801,152.8,0.4027,0
slovenia,g13_00017_17.tif,6639522,295,0.50704,50.7,0.8021,1
slovenia,g13_00017_17.tif,6639523,386,0.66346,66.35,0.1505,0
slovenia,g13_00017_17.tif,6639526,1256,2.15881,215.88,0.9467,1
slovenia,g13_00017_17.tif,6639528,764,1.31316,131.32,0.8741,1
slovenia,g13_00017_17.tif,6639530,607,1.04331,104.33,0.8604,1
slovenia,g13_00017_17.tif,6639538,460,0.79065,79.06,0.2073,0
slovenia,g13_00017_17.tif,6639542,404,0.69439,69.44,0.6122,1
slovenia,g13_00017_17.tif,6639546,308,0.52939,52.94,0.1623,0
slovenia,g13_00017_17.tif,6639548,276,0.47439,47.44,0.0,0
slovenia,g13_00017_17.tif,6639554,219,0.37642,37.64,0.0,0
slovenia,g13_00017_17.tif,6639759,47,0.08078,8.08,0.0034,0
slovenia,g13_00017_17.tif,6647091,431,0.7408,74.08,0.4182,0
slovenia,g13_00017_17.tif,6647092,167,0.28704,28.7,0.0,0
slovenia,g13_00017_17.tif,6658340,737,1.26675,126.68,0.0079,0
slovenia,g13_00017_17.tif,6658343,351,0.6033,60.33,0.0,0
slovenia,g13_00017_17.tif,6668555,1769,3.04055,304.05,0.7882,1
slovenia,g13_00017_17.tif,6668562,51,0.08766,8.77,0.0,0
slovenia,g13_00017_17.tif,6676156,83,0.14266,14.27,0.0,0
slovenia,g13_00017_17.tif,6676158,763,1.31144,131.14,0.0,0
slovenia,g13_00017_17.tif,6676159,275,0.47267,47.27,0.0,0
slovenia,g13_00017_17.tif,6713230,588,1.01065,101.07,0.0435,0
slovenia,g13_00017_17.tif,6717412,377,0.64799,64.8,0.6242,1
slovenia,g13_00017_17.tif,6717413,70,0.12032,12.03,0.0409,0
slovenia,g13_00017_17.tif,6717423,339,0.58267,58.27,0.5745,1
slovenia,g13_00017_17.tif,6717424,99,0.17016,17.02,0.0,0
slovenia,g13_00017_17.tif,6717427,90,0.15469,15.47,0.9718,1
slovenia,g13_00017_17.tif,6717437,215,0.36954,36.95,0.0244,0
slovenia,g13_00017_17.tif,6846301,195,0.33517,33.52,0.0,0
slovenia,g13_00017_17.tif,6846303,208,0.35751,35.75,0.0,0
slovenia,g13_00017_17.tif,6846341,332,0.57064,57.06,0.75,1
slovenia,g13_00017_17.tif,6846357,20,0.03438,3.44,0.0261,0
slovenia,g13_00017_17.tif,6853088,602,1.03472,103.47,0.0,0
slovenia,g13_00017_17.tif,6853106,42,0.07219,7.22,0.0,0
slovenia,g13_00017_17.tif,6881114,521,0.89549,89.55,0.0714,0
slovenia,g13_00017_17.tif,6940227,524,0.90065,90.06,0.3049,0
slovenia,g13_00017_17.tif,6940228,296,0.50876,50.88,0.0,0
slovenia,g13_00017_18.tif,6084205,110,0.18907,18.91,0.0,0
slovenia,g13_00017_18.tif,6084321,615,1.05706,105.71,0.063,0
slovenia,g13_00017_18.tif,6084429,46,0.07906,7.91,0.0,0
slovenia,g13_00017_18.tif,6092954,742,1.27535,127.53,0.0713,0
slovenia,g13_00017_18.tif,6092968,53,0.0911,9.11,0.0044,0
slovenia,g13_00017_18.tif,6092971,220,0.37814,37.81,0.0211,0
slovenia,g13_00017_18.tif,6092977,179,0.30766,30.77,0.0152,0
slovenia,g13_00017_18.tif,6092979,103,0.17704,17.7,0.0088,0
slovenia,g13_00017_18.tif,6108633,495,0.8508,85.08,0.1851,0
slovenia,g13_00017_18.tif,6109207,91,0.15641,15.64,0.0212,0
slovenia,g13_00017_18.tif,6109287,49,0.08422,8.42,0.0093,0
slovenia,g13_00017_18.tif,6109328,205,0.35235,35.24,0.0844,0
slovenia,g13_00017_18.tif,6109658,189,0.32485,32.49,0.0769,0
slovenia,g13_00017_18.tif,6112017,248,0.42626,42.63,0.0979,0
slovenia,g13_00017_18.tif,6112019,8,0.01375,1.38,0.0,0
slovenia,g13_00017_18.tif,6112020,3,0.00516,0.52,0.0005,0
slovenia,g13_00017_18.tif,6112022,66,0.11344,11.34,0.0009,0
slovenia,g13_00017_18.tif,6112905,253,0.43486,43.49,0.0391,0
slovenia,g13_00017_18.tif,6131465,536,0.92127,92.13,0.8157,1
slovenia,g13_00017_18.tif,6131467,411,0.70643,70.64,0.0016,0
slovenia,g13_00017_18.tif,6146992,439,0.75455,75.46,0.0377,0
slovenia,g13_00017_18.tif,6146993,404,0.69439,69.44,0.0369,0
slovenia,g13_00017_18.tif,6151740,253,0.43486,43.49,0.1905,0
slovenia,g13_00017_18.tif,6151741,124,0.21313,21.31,0.0,0
slovenia,g13_00017_18.tif,6151743,579,0.99518,99.52,0.454,0
slovenia,g13_00017_18.tif,6151793,212,0.36438,36.44,0.141,0
slovenia,g13_00017_18.tif,6164514,160,0.27501,27.5,0.0131,0
slovenia,g13_00017_18.tif,6164517,62,0.10657,10.66,0.0,0
slovenia,g13_00017_18.tif,6168840,157,0.26985,26.99,0.05,0
slovenia,g13_00017_18.tif,6168893,489,0.84049,84.05,0.1633,0
slovenia,g13_00017_18.tif,6168940,230,0.39532,39.53,0.0347,0
slovenia,g13_00017_18.tif,6169057,24,0.04125,4.13,0.0041,0
slovenia,g13_00017_18.tif,6169713,159,0.27329,27.33,0.6311,1
slovenia,g13_00017_18.tif,6193417,171,0.29391,29.39,0.0128,0
slovenia,g13_00017_18.tif,6212727,15,0.02578,2.58,0.0,0
slovenia,g13_00017_18.tif,6232871,142,0.24407,24.41,0.0,0
slovenia,g13_00017_18.tif,6232876,24,0.04125,4.13,0.0,0
slovenia,g13_00017_18.tif,6232954,147,0.25266,25.27,0.0,0
slovenia,g13_00017_18.tif,6239505,134,0.23032,23.03,0.0132,0
slovenia,g13_00017_18.tif,6239507,347,0.59642,59.64,0.0362,0
slovenia,g13_00017_18.tif,6239509,50,0.08594,8.59,0.0,0
slovenia,g13_00017_18.tif,6239511,6,0.01031,1.03,0.0,0
slovenia,g13_00017_18.tif,6239512,79,0.13578,13.58,0.0,0
slovenia,g13_00017_18.tif,6239524,81,0.13922,13.92,0.0088,0
slovenia,g13_00017_18.tif,6239528,69,0.1186,11.86,0.1165,0
slovenia,g13_00017_18.tif,6239746,95,0.16329,16.33,0.0068,0
slovenia,g13_00017_18.tif,6297786,44,0.07563,7.56,0.0051,0
slovenia,g13_00017_18.tif,6297788,222,0.38157,38.16,0.2131,0
slovenia,g13_00017_18.tif,6297790,124,0.21313,21.31,0.0099,0
slovenia,g13_00017_18.tif,6297791,23,0.03953,3.95,0.0,0
slovenia,g13_00017_18.tif,6297926,1442,2.4785,247.85,0.2442,0
slovenia,g13_00017_18.tif,6298613,269,0.46236,46.24,0.0266,0
slovenia,g13_00017_18.tif,6298617,262,0.45032,45.03,0.0257,0
slovenia,g13_00017_18.tif,6298624,16,0.0275,2.75,0.0,0
slovenia,g13_00017_18.tif,6309519,90,0.15469,15.47,0.0,0
slovenia,g13_00017_18.tif,6309520,207,0.35579,35.58,0.0,0
slovenia,g13_00017_18.tif,6373003,42,0.07219,7.22,0.0,0
slovenia,g13_00017_18.tif,6373005,330,0.5672,56.72,0.6449,1
slovenia,g13_00017_18.tif,6375580,9,0.01547,1.55,0.0033,0
slovenia,g13_00017_18.tif,6375581,153,0.26298,26.3,0.0539,0
slovenia,g13_00017_18.tif,6410172,7,0.01203,1.2,0.0001,0
slovenia,g13_00017_18.tif,6411008,377,0.64799,64.8,0.0645,0
slovenia,g13_00017_18.tif,6411743,356,0.61189,61.19,0.8797,1
slovenia,g13_00017_18.tif,6500714,491,0.84393,84.39,0.0462,0
slovenia,g13_00017_18.tif,6500724,268,0.46064,46.06,0.0256,0
slovenia,g13_00017_18.tif,6500731,200,0.34376,34.38,0.0191,0
slovenia,g13_00017_18.tif,6500739,138,0.23719,23.72,0.1305,0
slovenia,g13_00017_18.tif,6606637,457,0.78549,78.55,0.0,0
slovenia,g13_00017_18.tif,6606662,336,0.57752,57.75,0.0316,0
slovenia,g13_00017_18.tif,6606913,185,0.31798,31.8,0.016,0
slovenia,g13_00017_18.tif,6615112,299,0.51392,51.39,0.6725,1
slovenia,g13_00017_18.tif,6622108,287,0.49329,49.33,0.238,0
slovenia,g13_00017_18.tif,6630066,239,0.41079,41.08,0.0847,0
slovenia,g13_00017_18.tif,6639549,138,0.23719,23.72,0.0193,0
slovenia,g13_00017_18.tif,6645614,161,0.27673,27.67,0.0525,0
slovenia,g13_00017_18.tif,6704745,405,0.69611,69.61,0.0648,0
slovenia,g13_00017_18.tif,6704749,21,0.03609,3.61,0.0,0
slovenia,g13_00017_18.tif,6712320,238,0.40907,40.91,0.0876,0
slovenia,g13_00017_18.tif,6713230,69,0.1186,11.86,0.0067,0
slovenia,g13_00017_18.tif,6713269,247,0.42454,42.45,0.076,0
slovenia,g13_00017_18.tif,6713276,21,0.03609,3.61,0.0051,0
slovenia,g13_00017_18.tif,6713286,93,0.15985,15.98,0.028,0
slovenia,g13_00017_18.tif,6714168,31,0.05328,5.33,0.0047,0
slovenia,g13_00017_18.tif,6717422,358,0.61533,61.53,0.0339,0
slovenia,g13_00017_18.tif,6717427,66,0.11344,11.34,0.2634,0
slovenia,g13_00017_18.tif,6717449,719,1.23581,123.58,0.1223,0
slovenia,g13_00017_18.tif,6717456,167,0.28704,28.7,0.0179,0
slovenia,g13_00017_18.tif,6717457,252,0.43314,43.31,0.2638,0
slovenia,g13_00017_18.tif,6800797,271,0.46579,46.58,0.0258,0
slovenia,g13_00017_18.tif,6800800,129,0.22172,22.17,0.0248,0
slovenia,g13_00017_18.tif,6800801,23,0.03953,3.95,0.0016,0
slovenia,g13_00017_18.tif,6853092,500,0.8594,85.94,0.0833,0
slovenia,g13_00017_18.tif,6853094,43,0.07391,7.39,0.0172,0
slovenia,g13_00017_18.tif,6853097,269,0.46236,46.24,0.0458,0
slovenia,g13_00017_18.tif,6853113,133,0.2286,22.86,0.0177,0
slovenia,g13_00017_18.tif,6862171,219,0.37642,37.64,0.8683,1
slovenia,g13_00017_18.tif,6873507,424,0.72877,72.88,0.4866,0
slovenia,g13_00017_18.tif,6873509,110,0.18907,18.91,0.0881,0
slovenia,g13_00017_18.tif,6873510,97,0.16672,16.67,0.0722,0
slovenia,g13_00017_18.tif,6881114,248,0.42626,42.63,0.0253,0
slovenia,g13_00017_18.tif,6881124,411,0.70643,70.64,0.0384,0
slovenia,g13_00017_18.tif,6944704,210,0.36095,36.09,0.0182,0
slovenia,g13_00017_18.tif,6944766,372,0.63939,63.94,0.1177,0
slovenia,g13_00017_18.tif,6944796,45,0.07735,7.73,0.0082,0
slovenia,g13_00017_18.tif,6955933,605,1.03987,103.99,0.0629,0
slovenia,g13_00018_0.tif,6084416,305,0.52423,52.42,0.0286,0
slovenia,g13_00018_0.tif,6108638,282,0.4847,48.47,0.0253,0
slovenia,g13_00018_0.tif,6109333,106,0.18219,18.22,0.0985,0
slovenia,g13_00018_0.tif,6109654,477,0.81987,81.99,0.1379,0
slovenia,g13_00018_0.tif,6109656,711,1.22206,122.21,0.1947,0
slovenia,g13_00018_0.tif,6109658,72,0.12375,12.38,0.0652,0
slovenia,g13_00018_0.tif,6109660,433,0.74424,74.42,0.1171,0
slovenia,g13_00018_0.tif,6109661,356,0.61189,61.19,0.8854,1
slovenia,g13_00018_0.tif,6109663,116,0.19938,19.94,0.5169,1
slovenia,g13_00018_0.tif,6109720,31,0.05328,5.33,0.0066,0
slovenia,g13_00018_0.tif,6112020,145,0.24923,24.92,0.0132,0
slovenia,g13_00018_0.tif,6120345,17,0.02922,2.92,0.002,0
slovenia,g13_00018_0.tif,6131462,1154,1.98349,198.35,0.1158,0
slovenia,g13_00018_0.tif,6131465,206,0.35407,35.41,0.0,0
slovenia,g13_00018_0.tif,6131472,301,0.51736,51.74,0.0,0
slovenia,g13_00018_0.tif,6131477,165,0.2836,28.36,0.0143,0
slovenia,g13_00018_0.tif,6131479,52,0.08938,8.94,0.0395,0
slovenia,g13_00018_0.tif,6139993,346,0.5947,59.47,0.0878,0
slovenia,g13_00018_0.tif,6139998,277,0.47611,47.61,0.4247,0
slovenia,g13_00018_0.tif,6140001,160,0.27501,27.5,0.1823,0
slovenia,g13_00018_0.tif,6140002,158,0.27157,27.16,0.0731,0
slovenia,g13_00018_0.tif,6140004,107,0.18391,18.39,0.0189,0
slovenia,g13_00018_0.tif,6168848,421,0.72361,72.36,0.0434,0
slovenia,g13_00018_0.tif,6226124,391,0.67205,67.2,0.039,0
slovenia,g13_00018_0.tif,6250816,229,0.3936,39.36,0.0205,0
slovenia,g13_00018_0.tif,6279233,294,0.50533,50.53,0.0534,0
slovenia,g13_00018_0.tif,6279236,128,0.22001,22.0,0.0171,0
slovenia,g13_00018_0.tif,6279360,182,0.31282,31.28,0.0275,0
slovenia,g13_00018_0.tif,6279379,8,0.01375,1.38,0.0007,0
slovenia,g13_00018_0.tif,6301286,586,1.00721,100.72,0.0,0
slovenia,g13_00018_0.tif,6301290,303,0.5208,52.08,0.0518,0
slovenia,g13_00018_0.tif,6301291,282,0.4847,48.47,0.0523,0
slovenia,g13_00018_0.tif,6301293,179,0.30766,30.77,0.0629,0
slovenia,g13_00018_0.tif,6307194,532,0.9144,91.44,0.0538,0
slovenia,g13_00018_0.tif,6307196,316,0.54314,54.31,0.4764,0
slovenia,g13_00018_0.tif,6307199,212,0.36438,36.44,0.0511,0
slovenia,g13_00018_0.tif,6307200,77,0.13235,13.23,0.0,0
slovenia,g13_00018_0.tif,6307325,98,0.16844,16.84,0.2308,0
slovenia,g13_00018_0.tif,6307857,618,1.06222,106.22,0.8536,1
slovenia,g13_00018_0.tif,6353375,155,0.26641,26.64,0.0263,0
slovenia,g13_00018_0.tif,6363218,479,0.8233,82.33,0.8723,1
slovenia,g13_00018_0.tif,6375580,116,0.19938,19.94,0.0097,0
slovenia,g13_00018_0.tif,6388885,463,0.7958,79.58,0.0,0
slovenia,g13_00018_0.tif,6388891,269,0.46236,46.24,0.3004,0
slovenia,g13_00018_0.tif,6388898,66,0.11344,11.34,0.0,0
slovenia,g13_00018_0.tif,6395747,318,0.54658,54.66,0.7828,1
slovenia,g13_00018_0.tif,6395752,191,0.32829,32.83,0.0669,0
slovenia,g13_00018_0.tif,6395805,8,0.01375,1.38,0.0,0
slovenia,g13_00018_0.tif,6412497,509,0.87487,87.49,0.0986,0
slovenia,g13_00018_0.tif,6412501,196,0.33688,33.69,0.0278,0
slovenia,g13_00018_0.tif,6412626,465,0.79924,79.92,0.1792,0
slovenia,g13_00018_0.tif,6412632,438,0.75283,75.28,0.1746,0
slovenia,g13_00018_0.tif,6412633,406,0.69783,69.78,0.1575,0
slovenia,g13_00018_0.tif,6412733,40,0.06875,6.88,0.1003,0
slovenia,g13_00018_0.tif,6448923,526,0.90409,90.41,0.0989,0
slovenia,g13_00018_0.tif,6448926,12,0.02063,2.06,0.0,0
slovenia,g13_00018_0.tif,6449043,299,0.51392,51.39,0.2423,0
slovenia,g13_00018_0.tif,6454973,256,0.44001,44.0,0.2454,0
slovenia,g13_00018_0.tif,6454974,17,0.02922,2.92,0.0,0
slovenia,g13_00018_0.tif,6454976,72,0.12375,12.38,0.0,0
slovenia,g13_00018_0.tif,6454977,298,0.5122,51.22,0.7808,1
slovenia,g13_00018_0.tif,6454982,487,0.83705,83.71,0.1234,0
slovenia,g13_00018_0.tif,6455172,389,0.66861,66.86,0.0,0
slovenia,g13_00018_0.tif,6500699,960,1.65004,165.0,0.3264,0
slovenia,g13_00018_0.tif,6500706,1612,2.7707,277.07,0.1993,0
slovenia,g13_00018_0.tif,6500717,373,0.64111,64.11,0.069,0
slovenia,g13_00018_0.tif,6500733,37,0.0636,6.36,0.0046,0
slovenia,g13_00018_0.tif,6500788,639,1.09831,109.83,0.1233,0
slovenia,g13_00018_0.tif,6500792,389,0.66861,66.86,0.0713,0
slovenia,g13_00018_0.tif,6500795,142,0.24407,24.41,0.025,0
slovenia,g13_00018_0.tif,6502777,38,0.06531,6.53,0.0039,0
slovenia,g13_00018_0.tif,6508732,592,1.01753,101.75,0.0606,0
slovenia,g13_00018_0.tif,6543027,214,0.36782,36.78,0.0339,0
slovenia,g13_00018_0.tif,6630066,6,0.01031,1.03,0.0323,0
slovenia,g13_00018_0.tif,6639563,168,0.28876,28.88,0.1619,0
slovenia,g13_00018_0.tif,6645613,807,1.38707,138.71,0.5423,1
slovenia,g13_00018_0.tif,6645614,97,0.16672,16.67,0.6829,1
slovenia,g13_00018_0.tif,6645632,469,0.80612,80.61,0.2199,0
slovenia,g13_00018_0.tif,6645638,247,0.42454,42.45,0.1935,0
slovenia,g13_00018_0.tif,6694033,152,0.26126,26.13,0.0293,0
slovenia,g13_00018_0.tif,6704689,2022,3.47541,347.54,0.2483,0
slovenia,g13_00018_0.tif,6704691,1502,2.58163,258.16,0.9392,1
slovenia,g13_00018_0.tif,6704731,354,0.60845,60.85,0.0398,0
slovenia,g13_00018_0.tif,6704734,236,0.40564,40.56,0.0515,0
slovenia,g13_00018_0.tif,6704737,220,0.37814,37.81,0.1674,0
slovenia,g13_00018_0.tif,6704741,202,0.3472,34.72,0.1197,0
slovenia,g13_00018_0.tif,6712308,31,0.05328,5.33,0.002,0
slovenia,g13_00018_0.tif,6712320,33,0.05672,5.67,0.0023,0
slovenia,g13_00018_0.tif,6713224,708,1.21691,121.69,0.0717,0
slovenia,g13_00018_0.tif,6713227,22,0.03781,3.78,0.1875,0
slovenia,g13_00018_0.tif,6713262,338,0.58095,58.1,0.5142,1
slovenia,g13_00018_0.tif,6713273,264,0.45376,45.38,0.2701,0
slovenia,g13_00018_0.tif,6713276,121,0.20797,20.8,0.0092,0
slovenia,g13_00018_0.tif,6713279,148,0.25438,25.44,0.1447,0
slovenia,g13_00018_0.tif,6713282,165,0.2836,28.36,0.013,0
slovenia,g13_00018_0.tif,6713283,135,0.23204,23.2,0.0106,0
slovenia,g13_00018_0.tif,6718684,170,0.2922,29.22,0.0527,0
slovenia,g13_00018_0.tif,6748707,97,0.16672,16.67,0.0117,0
slovenia,g13_00018_0.tif,6789601,328,0.56377,56.38,0.0,0
slovenia,g13_00018_0.tif,6789605,337,0.57923,57.92,0.0003,0
slovenia,g13_00018_0.tif,6853094,247,0.42454,42.45,0.001,0
slovenia,g13_00018_0.tif,6853114,583,1.00206,100.21,0.0596,0
slovenia,g13_00018_0.tif,6859845,326,0.56033,56.03,0.4332,0
slovenia,g13_00018_0.tif,6862171,2590,4.45168,445.17,0.3282,0
slovenia,g13_00018_0.tif,6944702,131,0.22516,22.52,0.1207,0
slovenia,g13_00018_0.tif,6944703,207,0.35579,35.58,0.3184,0
slovenia,g13_00018_0.tif,7008078,2854,4.90544,490.54,0.3118,0
slovenia,g13_00018_0.tif,7047230,148,0.25438,25.44,0.9018,1
slovenia,g13_00018_12.tif,6220597,365,0.62736,62.74,0.0,0
slovenia,g13_00018_12.tif,6245714,300,0.51564,51.56,0.0,0
slovenia,g13_00018_12.tif,6245715,66,0.11344,11.34,0.0,0
slovenia,g13_00018_12.tif,6309755,11,0.01891,1.89,0.0,0
slovenia,g13_00018_12.tif,6959166,12,0.02063,2.06,0.0,0
slovenia,g13_00020_10.tif,6109665,70,0.12032,12.03,0.0,0
slovenia,g13_00020_10.tif,6112021,86,0.14782,14.78,0.0308,0
slovenia,g13_00020_10.tif,6130378,130,0.22344,22.34,0.0,0
slovenia,g13_00020_10.tif,6130379,144,0.24751,24.75,0.4234,0
slovenia,g13_00020_10.tif,6143655,212,0.36438,36.44,0.0,0
slovenia,g13_00020_10.tif,6143656,71,0.12203,12.2,0.0,0
slovenia,g13_00020_10.tif,6144827,67,0.11516,11.52,0.0747,0
slovenia,g13_00020_10.tif,6144829,265,0.45548,45.55,0.8388,1
slovenia,g13_00020_10.tif,6144833,130,0.22344,22.34,0.0,0
slovenia,g13_00020_10.tif,6144835,133,0.2286,22.86,0.7097,1
slovenia,g13_00020_10.tif,6144850,68,0.11688,11.69,0.0312,0
slovenia,g13_00020_10.tif,6146988,15,0.02578,2.58,0.0,0
slovenia,g13_00020_10.tif,6146989,10,0.01719,1.72,0.0,0
slovenia,g13_00020_10.tif,6146994,188,0.32313,32.31,0.2429,0
slovenia,g13_00020_10.tif,6207621,88,0.15125,15.13,0.2256,0
slovenia,g13_00020_10.tif,6207622,76,0.13063,13.06,0.0,0
slovenia,g13_00020_10.tif,6212691,238,0.40907,40.91,0.1436,0
slovenia,g13_00020_10.tif,6212694,26,0.04469,4.47,0.0,0
slovenia,g13_00020_10.tif,6212695,76,0.13063,13.06,0.0,0
slovenia,g13_00020_10.tif,6213421,177,0.30423,30.42,0.0,0
slovenia,g13_00020_10.tif,6213467,198,0.34032,34.03,0.0,0
slovenia,g13_00020_10.tif,6213494,106,0.18219,18.22,0.0,0
slovenia,g13_00020_10.tif,6217968,72,0.12375,12.38,0.0,0
slovenia,g13_00020_10.tif,6226111,144,0.24751,24.75,0.0,0
slovenia,g13_00020_10.tif,6226114,39,0.06703,6.7,0.0,0
slovenia,g13_00020_10.tif,6226115,112,0.19251,19.25,0.0,0
slovenia,g13_00020_10.tif,6226117,7,0.01203,1.2,0.0,0
slovenia,g13_00020_10.tif,6226120,26,0.04469,4.47,0.0,0
slovenia,g13_00020_10.tif,6226121,52,0.08938,8.94,0.025,0
slovenia,g13_00020_10.tif,6226251,172,0.29563,29.56,0.0,0
slovenia,g13_00020_10.tif,6226252,4,0.00688,0.69,0.0,0
slovenia,g13_00020_10.tif,6239519,17,0.02922,2.92,0.0,0
slovenia,g13_00020_10.tif,6239520,35,0.06016,6.02,0.0,0
slovenia,g13_00020_10.tif,6239521,156,0.26813,26.81,0.6525,1
slovenia,g13_00020_10.tif,6301008,160,0.27501,27.5,0.0,0
slovenia,g13_00020_10.tif,6301012,66,0.11344,11.34,0.0,0
slovenia,g13_00020_10.tif,6307203,39,0.06703,6.7,0.0,0
slovenia,g13_00020_10.tif,6357856,8,0.01375,1.38,0.0,0
slovenia,g13_00020_10.tif,6357861,45,0.07735,7.73,0.0,0
slovenia,g13_00020_10.tif,6398484,125,0.21485,21.48,0.0,0
slovenia,g13_00020_10.tif,6398485,171,0.29391,29.39,0.3505,0
slovenia,g13_00020_10.tif,6398487,33,0.05672,5.67,0.0,0
slovenia,g13_00020_10.tif,6411748,90,0.15469,15.47,0.0,0
slovenia,g13_00020_10.tif,6411749,67,0.11516,11.52,0.0,0
slovenia,g13_00020_10.tif,6477162,50,0.08594,8.59,0.0,0
slovenia,g13_00020_10.tif,6477163,24,0.04125,4.13,0.0,0
slovenia,g13_00020_10.tif,6477164,63,0.10828,10.83,0.0,0
slovenia,g13_00020_10.tif,6477167,17,0.02922,2.92,0.0,0
slovenia,g13_00020_10.tif,6477168,38,0.06531,6.53,0.0,0
slovenia,g13_00020_10.tif,6477169,19,0.03266,3.27,0.0,0
slovenia,g13_00020_10.tif,6500735,80,0.1375,13.75,0.0,0
slovenia,g13_00020_10.tif,6590947,45,0.07735,7.73,0.0,0
slovenia,g13_00020_10.tif,6602108,339,0.58267,58.27,0.0,0
slovenia,g13_00020_10.tif,6602132,259,0.44517,44.52,0.0,0
slovenia,g13_00020_10.tif,6602142,193,0.33173,33.17,0.0,0
slovenia,g13_00020_10.tif,6602153,157,0.26985,26.99,0.0,0
slovenia,g13_00020_10.tif,6602220,356,0.61189,61.19,0.2633,0
slovenia,g13_00020_10.tif,6615093,249,0.42798,42.8,0.01,0
slovenia,g13_00020_10.tif,6615107,110,0.18907,18.91,0.0,0
slovenia,g13_00020_10.tif,6615108,79,0.13578,13.58,0.0,0
slovenia,g13_00020_10.tif,6615115,57,0.09797,9.8,0.0,0
slovenia,g13_00020_10.tif,6625512,81,0.13922,13.92,0.0,0
slovenia,g13_00020_10.tif,6656369,127,0.21829,21.83,0.0,0
slovenia,g13_00020_10.tif,6656378,72,0.12375,12.38,0.0,0
slovenia,g13_00020_10.tif,6658338,65,0.11172,11.17,0.0,0
slovenia,g13_00020_10.tif,6685838,48,0.0825,8.25,0.0,0
slovenia,g13_00020_10.tif,6685840,27,0.04641,4.64,0.0,0
slovenia,g13_00020_10.tif,6704705,543,0.93331,93.33,0.7283,1
slovenia,g13_00020_10.tif,6704707,760,1.30628,130.63,0.8421,1
slovenia,g13_00020_10.tif,6704709,80,0.1375,13.75,0.0284,0
slovenia,g13_00020_10.tif,6704711,132,0.22688,22.69,0.1113,0
slovenia,g13_00020_10.tif,6713287,60,0.10313,10.31,0.0,0
slovenia,g13_00020_10.tif,6800802,38,0.06531,6.53,0.0,0
slovenia,g13_00020_10.tif,6800804,16,0.0275,2.75,0.0,0
slovenia,g13_00020_10.tif,6833229,878,1.5091,150.91,0.8527,1
slovenia,g13_00020_10.tif,6833236,55,0.09453,9.45,0.0,0
slovenia,g13_00020_10.tif,6833689,365,0.62736,62.74,0.0,0
slovenia,g13_00020_10.tif,6869043,327,0.56205,56.2,0.0,0
slovenia,g13_00020_10.tif,6881120,69,0.1186,11.86,0.0,0
slovenia,g13_00020_10.tif,6940235,121,0.20797,20.8,0.0,0
slovenia,g13_00020_10.tif,6955930,629,1.08112,108.11,0.3408,0
slovenia,g13_00020_10.tif,6955936,11,0.01891,1.89,0.0,0
slovenia,g13_00020_10.tif,6955955,247,0.42454,42.45,0.0,0
slovenia,g13_00020_10.tif,6955968,164,0.28188,28.19,0.0,0
slovenia,g13_00020_10.tif,6955971,211,0.36267,36.27,0.0597,0
slovenia,g13_00020_10.tif,6955972,86,0.14782,14.78,0.0,0
slovenia,g13_00020_10.tif,6955974,10,0.01719,1.72,0.0,0
slovenia,g13_00020_10.tif,6955976,550,0.94534,94.53,0.0,0
slovenia,g13_00020_11.tif,6091534,120,0.20626,20.63,0.6311,1
slovenia,g13_00020_11.tif,6091535,188,0.32313,32.31,0.0,0
slovenia,g13_00020_11.tif,6091536,20,0.03438,3.44,0.0,0
slovenia,g13_00020_11.tif,6091537,252,0.43314,43.31,0.8043,1
slovenia,g13_00020_11.tif,6112021,4,0.00688,0.69,0.1667,0
slovenia,g13_00020_11.tif,6125325,9,0.01547,1.55,0.0,0
slovenia,g13_00020_11.tif,6125326,240,0.41251,41.25,0.6703,1
slovenia,g13_00020_11.tif,6125328,10,0.01719,1.72,0.0,0
slovenia,g13_00020_11.tif,6149356,216,0.37126,37.13,0.0,0
slovenia,g13_00020_11.tif,6194780,171,0.29391,29.39,0.0045,0
slovenia,g13_00020_11.tif,6194781,18,0.03094,3.09,0.0,0
slovenia,g13_00020_11.tif,6202551,50,0.08594,8.59,0.2656,0
slovenia,g13_00020_11.tif,6202552,43,0.07391,7.39,0.0482,0
slovenia,g13_00020_11.tif,6202553,25,0.04297,4.3,0.0139,0
slovenia,g13_00020_11.tif,6212710,298,0.5122,51.22,0.3121,0
slovenia,g13_00020_11.tif,6212713,575,0.98831,98.83,0.9034,1
slovenia,g13_00020_11.tif,6212719,199,0.34204,34.2,0.817,1
slovenia,g13_00020_11.tif,6212724,148,0.25438,25.44,0.3262,0
slovenia,g13_00020_11.tif,6212725,126,0.21657,21.66,0.2448,0
slovenia,g13_00020_11.tif,6212727,664,1.14128,114.13,0.502,1
slovenia,g13_00020_11.tif,6226115,341,0.58611,58.61,0.4577,0
slovenia,g13_00020_11.tif,6226118,323,0.55517,55.52,0.2329,0
slovenia,g13_00020_11.tif,6226120,203,0.34892,34.89,0.5483,1
slovenia,g13_00020_11.tif,6226356,406,0.69783,69.78,0.2685,0
slovenia,g13_00020_11.tif,6226406,146,0.25094,25.09,0.0851,0
slovenia,g13_00020_11.tif,6250828,44,0.07563,7.56,0.0,0
slovenia,g13_00020_11.tif,6250829,13,0.02234,2.23,0.0,0
slovenia,g13_00020_11.tif,6304000,142,0.24407,24.41,0.0,0
slovenia,g13_00020_11.tif,6304001,74,0.12719,12.72,0.0033,0
slovenia,g13_00020_11.tif,6304731,310,0.53283,53.28,0.5102,1
slovenia,g13_00020_11.tif,6304733,176,0.30251,30.25,0.0591,0
slovenia,g13_00020_11.tif,6304739,177,0.30423,30.42,0.6536,1
slovenia,g13_00020_11.tif,6304808,6,0.01031,1.03,0.0061,0
slovenia,g13_00020_11.tif,6366435,106,0.18219,18.22,0.0,0
slovenia,g13_00020_11.tif,6366436,16,0.0275,2.75,0.0,0
slovenia,g13_00020_11.tif,6366437,444,0.76315,76.31,0.0201,0
slovenia,g13_00020_11.tif,6366438,262,0.45032,45.03,0.8625,1
slovenia,g13_00020_11.tif,6399301,13,0.02234,2.23,0.0,0
slovenia,g13_00020_11.tif,6399302,263,0.45204,45.2,0.3142,0
slovenia,g13_00020_11.tif,6399305,152,0.26126,26.13,0.0734,0
slovenia,g13_00020_11.tif,6399482,21,0.03609,3.61,0.0221,0
slovenia,g13_00020_11.tif,6475324,302,0.51908,51.91,0.4402,0
slovenia,g13_00020_11.tif,6500740,230,0.39532,39.53,0.3289,0
slovenia,g13_00020_11.tif,6577590,19,0.03266,3.27,0.0,0
slovenia,g13_00020_11.tif,6577591,179,0.30766,30.77,0.0,0
slovenia,g13_00020_11.tif,6577593,17,0.02922,2.92,0.0,0
slovenia,g13_00020_11.tif,6599037,161,0.27673,27.67,0.1916,0
slovenia,g13_00020_11.tif,6602195,274,0.47095,47.1,0.7395,1
slovenia,g13_00020_11.tif,6615084,1474,2.5335,253.35,0.3995,0
slovenia,g13_00020_11.tif,6615093,460,0.79065,79.06,0.4667,0
slovenia,g13_00020_11.tif,6615099,388,0.66689,66.69,0.4,0
slovenia,g13_00020_11.tif,6615102,48,0.0825,8.25,0.0072,0
slovenia,g13_00020_11.tif,6615103,296,0.50876,50.88,0.8346,1
slovenia,g13_00020_11.tif,6676886,396,0.68064,68.06,0.0,0
slovenia,g13_00020_11.tif,6685843,69,0.1186,11.86,0.1061,0
slovenia,g13_00020_11.tif,6686730,266,0.4572,45.72,0.3711,0
slovenia,g13_00020_11.tif,6693590,354,0.60845,60.85,0.5521,1
slovenia,g13_00020_11.tif,6700486,322,0.55345,55.35,0.7241,1
slovenia,g13_00020_11.tif,6741679,11,0.01891,1.89,0.0,0
slovenia,g13_00020_11.tif,6748714,201,0.34548,34.55,0.0,0
slovenia,g13_00020_11.tif,6800015,95,0.16329,16.33,0.0,0
slovenia,g13_00020_11.tif,6800018,131,0.22516,22.52,0.0,0
slovenia,g13_00020_11.tif,6800027,115,0.19766,19.77,0.0,0
slovenia,g13_00020_11.tif,6955936,642,1.10347,110.35,0.3,0
slovenia,g13_00020_11.tif,6955948,698,1.19972,119.97,0.0034,0
slovenia,g13_00020_11.tif,6955953,295,0.50704,50.7,0.0,0
slovenia,g13_00020_11.tif,6955965,441,0.75799,75.8,0.4407,0
slovenia,g13_00020_11.tif,6955967,117,0.2011,20.11,0.437,0
slovenia,g13_00020_12.tif,6091665,301,0.51736,51.74,0.4904,0
slovenia,g13_00020_12.tif,6120344,268,0.46064,46.06,0.4177,0
slovenia,g13_00020_12.tif,6120345,90,0.15469,15.47,0.0416,0
slovenia,g13_00020_12.tif,6120347,55,0.09453,9.45,0.0159,0
slovenia,g13_00020_12.tif,6120348,6,0.01031,1.03,0.0007,0
slovenia,g13_00020_12.tif,6120349,33,0.05672,5.67,0.0062,0
slovenia,g13_00020_12.tif,6131482,29,0.04985,4.98,0.0571,0
slovenia,g13_00020_12.tif,6131483,42,0.07219,7.22,0.0,0
slovenia,g13_00020_12.tif,6131488,172,0.29563,29.56,0.1116,0
slovenia,g13_00020_12.tif,6140287,39,0.06703,6.7,0.0259,0
slovenia,g13_00020_12.tif,6140289,118,0.20282,20.28,0.8384,1
slovenia,g13_00020_12.tif,6140342,217,0.37298,37.3,0.0,0
slovenia,g13_00020_12.tif,6144834,216,0.37126,37.13,0.3148,0
slovenia,g13_00020_12.tif,6149353,610,1.04847,104.85,0.1196,0
slovenia,g13_00020_12.tif,6149355,78,0.13407,13.41,0.8784,1
slovenia,g13_00020_12.tif,6190872,114,0.19594,19.59,0.0,0
slovenia,g13_00020_12.tif,6207600,166,0.28532,28.53,0.8769,1
slovenia,g13_00020_12.tif,6207601,13,0.02234,2.23,0.0,0
slovenia,g13_00020_12.tif,6207602,156,0.26813,26.81,0.9313,1
slovenia,g13_00020_12.tif,6207620,145,0.24923,24.92,0.0,0
slovenia,g13_00020_12.tif,6207654,11,0.01891,1.89,0.0,0
slovenia,g13_00020_12.tif,6211399,502,0.86284,86.28,0.0875,0
slovenia,g13_00020_12.tif,6254402,288,0.49501,49.5,0.1619,0
slovenia,g13_00020_12.tif,6254403,62,0.10657,10.66,0.0847,0
slovenia,g13_00020_12.tif,6254404,91,0.15641,15.64,0.0,0
slovenia,g13_00020_12.tif,6254405,10,0.01719,1.72,0.0,0
slovenia,g13_00020_12.tif,6254406,58,0.09969,9.97,0.0,0
slovenia,g13_00020_12.tif,6254407,15,0.02578,2.58,0.0,0
slovenia,g13_00020_12.tif,6254412,105,0.18047,18.05,0.0352,0
slovenia,g13_00020_12.tif,6254629,52,0.08938,8.94,0.2755,0
slovenia,g13_00020_12.tif,6254648,48,0.0825,8.25,0.2581,0
slovenia,g13_00020_12.tif,6279236,58,0.09969,9.97,0.5,1
slovenia,g13_00020_12.tif,6279239,24,0.04125,4.13,0.0055,0
slovenia,g13_00020_12.tif,6280192,95,0.16329,16.33,0.4775,0
slovenia,g13_00020_12.tif,6280251,86,0.14782,14.78,0.2101,0
slovenia,g13_00020_12.tif,6284505,136,0.23376,23.38,0.7934,1
slovenia,g13_00020_12.tif,6284506,44,0.07563,7.56,0.0052,0
slovenia,g13_00020_12.tif,6284507,230,0.39532,39.53,0.6071,1
slovenia,g13_00020_12.tif,6302989,210,0.36095,36.09,0.3987,0
slovenia,g13_00020_12.tif,6302990,258,0.44345,44.34,0.0509,0
slovenia,g13_00020_12.tif,6302991,133,0.2286,22.86,0.2521,0
slovenia,g13_00020_12.tif,6302994,80,0.1375,13.75,0.0,0
slovenia,g13_00020_12.tif,6302998,29,0.04985,4.98,0.0349,0
slovenia,g13_00020_12.tif,6302999,114,0.19594,19.59,0.8085,1
slovenia,g13_00020_12.tif,6303000,36,0.06188,6.19,0.2353,0
slovenia,g13_00020_12.tif,6303059,10,0.01719,1.72,0.0357,0
slovenia,g13_00020_12.tif,6303084,7,0.01203,1.2,0.0,0
slovenia,g13_00020_12.tif,6312254,275,0.47267,47.27,0.1127,0
slovenia,g13_00020_12.tif,6312257,212,0.36438,36.44,0.0838,0
slovenia,g13_00020_12.tif,6312260,149,0.2561,25.61,0.0,0
slovenia,g13_00020_12.tif,6312261,59,0.10141,10.14,0.1296,0
slovenia,g13_00020_12.tif,6312262,77,0.13235,13.23,0.2232,0
slovenia,g13_00020_12.tif,6312263,36,0.06188,6.19,0.03,0
slovenia,g13_00020_12.tif,6312264,57,0.09797,9.8,0.0,0
slovenia,g13_00020_12.tif,6312265,47,0.08078,8.08,0.0,0
slovenia,g13_00020_12.tif,6312266,97,0.16672,16.67,0.0,0
slovenia,g13_00020_12.tif,6312267,45,0.07735,7.73,0.2841,0
slovenia,g13_00020_12.tif,6347966,161,0.27673,27.67,0.0,0
slovenia,g13_00020_12.tif,6347969,298,0.5122,51.22,0.1562,0
slovenia,g13_00020_12.tif,6347971,126,0.21657,21.66,0.3889,0
slovenia,g13_00020_12.tif,6347976,164,0.28188,28.19,0.0825,0
slovenia,g13_00020_12.tif,6348037,117,0.2011,20.11,0.0,0
slovenia,g13_00020_12.tif,6353369,84,0.14438,14.44,0.0207,0
slovenia,g13_00020_12.tif,6353373,95,0.16329,16.33,0.0548,0
slovenia,g13_00020_12.tif,6353374,118,0.20282,20.28,0.0,0
slovenia,g13_00020_12.tif,6366439,76,0.13063,13.06,0.1636,0
slovenia,g13_00020_12.tif,6366443,81,0.13922,13.92,0.044,0
slovenia,g13_00020_12.tif,6366444,140,0.24063,24.06,0.0135,0
slovenia,g13_00020_12.tif,6366447,52,0.08938,8.94,0.0786,0
slovenia,g13_00020_12.tif,6369143,44,0.07563,7.56,0.0,0
slovenia,g13_00020_12.tif,6405375,2106,3.61978,361.98,0.409,0
slovenia,g13_00020_12.tif,6405382,447,0.7683,76.83,0.2188,0
slovenia,g13_00020_12.tif,6405383,85,0.1461,14.61,0.0,0
slovenia,g13_00020_12.tif,6405384,229,0.3936,39.36,0.0,0
slovenia,g13_00020_12.tif,6410196,959,1.64833,164.83,0.0576,0
slovenia,g13_00020_12.tif,6410205,263,0.45204,45.2,0.0493,0
slovenia,g13_00020_12.tif,6410207,42,0.07219,7.22,0.0,0
slovenia,g13_00020_12.tif,6410208,25,0.04297,4.3,0.0037,0
slovenia,g13_00020_12.tif,6474341,629,1.08112,108.11,0.0552,0
slovenia,g13_00020_12.tif,6474344,448,0.77002,77.0,0.0374,0
slovenia,g13_00020_12.tif,6474345,4,0.00688,0.69,0.0002,0
slovenia,g13_00020_12.tif,6474350,150,0.25782,25.78,0.0021,0
slovenia,g13_00020_12.tif,6486267,327,0.56205,56.2,0.1946,0
slovenia,g13_00020_12.tif,6500726,213,0.3661,36.61,0.1478,0
slovenia,g13_00020_12.tif,6500728,218,0.3747,37.47,0.0785,0
slovenia,g13_00020_12.tif,6500733,180,0.30938,30.94,0.0733,0
slovenia,g13_00020_12.tif,6500736,70,0.12032,12.03,0.0263,0
slovenia,g13_00020_12.tif,6500740,158,0.27157,27.16,0.0163,0
slovenia,g13_00020_12.tif,6500788,92,0.15813,15.81,0.0451,0
slovenia,g13_00020_12.tif,6500792,7,0.01203,1.2,0.0034,0
slovenia,g13_00020_12.tif,6501079,547,0.94018,94.02,0.3363,0
slovenia,g13_00020_12.tif,6501103,335,0.5758,57.58,0.1865,0
slovenia,g13_00020_12.tif,6501575,3,0.00516,0.52,0.0,0
slovenia,g13_00020_12.tif,6577595,160,0.27501,27.5,0.0831,0
slovenia,g13_00020_12.tif,6584508,124,0.21313,21.31,0.3621,0
slovenia,g13_00020_12.tif,6590936,3,0.00516,0.52,0.0,0
slovenia,g13_00020_12.tif,6590943,161,0.27673,27.67,0.0232,0
slovenia,g13_00020_12.tif,6590944,97,0.16672,16.67,0.0122,0
slovenia,g13_00020_12.tif,6590945,181,0.3111,31.11,0.6352,1
slovenia,g13_00020_12.tif,6590946,46,0.07906,7.91,0.2,0
slovenia,g13_00020_12.tif,6599036,506,0.86971,86.97,0.2459,0
slovenia,g13_00020_12.tif,6599041,70,0.12032,12.03,0.0253,0
slovenia,g13_00020_12.tif,6599058,22,0.03781,3.78,0.0036,0
slovenia,g13_00020_12.tif,6600369,14,0.02406,2.41,0.0022,0
slovenia,g13_00020_12.tif,6600373,222,0.38157,38.16,0.086,0
slovenia,g13_00020_12.tif,6600377,175,0.30079,30.08,0.0603,0
slovenia,g13_00020_12.tif,6611143,189,0.32485,32.49,0.1453,0
slovenia,g13_00020_12.tif,6620971,555,0.95393,95.39,0.3292,0
slovenia,g13_00020_12.tif,6645631,233,0.40048,40.05,0.1298,0
slovenia,g13_00020_12.tif,6685826,341,0.58611,58.61,0.2513,0
slovenia,g13_00020_12.tif,6686744,382,0.65658,65.66,0.1333,0
slovenia,g13_00020_12.tif,6686755,129,0.22172,22.17,0.3246,0
slovenia,g13_00020_12.tif,6700486,49,0.08422,8.42,0.7419,1
slovenia,g13_00020_12.tif,6700488,256,0.44001,44.0,0.045,0
slovenia,g13_00020_12.tif,6700492,258,0.44345,44.34,0.0,0
slovenia,g13_00020_12.tif,6704739,490,0.84221,84.22,0.2922,0
slovenia,g13_00020_12.tif,6704740,184,0.31626,31.63,0.0958,0
slovenia,g13_00020_12.tif,6712308,1546,2.65726,265.73,0.6235,1
slovenia,g13_00020_12.tif,6741681,151,0.25954,25.95,0.061,0
slovenia,g13_00020_12.tif,6741686,93,0.15985,15.98,0.0382,0
slovenia,g13_00020_12.tif,6744783,362,0.6222,62.22,0.2906,0
slovenia,g13_00020_12.tif,6748705,210,0.36095,36.09,0.1047,0
slovenia,g13_00020_12.tif,6748709,76,0.13063,13.06,0.2831,0
slovenia,g13_00020_12.tif,6748711,65,0.11172,11.17,0.0,0
slovenia,g13_00020_12.tif,6748712,73,0.12547,12.55,0.0372,0
slovenia,g13_00020_12.tif,6748714,130,0.22344,22.34,0.0,0
slovenia,g13_00020_12.tif,6748715,188,0.32313,32.31,0.0006,0
slovenia,g13_00020_12.tif,6748716,125,0.21485,21.48,0.2684,0
slovenia,g13_00020_12.tif,6748927,32,0.055,5.5,0.0366,0
slovenia,g13_00020_12.tif,6867825,322,0.55345,55.35,0.152,0
slovenia,g13_00020_12.tif,6867827,232,0.39876,39.88,0.2418,0
slovenia,g13_00020_12.tif,6873475,29,0.04985,4.98,0.103,0
slovenia,g13_00020_12.tif,6873483,233,0.40048,40.05,0.1059,0
slovenia,g13_00020_12.tif,6873487,92,0.15813,15.81,0.1859,0
slovenia,g13_00020_12.tif,6873505,306,0.52595,52.6,0.3427,0
slovenia,g13_00020_12.tif,6873506,199,0.34204,34.2,0.1936,0
slovenia,g13_00020_12.tif,6881235,137,0.23548,23.55,0.0,0
slovenia,g13_00020_12.tif,6955927,649,1.1155,111.55,0.3127,0
slovenia,g13_00020_12.tif,7047216,268,0.46064,46.06,0.1481,0
slovenia,g13_00020_12.tif,7047230,136,0.23376,23.38,0.8182,1
slovenia,g13_00020_12.tif,7047234,47,0.08078,8.08,0.1179,0
slovenia,g13_00023_3.tif,6176617,28,0.04813,4.81,0.0,0
slovenia,g13_00023_3.tif,6176621,43,0.07391,7.39,0.0,0
slovenia,g13_00023_3.tif,6176622,36,0.06188,6.19,0.0,0
slovenia,g13_00023_3.tif,6180101,40,0.06875,6.88,0.0,0
slovenia,g13_00023_3.tif,6180102,78,0.13407,13.41,0.0,0
slovenia,g13_00023_3.tif,6180437,85,0.1461,14.61,0.7692,1
slovenia,g13_00023_3.tif,6180488,22,0.03781,3.78,0.0,0
slovenia,g13_00023_3.tif,6192938,7,0.01203,1.2,0.0,0
slovenia,g13_00023_3.tif,6192941,186,0.3197,31.97,0.0,0
slovenia,g13_00023_3.tif,6192943,127,0.21829,21.83,0.0,0
slovenia,g13_00023_3.tif,6194717,410,0.70471,70.47,0.8743,1
slovenia,g13_00023_3.tif,6194718,459,0.78893,78.89,0.0286,0
slovenia,g13_00023_3.tif,6194719,155,0.26641,26.64,0.0,0
slovenia,g13_00023_3.tif,6194721,405,0.69611,69.61,0.8764,1
slovenia,g13_00023_3.tif,6194722,158,0.27157,27.16,0.0,0
slovenia,g13_00023_3.tif,6194724,40,0.06875,6.88,0.0,0
slovenia,g13_00023_3.tif,6194725,177,0.30423,30.42,0.8523,1
slovenia,g13_00023_3.tif,6194761,24,0.04125,4.13,0.0275,0
slovenia,g13_00023_3.tif,6195192,337,0.57923,57.92,0.7756,1
slovenia,g13_00023_3.tif,6195193,249,0.42798,42.8,0.7796,1
slovenia,g13_00023_3.tif,6195197,125,0.21485,21.48,0.0,0
slovenia,g13_00023_3.tif,6195200,36,0.06188,6.19,0.0,0
slovenia,g13_00023_3.tif,6210159,63,0.10828,10.83,0.0,0
slovenia,g13_00023_3.tif,6210160,16,0.0275,2.75,0.0,0
slovenia,g13_00023_3.tif,6214751,167,0.28704,28.7,0.1339,0
slovenia,g13_00023_3.tif,6214753,41,0.07047,7.05,0.0091,0
slovenia,g13_00023_3.tif,6250570,355,0.61017,61.02,0.0867,0
slovenia,g13_00023_3.tif,6250571,24,0.04125,4.13,0.0,0
slovenia,g13_00023_3.tif,6250573,37,0.0636,6.36,0.0,0
slovenia,g13_00023_3.tif,6250575,80,0.1375,13.75,0.0,0
slovenia,g13_00023_3.tif,6250576,17,0.02922,2.92,0.0,0
slovenia,g13_00023_3.tif,6283647,197,0.3386,33.86,0.0944,0
slovenia,g13_00023_3.tif,6283648,82,0.14094,14.09,0.0,0
slovenia,g13_00023_3.tif,6283651,42,0.07219,7.22,0.5,1
slovenia,g13_00023_3.tif,6283689,208,0.35751,35.75,0.1097,0
slovenia,g13_00023_3.tif,6283691,95,0.16329,16.33,0.0403,0
slovenia,g13_00023_3.tif,6283704,177,0.30423,30.42,0.0916,0
slovenia,g13_00023_3.tif,6288707,43,0.07391,7.39,0.0,0
slovenia,g13_00023_3.tif,6288708,98,0.16844,16.84,0.0,0
slovenia,g13_00023_3.tif,6292192,12,0.02063,2.06,0.0,0
slovenia,g13_00023_3.tif,6292193,124,0.21313,21.31,0.0,0
slovenia,g13_00023_3.tif,6292195,34,0.05844,5.84,0.0,0
slovenia,g13_00023_3.tif,6292196,132,0.22688,22.69,0.0,0
slovenia,g13_00023_3.tif,6292333,261,0.44861,44.86,0.0,0
slovenia,g13_00023_3.tif,6292391,188,0.32313,32.31,0.0,0
slovenia,g13_00023_3.tif,6315005,8,0.01375,1.38,0.0,0
slovenia,g13_00023_3.tif,6315006,50,0.08594,8.59,0.0948,0
slovenia,g13_00023_3.tif,6341204,690,1.18597,118.6,0.5539,1
slovenia,g13_00023_3.tif,6341205,355,0.61017,61.02,0.0,0
slovenia,g13_00023_3.tif,6341208,220,0.37814,37.81,0.0,0
slovenia,g13_00023_3.tif,6341209,92,0.15813,15.81,0.0,0
slovenia,g13_00023_3.tif,6341210,132,0.22688,22.69,0.3039,0
slovenia,g13_00023_3.tif,6359704,7,0.01203,1.2,0.0,0
slovenia,g13_00023_3.tif,6359705,185,0.31798,31.8,0.7614,1
slovenia,g13_00023_3.tif,6359706,28,0.04813,4.81,0.0,0
slovenia,g13_00023_3.tif,6359707,82,0.14094,14.09,0.0091,0
slovenia,g13_00023_3.tif,6359773,113,0.19422,19.42,0.7531,1
slovenia,g13_00023_3.tif,6389679,138,0.23719,23.72,0.0106,0
slovenia,g13_00023_3.tif,6389680,106,0.18219,18.22,0.732,1
slovenia,g13_00023_3.tif,6392298,26,0.04469,4.47,0.0,0
slovenia,g13_00023_3.tif,6392299,52,0.08938,8.94,0.0,0
slovenia,g13_00023_3.tif,6408866,224,0.38501,38.5,0.6863,1
slovenia,g13_00023_3.tif,6456338,10,0.01719,1.72,0.0,0
slovenia,g13_00023_3.tif,6508736,145,0.24923,24.92,0.322,0
slovenia,g13_00023_3.tif,6595950,192,0.33001,33.0,0.8303,1
slovenia,g13_00023_3.tif,6599040,45,0.07735,7.73,0.0,0
slovenia,g13_00023_3.tif,6602220,32,0.055,5.5,0.2105,0
slovenia,g13_00023_3.tif,6602240,368,0.63252,63.25,0.6321,1
slovenia,g13_00023_3.tif,6602242,151,0.25954,25.95,0.8,1
slovenia,g13_00023_3.tif,6686766,110,0.18907,18.91,0.4868,0
slovenia,g13_00023_3.tif,6745274,181,0.3111,31.11,0.0,0
slovenia,g13_00023_3.tif,6751102,79,0.13578,13.58,0.0,0
slovenia,g13_00023_3.tif,6859853,255,0.43829,43.83,0.5351,1
slovenia,g13_00023_3.tif,6859859,218,0.3747,37.47,0.0341,0
slovenia,g13_00023_3.tif,6859871,139,0.23891,23.89,0.0,0
slovenia,g13_00023_3.tif,6859873,133,0.2286,22.86,0.6395,1
slovenia,g13_00023_3.tif,6912356,428,0.73564,73.56,0.725,1
slovenia,g13_00023_3.tif,7051287,178,0.30595,30.59,0.0,0
slovenia,g13_00023_3.tif,7051290,182,0.31282,31.28,0.0,0
slovenia,g13_00023_4.tif,6140005,104,0.17875,17.88,0.0,0
slovenia,g13_00023_4.tif,6140007,26,0.04469,4.47,0.0,0
slovenia,g13_00023_4.tif,6173757,30,0.05156,5.16,0.0,0
slovenia,g13_00023_4.tif,6173763,38,0.06531,6.53,0.0,0
slovenia,g13_00023_4.tif,6173972,23,0.03953,3.95,0.0,0
slovenia,g13_00023_4.tif,6178970,57,0.09797,9.8,0.0789,0
slovenia,g13_00023_4.tif,6180099,49,0.08422,8.42,0.0,0
slovenia,g13_00023_4.tif,6210159,22,0.03781,3.78,0.0,0
slovenia,g13_00023_4.tif,6210160,4,0.00688,0.69,0.0,0
slovenia,g13_00023_4.tif,6212184,674,1.15847,115.85,0.0,0
slovenia,g13_00023_4.tif,6238591,200,0.34376,34.38,0.0,0
slovenia,g13_00023_4.tif,6238594,204,0.35063,35.06,0.5732,1
slovenia,g13_00023_4.tif,6238596,108,0.18563,18.56,0.0,0
slovenia,g13_00023_4.tif,6238597,32,0.055,5.5,0.0,0
slovenia,g13_00023_4.tif,6254408,46,0.07906,7.91,0.0,0
slovenia,g13_00023_4.tif,6254409,98,0.16844,16.84,0.0438,0
slovenia,g13_00023_4.tif,6257204,17,0.02922,2.92,0.0,0
slovenia,g13_00023_4.tif,6257205,112,0.19251,19.25,0.0,0
slovenia,g13_00023_4.tif,6257207,311,0.53455,53.45,0.3626,0
slovenia,g13_00023_4.tif,6257208,164,0.28188,28.19,0.0,0
slovenia,g13_00023_4.tif,6259769,8,0.01375,1.38,0.0,0
slovenia,g13_00023_4.tif,6259770,12,0.02063,2.06,0.0,0
slovenia,g13_00023_4.tif,6259778,43,0.07391,7.39,0.0239,0
slovenia,g13_00023_4.tif,6280193,119,0.20454,20.45,0.0,0
slovenia,g13_00023_4.tif,6280194,34,0.05844,5.84,0.0,0
slovenia,g13_00023_4.tif,6302987,352,0.60502,60.5,0.2476,0
slovenia,g13_00023_4.tif,6302995,48,0.0825,8.25,0.0,0
slovenia,g13_00023_4.tif,6338983,151,0.25954,25.95,0.0979,0
slovenia,g13_00023_4.tif,6345687,42,0.07219,7.22,0.0,0
slovenia,g13_00023_4.tif,6345688,19,0.03266,3.27,0.0,0
slovenia,g13_00023_4.tif,6371419,102,0.17532,17.53,0.9222,1
slovenia,g13_00023_4.tif,6371422,208,0.35751,35.75,0.2441,0
slovenia,g13_00023_4.tif,6391496,144,0.24751,24.75,0.2173,0
slovenia,g13_00023_4.tif,6391497,215,0.36954,36.95,0.0,0
slovenia,g13_00023_4.tif,6391498,16,0.0275,2.75,0.0,0
slovenia,g13_00023_4.tif,6391501,83,0.14266,14.27,0.1373,0
slovenia,g13_00023_4.tif,6395062,598,1.02784,102.78,0.0122,0
slovenia,g13_00023_4.tif,6395065,44,0.07563,7.56,0.0,0
slovenia,g13_00023_4.tif,6395066,36,0.06188,6.19,0.0,0
slovenia,g13_00023_4.tif,6395068,110,0.18907,18.91,0.0,0
slovenia,g13_00023_4.tif,6395069,39,0.06703,6.7,0.0,0
slovenia,g13_00023_4.tif,6395071,134,0.23032,23.03,0.0,0
slovenia,g13_00023_4.tif,6395072,96,0.165,16.5,0.0,0
slovenia,g13_00023_4.tif,6395697,69,0.1186,11.86,0.1884,0
slovenia,g13_00023_4.tif,6395701,97,0.16672,16.67,0.0,0
slovenia,g13_00023_4.tif,6395704,80,0.1375,13.75,0.0,0
slovenia,g13_00023_4.tif,6395783,101,0.1736,17.36,0.1667,0
slovenia,g13_00023_4.tif,6399566,157,0.26985,26.99,0.2551,0
slovenia,g13_00023_4.tif,6399567,77,0.13235,13.23,0.102,0
slovenia,g13_00023_4.tif,6399576,37,0.0636,6.36,0.0198,0
slovenia,g13_00023_4.tif,6399660,6,0.01031,1.03,0.0,0
slovenia,g13_00023_4.tif,6399775,90,0.15469,15.47,0.0743,0
slovenia,g13_00023_4.tif,6411564,221,0.37985,37.99,0.2909,0
slovenia,g13_00023_4.tif,6411567,113,0.19422,19.42,0.8235,1
slovenia,g13_00023_4.tif,6411569,182,0.31282,31.28,0.8,1
slovenia,g13_00023_4.tif,6411570,139,0.23891,23.89,0.0,0
slovenia,g13_00023_4.tif,6456338,43,0.07391,7.39,0.0,0
slovenia,g13_00023_4.tif,6577594,147,0.25266,25.27,0.5435,1
slovenia,g13_00023_4.tif,6584506,146,0.25094,25.09,0.1128,0
slovenia,g13_00023_4.tif,6599040,58,0.09969,9.97,0.0,0
slovenia,g13_00023_4.tif,6602068,627,1.07768,107.77,0.0,0
slovenia,g13_00023_4.tif,6602210,152,0.26126,26.13,0.0,0
slovenia,g13_00023_4.tif,6605610,28,0.04813,4.81,0.0,0
slovenia,g13_00023_4.tif,6671275,95,0.16329,16.33,0.0,0
slovenia,g13_00023_4.tif,6676877,37,0.0636,6.36,0.0,0
slovenia,g13_00023_4.tif,6676905,47,0.08078,8.08,0.5806,1
slovenia,g13_00023_4.tif,6684241,102,0.17532,17.53,0.1773,0
slovenia,g13_00023_4.tif,6684242,61,0.10485,10.48,0.0,0
slovenia,g13_00023_4.tif,6686730,204,0.35063,35.06,0.184,0
slovenia,g13_00023_4.tif,6686733,450,0.77346,77.35,0.5043,1
slovenia,g13_00023_4.tif,6686735,438,0.75283,75.28,0.3908,0
slovenia,g13_00023_4.tif,6686740,493,0.84737,84.74,0.3668,0
slovenia,g13_00023_4.tif,6686747,12,0.02063,2.06,0.027,0
slovenia,g13_00023_4.tif,6686749,322,0.55345,55.35,0.4458,0
slovenia,g13_00023_4.tif,6686753,324,0.55689,55.69,0.6553,1
slovenia,g13_00023_4.tif,6686758,5,0.00859,0.86,0.0367,0
slovenia,g13_00023_4.tif,6686777,148,0.25438,25.44,0.748,1
slovenia,g13_00023_4.tif,6686778,188,0.32313,32.31,0.3946,0
slovenia,g13_00023_4.tif,6693596,122,0.20969,20.97,0.0,0
slovenia,g13_00023_4.tif,6693599,44,0.07563,7.56,0.0,0
slovenia,g13_00023_4.tif,6718697,49,0.08422,8.42,0.0,0
slovenia,g13_00023_4.tif,6718701,30,0.05156,5.16,0.0,0
slovenia,g13_00023_4.tif,6718702,65,0.11172,11.17,0.0,0
slovenia,g13_00023_4.tif,6718711,143,0.24579,24.58,0.1003,0
slovenia,g13_00023_4.tif,6718718,60,0.10313,10.31,0.0,0
slovenia,g13_00023_4.tif,6738717,164,0.28188,28.19,0.2,0
slovenia,g13_00023_4.tif,6738730,150,0.25782,25.78,0.8862,1
slovenia,g13_00023_4.tif,6741682,112,0.19251,19.25,0.0873,0
slovenia,g13_00023_4.tif,6744786,406,0.69783,69.78,0.4813,0
slovenia,g13_00023_4.tif,6751102,48,0.0825,8.25,0.0,0
slovenia,g13_00023_4.tif,6873504,33,0.05672,5.67,0.0,0
slovenia,g13_00023_4.tif,6881129,167,0.28704,28.7,0.0,0
slovenia,g13_00023_4.tif,6947332,443,0.76143,76.14,0.6257,1
slovenia,g13_00023_4.tif,7077940,97,0.16672,16.67,0.0,0
slovenia,g13_00023_4.tif,7077946,72,0.12375,12.38,0.0,0
slovenia,g13_00023_5.tif,6116416,58,0.09969,9.97,0.0114,0
slovenia,g13_00023_5.tif,6125329,14,0.02406,2.41,0.0,0
slovenia,g13_00023_5.tif,6125330,92,0.15813,15.81,0.4648,0
slovenia,g13_00023_5.tif,6131440,120,0.20626,20.63,0.7327,1
slovenia,g13_00023_5.tif,6131443,164,0.28188,28.19,0.0,0
slovenia,g13_00023_5.tif,6178961,426,0.73221,73.22,0.0908,0
slovenia,g13_00023_5.tif,6178970,87,0.14954,14.95,0.8095,1
slovenia,g13_00023_5.tif,6179104,217,0.37298,37.3,0.0437,0
slovenia,g13_00023_5.tif,6207600,336,0.57752,57.75,0.9226,1
slovenia,g13_00023_5.tif,6207602,136,0.23376,23.38,0.7311,1
slovenia,g13_00023_5.tif,6207654,17,0.02922,2.92,0.01,0
slovenia,g13_00023_5.tif,6211404,104,0.17875,17.88,0.6636,1
slovenia,g13_00023_5.tif,6211405,41,0.07047,7.05,0.0169,0
slovenia,g13_00023_5.tif,6211407,256,0.44001,44.0,0.181,0
slovenia,g13_00023_5.tif,6211409,193,0.33173,33.17,0.0353,0
slovenia,g13_00023_5.tif,6211411,107,0.18391,18.39,0.0,0
slovenia,g13_00023_5.tif,6259219,240,0.41251,41.25,0.1669,0
slovenia,g13_00023_5.tif,6259221,580,0.9969,99.69,0.0,0
slovenia,g13_00023_5.tif,6259223,127,0.21829,21.83,0.0408,0
slovenia,g13_00023_5.tif,6259224,126,0.21657,21.66,0.0287,0
slovenia,g13_00023_5.tif,6259762,346,0.5947,59.47,0.0862,0
slovenia,g13_00023_5.tif,6259778,144,0.24751,24.75,0.1041,0
slovenia,g13_00023_5.tif,6259779,404,0.69439,69.44,0.1166,0
slovenia,g13_00023_5.tif,6259780,284,0.48814,48.81,0.072,0
slovenia,g13_00023_5.tif,6259783,259,0.44517,44.52,0.8319,1
slovenia,g13_00023_5.tif,6259785,88,0.15125,15.13,0.0,0
slovenia,g13_00023_5.tif,6259787,72,0.12375,12.38,0.0518,0
slovenia,g13_00023_5.tif,6259876,24,0.04125,4.13,0.0,0
slovenia,g13_00023_5.tif,6318753,301,0.51736,51.74,0.0,0
slovenia,g13_00023_5.tif,6323636,171,0.29391,29.39,0.6939,1
slovenia,g13_00023_5.tif,6323637,97,0.16672,16.67,0.024,0
slovenia,g13_00023_5.tif,6338981,216,0.37126,37.13,0.0459,0
slovenia,g13_00023_5.tif,6338982,57,0.09797,9.8,0.0003,0
slovenia,g13_00023_5.tif,6338984,77,0.13235,13.23,0.0,0
slovenia,g13_00023_5.tif,6347965,340,0.58439,58.44,0.1083,0
slovenia,g13_00023_5.tif,6351936,133,0.2286,22.86,0.0936,0
slovenia,g13_00023_5.tif,6351948,88,0.15125,15.13,0.0043,0
slovenia,g13_00023_5.tif,6371419,244,0.41939,41.94,0.2067,0
slovenia,g13_00023_5.tif,6375576,405,0.69611,69.61,0.7765,1
slovenia,g13_00023_5.tif,6375583,39,0.06703,6.7,0.0189,0
slovenia,g13_00023_5.tif,6375584,21,0.03609,3.61,0.0049,0
slovenia,g13_00023_5.tif,6375585,175,0.30079,30.08,0.0796,0
slovenia,g13_00023_5.tif,6389673,911,1.56582,156.58,0.2353,0
slovenia,g13_00023_5.tif,6484412,110,0.18907,18.91,0.0297,0
slovenia,g13_00023_5.tif,6577594,60,0.10313,10.31,0.0135,0
slovenia,g13_00023_5.tif,6657943,31,0.05328,5.33,0.2083,0
slovenia,g13_00023_5.tif,6676861,139,0.23891,23.89,0.032,0
slovenia,g13_00023_5.tif,6676873,562,0.96596,96.6,0.1425,0
slovenia,g13_00023_5.tif,6676877,641,1.10175,110.17,0.5234,1
slovenia,g13_00023_5.tif,6676881,459,0.78893,78.89,0.2616,0
slovenia,g13_00023_5.tif,6676902,384,0.66002,66.0,0.3488,0
slovenia,g13_00023_5.tif,6676904,241,0.41423,41.42,0.0,0
slovenia,g13_00023_5.tif,6676905,145,0.24923,24.92,0.0,0
slovenia,g13_00023_5.tif,6676906,85,0.1461,14.61,0.0598,0
slovenia,g13_00023_5.tif,6686701,60,0.10313,10.31,0.0,0
slovenia,g13_00023_5.tif,6686705,748,1.28566,128.57,0.5948,1
slovenia,g13_00023_5.tif,6686716,814,1.3991,139.91,0.5466,1
slovenia,g13_00023_5.tif,6686726,518,0.89034,89.03,0.1711,0
slovenia,g13_00023_5.tif,6686727,904,1.55379,155.38,0.7024,1
slovenia,g13_00023_5.tif,6686740,13,0.02234,2.23,0.0061,0
slovenia,g13_00023_5.tif,6686747,322,0.55345,55.35,0.1047,0
slovenia,g13_00023_5.tif,6686758,187,0.32141,32.14,0.0594,0
slovenia,g13_00023_5.tif,6686760,189,0.32485,32.49,0.1509,0
slovenia,g13_00023_5.tif,6686762,143,0.24579,24.58,0.032,0
slovenia,g13_00023_5.tif,6686775,229,0.3936,39.36,0.0649,0
slovenia,g13_00023_5.tif,6686837,983,1.68958,168.96,0.2175,0
slovenia,g13_00023_5.tif,6686876,922,1.58473,158.47,0.2434,0
slovenia,g13_00023_5.tif,6712317,597,1.02612,102.61,0.1079,0
slovenia,g13_00023_5.tif,6712325,153,0.26298,26.3,0.0631,0
slovenia,g13_00023_5.tif,6712638,266,0.4572,45.72,0.0545,0
slovenia,g13_00023_5.tif,6717435,267,0.45892,45.89,0.186,0
slovenia,g13_00023_5.tif,6718711,130,0.22344,22.34,0.107,0
slovenia,g13_00023_5.tif,6744778,87,0.14954,14.95,0.7901,1
slovenia,g13_00023_5.tif,6873466,538,0.92471,92.47,0.1332,0
slovenia,g13_00023_5.tif,6873508,323,0.55517,55.52,0.1776,0
slovenia,g13_00023_5.tif,6876739,44,0.07563,7.56,0.0119,0
slovenia,g13_00023_5.tif,6876740,38,0.06531,6.53,0.0,0
slovenia,g13_00023_5.tif,6947279,1250,2.14849,214.85,0.8863,1
slovenia,g13_00023_5.tif,6947352,370,0.63595,63.6,0.0,0
slovenia,g13_00023_5.tif,6947412,152,0.26126,26.13,0.1308,0
slovenia,g13_00026_17.tif,6593532,47,0.08078,8.08,0.0,0
slovenia,g13_00026_17.tif,6593730,48,0.0825,8.25,0.0,0
slovenia,g13_00026_18.tif,6177380,34,0.05844,5.84,0.0,0
slovenia,g13_00026_18.tif,6177382,13,0.02234,2.23,0.0,0
slovenia,g13_00026_18.tif,6230989,15,0.02578,2.58,0.0,0
slovenia,g13_00026_18.tif,6230991,41,0.07047,7.05,0.0,0
slovenia,g13_00026_18.tif,6396910,32,0.055,5.5,0.0,0
slovenia,g13_00026_18.tif,6483481,20,0.03438,3.44,0.0,0
slovenia,g13_00026_18.tif,6593537,10,0.01719,1.72,0.0,0
slovenia,g13_00029_10.tif,6253290,54,0.09281,9.28,0.0,0
slovenia,g13_00029_10.tif,6261267,48,0.0825,8.25,0.0,0
slovenia,g13_00029_10.tif,6854894,137,0.23548,23.55,0.0,0
slovenia,g13_00029_11.tif,6170105,150,0.25782,25.78,0.0,0
slovenia,g13_00029_11.tif,6170106,123,0.21141,21.14,0.0,0
slovenia,g13_00029_11.tif,6170107,24,0.04125,4.13,0.0,0
slovenia,g13_00029_11.tif,6172162,106,0.18219,18.22,0.0,0
slovenia,g13_00029_11.tif,6172163,11,0.01891,1.89,0.0,0
slovenia,g13_00029_11.tif,6177382,48,0.0825,8.25,0.0,0
slovenia,g13_00029_11.tif,6243140,26,0.04469,4.47,0.0,0
slovenia,g13_00029_11.tif,6396905,110,0.18907,18.91,0.0,0
slovenia,g13_00029_11.tif,6396906,147,0.25266,25.27,0.0,0
slovenia,g13_00029_11.tif,6396907,62,0.10657,10.66,0.0,0
slovenia,g13_00029_11.tif,6396910,5,0.00859,0.86,0.0,0
slovenia,g13_00029_11.tif,6396985,59,0.10141,10.14,0.0,0
slovenia,g13_00029_11.tif,6489830,43,0.07391,7.39,0.0,0
slovenia,g13_00031_14.tif,6139440,10,0.01719,1.72,0.0,0
slovenia,g13_00031_14.tif,6139441,28,0.04813,4.81,0.0,0
slovenia,g13_00031_14.tif,6522422,310,0.53283,53.28,0.0,0
slovenia,g13_00031_14.tif,6522423,12,0.02063,2.06,0.0,0
slovenia,g13_00031_14.tif,6522433,30,0.05156,5.16,0.0,0
slovenia,g13_00031_14.tif,6834016,28,0.04813,4.81,0.7273,1
slovenia,g13_00031_14.tif,6834210,8,0.01375,1.38,0.0,0
slovenia,g13_00032_5.tif,6611149,81,0.13922,13.92,0.0,0
slovenia,g13_00032_5.tif,6685069,106,0.18219,18.22,0.0,0
slovenia,g13_00032_5.tif,6787546,31,0.05328,5.33,0.0,0
slovenia,g13_00032_6.tif,6231450,206,0.35407,35.41,0.0,0
slovenia,g13_00032_6.tif,6231451,177,0.30423,30.42,0.0,0
slovenia,g13_00032_6.tif,6237426,56,0.09625,9.63,0.1212,0
slovenia,g13_00032_6.tif,6289716,66,0.11344,11.34,0.0,0
slovenia,g13_00032_6.tif,6685069,118,0.20282,20.28,0.0,0
slovenia,g13_00032_6.tif,6685636,55,0.09453,9.45,0.0,0
slovenia,g13_00032_7.tif,6204997,98,0.16844,16.84,0.0,0
slovenia,g13_00032_7.tif,6204998,25,0.04297,4.3,0.0,0
slovenia,g13_00032_7.tif,6205000,57,0.09797,9.8,0.0,0
slovenia,g13_00032_7.tif,6234310,77,0.13235,13.23,0.0,0
slovenia,g13_00032_7.tif,6235734,46,0.07906,7.91,0.0,0
slovenia,g13_00032_7.tif,6235743,62,0.10657,10.66,0.0,0
slovenia,g13_00032_7.tif,6240851,33,0.05672,5.67,0.0,0
slovenia,g13_00032_7.tif,6276548,12,0.02063,2.06,0.0,0
slovenia,g13_00032_7.tif,6418828,13,0.02234,2.23,0.0,0
slovenia,g13_00032_7.tif,6442954,105,0.18047,18.05,0.0,0
slovenia,g13_00032_7.tif,6442961,51,0.08766,8.77,0.0,0
slovenia,g13_00033_1.tif,6157871,252,0.43314,43.31,0.0359,0
slovenia,g13_00033_1.tif,6200452,407,0.69955,69.95,0.0344,0
slovenia,g13_00033_1.tif,6200455,246,0.42282,42.28,0.0182,0
slovenia,g13_00033_1.tif,6284038,488,0.83877,83.88,0.0252,0
slovenia,g13_00033_1.tif,6284041,89,0.15297,15.3,0.005,0
slovenia,g13_00033_1.tif,6284042,83,0.14266,14.27,0.0038,0
slovenia,g13_00033_1.tif,6284165,82,0.14094,14.09,0.005,0
slovenia,g13_00033_1.tif,6290736,1182,2.03162,203.16,0.1527,0
slovenia,g13_00033_1.tif,6290738,615,1.05706,105.71,0.0208,0
slovenia,g13_00033_1.tif,6290743,539,0.92643,92.64,0.0,0
slovenia,g13_00033_1.tif,6290750,346,0.5947,59.47,0.0004,0
slovenia,g13_00033_1.tif,6290752,34,0.05844,5.84,0.5429,1
slovenia,g13_00033_1.tif,6290753,233,0.40048,40.05,0.0558,0
slovenia,g13_00033_1.tif,6290755,70,0.12032,12.03,0.0907,0
slovenia,g13_00033_1.tif,6290756,181,0.3111,31.11,0.0009,0
slovenia,g13_00033_1.tif,6290766,153,0.26298,26.3,0.0028,0
slovenia,g13_00033_1.tif,6290779,237,0.40735,40.74,0.0293,0
slovenia,g13_00033_1.tif,6290781,32,0.055,5.5,0.002,0
slovenia,g13_00033_1.tif,6434904,884,1.51942,151.94,0.0871,0
slovenia,g13_00033_1.tif,6434940,139,0.23891,23.89,0.0109,0
slovenia,g13_00033_1.tif,6434950,412,0.70814,70.81,0.0373,0
slovenia,g13_00033_1.tif,6437944,46,0.07906,7.91,0.0047,0
slovenia,g13_00033_1.tif,6439232,194,0.33345,33.34,0.0137,0
slovenia,g13_00033_1.tif,6439233,217,0.37298,37.3,0.0169,0
slovenia,g13_00033_1.tif,6439236,184,0.31626,31.63,0.014,0
slovenia,g13_00033_1.tif,6439837,100,0.17188,17.19,0.0054,0
slovenia,g13_00033_1.tif,6439854,70,0.12032,12.03,0.0031,0
slovenia,g13_00033_1.tif,6439865,65,0.11172,11.17,0.0019,0
slovenia,g13_00033_1.tif,6452221,117,0.2011,20.11,0.0548,0
slovenia,g13_00033_1.tif,6462808,815,1.40082,140.08,0.0182,0
slovenia,g13_00033_1.tif,6462832,481,0.82674,82.67,0.0927,0
slovenia,g13_00033_1.tif,6462838,529,0.90924,90.92,0.1453,0
slovenia,g13_00033_1.tif,6462841,213,0.3661,36.61,0.0453,0
slovenia,g13_00033_1.tif,6462844,158,0.27157,27.16,0.0343,0
slovenia,g13_00033_1.tif,6462845,126,0.21657,21.66,0.0,0
slovenia,g13_00033_1.tif,6462870,138,0.23719,23.72,0.021,0
slovenia,g13_00033_1.tif,6476644,84,0.14438,14.44,0.0009,0
slovenia,g13_00033_1.tif,6478361,565,0.97112,97.11,0.0479,0
slovenia,g13_00033_1.tif,6478362,351,0.6033,60.33,0.065,0
slovenia,g13_00033_1.tif,6480932,433,0.74424,74.42,0.0343,0
slovenia,g13_00033_1.tif,6480933,238,0.40907,40.91,0.0,0
slovenia,g13_00033_1.tif,6480934,238,0.40907,40.91,0.3977,0
slovenia,g13_00033_1.tif,6480937,126,0.21657,21.66,0.2053,0
slovenia,g13_00033_1.tif,6481026,7,0.01203,1.2,0.0048,0
slovenia,g13_00033_1.tif,6492023,366,0.62908,62.91,0.0993,0
slovenia,g13_00033_1.tif,6492028,56,0.09625,9.63,0.0261,0
slovenia,g13_00033_1.tif,6492029,367,0.6308,63.08,0.0152,0
slovenia,g13_00033_1.tif,6492032,237,0.40735,40.74,0.0283,0
slovenia,g13_00033_1.tif,6492040,191,0.32829,32.83,0.1949,0
slovenia,g13_00033_1.tif,6492041,158,0.27157,27.16,0.004,0
slovenia,g13_00033_1.tif,6492042,74,0.12719,12.72,0.0009,0
slovenia,g13_00033_1.tif,6492045,11,0.01891,1.89,0.0,0
slovenia,g13_00033_1.tif,6492375,26,0.04469,4.47,0.0003,0
slovenia,g13_00033_1.tif,6493487,136,0.23376,23.38,0.0056,0
slovenia,g13_00033_1.tif,6495415,385,0.66174,66.17,0.2046,0
slovenia,g13_00033_1.tif,6495417,375,0.64455,64.45,0.0715,0
slovenia,g13_00033_1.tif,6495430,181,0.3111,31.11,0.0064,0
slovenia,g13_00033_1.tif,6495438,285,0.48986,48.99,0.0227,0
slovenia,g13_00033_1.tif,6498782,1253,2.15365,215.37,0.1285,0
slovenia,g13_00033_1.tif,6498787,299,0.51392,51.39,0.0258,0
slovenia,g13_00033_1.tif,6498791,284,0.48814,48.81,0.0405,0
slovenia,g13_00033_1.tif,6498802,191,0.32829,32.83,0.1023,0
slovenia,g13_00033_1.tif,6498806,139,0.23891,23.89,0.4194,0
slovenia,g13_00033_1.tif,6498808,144,0.24751,24.75,0.0106,0
slovenia,g13_00033_1.tif,6498811,170,0.2922,29.22,0.0078,0
slovenia,g13_00033_1.tif,6503736,111,0.19079,19.08,0.0133,0
slovenia,g13_00033_1.tif,6528091,363,0.62392,62.39,0.0704,0
slovenia,g13_00033_1.tif,6528097,60,0.10313,10.31,0.099,0
slovenia,g13_00033_1.tif,6528100,99,0.17016,17.02,0.0072,0
slovenia,g13_00033_1.tif,6528158,81,0.13922,13.92,0.0151,0
slovenia,g13_00033_1.tif,6560118,66,0.11344,11.34,0.0585,0
slovenia,g13_00033_1.tif,6560120,416,0.71502,71.5,0.0795,0
slovenia,g13_00033_1.tif,6560121,167,0.28704,28.7,0.0094,0
slovenia,g13_00033_1.tif,6560123,94,0.16157,16.16,0.2917,0
slovenia,g13_00033_1.tif,6562544,415,0.7133,71.33,0.0505,0
slovenia,g13_00033_1.tif,6562567,99,0.17016,17.02,0.0092,0
slovenia,g13_00033_1.tif,6562574,156,0.26813,26.81,0.0052,0
slovenia,g13_00033_1.tif,6562575,116,0.19938,19.94,0.0076,0
slovenia,g13_00033_1.tif,6564732,155,0.26641,26.64,0.0092,0
slovenia,g13_00033_1.tif,6569859,104,0.17875,17.88,0.167,0
slovenia,g13_00033_1.tif,6569865,128,0.22001,22.0,0.0043,0
slovenia,g13_00033_1.tif,6571292,100,0.17188,17.19,0.0112,0
slovenia,g13_00033_1.tif,6574956,26,0.04469,4.47,0.0371,0
slovenia,g13_00033_1.tif,6585364,236,0.40564,40.56,0.0217,0
slovenia,g13_00033_1.tif,6585387,69,0.1186,11.86,0.0071,0
slovenia,g13_00033_1.tif,6588394,340,0.58439,58.44,0.0256,0
slovenia,g13_00033_1.tif,6596920,535,0.91956,91.96,0.0467,0
slovenia,g13_00033_1.tif,6596922,253,0.43486,43.49,0.046,0
slovenia,g13_00033_1.tif,6596927,281,0.48298,48.3,0.0454,0
slovenia,g13_00033_1.tif,6599688,61,0.10485,10.48,0.0058,0
slovenia,g13_00033_1.tif,6603210,171,0.29391,29.39,0.0082,0
slovenia,g13_00033_1.tif,6624910,296,0.50876,50.88,0.0323,0
slovenia,g13_00033_1.tif,6624911,50,0.08594,8.59,0.7576,1
slovenia,g13_00033_1.tif,6627828,311,0.53455,53.45,0.0232,0
slovenia,g13_00033_1.tif,6632755,261,0.44861,44.86,0.0217,0
slovenia,g13_00033_1.tif,6642360,175,0.30079,30.08,0.0127,0
slovenia,g13_00033_1.tif,6642364,102,0.17532,17.53,0.0103,0
slovenia,g13_00033_1.tif,6642365,171,0.29391,29.39,0.0208,0
slovenia,g13_00033_1.tif,6642366,112,0.19251,19.25,0.0171,0
slovenia,g13_00033_1.tif,6673253,84,0.14438,14.44,0.0127,0
slovenia,g13_00033_1.tif,6698171,166,0.28532,28.53,0.0042,0
slovenia,g13_00033_1.tif,6712600,645,1.10862,110.86,0.0592,0
slovenia,g13_00033_1.tif,6712620,288,0.49501,49.5,0.0328,0
slovenia,g13_00033_1.tif,6741716,709,1.21863,121.86,0.0495,0
slovenia,g13_00033_1.tif,6753003,241,0.41423,41.42,0.0299,0
slovenia,g13_00033_1.tif,6758717,417,0.71674,71.67,0.0074,0
slovenia,g13_00033_1.tif,6758719,353,0.60673,60.67,0.0149,0
slovenia,g13_00033_1.tif,6758720,350,0.60158,60.16,0.0,0
slovenia,g13_00033_1.tif,6758724,61,0.10485,10.48,0.0039,0
slovenia,g13_00033_1.tif,6758726,277,0.47611,47.61,0.0182,0
slovenia,g13_00033_1.tif,6758730,132,0.22688,22.69,0.0184,0
slovenia,g13_00033_1.tif,6758829,75,0.12891,12.89,0.0026,0
slovenia,g13_00033_1.tif,6762048,497,0.85424,85.42,0.0595,0
slovenia,g13_00033_1.tif,6771200,262,0.45032,45.03,0.0421,0
slovenia,g13_00033_1.tif,6775142,798,1.3716,137.16,0.0745,0
slovenia,g13_00033_1.tif,6775154,310,0.53283,53.28,0.0199,0
slovenia,g13_00033_1.tif,6775161,126,0.21657,21.66,0.008,0
slovenia,g13_00033_1.tif,6777630,152,0.26126,26.13,0.0263,0
slovenia,g13_00033_1.tif,6777917,27,0.04641,4.64,0.0008,0
slovenia,g13_00033_1.tif,6780576,460,0.79065,79.06,0.6215,1
slovenia,g13_00033_1.tif,6780577,718,1.2341,123.41,0.0034,0
slovenia,g13_00033_1.tif,6780648,322,0.55345,55.35,0.0163,0
slovenia,g13_00033_1.tif,6785709,420,0.72189,72.19,0.035,0
slovenia,g13_00033_1.tif,6785723,272,0.46751,46.75,0.1537,0
slovenia,g13_00033_1.tif,6785726,131,0.22516,22.52,0.0204,0
slovenia,g13_00033_1.tif,6790115,91,0.15641,15.64,0.007,0
slovenia,g13_00033_1.tif,6790772,91,0.15641,15.64,0.01,0
slovenia,g13_00033_1.tif,6790774,21,0.03609,3.61,0.0001,0
slovenia,g13_00033_1.tif,6791316,25,0.04297,4.3,0.0016,0
slovenia,g13_00033_1.tif,6791363,58,0.09969,9.97,0.0044,0
slovenia,g13_00033_1.tif,6793107,277,0.47611,47.61,0.0724,0
slovenia,g13_00033_1.tif,6793110,165,0.2836,28.36,0.0201,0
slovenia,g13_00033_1.tif,6808536,370,0.63595,63.6,0.0167,0
slovenia,g13_00033_1.tif,6808537,315,0.54142,54.14,0.0228,0
slovenia,g13_00033_1.tif,6808540,187,0.32141,32.14,0.0146,0
slovenia,g13_00033_1.tif,6808966,38,0.06531,6.53,0.0011,0
slovenia,g13_00033_1.tif,6813616,1471,2.52835,252.83,0.6604,1
slovenia,g13_00033_1.tif,6813617,929,1.59676,159.68,0.0926,0
slovenia,g13_00033_1.tif,6813618,39,0.06703,6.7,0.0114,0
slovenia,g13_00033_1.tif,6813620,662,1.13784,113.78,0.0267,0
slovenia,g13_00033_1.tif,6813626,350,0.60158,60.16,0.0204,0
slovenia,g13_00033_1.tif,6813635,178,0.30595,30.59,0.0276,0
slovenia,g13_00033_1.tif,6862298,2201,3.78307,378.31,0.9648,1
slovenia,g13_00033_1.tif,6894846,252,0.43314,43.31,0.0158,0
slovenia,g13_00033_1.tif,6894847,303,0.5208,52.08,0.0083,0
slovenia,g13_00033_1.tif,6894850,255,0.43829,43.83,0.0217,0
slovenia,g13_00033_1.tif,6894852,220,0.37814,37.81,0.056,0
slovenia,g13_00033_1.tif,6894854,221,0.37985,37.99,0.0343,0
slovenia,g13_00033_1.tif,6894856,150,0.25782,25.78,0.0823,0
slovenia,g13_00033_1.tif,6911154,64,0.11,11.0,0.1778,0
slovenia,g13_00033_1.tif,6911158,357,0.61361,61.36,0.1433,0
slovenia,g13_00033_1.tif,6911161,19,0.03266,3.27,0.0096,0
slovenia,g13_00033_1.tif,6925601,93,0.15985,15.98,0.0396,0
slovenia,g13_00033_1.tif,6936026,148,0.25438,25.44,0.0123,0
slovenia,g13_00033_1.tif,6936029,41,0.07047,7.05,0.0033,0
slovenia,g13_00033_1.tif,6937289,1413,2.42866,242.87,0.1246,0
slovenia,g13_00033_1.tif,6937290,1859,3.19524,319.52,0.1555,0
slovenia,g13_00033_1.tif,6950864,271,0.46579,46.58,0.018,0
slovenia,g13_00033_1.tif,6980374,269,0.46236,46.24,0.0484,0
slovenia,g13_00033_1.tif,6980375,153,0.26298,26.3,0.008,0
slovenia,g13_00033_1.tif,6980390,143,0.24579,24.58,0.0232,0
slovenia,g13_00033_1.tif,6982216,929,1.59676,159.68,0.1316,0
slovenia,g13_00033_1.tif,6982218,842,1.44723,144.72,0.4303,0
slovenia,g13_00033_1.tif,6982224,583,1.00206,100.21,0.0606,0
slovenia,g13_00033_1.tif,6982226,471,0.80955,80.96,0.1118,0
slovenia,g13_00033_1.tif,6982228,220,0.37814,37.81,0.0544,0
slovenia,g13_00033_1.tif,6996858,248,0.42626,42.63,0.0398,0
slovenia,g13_00033_1.tif,6996862,160,0.27501,27.5,0.006,0
slovenia,g13_00033_1.tif,7003150,774,1.33035,133.03,0.073,0
slovenia,g13_00033_1.tif,7003156,780,1.34066,134.07,0.0783,0
slovenia,g13_00033_1.tif,7003186,241,0.41423,41.42,0.021,0
slovenia,g13_00033_1.tif,7003198,180,0.30938,30.94,0.0795,0
slovenia,g13_00033_1.tif,7003200,192,0.33001,33.0,0.0326,0
slovenia,g13_00033_1.tif,7003202,184,0.31626,31.63,0.2101,0
slovenia,g13_00033_1.tif,7003211,52,0.08938,8.94,0.0042,0
slovenia,g13_00033_1.tif,7003237,425,0.73049,73.05,0.1583,0
slovenia,g13_00033_1.tif,7003239,198,0.34032,34.03,0.0154,0
slovenia,g13_00033_1.tif,7003240,5,0.00859,0.86,0.0062,0
slovenia,g13_00033_1.tif,7006525,323,0.55517,55.52,0.0605,0
slovenia,g13_00033_1.tif,7006542,278,0.47783,47.78,0.1732,0
slovenia,g13_00033_1.tif,7020929,82,0.14094,14.09,0.0054,0
slovenia,g13_00033_1.tif,7078005,537,0.92299,92.3,0.0881,0
slovenia,g13_00033_2.tif,6289857,343,0.58955,58.95,0.147,0
slovenia,g13_00033_2.tif,6290736,14,0.02406,2.41,0.0057,0
slovenia,g13_00033_2.tif,6290740,601,1.033,103.3,0.2116,0
slovenia,g13_00033_2.tif,6290752,305,0.52423,52.42,0.0964,0
slovenia,g13_00033_2.tif,6290761,94,0.16157,16.16,0.0626,0
slovenia,g13_00033_2.tif,6290779,307,0.52767,52.77,0.2488,0
slovenia,g13_00033_2.tif,6359391,258,0.44345,44.34,0.0156,0
slovenia,g13_00033_2.tif,6434944,225,0.38673,38.67,0.1775,0
slovenia,g13_00033_2.tif,6452221,76,0.13063,13.06,0.0053,0
slovenia,g13_00033_2.tif,6462831,512,0.88002,88.0,0.0374,0
slovenia,g13_00033_2.tif,6462867,155,0.26641,26.64,0.0067,0
slovenia,g13_00033_2.tif,6476634,966,1.66036,166.04,0.0443,0
slovenia,g13_00033_2.tif,6492023,197,0.3386,33.86,0.064,0
slovenia,g13_00033_2.tif,6492028,433,0.74424,74.42,0.0311,0
slovenia,g13_00033_2.tif,6492032,79,0.13578,13.58,0.0542,0
slovenia,g13_00033_2.tif,6492037,116,0.19938,19.94,0.0,0
slovenia,g13_00033_2.tif,6492044,90,0.15469,15.47,0.005,0
slovenia,g13_00033_2.tif,6493482,124,0.21313,21.31,0.007,0
slovenia,g13_00033_2.tif,6494428,254,0.43657,43.66,0.0345,0
slovenia,g13_00033_2.tif,6494429,26,0.04469,4.47,0.0,0
slovenia,g13_00033_2.tif,6494430,416,0.71502,71.5,0.1199,0
slovenia,g13_00033_2.tif,6494572,137,0.23548,23.55,0.0006,0
slovenia,g13_00033_2.tif,6495411,674,1.15847,115.85,0.0958,0
slovenia,g13_00033_2.tif,6495419,283,0.48642,48.64,0.0182,0
slovenia,g13_00033_2.tif,6495426,253,0.43486,43.49,0.1528,0
slovenia,g13_00033_2.tif,6495428,218,0.3747,37.47,0.0249,0
slovenia,g13_00033_2.tif,6495436,168,0.28876,28.88,0.0136,0
slovenia,g13_00033_2.tif,6498790,266,0.4572,45.72,0.0944,0
slovenia,g13_00033_2.tif,6498795,261,0.44861,44.86,0.0178,0
slovenia,g13_00033_2.tif,6498800,218,0.3747,37.47,0.0381,0
slovenia,g13_00033_2.tif,6498814,260,0.44689,44.69,0.0314,0
slovenia,g13_00033_2.tif,6499508,121,0.20797,20.8,0.2745,0
slovenia,g13_00033_2.tif,6503731,369,0.63424,63.42,0.0275,0
slovenia,g13_00033_2.tif,6505032,309,0.53111,53.11,0.0584,0
slovenia,g13_00033_2.tif,6508455,383,0.6583,65.83,0.023,0
slovenia,g13_00033_2.tif,6510315,922,1.58473,158.47,0.0701,0
slovenia,g13_00033_2.tif,6510317,493,0.84737,84.74,0.0234,0
slovenia,g13_00033_2.tif,6510500,418,0.71846,71.85,0.0182,0
slovenia,g13_00033_2.tif,6510501,225,0.38673,38.67,0.0,0
slovenia,g13_00033_2.tif,6528091,164,0.28188,28.19,0.0115,0
slovenia,g13_00033_2.tif,6528158,473,0.81299,81.3,0.0369,0
slovenia,g13_00033_2.tif,6560107,1592,2.73632,273.63,0.0097,0
slovenia,g13_00033_2.tif,6560108,477,0.81987,81.99,0.0339,0
slovenia,g13_00033_2.tif,6560112,315,0.54142,54.14,0.0234,0
slovenia,g13_00033_2.tif,6561843,402,0.69096,69.1,0.0227,0
slovenia,g13_00033_2.tif,6561844,181,0.3111,31.11,0.0125,0
slovenia,g13_00033_2.tif,6561845,115,0.19766,19.77,0.0128,0
slovenia,g13_00033_2.tif,6562558,231,0.39704,39.7,0.0156,0
slovenia,g13_00033_2.tif,6562567,42,0.07219,7.22,0.0016,0
slovenia,g13_00033_2.tif,6571283,490,0.84221,84.22,0.0226,0
slovenia,g13_00033_2.tif,6576199,259,0.44517,44.52,0.008,0
slovenia,g13_00033_2.tif,6576200,233,0.40048,40.05,0.0084,0
slovenia,g13_00033_2.tif,6580325,342,0.58783,58.78,0.0943,0
slovenia,g13_00033_2.tif,6580326,324,0.55689,55.69,0.3442,0
slovenia,g13_00033_2.tif,6580339,10,0.01719,1.72,0.0,0
slovenia,g13_00033_2.tif,6582875,615,1.05706,105.71,0.0898,0
slovenia,g13_00033_2.tif,6583090,667,1.14644,114.64,0.0971,0
slovenia,g13_00033_2.tif,6594437,221,0.37985,37.99,0.01,0
slovenia,g13_00033_2.tif,6594440,177,0.30423,30.42,0.008,0
slovenia,g13_00033_2.tif,6594442,164,0.28188,28.19,0.0118,0
slovenia,g13_00033_2.tif,6594447,88,0.15125,15.13,0.0577,0
slovenia,g13_00033_2.tif,6594452,61,0.10485,10.48,0.0351,0
slovenia,g13_00033_2.tif,6594516,241,0.41423,41.42,0.2108,0
slovenia,g13_00033_2.tif,6594517,22,0.03781,3.78,0.0079,0
slovenia,g13_00033_2.tif,6624911,67,0.11516,11.52,0.0079,0
slovenia,g13_00033_2.tif,6624914,9,0.01547,1.55,0.0008,0
slovenia,g13_00033_2.tif,6629333,1219,2.09521,209.52,0.0218,0
slovenia,g13_00033_2.tif,6629341,159,0.27329,27.33,0.0066,0
slovenia,g13_00033_2.tif,6642357,441,0.75799,75.8,0.0,0
slovenia,g13_00033_2.tif,6712617,277,0.47611,47.61,0.0148,0
slovenia,g13_00033_2.tif,6719671,745,1.2805,128.05,0.0366,0
slovenia,g13_00033_2.tif,6720050,442,0.75971,75.97,0.1908,0
slovenia,g13_00033_2.tif,6720053,425,0.73049,73.05,0.0217,0
slovenia,g13_00033_2.tif,6720055,319,0.5483,54.83,0.1445,0
slovenia,g13_00033_2.tif,6720065,202,0.3472,34.72,0.0086,0
slovenia,g13_00033_2.tif,6731665,307,0.52767,52.77,0.01,0
slovenia,g13_00033_2.tif,6752988,308,0.52939,52.94,0.04,0
slovenia,g13_00033_2.tif,6753000,72,0.12375,12.38,0.0087,0
slovenia,g13_00033_2.tif,6758721,313,0.53798,53.8,0.0201,0
slovenia,g13_00033_2.tif,6762056,59,0.10141,10.14,0.0037,0
slovenia,g13_00033_2.tif,6771197,426,0.73221,73.22,0.0332,0
slovenia,g13_00033_2.tif,6771199,476,0.81815,81.81,0.0357,0
slovenia,g13_00033_2.tif,6771265,209,0.35923,35.92,0.0149,0
slovenia,g13_00033_2.tif,6777627,1009,1.73426,173.43,0.1533,0
slovenia,g13_00033_2.tif,6780541,290,0.49845,49.85,0.103,0
slovenia,g13_00033_2.tif,6780724,453,0.77861,77.86,0.0184,0
slovenia,g13_00033_2.tif,6800988,960,1.65004,165.0,0.0362,0
slovenia,g13_00033_2.tif,6800994,255,0.43829,43.83,0.0111,0
slovenia,g13_00033_2.tif,6800995,323,0.55517,55.52,0.0158,0
slovenia,g13_00033_2.tif,6813621,508,0.87315,87.31,0.0712,0
slovenia,g13_00033_2.tif,6813628,328,0.56377,56.38,0.0372,0
slovenia,g13_00033_2.tif,6813634,588,1.01065,101.07,0.0292,0
slovenia,g13_00033_2.tif,6862298,9607,16.51247,1651.25,0.5546,1
slovenia,g13_00033_2.tif,6911137,1002,1.72223,172.22,0.0801,0
slovenia,g13_00033_2.tif,6911142,903,1.55207,155.21,0.0709,0
slovenia,g13_00033_2.tif,6911147,339,0.58267,58.27,0.0254,0
slovenia,g13_00033_2.tif,6911161,146,0.25094,25.09,0.0096,0
slovenia,g13_00033_2.tif,6911162,186,0.3197,31.97,0.0194,0
slovenia,g13_00033_2.tif,6911166,134,0.23032,23.03,0.0072,0
slovenia,g13_00033_2.tif,6950866,93,0.15985,15.98,0.2289,0
slovenia,g13_00033_2.tif,6953917,158,0.27157,27.16,0.0188,0
slovenia,g13_00033_2.tif,6980376,215,0.36954,36.95,0.1585,0
slovenia,g13_00033_2.tif,6980569,3,0.00516,0.52,0.0,0
slovenia,g13_00033_2.tif,6982225,547,0.94018,94.02,0.0,0
slovenia,g13_00033_2.tif,6996859,272,0.46751,46.75,0.0187,0
slovenia,g13_00033_2.tif,7003163,280,0.48126,48.13,0.0342,0
slovenia,g13_00033_2.tif,7003179,317,0.54486,54.49,0.0035,0
slovenia,g13_00033_2.tif,7003196,226,0.38845,38.84,0.0563,0
slovenia,g13_00033_2.tif,7003198,23,0.03953,3.95,0.0012,0
slovenia,g13_00033_2.tif,7003211,97,0.16672,16.67,0.011,0
slovenia,g13_00033_2.tif,7003217,169,0.29048,29.05,0.0672,0
slovenia,g13_00033_2.tif,7006544,107,0.18391,18.39,0.005,0
slovenia,g13_00033_2.tif,7020538,135,0.23204,23.2,0.093,0
slovenia,g13_00033_3.tif,6104931,428,0.73564,73.56,0.0055,0
slovenia,g13_00033_3.tif,6104932,75,0.12891,12.89,0.0,0
slovenia,g13_00033_3.tif,6106320,128,0.22001,22.0,0.3537,0
slovenia,g13_00033_3.tif,6106321,129,0.22172,22.17,0.1748,0
slovenia,g13_00033_3.tif,6106323,51,0.08766,8.77,0.0457,0
slovenia,g13_00033_3.tif,6111046,107,0.18391,18.39,0.8454,1
slovenia,g13_00033_3.tif,6127310,218,0.3747,37.47,0.0,0
slovenia,g13_00033_3.tif,6127311,59,0.10141,10.14,0.0,0
slovenia,g13_00033_3.tif,6127313,162,0.27844,27.84,0.1812,0
slovenia,g13_00033_3.tif,6127314,132,0.22688,22.69,0.2151,0
slovenia,g13_00033_3.tif,6165046,211,0.36267,36.27,0.8261,1
slovenia,g13_00033_3.tif,6178495,69,0.1186,11.86,0.033,0
slovenia,g13_00033_3.tif,6190600,4,0.00688,0.69,0.0,0
slovenia,g13_00033_3.tif,6249274,90,0.15469,15.47,0.0,0
slovenia,g13_00033_3.tif,6289861,279,0.47954,47.95,0.0,0
slovenia,g13_00033_3.tif,6370107,73,0.12547,12.55,0.0408,0
slovenia,g13_00033_3.tif,6370121,7,0.01203,1.2,0.0171,0
slovenia,g13_00033_3.tif,6400449,253,0.43486,43.49,0.1201,0
slovenia,g13_00033_3.tif,6400450,143,0.24579,24.58,0.1865,0
slovenia,g13_00033_3.tif,6411953,8,0.01375,1.38,0.0,0
slovenia,g13_00033_3.tif,6422454,162,0.27844,27.84,0.2851,0
slovenia,g13_00033_3.tif,6428040,19,0.03266,3.27,0.0909,0
slovenia,g13_00033_3.tif,6437948,75,0.12891,12.89,0.0374,0
slovenia,g13_00033_3.tif,6476634,190,0.32657,32.66,0.0,0
slovenia,g13_00033_3.tif,6510099,97,0.16672,16.67,0.3288,0
slovenia,g13_00033_3.tif,6510317,60,0.10313,10.31,0.2123,0
slovenia,g13_00033_3.tif,6510499,811,1.39394,139.39,0.4052,0
slovenia,g13_00033_3.tif,6510500,67,0.11516,11.52,0.1991,0
slovenia,g13_00033_3.tif,6557535,26,0.04469,4.47,0.0,0
slovenia,g13_00033_3.tif,6557537,10,0.01719,1.72,0.0,0
slovenia,g13_00033_3.tif,6557538,39,0.06703,6.7,0.0,0
slovenia,g13_00033_3.tif,6557542,44,0.07563,7.56,0.0,0
slovenia,g13_00033_3.tif,6557544,53,0.0911,9.11,0.0,0
slovenia,g13_00033_3.tif,6557546,6,0.01031,1.03,0.0,0
slovenia,g13_00033_3.tif,6558205,821,1.41113,141.11,0.3479,0
slovenia,g13_00033_3.tif,6560119,7,0.01203,1.2,0.0,0
slovenia,g13_00033_3.tif,6563744,532,0.9144,91.44,0.2921,0
slovenia,g13_00033_3.tif,6563745,73,0.12547,12.55,0.0,0
slovenia,g13_00033_3.tif,6571283,68,0.11688,11.69,0.2083,0
slovenia,g13_00033_3.tif,6571284,371,0.63767,63.77,0.6921,1
slovenia,g13_00033_3.tif,6571285,156,0.26813,26.81,0.8626,1
slovenia,g13_00033_3.tif,6571286,160,0.27501,27.5,0.033,0
slovenia,g13_00033_3.tif,6574389,56,0.09625,9.63,0.0,0
slovenia,g13_00033_3.tif,6576194,259,0.44517,44.52,0.1157,0
slovenia,g13_00033_3.tif,6576207,114,0.19594,19.59,0.3476,0
slovenia,g13_00033_3.tif,6580327,159,0.27329,27.33,0.0,0
slovenia,g13_00033_3.tif,6593209,112,0.19251,19.25,0.0,0
slovenia,g13_00033_3.tif,6593210,180,0.30938,30.94,0.0,0
slovenia,g13_00033_3.tif,6593222,71,0.12203,12.2,0.0,0
slovenia,g13_00033_3.tif,6594430,16,0.0275,2.75,0.0147,0
slovenia,g13_00033_3.tif,6594440,18,0.03094,3.09,0.5385,1
slovenia,g13_00033_3.tif,6599679,394,0.67721,67.72,0.0,0
slovenia,g13_00033_3.tif,6599682,443,0.76143,76.14,0.0,0
slovenia,g13_00033_3.tif,6599687,128,0.22001,22.0,0.0,0
slovenia,g13_00033_3.tif,6606091,266,0.4572,45.72,0.0,0
slovenia,g13_00033_3.tif,6629333,20,0.03438,3.44,0.0,0
slovenia,g13_00033_3.tif,6629339,211,0.36267,36.27,0.0,0
slovenia,g13_00033_3.tif,6629341,23,0.03953,3.95,0.0,0
slovenia,g13_00033_3.tif,6652346,234,0.4022,40.22,0.0053,0
slovenia,g13_00033_3.tif,6652353,2,0.00344,0.34,0.0,0
slovenia,g13_00033_3.tif,6652354,24,0.04125,4.13,0.0,0
slovenia,g13_00033_3.tif,6661024,375,0.64455,64.45,0.0,0
slovenia,g13_00033_3.tif,6661027,290,0.49845,49.85,0.0,0
slovenia,g13_00033_3.tif,6670650,638,1.09659,109.66,0.1103,0
slovenia,g13_00033_3.tif,6670662,193,0.33173,33.17,0.0994,0
slovenia,g13_00033_3.tif,6670671,179,0.30766,30.77,0.0,0
slovenia,g13_00033_3.tif,6670683,161,0.27673,27.67,0.5294,1
slovenia,g13_00033_3.tif,6670684,34,0.05844,5.84,0.088,0
slovenia,g13_00033_3.tif,6712617,160,0.27501,27.5,0.0149,0
slovenia,g13_00033_3.tif,6712628,8,0.01375,1.38,0.0,0
slovenia,g13_00033_3.tif,6712629,25,0.04297,4.3,0.0,0
slovenia,g13_00033_3.tif,6712630,2,0.00344,0.34,0.0086,0
slovenia,g13_00033_3.tif,6719676,604,1.03815,103.82,0.3963,0
slovenia,g13_00033_3.tif,6720043,841,1.44551,144.55,0.1649,0
slovenia,g13_00033_3.tif,6726961,68,0.11688,11.69,0.0,0
slovenia,g13_00033_3.tif,6726964,139,0.23891,23.89,0.0,0
slovenia,g13_00033_3.tif,6726997,122,0.20969,20.97,0.0163,0
slovenia,g13_00033_3.tif,6731241,23,0.03953,3.95,0.0,0
slovenia,g13_00033_3.tif,6731242,71,0.12203,12.2,0.0841,0
slovenia,g13_00033_3.tif,6731653,194,0.33345,33.34,0.0,0
slovenia,g13_00033_3.tif,6731665,63,0.10828,10.83,0.0,0
slovenia,g13_00033_3.tif,6731669,338,0.58095,58.1,0.0,0
slovenia,g13_00033_3.tif,6731670,301,0.51736,51.74,0.0,0
slovenia,g13_00033_3.tif,6731673,76,0.13063,13.06,0.0,0
slovenia,g13_00033_3.tif,6780728,266,0.4572,45.72,0.0,0
slovenia,g13_00033_3.tif,6800988,61,0.10485,10.48,0.0,0
slovenia,g13_00033_3.tif,6800994,47,0.08078,8.08,0.1502,0
slovenia,g13_00033_3.tif,6800999,117,0.2011,20.11,0.0668,0
slovenia,g13_00033_3.tif,6813641,335,0.5758,57.58,0.2018,0
slovenia,g13_00033_3.tif,6813642,134,0.23032,23.03,0.0797,0
slovenia,g13_00033_3.tif,6858389,144,0.24751,24.75,0.0554,0
slovenia,g13_00033_3.tif,6858405,86,0.14782,14.78,0.0099,0
slovenia,g13_00033_3.tif,6862298,706,1.21347,121.35,0.9684,1
slovenia,g13_00033_3.tif,6865965,612,1.0519,105.19,0.219,0
slovenia,g13_00033_3.tif,6903995,184,0.31626,31.63,0.0,0
slovenia,g13_00033_3.tif,6904019,187,0.32141,32.14,0.0354,0
slovenia,g13_00033_3.tif,6911140,732,1.25816,125.82,0.8818,1
slovenia,g13_00033_3.tif,6911163,111,0.19079,19.08,0.0909,0
slovenia,g13_00033_3.tif,6911165,223,0.38329,38.33,0.2305,0
slovenia,g13_00033_3.tif,6911177,178,0.30595,30.59,0.053,0
slovenia,g13_00033_3.tif,6953912,194,0.33345,33.34,0.1163,0
slovenia,g13_00033_3.tif,6994421,204,0.35063,35.06,0.2718,0
slovenia,g13_00033_3.tif,6994459,73,0.12547,12.55,0.0182,0
slovenia,g13_00033_3.tif,7017509,177,0.30423,30.42,0.0,0
slovenia,g13_00033_3.tif,7017512,148,0.25438,25.44,0.0,0
slovenia,g13_00033_3.tif,7020481,612,1.0519,105.19,0.0074,0
slovenia,g13_00033_3.tif,7020496,396,0.68064,68.06,0.4797,0
slovenia,g13_00033_3.tif,7020499,231,0.39704,39.7,0.1479,0
slovenia,g13_00033_3.tif,7020503,306,0.52595,52.6,0.0,0
slovenia,g13_00033_3.tif,7020526,159,0.27329,27.33,0.1067,0
slovenia,g13_00033_3.tif,7020549,92,0.15813,15.81,0.0,0
slovenia,g13_00033_3.tif,7020553,113,0.19422,19.42,0.0392,0
slovenia,g13_00033_3.tif,7020560,88,0.15125,15.13,0.0397,0
slovenia,g13_00033_3.tif,7020580,225,0.38673,38.67,0.0968,0
slovenia,g13_00033_3.tif,7020590,83,0.14266,14.27,0.0667,0
slovenia,g13_00033_3.tif,7061531,241,0.41423,41.42,0.021,0
slovenia,g13_00033_3.tif,7061532,41,0.07047,7.05,0.0,0
slovenia,g13_00033_3.tif,7061534,8,0.01375,1.38,0.1667,0
slovenia,g13_00033_3.tif,7061535,100,0.17188,17.19,0.0,0
slovenia,g13_00033_3.tif,7080445,82,0.14094,14.09,0.0383,0
slovenia,g13_00034_17.tif,6272996,23,0.03953,3.95,0.0,0
slovenia,g13_00034_17.tif,6275152,193,0.33173,33.17,0.0,0
slovenia,g13_00034_17.tif,6275290,127,0.21829,21.83,0.0,0
slovenia,g13_00034_17.tif,6275302,41,0.07047,7.05,0.0,0
slovenia,g13_00034_17.tif,6278770,38,0.06531,6.53,0.0,0
slovenia,g13_00034_17.tif,6600760,33,0.05672,5.67,0.0,0
slovenia,g13_00034_17.tif,6600764,23,0.03953,3.95,0.0,0
slovenia,g13_00034_17.tif,6601907,76,0.13063,13.06,0.0,0
slovenia,g13_00034_17.tif,6601908,195,0.33517,33.52,0.0,0
slovenia,g13_00034_17.tif,6605741,126,0.21657,21.66,0.0,0
slovenia,g13_00034_17.tif,6605743,67,0.11516,11.52,0.0,0
slovenia,g13_00034_17.tif,6890624,5,0.00859,0.86,0.0,0
slovenia,g13_00034_17.tif,6890625,14,0.02406,2.41,0.0,0
slovenia,g13_00034_17.tif,6890628,197,0.3386,33.86,0.0,0
slovenia,g13_00034_18.tif,6228950,89,0.15297,15.3,0.0,0
slovenia,g13_00034_18.tif,6600764,28,0.04813,4.81,0.0,0
slovenia,g13_00034_18.tif,6607404,47,0.08078,8.08,0.0,0
slovenia,g13_00034_18.tif,6890625,52,0.08938,8.94,0.0,0
slovenia,g13_00034_18.tif,6890628,34,0.05844,5.84,0.0,0
slovenia,g13_00034_3.tif,6131546,926,1.5916,159.16,0.0678,0
slovenia,g13_00034_3.tif,6131548,609,1.04675,104.67,0.0412,0
slovenia,g13_00034_3.tif,6131551,281,0.48298,48.3,0.8667,1
slovenia,g13_00034_3.tif,6252350,730,1.25472,125.47,0.0499,0
slovenia,g13_00034_3.tif,6252351,668,1.14816,114.82,0.0484,0
slovenia,g13_00034_3.tif,6252352,232,0.39876,39.88,0.0127,0
slovenia,g13_00034_3.tif,6252353,137,0.23548,23.55,0.005,0
slovenia,g13_00034_3.tif,6252354,30,0.05156,5.16,0.0011,0
slovenia,g13_00034_3.tif,6326765,60,0.10313,10.31,0.0,0
slovenia,g13_00034_3.tif,6326766,57,0.09797,9.8,0.0,0
slovenia,g13_00034_3.tif,6340002,232,0.39876,39.88,0.1444,0
slovenia,g13_00034_3.tif,6340004,98,0.16844,16.84,0.0839,0
slovenia,g13_00034_3.tif,6340007,11,0.01891,1.89,0.0026,0
slovenia,g13_00034_3.tif,6340009,45,0.07735,7.73,0.0378,0
slovenia,g13_00034_3.tif,6340047,30,0.05156,5.16,0.009,0
slovenia,g13_00034_3.tif,6340076,43,0.07391,7.39,0.0,0
slovenia,g13_00034_3.tif,6357335,97,0.16672,16.67,0.0378,0
slovenia,g13_00034_3.tif,6357337,50,0.08594,8.59,0.0,0
slovenia,g13_00034_3.tif,6357338,405,0.69611,69.61,0.506,1
slovenia,g13_00034_3.tif,6375640,140,0.24063,24.06,0.0941,0
slovenia,g13_00034_3.tif,6429720,252,0.43314,43.31,0.1167,0
slovenia,g13_00034_3.tif,6429721,48,0.0825,8.25,0.0,0
slovenia,g13_00034_3.tif,6429723,234,0.4022,40.22,0.2358,0
slovenia,g13_00034_3.tif,6429736,46,0.07906,7.91,0.0134,0
slovenia,g13_00034_3.tif,6431018,629,1.08112,108.11,0.5232,1
slovenia,g13_00034_3.tif,6433361,163,0.28016,28.02,0.0757,0
slovenia,g13_00034_3.tif,6433362,167,0.28704,28.7,0.6822,1
slovenia,g13_00034_3.tif,6433364,154,0.26469,26.47,0.1792,0
slovenia,g13_00034_3.tif,6433366,135,0.23204,23.2,0.1301,0
slovenia,g13_00034_3.tif,6433367,169,0.29048,29.05,0.072,0
slovenia,g13_00034_3.tif,6470429,257,0.44173,44.17,0.1886,0
slovenia,g13_00034_3.tif,6470431,217,0.37298,37.3,0.2107,0
slovenia,g13_00034_3.tif,6475217,99,0.17016,17.02,0.8824,1
slovenia,g13_00034_3.tif,6475223,192,0.33001,33.0,0.0117,0
slovenia,g13_00034_3.tif,6514068,92,0.15813,15.81,0.0,0
slovenia,g13_00034_3.tif,6548430,279,0.47954,47.95,0.0171,0
slovenia,g13_00034_3.tif,6578769,1649,2.83429,283.43,0.1197,0
slovenia,g13_00034_3.tif,6578775,246,0.42282,42.28,0.0887,0
slovenia,g13_00034_3.tif,6578776,98,0.16844,16.84,0.0354,0
slovenia,g13_00034_3.tif,6578779,910,1.5641,156.41,0.85,1
slovenia,g13_00034_3.tif,6578797,376,0.64627,64.63,0.8652,1
slovenia,g13_00034_3.tif,6578802,264,0.45376,45.38,0.287,0
slovenia,g13_00034_3.tif,6578808,12,0.02063,2.06,0.0,0
slovenia,g13_00034_3.tif,6578822,393,0.67549,67.55,0.6702,1
slovenia,g13_00034_3.tif,6578826,41,0.07047,7.05,0.5862,1
slovenia,g13_00034_3.tif,6613301,801,1.37676,137.68,0.055,0
slovenia,g13_00034_3.tif,6613302,617,1.0605,106.05,0.0429,0
slovenia,g13_00034_3.tif,6613305,492,0.84565,84.56,0.0338,0
slovenia,g13_00034_3.tif,6613306,459,0.78893,78.89,0.2182,0
slovenia,g13_00034_3.tif,6613310,561,0.96424,96.42,0.0373,0
slovenia,g13_00034_3.tif,6613313,269,0.46236,46.24,0.1693,0
slovenia,g13_00034_3.tif,6613316,230,0.39532,39.53,0.0145,0
slovenia,g13_00034_3.tif,6613325,82,0.14094,14.09,0.0398,0
slovenia,g13_00034_3.tif,6613326,39,0.06703,6.7,0.0,0
slovenia,g13_00034_3.tif,6613329,238,0.40907,40.91,0.1447,0
slovenia,g13_00034_3.tif,6613331,355,0.61017,61.02,0.0237,0
slovenia,g13_00034_3.tif,6613336,152,0.26126,26.13,0.1112,0
slovenia,g13_00034_3.tif,6613850,30,0.05156,5.16,0.001,0
slovenia,g13_00034_3.tif,6626234,374,0.64283,64.28,0.1867,0
slovenia,g13_00034_3.tif,6626250,145,0.24923,24.92,0.1726,0
slovenia,g13_00034_3.tif,6626378,347,0.59642,59.64,0.3947,0
slovenia,g13_00034_3.tif,6631817,77,0.13235,13.23,0.3922,0
slovenia,g13_00034_3.tif,6674176,29,0.04985,4.98,0.0,0
slovenia,g13_00034_3.tif,6674179,252,0.43314,43.31,0.0146,0
slovenia,g13_00034_3.tif,6674180,232,0.39876,39.88,0.149,0
slovenia,g13_00034_3.tif,6674182,175,0.30079,30.08,0.0114,0
slovenia,g13_00034_3.tif,6674351,9,0.01547,1.55,0.0001,0
slovenia,g13_00034_3.tif,6684219,89,0.15297,15.3,0.0,0
slovenia,g13_00034_3.tif,6690108,1219,2.09521,209.52,0.0873,0
slovenia,g13_00034_3.tif,6690109,784,1.34754,134.75,0.0538,0
slovenia,g13_00034_3.tif,6690110,358,0.61533,61.53,0.0234,0
slovenia,g13_00034_3.tif,6690111,182,0.31282,31.28,0.1232,0
slovenia,g13_00034_3.tif,6736079,705,1.21175,121.18,0.3043,0
slovenia,g13_00034_3.tif,6736080,1444,2.48194,248.19,0.6174,1
slovenia,g13_00034_3.tif,6742428,638,1.09659,109.66,0.044,0
slovenia,g13_00034_3.tif,6742444,42,0.07219,7.22,0.4688,0
slovenia,g13_00034_3.tif,6742446,129,0.22172,22.17,0.6271,1
slovenia,g13_00034_3.tif,6804611,221,0.37985,37.99,0.013,0
slovenia,g13_00034_3.tif,6804621,184,0.31626,31.63,0.7888,1
slovenia,g13_00034_3.tif,6804628,129,0.22172,22.17,0.7714,1
slovenia,g13_00034_3.tif,6842268,226,0.38845,38.84,0.1372,0
slovenia,g13_00034_3.tif,6846796,82,0.14094,14.09,0.0,0
slovenia,g13_00034_3.tif,6867128,360,0.61877,61.88,0.8885,1
slovenia,g13_00034_3.tif,6907711,123,0.21141,21.14,0.0,0
slovenia,g13_00034_3.tif,6913069,181,0.3111,31.11,0.1706,0
slovenia,g13_00034_3.tif,6916147,292,0.50189,50.19,0.915,1
slovenia,g13_00034_3.tif,6920856,164,0.28188,28.19,0.1562,0
slovenia,g13_00034_3.tif,6925035,252,0.43314,43.31,0.0169,0
slovenia,g13_00034_3.tif,7028347,217,0.37298,37.3,0.4396,0
slovenia,g13_00034_3.tif,7028349,26,0.04469,4.47,0.0,0
slovenia,g13_00034_3.tif,7028350,226,0.38845,38.84,0.4424,0
slovenia,g13_00034_3.tif,7055468,44,0.07563,7.56,0.0,0
slovenia,g13_00034_3.tif,7071038,379,0.65142,65.14,0.3002,0
slovenia,g13_00034_5.tif,6235364,283,0.48642,48.64,0.0,0
slovenia,g13_00034_5.tif,6235365,24,0.04125,4.13,0.0,0
slovenia,g13_00034_5.tif,6332699,12,0.02063,2.06,0.0,0
slovenia,g13_00034_5.tif,6351378,188,0.32313,32.31,0.0,0
slovenia,g13_00034_5.tif,6351379,11,0.01891,1.89,0.0,0
slovenia,g13_00034_5.tif,6351380,171,0.29391,29.39,0.0,0
slovenia,g13_00034_5.tif,6717319,12,0.02063,2.06,0.0,0
slovenia,g13_00034_6.tif,6322961,18,0.03094,3.09,0.0,0
slovenia,g13_00034_6.tif,6332699,29,0.04985,4.98,0.0,0
slovenia,g13_00034_6.tif,6411513,10,0.01719,1.72,0.0,0
slovenia,g13_00034_6.tif,6411519,48,0.0825,8.25,0.1923,0
slovenia,g13_00034_6.tif,6472261,10,0.01719,1.72,0.0,0
slovenia,g13_00034_6.tif,6472264,10,0.01719,1.72,0.0,0
slovenia,g13_00034_6.tif,6472265,120,0.20626,20.63,0.0,0
slovenia,g13_00034_6.tif,6472267,21,0.03609,3.61,0.0,0
slovenia,g13_00034_6.tif,6472273,49,0.08422,8.42,0.0,0
slovenia,g13_00034_6.tif,6717319,9,0.01547,1.55,0.0,0
slovenia,g13_00034_6.tif,6987585,11,0.01891,1.89,0.0,0
slovenia,g13_00034_7.tif,6178185,180,0.30938,30.94,0.0,0
slovenia,g13_00034_7.tif,6228029,22,0.03781,3.78,0.0,0
slovenia,g13_00034_7.tif,6399910,97,0.16672,16.67,0.0,0
slovenia,g13_00034_7.tif,6411512,236,0.40564,40.56,0.0,0
slovenia,g13_00034_7.tif,6411513,620,1.06565,106.57,0.0,0
slovenia,g13_00034_7.tif,6411516,24,0.04125,4.13,0.0,0
slovenia,g13_00034_7.tif,6462423,407,0.69955,69.95,0.0,0
slovenia,g13_00034_7.tif,6462451,43,0.07391,7.39,0.0,0
slovenia,g13_00034_7.tif,6535508,18,0.03094,3.09,0.0,0
slovenia,g13_00034_7.tif,6834016,40,0.06875,6.88,0.0,0
slovenia,g13_00034_7.tif,6834210,3,0.00516,0.52,0.0,0
slovenia,g13_00034_7.tif,6878498,15,0.02578,2.58,0.0,0
slovenia,g13_00034_7.tif,6878502,23,0.03953,3.95,0.0,0
slovenia,g13_00034_7.tif,6987571,172,0.29563,29.56,0.0,0
slovenia,g13_00034_7.tif,6987583,35,0.06016,6.02,0.0,0
slovenia,g13_00035_0.tif,6148445,195,0.33517,33.52,0.0,0
slovenia,g13_00035_0.tif,6148451,16,0.0275,2.75,0.0,0
slovenia,g13_00035_0.tif,6149839,192,0.33001,33.0,0.0,0
slovenia,g13_00035_0.tif,6149840,37,0.0636,6.36,0.0,0
slovenia,g13_00035_0.tif,6149856,192,0.33001,33.0,0.0,0
slovenia,g13_00035_0.tif,6150901,140,0.24063,24.06,0.0,0
slovenia,g13_00035_0.tif,6150902,29,0.04985,4.98,0.0,0
slovenia,g13_00035_0.tif,6150906,19,0.03266,3.27,0.0,0
slovenia,g13_00035_0.tif,6150907,23,0.03953,3.95,0.0,0
slovenia,g13_00035_0.tif,6204998,22,0.03781,3.78,0.0,0
slovenia,g13_00035_0.tif,6240851,325,0.55861,55.86,0.0,0
slovenia,g13_00035_0.tif,6335488,18,0.03094,3.09,0.0138,0
slovenia,g13_00035_0.tif,6335490,190,0.32657,32.66,0.7064,1
slovenia,g13_00035_0.tif,6335550,85,0.1461,14.61,0.08,0
slovenia,g13_00035_0.tif,6778230,48,0.0825,8.25,0.0,0
slovenia,g13_00035_0.tif,6787260,28,0.04813,4.81,0.0,0
slovenia,g13_00035_0.tif,6817925,177,0.30423,30.42,0.0,0
slovenia,g13_00035_0.tif,6821492,24,0.04125,4.13,0.0,0
slovenia,g13_00035_13.tif,6105478,541,0.92987,92.99,0.0659,0
slovenia,g13_00035_13.tif,6423333,315,0.54142,54.14,0.484,0
slovenia,g13_00035_13.tif,6444163,37,0.0636,6.36,0.5345,1
slovenia,g13_00035_13.tif,6478364,85,0.1461,14.61,0.0383,0
slovenia,g13_00035_13.tif,6478526,9,0.01547,1.55,0.0014,0
slovenia,g13_00035_13.tif,6478750,3,0.00516,0.52,0.0172,0
slovenia,g13_00035_13.tif,6487128,599,1.02956,102.96,0.0,0
slovenia,g13_00035_13.tif,6501533,1616,2.77757,277.76,0.1711,0
slovenia,g13_00035_13.tif,6501534,1977,3.39806,339.81,0.0405,0
slovenia,g13_00035_13.tif,6528096,231,0.39704,39.7,0.0415,0
slovenia,g13_00035_13.tif,6562533,410,0.70471,70.47,0.0541,0
slovenia,g13_00035_13.tif,6562582,374,0.64283,64.28,0.0412,0
slovenia,g13_00035_13.tif,6596923,277,0.47611,47.61,0.0661,0
slovenia,g13_00035_13.tif,6596925,254,0.43657,43.66,0.0677,0
slovenia,g13_00035_13.tif,6597646,33,0.05672,5.67,0.006,0
slovenia,g13_00035_13.tif,6600268,117,0.2011,20.11,0.0,0
slovenia,g13_00035_13.tif,6607477,316,0.54314,54.31,0.169,0
slovenia,g13_00035_13.tif,6607478,543,0.93331,93.33,0.1946,0
slovenia,g13_00035_13.tif,6607480,193,0.33173,33.17,0.0,0
slovenia,g13_00035_13.tif,6607600,150,0.25782,25.78,0.0708,0
slovenia,g13_00035_13.tif,6611060,679,1.16706,116.71,0.0691,0
slovenia,g13_00035_13.tif,6611062,202,0.3472,34.72,0.0996,0
slovenia,g13_00035_13.tif,6611064,239,0.41079,41.08,0.0,0
slovenia,g13_00035_13.tif,6611068,120,0.20626,20.63,0.0533,0
slovenia,g13_00035_13.tif,6611078,291,0.50017,50.02,0.2103,0
slovenia,g13_00035_13.tif,6612016,239,0.41079,41.08,0.1038,0
slovenia,g13_00035_13.tif,6615147,387,0.66517,66.52,0.2137,0
slovenia,g13_00035_13.tif,6618718,496,0.85252,85.25,0.2132,0
slovenia,g13_00035_13.tif,6618720,574,0.98659,98.66,0.0083,0
slovenia,g13_00035_13.tif,6618722,407,0.69955,69.95,0.0413,0
slovenia,g13_00035_13.tif,6626861,1313,2.25678,225.68,0.1472,0
slovenia,g13_00035_13.tif,6630723,674,1.15847,115.85,0.0235,0
slovenia,g13_00035_13.tif,6631508,89,0.15297,15.3,0.0661,0
slovenia,g13_00035_13.tif,6632874,1470,2.52663,252.66,0.1795,0
slovenia,g13_00035_13.tif,6632877,707,1.21519,121.52,0.2929,0
slovenia,g13_00035_13.tif,6633060,2097,3.60431,360.43,0.2341,0
slovenia,g13_00035_13.tif,6633256,406,0.69783,69.78,0.2427,0
slovenia,g13_00035_13.tif,6635358,836,1.43691,143.69,0.2967,0
slovenia,g13_00035_13.tif,6635740,900,1.54692,154.69,0.1085,0
slovenia,g13_00035_13.tif,6635756,663,1.13956,113.96,0.08,0
slovenia,g13_00035_13.tif,6642370,1015,1.74458,174.46,0.1208,0
slovenia,g13_00035_13.tif,6642371,27,0.04641,4.64,0.0064,0
slovenia,g13_00035_13.tif,6642372,483,0.83018,83.02,0.0565,0
slovenia,g13_00035_13.tif,6642471,551,0.94706,94.71,0.0653,0
slovenia,g13_00035_13.tif,6643878,377,0.64799,64.8,0.2849,0
slovenia,g13_00035_13.tif,6643880,249,0.42798,42.8,0.0226,0
slovenia,g13_00035_13.tif,6666388,34,0.05844,5.84,0.3333,0
slovenia,g13_00035_13.tif,6758719,80,0.1375,13.75,0.5455,1
slovenia,g13_00035_13.tif,6758729,242,0.41595,41.59,0.0662,0
slovenia,g13_00035_13.tif,6758732,720,1.23753,123.75,0.071,0
slovenia,g13_00035_13.tif,6768403,297,0.51048,51.05,0.1472,0
slovenia,g13_00035_13.tif,6771202,1359,2.33584,233.58,0.1459,0
slovenia,g13_00035_13.tif,6772010,411,0.70643,70.64,0.046,0
slovenia,g13_00035_13.tif,6775138,2526,4.34168,434.17,0.0946,0
slovenia,g13_00035_13.tif,6775163,775,1.33207,133.21,0.0023,0
slovenia,g13_00035_13.tif,6780534,464,0.79752,79.75,0.2681,0
slovenia,g13_00035_13.tif,6780714,238,0.40907,40.91,0.0512,0
slovenia,g13_00035_13.tif,6780731,350,0.60158,60.16,0.1122,0
slovenia,g13_00035_13.tif,6790107,831,1.42832,142.83,0.2087,0
slovenia,g13_00035_13.tif,6790118,351,0.6033,60.33,0.0381,0
slovenia,g13_00035_13.tif,6790175,291,0.50017,50.02,0.0792,0
slovenia,g13_00035_13.tif,6808537,15,0.02578,2.58,0.0306,0
slovenia,g13_00035_13.tif,6813618,687,1.18081,118.08,0.0254,0
slovenia,g13_00035_13.tif,6862298,14229,24.45674,2445.67,0.5675,1
slovenia,g13_00035_13.tif,6862303,5706,9.80745,980.74,0.2254,0
slovenia,g13_00035_13.tif,6895943,303,0.5208,52.08,0.4184,0
slovenia,g13_00035_13.tif,6895945,765,1.31488,131.49,0.001,0
slovenia,g13_00035_13.tif,6895947,506,0.86971,86.97,0.0,0
slovenia,g13_00035_13.tif,6917551,980,1.68442,168.44,0.3854,0
slovenia,g13_00035_13.tif,6936465,345,0.59298,59.3,0.1727,0
slovenia,g13_00035_13.tif,6936466,165,0.2836,28.36,0.062,0
slovenia,g13_00035_13.tif,7011787,516,0.8869,88.69,0.0461,0
slovenia,g13_00035_13.tif,7011893,15,0.02578,2.58,0.0017,0
slovenia,g13_00035_13.tif,7081992,627,1.07768,107.77,0.3681,0
slovenia,g13_00035_14.tif,6126171,86,0.14782,14.78,0.0011,0
slovenia,g13_00035_14.tif,6126175,66,0.11344,11.34,0.0006,0
slovenia,g13_00035_14.tif,6174296,242,0.41595,41.59,0.2785,0
slovenia,g13_00035_14.tif,6184916,322,0.55345,55.35,0.0044,0
slovenia,g13_00035_14.tif,6197217,225,0.38673,38.67,0.003,0
slovenia,g13_00035_14.tif,6306058,225,0.38673,38.67,0.003,0
slovenia,g13_00035_14.tif,6306059,697,1.198,119.8,0.0099,0
slovenia,g13_00035_14.tif,6306356,275,0.47267,47.27,0.0037,0
slovenia,g13_00035_14.tif,6423327,207,0.35579,35.58,0.0029,0
slovenia,g13_00035_14.tif,6444163,21,0.03609,3.61,0.0002,0
slovenia,g13_00035_14.tif,6452262,168,0.28876,28.88,0.0025,0
slovenia,g13_00035_14.tif,6452265,1253,2.15365,215.37,0.0187,0
slovenia,g13_00035_14.tif,6452464,134,0.23032,23.03,0.0014,0
slovenia,g13_00035_14.tif,6478750,120,0.20626,20.63,0.0016,0
slovenia,g13_00035_14.tif,6480113,542,0.93159,93.16,0.0071,0
slovenia,g13_00035_14.tif,6494416,522,0.89721,89.72,0.0073,0
slovenia,g13_00035_14.tif,6571280,240,0.41251,41.25,0.0028,0
slovenia,g13_00035_14.tif,6571373,296,0.50876,50.88,0.0037,0
slovenia,g13_00035_14.tif,6576174,237,0.40735,40.74,0.0014,0
slovenia,g13_00035_14.tif,6576185,349,0.59986,59.99,0.0048,0
slovenia,g13_00035_14.tif,6577728,199,0.34204,34.2,0.2466,0
slovenia,g13_00035_14.tif,6578503,81,0.13922,13.92,0.1143,0
slovenia,g13_00035_14.tif,6599676,2064,3.54759,354.76,0.0311,0
slovenia,g13_00035_14.tif,6599680,165,0.2836,28.36,0.0,0
slovenia,g13_00035_14.tif,6599684,21,0.03609,3.61,0.0002,0
slovenia,g13_00035_14.tif,6599685,446,0.76658,76.66,0.0055,0
slovenia,g13_00035_14.tif,6635335,346,0.5947,59.47,0.0045,0
slovenia,g13_00035_14.tif,6642356,368,0.63252,63.25,0.0048,0
slovenia,g13_00035_14.tif,6643871,376,0.64627,64.63,0.0049,0
slovenia,g13_00035_14.tif,6666405,97,0.16672,16.67,0.0012,0
slovenia,g13_00035_14.tif,6691878,570,0.97971,97.97,0.0082,0
slovenia,g13_00035_14.tif,6701223,46,0.07906,7.91,0.0004,0
slovenia,g13_00035_14.tif,6721626,91,0.15641,15.64,0.0012,0
slovenia,g13_00035_14.tif,6721627,47,0.08078,8.08,0.0006,0
slovenia,g13_00035_14.tif,6721628,494,0.84909,84.91,0.0074,0
slovenia,g13_00035_14.tif,6782504,624,1.07253,107.25,0.0084,0
slovenia,g13_00035_14.tif,6795320,1252,2.15193,215.19,0.0186,0
slovenia,g13_00035_14.tif,6862298,16540,28.42888,2842.89,0.2601,0
slovenia,g13_00035_14.tif,6862303,30974,53.23798,5323.8,0.483,0
slovenia,g13_00035_14.tif,6869740,160,0.27501,27.5,0.1882,0
slovenia,g13_00035_14.tif,6917529,754,1.29597,129.6,0.0112,0
slovenia,g13_00035_14.tif,6917531,1296,2.22756,222.76,0.0185,0
slovenia,g13_00035_14.tif,6917543,291,0.50017,50.02,0.0039,0
slovenia,g13_00035_14.tif,6941140,101,0.1736,17.36,0.0013,0
slovenia,g13_00035_14.tif,6966236,447,0.7683,76.83,0.0064,0
slovenia,g13_00035_15.tif,6109559,216,0.37126,37.13,0.3488,0
slovenia,g13_00035_15.tif,6109562,145,0.24923,24.92,0.0911,0
slovenia,g13_00035_15.tif,6118057,333,0.57236,57.24,0.0871,0
slovenia,g13_00035_15.tif,6118058,148,0.25438,25.44,0.7556,1
slovenia,g13_00035_15.tif,6118059,168,0.28876,28.88,0.0922,0
slovenia,g13_00035_15.tif,6118088,422,0.72533,72.53,0.3438,0
slovenia,g13_00035_15.tif,6118105,22,0.03781,3.78,0.0507,0
slovenia,g13_00035_15.tif,6161882,404,0.69439,69.44,0.2953,0
slovenia,g13_00035_15.tif,6164251,22,0.03781,3.78,0.2308,0
slovenia,g13_00035_15.tif,6164355,12,0.02063,2.06,0.0,0
slovenia,g13_00035_15.tif,6164356,183,0.31454,31.45,0.0,0
slovenia,g13_00035_15.tif,6174296,476,0.81815,81.81,0.1052,0
slovenia,g13_00035_15.tif,6189591,280,0.48126,48.13,0.0536,0
slovenia,g13_00035_15.tif,6214820,392,0.67377,67.38,0.2506,0
slovenia,g13_00035_15.tif,6214821,227,0.39017,39.02,0.6813,1
slovenia,g13_00035_15.tif,6214822,137,0.23548,23.55,0.191,0
slovenia,g13_00035_15.tif,6214881,264,0.45376,45.38,0.8069,1
slovenia,g13_00035_15.tif,6215137,493,0.84737,84.74,0.2927,0
slovenia,g13_00035_15.tif,6249275,607,1.04331,104.33,0.3893,0
slovenia,g13_00035_15.tif,6249470,408,0.70127,70.13,0.2162,0
slovenia,g13_00035_15.tif,6249597,431,0.7408,74.08,0.2415,0
slovenia,g13_00035_15.tif,6280213,630,1.08284,108.28,0.1157,0
slovenia,g13_00035_15.tif,6280245,37,0.0636,6.36,0.0049,0
slovenia,g13_00035_15.tif,6289858,191,0.32829,32.83,0.0,0
slovenia,g13_00035_15.tif,6289866,124,0.21313,21.31,0.0517,0
slovenia,g13_00035_15.tif,6306058,172,0.29563,29.56,0.0996,0
slovenia,g13_00035_15.tif,6306063,192,0.33001,33.0,0.1075,0
slovenia,g13_00035_15.tif,6306356,89,0.15297,15.3,0.0363,0
slovenia,g13_00035_15.tif,6306519,30,0.05156,5.16,0.0117,0
slovenia,g13_00035_15.tif,6338476,642,1.10347,110.35,0.3278,0
slovenia,g13_00035_15.tif,6338478,198,0.34032,34.03,0.0,0
slovenia,g13_00035_15.tif,6338480,208,0.35751,35.75,0.0,0
slovenia,g13_00035_15.tif,6338481,78,0.13407,13.41,0.0,0
slovenia,g13_00035_15.tif,6338521,6,0.01031,1.03,0.0023,0
slovenia,g13_00035_15.tif,6370955,15,0.02578,2.58,0.0,0
slovenia,g13_00035_15.tif,6370956,65,0.11172,11.17,0.0049,0
slovenia,g13_00035_15.tif,6370959,1005,1.72739,172.74,0.0689,0
slovenia,g13_00035_15.tif,6375558,1174,2.01787,201.79,0.0,0
slovenia,g13_00035_15.tif,6375569,340,0.58439,58.44,0.0519,0
slovenia,g13_00035_15.tif,6400448,350,0.60158,60.16,0.1971,0
slovenia,g13_00035_15.tif,6452262,2110,3.62666,362.67,0.0298,0
slovenia,g13_00035_15.tif,6452265,7,0.01203,1.2,0.0169,0
slovenia,g13_00035_15.tif,6452464,33,0.05672,5.67,0.1271,0
slovenia,g13_00035_15.tif,6469770,589,1.01237,101.24,0.2094,0
slovenia,g13_00035_15.tif,6510318,255,0.43829,43.83,0.055,0
slovenia,g13_00035_15.tif,6510319,170,0.2922,29.22,0.0886,0
slovenia,g13_00035_15.tif,6557532,575,0.98831,98.83,0.1998,0
slovenia,g13_00035_15.tif,6557542,210,0.36095,36.09,0.0,0
slovenia,g13_00035_15.tif,6557544,138,0.23719,23.72,0.0,0
slovenia,g13_00035_15.tif,6557546,15,0.02578,2.58,0.0,0
slovenia,g13_00035_15.tif,6571285,76,0.13063,13.06,0.5545,1
slovenia,g13_00035_15.tif,6576185,108,0.18563,18.56,0.0638,0
slovenia,g13_00035_15.tif,6576191,336,0.57752,57.75,0.8778,1
slovenia,g13_00035_15.tif,6576193,311,0.53455,53.45,0.3432,0
slovenia,g13_00035_15.tif,6576197,234,0.4022,40.22,0.1,0
slovenia,g13_00035_15.tif,6576205,150,0.25782,25.78,0.0236,0
slovenia,g13_00035_15.tif,6577728,788,1.35441,135.44,0.1866,0
slovenia,g13_00035_15.tif,6578503,888,1.52629,152.63,0.2416,0
slovenia,g13_00035_15.tif,6580327,28,0.04813,4.81,0.0,0
slovenia,g13_00035_15.tif,6593183,337,0.57923,57.92,0.504,1
slovenia,g13_00035_15.tif,6593184,280,0.48126,48.13,0.0519,0
slovenia,g13_00035_15.tif,6593209,84,0.14438,14.44,0.0,0
slovenia,g13_00035_15.tif,6593210,74,0.12719,12.72,0.0,0
slovenia,g13_00035_15.tif,6593222,59,0.10141,10.14,0.0,0
slovenia,g13_00035_15.tif,6594430,212,0.36438,36.44,0.7675,1
slovenia,g13_00035_15.tif,6599680,487,0.83705,83.71,0.3075,0
slovenia,g13_00035_15.tif,6599681,531,0.91268,91.27,0.0207,0
slovenia,g13_00035_15.tif,6599682,43,0.07391,7.39,0.3333,0
slovenia,g13_00035_15.tif,6599684,420,0.72189,72.19,0.2752,0
slovenia,g13_00035_15.tif,6599687,93,0.15985,15.98,0.0,0
slovenia,g13_00035_15.tif,6599689,49,0.08422,8.42,0.0117,0
slovenia,g13_00035_15.tif,6629340,239,0.41079,41.08,0.3575,0
slovenia,g13_00035_15.tif,6629342,235,0.40392,40.39,0.1371,0
slovenia,g13_00035_15.tif,6712633,1578,2.71226,271.23,0.8391,1
slovenia,g13_00035_15.tif,6720025,828,1.42316,142.32,0.0,0
slovenia,g13_00035_15.tif,6720036,1068,1.83567,183.57,0.1058,0
slovenia,g13_00035_15.tif,6721626,336,0.57752,57.75,0.0407,0
slovenia,g13_00035_15.tif,6721627,311,0.53455,53.45,0.137,0
slovenia,g13_00035_15.tif,6721628,698,1.19972,119.97,0.0327,0
slovenia,g13_00035_15.tif,6731653,793,1.36301,136.3,0.0,0
slovenia,g13_00035_15.tif,6731672,143,0.24579,24.58,0.009,0
slovenia,g13_00035_15.tif,6731673,88,0.15125,15.13,0.0,0
slovenia,g13_00035_15.tif,6780721,1337,2.29803,229.8,0.0,0
slovenia,g13_00035_15.tif,6780723,613,1.05362,105.36,0.0457,0
slovenia,g13_00035_15.tif,6780727,313,0.53798,53.8,0.0681,0
slovenia,g13_00035_15.tif,6780729,183,0.31454,31.45,0.0,0
slovenia,g13_00035_15.tif,6781603,247,0.42454,42.45,0.3002,0
slovenia,g13_00035_15.tif,6781623,79,0.13578,13.58,0.0174,0
slovenia,g13_00035_15.tif,6782501,968,1.66379,166.38,0.5064,1
slovenia,g13_00035_15.tif,6782503,1149,1.9749,197.49,0.2106,0
slovenia,g13_00035_15.tif,6782504,65,0.11172,11.17,0.0247,0
slovenia,g13_00035_15.tif,6782505,660,1.13441,113.44,0.4621,0
slovenia,g13_00035_15.tif,6782506,123,0.21141,21.14,0.1558,0
slovenia,g13_00035_15.tif,6782508,512,0.88002,88.0,0.5179,1
slovenia,g13_00035_15.tif,6782509,287,0.49329,49.33,0.4533,0
slovenia,g13_00035_15.tif,6782515,273,0.46923,46.92,0.3349,0
slovenia,g13_00035_15.tif,6782516,314,0.5397,53.97,0.0872,0
slovenia,g13_00035_15.tif,6782777,19,0.03266,3.27,0.0054,0
slovenia,g13_00035_15.tif,6862298,258,0.44345,44.34,0.1274,0
slovenia,g13_00035_15.tif,6862303,1653,2.84117,284.12,0.8289,1
slovenia,g13_00035_15.tif,6869740,467,0.80268,80.27,0.108,0
slovenia,g13_00035_15.tif,6911140,100,0.17188,17.19,0.0,0
slovenia,g13_00036_15.tif,6103317,143,0.24579,24.58,0.0191,0
slovenia,g13_00036_15.tif,6141149,326,0.56033,56.03,0.0,0
slovenia,g13_00036_15.tif,6141152,299,0.51392,51.39,0.2845,0
slovenia,g13_00036_15.tif,6141163,187,0.32141,32.14,0.0837,0
slovenia,g13_00036_15.tif,6141164,16,0.0275,2.75,0.0,0
slovenia,g13_00036_15.tif,6141169,130,0.22344,22.34,0.0769,0
slovenia,g13_00036_15.tif,6300406,12,0.02063,2.06,0.0,0
slovenia,g13_00036_15.tif,6300460,12,0.02063,2.06,0.0,0
slovenia,g13_00036_15.tif,6300514,12,0.02063,2.06,0.0,0
slovenia,g13_00036_15.tif,6340059,63,0.10828,10.83,0.0874,0
slovenia,g13_00036_15.tif,6340065,133,0.2286,22.86,0.0209,0
slovenia,g13_00036_15.tif,6340070,76,0.13063,13.06,0.0392,0
slovenia,g13_00036_15.tif,6340634,4,0.00688,0.69,0.002,0
slovenia,g13_00036_15.tif,6511506,16,0.0275,2.75,0.0183,0
slovenia,g13_00036_15.tif,6511816,865,1.48676,148.68,0.2554,0
slovenia,g13_00036_15.tif,6511821,71,0.12203,12.2,0.0446,0
slovenia,g13_00036_15.tif,6511822,78,0.13407,13.41,0.2857,0
slovenia,g13_00036_15.tif,6514046,264,0.45376,45.38,0.2435,0
slovenia,g13_00036_15.tif,6514048,129,0.22172,22.17,0.181,0
slovenia,g13_00036_15.tif,6514051,157,0.26985,26.99,0.8596,1
slovenia,g13_00036_15.tif,6514067,196,0.33688,33.69,0.3287,0
slovenia,g13_00036_15.tif,6514068,20,0.03438,3.44,0.0,0
slovenia,g13_00036_15.tif,6514074,95,0.16329,16.33,0.5085,1
slovenia,g13_00036_15.tif,6514075,30,0.05156,5.16,0.1368,0
slovenia,g13_00036_15.tif,6578781,746,1.28222,128.22,0.1357,0
slovenia,g13_00036_15.tif,6578800,44,0.07563,7.56,0.0,0
slovenia,g13_00036_15.tif,6578807,137,0.23548,23.55,0.0,0
slovenia,g13_00036_15.tif,6578826,219,0.37642,37.64,0.9337,1
slovenia,g13_00036_15.tif,6591078,120,0.20626,20.63,0.1105,0
slovenia,g13_00036_15.tif,6623439,192,0.33001,33.0,0.1161,0
slovenia,g13_00036_15.tif,6623442,146,0.25094,25.09,0.1304,0
slovenia,g13_00036_15.tif,6627282,386,0.66346,66.35,0.0547,0
slovenia,g13_00036_15.tif,6630983,169,0.29048,29.05,0.0878,0
slovenia,g13_00036_15.tif,6679878,588,1.01065,101.07,0.5943,1
slovenia,g13_00036_15.tif,6679881,28,0.04813,4.81,0.0,0
slovenia,g13_00036_15.tif,6679889,132,0.22688,22.69,0.0571,0
slovenia,g13_00036_15.tif,6679893,51,0.08766,8.77,0.0066,0
slovenia,g13_00036_15.tif,6680249,265,0.45548,45.55,0.6215,1
slovenia,g13_00036_15.tif,6680250,142,0.24407,24.41,0.1517,0
slovenia,g13_00036_15.tif,6680251,15,0.02578,2.58,0.0132,0
slovenia,g13_00036_15.tif,6684214,28,0.04813,4.81,0.0304,0
slovenia,g13_00036_15.tif,6684217,18,0.03094,3.09,0.006,0
slovenia,g13_00036_15.tif,6687558,87,0.14954,14.95,0.0262,0
slovenia,g13_00036_15.tif,6721957,66,0.11344,11.34,0.0,0
slovenia,g13_00036_15.tif,6736079,3531,6.06907,606.91,0.5946,1
slovenia,g13_00036_15.tif,6736080,190,0.32657,32.66,0.0303,0
slovenia,g13_00036_15.tif,6741903,176,0.30251,30.25,0.0934,0
slovenia,g13_00036_15.tif,6771234,762,1.30972,130.97,0.8999,1
slovenia,g13_00036_15.tif,6771240,401,0.68924,68.92,0.0583,0
slovenia,g13_00036_15.tif,6776724,265,0.45548,45.55,0.0,0
slovenia,g13_00036_15.tif,6776732,175,0.30079,30.08,0.0,0
slovenia,g13_00036_15.tif,6791113,665,1.143,114.3,0.597,1
slovenia,g13_00036_15.tif,6791115,1395,2.39772,239.77,0.4103,0
slovenia,g13_00036_15.tif,6791168,326,0.56033,56.03,0.5451,1
slovenia,g13_00036_15.tif,6791178,6,0.01031,1.03,0.0003,0
slovenia,g13_00036_15.tif,6791196,107,0.18391,18.39,0.0823,0
slovenia,g13_00036_15.tif,6791217,234,0.4022,40.22,0.2151,0
slovenia,g13_00036_15.tif,6791218,207,0.35579,35.58,0.0277,0
slovenia,g13_00036_15.tif,6791219,176,0.30251,30.25,0.078,0
slovenia,g13_00036_15.tif,6791221,140,0.24063,24.06,0.0211,0
slovenia,g13_00036_15.tif,6791222,96,0.165,16.5,0.0525,0
slovenia,g13_00036_15.tif,6791224,62,0.10657,10.66,0.0306,0
slovenia,g13_00036_15.tif,6800881,25,0.04297,4.3,0.0285,0
slovenia,g13_00036_15.tif,6801169,251,0.43142,43.14,0.8211,1
slovenia,g13_00036_15.tif,6801719,69,0.1186,11.86,0.1118,0
slovenia,g13_00036_15.tif,6815207,1042,1.79099,179.1,0.6535,1
slovenia,g13_00036_15.tif,6815209,556,0.95565,95.57,0.1077,0
slovenia,g13_00036_15.tif,6815217,612,1.0519,105.19,0.1213,0
slovenia,g13_00036_15.tif,6815218,84,0.14438,14.44,0.1278,0
slovenia,g13_00036_15.tif,6815236,370,0.63595,63.6,0.2486,0
slovenia,g13_00036_15.tif,6815250,353,0.60673,60.67,0.0012,0
slovenia,g13_00036_15.tif,6815284,178,0.30595,30.59,0.1753,0
slovenia,g13_00036_15.tif,6815287,175,0.30079,30.08,0.0293,0
slovenia,g13_00036_15.tif,6815288,229,0.3936,39.36,0.3722,0
slovenia,g13_00036_15.tif,6815290,120,0.20626,20.63,0.0962,0
slovenia,g13_00036_15.tif,6815291,99,0.17016,17.02,0.1283,0
slovenia,g13_00036_15.tif,6815293,104,0.17875,17.88,0.0769,0
slovenia,g13_00036_15.tif,6815294,105,0.18047,18.05,0.0437,0
slovenia,g13_00036_15.tif,6815295,89,0.15297,15.3,0.0424,0
slovenia,g13_00036_15.tif,6828871,424,0.72877,72.88,0.1221,0
slovenia,g13_00036_15.tif,6828888,186,0.3197,31.97,0.0,0
slovenia,g13_00036_15.tif,6828890,173,0.29735,29.74,0.0,0
slovenia,g13_00036_15.tif,6828895,95,0.16329,16.33,0.0,0
slovenia,g13_00036_15.tif,6845046,7,0.01203,1.2,0.0,0
slovenia,g13_00036_15.tif,6847445,43,0.07391,7.39,0.0,0
slovenia,g13_00036_15.tif,6847446,30,0.05156,5.16,0.0,0
slovenia,g13_00036_15.tif,6862060,1411,2.42522,242.52,0.1089,0
slovenia,g13_00036_15.tif,6867133,113,0.19422,19.42,0.1704,0
slovenia,g13_00036_15.tif,6867134,89,0.15297,15.3,0.098,0
slovenia,g13_00036_15.tif,6897923,149,0.2561,25.61,0.0344,0
slovenia,g13_00036_15.tif,6913066,428,0.73564,73.56,0.0678,0
slovenia,g13_00036_15.tif,6993526,46,0.07906,7.91,0.0099,0
slovenia,g13_00036_15.tif,6993531,941,1.61739,161.74,0.157,0
slovenia,g13_00036_15.tif,6997446,947,1.6277,162.77,0.1005,0
slovenia,g13_00036_15.tif,6998907,1041,1.78927,178.93,0.2048,0
slovenia,g13_00036_15.tif,7011921,6,0.01031,1.03,0.0007,0
slovenia,g13_00036_15.tif,7012738,205,0.35235,35.24,0.8324,1
slovenia,g13_00036_15.tif,7014213,37,0.0636,6.36,0.0427,0
slovenia,g13_00036_15.tif,7015008,392,0.67377,67.38,0.7797,1
slovenia,g13_00036_17.tif,6165058,283,0.48642,48.64,0.0,0
slovenia,g13_00036_17.tif,6165063,72,0.12375,12.38,0.0,0
slovenia,g13_00036_17.tif,6190330,9,0.01547,1.55,0.0,0
slovenia,g13_00036_17.tif,6321727,212,0.36438,36.44,0.0,0
slovenia,g13_00036_17.tif,6321732,109,0.18735,18.73,0.0,0
slovenia,g13_00036_17.tif,6321786,54,0.09281,9.28,0.8,1
slovenia,g13_00036_17.tif,6359062,59,0.10141,10.14,0.0,0
slovenia,g13_00036_17.tif,6359063,103,0.17704,17.7,0.0,0
slovenia,g13_00036_17.tif,6359064,87,0.14954,14.95,0.0,0
slovenia,g13_00036_17.tif,6367974,22,0.03781,3.78,0.0,0
slovenia,g13_00036_17.tif,6467749,101,0.1736,17.36,0.0,0
slovenia,g13_00036_17.tif,6467750,16,0.0275,2.75,0.0,0
slovenia,g13_00036_17.tif,6467752,40,0.06875,6.88,0.0,0
slovenia,g13_00036_17.tif,6527202,20,0.03438,3.44,0.0,0
slovenia,g13_00036_17.tif,6857915,266,0.4572,45.72,0.0,0
slovenia,g13_00036_18.tif,6093526,18,0.03094,3.09,0.0,0
slovenia,g13_00036_18.tif,6093533,9,0.01547,1.55,0.0,0
slovenia,g13_00036_18.tif,6153797,24,0.04125,4.13,0.0,0
slovenia,g13_00036_18.tif,6153898,8,0.01375,1.38,0.0,0
slovenia,g13_00036_18.tif,6158945,15,0.02578,2.58,0.0,0
slovenia,g13_00036_18.tif,6165065,224,0.38501,38.5,0.0,0
slovenia,g13_00036_18.tif,6174464,17,0.02922,2.92,0.0,0
slovenia,g13_00036_18.tif,6226842,268,0.46064,46.06,0.0,0
slovenia,g13_00036_18.tif,6226846,18,0.03094,3.09,0.0,0
slovenia,g13_00036_18.tif,6316769,31,0.05328,5.33,0.0,0
slovenia,g13_00036_18.tif,6914472,18,0.03094,3.09,0.0,0
slovenia,g13_00036_18.tif,6914473,16,0.0275,2.75,0.0,0
slovenia,g13_00036_18.tif,7019123,22,0.03781,3.78,0.0,0
slovenia,g13_00037_0.tif,6199428,13,0.02234,2.23,0.0,0
slovenia,g13_00037_0.tif,6484667,408,0.70127,70.13,0.0,0
slovenia,g13_00037_0.tif,6484669,5,0.00859,0.86,0.0,0
slovenia,g13_00037_0.tif,6485549,14,0.02406,2.41,0.0,0
slovenia,g13_00037_0.tif,6485550,195,0.33517,33.52,0.0,0
slovenia,g13_00037_0.tif,6485556,79,0.13578,13.58,0.0,0
slovenia,g13_00037_10.tif,6170802,11,0.01891,1.89,0.0,0
slovenia,g13_00037_10.tif,6186574,36,0.06188,6.19,0.0,0
slovenia,g13_00037_10.tif,6201802,119,0.20454,20.45,0.0,0
slovenia,g13_00037_10.tif,6201996,240,0.41251,41.25,0.0,0
slovenia,g13_00037_10.tif,6202041,57,0.09797,9.8,0.0,0
slovenia,g13_00037_10.tif,6202063,295,0.50704,50.7,0.0,0
slovenia,g13_00037_10.tif,6203910,61,0.10485,10.48,0.0,0
slovenia,g13_00037_10.tif,6289692,65,0.11172,11.17,0.0,0
slovenia,g13_00037_10.tif,6289694,63,0.10828,10.83,0.0,0
slovenia,g13_00037_10.tif,6289708,72,0.12375,12.38,0.0,0
slovenia,g13_00037_10.tif,6289942,65,0.11172,11.17,0.073,0
slovenia,g13_00037_10.tif,6290018,16,0.0275,2.75,0.025,0
slovenia,g13_00037_10.tif,6290081,56,0.09625,9.63,0.0794,0
slovenia,g13_00037_10.tif,6395888,246,0.42282,42.28,0.9026,1
slovenia,g13_00037_10.tif,6395898,149,0.2561,25.61,0.8384,1
slovenia,g13_00037_10.tif,6407305,17,0.02922,2.92,0.0,0
slovenia,g13_00037_10.tif,6428185,47,0.08078,8.08,0.0,0
slovenia,g13_00037_10.tif,6428191,21,0.03609,3.61,0.0,0
slovenia,g13_00037_10.tif,6600772,106,0.18219,18.22,0.0,0
slovenia,g13_00037_10.tif,6622529,432,0.74252,74.25,0.0,0
slovenia,g13_00037_10.tif,6622530,92,0.15813,15.81,0.0,0
slovenia,g13_00037_10.tif,6622537,89,0.15297,15.3,0.0,0
slovenia,g13_00037_10.tif,6624148,600,1.03128,103.13,0.864,1
slovenia,g13_00037_10.tif,6624149,7,0.01203,1.2,0.0,0
slovenia,g13_00037_10.tif,6624154,125,0.21485,21.48,0.0,0
slovenia,g13_00037_10.tif,6624158,76,0.13063,13.06,0.0,0
slovenia,g13_00037_10.tif,6624350,17,0.02922,2.92,0.0069,0
slovenia,g13_00037_10.tif,6624424,13,0.02234,2.23,0.0,0
slovenia,g13_00037_10.tif,6667031,64,0.11,11.0,0.0,0
slovenia,g13_00037_10.tif,6667051,94,0.16157,16.16,0.0,0
slovenia,g13_00037_10.tif,6790150,52,0.08938,8.94,0.0,0
slovenia,g13_00037_10.tif,6790152,9,0.01547,1.55,0.0,0
slovenia,g13_00037_10.tif,6790155,14,0.02406,2.41,0.0,0
slovenia,g13_00037_10.tif,6790241,36,0.06188,6.19,0.0,0
slovenia,g13_00037_11.tif,6111429,28,0.04813,4.81,0.0,0
slovenia,g13_00037_11.tif,6395880,215,0.36954,36.95,0.0,0
slovenia,g13_00037_11.tif,6395884,66,0.11344,11.34,0.4231,0
slovenia,g13_00037_11.tif,6395890,200,0.34376,34.38,0.8204,1
slovenia,g13_00037_11.tif,6428178,34,0.05844,5.84,0.0,0
slovenia,g13_00037_11.tif,6567219,12,0.02063,2.06,0.0,0
slovenia,g13_00037_11.tif,6573402,17,0.02922,2.92,0.0,0
slovenia,g13_00037_11.tif,6588855,77,0.13235,13.23,0.0,0
slovenia,g13_00037_11.tif,6620675,13,0.02234,2.23,0.0,0
slovenia,g13_00037_11.tif,6622531,295,0.50704,50.7,0.0,0
slovenia,g13_00037_11.tif,6667029,441,0.75799,75.8,0.0,0
slovenia,g13_00037_11.tif,6667038,341,0.58611,58.61,0.0,0
slovenia,g13_00037_11.tif,6978793,155,0.26641,26.64,0.0,0
slovenia,g13_00037_11.tif,6978801,122,0.20969,20.97,0.0,0
slovenia,g13_00037_11.tif,6978804,25,0.04297,4.3,0.0,0
slovenia,g13_00037_11.tif,6978822,78,0.13407,13.41,0.0,0
slovenia,g13_00037_11.tif,6978823,160,0.27501,27.5,0.0,0
slovenia,g13_00037_11.tif,6978847,88,0.15125,15.13,0.0,0
slovenia,g13_00037_11.tif,6978892,42,0.07219,7.22,0.0,0
slovenia,g13_00037_11.tif,7019364,403,0.69267,69.27,0.0,0
slovenia,g13_00037_11.tif,7019365,365,0.62736,62.74,0.0,0
slovenia,g13_00037_11.tif,7019368,349,0.59986,59.99,0.0,0
slovenia,g13_00037_11.tif,7019372,616,1.05878,105.88,0.0,0
slovenia,g13_00037_11.tif,7019382,82,0.14094,14.09,0.0,0
slovenia,g13_00037_11.tif,7020765,129,0.22172,22.17,0.0,0
slovenia,g13_00037_11.tif,7055828,111,0.19079,19.08,0.0,0
slovenia,g13_00037_12.tif,6567219,54,0.09281,9.28,0.0,0
slovenia,g13_00037_12.tif,6665747,116,0.19938,19.94,0.0,0
slovenia,g13_00037_12.tif,6811437,464,0.79752,79.75,0.0,0
slovenia,g13_00037_12.tif,6811440,96,0.165,16.5,0.0,0
slovenia,g13_00037_12.tif,6811441,97,0.16672,16.67,0.0,0
slovenia,g13_00037_12.tif,6811445,35,0.06016,6.02,0.0,0
slovenia,g13_00037_12.tif,6811450,24,0.04125,4.13,0.0,0
slovenia,g13_00037_12.tif,6817921,79,0.13578,13.58,0.0,0
slovenia,g13_00037_12.tif,6817922,308,0.52939,52.94,0.0,0
slovenia,g13_00037_12.tif,6817995,19,0.03266,3.27,0.0,0
slovenia,g13_00037_12.tif,6997874,192,0.33001,33.0,0.0,0
slovenia,g13_00037_12.tif,6997875,67,0.11516,11.52,0.0,0
slovenia,g13_00037_12.tif,6997876,4,0.00688,0.69,0.0,0
slovenia,g13_00037_12.tif,6997877,170,0.2922,29.22,0.0,0
slovenia,g13_00037_12.tif,7055828,13,0.02234,2.23,0.0,0
slovenia,g13_00038_6.tif,6109564,189,0.32485,32.49,0.0094,0
slovenia,g13_00038_6.tif,6130933,516,0.8869,88.69,0.0284,0
slovenia,g13_00038_6.tif,6140151,429,0.73736,73.74,0.0778,0
slovenia,g13_00038_6.tif,6140154,87,0.14954,14.95,0.0057,0
slovenia,g13_00038_6.tif,6145059,258,0.44345,44.34,0.0181,0
slovenia,g13_00038_6.tif,6159400,220,0.37814,37.81,0.0696,0
slovenia,g13_00038_6.tif,6184914,698,1.19972,119.97,0.0554,0
slovenia,g13_00038_6.tif,6184915,552,0.94878,94.88,0.0292,0
slovenia,g13_00038_6.tif,6194333,402,0.69096,69.1,0.0158,0
slovenia,g13_00038_6.tif,6228023,170,0.2922,29.22,0.0081,0
slovenia,g13_00038_6.tif,6228220,136,0.23376,23.38,0.0056,0
slovenia,g13_00038_6.tif,6237624,985,1.69301,169.3,0.0815,0
slovenia,g13_00038_6.tif,6237627,105,0.18047,18.05,0.3168,0
slovenia,g13_00038_6.tif,6269431,460,0.79065,79.06,0.1127,0
slovenia,g13_00038_6.tif,6269471,10,0.01719,1.72,0.0,0
slovenia,g13_00038_6.tif,6269554,380,0.65314,65.31,0.0,0
slovenia,g13_00038_6.tif,6361609,13,0.02234,2.23,0.0,0
slovenia,g13_00038_6.tif,6361612,445,0.76486,76.49,0.107,0
slovenia,g13_00038_6.tif,6379456,631,1.08456,108.46,0.1887,0
slovenia,g13_00038_6.tif,6379458,407,0.69955,69.95,0.1161,0
slovenia,g13_00038_6.tif,6379541,54,0.09281,9.28,0.0023,0
slovenia,g13_00038_6.tif,6379909,28,0.04813,4.81,0.0015,0
slovenia,g13_00038_6.tif,6381066,260,0.44689,44.69,0.0357,0
slovenia,g13_00038_6.tif,6381938,587,1.00893,100.89,0.049,0
slovenia,g13_00038_6.tif,6403146,199,0.34204,34.2,0.0543,0
slovenia,g13_00038_6.tif,6403280,143,0.24579,24.58,0.0365,0
slovenia,g13_00038_6.tif,6423333,287,0.49329,49.33,0.0156,0
slovenia,g13_00038_6.tif,6431627,319,0.5483,54.83,0.1007,0
slovenia,g13_00038_6.tif,6444162,534,0.91784,91.78,0.0432,0
slovenia,g13_00038_6.tif,6444163,3,0.00516,0.52,0.0002,0
slovenia,g13_00038_6.tif,6444164,108,0.18563,18.56,0.0,0
slovenia,g13_00038_6.tif,6480177,1485,2.55241,255.24,0.1534,0
slovenia,g13_00038_6.tif,6480179,1152,1.98005,198.01,0.0668,0
slovenia,g13_00038_6.tif,6480180,1396,2.39944,239.94,0.0733,0
slovenia,g13_00038_6.tif,6494413,128,0.22001,22.0,0.0202,0
slovenia,g13_00038_6.tif,6494415,694,1.19284,119.28,0.1234,0
slovenia,g13_00038_6.tif,6494535,151,0.25954,25.95,0.0469,0
slovenia,g13_00038_6.tif,6494536,344,0.59127,59.13,0.0948,0
slovenia,g13_00038_6.tif,6541375,2041,3.50806,350.81,0.2029,0
slovenia,g13_00038_6.tif,6576186,412,0.70814,70.81,0.0315,0
slovenia,g13_00038_6.tif,6600268,154,0.26469,26.47,0.0081,0
slovenia,g13_00038_6.tif,6607477,196,0.33688,33.69,0.0107,0
slovenia,g13_00038_6.tif,6607480,92,0.15813,15.81,0.0044,0
slovenia,g13_00038_6.tif,6607600,60,0.10313,10.31,0.0028,0
slovenia,g13_00038_6.tif,6611064,146,0.25094,25.09,0.006,0
slovenia,g13_00038_6.tif,6611065,343,0.58955,58.95,0.0167,0
slovenia,g13_00038_6.tif,6611066,258,0.44345,44.34,0.0132,0
slovenia,g13_00038_6.tif,6611068,45,0.07735,7.73,0.0022,0
slovenia,g13_00038_6.tif,6611080,254,0.43657,43.66,0.0566,0
slovenia,g13_00038_6.tif,6611084,215,0.36954,36.95,0.0105,0
slovenia,g13_00038_6.tif,6618718,604,1.03815,103.82,0.034,0
slovenia,g13_00038_6.tif,6635358,212,0.36438,36.44,0.0118,0
slovenia,g13_00038_6.tif,6638051,215,0.36954,36.95,0.0361,0
slovenia,g13_00038_6.tif,6649088,1486,2.55413,255.41,0.0849,0
slovenia,g13_00038_6.tif,6649089,1043,1.7927,179.27,0.4562,0
slovenia,g13_00038_6.tif,6649121,792,1.36129,136.13,0.0692,0
slovenia,g13_00038_6.tif,6654300,277,0.47611,47.61,0.0772,0
slovenia,g13_00038_6.tif,6657262,1308,2.24818,224.82,0.1118,0
slovenia,g13_00038_6.tif,6657265,595,1.02268,102.27,0.1771,0
slovenia,g13_00038_6.tif,6657282,10,0.01719,1.72,0.0217,0
slovenia,g13_00038_6.tif,6666388,437,0.75111,75.11,0.0261,0
slovenia,g13_00038_6.tif,6666396,797,1.36988,136.99,0.0684,0
slovenia,g13_00038_6.tif,6666398,643,1.10519,110.52,0.2543,0
slovenia,g13_00038_6.tif,6666407,99,0.17016,17.02,0.25,0
slovenia,g13_00038_6.tif,6666413,146,0.25094,25.09,0.0129,0
slovenia,g13_00038_6.tif,6667534,12,0.02063,2.06,0.0003,0
slovenia,g13_00038_6.tif,6673254,225,0.38673,38.67,0.0111,0
slovenia,g13_00038_6.tif,6691868,1627,2.79648,279.65,0.1676,0
slovenia,g13_00038_6.tif,6691876,883,1.5177,151.77,0.1638,0
slovenia,g13_00038_6.tif,6701095,4,0.00688,0.69,0.0004,0
slovenia,g13_00038_6.tif,6724494,176,0.30251,30.25,0.7354,1
slovenia,g13_00038_6.tif,6724495,293,0.50361,50.36,0.2279,0
slovenia,g13_00038_6.tif,6724892,7,0.01203,1.2,0.0109,0
slovenia,g13_00038_6.tif,6741086,837,1.43863,143.86,0.0015,0
slovenia,g13_00038_6.tif,6741099,40,0.06875,6.88,0.1151,0
slovenia,g13_00038_6.tif,6768406,854,1.46785,146.79,0.2638,0
slovenia,g13_00038_6.tif,6795328,395,0.67892,67.89,0.0992,0
slovenia,g13_00038_6.tif,6795331,32,0.055,5.5,0.0091,0
slovenia,g13_00038_6.tif,6813630,181,0.3111,31.11,0.131,0
slovenia,g13_00038_6.tif,6819386,688,1.18253,118.25,0.1481,0
slovenia,g13_00038_6.tif,6819390,643,1.10519,110.52,0.4228,0
slovenia,g13_00038_6.tif,6819396,477,0.81987,81.99,0.0389,0
slovenia,g13_00038_6.tif,6819397,1018,1.74973,174.97,0.0836,0
slovenia,g13_00038_6.tif,6842407,625,1.07425,107.42,0.0523,0
slovenia,g13_00038_6.tif,6842409,648,1.11378,111.38,0.0347,0
slovenia,g13_00038_6.tif,6842411,733,1.25988,125.99,0.622,1
slovenia,g13_00038_6.tif,6842600,734,1.2616,126.16,0.0626,0
slovenia,g13_00038_6.tif,6890209,339,0.58267,58.27,0.0177,0
slovenia,g13_00038_6.tif,6892006,2569,4.41559,441.56,0.1463,0
slovenia,g13_00038_6.tif,6892015,739,1.27019,127.02,0.0696,0
slovenia,g13_00038_6.tif,6892020,552,0.94878,94.88,0.0507,0
slovenia,g13_00038_6.tif,6892024,196,0.33688,33.69,0.0149,0
slovenia,g13_00038_6.tif,6895917,594,1.02096,102.1,0.0074,0
slovenia,g13_00038_6.tif,6895921,248,0.42626,42.63,0.0218,0
slovenia,g13_00038_6.tif,6895943,236,0.40564,40.56,0.0123,0
slovenia,g13_00038_6.tif,6916511,937,1.61051,161.05,0.0795,0
slovenia,g13_00038_6.tif,6917530,895,1.53832,153.83,0.052,0
slovenia,g13_00038_6.tif,6917544,241,0.41423,41.42,0.0022,0
slovenia,g13_00038_6.tif,6917547,87,0.14954,14.95,0.1941,0
slovenia,g13_00038_6.tif,6917551,104,0.17875,17.88,0.0051,0
slovenia,g13_00038_6.tif,6925120,1200,2.06255,206.26,0.0651,0
slovenia,g13_00038_6.tif,6925125,503,0.86455,86.46,0.043,0
slovenia,g13_00038_6.tif,6936442,140,0.24063,24.06,0.0405,0
slovenia,g13_00038_6.tif,6936465,329,0.56548,56.55,0.0151,0
slovenia,g13_00038_6.tif,6936466,116,0.19938,19.94,0.0054,0
slovenia,g13_00038_6.tif,6941128,143,0.24579,24.58,0.0263,0
slovenia,g13_00038_6.tif,6941148,133,0.2286,22.86,0.0392,0
slovenia,g13_00038_6.tif,6941222,683,1.17394,117.39,0.4895,0
slovenia,g13_00038_6.tif,6966237,142,0.24407,24.41,0.0456,0
slovenia,g13_00038_6.tif,7019857,311,0.53455,53.45,0.0727,0
slovenia,g13_00038_6.tif,7033468,926,1.5916,159.16,0.0912,0
slovenia,g13_00038_6.tif,7033471,191,0.32829,32.83,0.0177,0
slovenia,g13_00038_6.tif,7045314,395,0.67892,67.89,0.0652,0
slovenia,g13_00038_6.tif,7045315,118,0.20282,20.28,0.6591,1
slovenia,g13_00038_6.tif,7053332,198,0.34032,34.03,0.0677,0
slovenia,g13_00038_6.tif,7081992,884,1.51942,151.94,0.3087,0
slovenia,g13_00038_7.tif,6126171,57,0.09797,9.8,0.0638,0
slovenia,g13_00038_7.tif,6126175,41,0.07047,7.05,0.0714,0
slovenia,g13_00038_7.tif,6126230,3,0.00516,0.52,0.0,0
slovenia,g13_00038_7.tif,6130418,181,0.3111,31.11,0.053,0
slovenia,g13_00038_7.tif,6130654,91,0.15641,15.64,0.0115,0
slovenia,g13_00038_7.tif,6147123,184,0.31626,31.63,0.3119,0
slovenia,g13_00038_7.tif,6158926,209,0.35923,35.92,0.1327,0
slovenia,g13_00038_7.tif,6159398,476,0.81815,81.81,0.0428,0
slovenia,g13_00038_7.tif,6159399,315,0.54142,54.14,0.0078,0
slovenia,g13_00038_7.tif,6159400,47,0.08078,8.08,0.619,1
slovenia,g13_00038_7.tif,6184916,143,0.24579,24.58,0.108,0
slovenia,g13_00038_7.tif,6269240,226,0.38845,38.84,0.0227,0
slovenia,g13_00038_7.tif,6269242,238,0.40907,40.91,0.0063,0
slovenia,g13_00038_7.tif,6270828,701,1.20488,120.49,0.0967,0
slovenia,g13_00038_7.tif,6270904,318,0.54658,54.66,0.0385,0
slovenia,g13_00038_7.tif,6280091,1388,2.38569,238.57,0.3156,0
slovenia,g13_00038_7.tif,6280213,33,0.05672,5.67,0.4528,0
slovenia,g13_00038_7.tif,6360843,932,1.60192,160.19,0.1648,0
slovenia,g13_00038_7.tif,6379457,588,1.01065,101.07,0.0595,0
slovenia,g13_00038_7.tif,6423327,429,0.73736,73.74,0.1147,0
slovenia,g13_00038_7.tif,6431623,774,1.33035,133.03,0.0931,0
slovenia,g13_00038_7.tif,6431626,497,0.85424,85.42,0.0648,0
slovenia,g13_00038_7.tif,6431627,19,0.03266,3.27,0.0213,0
slovenia,g13_00038_7.tif,6437594,473,0.81299,81.3,0.1022,0
slovenia,g13_00038_7.tif,6444163,467,0.80268,80.27,0.0217,0
slovenia,g13_00038_7.tif,6469751,795,1.36644,136.64,0.2618,0
slovenia,g13_00038_7.tif,6469755,190,0.32657,32.66,0.3644,0
slovenia,g13_00038_7.tif,6469759,244,0.41939,41.94,0.074,0
slovenia,g13_00038_7.tif,6469760,758,1.30285,130.28,0.929,1
slovenia,g13_00038_7.tif,6469773,439,0.75455,75.46,0.3111,0
slovenia,g13_00038_7.tif,6478750,508,0.87315,87.31,0.863,1
slovenia,g13_00038_7.tif,6480179,168,0.28876,28.88,0.078,0
slovenia,g13_00038_7.tif,6494413,758,1.30285,130.28,0.0845,0
slovenia,g13_00038_7.tif,6494416,29,0.04985,4.98,0.0058,0
slovenia,g13_00038_7.tif,6494419,170,0.2922,29.22,0.2037,0
slovenia,g13_00038_7.tif,6499095,638,1.09659,109.66,0.2353,0
slovenia,g13_00038_7.tif,6576174,1038,1.78411,178.41,0.3142,0
slovenia,g13_00038_7.tif,6576176,678,1.16534,116.53,0.1763,0
slovenia,g13_00038_7.tif,6578503,35,0.06016,6.02,0.4,0
slovenia,g13_00038_7.tif,6581320,281,0.48298,48.3,0.0384,0
slovenia,g13_00038_7.tif,6610264,952,1.63629,163.63,0.4767,0
slovenia,g13_00038_7.tif,6632757,133,0.2286,22.86,0.0035,0
slovenia,g13_00038_7.tif,6638044,1059,1.8202,182.02,0.1483,0
slovenia,g13_00038_7.tif,6638045,992,1.70505,170.5,0.1208,0
slovenia,g13_00038_7.tif,6638051,117,0.2011,20.11,0.0425,0
slovenia,g13_00038_7.tif,6642355,375,0.64455,64.45,0.0403,0
slovenia,g13_00038_7.tif,6649522,24,0.04125,4.13,0.0009,0
slovenia,g13_00038_7.tif,6649523,148,0.25438,25.44,0.0123,0
slovenia,g13_00038_7.tif,6654301,220,0.37814,37.81,0.0229,0
slovenia,g13_00038_7.tif,6655499,60,0.10313,10.31,0.7358,1
slovenia,g13_00038_7.tif,6657266,555,0.95393,95.39,0.0618,0
slovenia,g13_00038_7.tif,6657271,517,0.88862,88.86,0.0558,0
slovenia,g13_00038_7.tif,6666388,1079,1.85458,185.46,0.5752,1
slovenia,g13_00038_7.tif,6666405,267,0.45892,45.89,0.0,0
slovenia,g13_00038_7.tif,6666412,327,0.56205,56.2,0.0349,0
slovenia,g13_00038_7.tif,6691876,59,0.10141,10.14,0.0058,0
slovenia,g13_00038_7.tif,6691878,90,0.15469,15.47,0.0253,0
slovenia,g13_00038_7.tif,6701083,861,1.47988,147.99,0.2159,0
slovenia,g13_00038_7.tif,6701223,836,1.43691,143.69,0.0213,0
slovenia,g13_00038_7.tif,6712580,147,0.25266,25.27,0.0346,0
slovenia,g13_00038_7.tif,6713322,1484,2.55069,255.07,0.1962,0
slovenia,g13_00038_7.tif,6713327,460,0.79065,79.06,0.178,0
slovenia,g13_00038_7.tif,6713330,21,0.03609,3.61,0.0223,0
slovenia,g13_00038_7.tif,6717165,230,0.39532,39.53,0.0813,0
slovenia,g13_00038_7.tif,6731644,989,1.69989,169.99,0.315,0
slovenia,g13_00038_7.tif,6731648,853,1.46613,146.61,0.4141,0
slovenia,g13_00038_7.tif,6795320,888,1.52629,152.63,0.2785,0
slovenia,g13_00038_7.tif,6807755,486,0.83533,83.53,0.1739,0
slovenia,g13_00038_7.tif,6807764,208,0.35751,35.75,0.0203,0
slovenia,g13_00038_7.tif,6869727,87,0.14954,14.95,0.0172,0
slovenia,g13_00038_7.tif,6869735,759,1.30457,130.46,0.1203,0
slovenia,g13_00038_7.tif,6869743,314,0.5397,53.97,0.0601,0
slovenia,g13_00038_7.tif,6870746,106,0.18219,18.22,0.0155,0
slovenia,g13_00038_7.tif,6892299,1388,2.38569,238.57,0.0132,0
slovenia,g13_00038_7.tif,6892316,914,1.57098,157.1,0.2018,0
slovenia,g13_00038_7.tif,6892360,4,0.00688,0.69,0.0007,0
slovenia,g13_00038_7.tif,6917529,785,1.34925,134.93,0.6881,1
slovenia,g13_00038_7.tif,6917530,558,0.95909,95.91,0.3027,0
slovenia,g13_00038_7.tif,6917538,600,1.03128,103.13,0.1083,0
slovenia,g13_00038_7.tif,6918158,994,1.70848,170.85,0.0008,0
slovenia,g13_00038_7.tif,6936423,1702,2.92539,292.54,0.3336,0
slovenia,g13_00038_7.tif,6936435,208,0.35751,35.75,0.0516,0
slovenia,g13_00038_7.tif,6936436,749,1.28738,128.74,0.5934,1
slovenia,g13_00038_7.tif,6936437,1846,3.1729,317.29,0.5865,1
slovenia,g13_00038_7.tif,6936926,90,0.15469,15.47,0.0175,0
slovenia,g13_00038_7.tif,6941128,742,1.27535,127.53,0.3228,0
slovenia,g13_00038_7.tif,6941133,503,0.86455,86.46,0.1912,0
slovenia,g13_00038_7.tif,6941134,473,0.81299,81.3,0.0557,0
slovenia,g13_00038_7.tif,6941136,351,0.6033,60.33,0.0433,0
slovenia,g13_00038_7.tif,6941140,129,0.22172,22.17,0.0341,0
slovenia,g13_00038_7.tif,6941152,1187,2.04021,204.02,0.1461,0
slovenia,g13_00038_7.tif,6966236,826,1.41973,141.97,0.2587,0
slovenia,g13_00038_7.tif,6985662,930,1.59848,159.85,0.1094,0
slovenia,g13_00038_7.tif,6985697,233,0.40048,40.05,0.0196,0
slovenia,g13_00038_7.tif,6988129,253,0.43486,43.49,0.0945,0
slovenia,g13_00038_7.tif,7021385,310,0.53283,53.28,0.1299,0
slovenia,g13_00038_7.tif,7033467,972,1.67067,167.07,0.1292,0
slovenia,g13_00038_7.tif,7033474,477,0.81987,81.99,0.04,0
slovenia,g13_00038_7.tif,7045215,637,1.09487,109.49,0.0009,0
slovenia,g13_00038_7.tif,7045216,454,0.78033,78.03,0.1456,0
slovenia,g13_00038_7.tif,7045311,621,1.06737,106.74,0.0718,0
slovenia,g13_00038_7.tif,7045314,79,0.13578,13.58,0.0076,0
slovenia,g13_00038_7.tif,7053311,331,0.56892,56.89,0.0975,0
slovenia,g13_00038_7.tif,7053312,1144,1.9663,196.63,0.2027,0
slovenia,g13_00038_7.tif,7053332,1211,2.08146,208.15,0.389,0
slovenia,g13_00038_7.tif,7053516,646,1.11034,111.03,0.134,0
slovenia,g13_00038_7.tif,7053517,662,1.13784,113.78,0.1397,0
slovenia,g13_00038_8.tif,6109559,89,0.15297,15.3,0.825,1
slovenia,g13_00038_8.tif,6109562,83,0.14266,14.27,0.766,1
slovenia,g13_00038_8.tif,6118060,74,0.12719,12.72,0.0,0
slovenia,g13_00038_8.tif,6164251,464,0.79752,79.75,0.007,0
slovenia,g13_00038_8.tif,6164252,340,0.58439,58.44,0.4516,0
slovenia,g13_00038_8.tif,6169855,41,0.07047,7.05,0.0034,0
slovenia,g13_00038_8.tif,6255856,397,0.68236,68.24,0.0949,0
slovenia,g13_00038_8.tif,6280091,69,0.1186,11.86,0.0031,0
slovenia,g13_00038_8.tif,6280094,423,0.72705,72.71,0.0253,0
slovenia,g13_00038_8.tif,6280213,54,0.09281,9.28,0.0024,0
slovenia,g13_00038_8.tif,6289854,676,1.16191,116.19,0.042,0
slovenia,g13_00038_8.tif,6289855,419,0.72018,72.02,0.021,0
slovenia,g13_00038_8.tif,6289858,128,0.22001,22.0,0.3399,0
slovenia,g13_00038_8.tif,6289864,179,0.30766,30.77,0.0,0
slovenia,g13_00038_8.tif,6311638,275,0.47267,47.27,0.0731,0
slovenia,g13_00038_8.tif,6338477,578,0.99346,99.35,0.0352,0
slovenia,g13_00038_8.tif,6338478,268,0.46064,46.06,0.0045,0
slovenia,g13_00038_8.tif,6338479,337,0.57923,57.92,0.0,0
slovenia,g13_00038_8.tif,6352222,799,1.37332,137.33,0.2706,0
slovenia,g13_00038_8.tif,6370959,455,0.78205,78.21,0.0231,0
slovenia,g13_00038_8.tif,6375563,578,0.99346,99.35,0.0302,0
slovenia,g13_00038_8.tif,6375565,496,0.85252,85.25,0.0119,0
slovenia,g13_00038_8.tif,6375566,415,0.7133,71.33,0.261,0
slovenia,g13_00038_8.tif,6375571,124,0.21313,21.31,0.0452,0
slovenia,g13_00038_8.tif,6426287,677,1.16362,116.36,0.7623,1
slovenia,g13_00038_8.tif,6426293,164,0.28188,28.19,0.0,0
slovenia,g13_00038_8.tif,6434498,398,0.68408,68.41,0.0388,0
slovenia,g13_00038_8.tif,6437594,482,0.82846,82.85,0.0255,0
slovenia,g13_00038_8.tif,6437597,172,0.29563,29.56,0.0081,0
slovenia,g13_00038_8.tif,6448682,793,1.36301,136.3,0.0883,0
slovenia,g13_00038_8.tif,6452220,894,1.5366,153.66,0.8798,1
slovenia,g13_00038_8.tif,6485310,278,0.47783,47.78,0.0286,0
slovenia,g13_00038_8.tif,6488887,185,0.31798,31.8,0.0453,0
slovenia,g13_00038_8.tif,6493485,139,0.23891,23.89,0.0376,0
slovenia,g13_00038_8.tif,6499099,313,0.53798,53.8,0.0127,0
slovenia,g13_00038_8.tif,6510318,23,0.03953,3.95,0.0,0
slovenia,g13_00038_8.tif,6533293,594,1.02096,102.1,0.0293,0
slovenia,g13_00038_8.tif,6564617,474,0.81471,81.47,0.1182,0
slovenia,g13_00038_8.tif,6564644,272,0.46751,46.75,0.175,0
slovenia,g13_00038_8.tif,6576176,436,0.74939,74.94,0.023,0
slovenia,g13_00038_8.tif,6576182,866,1.48848,148.85,0.0543,0
slovenia,g13_00038_8.tif,6576184,564,0.9694,96.94,0.6921,1
slovenia,g13_00038_8.tif,6581272,154,0.26469,26.47,0.0163,0
slovenia,g13_00038_8.tif,6581292,351,0.6033,60.33,0.014,0
slovenia,g13_00038_8.tif,6581301,223,0.38329,38.33,0.0488,0
slovenia,g13_00038_8.tif,6599677,1945,3.34306,334.31,0.1204,0
slovenia,g13_00038_8.tif,6610267,265,0.45548,45.55,0.0121,0
slovenia,g13_00038_8.tif,6611046,419,0.72018,72.02,0.0196,0
slovenia,g13_00038_8.tif,6611050,249,0.42798,42.8,0.0467,0
slovenia,g13_00038_8.tif,6615122,1292,2.22068,222.07,0.0772,0
slovenia,g13_00038_8.tif,6621945,115,0.19766,19.77,0.0321,0
slovenia,g13_00038_8.tif,6635868,611,1.05018,105.02,0.214,0
slovenia,g13_00038_8.tif,6635869,2243,3.85526,385.53,0.1198,0
slovenia,g13_00038_8.tif,6655499,392,0.67377,67.38,0.1226,0
slovenia,g13_00038_8.tif,6662556,463,0.7958,79.58,0.1141,0
slovenia,g13_00038_8.tif,6701091,413,0.70986,70.99,0.1314,0
slovenia,g13_00038_8.tif,6706858,774,1.33035,133.03,0.0415,0
slovenia,g13_00038_8.tif,6712580,1438,2.47163,247.16,0.0804,0
slovenia,g13_00038_8.tif,6712585,1497,2.57304,257.3,0.079,0
slovenia,g13_00038_8.tif,6712586,1265,2.17428,217.43,0.0664,0
slovenia,g13_00038_8.tif,6712597,999,1.71708,171.71,0.0518,0
slovenia,g13_00038_8.tif,6713321,2336,4.01511,401.51,0.1497,0
slovenia,g13_00038_8.tif,6720040,741,1.27363,127.36,0.039,0
slovenia,g13_00038_8.tif,6721585,900,1.54692,154.69,0.0549,0
slovenia,g13_00038_8.tif,6780725,422,0.72533,72.53,0.0215,0
slovenia,g13_00038_8.tif,6782506,400,0.68752,68.75,0.0214,0
slovenia,g13_00038_8.tif,6782509,85,0.1461,14.61,0.4479,0
slovenia,g13_00038_8.tif,6782510,405,0.69611,69.61,0.5357,1
slovenia,g13_00038_8.tif,6782513,393,0.67549,67.55,0.4448,0
slovenia,g13_00038_8.tif,6782539,787,1.35269,135.27,0.0428,0
slovenia,g13_00038_8.tif,6782540,1622,2.78789,278.79,0.1032,0
slovenia,g13_00038_8.tif,6782646,800,1.37504,137.5,0.0494,0
slovenia,g13_00038_8.tif,6785323,183,0.31454,31.45,0.0192,0
slovenia,g13_00038_8.tif,6810218,362,0.6222,62.22,0.088,0
slovenia,g13_00038_8.tif,6810221,680,1.16878,116.88,0.183,0
slovenia,g13_00038_8.tif,6810232,161,0.27673,27.67,0.0127,0
slovenia,g13_00038_8.tif,6812394,938,1.61223,161.22,0.0499,0
slovenia,g13_00038_8.tif,6813475,3096,5.32139,532.14,0.3626,0
slovenia,g13_00038_8.tif,6819393,314,0.5397,53.97,0.0169,0
slovenia,g13_00038_8.tif,6861937,934,1.60536,160.54,0.057,0
slovenia,g13_00038_8.tif,6861990,3492,6.00203,600.2,0.6661,1
slovenia,g13_00038_8.tif,6869727,844,1.45066,145.07,0.0454,0
slovenia,g13_00038_8.tif,6869743,85,0.1461,14.61,0.0036,0
slovenia,g13_00038_8.tif,6869745,114,0.19594,19.59,0.0,0
slovenia,g13_00038_8.tif,6870746,41,0.07047,7.05,0.0014,0
slovenia,g13_00038_8.tif,6887246,222,0.38157,38.16,0.0591,0
slovenia,g13_00038_8.tif,6888555,100,0.17188,17.19,0.0091,0
slovenia,g13_00038_8.tif,6888562,514,0.88346,88.35,0.0263,0
slovenia,g13_00038_8.tif,6889797,236,0.40564,40.56,0.011,0
slovenia,g13_00038_8.tif,6889850,555,0.95393,95.39,0.0284,0
slovenia,g13_00038_8.tif,6892316,121,0.20797,20.8,0.0057,0
slovenia,g13_00038_8.tif,6892331,593,1.01925,101.92,0.0357,0
slovenia,g13_00038_8.tif,6892871,118,0.20282,20.28,0.0108,0
slovenia,g13_00038_8.tif,6917538,589,1.01237,101.24,0.0306,0
slovenia,g13_00038_8.tif,6917552,829,1.42488,142.49,0.0914,0
slovenia,g13_00038_8.tif,6936435,375,0.64455,64.45,0.0192,0
slovenia,g13_00038_8.tif,6936926,95,0.16329,16.33,0.0036,0
slovenia,g13_00038_8.tif,7011786,126,0.21657,21.66,0.0034,0
slovenia,g13_00038_8.tif,7021385,181,0.3111,31.11,0.0558,0
slovenia,g13_00038_8.tif,7021386,1183,2.03334,203.33,0.1356,0
slovenia,g13_00039_8.tif,6103295,1291,2.21897,221.9,0.041,0
slovenia,g13_00039_8.tif,6103313,173,0.29735,29.74,0.0709,0
slovenia,g13_00039_8.tif,6141138,1186,2.03849,203.85,0.0386,0
slovenia,g13_00039_8.tif,6141145,551,0.94706,94.71,0.0593,0
slovenia,g13_00039_8.tif,6141151,165,0.2836,28.36,0.0176,0
slovenia,g13_00039_8.tif,6141155,259,0.44517,44.52,0.0,0
slovenia,g13_00039_8.tif,6141158,219,0.37642,37.64,0.0,0
slovenia,g13_00039_8.tif,6141171,163,0.28016,28.02,0.0152,0
slovenia,g13_00039_8.tif,6296027,60,0.10313,10.31,0.0015,0
slovenia,g13_00039_8.tif,6321279,246,0.42282,42.28,0.0,0
slovenia,g13_00039_8.tif,6340059,143,0.24579,24.58,0.0729,0
slovenia,g13_00039_8.tif,6340061,140,0.24063,24.06,0.0232,0
slovenia,g13_00039_8.tif,6340064,154,0.26469,26.47,0.0145,0
slovenia,g13_00039_8.tif,6511522,27,0.04641,4.64,0.0094,0
slovenia,g13_00039_8.tif,6511818,131,0.22516,22.52,0.0356,0
slovenia,g13_00039_8.tif,6511966,284,0.48814,48.81,0.0087,0
slovenia,g13_00039_8.tif,6511968,285,0.48986,48.99,0.008,0
slovenia,g13_00039_8.tif,6512030,126,0.21657,21.66,0.0478,0
slovenia,g13_00039_8.tif,6512032,438,0.75283,75.28,0.5197,1
slovenia,g13_00039_8.tif,6514067,80,0.1375,13.75,0.0431,0
slovenia,g13_00039_8.tif,6516971,25,0.04297,4.3,0.0009,0
slovenia,g13_00039_8.tif,6548426,62,0.10657,10.66,0.0244,0
slovenia,g13_00039_8.tif,6578793,410,0.70471,70.47,0.0001,0
slovenia,g13_00039_8.tif,6578819,158,0.27157,27.16,0.0393,0
slovenia,g13_00039_8.tif,6603671,902,1.55035,155.04,0.0296,0
slovenia,g13_00039_8.tif,6603672,51,0.08766,8.77,0.0012,0
slovenia,g13_00039_8.tif,6603673,230,0.39532,39.53,0.0898,0
slovenia,g13_00039_8.tif,6610923,222,0.38157,38.16,0.0056,0
slovenia,g13_00039_8.tif,6630974,635,1.09144,109.14,0.4573,0
slovenia,g13_00039_8.tif,6630977,394,0.67721,67.72,0.0112,0
slovenia,g13_00039_8.tif,6630986,136,0.23376,23.38,0.0101,0
slovenia,g13_00039_8.tif,6630987,98,0.16844,16.84,0.1774,0
slovenia,g13_00039_8.tif,6679874,29,0.04985,4.98,0.0005,0
slovenia,g13_00039_8.tif,6679877,77,0.13235,13.23,0.0317,0
slovenia,g13_00039_8.tif,6679881,269,0.46236,46.24,0.0,0
slovenia,g13_00039_8.tif,6679885,176,0.30251,30.25,0.0,0
slovenia,g13_00039_8.tif,6679888,153,0.26298,26.3,0.0472,0
slovenia,g13_00039_8.tif,6684198,698,1.19972,119.97,0.0153,0
slovenia,g13_00039_8.tif,6684203,637,1.09487,109.49,0.0181,0
slovenia,g13_00039_8.tif,6684211,247,0.42454,42.45,0.0606,0
slovenia,g13_00039_8.tif,6684214,211,0.36267,36.27,0.0832,0
slovenia,g13_00039_8.tif,6684217,148,0.25438,25.44,0.0674,0
slovenia,g13_00039_8.tif,6687554,1129,1.94052,194.05,0.0372,0
slovenia,g13_00039_8.tif,6687555,486,0.83533,83.53,0.0153,0
slovenia,g13_00039_8.tif,6687557,940,1.61567,161.57,0.2997,0
slovenia,g13_00039_8.tif,6773785,1840,3.16258,316.26,0.2041,0
slovenia,g13_00039_8.tif,6791107,3829,6.58127,658.13,0.1284,0
slovenia,g13_00039_8.tif,6791115,403,0.69267,69.27,0.1864,0
slovenia,g13_00039_8.tif,6791117,1746,3.00102,300.1,0.0557,0
slovenia,g13_00039_8.tif,6791126,858,1.47473,147.47,0.2495,0
slovenia,g13_00039_8.tif,6791138,494,0.84909,84.91,0.0164,0
slovenia,g13_00039_8.tif,6791139,541,0.92987,92.99,0.1633,0
slovenia,g13_00039_8.tif,6791161,324,0.55689,55.69,0.0308,0
slovenia,g13_00039_8.tif,6791164,330,0.5672,56.72,0.6779,1
slovenia,g13_00039_8.tif,6791211,906,1.55723,155.72,0.0296,0
slovenia,g13_00039_8.tif,6791220,158,0.27157,27.16,0.1747,0
slovenia,g13_00039_8.tif,6799311,486,0.83533,83.53,0.052,0
slovenia,g13_00039_8.tif,6799319,74,0.12719,12.72,0.0005,0
slovenia,g13_00039_8.tif,6799328,150,0.25782,25.78,0.0031,0
slovenia,g13_00039_8.tif,6799333,106,0.18219,18.22,0.0022,0
slovenia,g13_00039_8.tif,6800881,14,0.02406,2.41,0.0038,0
slovenia,g13_00039_8.tif,6801719,72,0.12375,12.38,0.0432,0
slovenia,g13_00039_8.tif,6802119,180,0.30938,30.94,0.0031,0
slovenia,g13_00039_8.tif,6815191,1325,2.2774,227.74,0.0344,0
slovenia,g13_00039_8.tif,6815192,1159,1.99208,199.21,0.344,0
slovenia,g13_00039_8.tif,6815193,900,1.54692,154.69,0.0353,0
slovenia,g13_00039_8.tif,6815205,885,1.52113,152.11,0.2879,0
slovenia,g13_00039_8.tif,6815213,25,0.04297,4.3,0.4286,0
slovenia,g13_00039_8.tif,6815214,1335,2.29459,229.46,0.1919,0
slovenia,g13_00039_8.tif,6815222,39,0.06703,6.7,0.0114,0
slovenia,g13_00039_8.tif,6815231,442,0.75971,75.97,0.0142,0
slovenia,g13_00039_8.tif,6815267,126,0.21657,21.66,0.0269,0
slovenia,g13_00039_8.tif,6819849,1096,1.8838,188.38,0.0161,0
slovenia,g13_00039_8.tif,6819944,956,1.64317,164.32,0.0311,0
slovenia,g13_00039_8.tif,6845041,640,1.10003,110.0,0.0134,0
slovenia,g13_00039_8.tif,6845042,389,0.66861,66.86,0.1177,0
slovenia,g13_00039_8.tif,6845046,455,0.78205,78.21,0.2689,0
slovenia,g13_00039_8.tif,6862048,1315,2.26022,226.02,0.043,0
slovenia,g13_00039_8.tif,6862173,1624,2.79132,279.13,0.0572,0
slovenia,g13_00039_8.tif,6862202,1008,1.73255,173.25,0.031,0
slovenia,g13_00039_8.tif,6862221,1052,1.80817,180.82,0.03,0
slovenia,g13_00039_8.tif,6913075,350,0.60158,60.16,0.138,0
slovenia,g13_00039_8.tif,6913077,120,0.20626,20.63,0.0627,0
slovenia,g13_00039_8.tif,6993498,1531,2.63148,263.15,0.1794,0
slovenia,g13_00039_8.tif,6993504,405,0.69611,69.61,0.014,0
slovenia,g13_00039_8.tif,6993509,1943,3.33962,333.96,0.2255,0
slovenia,g13_00039_8.tif,6993516,316,0.54314,54.31,0.0059,0
slovenia,g13_00039_8.tif,6993526,125,0.21485,21.48,0.0488,0
slovenia,g13_00039_8.tif,7002189,48,0.0825,8.25,0.0172,0
slovenia,g13_00039_8.tif,7002195,578,0.99346,99.35,0.0187,0
slovenia,g13_00039_8.tif,7002203,12,0.02063,2.06,0.0,0
slovenia,g13_00039_8.tif,7002205,33,0.05672,5.67,0.0,0
slovenia,g13_00039_8.tif,7002209,445,0.76486,76.49,0.0497,0
slovenia,g13_00039_8.tif,7002423,59,0.10141,10.14,0.0177,0
slovenia,g13_00039_8.tif,7004034,268,0.46064,46.06,0.0,0
slovenia,g13_00039_8.tif,7004067,45,0.07735,7.73,0.0,0
slovenia,g13_00039_8.tif,7004079,83,0.14266,14.27,0.0,0
slovenia,g13_00039_8.tif,7011921,24,0.04125,4.13,0.0094,0
slovenia,g13_00039_8.tif,7014213,26,0.04469,4.47,0.0129,0
slovenia,g13_00039_8.tif,7014214,211,0.36267,36.27,0.1114,0
slovenia,g13_00040_10.tif,6109342,99,0.17016,17.02,0.2887,0
slovenia,g13_00040_10.tif,6109484,89,0.15297,15.3,0.3955,0
slovenia,g13_00040_10.tif,6111973,80,0.1375,13.75,0.3379,0
slovenia,g13_00040_10.tif,6114202,267,0.45892,45.89,0.0,0
slovenia,g13_00040_10.tif,6114204,107,0.18391,18.39,0.0,0
slovenia,g13_00040_10.tif,6115472,102,0.17532,17.53,0.125,0
slovenia,g13_00040_10.tif,6115476,49,0.08422,8.42,0.1307,0
slovenia,g13_00040_10.tif,6115999,465,0.79924,79.92,0.0,0
slovenia,g13_00040_10.tif,6117486,509,0.87487,87.49,0.8438,1
slovenia,g13_00040_10.tif,6117843,60,0.10313,10.31,0.0,0
slovenia,g13_00040_10.tif,6173707,293,0.50361,50.36,0.0,0
slovenia,g13_00040_10.tif,6178445,356,0.61189,61.19,0.0,0
slovenia,g13_00040_10.tif,6178446,556,0.95565,95.57,0.0,0
slovenia,g13_00040_10.tif,6178449,465,0.79924,79.92,0.0,0
slovenia,g13_00040_10.tif,6178451,138,0.23719,23.72,0.0,0
slovenia,g13_00040_10.tif,6178453,141,0.24235,24.24,0.0,0
slovenia,g13_00040_10.tif,6178454,422,0.72533,72.53,0.0,0
slovenia,g13_00040_10.tif,6178456,157,0.26985,26.99,0.0367,0
slovenia,g13_00040_10.tif,6178460,69,0.1186,11.86,0.0,0
slovenia,g13_00040_10.tif,6347767,255,0.43829,43.83,0.1648,0
slovenia,g13_00040_10.tif,6474742,562,0.96596,96.6,0.0,0
slovenia,g13_00040_10.tif,6505604,63,0.10828,10.83,0.0,0
slovenia,g13_00040_10.tif,6514747,50,0.08594,8.59,0.7143,1
slovenia,g13_00040_10.tif,6514752,98,0.16844,16.84,0.0059,0
slovenia,g13_00040_10.tif,6582123,164,0.28188,28.19,0.6752,1
slovenia,g13_00040_10.tif,6582124,479,0.8233,82.33,0.0909,0
slovenia,g13_00040_10.tif,6582135,366,0.62908,62.91,0.9037,1
slovenia,g13_00040_10.tif,6582137,279,0.47954,47.95,0.0,0
slovenia,g13_00040_10.tif,6582147,169,0.29048,29.05,0.0229,0
slovenia,g13_00040_10.tif,6582150,111,0.19079,19.08,0.0,0
slovenia,g13_00040_10.tif,6582158,116,0.19938,19.94,0.6375,1
slovenia,g13_00040_10.tif,6756441,1185,2.03677,203.68,0.0,0
slovenia,g13_00040_10.tif,6763487,110,0.18907,18.91,0.0,0
slovenia,g13_00040_10.tif,6794900,383,0.6583,65.83,0.0,0
slovenia,g13_00040_10.tif,6818904,697,1.198,119.8,0.0,0
slovenia,g13_00040_10.tif,6818905,761,1.308,130.8,0.0,0
slovenia,g13_00040_10.tif,6837891,90,0.15469,15.47,0.0,0
slovenia,g13_00040_10.tif,6837894,107,0.18391,18.39,0.0,0
slovenia,g13_00040_10.tif,6916729,108,0.18563,18.56,0.0,0
slovenia,g13_00040_10.tif,6992900,97,0.16672,16.67,0.0,0
slovenia,g13_00040_10.tif,6992903,1530,2.62976,262.98,0.0,0
slovenia,g13_00040_10.tif,6992920,137,0.23548,23.55,0.0,0
slovenia,g13_00040_10.tif,6992927,349,0.59986,59.99,0.0,0
slovenia,g13_00040_10.tif,6992929,354,0.60845,60.85,0.0,0
slovenia,g13_00040_10.tif,6992936,290,0.49845,49.85,0.0,0
slovenia,g13_00040_10.tif,6992942,256,0.44001,44.0,0.0,0
slovenia,g13_00040_10.tif,6992943,142,0.24407,24.41,0.8276,1
slovenia,g13_00040_10.tif,6993274,33,0.05672,5.67,0.0,0
slovenia,g13_00040_10.tif,6993620,3,0.00516,0.52,0.0,0
slovenia,g13_00040_10.tif,7044925,181,0.3111,31.11,0.8165,1
slovenia,g13_00040_11.tif,6114200,291,0.50017,50.02,0.0,0
slovenia,g13_00040_11.tif,6173708,155,0.26641,26.64,0.0,0
slovenia,g13_00040_11.tif,6357693,55,0.09453,9.45,0.0,0
slovenia,g13_00040_11.tif,6514734,1733,2.97867,297.87,0.0,0
slovenia,g13_00040_11.tif,6514746,406,0.69783,69.78,0.0,0
slovenia,g13_00040_11.tif,6514747,316,0.54314,54.31,0.0,0
slovenia,g13_00040_11.tif,6514748,526,0.90409,90.41,0.0,0
slovenia,g13_00040_11.tif,6514749,250,0.4297,42.97,0.0,0
slovenia,g13_00040_11.tif,6514758,24,0.04125,4.13,0.0,0
slovenia,g13_00040_11.tif,6514760,130,0.22344,22.34,0.0,0
slovenia,g13_00040_11.tif,6531463,442,0.75971,75.97,0.0,0
slovenia,g13_00040_11.tif,6558182,218,0.3747,37.47,0.0,0
slovenia,g13_00040_11.tif,6558183,120,0.20626,20.63,0.0,0
slovenia,g13_00040_11.tif,6558186,93,0.15985,15.98,0.0,0
slovenia,g13_00040_11.tif,6558188,102,0.17532,17.53,0.0,0
slovenia,g13_00040_11.tif,6558191,43,0.07391,7.39,0.0,0
slovenia,g13_00040_11.tif,6660158,238,0.40907,40.91,0.0,0
slovenia,g13_00040_11.tif,6660160,484,0.8319,83.19,0.0,0
slovenia,g13_00040_11.tif,6660179,58,0.09969,9.97,0.0,0
slovenia,g13_00040_11.tif,6756446,515,0.88518,88.52,0.0,0
slovenia,g13_00040_11.tif,6756466,149,0.2561,25.61,0.0,0
slovenia,g13_00040_11.tif,6794918,170,0.2922,29.22,0.0,0
slovenia,g13_00040_11.tif,6861895,2752,4.73013,473.01,0.0,0
slovenia,g13_00040_11.tif,6862097,1980,3.40322,340.32,0.0,0
slovenia,g13_00040_9.tif,6110267,54,0.09281,9.28,0.0,0
slovenia,g13_00040_9.tif,6110269,86,0.14782,14.78,0.66,1
slovenia,g13_00040_9.tif,6115993,436,0.74939,74.94,0.0,0
slovenia,g13_00040_9.tif,6115996,30,0.05156,5.16,0.0,0
slovenia,g13_00040_9.tif,6117484,86,0.14782,14.78,0.0,0
slovenia,g13_00040_9.tif,6117486,5,0.00859,0.86,0.0,0
slovenia,g13_00040_9.tif,6117516,823,1.41457,141.46,0.0103,0
slovenia,g13_00040_9.tif,6117535,556,0.95565,95.57,0.0,0
slovenia,g13_00040_9.tif,6117537,85,0.1461,14.61,0.0514,0
slovenia,g13_00040_9.tif,6117836,58,0.09969,9.97,0.0,0
slovenia,g13_00040_9.tif,6117837,456,0.78377,78.38,0.8647,1
slovenia,g13_00040_9.tif,6117838,121,0.20797,20.8,0.0,0
slovenia,g13_00040_9.tif,6117841,68,0.11688,11.69,0.0,0
slovenia,g13_00040_9.tif,6117851,39,0.06703,6.7,0.0205,0
slovenia,g13_00040_9.tif,6117978,12,0.02063,2.06,0.0,0
slovenia,g13_00040_9.tif,6188331,435,0.74768,74.77,0.8283,1
slovenia,g13_00040_9.tif,6188346,80,0.1375,13.75,0.0,0
slovenia,g13_00040_9.tif,6298397,356,0.61189,61.19,0.4605,0
slovenia,g13_00040_9.tif,6298411,145,0.24923,24.92,0.1844,0
slovenia,g13_00040_9.tif,6342651,520,0.89377,89.38,0.2237,0
slovenia,g13_00040_9.tif,6342799,328,0.56377,56.38,0.7597,1
slovenia,g13_00040_9.tif,6474734,197,0.3386,33.86,0.0,0
slovenia,g13_00040_9.tif,6474735,144,0.24751,24.75,0.0291,0
slovenia,g13_00040_9.tif,6474736,528,0.90752,90.75,0.5832,1
slovenia,g13_00040_9.tif,6702104,54,0.09281,9.28,0.0,0
slovenia,g13_00040_9.tif,6763468,512,0.88002,88.0,0.823,1
slovenia,g13_00040_9.tif,6794900,112,0.19251,19.25,0.7706,1
slovenia,g13_00040_9.tif,6794910,569,0.97799,97.8,0.0,0
slovenia,g13_00040_9.tif,6794917,243,0.41767,41.77,0.8942,1
slovenia,g13_00040_9.tif,6796023,1217,2.09177,209.18,0.281,0
slovenia,g13_00040_9.tif,6796047,715,1.22894,122.89,0.1063,0
slovenia,g13_00040_9.tif,6818904,40,0.06875,6.88,0.0,0
slovenia,g13_00040_9.tif,7017156,171,0.29391,29.39,0.0365,0
slovenia,g13_00043_2.tif,6103608,1688,2.90133,290.13,0.0,0
slovenia,g13_00043_2.tif,6114199,407,0.69955,69.95,0.0,0
slovenia,g13_00043_2.tif,6150089,73,0.12547,12.55,0.0,0
slovenia,g13_00043_2.tif,6192019,1794,3.08352,308.35,0.0243,0
slovenia,g13_00043_2.tif,6194323,59,0.10141,10.14,0.0,0
slovenia,g13_00043_2.tif,6194327,182,0.31282,31.28,0.0,0
slovenia,g13_00043_2.tif,6197158,390,0.67033,67.03,0.0,0
slovenia,g13_00043_2.tif,6197159,9,0.01547,1.55,0.0,0
slovenia,g13_00043_2.tif,6233721,450,0.77346,77.35,0.2451,0
slovenia,g13_00043_2.tif,6285155,13,0.02234,2.23,0.0,0
slovenia,g13_00043_2.tif,6299590,832,1.43004,143.0,0.6981,1
slovenia,g13_00043_2.tif,6299599,42,0.07219,7.22,0.0,0
slovenia,g13_00043_2.tif,6367461,32,0.055,5.5,0.2029,0
slovenia,g13_00043_2.tif,6367495,44,0.07563,7.56,0.2603,0
slovenia,g13_00043_2.tif,6367534,26,0.04469,4.47,0.0,0
slovenia,g13_00043_2.tif,6367591,88,0.15125,15.13,0.6818,1
slovenia,g13_00043_2.tif,6381201,1821,3.12993,312.99,0.9236,1
slovenia,g13_00043_2.tif,6387956,1189,2.04365,204.36,0.5088,1
slovenia,g13_00043_2.tif,6387960,1110,1.90786,190.79,0.0,0
slovenia,g13_00043_2.tif,6387964,1482,2.54726,254.73,0.2096,0
slovenia,g13_00043_2.tif,6387971,44,0.07563,7.56,0.3692,0
slovenia,g13_00043_2.tif,6404495,19,0.03266,3.27,0.0,0
slovenia,g13_00043_2.tif,6527282,526,0.90409,90.41,0.5487,1
slovenia,g13_00043_2.tif,6527283,502,0.86284,86.28,0.1911,0
slovenia,g13_00043_2.tif,6531432,3039,5.22342,522.34,0.6279,1
slovenia,g13_00043_2.tif,6531464,380,0.65314,65.31,0.0,0
slovenia,g13_00043_2.tif,6630470,971,1.66895,166.9,0.0011,0
slovenia,g13_00043_2.tif,6641467,1224,2.10381,210.38,0.1192,0
slovenia,g13_00043_2.tif,6756422,324,0.55689,55.69,0.1813,0
slovenia,g13_00043_2.tif,6764580,382,0.65658,65.66,0.122,0
slovenia,g13_00043_2.tif,6820365,1417,2.43553,243.55,0.9321,1
slovenia,g13_00043_2.tif,6840405,1708,2.9357,293.57,0.2218,0
slovenia,g13_00043_2.tif,6916728,251,0.43142,43.14,0.0625,0
slovenia,g13_00043_2.tif,6930263,160,0.27501,27.5,0.0,0
slovenia,g13_00043_2.tif,6985638,9,0.01547,1.55,0.0,0
slovenia,g13_00043_2.tif,6985642,1379,2.37022,237.02,0.0,0
slovenia,g13_00043_2.tif,6985658,912,1.56754,156.75,0.4847,0
slovenia,g13_00043_2.tif,7016238,1645,2.82742,282.74,0.0789,0
slovenia,g13_00043_3.tif,6128503,472,0.81127,81.13,0.0455,0
slovenia,g13_00043_3.tif,6128508,173,0.29735,29.74,0.0,0
slovenia,g13_00043_3.tif,6178461,459,0.78893,78.89,0.1903,0
slovenia,g13_00043_3.tif,6178539,22,0.03781,3.78,0.0031,0
slovenia,g13_00043_3.tif,6194313,502,0.86284,86.28,0.8683,1
slovenia,g13_00043_3.tif,6194317,322,0.55345,55.35,0.0242,0
slovenia,g13_00043_3.tif,6194320,277,0.47611,47.61,0.0,0
slovenia,g13_00043_3.tif,6194323,289,0.49673,49.67,0.0,0
slovenia,g13_00043_3.tif,6218804,128,0.22001,22.0,0.0,0
slovenia,g13_00043_3.tif,6219010,569,0.97799,97.8,0.2627,0
slovenia,g13_00043_3.tif,6219026,620,1.06565,106.57,0.2916,0
slovenia,g13_00043_3.tif,6221697,112,0.19251,19.25,0.1729,0
slovenia,g13_00043_3.tif,6221698,123,0.21141,21.14,0.1926,0
slovenia,g13_00043_3.tif,6221700,27,0.04641,4.64,0.0,0
slovenia,g13_00043_3.tif,6221852,41,0.07047,7.05,0.0412,0
slovenia,g13_00043_3.tif,6222908,39,0.06703,6.7,0.0,0
slovenia,g13_00043_3.tif,6222909,65,0.11172,11.17,0.0,0
slovenia,g13_00043_3.tif,6225383,270,0.46407,46.41,0.0,0
slovenia,g13_00043_3.tif,6225384,86,0.14782,14.78,0.0,0
slovenia,g13_00043_3.tif,6233721,851,1.4627,146.27,0.0791,0
slovenia,g13_00043_3.tif,6233722,254,0.43657,43.66,0.0,0
slovenia,g13_00043_3.tif,6233723,157,0.26985,26.99,0.0,0
slovenia,g13_00043_3.tif,6233724,132,0.22688,22.69,0.0,0
slovenia,g13_00043_3.tif,6245732,283,0.48642,48.64,0.0251,0
slovenia,g13_00043_3.tif,6285140,17,0.02922,2.92,0.0,0
slovenia,g13_00043_3.tif,6285141,223,0.38329,38.33,0.0,0
slovenia,g13_00043_3.tif,6285143,253,0.43486,43.49,0.0497,0
slovenia,g13_00043_3.tif,6285144,157,0.26985,26.99,0.0246,0
slovenia,g13_00043_3.tif,6285148,128,0.22001,22.0,0.0,0
slovenia,g13_00043_3.tif,6285149,119,0.20454,20.45,0.0,0
slovenia,g13_00043_3.tif,6285154,399,0.6858,68.58,0.0,0
slovenia,g13_00043_3.tif,6285155,285,0.48986,48.99,0.0785,0
slovenia,g13_00043_3.tif,6285158,32,0.055,5.5,0.0,0
slovenia,g13_00043_3.tif,6285411,57,0.09797,9.8,0.0,0
slovenia,g13_00043_3.tif,6296796,926,1.5916,159.16,0.0956,0
slovenia,g13_00043_3.tif,6296853,430,0.73908,73.91,0.3523,0
slovenia,g13_00043_3.tif,6296874,34,0.05844,5.84,0.0324,0
slovenia,g13_00043_3.tif,6327061,845,1.45238,145.24,0.0893,0
slovenia,g13_00043_3.tif,6514733,5300,9.10962,910.96,0.5864,1
slovenia,g13_00043_3.tif,6514737,744,1.27878,127.88,0.8704,1
slovenia,g13_00043_3.tif,6514738,1079,1.85458,185.46,0.1116,0
slovenia,g13_00043_3.tif,6514745,32,0.055,5.5,0.3333,0
slovenia,g13_00043_3.tif,6514757,282,0.4847,48.47,0.0223,0
slovenia,g13_00043_3.tif,6514762,635,1.09144,109.14,0.0,0
slovenia,g13_00043_3.tif,6630470,1691,2.90648,290.65,0.0,0
slovenia,g13_00043_3.tif,6660149,366,0.62908,62.91,0.9194,1
slovenia,g13_00043_3.tif,6660167,272,0.46751,46.75,0.0,0
slovenia,g13_00043_3.tif,6660169,214,0.36782,36.78,0.2022,0
slovenia,g13_00043_3.tif,6660172,64,0.11,11.0,0.125,0
slovenia,g13_00043_3.tif,6660175,1164,2.00068,200.07,0.0,0
slovenia,g13_00043_3.tif,6660183,10,0.01719,1.72,0.0,0
slovenia,g13_00043_3.tif,6661741,3913,6.72565,672.56,0.374,0
slovenia,g13_00043_3.tif,6661764,1945,3.34306,334.31,0.1813,0
slovenia,g13_00043_3.tif,6756422,2387,4.10277,410.28,0.2331,0
slovenia,g13_00043_3.tif,6756430,504,0.86627,86.63,0.0,0
slovenia,g13_00043_3.tif,6756435,309,0.53111,53.11,0.4897,0
slovenia,g13_00043_3.tif,6756463,169,0.29048,29.05,0.0154,0
slovenia,g13_00043_3.tif,6820365,633,1.088,108.8,0.8938,1
slovenia,g13_00043_3.tif,6916723,378,0.6497,64.97,0.0,0
slovenia,g13_00043_3.tif,6985658,421,0.72361,72.36,0.0379,0
slovenia,g13_00043_3.tif,6985741,366,0.62908,62.91,0.0,0
slovenia,g13_00043_3.tif,7077538,69,0.1186,11.86,0.0,0
slovenia,g13_00043_3.tif,7077539,38,0.06531,6.53,0.0,0
slovenia,g13_00043_4.tif,6164648,12,0.02063,2.06,0.0,0
slovenia,g13_00043_4.tif,6164649,41,0.07047,7.05,0.0,0
slovenia,g13_00043_4.tif,6164650,796,1.36816,136.82,0.5712,1
slovenia,g13_00043_4.tif,6164653,45,0.07735,7.73,0.0,0
slovenia,g13_00043_4.tif,6164654,54,0.09281,9.28,0.0,0
slovenia,g13_00043_4.tif,6164817,433,0.74424,74.42,0.0,0
slovenia,g13_00043_4.tif,6170221,794,1.36472,136.47,0.0,0
slovenia,g13_00043_4.tif,6170237,202,0.3472,34.72,0.0,0
slovenia,g13_00043_4.tif,6218807,267,0.45892,45.89,0.0,0
slovenia,g13_00043_4.tif,6222910,738,1.26847,126.85,0.0,0
slovenia,g13_00043_4.tif,6266455,1083,1.86146,186.15,0.0,0
slovenia,g13_00043_4.tif,6285144,169,0.29048,29.05,0.0,0
slovenia,g13_00043_4.tif,6285146,412,0.70814,70.81,0.0,0
slovenia,g13_00043_4.tif,6285149,71,0.12203,12.2,0.0,0
slovenia,g13_00043_4.tif,6285322,177,0.30423,30.42,0.0,0
slovenia,g13_00043_4.tif,6357692,1013,1.74114,174.11,0.8556,1
slovenia,g13_00043_4.tif,6357693,445,0.76486,76.49,0.0,0
slovenia,g13_00043_4.tif,6357698,470,0.80783,80.78,0.0,0
slovenia,g13_00043_4.tif,6410552,221,0.37985,37.99,0.0,0
slovenia,g13_00043_4.tif,6514737,913,1.56926,156.93,0.0,0
slovenia,g13_00043_4.tif,6514739,16,0.0275,2.75,0.0,0
slovenia,g13_00043_4.tif,6514741,456,0.78377,78.38,0.0,0
slovenia,g13_00043_4.tif,6514745,383,0.6583,65.83,0.0,0
slovenia,g13_00043_4.tif,6514750,233,0.40048,40.05,0.0,0
slovenia,g13_00043_4.tif,6514758,450,0.77346,77.35,0.0,0
slovenia,g13_00043_4.tif,6514765,133,0.2286,22.86,0.2077,0
slovenia,g13_00043_4.tif,6514766,330,0.5672,56.72,0.0,0
slovenia,g13_00043_4.tif,6644256,137,0.23548,23.55,0.0,0
slovenia,g13_00043_4.tif,6644270,452,0.7769,77.69,0.0,0
slovenia,g13_00043_4.tif,6644284,236,0.40564,40.56,0.0,0
slovenia,g13_00043_4.tif,6660158,301,0.51736,51.74,0.0,0
slovenia,g13_00043_4.tif,6660164,353,0.60673,60.67,0.0,0
slovenia,g13_00043_4.tif,6660175,309,0.53111,53.11,0.0,0
slovenia,g13_00043_4.tif,6660179,243,0.41767,41.77,0.0,0
slovenia,g13_00043_4.tif,6756449,285,0.48986,48.99,0.0,0
slovenia,g13_00043_4.tif,6756469,99,0.17016,17.02,0.0,0
slovenia,g13_00043_4.tif,6756472,74,0.12719,12.72,0.0,0
slovenia,g13_00043_4.tif,6836164,309,0.53111,53.11,0.0,0
slovenia,g13_00043_4.tif,6916730,25,0.04297,4.3,0.0,0
slovenia,g13_00043_4.tif,6919721,358,0.61533,61.53,0.0,0
slovenia,g13_00043_4.tif,7050884,110,0.18907,18.91,0.0,0
slovenia,g13_00043_4.tif,7050885,20,0.03438,3.44,0.0,0
slovenia,g13_00043_4.tif,7050902,35,0.06016,6.02,0.0,0
slovenia,g13_00045_14.tif,6150089,583,1.00206,100.21,0.0,0
slovenia,g13_00045_14.tif,6277952,304,0.52251,52.25,0.0,0
slovenia,g13_00045_14.tif,6299599,220,0.37814,37.81,0.0,0
slovenia,g13_00045_14.tif,6367461,298,0.5122,51.22,0.0,0
slovenia,g13_00045_14.tif,6367495,404,0.69439,69.44,0.0,0
slovenia,g13_00045_14.tif,6367534,189,0.32485,32.49,0.0,0
slovenia,g13_00045_14.tif,6367591,576,0.99003,99.0,0.0,0
slovenia,g13_00045_14.tif,6381201,170,0.2922,29.22,0.1371,0
slovenia,g13_00045_14.tif,6387948,1724,2.9632,296.32,0.0,0
slovenia,g13_00045_14.tif,6387949,1470,2.52663,252.66,0.0,0
slovenia,g13_00045_14.tif,6387951,1342,2.30662,230.66,0.0017,0
slovenia,g13_00045_14.tif,6387970,689,1.18425,118.43,0.0,0
slovenia,g13_00045_14.tif,6387971,662,1.13784,113.78,0.0,0
slovenia,g13_00045_14.tif,6404495,238,0.40907,40.91,0.0,0
slovenia,g13_00045_14.tif,6561635,625,1.07425,107.42,0.0,0
slovenia,g13_00045_14.tif,6585238,1345,2.31178,231.18,0.0,0
slovenia,g13_00045_14.tif,6671295,749,1.28738,128.74,0.0,0
slovenia,g13_00045_14.tif,6671296,746,1.28222,128.22,0.0,0
slovenia,g13_00045_14.tif,6671303,441,0.75799,75.8,0.4667,0
slovenia,g13_00045_14.tif,6671338,1636,2.81195,281.19,0.4326,0
slovenia,g13_00045_14.tif,6671368,1683,2.89273,289.27,0.0,0
slovenia,g13_00045_14.tif,6752735,36,0.06188,6.19,0.0,0
slovenia,g13_00045_14.tif,6759745,259,0.44517,44.52,0.0,0
slovenia,g13_00045_14.tif,6796535,1085,1.86489,186.49,0.0,0
slovenia,g13_00045_14.tif,6796540,349,0.59986,59.99,0.0,0
slovenia,g13_00045_14.tif,6796582,1606,2.76039,276.04,0.0,0
slovenia,g13_00045_14.tif,6796583,791,1.35957,135.96,0.0,0
slovenia,g13_00045_14.tif,6919729,839,1.44207,144.21,0.0,0
slovenia,g13_00045_14.tif,6985638,796,1.36816,136.82,0.0,0
slovenia,g13_00045_14.tif,6985744,548,0.9419,94.19,0.0,0
slovenia,g13_00045_14.tif,6992908,1093,1.87864,187.86,0.0,0
slovenia,g13_00045_15.tif,6160562,933,1.60364,160.36,0.697,1
slovenia,g13_00045_15.tif,6168948,867,1.4902,149.02,0.0,0
slovenia,g13_00045_15.tif,6168951,508,0.87315,87.31,0.0,0
slovenia,g13_00045_15.tif,6194313,298,0.5122,51.22,0.0,0
slovenia,g13_00045_15.tif,6194323,24,0.04125,4.13,0.0,0
slovenia,g13_00045_15.tif,6194332,38,0.06531,6.53,0.0,0
slovenia,g13_00045_15.tif,6252264,1001,1.72051,172.05,0.0041,0
slovenia,g13_00045_15.tif,6299598,260,0.44689,44.69,0.2736,0
slovenia,g13_00045_15.tif,6327061,1104,1.89755,189.76,0.0,0
slovenia,g13_00045_15.tif,6330034,505,0.86799,86.8,0.0,0
slovenia,g13_00045_15.tif,6368949,398,0.68408,68.41,0.0,0
slovenia,g13_00045_15.tif,6368951,542,0.93159,93.16,0.0,0
slovenia,g13_00045_15.tif,6368962,132,0.22688,22.69,0.0,0
slovenia,g13_00045_15.tif,6368963,996,1.71192,171.19,0.0799,0
slovenia,g13_00045_15.tif,6387948,3864,6.64143,664.14,0.0,0
slovenia,g13_00045_15.tif,6387979,507,0.87143,87.14,0.0,0
slovenia,g13_00045_15.tif,6387987,277,0.47611,47.61,0.1274,0
slovenia,g13_00045_15.tif,6409664,41,0.07047,7.05,0.0,0
slovenia,g13_00045_15.tif,6409665,36,0.06188,6.19,0.0,0
slovenia,g13_00045_15.tif,6410548,1787,3.07149,307.15,0.1606,0
slovenia,g13_00045_15.tif,6461980,704,1.21003,121.0,0.3739,0
slovenia,g13_00045_15.tif,6514761,8,0.01375,1.38,0.0,0
slovenia,g13_00045_15.tif,6514767,89,0.15297,15.3,0.0026,0
slovenia,g13_00045_15.tif,6561619,11,0.01891,1.89,0.0,0
slovenia,g13_00045_15.tif,6573154,1001,1.72051,172.05,0.0382,0
slovenia,g13_00045_15.tif,6594747,544,0.93502,93.5,0.0,0
slovenia,g13_00045_15.tif,6594748,898,1.54348,154.35,0.0,0
slovenia,g13_00045_15.tif,6630470,494,0.84909,84.91,0.7909,1
slovenia,g13_00045_15.tif,6749803,1679,2.88586,288.59,0.0,0
slovenia,g13_00045_15.tif,6766308,2247,3.86213,386.21,0.223,0
slovenia,g13_00045_15.tif,6833615,1070,1.83911,183.91,0.2447,0
slovenia,g13_00045_15.tif,6833636,1081,1.85802,185.8,0.2776,0
slovenia,g13_00045_15.tif,6833936,489,0.84049,84.05,0.1211,0
slovenia,g13_00045_15.tif,6837885,278,0.47783,47.78,0.0,0
slovenia,g13_00045_15.tif,6854905,413,0.70986,70.99,0.1485,0
slovenia,g13_00045_15.tif,6854987,724,1.24441,124.44,0.0,0
slovenia,g13_00045_15.tif,6854988,949,1.63114,163.11,0.0,0
slovenia,g13_00045_15.tif,6894304,250,0.4297,42.97,0.0,0
slovenia,g13_00045_15.tif,6919729,462,0.79408,79.41,0.0,0
slovenia,g13_00045_15.tif,7077892,568,0.97628,97.63,0.0,0
slovenia,g13_00045_16.tif,6116131,589,1.01237,101.24,0.1785,0
slovenia,g13_00045_16.tif,6160562,74,0.12719,12.72,0.0,0
slovenia,g13_00045_16.tif,6285157,181,0.3111,31.11,0.0,0
slovenia,g13_00045_16.tif,6311207,761,1.308,130.8,0.0,0
slovenia,g13_00045_16.tif,6318670,378,0.6497,64.97,0.0,0
slovenia,g13_00045_16.tif,6330034,646,1.11034,111.03,0.0,0
slovenia,g13_00045_16.tif,6367438,14,0.02406,2.41,0.0,0
slovenia,g13_00045_16.tif,6368949,1016,1.7463,174.63,0.0,0
slovenia,g13_00045_16.tif,6368963,102,0.17532,17.53,0.3059,0
slovenia,g13_00045_16.tif,6409599,72,0.12375,12.38,0.0,0
slovenia,g13_00045_16.tif,6409664,655,1.12581,112.58,0.0,0
slovenia,g13_00045_16.tif,6409665,383,0.6583,65.83,0.0,0
slovenia,g13_00045_16.tif,6410550,257,0.44173,44.17,0.0495,0
slovenia,g13_00045_16.tif,6410552,219,0.37642,37.64,0.0,0
slovenia,g13_00045_16.tif,6514761,893,1.53488,153.49,0.82,1
slovenia,g13_00045_16.tif,6606330,910,1.5641,156.41,0.0,0
slovenia,g13_00045_16.tif,6606331,614,1.05534,105.53,0.0,0
slovenia,g13_00045_16.tif,6644275,486,0.83533,83.53,0.0,0
slovenia,g13_00045_16.tif,6644290,359,0.61705,61.7,0.011,0
slovenia,g13_00045_16.tif,6649023,417,0.71674,71.67,0.0,0
slovenia,g13_00045_16.tif,6676416,516,0.8869,88.69,0.0,0
slovenia,g13_00045_16.tif,6756443,1155,1.98521,198.52,0.0,0
slovenia,g13_00045_16.tif,6756450,366,0.62908,62.91,0.0,0
slovenia,g13_00045_16.tif,6794895,652,1.12065,112.07,0.0,0
slovenia,g13_00045_16.tif,6794898,797,1.36988,136.99,0.0,0
slovenia,g13_00045_16.tif,6854934,646,1.11034,111.03,0.0,0
slovenia,g13_00045_16.tif,6854987,1097,1.88552,188.55,0.0,0
slovenia,g13_00045_16.tif,6854988,696,1.19628,119.63,0.0,0
slovenia,g13_00045_16.tif,6894304,1162,1.99724,199.72,0.0066,0
slovenia,g13_00045_16.tif,6919730,934,1.60536,160.54,0.3632,0
slovenia,g13_00045_16.tif,6919734,678,1.16534,116.53,0.0,0
slovenia,g13_00045_16.tif,6985702,163,0.28016,28.02,0.0,0
slovenia,g13_00045_16.tif,7050890,223,0.38329,38.33,0.0,0
slovenia,g13_00045_16.tif,7050898,246,0.42282,42.28,0.0,0
slovenia,g13_00045_16.tif,7065401,44,0.07563,7.56,0.0909,0
slovenia,g13_00047_14.tif,6128080,177,0.30423,30.42,0.0,0
slovenia,g13_00047_14.tif,6148356,274,0.47095,47.1,0.0,0
slovenia,g13_00047_14.tif,6148357,54,0.09281,9.28,0.0,0
slovenia,g13_00047_14.tif,6155010,42,0.07219,7.22,0.0,0
slovenia,g13_00047_14.tif,6260313,405,0.69611,69.61,0.7494,1
slovenia,g13_00047_14.tif,6260314,336,0.57752,57.75,0.0074,0
slovenia,g13_00047_14.tif,6260316,234,0.4022,40.22,0.0,0
slovenia,g13_00047_14.tif,6260318,263,0.45204,45.2,0.0,0
slovenia,g13_00047_14.tif,6260349,30,0.05156,5.16,0.0,0
slovenia,g13_00047_14.tif,6272812,147,0.25266,25.27,0.0,0
slovenia,g13_00047_14.tif,6272859,4,0.00688,0.69,0.0,0
slovenia,g13_00047_14.tif,6468235,288,0.49501,49.5,0.0,0
slovenia,g13_00047_14.tif,6468239,335,0.5758,57.58,0.877,1
slovenia,g13_00047_14.tif,6468247,12,0.02063,2.06,0.0,0
slovenia,g13_00047_14.tif,6489321,17,0.02922,2.92,0.0,0
slovenia,g13_00047_14.tif,6519248,128,0.22001,22.0,0.0,0
slovenia,g13_00047_14.tif,6519249,233,0.40048,40.05,0.0,0
slovenia,g13_00047_14.tif,6519250,163,0.28016,28.02,0.0,0
slovenia,g13_00047_14.tif,6519251,160,0.27501,27.5,0.0,0
slovenia,g13_00047_14.tif,6519253,122,0.20969,20.97,0.0,0
slovenia,g13_00047_14.tif,6531802,193,0.33173,33.17,0.3803,0
slovenia,g13_00047_14.tif,6531808,117,0.2011,20.11,0.0,0
slovenia,g13_00047_14.tif,6531860,290,0.49845,49.85,0.4758,0
slovenia,g13_00047_14.tif,6534392,237,0.40735,40.74,0.0,0
slovenia,g13_00047_14.tif,6535730,132,0.22688,22.69,0.0,0
slovenia,g13_00047_14.tif,6535731,154,0.26469,26.47,0.2783,0
slovenia,g13_00047_14.tif,6535734,93,0.15985,15.98,0.0,0
slovenia,g13_00047_14.tif,6535741,90,0.15469,15.47,0.0,0
slovenia,g13_00047_14.tif,6535861,51,0.08766,8.77,0.0,0
slovenia,g13_00047_14.tif,6590038,68,0.11688,11.69,0.0,0
slovenia,g13_00047_14.tif,6590054,35,0.06016,6.02,0.0,0
slovenia,g13_00047_14.tif,6629370,192,0.33001,33.0,0.0,0
slovenia,g13_00047_14.tif,6653925,442,0.75971,75.97,0.0,0
slovenia,g13_00047_14.tif,6692523,31,0.05328,5.33,0.0,0
slovenia,g13_00047_14.tif,6734117,492,0.84565,84.56,0.0,0
slovenia,g13_00047_14.tif,6734121,174,0.29907,29.91,0.4786,0
slovenia,g13_00047_14.tif,6752830,147,0.25266,25.27,0.3188,0
slovenia,g13_00047_14.tif,6761820,12,0.02063,2.06,0.0,0
slovenia,g13_00047_14.tif,6761827,50,0.08594,8.59,0.0,0
slovenia,g13_00047_14.tif,6762064,242,0.41595,41.59,0.0,0
slovenia,g13_00047_14.tif,6762068,19,0.03266,3.27,0.0,0
slovenia,g13_00047_14.tif,6821039,688,1.18253,118.25,0.0668,0
slovenia,g13_00047_14.tif,6854684,460,0.79065,79.06,0.0,0
slovenia,g13_00047_14.tif,6859712,108,0.18563,18.56,0.0,0
slovenia,g13_00047_14.tif,6859716,12,0.02063,2.06,0.0,0
slovenia,g13_00047_14.tif,6880789,344,0.59127,59.13,0.1538,0
slovenia,g13_00047_14.tif,6880802,7,0.01203,1.2,0.0,0
slovenia,g13_00047_14.tif,7007433,387,0.66517,66.52,0.7748,1
slovenia,g13_00047_14.tif,7007434,199,0.34204,34.2,0.75,1
slovenia,g13_00047_14.tif,7007435,184,0.31626,31.63,0.0,0
slovenia,g13_00047_14.tif,7007436,256,0.44001,44.0,0.0694,0
slovenia,g13_00047_14.tif,7007438,100,0.17188,17.19,0.7887,1
slovenia,g13_00047_14.tif,7007439,89,0.15297,15.3,0.0833,0
slovenia,g13_00047_14.tif,7007486,84,0.14438,14.44,0.0,0
slovenia,g13_00047_14.tif,7007487,143,0.24579,24.58,0.843,1
slovenia,g13_00047_14.tif,7078241,378,0.6497,64.97,0.2507,0
slovenia,g13_00047_15.tif,6107932,94,0.16157,16.16,0.0,0
slovenia,g13_00047_15.tif,6107933,307,0.52767,52.77,0.0391,0
slovenia,g13_00047_15.tif,6235426,150,0.25782,25.78,0.0,0
slovenia,g13_00047_15.tif,6373169,153,0.26298,26.3,0.0,0
slovenia,g13_00047_15.tif,6414220,836,1.43691,143.69,0.9105,1
slovenia,g13_00047_15.tif,6414223,184,0.31626,31.63,0.0,0
slovenia,g13_00047_15.tif,6414280,90,0.15469,15.47,0.0,0
slovenia,g13_00047_15.tif,6414303,119,0.20454,20.45,0.0,0
slovenia,g13_00047_15.tif,6414414,14,0.02406,2.41,0.0,0
slovenia,g13_00047_15.tif,6454218,65,0.11172,11.17,0.0,0
slovenia,g13_00047_15.tif,6514086,115,0.19766,19.77,0.0,0
slovenia,g13_00047_15.tif,6524559,287,0.49329,49.33,0.0,0
slovenia,g13_00047_15.tif,6687786,34,0.05844,5.84,0.0,0
slovenia,g13_00047_15.tif,6687787,26,0.04469,4.47,0.0,0
slovenia,g13_00047_15.tif,6849017,433,0.74424,74.42,0.0,0
slovenia,g13_00047_15.tif,6849436,149,0.2561,25.61,0.0,0
slovenia,g13_00047_15.tif,6854684,62,0.10657,10.66,0.0,0
slovenia,g13_00047_15.tif,6854692,1582,2.71913,271.91,0.0,0
slovenia,g13_00047_15.tif,6854702,910,1.5641,156.41,0.0,0
slovenia,g13_00047_15.tif,6854710,169,0.29048,29.05,0.0,0
slovenia,g13_00047_15.tif,6859711,431,0.7408,74.08,0.0,0
slovenia,g13_00047_15.tif,6859712,1316,2.26194,226.19,0.0,0
slovenia,g13_00047_15.tif,6863071,440,0.75627,75.63,0.0,0
slovenia,g13_00047_15.tif,6951853,167,0.28704,28.7,0.0,0
slovenia,g13_00047_15.tif,6951861,145,0.24923,24.92,0.0,0
slovenia,g13_00047_15.tif,6951868,11,0.01891,1.89,0.0,0
slovenia,g13_00047_15.tif,6952080,66,0.11344,11.34,0.0,0
slovenia,g13_00047_15.tif,7061127,44,0.07563,7.56,0.0,0
slovenia,g13_00047_15.tif,7061129,66,0.11344,11.34,0.0,0
slovenia,g13_00047_15.tif,7061138,8,0.01375,1.38,0.0,0
slovenia,g13_00047_16.tif,6107929,10,0.01719,1.72,0.0,0
slovenia,g13_00047_16.tif,6107932,4,0.00688,0.69,0.0,0
slovenia,g13_00047_16.tif,6107933,114,0.19594,19.59,0.0,0
slovenia,g13_00047_16.tif,6180276,145,0.24923,24.92,0.0291,0
slovenia,g13_00047_16.tif,6180277,358,0.61533,61.53,0.0,0
slovenia,g13_00047_16.tif,6180281,38,0.06531,6.53,0.0,0
slovenia,g13_00047_16.tif,6180516,45,0.07735,7.73,0.0,0
slovenia,g13_00047_16.tif,6193777,255,0.43829,43.83,0.0,0
slovenia,g13_00047_16.tif,6197801,193,0.33173,33.17,0.0,0
slovenia,g13_00047_16.tif,6261016,159,0.27329,27.33,0.0,0
slovenia,g13_00047_16.tif,6272391,390,0.67033,67.03,0.0,0
slovenia,g13_00047_16.tif,6282451,16,0.0275,2.75,0.0,0
slovenia,g13_00047_16.tif,6282457,141,0.24235,24.24,0.0,0
slovenia,g13_00047_16.tif,6349241,72,0.12375,12.38,0.0,0
slovenia,g13_00047_16.tif,6481665,183,0.31454,31.45,0.0,0
slovenia,g13_00047_16.tif,6669201,150,0.25782,25.78,0.0,0
slovenia,g13_00047_16.tif,6669202,25,0.04297,4.3,0.0,0
slovenia,g13_00047_16.tif,6733739,13,0.02234,2.23,0.0,0
slovenia,g13_00047_16.tif,6799847,542,0.93159,93.16,0.2035,0
slovenia,g13_00047_16.tif,6799854,185,0.31798,31.8,0.0,0
slovenia,g13_00047_16.tif,6800509,269,0.46236,46.24,0.0,0
slovenia,g13_00047_16.tif,6944665,9,0.01547,1.55,0.0,0
slovenia,g13_00047_16.tif,6951203,33,0.05672,5.67,0.0,0
slovenia,g13_00047_16.tif,6963742,101,0.1736,17.36,0.0,0
slovenia,g13_00047_16.tif,6967114,144,0.24751,24.75,0.0,0
slovenia,g13_00047_16.tif,6967125,55,0.09453,9.45,0.0,0
slovenia,g13_00047_16.tif,7007098,187,0.32141,32.14,0.0,0
slovenia,g13_00047_16.tif,7061127,32,0.055,5.5,0.0,0
slovenia,g13_00047_16.tif,7061128,61,0.10485,10.48,0.0,0
slovenia,g13_00049_6.tif,6131300,103,0.17704,17.7,0.0,0
slovenia,g13_00049_6.tif,6132744,249,0.42798,42.8,0.1166,0
slovenia,g13_00049_6.tif,6132745,68,0.11688,11.69,0.0,0
slovenia,g13_00049_6.tif,6132746,268,0.46064,46.06,0.0135,0
slovenia,g13_00049_6.tif,6132764,21,0.03609,3.61,0.0,0
slovenia,g13_00049_6.tif,6132766,19,0.03266,3.27,0.0,0
slovenia,g13_00049_6.tif,6132792,8,0.01375,1.38,0.0,0
slovenia,g13_00049_6.tif,6132795,45,0.07735,7.73,0.0,0
slovenia,g13_00049_6.tif,6245104,16,0.0275,2.75,0.0,0
slovenia,g13_00049_6.tif,6245105,237,0.40735,40.74,0.0,0
slovenia,g13_00049_6.tif,6245107,273,0.46923,46.92,0.0,0
slovenia,g13_00049_6.tif,6249978,182,0.31282,31.28,0.0,0
slovenia,g13_00049_6.tif,6249979,34,0.05844,5.84,0.0,0
slovenia,g13_00049_6.tif,6249980,157,0.26985,26.99,0.0,0
slovenia,g13_00049_6.tif,6249983,60,0.10313,10.31,0.0,0
slovenia,g13_00049_6.tif,6250039,139,0.23891,23.89,0.0,0
slovenia,g13_00049_6.tif,6250070,73,0.12547,12.55,0.0,0
slovenia,g13_00049_6.tif,6250100,15,0.02578,2.58,0.0,0
slovenia,g13_00049_6.tif,6344224,219,0.37642,37.64,0.0,0
slovenia,g13_00049_6.tif,6344227,389,0.66861,66.86,0.0,0
slovenia,g13_00049_6.tif,6344229,237,0.40735,40.74,0.0,0
slovenia,g13_00049_6.tif,6344234,66,0.11344,11.34,0.0,0
slovenia,g13_00049_6.tif,6344236,47,0.08078,8.08,0.0,0
slovenia,g13_00049_6.tif,6344313,32,0.055,5.5,0.0,0
slovenia,g13_00049_6.tif,6344359,141,0.24235,24.24,0.0,0
slovenia,g13_00049_6.tif,6442944,459,0.78893,78.89,0.0,0
slovenia,g13_00049_6.tif,6442945,488,0.83877,83.88,0.8262,1
slovenia,g13_00049_6.tif,6442946,15,0.02578,2.58,0.0,0
slovenia,g13_00049_6.tif,6442959,326,0.56033,56.03,0.0,0
slovenia,g13_00049_6.tif,6442967,239,0.41079,41.08,0.3026,0
slovenia,g13_00049_6.tif,6442980,104,0.17875,17.88,0.0,0
slovenia,g13_00049_6.tif,6442982,65,0.11172,11.17,0.0,0
slovenia,g13_00049_6.tif,6442985,61,0.10485,10.48,0.0,0
slovenia,g13_00049_6.tif,6649709,552,0.94878,94.88,0.8608,1
slovenia,g13_00049_6.tif,6649717,291,0.50017,50.02,0.0276,0
slovenia,g13_00049_6.tif,6751240,22,0.03781,3.78,0.5,1
slovenia,g13_00049_6.tif,6770197,462,0.79408,79.41,0.9035,1
slovenia,g13_00049_6.tif,6770204,400,0.68752,68.75,0.0,0
slovenia,g13_00049_6.tif,6770212,425,0.73049,73.05,0.0,0
slovenia,g13_00049_6.tif,6770214,347,0.59642,59.64,0.0,0
slovenia,g13_00049_6.tif,6770228,83,0.14266,14.27,0.0,0
slovenia,g13_00049_6.tif,6770229,96,0.165,16.5,0.0,0
slovenia,g13_00049_6.tif,6770282,328,0.56377,56.38,0.0,0
slovenia,g13_00049_6.tif,6770298,384,0.66002,66.0,0.0,0
slovenia,g13_00049_6.tif,6770299,717,1.23238,123.24,0.0,0
slovenia,g13_00049_6.tif,6770300,571,0.98143,98.14,0.9369,1
slovenia,g13_00049_6.tif,6866782,76,0.13063,13.06,0.0,0
slovenia,g13_00049_6.tif,7016556,293,0.50361,50.36,0.8769,1
slovenia,g13_00049_6.tif,7016558,33,0.05672,5.67,0.0,0
slovenia,g13_00049_7.tif,6092740,307,0.52767,52.77,0.0808,0
slovenia,g13_00049_7.tif,6110234,76,0.13063,13.06,0.229,0
slovenia,g13_00049_7.tif,6110236,211,0.36267,36.27,0.0532,0
slovenia,g13_00049_7.tif,6110343,47,0.08078,8.08,0.0263,0
slovenia,g13_00049_7.tif,6110348,124,0.21313,21.31,0.4064,0
slovenia,g13_00049_7.tif,6110380,47,0.08078,8.08,0.0826,0
slovenia,g13_00049_7.tif,6221412,203,0.34892,34.89,0.0,0
slovenia,g13_00049_7.tif,6221414,10,0.01719,1.72,0.0,0
slovenia,g13_00049_7.tif,6221416,322,0.55345,55.35,0.0858,0
slovenia,g13_00049_7.tif,6221418,226,0.38845,38.84,0.0,0
slovenia,g13_00049_7.tif,6223332,101,0.1736,17.36,0.7228,1
slovenia,g13_00049_7.tif,6252455,414,0.71158,71.16,0.0205,0
slovenia,g13_00049_7.tif,6252459,196,0.33688,33.69,0.0,0
slovenia,g13_00049_7.tif,6252461,381,0.65486,65.49,0.0943,0
slovenia,g13_00049_7.tif,6252523,11,0.01891,1.89,0.0,0
slovenia,g13_00049_7.tif,6264627,370,0.63595,63.6,0.0058,0
slovenia,g13_00049_7.tif,6283035,204,0.35063,35.06,0.1682,0
slovenia,g13_00049_7.tif,6327981,226,0.38845,38.84,0.0,0
slovenia,g13_00049_7.tif,6327992,62,0.10657,10.66,0.0321,0
slovenia,g13_00049_7.tif,6328106,90,0.15469,15.47,0.0,0
slovenia,g13_00049_7.tif,6341375,194,0.33345,33.34,0.1759,0
slovenia,g13_00049_7.tif,6341390,305,0.52423,52.42,0.243,0
slovenia,g13_00049_7.tif,6344227,35,0.06016,6.02,0.1186,0
slovenia,g13_00049_7.tif,6344359,69,0.1186,11.86,0.2869,0
slovenia,g13_00049_7.tif,6380399,553,0.95049,95.05,0.2832,0
slovenia,g13_00049_7.tif,6380403,220,0.37814,37.81,0.2022,0
slovenia,g13_00049_7.tif,6380405,261,0.44861,44.86,0.2941,0
slovenia,g13_00049_7.tif,6380406,246,0.42282,42.28,0.5764,1
slovenia,g13_00049_7.tif,6380407,122,0.20969,20.97,0.6316,1
slovenia,g13_00049_7.tif,6380409,116,0.19938,19.94,0.0129,0
slovenia,g13_00049_7.tif,6380411,46,0.07906,7.91,0.0,0
slovenia,g13_00049_7.tif,6398751,144,0.24751,24.75,0.916,1
slovenia,g13_00049_7.tif,6437936,92,0.15813,15.81,0.5455,1
slovenia,g13_00049_7.tif,6562856,35,0.06016,6.02,0.1667,0
slovenia,g13_00049_7.tif,6635606,256,0.44001,44.0,0.565,1
slovenia,g13_00049_7.tif,6649740,144,0.24751,24.75,0.153,0
slovenia,g13_00049_7.tif,6653561,1260,2.16568,216.57,0.9272,1
slovenia,g13_00049_7.tif,6653566,503,0.86455,86.46,0.6435,1
slovenia,g13_00049_7.tif,6756601,28,0.04813,4.81,0.0741,0
slovenia,g13_00049_7.tif,6756616,76,0.13063,13.06,0.0,0
slovenia,g13_00049_7.tif,6770204,74,0.12719,12.72,0.4359,0
slovenia,g13_00049_7.tif,6770205,473,0.81299,81.3,0.6382,1
slovenia,g13_00049_7.tif,6770206,484,0.8319,83.19,0.6618,1
slovenia,g13_00049_7.tif,6770222,120,0.20626,20.63,0.4321,0
slovenia,g13_00049_7.tif,6770225,191,0.32829,32.83,0.1456,0
slovenia,g13_00049_7.tif,6770232,241,0.41423,41.42,0.1475,0
slovenia,g13_00049_7.tif,6770284,596,1.0244,102.44,0.3785,0
slovenia,g13_00049_7.tif,6770292,2144,3.6851,368.51,0.6375,1
slovenia,g13_00049_7.tif,6774587,348,0.59814,59.81,0.0,0
slovenia,g13_00049_7.tif,6774588,263,0.45204,45.2,0.6489,1
slovenia,g13_00049_7.tif,6774592,125,0.21485,21.48,0.1094,0
slovenia,g13_00049_7.tif,6774593,129,0.22172,22.17,0.0,0
slovenia,g13_00049_7.tif,6774598,83,0.14266,14.27,0.32,0
slovenia,g13_00049_7.tif,6805398,642,1.10347,110.35,0.9262,1
slovenia,g13_00049_7.tif,6823606,391,0.67205,67.2,0.0,0
slovenia,g13_00049_7.tif,6829264,377,0.64799,64.8,0.4536,0
slovenia,g13_00049_7.tif,6860112,508,0.87315,87.31,0.5269,1
slovenia,g13_00049_7.tif,6860115,58,0.09969,9.97,0.0,0
slovenia,g13_00049_7.tif,6862588,18,0.03094,3.09,0.0,0
slovenia,g13_00049_7.tif,6887688,433,0.74424,74.42,0.4784,0
slovenia,g13_00049_7.tif,6894186,201,0.34548,34.55,0.2583,0
slovenia,g13_00049_7.tif,7000878,419,0.72018,72.02,0.0306,0
slovenia,g13_00049_7.tif,7034472,64,0.11,11.0,0.88,1
slovenia,g13_00049_8.tif,6098023,153,0.26298,26.3,0.0656,0
slovenia,g13_00049_8.tif,6110175,374,0.64283,64.28,0.0,0
slovenia,g13_00049_8.tif,6110177,247,0.42454,42.45,0.805,1
slovenia,g13_00049_8.tif,6110179,53,0.0911,9.11,0.0,0
slovenia,g13_00049_8.tif,6120224,788,1.35441,135.44,0.3902,0
slovenia,g13_00049_8.tif,6120228,286,0.49158,49.16,0.874,1
slovenia,g13_00049_8.tif,6176673,162,0.27844,27.84,0.0,0
slovenia,g13_00049_8.tif,6184806,363,0.62392,62.39,0.0064,0
slovenia,g13_00049_8.tif,6184827,174,0.29907,29.91,0.1414,0
slovenia,g13_00049_8.tif,6214880,202,0.3472,34.72,0.2854,0
slovenia,g13_00049_8.tif,6214903,8,0.01375,1.38,0.0,0
slovenia,g13_00049_8.tif,6223341,166,0.28532,28.53,0.7956,1
slovenia,g13_00049_8.tif,6232032,478,0.82158,82.16,0.2171,0
slovenia,g13_00049_8.tif,6252463,283,0.48642,48.64,0.1665,0
slovenia,g13_00049_8.tif,6252465,160,0.27501,27.5,0.1139,0
slovenia,g13_00049_8.tif,6253354,295,0.50704,50.7,0.2821,0
slovenia,g13_00049_8.tif,6264621,235,0.40392,40.39,0.4116,0
slovenia,g13_00049_8.tif,6264622,266,0.4572,45.72,0.4209,0
slovenia,g13_00049_8.tif,6283032,951,1.63457,163.46,0.1114,0
slovenia,g13_00049_8.tif,6283036,270,0.46407,46.41,0.1564,0
slovenia,g13_00049_8.tif,6338362,251,0.43142,43.14,0.5024,1
slovenia,g13_00049_8.tif,6339203,676,1.16191,116.19,0.5439,1
slovenia,g13_00049_8.tif,6341388,171,0.29391,29.39,0.0425,0
slovenia,g13_00049_8.tif,6341390,133,0.2286,22.86,0.0,0
slovenia,g13_00049_8.tif,6345597,4,0.00688,0.69,0.0331,0
slovenia,g13_00049_8.tif,6345598,146,0.25094,25.09,0.6241,1
slovenia,g13_00049_8.tif,6355204,231,0.39704,39.7,0.0,0
slovenia,g13_00049_8.tif,6374858,231,0.39704,39.7,0.2214,0
slovenia,g13_00049_8.tif,6380397,361,0.62049,62.05,0.0,0
slovenia,g13_00049_8.tif,6380401,358,0.61533,61.53,0.0,0
slovenia,g13_00049_8.tif,6381093,824,1.41629,141.63,0.9172,1
slovenia,g13_00049_8.tif,6397236,280,0.48126,48.13,0.314,0
slovenia,g13_00049_8.tif,6398006,149,0.2561,25.61,0.1352,0
slovenia,g13_00049_8.tif,6398751,34,0.05844,5.84,0.0251,0
slovenia,g13_00049_8.tif,6398754,185,0.31798,31.8,0.0901,0
slovenia,g13_00049_8.tif,6412989,157,0.26985,26.99,0.0914,0
slovenia,g13_00049_8.tif,6418525,10,0.01719,1.72,0.0,0
slovenia,g13_00049_8.tif,6418526,166,0.28532,28.53,0.5066,1
slovenia,g13_00049_8.tif,6418528,15,0.02578,2.58,0.0,0
slovenia,g13_00049_8.tif,6418673,79,0.13578,13.58,0.1098,0
slovenia,g13_00049_8.tif,6418685,15,0.02578,2.58,0.0262,0
slovenia,g13_00049_8.tif,6430631,484,0.8319,83.19,0.4708,0
slovenia,g13_00049_8.tif,6455753,223,0.38329,38.33,0.5852,1
slovenia,g13_00049_8.tif,6494093,165,0.2836,28.36,0.1203,0
slovenia,g13_00049_8.tif,6494119,70,0.12032,12.03,0.0356,0
slovenia,g13_00049_8.tif,6494186,7,0.01203,1.2,0.0022,0
slovenia,g13_00049_8.tif,6592376,215,0.36954,36.95,0.1346,0
slovenia,g13_00049_8.tif,6613319,790,1.35785,135.78,0.5638,1
slovenia,g13_00049_8.tif,6615615,489,0.84049,84.05,0.2324,0
slovenia,g13_00049_8.tif,6615616,463,0.7958,79.58,0.7052,1
slovenia,g13_00049_8.tif,6670159,38,0.06531,6.53,0.32,0
slovenia,g13_00049_8.tif,6670162,166,0.28532,28.53,0.077,0
slovenia,g13_00049_8.tif,6670180,289,0.49673,49.67,0.1814,0
slovenia,g13_00049_8.tif,6670519,36,0.06188,6.19,0.0739,0
slovenia,g13_00049_8.tif,6670537,91,0.15641,15.64,0.2077,0
slovenia,g13_00049_8.tif,6689559,457,0.78549,78.55,0.0306,0
slovenia,g13_00049_8.tif,6710357,411,0.70643,70.64,0.2684,0
slovenia,g13_00049_8.tif,6710358,43,0.07391,7.39,0.0,0
slovenia,g13_00049_8.tif,6710363,339,0.58267,58.27,0.6605,1
slovenia,g13_00049_8.tif,6710364,207,0.35579,35.58,0.2145,0
slovenia,g13_00049_8.tif,6713642,593,1.01925,101.92,0.4409,0
slovenia,g13_00049_8.tif,6751246,1485,2.55241,255.24,0.0,0
slovenia,g13_00049_8.tif,6770213,392,0.67377,67.38,0.0229,0
slovenia,g13_00049_8.tif,6770233,529,0.90924,90.92,0.1262,0
slovenia,g13_00049_8.tif,6770292,3130,5.37983,537.98,0.8192,1
slovenia,g13_00049_8.tif,6805403,295,0.50704,50.7,0.2072,0
slovenia,g13_00049_8.tif,6823598,747,1.28394,128.39,0.1187,0
slovenia,g13_00049_8.tif,6823613,342,0.58783,58.78,0.1877,0
slovenia,g13_00049_8.tif,6823614,152,0.26126,26.13,0.0299,0
slovenia,g13_00049_8.tif,6841824,98,0.16844,16.84,0.0851,0
slovenia,g13_00049_8.tif,6841834,118,0.20282,20.28,0.1058,0
slovenia,g13_00049_8.tif,6841843,244,0.41939,41.94,0.8502,1
slovenia,g13_00049_8.tif,6860114,202,0.3472,34.72,0.1646,0
slovenia,g13_00049_8.tif,6894168,420,0.72189,72.19,0.2617,0
slovenia,g13_00049_8.tif,6894186,50,0.08594,8.59,0.0,0
slovenia,g13_00049_8.tif,6897698,294,0.50533,50.53,0.0794,0
slovenia,g13_00049_8.tif,6897700,254,0.43657,43.66,0.2083,0
slovenia,g13_00049_8.tif,6897721,309,0.53111,53.11,0.5349,1
slovenia,g13_00049_8.tif,6899693,402,0.69096,69.1,0.2279,0
slovenia,g13_00049_8.tif,6906333,1096,1.8838,188.38,0.0,0
slovenia,g13_00049_8.tif,6906421,362,0.6222,62.22,0.0604,0
slovenia,g13_00049_8.tif,6906422,273,0.46923,46.92,0.1868,0
slovenia,g13_00049_8.tif,6997569,392,0.67377,67.38,0.0,0
slovenia,g13_00049_8.tif,6997572,373,0.64111,64.11,0.83,1
slovenia,g13_00049_8.tif,6997575,70,0.12032,12.03,0.0175,0
slovenia,g13_00049_8.tif,6997584,142,0.24407,24.41,0.0717,0
slovenia,g13_00049_8.tif,7000868,167,0.28704,28.7,0.0,0
slovenia,g13_00050_7.tif,6128080,179,0.30766,30.77,0.763,1
slovenia,g13_00050_7.tif,6128102,280,0.48126,48.13,0.1753,0
slovenia,g13_00050_7.tif,6396835,72,0.12375,12.38,0.3977,0
slovenia,g13_00050_7.tif,6460493,189,0.32485,32.49,0.0,0
slovenia,g13_00050_7.tif,6467981,221,0.37985,37.99,0.0,0
slovenia,g13_00050_7.tif,6467982,11,0.01891,1.89,0.0,0
slovenia,g13_00050_7.tif,6467985,12,0.02063,2.06,0.0,0
slovenia,g13_00050_7.tif,6467986,423,0.72705,72.71,0.046,0
slovenia,g13_00050_7.tif,6484282,24,0.04125,4.13,0.0004,0
slovenia,g13_00050_7.tif,6484421,973,1.67239,167.24,0.1588,0
slovenia,g13_00050_7.tif,6484482,468,0.8044,80.44,0.0613,0
slovenia,g13_00050_7.tif,6484509,114,0.19594,19.59,0.0143,0
slovenia,g13_00050_7.tif,6498496,854,1.46785,146.79,0.4019,0
slovenia,g13_00050_7.tif,6534390,148,0.25438,25.44,0.0,0
slovenia,g13_00050_7.tif,6534401,318,0.54658,54.66,0.0,0
slovenia,g13_00050_7.tif,6534402,354,0.60845,60.85,0.1579,0
slovenia,g13_00050_7.tif,6591771,94,0.16157,16.16,0.0,0
slovenia,g13_00050_7.tif,6591772,24,0.04125,4.13,0.0,0
slovenia,g13_00050_7.tif,6597015,25,0.04297,4.3,0.0,0
slovenia,g13_00050_7.tif,6619656,836,1.43691,143.69,0.1963,0
slovenia,g13_00050_7.tif,6629370,75,0.12891,12.89,0.0,0
slovenia,g13_00050_7.tif,6629371,35,0.06016,6.02,0.0,0
slovenia,g13_00050_7.tif,6678677,452,0.7769,77.69,0.8724,1
slovenia,g13_00050_7.tif,6692523,115,0.19766,19.77,0.1906,0
slovenia,g13_00050_7.tif,6758748,102,0.17532,17.53,0.2641,0
slovenia,g13_00050_7.tif,6854676,5062,8.70054,870.05,0.4375,0
slovenia,g13_00050_7.tif,6854677,210,0.36095,36.09,0.0,0
slovenia,g13_00050_7.tif,6854684,4435,7.62286,762.29,0.5451,1
slovenia,g13_00050_7.tif,6854704,847,1.45582,145.58,0.3845,0
slovenia,g13_00050_7.tif,6854705,328,0.56377,56.38,0.0,0
slovenia,g13_00050_7.tif,7078241,546,0.93846,93.85,0.9504,1
slovenia,g13_00050_7.tif,7079352,524,0.90065,90.06,0.7047,1
slovenia,g13_00050_8.tif,6123472,87,0.14954,14.95,0.0385,0
slovenia,g13_00050_8.tif,6194605,87,0.14954,14.95,0.0667,0
slovenia,g13_00050_8.tif,6519254,52,0.08938,8.94,0.1333,0
slovenia,g13_00050_8.tif,6549572,269,0.46236,46.24,0.0,0
slovenia,g13_00050_8.tif,6854676,977,1.67926,167.93,0.7695,1
slovenia,g13_00050_8.tif,6854677,151,0.25954,25.95,0.0111,0
slovenia,g13_00050_8.tif,6854684,954,1.63973,163.97,0.5649,1
slovenia,g13_00050_8.tif,6854688,5124,8.80711,880.71,0.4305,0
slovenia,g13_00050_8.tif,6854692,1619,2.78273,278.27,0.2583,0
slovenia,g13_00050_8.tif,6854695,3594,6.17735,617.74,0.2035,0
slovenia,g13_00050_8.tif,6854703,879,1.51082,151.08,0.1412,0
slovenia,g13_00050_8.tif,6854705,467,0.80268,80.27,0.3306,0
slovenia,g13_00050_8.tif,6854706,370,0.63595,63.6,0.0,0
slovenia,g13_00050_8.tif,6854707,325,0.55861,55.86,0.0,0
slovenia,g13_00050_8.tif,6854708,200,0.34376,34.38,0.0,0
slovenia,g13_00050_8.tif,7017161,12,0.02063,2.06,0.0,0
slovenia,g13_00050_9.tif,6083760,389,0.66861,66.86,0.0,0
slovenia,g13_00050_9.tif,6084863,66,0.11344,11.34,0.0,0
slovenia,g13_00050_9.tif,6084865,95,0.16329,16.33,0.0,0
slovenia,g13_00050_9.tif,6127129,25,0.04297,4.3,0.0,0
slovenia,g13_00050_9.tif,6184396,375,0.64455,64.45,0.0,0
slovenia,g13_00050_9.tif,6249710,116,0.19938,19.94,0.0,0
slovenia,g13_00050_9.tif,6255363,313,0.53798,53.8,0.0,0
slovenia,g13_00050_9.tif,6267715,31,0.05328,5.33,0.0,0
slovenia,g13_00050_9.tif,6267718,108,0.18563,18.56,0.0,0
slovenia,g13_00050_9.tif,6276533,20,0.03438,3.44,0.0,0
slovenia,g13_00050_9.tif,6306413,408,0.70127,70.13,0.0,0
slovenia,g13_00050_9.tif,6327072,409,0.70299,70.3,0.0,0
slovenia,g13_00050_9.tif,6327075,396,0.68064,68.06,0.0,0
slovenia,g13_00050_9.tif,6346067,162,0.27844,27.84,0.0,0
slovenia,g13_00050_9.tif,6349551,289,0.49673,49.67,0.0,0
slovenia,g13_00050_9.tif,6349659,354,0.60845,60.85,0.0,0
slovenia,g13_00050_9.tif,6371584,567,0.97456,97.46,0.0,0
slovenia,g13_00050_9.tif,6371585,435,0.74768,74.77,0.0,0
slovenia,g13_00050_9.tif,6371595,345,0.59298,59.3,0.0,0
slovenia,g13_00050_9.tif,6375906,56,0.09625,9.63,0.0,0
slovenia,g13_00050_9.tif,6418055,541,0.92987,92.99,0.0,0
slovenia,g13_00050_9.tif,6418056,471,0.80955,80.96,0.0,0
slovenia,g13_00050_9.tif,6418062,507,0.87143,87.14,0.0,0
slovenia,g13_00050_9.tif,6452170,62,0.10657,10.66,0.0,0
slovenia,g13_00050_9.tif,6452354,24,0.04125,4.13,0.0,0
slovenia,g13_00050_9.tif,6524874,270,0.46407,46.41,0.0,0
slovenia,g13_00050_9.tif,6542721,17,0.02922,2.92,0.0,0
slovenia,g13_00050_9.tif,6542723,75,0.12891,12.89,0.0,0
slovenia,g13_00050_9.tif,6549571,366,0.62908,62.91,0.0,0
slovenia,g13_00050_9.tif,6549576,235,0.40392,40.39,0.0,0
slovenia,g13_00050_9.tif,6550113,1010,1.73598,173.6,0.0,0
slovenia,g13_00050_9.tif,6550140,413,0.70986,70.99,0.0,0
slovenia,g13_00050_9.tif,6733249,112,0.19251,19.25,0.0,0
slovenia,g13_00050_9.tif,6777712,102,0.17532,17.53,0.0625,0
slovenia,g13_00050_9.tif,6788105,297,0.51048,51.05,0.0,0
slovenia,g13_00050_9.tif,6803791,465,0.79924,79.92,0.0,0
slovenia,g13_00050_9.tif,6815062,350,0.60158,60.16,0.0,0
slovenia,g13_00050_9.tif,6821052,367,0.6308,63.08,0.0,0
slovenia,g13_00050_9.tif,6836771,381,0.65486,65.49,0.0,0
slovenia,g13_00050_9.tif,6880796,349,0.59986,59.99,0.0,0
slovenia,g13_00050_9.tif,6880901,820,1.40941,140.94,0.0,0
slovenia,g13_00050_9.tif,6880906,707,1.21519,121.52,0.0,0
slovenia,g13_00050_9.tif,6913253,485,0.83362,83.36,0.0,0
slovenia,g13_00050_9.tif,6969957,88,0.15125,15.13,0.0,0
slovenia,g13_00050_9.tif,6974298,27,0.04641,4.64,0.0,0
slovenia,g13_00050_9.tif,6974300,20,0.03438,3.44,0.0,0
slovenia,g13_00050_9.tif,6974305,133,0.2286,22.86,0.0,0
slovenia,g13_00050_9.tif,6974307,458,0.78721,78.72,0.0,0
slovenia,g13_00050_9.tif,6974345,481,0.82674,82.67,0.3778,0
slovenia,g13_00050_9.tif,7016232,1775,3.05086,305.09,0.0,0
slovenia,g13_00050_9.tif,7047109,628,1.0794,107.94,0.0,0
slovenia,g13_00051_18.tif,6182094,1555,2.67273,267.27,0.0,0
slovenia,g13_00051_18.tif,6182096,648,1.11378,111.38,0.0,0
slovenia,g13_00051_18.tif,6182097,85,0.1461,14.61,0.0,0
slovenia,g13_00051_18.tif,6196446,244,0.41939,41.94,0.0,0
slovenia,g13_00051_18.tif,6230967,233,0.40048,40.05,0.0,0
slovenia,g13_00051_18.tif,6230968,118,0.20282,20.28,0.1279,0
slovenia,g13_00051_18.tif,6230978,205,0.35235,35.24,0.1423,0
slovenia,g13_00051_18.tif,6339205,426,0.73221,73.22,0.2215,0
slovenia,g13_00051_18.tif,6380410,70,0.12032,12.03,0.0,0
slovenia,g13_00051_18.tif,6381099,285,0.48986,48.99,0.0,0
slovenia,g13_00051_18.tif,6392095,525,0.90237,90.24,0.0,0
slovenia,g13_00051_18.tif,6392096,131,0.22516,22.52,0.0,0
slovenia,g13_00051_18.tif,6435532,152,0.26126,26.13,0.0,0
slovenia,g13_00051_18.tif,6435607,154,0.26469,26.47,0.0233,0
slovenia,g13_00051_18.tif,6442942,246,0.42282,42.28,0.0456,0
slovenia,g13_00051_18.tif,6442949,440,0.75627,75.63,0.0843,0
slovenia,g13_00051_18.tif,6442971,201,0.34548,34.55,0.1184,0
slovenia,g13_00051_18.tif,6580294,43,0.07391,7.39,0.0,0
slovenia,g13_00051_18.tif,6740436,983,1.68958,168.96,0.545,1
slovenia,g13_00051_18.tif,6770197,637,1.09487,109.49,0.8924,1
slovenia,g13_00051_18.tif,6770198,835,1.43519,143.52,0.8753,1
slovenia,g13_00051_18.tif,6770207,336,0.57752,57.75,0.3416,0
slovenia,g13_00051_18.tif,6770211,439,0.75455,75.46,0.0,0
slovenia,g13_00051_18.tif,6770219,12,0.02063,2.06,0.0,0
slovenia,g13_00051_18.tif,6770226,102,0.17532,17.53,0.0524,0
slovenia,g13_00051_18.tif,6774586,294,0.50533,50.53,0.0,0
slovenia,g13_00051_18.tif,6774595,129,0.22172,22.17,0.0,0
slovenia,g13_00051_18.tif,7000827,1006,1.72911,172.91,0.1567,0
slovenia,g13_00051_18.tif,7000892,114,0.19594,19.59,0.0,0
slovenia,g13_00051_18.tif,7016546,181,0.3111,31.11,0.0,0
slovenia,g13_00051_18.tif,7016549,19,0.03266,3.27,0.0,0
slovenia,g13_00051_18.tif,7016556,36,0.06188,6.19,0.5263,1
slovenia,g13_00051_18.tif,7041632,265,0.45548,45.55,0.1491,0
slovenia,g13_00051_18.tif,7049823,466,0.80096,80.1,0.1116,0
slovenia,g13_00051_18.tif,7049826,442,0.75971,75.97,0.0,0
slovenia,g13_00051_18.tif,7052350,139,0.23891,23.89,0.5933,1
slovenia,g13_00051_18.tif,7052415,60,0.10313,10.31,0.1736,0
slovenia,g13_00052_0.tif,6087986,23,0.03953,3.95,0.0,0
slovenia,g13_00052_0.tif,6182091,995,1.7102,171.02,0.0,0
slovenia,g13_00052_0.tif,6182098,1495,2.5696,256.96,0.0,0
slovenia,g13_00052_0.tif,6190797,14,0.02406,2.41,0.0,0
slovenia,g13_00052_0.tif,6190799,118,0.20282,20.28,0.0,0
slovenia,g13_00052_0.tif,6190800,19,0.03266,3.27,0.0,0
slovenia,g13_00052_0.tif,6190801,803,1.38019,138.02,0.0,0
slovenia,g13_00052_0.tif,6190803,291,0.50017,50.02,0.0,0
slovenia,g13_00052_0.tif,6217734,859,1.47645,147.64,0.2876,0
slovenia,g13_00052_0.tif,6226250,109,0.18735,18.73,0.0,0
slovenia,g13_00052_0.tif,6296607,354,0.60845,60.85,0.0927,0
slovenia,g13_00052_0.tif,6327992,15,0.02578,2.58,0.0035,0
slovenia,g13_00052_0.tif,6341375,81,0.13922,13.92,0.02,0
slovenia,g13_00052_0.tif,6380403,88,0.15125,15.13,0.0306,0
slovenia,g13_00052_0.tif,6649705,622,1.06909,106.91,0.0,0
slovenia,g13_00052_0.tif,6649736,200,0.34376,34.38,0.0625,0
slovenia,g13_00052_0.tif,6649740,65,0.11172,11.17,0.0176,0
slovenia,g13_00052_0.tif,6740436,243,0.41767,41.77,0.8632,1
slovenia,g13_00052_0.tif,6770195,1211,2.08146,208.15,0.4633,0
slovenia,g13_00052_0.tif,6770222,164,0.28188,28.19,0.5105,1
slovenia,g13_00052_0.tif,6770238,704,1.21003,121.0,0.2767,0
slovenia,g13_00052_0.tif,6770239,577,0.99175,99.17,0.5362,1
slovenia,g13_00052_0.tif,6774587,35,0.06016,6.02,0.1569,0
slovenia,g13_00052_0.tif,6774589,211,0.36267,36.27,0.0789,0
slovenia,g13_00052_0.tif,6774591,226,0.38845,38.84,0.0,0
slovenia,g13_00052_0.tif,6803761,287,0.49329,49.33,0.0897,0
slovenia,g13_00052_0.tif,6829264,211,0.36267,36.27,0.0702,0
slovenia,g13_00052_0.tif,6860113,261,0.44861,44.86,0.0265,0
slovenia,g13_00052_0.tif,6873366,302,0.51908,51.91,0.0,0
slovenia,g13_00052_0.tif,7000847,417,0.71674,71.67,0.1194,0
slovenia,g13_00052_0.tif,7000892,157,0.26985,26.99,0.0157,0
slovenia,g13_00052_0.tif,7034472,767,1.31832,131.83,0.152,0
slovenia,g13_00052_0.tif,7038771,607,1.04331,104.33,0.0,0
slovenia,g13_00052_0.tif,7038772,1428,2.45444,245.44,0.0,0
slovenia,g13_00052_0.tif,7038773,814,1.3991,139.91,0.0,0
slovenia,g13_00052_0.tif,7038774,393,0.67549,67.55,0.0,0
slovenia,g13_00052_0.tif,7038775,200,0.34376,34.38,0.0,0
slovenia,g13_00052_0.tif,7038776,55,0.09453,9.45,0.0,0
slovenia,g13_00052_1.tif,6190469,18,0.03094,3.09,0.0,0
slovenia,g13_00052_1.tif,6190470,998,1.71536,171.54,0.0,0
slovenia,g13_00052_1.tif,6190471,242,0.41595,41.59,0.0,0
slovenia,g13_00052_1.tif,6190474,1044,1.79442,179.44,0.0,0
slovenia,g13_00052_1.tif,6190475,193,0.33173,33.17,0.0,0
slovenia,g13_00052_1.tif,6190796,1897,3.26056,326.06,0.0,0
slovenia,g13_00052_1.tif,6190797,960,1.65004,165.0,0.0,0
slovenia,g13_00052_1.tif,6190799,802,1.37847,137.85,0.0,0
slovenia,g13_00052_1.tif,6190800,249,0.42798,42.8,0.0,0
slovenia,g13_00052_1.tif,6190801,69,0.1186,11.86,0.0,0
slovenia,g13_00052_1.tif,6190803,41,0.07047,7.05,0.0,0
slovenia,g13_00052_1.tif,6194785,394,0.67721,67.72,0.0,0
slovenia,g13_00052_1.tif,6196445,1917,3.29493,329.49,0.0,0
slovenia,g13_00052_1.tif,6264619,13,0.02234,2.23,0.0,0
slovenia,g13_00052_1.tif,6264621,289,0.49673,49.67,0.0,0
slovenia,g13_00052_1.tif,6296608,18,0.03094,3.09,0.0,0
slovenia,g13_00052_1.tif,6414261,74,0.12719,12.72,0.0,0
slovenia,g13_00052_1.tif,6418525,24,0.04125,4.13,0.0,0
slovenia,g13_00052_1.tif,6418526,16,0.0275,2.75,0.0,0
slovenia,g13_00052_1.tif,6897617,232,0.39876,39.88,0.0,0
slovenia,g13_00052_1.tif,6897709,269,0.46236,46.24,0.0,0
slovenia,g13_00052_1.tif,6997566,746,1.28222,128.22,0.0,0
slovenia,g13_00052_1.tif,7038773,38,0.06531,6.53,0.0,0
slovenia,g13_00053_0.tif,6971221,400,0.68752,68.75,0.0,0
slovenia,g13_00053_0.tif,6980488,243,0.41767,41.77,0.0,0
slovenia,g13_00053_0.tif,7047120,14,0.02406,2.41,0.0,0
slovenia,g13_00053_1.tif,6160273,7,0.01203,1.2,0.0,0
slovenia,g13_00053_1.tif,6165943,51,0.08766,8.77,0.0,0
slovenia,g13_00053_1.tif,6421433,286,0.49158,49.16,0.2777,0
slovenia,g13_00053_1.tif,6421438,6,0.01031,1.03,0.0,0
slovenia,g13_00053_1.tif,6421450,95,0.16329,16.33,0.0,0
slovenia,g13_00053_1.tif,6421451,67,0.11516,11.52,0.0,0
slovenia,g13_00053_1.tif,6421553,530,0.91096,91.1,0.0,0
slovenia,g13_00053_1.tif,6615155,6,0.01031,1.03,0.0,0
slovenia,g13_00053_1.tif,6615156,300,0.51564,51.56,0.0,0
slovenia,g13_00053_1.tif,6971221,244,0.41939,41.94,0.8638,1
slovenia,g13_00053_1.tif,6993334,561,0.96424,96.42,0.66,1
slovenia,g13_00053_2.tif,6132336,193,0.33173,33.17,0.1942,0
slovenia,g13_00053_2.tif,6132337,416,0.71502,71.5,0.0,0
slovenia,g13_00053_2.tif,6140907,381,0.65486,65.49,0.3883,0
slovenia,g13_00053_2.tif,6149368,186,0.3197,31.97,0.0,0
slovenia,g13_00053_2.tif,6149370,11,0.01891,1.89,0.0,0
slovenia,g13_00053_2.tif,6149372,26,0.04469,4.47,0.0,0
slovenia,g13_00053_2.tif,6160265,293,0.50361,50.36,0.4684,0
slovenia,g13_00053_2.tif,6160277,244,0.41939,41.94,0.8856,1
slovenia,g13_00053_2.tif,6160281,118,0.20282,20.28,0.0,0
slovenia,g13_00053_2.tif,6160291,263,0.45204,45.2,0.4223,0
slovenia,g13_00053_2.tif,6187098,121,0.20797,20.8,0.0,0
slovenia,g13_00053_2.tif,6187099,141,0.24235,24.24,0.1171,0
slovenia,g13_00053_2.tif,6187100,140,0.24063,24.06,0.0651,0
slovenia,g13_00053_2.tif,6187104,46,0.07906,7.91,0.0,0
slovenia,g13_00053_2.tif,6194610,186,0.3197,31.97,0.1237,0
slovenia,g13_00053_2.tif,6211547,269,0.46236,46.24,0.0,0
slovenia,g13_00053_2.tif,6211551,75,0.12891,12.89,0.0,0
slovenia,g13_00053_2.tif,6211553,159,0.27329,27.33,0.425,0
slovenia,g13_00053_2.tif,6276533,589,1.01237,101.24,0.0,0
slovenia,g13_00053_2.tif,6281545,152,0.26126,26.13,0.1278,0
slovenia,g13_00053_2.tif,6290650,131,0.22516,22.52,0.015,0
slovenia,g13_00053_2.tif,6290654,223,0.38329,38.33,0.0,0
slovenia,g13_00053_2.tif,6300983,7,0.01203,1.2,0.0026,0
slovenia,g13_00053_2.tif,6306408,419,0.72018,72.02,0.7275,1
slovenia,g13_00053_2.tif,6319440,113,0.19422,19.42,0.0469,0
slovenia,g13_00053_2.tif,6319490,151,0.25954,25.95,0.2397,0
slovenia,g13_00053_2.tif,6320537,369,0.63424,63.42,0.4452,0
slovenia,g13_00053_2.tif,6320538,166,0.28532,28.53,0.0769,0
slovenia,g13_00053_2.tif,6340045,309,0.53111,53.11,0.162,0
slovenia,g13_00053_2.tif,6340053,211,0.36267,36.27,0.0887,0
slovenia,g13_00053_2.tif,6350851,160,0.27501,27.5,0.0,0
slovenia,g13_00053_2.tif,6350859,760,1.30628,130.63,0.0283,0
slovenia,g13_00053_2.tif,6350862,622,1.06909,106.91,0.646,1
slovenia,g13_00053_2.tif,6350868,149,0.2561,25.61,0.3684,0
slovenia,g13_00053_2.tif,6350914,16,0.0275,2.75,0.0,0
slovenia,g13_00053_2.tif,6371592,222,0.38157,38.16,0.8449,1
slovenia,g13_00053_2.tif,6371614,279,0.47954,47.95,0.0,0
slovenia,g13_00053_2.tif,6371622,279,0.47954,47.95,0.281,0
slovenia,g13_00053_2.tif,6410810,405,0.69611,69.61,0.0,0
slovenia,g13_00053_2.tif,6413043,258,0.44345,44.34,0.5549,1
slovenia,g13_00053_2.tif,6413045,253,0.43486,43.49,0.1467,0
slovenia,g13_00053_2.tif,6413048,197,0.3386,33.86,0.2251,0
slovenia,g13_00053_2.tif,6413049,242,0.41595,41.59,0.8398,1
slovenia,g13_00053_2.tif,6413051,395,0.67892,67.89,0.4085,0
slovenia,g13_00053_2.tif,6417241,171,0.29391,29.39,0.0536,0
slovenia,g13_00053_2.tif,6418200,20,0.03438,3.44,0.0,0
slovenia,g13_00053_2.tif,6421431,380,0.65314,65.31,0.6528,1
slovenia,g13_00053_2.tif,6421433,63,0.10828,10.83,0.3909,0
slovenia,g13_00053_2.tif,6421434,471,0.80955,80.96,0.7122,1
slovenia,g13_00053_2.tif,6421437,64,0.11,11.0,0.0,0
slovenia,g13_00053_2.tif,6421440,132,0.22688,22.69,0.1212,0
slovenia,g13_00053_2.tif,6421451,8,0.01375,1.38,0.0,0
slovenia,g13_00053_2.tif,6426493,80,0.1375,13.75,0.0183,0
slovenia,g13_00053_2.tif,6426517,60,0.10313,10.31,0.0036,0
slovenia,g13_00053_2.tif,6437466,14,0.02406,2.41,0.0009,0
slovenia,g13_00053_2.tif,6437839,76,0.13063,13.06,0.0009,0
slovenia,g13_00053_2.tif,6464992,64,0.11,11.0,0.0,0
slovenia,g13_00053_2.tif,6465006,54,0.09281,9.28,0.0,0
slovenia,g13_00053_2.tif,6465105,131,0.22516,22.52,0.625,1
slovenia,g13_00053_2.tif,6469706,235,0.40392,40.39,0.3766,0
slovenia,g13_00053_2.tif,6551690,1571,2.70023,270.02,0.0,0
slovenia,g13_00053_2.tif,6614064,482,0.82846,82.85,0.8545,1
slovenia,g13_00053_2.tif,6614068,328,0.56377,56.38,0.125,0
slovenia,g13_00053_2.tif,6615156,45,0.07735,7.73,0.1111,0
slovenia,g13_00053_2.tif,6654894,190,0.32657,32.66,0.1545,0
slovenia,g13_00053_2.tif,6678697,41,0.07047,7.05,0.0462,0
slovenia,g13_00053_2.tif,6733237,172,0.29563,29.56,0.0082,0
slovenia,g13_00053_2.tif,6733240,209,0.35923,35.92,0.1797,0
slovenia,g13_00053_2.tif,6733245,123,0.21141,21.14,0.0,0
slovenia,g13_00053_2.tif,6733250,127,0.21829,21.83,0.0558,0
slovenia,g13_00053_2.tif,6736343,21,0.03609,3.61,0.0065,0
slovenia,g13_00053_2.tif,6736390,52,0.08938,8.94,0.014,0
slovenia,g13_00053_2.tif,6741496,127,0.21829,21.83,0.1121,0
slovenia,g13_00053_2.tif,6755862,288,0.49501,49.5,0.5427,1
slovenia,g13_00053_2.tif,6755890,453,0.77861,77.86,0.038,0
slovenia,g13_00053_2.tif,6780862,21,0.03609,3.61,0.0,0
slovenia,g13_00053_2.tif,6788115,311,0.53455,53.45,0.2243,0
slovenia,g13_00053_2.tif,6788124,28,0.04813,4.81,0.0,0
slovenia,g13_00053_2.tif,6808345,37,0.0636,6.36,0.0,0
slovenia,g13_00053_2.tif,6845777,299,0.51392,51.39,0.2527,0
slovenia,g13_00053_2.tif,6849279,402,0.69096,69.1,0.0,0
slovenia,g13_00053_2.tif,6882769,854,1.46785,146.79,0.0,0
slovenia,g13_00053_2.tif,6940497,23,0.03953,3.95,0.0,0
slovenia,g13_00053_2.tif,6974301,859,1.47645,147.64,0.9199,1
slovenia,g13_00053_2.tif,6975171,216,0.37126,37.13,0.2404,0
slovenia,g13_00053_2.tif,6975172,361,0.62049,62.05,0.865,1
slovenia,g13_00053_2.tif,6975174,257,0.44173,44.17,0.527,1
slovenia,g13_00053_2.tif,6975182,103,0.17704,17.7,0.0,0
slovenia,g13_00053_2.tif,6975184,36,0.06188,6.19,0.0,0
slovenia,g13_00053_2.tif,6975185,218,0.3747,37.47,0.4081,0
slovenia,g13_00053_2.tif,6993334,81,0.13922,13.92,0.405,0
slovenia,g13_00053_2.tif,6998388,85,0.1461,14.61,0.0,0
slovenia,g13_00053_2.tif,6998391,45,0.07735,7.73,0.0,0
slovenia,g13_00053_2.tif,7005593,93,0.15985,15.98,0.0,0
slovenia,g13_00053_2.tif,7011682,427,0.73393,73.39,0.3153,0
slovenia,g13_00053_2.tif,7011772,465,0.79924,79.92,0.3519,0
slovenia,g13_00053_2.tif,7012517,58,0.09969,9.97,0.0,0
slovenia,g13_00053_2.tif,7022705,17,0.02922,2.92,0.0,0
slovenia,g13_00053_2.tif,7047113,241,0.41423,41.42,0.9158,1
slovenia,g13_00054_11.tif,6103823,30,0.05156,5.16,0.0,0
slovenia,g13_00054_11.tif,6103824,52,0.08938,8.94,0.0,0
slovenia,g13_00054_11.tif,6111508,70,0.12032,12.03,0.0,0
slovenia,g13_00054_11.tif,6427251,41,0.07047,7.05,0.0,0
slovenia,g13_00054_11.tif,6441353,32,0.055,5.5,0.0,0
slovenia,g13_00054_11.tif,6441354,31,0.05328,5.33,0.0,0
slovenia,g13_00054_11.tif,6451937,44,0.07563,7.56,0.0,0
slovenia,g13_00054_11.tif,6608299,99,0.17016,17.02,0.0,0
slovenia,g13_00054_11.tif,6608300,18,0.03094,3.09,0.0,0
slovenia,g13_00054_11.tif,6813501,89,0.15297,15.3,0.0,0
slovenia,g13_00054_11.tif,6875007,111,0.19079,19.08,0.0,0
slovenia,g13_00054_11.tif,7049821,324,0.55689,55.69,0.0,0
slovenia,g13_00054_12.tif,6142558,172,0.29563,29.56,0.0,0
slovenia,g13_00054_12.tif,6568474,2087,3.58713,358.71,0.0,0
slovenia,g13_00054_12.tif,6568478,1019,1.75145,175.15,0.0,0
slovenia,g13_00054_12.tif,7049813,2576,4.42762,442.76,0.0,0
slovenia,g13_00054_12.tif,7049821,43,0.07391,7.39,0.0,0
slovenia,g13_00054_12.tif,7049827,358,0.61533,61.53,0.0,0
slovenia,g13_00054_12.tif,7049828,306,0.52595,52.6,0.0,0
slovenia,g13_00054_13.tif,6135408,54,0.09281,9.28,0.0,0
slovenia,g13_00054_13.tif,6167515,98,0.16844,16.84,0.0,0
slovenia,g13_00054_13.tif,6178146,68,0.11688,11.69,0.0,0
slovenia,g13_00054_13.tif,6178147,78,0.13407,13.41,0.0,0
slovenia,g13_00054_13.tif,6190471,451,0.77518,77.52,0.0,0
slovenia,g13_00054_13.tif,6194785,959,1.64833,164.83,0.0,0
slovenia,g13_00054_13.tif,6194786,625,1.07425,107.42,0.0,0
slovenia,g13_00054_13.tif,6196445,22,0.03781,3.78,0.0,0
slovenia,g13_00054_13.tif,6217500,99,0.17016,17.02,0.0,0
slovenia,g13_00054_13.tif,6286401,36,0.06188,6.19,0.0,0
slovenia,g13_00054_13.tif,6309889,57,0.09797,9.8,0.0,0
slovenia,g13_00054_13.tif,6311352,421,0.72361,72.36,0.0,0
slovenia,g13_00054_13.tif,6372948,28,0.04813,4.81,0.0,0
slovenia,g13_00054_13.tif,6375658,27,0.04641,4.64,0.0,0
slovenia,g13_00054_13.tif,6403025,57,0.09797,9.8,0.0,0
slovenia,g13_00054_13.tif,6637341,22,0.03781,3.78,0.0,0
slovenia,g13_00054_13.tif,6661966,73,0.12547,12.55,0.0,0
slovenia,g13_00054_13.tif,6661968,12,0.02063,2.06,0.0,0
slovenia,g13_00054_13.tif,6661977,410,0.70471,70.47,0.0,0
slovenia,g13_00054_13.tif,6661978,218,0.3747,37.47,0.0,0
slovenia,g13_00054_13.tif,6809526,58,0.09969,9.97,0.0,0
slovenia,g13_00054_13.tif,6952881,22,0.03781,3.78,0.0,0
slovenia,g13_00054_13.tif,6952890,37,0.0636,6.36,0.0,0
slovenia,g13_00054_13.tif,6979565,10,0.01719,1.72,0.0,0
slovenia,g13_00054_13.tif,6997566,38,0.06531,6.53,0.0,0
slovenia,g13_00054_13.tif,7024571,50,0.08594,8.59,0.0,0
slovenia,g6_00003_14.tif,6099948,11,0.01891,1.89,0.0,0
slovenia,g6_00003_14.tif,6168187,47,0.08078,8.08,0.0,0
slovenia,g6_00003_14.tif,6168188,12,0.02063,2.06,0.0,0
slovenia,g6_00003_14.tif,6186686,26,0.04469,4.47,0.0,0
slovenia,g6_00003_14.tif,6200892,46,0.07906,7.91,0.1423,0
slovenia,g6_00003_14.tif,6200955,59,0.10141,10.14,0.0644,0
slovenia,g6_00003_14.tif,6664380,40,0.06875,6.88,0.0,0
slovenia,g6_00003_14.tif,6664390,15,0.02578,2.58,0.0,0
slovenia,g6_00003_14.tif,6972917,79,0.13578,13.58,0.7424,1
slovenia,g6_00003_15.tif,6099794,13,0.02234,2.23,0.0,0
slovenia,g6_00003_15.tif,6099798,55,0.09453,9.45,0.0,0
slovenia,g6_00003_15.tif,6099924,167,0.28704,28.7,0.0,0
slovenia,g6_00003_15.tif,6099948,14,0.02406,2.41,0.0,0
slovenia,g6_00003_15.tif,6168187,7,0.01203,1.2,0.0,0
slovenia,g6_00003_15.tif,6186661,259,0.44517,44.52,0.0,0
slovenia,g6_00003_15.tif,6186676,107,0.18391,18.39,0.0,0
slovenia,g6_00003_15.tif,6186686,32,0.055,5.5,0.0,0
slovenia,g6_00003_15.tif,6186907,28,0.04813,4.81,0.0,0
slovenia,g6_00003_15.tif,6200892,78,0.13407,13.41,0.4851,0
slovenia,g6_00003_15.tif,6200955,65,0.11172,11.17,0.3469,0
slovenia,g6_00003_15.tif,6249988,30,0.05156,5.16,0.0,0
slovenia,g6_00003_15.tif,6366021,85,0.1461,14.61,0.0,0
slovenia,g6_00003_15.tif,6659154,27,0.04641,4.64,0.0,0
slovenia,g6_00003_15.tif,6860169,24,0.04125,4.13,0.0,0
slovenia,g6_00003_15.tif,6860170,260,0.44689,44.69,0.0,0
slovenia,g6_00003_15.tif,6860171,61,0.10485,10.48,0.0,0
slovenia,g6_00003_15.tif,7021036,110,0.18907,18.91,0.0,0
slovenia,g6_00003_15.tif,7021046,12,0.02063,2.06,0.0,0
slovenia,g6_00003_15.tif,7023699,12,0.02063,2.06,0.0,0
slovenia,g6_00003_15.tif,7029785,54,0.09281,9.28,0.2353,0
slovenia,g6_00003_15.tif,7077166,16,0.0275,2.75,0.0,0
slovenia,g6_00003_15.tif,7077168,30,0.05156,5.16,0.0,0
slovenia,g6_00003_15.tif,7077169,13,0.02234,2.23,0.0,0
slovenia,g6_00003_16.tif,6249989,365,0.62736,62.74,0.0,0
slovenia,g6_00003_16.tif,6249990,238,0.40907,40.91,0.0,0
slovenia,g6_00003_16.tif,6250000,268,0.46064,46.06,0.0,0
slovenia,g6_00003_16.tif,6366019,398,0.68408,68.41,0.0,0
slovenia,g6_00003_16.tif,6366020,139,0.23891,23.89,0.0,0
slovenia,g6_00003_16.tif,6366021,40,0.06875,6.88,0.0,0
slovenia,g6_00003_16.tif,6366026,226,0.38845,38.84,0.0,0
slovenia,g6_00003_16.tif,6366028,52,0.08938,8.94,0.0,0
slovenia,g6_00003_16.tif,6465134,321,0.55173,55.17,0.0,0
slovenia,g6_00003_16.tif,6545711,388,0.66689,66.69,0.0,0
slovenia,g6_00003_16.tif,6545718,165,0.2836,28.36,0.0,0
slovenia,g6_00003_16.tif,6567399,1230,2.11412,211.41,0.0,0
slovenia,g6_00003_16.tif,6567445,91,0.15641,15.64,0.4098,0
slovenia,g6_00003_16.tif,6567451,267,0.45892,45.89,0.0,0
slovenia,g6_00003_16.tif,6567454,155,0.26641,26.64,0.0,0
slovenia,g6_00003_16.tif,6567473,442,0.75971,75.97,0.0,0
slovenia,g6_00003_16.tif,6634491,588,1.01065,101.07,0.0,0
slovenia,g6_00003_16.tif,6693343,12,0.02063,2.06,0.0,0
slovenia,g6_00003_16.tif,6710067,462,0.79408,79.41,0.0,0
slovenia,g6_00003_16.tif,6799693,436,0.74939,74.94,0.0,0
slovenia,g6_00003_16.tif,6820055,710,1.22034,122.03,0.8557,1
slovenia,g6_00003_16.tif,6843349,935,1.60707,160.71,0.0,0
slovenia,g6_00003_16.tif,6860176,62,0.10657,10.66,0.0,0
slovenia,g6_00003_16.tif,6962549,115,0.19766,19.77,0.0,0
slovenia,g6_00003_16.tif,6962867,143,0.24579,24.58,0.0,0
slovenia,g6_00003_16.tif,6962952,66,0.11344,11.34,0.0,0
slovenia,g6_00003_16.tif,6963075,133,0.2286,22.86,0.0,0
slovenia,g6_00003_16.tif,6973865,645,1.10862,110.86,0.0,0
slovenia,g6_00003_16.tif,6973891,391,0.67205,67.2,0.0,0
slovenia,g6_00003_16.tif,6973905,258,0.44345,44.34,0.0,0
slovenia,g6_00003_16.tif,6973912,156,0.26813,26.81,0.0,0
slovenia,g6_00003_16.tif,6996178,181,0.3111,31.11,0.0,0
slovenia,g6_00003_16.tif,6996183,1711,2.94086,294.09,0.0,0
slovenia,g6_00003_16.tif,6996438,371,0.63767,63.77,0.0,0
slovenia,g6_00003_16.tif,7021036,74,0.12719,12.72,0.0,0
slovenia,g6_00003_16.tif,7021044,160,0.27501,27.5,0.0,0
slovenia,g6_00003_16.tif,7021046,30,0.05156,5.16,0.0,0
slovenia,g6_00003_16.tif,7021052,82,0.14094,14.09,0.0,0
slovenia,g6_00003_16.tif,7023699,42,0.07219,7.22,0.0,0
slovenia,g6_00003_16.tif,7023714,83,0.14266,14.27,0.0,0
slovenia,g6_00003_16.tif,7029781,413,0.70986,70.99,0.0,0
slovenia,g6_00003_16.tif,7029785,315,0.54142,54.14,0.0,0
slovenia,g6_00003_16.tif,7029798,178,0.30595,30.59,0.0,0
slovenia,g6_00003_2.tif,6433909,10,0.01719,1.72,0.0,0
slovenia,g6_00003_2.tif,6450055,38,0.06531,6.53,0.0,0
slovenia,g6_00003_2.tif,6592607,17,0.02922,2.92,0.0,0
slovenia,g6_00003_2.tif,6869778,46,0.07906,7.91,0.0,0
slovenia,g6_00003_3.tif,6128373,54,0.09281,9.28,0.0,0
slovenia,g6_00003_3.tif,6128374,23,0.03953,3.95,0.0,0
slovenia,g6_00003_3.tif,6128378,19,0.03266,3.27,0.0,0
slovenia,g6_00003_3.tif,6274364,31,0.05328,5.33,0.0,0
slovenia,g6_00003_3.tif,6287783,22,0.03781,3.78,0.0,0
slovenia,g6_00003_3.tif,6699035,46,0.07906,7.91,0.0,0
slovenia,g6_00003_3.tif,6699098,35,0.06016,6.02,0.0,0
slovenia,g6_00003_3.tif,7039522,33,0.05672,5.67,0.0,0
slovenia,g6_00003_3.tif,7039523,48,0.0825,8.25,0.0,0
slovenia,g6_00003_3.tif,7039526,17,0.02922,2.92,0.0,0
slovenia,g6_00003_3.tif,7039529,51,0.08766,8.77,0.0,0
slovenia,g6_00003_4.tif,6311519,27,0.04641,4.64,0.0,0
slovenia,g6_00003_4.tif,6311520,24,0.04125,4.13,0.0,0
slovenia,g6_00003_4.tif,6311526,27,0.04641,4.64,0.0,0
slovenia,g6_00003_4.tif,6311535,67,0.11516,11.52,0.0,0
slovenia,g6_00003_4.tif,6528946,35,0.06016,6.02,0.0,0
slovenia,g6_00003_4.tif,6528948,17,0.02922,2.92,0.0,0
slovenia,g6_00003_4.tif,6543604,13,0.02234,2.23,0.0,0
slovenia,g6_00006_15.tif,6090604,421,0.72361,72.36,0.1895,0
slovenia,g6_00006_15.tif,6090616,123,0.21141,21.14,0.0,0
slovenia,g6_00006_15.tif,6090794,59,0.10141,10.14,0.0,0
slovenia,g6_00006_15.tif,6094417,36,0.06188,6.19,0.0,0
slovenia,g6_00006_15.tif,6099793,450,0.77346,77.35,0.0,0
slovenia,g6_00006_15.tif,6099808,244,0.41939,41.94,0.7745,1
slovenia,g6_00006_15.tif,6099824,4,0.00688,0.69,0.0,0
slovenia,g6_00006_15.tif,6099865,134,0.23032,23.03,0.008,0
slovenia,g6_00006_15.tif,6168179,242,0.41595,41.59,0.1243,0
slovenia,g6_00006_15.tif,6168184,313,0.53798,53.8,0.0,0
slovenia,g6_00006_15.tif,6209285,42,0.07219,7.22,0.0,0
slovenia,g6_00006_15.tif,6250020,55,0.09453,9.45,0.0,0
slovenia,g6_00006_15.tif,6250182,56,0.09625,9.63,0.0,0
slovenia,g6_00006_15.tif,6259435,147,0.25266,25.27,0.0,0
slovenia,g6_00006_15.tif,6284834,12,0.02063,2.06,0.0,0
slovenia,g6_00006_15.tif,6284838,183,0.31454,31.45,0.0,0
slovenia,g6_00006_15.tif,6284839,116,0.19938,19.94,0.0,0
slovenia,g6_00006_15.tif,6451499,33,0.05672,5.67,0.0,0
slovenia,g6_00006_15.tif,6593428,236,0.40564,40.56,0.0,0
slovenia,g6_00006_15.tif,6669216,377,0.64799,64.8,0.0,0
slovenia,g6_00006_15.tif,6710204,280,0.48126,48.13,0.0728,0
slovenia,g6_00006_15.tif,6710213,389,0.66861,66.86,0.0,0
slovenia,g6_00006_15.tif,6710215,258,0.44345,44.34,0.0,0
slovenia,g6_00006_15.tif,6820044,257,0.44173,44.17,0.0,0
slovenia,g6_00006_15.tif,6820057,648,1.11378,111.38,0.1085,0
slovenia,g6_00006_15.tif,6857273,32,0.055,5.5,0.0,0
slovenia,g6_00006_15.tif,6860366,279,0.47954,47.95,0.0,0
slovenia,g6_00006_15.tif,6860367,150,0.25782,25.78,0.0,0
slovenia,g6_00006_15.tif,6860369,170,0.2922,29.22,0.0,0
slovenia,g6_00006_15.tif,6860375,148,0.25438,25.44,0.0,0
slovenia,g6_00006_15.tif,6860381,187,0.32141,32.14,0.0,0
slovenia,g6_00006_15.tif,6860525,177,0.30423,30.42,0.0,0
slovenia,g6_00006_15.tif,6860599,56,0.09625,9.63,0.0,0
slovenia,g6_00006_15.tif,6860964,12,0.02063,2.06,0.0,0
slovenia,g6_00006_15.tif,6861170,90,0.15469,15.47,0.0,0
slovenia,g6_00006_15.tif,6861767,21,0.03609,3.61,0.0,0
slovenia,g6_00006_15.tif,6862132,146,0.25094,25.09,0.0,0
slovenia,g6_00006_15.tif,6897449,202,0.3472,34.72,0.0,0
slovenia,g6_00006_15.tif,6972907,384,0.66002,66.0,0.0,0
slovenia,g6_00006_15.tif,6972908,173,0.29735,29.74,0.0,0
slovenia,g6_00006_15.tif,6972917,56,0.09625,9.63,0.6512,1
slovenia,g6_00006_15.tif,7077164,1211,2.08146,208.15,0.0,0
slovenia,g6_00006_15.tif,7077180,685,1.17738,117.74,0.0,0
slovenia,g6_00006_16.tif,6098871,280,0.48126,48.13,0.0,0
slovenia,g6_00006_16.tif,6098872,233,0.40048,40.05,0.0,0
slovenia,g6_00006_16.tif,6098877,161,0.27673,27.67,0.0,0
slovenia,g6_00006_16.tif,6099042,161,0.27673,27.67,0.0,0
slovenia,g6_00006_16.tif,6099808,99,0.17016,17.02,0.5802,1
slovenia,g6_00006_16.tif,6099823,518,0.89034,89.03,0.0,0
slovenia,g6_00006_16.tif,6099824,396,0.68064,68.06,0.0,0
slovenia,g6_00006_16.tif,6168184,17,0.02922,2.92,0.0,0
slovenia,g6_00006_16.tif,6186664,394,0.67721,67.72,0.0,0
slovenia,g6_00006_16.tif,6186667,273,0.46923,46.92,0.0,0
slovenia,g6_00006_16.tif,6191838,96,0.165,16.5,0.0,0
slovenia,g6_00006_16.tif,6200984,273,0.46923,46.92,0.0243,0
slovenia,g6_00006_16.tif,6249995,1308,2.24818,224.82,0.0,0
slovenia,g6_00006_16.tif,6249997,183,0.31454,31.45,0.0,0
slovenia,g6_00006_16.tif,6522029,72,0.12375,12.38,0.0,0
slovenia,g6_00006_16.tif,6537291,7,0.01203,1.2,0.0,0
slovenia,g6_00006_16.tif,6537598,269,0.46236,46.24,0.0,0
slovenia,g6_00006_16.tif,6545697,754,1.29597,129.6,0.0,0
slovenia,g6_00006_16.tif,6545699,620,1.06565,106.57,0.0,0
slovenia,g6_00006_16.tif,6593401,375,0.64455,64.45,0.0,0
slovenia,g6_00006_16.tif,6593417,156,0.26813,26.81,0.0,0
slovenia,g6_00006_16.tif,6664360,192,0.33001,33.0,0.0,0
slovenia,g6_00006_16.tif,6710204,1424,2.44757,244.76,0.0,0
slovenia,g6_00006_16.tif,6710212,1025,1.76177,176.18,0.0,0
slovenia,g6_00006_16.tif,6710215,217,0.37298,37.3,0.0,0
slovenia,g6_00006_16.tif,6710219,440,0.75627,75.63,0.0,0
slovenia,g6_00006_16.tif,6820069,336,0.57752,57.75,0.0,0
slovenia,g6_00006_16.tif,6820108,111,0.19079,19.08,0.0,0
slovenia,g6_00006_16.tif,6868471,70,0.12032,12.03,0.0,0
slovenia,g6_00006_16.tif,6868655,122,0.20969,20.97,0.0,0
slovenia,g6_00006_16.tif,6868674,61,0.10485,10.48,0.0,0
slovenia,g6_00006_16.tif,6868766,86,0.14782,14.78,0.0,0
slovenia,g6_00006_16.tif,6897405,294,0.50533,50.53,0.0,0
slovenia,g6_00006_16.tif,6897406,182,0.31282,31.28,0.0,0
slovenia,g6_00006_16.tif,6897411,489,0.84049,84.05,0.0,0
slovenia,g6_00006_16.tif,6897748,497,0.85424,85.42,0.0,0
slovenia,g6_00006_16.tif,6897964,276,0.47439,47.44,0.0,0
slovenia,g6_00006_16.tif,6972904,1511,2.5971,259.71,0.0,0
slovenia,g6_00006_16.tif,6972908,76,0.13063,13.06,0.0,0
slovenia,g6_00006_16.tif,6972912,278,0.47783,47.78,0.0,0
slovenia,g6_00006_16.tif,6973830,254,0.43657,43.66,0.0,0
slovenia,g6_00006_16.tif,6973836,19,0.03266,3.27,0.3333,0
slovenia,g6_00006_16.tif,6973838,1130,1.94224,194.22,0.0,0
slovenia,g6_00006_16.tif,6973863,798,1.3716,137.16,0.0,0
slovenia,g6_00006_16.tif,6988088,779,1.33894,133.89,0.0,0
slovenia,g6_00006_16.tif,6988297,153,0.26298,26.3,0.0,0
slovenia,g6_00006_16.tif,7077173,156,0.26813,26.81,0.0,0
slovenia,g6_00006_16.tif,7077180,127,0.21829,21.83,0.0,0
slovenia,g6_00006_17.tif,6098870,1087,1.86833,186.83,0.0,0
slovenia,g6_00006_17.tif,6098965,408,0.70127,70.13,0.0,0
slovenia,g6_00006_17.tif,6366012,1142,1.96286,196.29,0.0,0
slovenia,g6_00006_17.tif,6377430,238,0.40907,40.91,0.0,0
slovenia,g6_00006_17.tif,6479372,576,0.99003,99.0,0.0,0
slovenia,g6_00006_17.tif,6479387,258,0.44345,44.34,0.0,0
slovenia,g6_00006_17.tif,6479440,283,0.48642,48.64,0.0,0
slovenia,g6_00006_17.tif,6479936,707,1.21519,121.52,0.4117,0
slovenia,g6_00006_17.tif,6537291,185,0.31798,31.8,0.0,0
slovenia,g6_00006_17.tif,6537598,108,0.18563,18.56,0.0,0
slovenia,g6_00006_17.tif,6545699,346,0.5947,59.47,0.0,0
slovenia,g6_00006_17.tif,6567399,9,0.01547,1.55,0.0,0
slovenia,g6_00006_17.tif,6567414,694,1.19284,119.28,0.0,0
slovenia,g6_00006_17.tif,6567445,225,0.38673,38.67,0.0,0
slovenia,g6_00006_17.tif,6567446,343,0.58955,58.95,0.0,0
slovenia,g6_00006_17.tif,6567454,75,0.12891,12.89,0.0,0
slovenia,g6_00006_17.tif,6634496,122,0.20969,20.97,0.0,0
slovenia,g6_00006_17.tif,6693343,972,1.67067,167.07,0.0,0
slovenia,g6_00006_17.tif,6693345,947,1.6277,162.77,0.0,0
slovenia,g6_00006_17.tif,6693350,870,1.49535,149.54,0.0,0
slovenia,g6_00006_17.tif,6693356,520,0.89377,89.38,0.0,0
slovenia,g6_00006_17.tif,6693359,684,1.17566,117.57,0.0,0
slovenia,g6_00006_17.tif,6693373,436,0.74939,74.94,0.0,0
slovenia,g6_00006_17.tif,6693439,311,0.53455,53.45,0.0431,0
slovenia,g6_00006_17.tif,6701964,461,0.79236,79.24,0.0,0
slovenia,g6_00006_17.tif,6710066,670,1.15159,115.16,0.0,0
slovenia,g6_00006_17.tif,6710219,222,0.38157,38.16,0.0,0
slovenia,g6_00006_17.tif,6747866,57,0.09797,9.8,0.0,0
slovenia,g6_00006_17.tif,6820032,880,1.51254,151.25,0.0,0
slovenia,g6_00006_17.tif,6820037,1251,2.15021,215.02,0.0,0
slovenia,g6_00006_17.tif,6820082,213,0.3661,36.61,0.0,0
slovenia,g6_00006_17.tif,6820103,179,0.30766,30.77,0.1452,0
slovenia,g6_00006_17.tif,6843350,338,0.58095,58.1,0.0,0
slovenia,g6_00006_17.tif,6851229,670,1.15159,115.16,0.0,0
slovenia,g6_00006_17.tif,6856938,471,0.80955,80.96,0.0,0
slovenia,g6_00006_17.tif,6897393,78,0.13407,13.41,0.0,0
slovenia,g6_00006_17.tif,6897395,140,0.24063,24.06,0.0,0
slovenia,g6_00006_17.tif,6897496,77,0.13235,13.23,0.0213,0
slovenia,g6_00006_17.tif,6897503,55,0.09453,9.45,0.0,0
slovenia,g6_00006_17.tif,6973827,169,0.29048,29.05,0.0,0
slovenia,g6_00006_17.tif,6973830,894,1.5366,153.66,0.0,0
slovenia,g6_00006_17.tif,6973836,814,1.3991,139.91,0.0,0
slovenia,g6_00006_17.tif,6973847,1000,1.7188,171.88,0.6052,1
slovenia,g6_00006_17.tif,6973859,873,1.50051,150.05,0.0,0
slovenia,g6_00006_17.tif,6973889,482,0.82846,82.85,0.0,0
slovenia,g6_00006_17.tif,6973928,100,0.17188,17.19,0.0,0
slovenia,g6_00006_17.tif,6973947,134,0.23032,23.03,0.0,0
slovenia,g6_00006_17.tif,6979431,501,0.86112,86.11,0.0,0
slovenia,g6_00006_17.tif,6988088,411,0.70643,70.64,0.0,0
slovenia,g6_00006_17.tif,6988297,543,0.93331,93.33,0.0,0
slovenia,g6_00006_17.tif,6996131,1109,1.90614,190.61,0.0575,0
slovenia,g6_00006_17.tif,6996143,900,1.54692,154.69,0.0072,0
slovenia,g6_00006_17.tif,6996144,482,0.82846,82.85,0.0,0
slovenia,g6_00006_17.tif,6996145,781,1.34238,134.24,0.0,0
slovenia,g6_00006_17.tif,6996151,509,0.87487,87.49,0.0,0
slovenia,g6_00006_17.tif,6996153,491,0.84393,84.39,0.0,0
slovenia,g6_00006_17.tif,6996155,349,0.59986,59.99,0.0,0
slovenia,g6_00006_17.tif,6996187,153,0.26298,26.3,0.0,0
slovenia,g6_00006_17.tif,6996357,490,0.84221,84.22,0.0,0
slovenia,g6_00006_17.tif,6996438,755,1.29769,129.77,0.0,0
slovenia,g6_00006_17.tif,6998248,267,0.45892,45.89,0.0,0
slovenia,g6_00006_17.tif,7021056,398,0.68408,68.41,0.0,0
slovenia,g6_00006_3.tif,6136400,15,0.02578,2.58,0.0,0
slovenia,g6_00006_3.tif,6737614,11,0.01891,1.89,0.0,0
slovenia,g6_00006_3.tif,6737628,19,0.03266,3.27,0.0,0
slovenia,g6_00006_3.tif,6826738,56,0.09625,9.63,0.0,0
slovenia,g6_00006_3.tif,6826742,131,0.22516,22.52,0.0,0
slovenia,g6_00006_3.tif,6826743,72,0.12375,12.38,0.0,0
slovenia,g6_00006_3.tif,6826745,103,0.17704,17.7,0.0,0
slovenia,g6_00006_3.tif,6826752,57,0.09797,9.8,0.0,0
slovenia,g6_00006_3.tif,6826755,65,0.11172,11.17,0.0,0
slovenia,g6_00006_3.tif,6856440,30,0.05156,5.16,0.0,0
slovenia,g6_00006_4.tif,6085695,29,0.04985,4.98,0.0,0
slovenia,g6_00006_4.tif,6085698,32,0.055,5.5,0.0,0
slovenia,g6_00006_4.tif,6085700,115,0.19766,19.77,0.0,0
slovenia,g6_00006_4.tif,6085702,103,0.17704,17.7,0.0,0
slovenia,g6_00006_4.tif,6085708,9,0.01547,1.55,0.0,0
slovenia,g6_00006_4.tif,6223680,34,0.05844,5.84,0.0,0
slovenia,g6_00006_4.tif,6275528,55,0.09453,9.45,0.0,0
slovenia,g6_00006_4.tif,6275536,123,0.21141,21.14,0.0,0
slovenia,g6_00006_4.tif,6302276,93,0.15985,15.98,0.0,0
slovenia,g6_00006_4.tif,6314762,20,0.03438,3.44,0.0,0
slovenia,g6_00006_4.tif,6458974,12,0.02063,2.06,0.0,0
slovenia,g6_00006_4.tif,6526453,46,0.07906,7.91,0.0,0
slovenia,g6_00006_4.tif,6544269,63,0.10828,10.83,0.0,0
slovenia,g6_00006_4.tif,6600408,19,0.03266,3.27,0.0,0
slovenia,g6_00006_4.tif,6600436,8,0.01375,1.38,0.0,0
slovenia,g6_00006_4.tif,6604373,98,0.16844,16.84,0.0,0
slovenia,g6_00006_4.tif,6694727,46,0.07906,7.91,0.0,0
slovenia,g6_00006_4.tif,6705102,91,0.15641,15.64,0.0,0
slovenia,g6_00006_4.tif,6734257,22,0.03781,3.78,0.0,0
slovenia,g6_00006_4.tif,6908002,20,0.03438,3.44,0.0,0
slovenia,g6_00006_4.tif,6908013,61,0.10485,10.48,0.0,0
slovenia,g6_00006_4.tif,7058843,41,0.07047,7.05,0.0,0
slovenia,g6_00006_4.tif,7058871,17,0.02922,2.92,0.006,0
slovenia,g6_00006_4.tif,7058872,150,0.25782,25.78,0.1123,0
slovenia,g6_00006_5.tif,6085730,217,0.37298,37.3,0.0,0
slovenia,g6_00006_5.tif,6085735,106,0.18219,18.22,0.0,0
slovenia,g6_00006_5.tif,6085736,49,0.08422,8.42,0.0,0
slovenia,g6_00006_5.tif,6085740,14,0.02406,2.41,0.0,0
slovenia,g6_00006_5.tif,6086501,14,0.02406,2.41,0.0,0
slovenia,g6_00006_5.tif,6086524,23,0.03953,3.95,0.0,0
slovenia,g6_00006_5.tif,6191389,8,0.01375,1.38,0.0,0
slovenia,g6_00006_5.tif,6191390,15,0.02578,2.58,0.0,0
slovenia,g6_00006_5.tif,6191392,82,0.14094,14.09,0.0,0
slovenia,g6_00006_5.tif,6191394,29,0.04985,4.98,0.0,0
slovenia,g6_00006_5.tif,6191449,6,0.01031,1.03,0.0,0
slovenia,g6_00006_5.tif,6191454,26,0.04469,4.47,0.0,0
slovenia,g6_00006_5.tif,6223686,41,0.07047,7.05,0.0,0
slovenia,g6_00006_5.tif,6275532,114,0.19594,19.59,0.0,0
slovenia,g6_00006_5.tif,6311395,75,0.12891,12.89,0.0,0
slovenia,g6_00006_5.tif,6365117,115,0.19766,19.77,0.0,0
slovenia,g6_00006_5.tif,6419975,21,0.03609,3.61,0.0,0
slovenia,g6_00006_5.tif,6436537,26,0.04469,4.47,0.0,0
slovenia,g6_00006_5.tif,6436538,41,0.07047,7.05,0.0,0
slovenia,g6_00006_5.tif,6550461,88,0.15125,15.13,0.0,0
slovenia,g6_00006_5.tif,6550463,4,0.00688,0.69,0.0,0
slovenia,g6_00006_5.tif,6705080,55,0.09453,9.45,0.0,0
slovenia,g6_00006_5.tif,6705090,33,0.05672,5.67,0.0,0
slovenia,g6_00006_5.tif,6705091,57,0.09797,9.8,0.0,0
slovenia,g6_00006_5.tif,6744603,64,0.11,11.0,0.0,0
slovenia,g6_00006_5.tif,6744622,39,0.06703,6.7,0.0,0
slovenia,g6_00006_5.tif,6773233,13,0.02234,2.23,0.0,0
slovenia,g6_00006_5.tif,6891434,40,0.06875,6.88,0.0,0
slovenia,g6_00006_5.tif,6954415,37,0.0636,6.36,0.0,0
slovenia,g6_00006_5.tif,6954441,45,0.07735,7.73,0.0,0
slovenia,g6_00009_16.tif,6160255,319,0.5483,54.83,0.6109,1
slovenia,g6_00009_16.tif,6160258,278,0.47783,47.78,0.0,0
slovenia,g6_00009_16.tif,6160262,54,0.09281,9.28,0.4872,0
slovenia,g6_00009_16.tif,6250020,43,0.07391,7.39,0.0,0
slovenia,g6_00009_16.tif,6250182,29,0.04985,4.98,0.0,0
slovenia,g6_00009_16.tif,6259433,61,0.10485,10.48,0.0,0
slovenia,g6_00009_16.tif,6259438,98,0.16844,16.84,0.0,0
slovenia,g6_00009_16.tif,6259440,283,0.48642,48.64,0.4206,0
slovenia,g6_00009_16.tif,6277997,234,0.4022,40.22,0.9018,1
slovenia,g6_00009_16.tif,6278255,188,0.32313,32.31,0.4387,0
slovenia,g6_00009_16.tif,6468919,45,0.07735,7.73,0.0,0
slovenia,g6_00009_16.tif,6522080,193,0.33173,33.17,0.0,0
slovenia,g6_00009_16.tif,6522081,42,0.07219,7.22,0.0,0
slovenia,g6_00009_16.tif,6537286,12,0.02063,2.06,0.0,0
slovenia,g6_00009_16.tif,6537287,19,0.03266,3.27,0.0,0
slovenia,g6_00009_16.tif,6593425,172,0.29563,29.56,0.0,0
slovenia,g6_00009_16.tif,6597935,49,0.08422,8.42,0.0,0
slovenia,g6_00009_16.tif,6669204,76,0.13063,13.06,0.0,0
slovenia,g6_00009_16.tif,6693347,75,0.12891,12.89,0.0,0
slovenia,g6_00009_16.tif,6747865,26,0.04469,4.47,0.0769,0
slovenia,g6_00009_16.tif,6748019,49,0.08422,8.42,0.5538,1
slovenia,g6_00009_16.tif,6748040,94,0.16157,16.16,0.0566,0
slovenia,g6_00009_16.tif,6756411,53,0.0911,9.11,0.0,0
slovenia,g6_00009_16.tif,6792328,141,0.24235,24.24,0.0,0
slovenia,g6_00009_16.tif,6897409,463,0.7958,79.58,0.8474,1
slovenia,g6_00009_16.tif,6899501,51,0.08766,8.77,0.0,0
slovenia,g6_00009_16.tif,6901598,360,0.61877,61.88,0.0,0
slovenia,g6_00009_16.tif,6901606,29,0.04985,4.98,0.0,0
slovenia,g6_00009_17.tif,6098875,28,0.04813,4.81,0.0,0
slovenia,g6_00009_17.tif,6098876,214,0.36782,36.78,0.0,0
slovenia,g6_00009_17.tif,6098879,127,0.21829,21.83,0.0,0
slovenia,g6_00009_17.tif,6098880,67,0.11516,11.52,0.0,0
slovenia,g6_00009_17.tif,6160262,13,0.02234,2.23,0.0,0
slovenia,g6_00009_17.tif,6160268,187,0.32141,32.14,0.0,0
slovenia,g6_00009_17.tif,6160271,121,0.20797,20.8,0.0,0
slovenia,g6_00009_17.tif,6160494,137,0.23548,23.55,0.0,0
slovenia,g6_00009_17.tif,6160495,66,0.11344,11.34,0.0022,0
slovenia,g6_00009_17.tif,6191834,125,0.21485,21.48,0.125,0
slovenia,g6_00009_17.tif,6267398,292,0.50189,50.19,0.0,0
slovenia,g6_00009_17.tif,6267417,90,0.15469,15.47,0.2075,0
slovenia,g6_00009_17.tif,6268526,43,0.07391,7.39,0.0,0
slovenia,g6_00009_17.tif,6272948,151,0.25954,25.95,0.0,0
slovenia,g6_00009_17.tif,6272949,4,0.00688,0.69,0.0,0
slovenia,g6_00009_17.tif,6277992,312,0.53626,53.63,0.0352,0
slovenia,g6_00009_17.tif,6278101,103,0.17704,17.7,0.1894,0
slovenia,g6_00009_17.tif,6278118,125,0.21485,21.48,0.1283,0
slovenia,g6_00009_17.tif,6278329,31,0.05328,5.33,0.0,0
slovenia,g6_00009_17.tif,6284829,32,0.055,5.5,0.76,1
slovenia,g6_00009_17.tif,6468914,292,0.50189,50.19,0.606,1
slovenia,g6_00009_17.tif,6479391,102,0.17532,17.53,0.0,0
slovenia,g6_00009_17.tif,6479392,66,0.11344,11.34,0.0,0
slovenia,g6_00009_17.tif,6479428,175,0.30079,30.08,0.0,0
slovenia,g6_00009_17.tif,6479435,146,0.25094,25.09,0.0,0
slovenia,g6_00009_17.tif,6516288,169,0.29048,29.05,0.0,0
slovenia,g6_00009_17.tif,6516290,102,0.17532,17.53,0.0,0
slovenia,g6_00009_17.tif,6516291,109,0.18735,18.73,0.0,0
slovenia,g6_00009_17.tif,6516351,9,0.01547,1.55,0.0,0
slovenia,g6_00009_17.tif,6516355,147,0.25266,25.27,0.0,0
slovenia,g6_00009_17.tif,6516550,142,0.24407,24.41,0.0,0
slovenia,g6_00009_17.tif,6522041,251,0.43142,43.14,0.4663,0
slovenia,g6_00009_17.tif,6522056,411,0.70643,70.64,0.8815,1
slovenia,g6_00009_17.tif,6522064,42,0.07219,7.22,0.0,0
slovenia,g6_00009_17.tif,6522146,74,0.12719,12.72,0.0,0
slovenia,g6_00009_17.tif,6522205,319,0.5483,54.83,0.0,0
slovenia,g6_00009_17.tif,6537279,671,1.15331,115.33,0.5236,1
slovenia,g6_00009_17.tif,6537284,444,0.76315,76.31,0.0674,0
slovenia,g6_00009_17.tif,6537287,12,0.02063,2.06,0.0,0
slovenia,g6_00009_17.tif,6537561,111,0.19079,19.08,0.0,0
slovenia,g6_00009_17.tif,6537563,70,0.12032,12.03,0.0195,0
slovenia,g6_00009_17.tif,6537581,148,0.25438,25.44,0.0,0
slovenia,g6_00009_17.tif,6552531,350,0.60158,60.16,0.0803,0
slovenia,g6_00009_17.tif,6597921,118,0.20282,20.28,0.0,0
slovenia,g6_00009_17.tif,6666613,644,1.1069,110.69,0.2791,0
slovenia,g6_00009_17.tif,6666617,20,0.03438,3.44,0.0,0
slovenia,g6_00009_17.tif,6666618,91,0.15641,15.64,0.6778,1
slovenia,g6_00009_17.tif,6669237,138,0.23719,23.72,0.1777,0
slovenia,g6_00009_17.tif,6669246,323,0.55517,55.52,0.0,0
slovenia,g6_00009_17.tif,6710226,491,0.84393,84.39,0.0098,0
slovenia,g6_00009_17.tif,6747865,428,0.73564,73.56,0.0,0
slovenia,g6_00009_17.tif,6748019,93,0.15985,15.98,0.6974,1
slovenia,g6_00009_17.tif,6748040,7,0.01203,1.2,0.0154,0
slovenia,g6_00009_17.tif,6774736,82,0.14094,14.09,0.0,0
slovenia,g6_00009_17.tif,6774737,123,0.21141,21.14,0.0,0
slovenia,g6_00009_17.tif,6774743,247,0.42454,42.45,0.0,0
slovenia,g6_00009_17.tif,6775615,148,0.25438,25.44,0.0,0
slovenia,g6_00009_17.tif,6868204,88,0.15125,15.13,0.0,0
slovenia,g6_00009_17.tif,6868838,257,0.44173,44.17,0.0,0
slovenia,g6_00009_17.tif,6868899,56,0.09625,9.63,0.0,0
slovenia,g6_00009_17.tif,6868909,70,0.12032,12.03,0.0,0
slovenia,g6_00009_17.tif,6897400,766,1.3166,131.66,0.6406,1
slovenia,g6_00009_17.tif,6897417,371,0.63767,63.77,0.3217,0
slovenia,g6_00009_17.tif,6897419,225,0.38673,38.67,0.0,0
slovenia,g6_00009_17.tif,6897464,153,0.26298,26.3,0.864,1
slovenia,g6_00009_17.tif,6897491,84,0.14438,14.44,0.0,0
slovenia,g6_00009_17.tif,6989289,205,0.35235,35.24,0.0,0
slovenia,g6_00009_17.tif,7040860,16,0.0275,2.75,0.0,0
slovenia,g6_00009_17.tif,7040862,69,0.1186,11.86,0.0,0
slovenia,g6_00009_17.tif,7040863,34,0.05844,5.84,0.0,0
slovenia,g6_00009_17.tif,7040865,19,0.03266,3.27,0.0,0
slovenia,g6_00009_17.tif,7050016,914,1.57098,157.1,0.9173,1
slovenia,g6_00009_17.tif,7050020,321,0.55173,55.17,0.0,0
slovenia,g6_00009_17.tif,7050021,95,0.16329,16.33,0.0,0
slovenia,g6_00009_17.tif,7056209,256,0.44001,44.0,0.0,0
slovenia,g6_00009_17.tif,7056210,27,0.04641,4.64,0.0,0
slovenia,g6_00009_17.tif,7056250,220,0.37814,37.81,0.0,0
slovenia,g6_00009_17.tif,7056265,186,0.3197,31.97,0.0,0
slovenia,g6_00009_18.tif,6160248,1032,1.7738,177.38,0.8958,1
slovenia,g6_00009_18.tif,6191827,473,0.81299,81.3,0.0,0
slovenia,g6_00009_18.tif,6191829,17,0.02922,2.92,0.0,0
slovenia,g6_00009_18.tif,6191832,145,0.24923,24.92,0.0,0
slovenia,g6_00009_18.tif,6191834,98,0.16844,16.84,0.2262,0
slovenia,g6_00009_18.tif,6191837,81,0.13922,13.92,0.5,1
slovenia,g6_00009_18.tif,6277988,378,0.6497,64.97,0.4856,0
slovenia,g6_00009_18.tif,6278083,334,0.57408,57.41,0.4153,0
slovenia,g6_00009_18.tif,6278101,146,0.25094,25.09,0.0,0
slovenia,g6_00009_18.tif,6278118,147,0.25266,25.27,0.0,0
slovenia,g6_00009_18.tif,6345912,515,0.88518,88.52,0.0882,0
slovenia,g6_00009_18.tif,6468911,1052,1.80817,180.82,0.1325,0
slovenia,g6_00009_18.tif,6468912,1053,1.80989,180.99,0.0186,0
slovenia,g6_00009_18.tif,6468914,152,0.26126,26.13,0.5114,1
slovenia,g6_00009_18.tif,6468921,130,0.22344,22.34,0.0333,0
slovenia,g6_00009_18.tif,6479373,511,0.8783,87.83,0.3325,0
slovenia,g6_00009_18.tif,6479384,726,1.24785,124.78,0.1268,0
slovenia,g6_00009_18.tif,6479399,286,0.49158,49.16,0.0541,0
slovenia,g6_00009_18.tif,6479407,167,0.28704,28.7,0.0,0
slovenia,g6_00009_18.tif,6479417,286,0.49158,49.16,0.9275,1
slovenia,g6_00009_18.tif,6479449,113,0.19422,19.42,0.8642,1
slovenia,g6_00009_18.tif,6480212,206,0.35407,35.41,0.0836,0
slovenia,g6_00009_18.tif,6480213,149,0.2561,25.61,0.0823,0
slovenia,g6_00009_18.tif,6516351,435,0.74768,74.77,0.5195,1
slovenia,g6_00009_18.tif,6521981,1293,2.2224,222.24,0.0,0
slovenia,g6_00009_18.tif,6521984,1256,2.15881,215.88,0.9006,1
slovenia,g6_00009_18.tif,6522024,63,0.10828,10.83,0.2059,0
slovenia,g6_00009_18.tif,6522041,515,0.88518,88.52,0.8685,1
slovenia,g6_00009_18.tif,6522137,153,0.26298,26.3,0.3694,0
slovenia,g6_00009_18.tif,6522179,617,1.0605,106.05,0.7789,1
slovenia,g6_00009_18.tif,6593415,150,0.25782,25.78,0.3678,0
slovenia,g6_00009_18.tif,6593441,125,0.21485,21.48,0.6731,1
slovenia,g6_00009_18.tif,6593447,270,0.46407,46.41,0.7393,1
slovenia,g6_00009_18.tif,6666610,1474,2.5335,253.35,0.023,0
slovenia,g6_00009_18.tif,6666618,489,0.84049,84.05,0.12,0
slovenia,g6_00009_18.tif,6666834,629,1.08112,108.11,0.8123,1
slovenia,g6_00009_18.tif,6667033,783,1.34582,134.58,0.0,0
slovenia,g6_00009_18.tif,6667117,753,1.29425,129.43,0.0,0
slovenia,g6_00009_18.tif,6669237,207,0.35579,35.58,0.0,0
slovenia,g6_00009_18.tif,6669238,262,0.45032,45.03,0.1942,0
slovenia,g6_00009_18.tif,6669243,177,0.30423,30.42,0.0,0
slovenia,g6_00009_18.tif,6669245,231,0.39704,39.7,0.2742,0
slovenia,g6_00009_18.tif,6693340,1096,1.8838,188.38,0.0,0
slovenia,g6_00009_18.tif,6693419,1466,2.51975,251.98,0.7492,1
slovenia,g6_00009_18.tif,6693432,58,0.09969,9.97,0.0,0
slovenia,g6_00009_18.tif,6710209,21,0.03609,3.61,0.6,1
slovenia,g6_00009_18.tif,6710223,189,0.32485,32.49,0.7244,1
slovenia,g6_00009_18.tif,6710229,451,0.77518,77.52,0.3634,0
slovenia,g6_00009_18.tif,6710233,168,0.28876,28.88,0.7301,1
slovenia,g6_00009_18.tif,6720399,147,0.25266,25.27,0.0,0
slovenia,g6_00009_18.tif,6792280,458,0.78721,78.72,0.0,0
slovenia,g6_00009_18.tif,6792285,246,0.42282,42.28,0.0252,0
slovenia,g6_00009_18.tif,6792288,11,0.01891,1.89,0.0154,0
slovenia,g6_00009_18.tif,6792291,427,0.73393,73.39,0.9091,1
slovenia,g6_00009_18.tif,6792301,212,0.36438,36.44,0.7188,1
slovenia,g6_00009_18.tif,6792326,218,0.3747,37.47,0.0,0
slovenia,g6_00009_18.tif,6792356,87,0.14954,14.95,0.2917,0
slovenia,g6_00009_18.tif,6792359,66,0.11344,11.34,0.1613,0
slovenia,g6_00009_18.tif,6792372,320,0.55001,55.0,0.058,0
slovenia,g6_00009_18.tif,6792374,159,0.27329,27.33,0.021,0
slovenia,g6_00009_18.tif,6897419,118,0.20282,20.28,0.9255,1
slovenia,g6_00009_18.tif,6898416,596,1.0244,102.44,0.0,0
slovenia,g6_00009_18.tif,6899092,449,0.77174,77.17,0.1044,0
slovenia,g6_00009_18.tif,6899104,1223,2.10209,210.21,0.8172,1
slovenia,g6_00009_18.tif,6899155,266,0.4572,45.72,0.0,0
slovenia,g6_00009_18.tif,6899208,155,0.26641,26.64,0.0,0
slovenia,g6_00009_18.tif,6899209,294,0.50533,50.53,0.0,0
slovenia,g6_00009_18.tif,6899302,208,0.35751,35.75,0.4845,0
slovenia,g6_00009_18.tif,6949437,459,0.78893,78.89,0.9186,1
slovenia,g6_00009_18.tif,6972242,144,0.24751,24.75,0.3529,0
slovenia,g6_00009_18.tif,6972245,182,0.31282,31.28,0.0588,0
slovenia,g6_00009_18.tif,6989315,195,0.33517,33.52,0.72,1
slovenia,g6_00009_18.tif,7056222,433,0.74424,74.42,0.0791,0
slovenia,g6_00009_18.tif,7056223,540,0.92815,92.81,0.0047,0
slovenia,g6_00009_18.tif,7056248,275,0.47267,47.27,0.0061,0
slovenia,g6_00009_18.tif,7056281,113,0.19422,19.42,0.0,0
slovenia,g6_00009_18.tif,7056286,102,0.17532,17.53,0.0,0
slovenia,g6_00009_4.tif,6275548,50,0.08594,8.59,0.0,0
slovenia,g6_00009_4.tif,6284080,19,0.03266,3.27,0.0,0
slovenia,g6_00009_4.tif,6369030,27,0.04641,4.64,0.0,0
slovenia,g6_00009_4.tif,6451685,120,0.20626,20.63,0.0,0
slovenia,g6_00009_4.tif,6459006,81,0.13922,13.92,0.0,0
slovenia,g6_00009_4.tif,6494342,33,0.05672,5.67,0.0,0
slovenia,g6_00009_4.tif,6494688,16,0.0275,2.75,0.0,0
slovenia,g6_00009_4.tif,6612057,16,0.0275,2.75,0.0,0
slovenia,g6_00009_4.tif,6708166,18,0.03094,3.09,0.0,0
slovenia,g6_00009_4.tif,6708174,37,0.0636,6.36,0.0,0
slovenia,g6_00009_4.tif,6750233,43,0.07391,7.39,0.0,0
slovenia,g6_00009_4.tif,6826328,7,0.01203,1.2,0.0,0
slovenia,g6_00009_4.tif,6826743,32,0.055,5.5,0.0,0
slovenia,g6_00009_4.tif,6875657,65,0.11172,11.17,0.0,0
slovenia,g6_00009_4.tif,6875697,43,0.07391,7.39,0.0,0
slovenia,g6_00009_4.tif,7068078,24,0.04125,4.13,0.0,0
slovenia,g6_00009_5.tif,6085693,127,0.21829,21.83,0.0,0
slovenia,g6_00009_5.tif,6085694,85,0.1461,14.61,0.0,0
slovenia,g6_00009_5.tif,6275554,15,0.02578,2.58,0.0,0
slovenia,g6_00009_5.tif,6355562,11,0.01891,1.89,0.0,0
slovenia,g6_00009_5.tif,6355690,32,0.055,5.5,0.0,0
slovenia,g6_00009_5.tif,6494342,34,0.05844,5.84,0.0,0
slovenia,g6_00009_5.tif,6494363,145,0.24923,24.92,0.0,0
slovenia,g6_00009_5.tif,6612024,10,0.01719,1.72,0.0,0
slovenia,g6_00009_5.tif,6644867,35,0.06016,6.02,0.0,0
slovenia,g6_00009_5.tif,6694727,40,0.06875,6.88,0.0,0
slovenia,g6_00009_5.tif,6708188,60,0.10313,10.31,0.0,0
slovenia,g6_00009_5.tif,6750250,58,0.09969,9.97,0.0,0
slovenia,g6_00009_5.tif,6927516,329,0.56548,56.55,0.0,0
slovenia,g6_00009_5.tif,6927517,63,0.10828,10.83,0.0,0
slovenia,g6_00009_5.tif,6927519,20,0.03438,3.44,0.0,0
slovenia,g6_00009_5.tif,6927520,6,0.01031,1.03,0.0,0
slovenia,g6_00009_5.tif,6927522,26,0.04469,4.47,0.0,0
slovenia,g6_00009_5.tif,7068083,30,0.05156,5.16,0.0,0
slovenia,g6_00009_5.tif,7068084,28,0.04813,4.81,0.0,0
slovenia,g6_00009_6.tif,6085693,110,0.18907,18.91,0.0,0
slovenia,g6_00009_6.tif,6540172,214,0.36782,36.78,0.0,0
slovenia,g6_00009_6.tif,6540174,14,0.02406,2.41,0.0,0
slovenia,g6_00009_6.tif,6540180,31,0.05328,5.33,0.0,0
slovenia,g6_00009_6.tif,6891406,19,0.03266,3.27,0.0,0
slovenia,g6_00009_6.tif,6891408,40,0.06875,6.88,0.0,0
slovenia,g6_00009_6.tif,6954219,16,0.0275,2.75,0.0,0
slovenia,g6_00009_6.tif,6974470,73,0.12547,12.55,0.0,0
slovenia,g6_00009_6.tif,6974473,70,0.12032,12.03,0.0,0
slovenia,g6_00014_3.tif,6201304,190,0.32657,32.66,0.0,0
slovenia,g6_00014_3.tif,6201309,75,0.12891,12.89,0.7,1
slovenia,g6_00014_3.tif,6201311,184,0.31626,31.63,0.0,0
slovenia,g6_00014_3.tif,6201315,187,0.32141,32.14,0.2285,0
slovenia,g6_00014_3.tif,6201318,190,0.32657,32.66,0.0,0
slovenia,g6_00014_3.tif,6201320,137,0.23548,23.55,0.0,0
slovenia,g6_00014_3.tif,6201714,42,0.07219,7.22,0.0,0
slovenia,g6_00014_3.tif,6203805,392,0.67377,67.38,0.0,0
slovenia,g6_00014_3.tif,6203821,105,0.18047,18.05,0.0,0
slovenia,g6_00014_3.tif,6222141,116,0.19938,19.94,0.0,0
slovenia,g6_00014_3.tif,6222146,93,0.15985,15.98,0.0,0
slovenia,g6_00014_3.tif,6222202,15,0.02578,2.58,0.0,0
slovenia,g6_00014_3.tif,6222204,24,0.04125,4.13,0.0,0
slovenia,g6_00014_3.tif,6322619,13,0.02234,2.23,0.0074,0
slovenia,g6_00014_3.tif,6322621,192,0.33001,33.0,0.0,0
slovenia,g6_00014_3.tif,6322627,222,0.38157,38.16,0.0,0
slovenia,g6_00014_3.tif,6322630,72,0.12375,12.38,0.0,0
slovenia,g6_00014_3.tif,6322787,82,0.14094,14.09,0.0,0
slovenia,g6_00014_3.tif,6339191,111,0.19079,19.08,0.0,0
slovenia,g6_00014_3.tif,6339193,107,0.18391,18.39,0.0,0
slovenia,g6_00014_3.tif,6339196,91,0.15641,15.64,0.0,0
slovenia,g6_00014_3.tif,6529297,24,0.04125,4.13,0.0,0
slovenia,g6_00014_3.tif,6529298,43,0.07391,7.39,0.0,0
slovenia,g6_00014_3.tif,6529302,306,0.52595,52.6,0.0,0
slovenia,g6_00014_3.tif,6529303,195,0.33517,33.52,0.0,0
slovenia,g6_00014_3.tif,6529305,279,0.47954,47.95,0.0,0
slovenia,g6_00014_3.tif,6570333,240,0.41251,41.25,0.0,0
slovenia,g6_00014_3.tif,6570361,122,0.20969,20.97,0.0,0
slovenia,g6_00014_3.tif,6570460,314,0.5397,53.97,0.0,0
slovenia,g6_00014_3.tif,6570511,461,0.79236,79.24,0.0,0
slovenia,g6_00014_3.tif,6570630,17,0.02922,2.92,0.0099,0
slovenia,g6_00014_3.tif,6754144,139,0.23891,23.89,0.0,0
slovenia,g6_00014_3.tif,6859479,142,0.24407,24.41,0.0,0
slovenia,g6_00014_3.tif,6958494,24,0.04125,4.13,0.0,0
slovenia,g6_00014_3.tif,7003293,11,0.01891,1.89,0.0,0
slovenia,g6_00014_3.tif,7003300,142,0.24407,24.41,0.0,0
slovenia,g6_00014_3.tif,7003386,78,0.13407,13.41,0.0,0
slovenia,g6_00014_3.tif,7003551,33,0.05672,5.67,0.0,0
slovenia,g6_00014_4.tif,6201298,211,0.36267,36.27,0.0,0
slovenia,g6_00014_4.tif,6201299,49,0.08422,8.42,0.0,0
slovenia,g6_00014_4.tif,6201308,61,0.10485,10.48,0.0,0
slovenia,g6_00014_4.tif,6201309,164,0.28188,28.19,0.0,0
slovenia,g6_00014_4.tif,6203805,255,0.43829,43.83,0.0,0
slovenia,g6_00014_4.tif,6203820,5,0.00859,0.86,0.0,0
slovenia,g6_00014_4.tif,6203821,109,0.18735,18.73,0.0,0
slovenia,g6_00014_4.tif,6203827,85,0.1461,14.61,0.0,0
slovenia,g6_00014_4.tif,6203940,41,0.07047,7.05,0.0,0
slovenia,g6_00014_4.tif,6205933,15,0.02578,2.58,0.0,0
slovenia,g6_00014_4.tif,6205935,77,0.13235,13.23,0.0,0
slovenia,g6_00014_4.tif,6322619,234,0.4022,40.22,0.0,0
slovenia,g6_00014_4.tif,6322643,16,0.0275,2.75,0.0,0
slovenia,g6_00014_4.tif,6529295,317,0.54486,54.49,0.0,0
slovenia,g6_00014_4.tif,6570322,6,0.01031,1.03,0.0,0
slovenia,g6_00014_4.tif,6570630,79,0.13578,13.58,0.0,0
slovenia,g6_00014_4.tif,6859476,221,0.37985,37.99,0.0,0
slovenia,g6_00014_4.tif,6859651,182,0.31282,31.28,0.0,0
slovenia,g6_00014_4.tif,6859699,18,0.03094,3.09,0.0,0
slovenia,g6_00014_4.tif,6978643,21,0.03609,3.61,0.4783,0
slovenia,g6_00014_4.tif,6978673,34,0.05844,5.84,0.0,0
slovenia,g6_00014_4.tif,6978675,30,0.05156,5.16,0.0,0
slovenia,g6_00014_5.tif,6147188,167,0.28704,28.7,0.0,0
slovenia,g6_00014_5.tif,6147190,96,0.165,16.5,0.0,0
slovenia,g6_00014_5.tif,6147192,3,0.00516,0.52,0.0,0
slovenia,g6_00014_5.tif,6147194,18,0.03094,3.09,0.0,0
slovenia,g6_00014_5.tif,6147203,121,0.20797,20.8,0.0,0
slovenia,g6_00014_5.tif,6147209,28,0.04813,4.81,0.0,0
slovenia,g6_00014_5.tif,6147210,136,0.23376,23.38,0.0,0
slovenia,g6_00014_5.tif,6147261,7,0.01203,1.2,0.0,0
slovenia,g6_00014_5.tif,6437722,43,0.07391,7.39,0.0,0
slovenia,g6_00014_5.tif,6437723,114,0.19594,19.59,0.0556,0
slovenia,g6_00014_5.tif,6437732,230,0.39532,39.53,0.0,0
slovenia,g6_00014_5.tif,6437871,11,0.01891,1.89,0.0,0
slovenia,g6_00014_5.tif,6437913,118,0.20282,20.28,0.0,0
slovenia,g6_00014_5.tif,6437953,30,0.05156,5.16,0.0,0
slovenia,g6_00014_5.tif,6438079,141,0.24235,24.24,0.0,0
slovenia,g6_00014_5.tif,6496829,226,0.38845,38.84,0.0,0
slovenia,g6_00014_5.tif,6496834,147,0.25266,25.27,0.0,0
slovenia,g6_00014_5.tif,6496839,69,0.1186,11.86,0.0,0
slovenia,g6_00014_5.tif,6497108,149,0.2561,25.61,0.0,0
slovenia,g6_00014_5.tif,6497210,12,0.02063,2.06,0.0,0
slovenia,g6_00014_5.tif,6570322,23,0.03953,3.95,0.0,0
slovenia,g6_00014_5.tif,6587761,330,0.5672,56.72,0.0,0
slovenia,g6_00014_5.tif,6587768,98,0.16844,16.84,0.0,0
slovenia,g6_00014_5.tif,6587773,84,0.14438,14.44,0.0,0
slovenia,g6_00014_5.tif,6587776,18,0.03094,3.09,0.0,0
slovenia,g6_00014_5.tif,6587947,32,0.055,5.5,0.0,0
slovenia,g6_00014_5.tif,6702947,95,0.16329,16.33,0.0,0
slovenia,g6_00014_5.tif,6702948,38,0.06531,6.53,0.0,0
slovenia,g6_00014_5.tif,6702957,161,0.27673,27.67,0.0,0
slovenia,g6_00014_5.tif,6702964,110,0.18907,18.91,0.0,0
slovenia,g6_00014_5.tif,6702971,107,0.18391,18.39,0.76,1
slovenia,g6_00014_5.tif,6702977,201,0.34548,34.55,0.0,0
slovenia,g6_00014_5.tif,6702978,105,0.18047,18.05,0.7576,1
slovenia,g6_00014_5.tif,6702986,20,0.03438,3.44,0.0,0
slovenia,g6_00014_5.tif,6702987,55,0.09453,9.45,0.0,0
slovenia,g6_00014_5.tif,6702992,115,0.19766,19.77,0.0,0
slovenia,g6_00014_5.tif,6703907,44,0.07563,7.56,0.0,0
slovenia,g6_00014_5.tif,6703931,55,0.09453,9.45,0.0,0
slovenia,g6_00014_5.tif,6836613,43,0.07391,7.39,0.0,0
slovenia,g6_00014_5.tif,6836656,8,0.01375,1.38,0.0,0
slovenia,g6_00014_5.tif,6836687,103,0.17704,17.7,0.0,0
slovenia,g6_00017_4.tif,6134668,54,0.09281,9.28,0.0,0
slovenia,g6_00017_4.tif,6154528,33,0.05672,5.67,0.0,0
slovenia,g6_00017_4.tif,6187558,53,0.0911,9.11,0.0,0
slovenia,g6_00017_4.tif,6187559,10,0.01719,1.72,0.0,0
slovenia,g6_00017_4.tif,6187563,65,0.11172,11.17,0.0,0
slovenia,g6_00017_4.tif,6187689,20,0.03438,3.44,0.0,0
slovenia,g6_00017_4.tif,6187939,12,0.02063,2.06,0.0,0
slovenia,g6_00017_4.tif,6187940,365,0.62736,62.74,0.0,0
slovenia,g6_00017_4.tif,6187941,356,0.61189,61.19,0.0,0
slovenia,g6_00017_4.tif,6188119,62,0.10657,10.66,0.0,0
slovenia,g6_00017_4.tif,6188201,15,0.02578,2.58,0.0,0
slovenia,g6_00017_4.tif,6188249,34,0.05844,5.84,0.0,0
slovenia,g6_00017_4.tif,6188286,70,0.12032,12.03,0.0,0
slovenia,g6_00017_4.tif,6188308,95,0.16329,16.33,0.0,0
slovenia,g6_00017_4.tif,6529297,91,0.15641,15.64,0.0,0
slovenia,g6_00017_4.tif,6529298,116,0.19938,19.94,0.0,0
slovenia,g6_00017_4.tif,6534863,14,0.02406,2.41,0.0,0
slovenia,g6_00017_4.tif,6559002,36,0.06188,6.19,0.0,0
slovenia,g6_00017_4.tif,6559011,4,0.00688,0.69,0.0,0
slovenia,g6_00017_4.tif,6565774,96,0.165,16.5,0.0,0
slovenia,g6_00017_4.tif,6565775,90,0.15469,15.47,0.0,0
slovenia,g6_00017_4.tif,6565790,135,0.23204,23.2,0.0,0
slovenia,g6_00017_4.tif,6565792,80,0.1375,13.75,0.0,0
slovenia,g6_00017_4.tif,6565795,170,0.2922,29.22,0.0,0
slovenia,g6_00017_4.tif,6565835,65,0.11172,11.17,0.0,0
slovenia,g6_00017_4.tif,6565836,11,0.01891,1.89,0.0,0
slovenia,g6_00017_4.tif,6566186,99,0.17016,17.02,0.0,0
slovenia,g6_00017_4.tif,6566187,24,0.04125,4.13,0.0,0
slovenia,g6_00017_4.tif,6566213,15,0.02578,2.58,0.0,0
slovenia,g6_00017_4.tif,6591667,23,0.03953,3.95,0.0,0
slovenia,g6_00017_4.tif,6591838,41,0.07047,7.05,0.0,0
slovenia,g6_00017_4.tif,6749466,132,0.22688,22.69,0.0,0
slovenia,g6_00017_4.tif,6749469,51,0.08766,8.77,0.0,0
slovenia,g6_00017_4.tif,6749883,183,0.31454,31.45,0.5,1
slovenia,g6_00017_4.tif,6754133,240,0.41251,41.25,0.8088,1
slovenia,g6_00017_4.tif,6754157,30,0.05156,5.16,0.0,0
slovenia,g6_00017_4.tif,6754388,39,0.06703,6.7,0.0,0
slovenia,g6_00017_4.tif,6988055,124,0.21313,21.31,0.0,0
slovenia,g6_00017_4.tif,6988394,5,0.00859,0.86,0.0,0
slovenia,g6_00017_5.tif,6152309,181,0.3111,31.11,0.0,0
slovenia,g6_00017_5.tif,6152310,281,0.48298,48.3,0.0,0
slovenia,g6_00017_5.tif,6201298,37,0.0636,6.36,0.0,0
slovenia,g6_00017_5.tif,6201299,59,0.10141,10.14,0.0,0
slovenia,g6_00017_5.tif,6203820,297,0.51048,51.05,0.0,0
slovenia,g6_00017_5.tif,6859476,97,0.16672,16.67,0.0,0
slovenia,g6_00017_5.tif,6978643,433,0.74424,74.42,0.0,0
slovenia,g6_00017_6.tif,6152304,228,0.39189,39.19,0.0,0
slovenia,g6_00017_6.tif,6152306,258,0.44345,44.34,0.0,0
slovenia,g6_00017_6.tif,6180898,81,0.13922,13.92,0.0,0
slovenia,g6_00017_6.tif,6180900,149,0.2561,25.61,0.0,0
slovenia,g6_00017_6.tif,6180948,113,0.19422,19.42,0.0,0
slovenia,g6_00017_6.tif,6181028,41,0.07047,7.05,0.0,0
slovenia,g6_00017_6.tif,6181079,45,0.07735,7.73,0.0,0
slovenia,g6_00017_6.tif,6181110,14,0.02406,2.41,0.0,0
slovenia,g6_00017_6.tif,6525242,19,0.03266,3.27,0.0,0
slovenia,g6_00017_6.tif,6599799,111,0.19079,19.08,0.0,0
slovenia,g6_00017_6.tif,6599803,150,0.25782,25.78,0.0,0
slovenia,g6_00017_6.tif,6656815,331,0.56892,56.89,0.0,0
slovenia,g6_00017_6.tif,6656841,113,0.19422,19.42,0.1176,0
slovenia,g6_00017_6.tif,6656845,47,0.08078,8.08,0.0,0
slovenia,g6_00017_6.tif,6656850,70,0.12032,12.03,0.0,0
slovenia,g6_00017_6.tif,6657171,201,0.34548,34.55,0.3473,0
slovenia,g6_00017_6.tif,6657228,17,0.02922,2.92,0.0,0
slovenia,g6_00017_6.tif,6657523,4,0.00688,0.69,0.0,0
slovenia,g6_00017_6.tif,6714968,168,0.28876,28.88,0.0,0
slovenia,g6_00017_6.tif,6714969,97,0.16672,16.67,0.0135,0
slovenia,g6_00017_6.tif,6714972,151,0.25954,25.95,0.0,0
slovenia,g6_00017_6.tif,6714976,107,0.18391,18.39,0.0,0
slovenia,g6_00017_6.tif,6714977,159,0.27329,27.33,0.0,0
slovenia,g6_00017_6.tif,6935664,122,0.20969,20.97,0.0,0
slovenia,g6_00017_6.tif,6978646,71,0.12203,12.2,0.0,0
slovenia,g6_00017_6.tif,6978653,68,0.11688,11.69,0.0,0
slovenia,g6_00017_6.tif,6978655,92,0.15813,15.81,0.0,0
slovenia,g6_00017_6.tif,6978663,330,0.5672,56.72,0.0,0
slovenia,g6_00017_6.tif,6978665,131,0.22516,22.52,0.0,0
slovenia,g6_00017_6.tif,6978669,222,0.38157,38.16,0.0,0
slovenia,g6_00017_6.tif,6978688,153,0.26298,26.3,0.0,0
slovenia,g6_00017_6.tif,6978718,4,0.00688,0.69,0.0,0
slovenia,g6_00017_6.tif,6978719,295,0.50704,50.7,0.0,0
slovenia,g6_00017_6.tif,6978726,90,0.15469,15.47,0.0,0
slovenia,g6_00017_6.tif,6978778,5,0.00859,0.86,0.0,0
slovenia,g6_00017_6.tif,7018370,117,0.2011,20.11,0.1141,0
slovenia,g6_00017_6.tif,7018402,104,0.17875,17.88,0.2406,0
slovenia,g6_00017_6.tif,7018419,98,0.16844,16.84,0.4697,0
slovenia,g6_00017_6.tif,7018437,59,0.10141,10.14,0.4,0
slovenia,g6_00017_6.tif,7018461,15,0.02578,2.58,0.0,0
slovenia,g6_00017_6.tif,7018473,11,0.01891,1.89,0.0,0
slovenia,g6_00017_6.tif,7018474,22,0.03781,3.78,0.0,0
slovenia,g6_00017_6.tif,7019154,110,0.18907,18.91,0.1403,0
slovenia,g6_00017_6.tif,7019491,88,0.15125,15.13,0.2977,0
slovenia,g6_00017_6.tif,7019678,70,0.12032,12.03,0.0986,0
slovenia,g6_00020_5.tif,6134624,38,0.06531,6.53,0.0,0
slovenia,g6_00020_5.tif,6134625,58,0.09969,9.97,0.0,0
slovenia,g6_00020_5.tif,6187555,192,0.33001,33.0,0.0,0
slovenia,g6_00020_5.tif,6187575,51,0.08766,8.77,0.0,0
slovenia,g6_00020_5.tif,6525249,24,0.04125,4.13,0.0,0
slovenia,g6_00020_5.tif,6565766,65,0.11172,11.17,0.0,0
slovenia,g6_00020_5.tif,6565811,96,0.165,16.5,0.0,0
slovenia,g6_00020_5.tif,6565835,102,0.17532,17.53,0.0,0
slovenia,g6_00020_5.tif,6565836,356,0.61189,61.19,0.0,0
slovenia,g6_00020_5.tif,6640602,268,0.46064,46.06,0.0,0
slovenia,g6_00020_5.tif,6988050,32,0.055,5.5,0.0,0
slovenia,g6_00020_5.tif,6988070,19,0.03266,3.27,0.0,0
slovenia,g6_00020_5.tif,6988077,78,0.13407,13.41,0.0,0
slovenia,g6_00020_5.tif,6988079,38,0.06531,6.53,0.0,0
slovenia,g6_00020_5.tif,6988081,38,0.06531,6.53,0.0,0
slovenia,g6_00020_5.tif,6988394,21,0.03609,3.61,0.0,0
slovenia,g6_00020_5.tif,6989140,58,0.09969,9.97,0.0,0
slovenia,g6_00020_6.tif,6174567,96,0.165,16.5,0.0,0
slovenia,g6_00020_6.tif,6174569,259,0.44517,44.52,0.0,0
slovenia,g6_00020_6.tif,6174585,39,0.06703,6.7,0.0,0
slovenia,g6_00020_6.tif,6303371,103,0.17704,17.7,0.0,0
slovenia,g6_00020_6.tif,6303373,20,0.03438,3.44,0.0,0
slovenia,g6_00020_6.tif,6580758,75,0.12891,12.89,0.0,0
slovenia,g6_00020_6.tif,6580769,33,0.05672,5.67,0.0,0
slovenia,g6_00020_6.tif,6580783,12,0.02063,2.06,0.0,0
slovenia,g6_00020_6.tif,6775871,244,0.41939,41.94,0.0,0
slovenia,g6_00020_6.tif,6794255,181,0.3111,31.11,0.0,0
slovenia,g6_00020_6.tif,6794258,20,0.03438,3.44,0.0,0
slovenia,g6_00020_6.tif,6794259,130,0.22344,22.34,0.0,0
slovenia,g6_00020_6.tif,6906066,140,0.24063,24.06,0.0,0
slovenia,g6_00020_6.tif,6906089,350,0.60158,60.16,0.0,0
slovenia,g6_00020_6.tif,6906107,153,0.26298,26.3,0.0,0
slovenia,g6_00020_6.tif,6906112,57,0.09797,9.8,0.0,0
slovenia,g6_00020_6.tif,6906510,8,0.01375,1.38,0.0,0
slovenia,g6_00020_6.tif,6997022,18,0.03094,3.09,0.0,0
slovenia,g6_00020_7.tif,6301462,89,0.15297,15.3,0.0,0
slovenia,g6_00020_7.tif,6320753,243,0.41767,41.77,0.0,0
slovenia,g6_00020_7.tif,6320757,126,0.21657,21.66,0.0,0
slovenia,g6_00020_7.tif,6320762,155,0.26641,26.64,0.0,0
slovenia,g6_00020_7.tif,6320772,12,0.02063,2.06,0.0,0
slovenia,g6_00020_7.tif,6320803,242,0.41595,41.59,0.1594,0
slovenia,g6_00020_7.tif,6320807,13,0.02234,2.23,0.037,0
slovenia,g6_00020_7.tif,6436729,13,0.02234,2.23,0.0,0
slovenia,g6_00020_7.tif,6775840,48,0.0825,8.25,0.0,0
slovenia,g6_00020_7.tif,6775853,181,0.3111,31.11,0.0,0
slovenia,g6_00020_7.tif,6775857,177,0.30423,30.42,0.0,0
slovenia,g6_00020_7.tif,6776550,27,0.04641,4.64,0.0,0
slovenia,g6_00020_7.tif,7057916,66,0.11344,11.34,0.0,0
slovenia,g6_00020_7.tif,7057921,146,0.25094,25.09,0.0144,0
slovenia,g6_00023_15.tif,6111432,299,0.51392,51.39,0.2883,0
slovenia,g6_00023_15.tif,6232840,1360,2.33756,233.76,0.4112,0
slovenia,g6_00023_15.tif,6232846,230,0.39532,39.53,0.7808,1
slovenia,g6_00023_15.tif,6250367,260,0.44689,44.69,0.9107,1
slovenia,g6_00023_15.tif,6250371,135,0.23204,23.2,0.1283,0
slovenia,g6_00023_15.tif,6268134,53,0.0911,9.11,0.0,0
slovenia,g6_00023_15.tif,6268330,18,0.03094,3.09,0.0,0
slovenia,g6_00023_15.tif,6270672,277,0.47611,47.61,0.3918,0
slovenia,g6_00023_15.tif,6270675,69,0.1186,11.86,0.0602,0
slovenia,g6_00023_15.tif,6319534,236,0.40564,40.56,0.0,0
slovenia,g6_00023_15.tif,6319589,217,0.37298,37.3,0.1156,0
slovenia,g6_00023_15.tif,6319592,302,0.51908,51.91,0.0264,0
slovenia,g6_00023_15.tif,6362656,1293,2.2224,222.24,0.8433,1
slovenia,g6_00023_15.tif,6362662,298,0.5122,51.22,0.0,0
slovenia,g6_00023_15.tif,6362877,859,1.47645,147.64,0.0165,0
slovenia,g6_00023_15.tif,6362964,19,0.03266,3.27,0.0059,0
slovenia,g6_00023_15.tif,6408126,29,0.04985,4.98,0.4118,0
slovenia,g6_00023_15.tif,6408127,182,0.31282,31.28,0.8297,1
slovenia,g6_00023_15.tif,6453825,314,0.5397,53.97,0.3052,0
slovenia,g6_00023_15.tif,6574775,576,0.99003,99.0,0.108,0
slovenia,g6_00023_15.tif,6575099,544,0.93502,93.5,0.1359,0
slovenia,g6_00023_15.tif,6575135,265,0.45548,45.55,0.0692,0
slovenia,g6_00023_15.tif,6575142,276,0.47439,47.44,0.0681,0
slovenia,g6_00023_15.tif,6575181,387,0.66517,66.52,0.1656,0
slovenia,g6_00023_15.tif,6599563,343,0.58955,58.95,0.0009,0
slovenia,g6_00023_15.tif,6599577,224,0.38501,38.5,0.2359,0
slovenia,g6_00023_15.tif,6611666,512,0.88002,88.0,0.0953,0
slovenia,g6_00023_15.tif,6640849,544,0.93502,93.5,0.1375,0
slovenia,g6_00023_15.tif,6658482,584,1.00378,100.38,0.0408,0
slovenia,g6_00023_15.tif,6658486,291,0.50017,50.02,0.0058,0
slovenia,g6_00023_15.tif,6659719,170,0.2922,29.22,0.0,0
slovenia,g6_00023_15.tif,6666591,437,0.75111,75.11,0.0,0
slovenia,g6_00023_15.tif,6666592,22,0.03781,3.78,0.0,0
slovenia,g6_00023_15.tif,6666593,395,0.67892,67.89,0.4294,0
slovenia,g6_00023_15.tif,6666602,7,0.01203,1.2,0.0042,0
slovenia,g6_00023_15.tif,6666604,142,0.24407,24.41,0.0647,0
slovenia,g6_00023_15.tif,6666779,978,1.68098,168.1,0.7064,1
slovenia,g6_00023_15.tif,6666780,403,0.69267,69.27,0.2126,0
slovenia,g6_00023_15.tif,6666789,637,1.09487,109.49,0.2649,0
slovenia,g6_00023_15.tif,6666799,310,0.53283,53.28,0.7365,1
slovenia,g6_00023_15.tif,6666804,386,0.66346,66.35,0.3436,0
slovenia,g6_00023_15.tif,6670715,374,0.64283,64.28,0.1361,0
slovenia,g6_00023_15.tif,6691922,408,0.70127,70.13,0.7297,1
slovenia,g6_00023_15.tif,6724651,97,0.16672,16.67,0.0817,0
slovenia,g6_00023_15.tif,6724656,277,0.47611,47.61,0.1486,0
slovenia,g6_00023_15.tif,6736609,108,0.18563,18.56,0.0053,0
slovenia,g6_00023_15.tif,6802234,18,0.03094,3.09,0.0432,0
slovenia,g6_00023_15.tif,6802281,405,0.69611,69.61,0.3545,0
slovenia,g6_00023_15.tif,6891334,1175,2.01959,201.96,0.7908,1
slovenia,g6_00023_15.tif,6891339,920,1.58129,158.13,0.3783,0
slovenia,g6_00023_15.tif,6891344,527,0.90581,90.58,0.9287,1
slovenia,g6_00023_15.tif,6891636,647,1.11206,111.21,0.2583,0
slovenia,g6_00023_15.tif,6891649,324,0.55689,55.69,0.7424,1
slovenia,g6_00023_15.tif,6891728,342,0.58783,58.78,0.0008,0
slovenia,g6_00023_15.tif,6891740,125,0.21485,21.48,0.0272,0
slovenia,g6_00023_15.tif,6908527,435,0.74768,74.77,0.2072,0
slovenia,g6_00023_15.tif,6908530,99,0.17016,17.02,0.0297,0
slovenia,g6_00023_15.tif,6975417,105,0.18047,18.05,0.6721,1
slovenia,g6_00023_15.tif,7014833,326,0.56033,56.03,0.7048,1
slovenia,g6_00023_15.tif,7014839,361,0.62049,62.05,0.2889,0
slovenia,g6_00023_15.tif,7014970,32,0.055,5.5,0.0127,0
slovenia,g6_00023_15.tif,7018617,180,0.30938,30.94,0.4384,0
slovenia,g6_00023_15.tif,7018619,422,0.72533,72.53,0.5133,1
slovenia,g6_00023_15.tif,7018622,358,0.61533,61.53,0.2117,0
slovenia,g6_00023_15.tif,7018906,172,0.29563,29.56,0.161,0
slovenia,g6_00023_15.tif,7018907,188,0.32313,32.31,0.2271,0
slovenia,g6_00023_15.tif,7019234,281,0.48298,48.3,0.2724,0
slovenia,g6_00023_15.tif,7044216,35,0.06016,6.02,0.1818,0
slovenia,g6_00023_15.tif,7064082,64,0.11,11.0,0.1121,0
slovenia,g6_00023_15.tif,7064086,261,0.44861,44.86,0.6667,1
slovenia,g6_00023_16.tif,6111442,116,0.19938,19.94,0.593,1
slovenia,g6_00023_16.tif,6141489,148,0.25438,25.44,0.0102,0
slovenia,g6_00023_16.tif,6171463,19,0.03266,3.27,0.0,0
slovenia,g6_00023_16.tif,6172340,673,1.15675,115.67,0.7173,1
slovenia,g6_00023_16.tif,6172343,751,1.29082,129.08,0.4326,0
slovenia,g6_00023_16.tif,6250367,428,0.73564,73.56,0.9158,1
slovenia,g6_00023_16.tif,6268137,121,0.20797,20.8,0.0183,0
slovenia,g6_00023_16.tif,6270679,182,0.31282,31.28,0.0,0
slovenia,g6_00023_16.tif,6324357,139,0.23891,23.89,0.0,0
slovenia,g6_00023_16.tif,6326019,885,1.52113,152.11,0.4067,0
slovenia,g6_00023_16.tif,6326158,57,0.09797,9.8,0.0066,0
slovenia,g6_00023_16.tif,6362656,75,0.12891,12.89,0.0,0
slovenia,g6_00023_16.tif,6362663,206,0.35407,35.41,0.0,0
slovenia,g6_00023_16.tif,6593065,377,0.64799,64.8,0.6151,1
slovenia,g6_00023_16.tif,6600429,70,0.12032,12.03,0.0,0
slovenia,g6_00023_16.tif,6601224,7,0.01203,1.2,0.0,0
slovenia,g6_00023_16.tif,6666597,137,0.23548,23.55,0.0,0
slovenia,g6_00023_16.tif,6666599,293,0.50361,50.36,0.0712,0
slovenia,g6_00023_16.tif,6666600,199,0.34204,34.2,0.0419,0
slovenia,g6_00023_16.tif,6666601,225,0.38673,38.67,0.0406,0
slovenia,g6_00023_16.tif,6666602,195,0.33517,33.52,0.8066,1
slovenia,g6_00023_16.tif,6666607,73,0.12547,12.55,0.6222,1
slovenia,g6_00023_16.tif,6666795,449,0.77174,77.17,0.1152,0
slovenia,g6_00023_16.tif,6670713,345,0.59298,59.3,0.0531,0
slovenia,g6_00023_16.tif,6670714,344,0.59127,59.13,0.0057,0
slovenia,g6_00023_16.tif,6705284,293,0.50361,50.36,0.0744,0
slovenia,g6_00023_16.tif,6705321,103,0.17704,17.7,0.803,1
slovenia,g6_00023_16.tif,6714340,177,0.30423,30.42,0.2476,0
slovenia,g6_00023_16.tif,6715861,539,0.92643,92.64,0.1384,0
slovenia,g6_00023_16.tif,6716770,239,0.41079,41.08,0.0592,0
slovenia,g6_00023_16.tif,6726223,556,0.95565,95.57,0.2358,0
slovenia,g6_00023_16.tif,6736607,180,0.30938,30.94,0.0457,0
slovenia,g6_00023_16.tif,6736616,133,0.2286,22.86,0.0162,0
slovenia,g6_00023_16.tif,6736710,106,0.18219,18.22,0.0028,0
slovenia,g6_00023_16.tif,6886248,424,0.72877,72.88,0.2628,0
slovenia,g6_00023_16.tif,6886585,244,0.41939,41.94,0.1157,0
slovenia,g6_00023_16.tif,6886587,121,0.20797,20.8,0.0,0
slovenia,g6_00023_16.tif,6908526,624,1.07253,107.25,0.1444,0
slovenia,g6_00023_16.tif,6908527,13,0.02234,2.23,0.0056,0
slovenia,g6_00023_16.tif,6908528,108,0.18563,18.56,0.0176,0
slovenia,g6_00023_16.tif,6936731,161,0.27673,27.67,0.053,0
slovenia,g6_00023_16.tif,6936734,231,0.39704,39.7,0.0636,0
slovenia,g6_00023_16.tif,6936838,42,0.07219,7.22,0.0022,0
slovenia,g6_00023_16.tif,7014833,58,0.09969,9.97,0.0,0
slovenia,g6_00023_16.tif,7018612,562,0.96596,96.6,0.0095,0
slovenia,g6_00023_16.tif,7018621,428,0.73564,73.56,0.0163,0
slovenia,g6_00023_16.tif,7018622,21,0.03609,3.61,0.0,0
slovenia,g6_00023_16.tif,7018629,255,0.43829,43.83,0.0,0
slovenia,g6_00023_16.tif,7018636,104,0.17875,17.88,0.0,0
slovenia,g6_00023_16.tif,7052891,516,0.8869,88.69,0.2888,0
slovenia,g6_00023_17.tif,6112660,149,0.2561,25.61,0.0069,0
slovenia,g6_00023_17.tif,6112697,96,0.165,16.5,0.0849,0
slovenia,g6_00023_17.tif,6163367,26,0.04469,4.47,0.0,0
slovenia,g6_00023_17.tif,6178804,22,0.03781,3.78,0.1,0
slovenia,g6_00023_17.tif,6185194,234,0.4022,40.22,0.0635,0
slovenia,g6_00023_17.tif,6185196,216,0.37126,37.13,0.0,0
slovenia,g6_00023_17.tif,6185197,126,0.21657,21.66,0.1043,0
slovenia,g6_00023_17.tif,6273099,325,0.55861,55.86,0.0,0
slovenia,g6_00023_17.tif,6273103,175,0.30079,30.08,0.1755,0
slovenia,g6_00023_17.tif,6273320,13,0.02234,2.23,0.0051,0
slovenia,g6_00023_17.tif,6273464,142,0.24407,24.41,0.0,0
slovenia,g6_00023_17.tif,6273473,2,0.00344,0.34,0.0,0
slovenia,g6_00023_17.tif,6341901,119,0.20454,20.45,0.0,0
slovenia,g6_00023_17.tif,6341905,345,0.59298,59.3,0.076,0
slovenia,g6_00023_17.tif,6341910,305,0.52423,52.42,0.3826,0
slovenia,g6_00023_17.tif,6341912,14,0.02406,2.41,0.0,0
slovenia,g6_00023_17.tif,6342217,98,0.16844,16.84,0.0312,0
slovenia,g6_00023_17.tif,6342266,29,0.04985,4.98,0.0,0
slovenia,g6_00023_17.tif,6363523,698,1.19972,119.97,0.2019,0
slovenia,g6_00023_17.tif,6558967,146,0.25094,25.09,0.0,0
slovenia,g6_00023_17.tif,6600412,36,0.06188,6.19,0.4146,0
slovenia,g6_00023_17.tif,6600420,140,0.24063,24.06,0.0,0
slovenia,g6_00023_17.tif,6600513,57,0.09797,9.8,0.0571,0
slovenia,g6_00023_17.tif,6601205,11,0.01891,1.89,0.0,0
slovenia,g6_00023_17.tif,6666595,362,0.6222,62.22,0.6854,1
slovenia,g6_00023_17.tif,6670694,52,0.08938,8.94,0.0,0
slovenia,g6_00023_17.tif,6670695,587,1.00893,100.89,0.5696,1
slovenia,g6_00023_17.tif,6670730,246,0.42282,42.28,0.0,0
slovenia,g6_00023_17.tif,6670749,55,0.09453,9.45,0.0,0
slovenia,g6_00023_17.tif,6715839,1624,2.79132,279.13,0.5475,1
slovenia,g6_00023_17.tif,6715885,202,0.3472,34.72,0.0582,0
slovenia,g6_00023_17.tif,6715904,342,0.58783,58.78,0.4502,0
slovenia,g6_00023_17.tif,6736602,453,0.77861,77.86,0.0974,0
slovenia,g6_00023_17.tif,6736603,495,0.8508,85.08,0.0012,0
slovenia,g6_00023_17.tif,6886569,306,0.52595,52.6,0.1916,0
slovenia,g6_00023_17.tif,6886572,285,0.48986,48.99,0.4433,0
slovenia,g6_00023_17.tif,6886573,251,0.43142,43.14,0.3891,0
slovenia,g6_00023_17.tif,6886581,294,0.50533,50.53,0.1934,0
slovenia,g6_00023_17.tif,6886582,267,0.45892,45.89,0.1709,0
slovenia,g6_00023_17.tif,6886610,204,0.35063,35.06,0.136,0
slovenia,g6_00023_17.tif,6908520,264,0.45376,45.38,0.0038,0
slovenia,g6_00023_17.tif,6926864,93,0.15985,15.98,0.0,0
slovenia,g6_00023_17.tif,6946845,457,0.78549,78.55,0.8021,1
slovenia,g6_00023_17.tif,6946851,515,0.88518,88.52,0.4103,0
slovenia,g6_00023_17.tif,6946859,169,0.29048,29.05,0.7049,1
slovenia,g6_00023_17.tif,6947031,431,0.7408,74.08,0.3324,0
slovenia,g6_00023_17.tif,6947050,81,0.13922,13.92,0.033,0
slovenia,g6_00023_17.tif,6953414,310,0.53283,53.28,0.0,0
slovenia,g6_00023_17.tif,6957581,229,0.3936,39.36,0.0,0
slovenia,g6_00023_17.tif,6957587,231,0.39704,39.7,0.0928,0
slovenia,g6_00023_17.tif,6957594,215,0.36954,36.95,0.0,0
slovenia,g6_00023_17.tif,6957870,262,0.45032,45.03,0.0,0
slovenia,g6_00023_17.tif,6957927,105,0.18047,18.05,0.0741,0
slovenia,g6_00023_17.tif,6957966,13,0.02234,2.23,0.0,0
slovenia,g6_00023_17.tif,6984788,142,0.24407,24.41,0.0,0
slovenia,g6_00023_17.tif,6984944,447,0.7683,76.83,0.7851,1
slovenia,g6_00023_17.tif,6984969,376,0.64627,64.63,0.6598,1
slovenia,g6_00023_17.tif,7045236,197,0.3386,33.86,0.0,0
slovenia,g6_00023_17.tif,7064454,41,0.07047,7.05,0.6944,1
slovenia,g6_00023_18.tif,6094963,69,0.1186,11.86,0.0,0
slovenia,g6_00023_18.tif,6094964,60,0.10313,10.31,0.0,0
slovenia,g6_00023_18.tif,6094965,46,0.07906,7.91,0.0,0
slovenia,g6_00023_18.tif,6094966,133,0.2286,22.86,0.7706,1
slovenia,g6_00023_18.tif,6094967,21,0.03609,3.61,0.0,0
slovenia,g6_00023_18.tif,6094972,187,0.32141,32.14,0.0496,0
slovenia,g6_00023_18.tif,6094976,124,0.21313,21.31,0.0,0
slovenia,g6_00023_18.tif,6095025,215,0.36954,36.95,0.3933,0
slovenia,g6_00023_18.tif,6095050,164,0.28188,28.19,0.129,0
slovenia,g6_00023_18.tif,6095061,203,0.34892,34.89,0.3564,0
slovenia,g6_00023_18.tif,6095749,62,0.10657,10.66,0.2062,0
slovenia,g6_00023_18.tif,6142461,251,0.43142,43.14,0.168,0
slovenia,g6_00023_18.tif,6185193,228,0.39189,39.19,0.2339,0
slovenia,g6_00023_18.tif,6185197,20,0.03438,3.44,0.0,0
slovenia,g6_00023_18.tif,6202138,39,0.06703,6.7,0.0,0
slovenia,g6_00023_18.tif,6246367,57,0.09797,9.8,0.0289,0
slovenia,g6_00023_18.tif,6273103,70,0.12032,12.03,0.6944,1
slovenia,g6_00023_18.tif,6273126,28,0.04813,4.81,0.0,0
slovenia,g6_00023_18.tif,6296125,199,0.34204,34.2,0.2495,0
slovenia,g6_00023_18.tif,6364858,421,0.72361,72.36,0.836,1
slovenia,g6_00023_18.tif,6509340,187,0.32141,32.14,0.0196,0
slovenia,g6_00023_18.tif,6558967,59,0.10141,10.14,0.1968,0
slovenia,g6_00023_18.tif,6600410,82,0.14094,14.09,0.7742,1
slovenia,g6_00023_18.tif,6600412,118,0.20282,20.28,0.1321,0
slovenia,g6_00023_18.tif,6600513,367,0.6308,63.08,0.442,0
slovenia,g6_00023_18.tif,6600580,43,0.07391,7.39,0.1923,0
slovenia,g6_00023_18.tif,6600588,38,0.06531,6.53,0.018,0
slovenia,g6_00023_18.tif,6600753,34,0.05844,5.84,0.1429,0
slovenia,g6_00023_18.tif,6601122,15,0.02578,2.58,0.0485,0
slovenia,g6_00023_18.tif,6605623,41,0.07047,7.05,0.0,0
slovenia,g6_00023_18.tif,6605670,31,0.05328,5.33,0.0,0
slovenia,g6_00023_18.tif,6624743,445,0.76486,76.49,0.0904,0
slovenia,g6_00023_18.tif,6624752,176,0.30251,30.25,0.0,0
slovenia,g6_00023_18.tif,6624865,461,0.79236,79.24,0.2483,0
slovenia,g6_00023_18.tif,6624874,554,0.95221,95.22,0.226,0
slovenia,g6_00023_18.tif,6643194,290,0.49845,49.85,0.2188,0
slovenia,g6_00023_18.tif,6643203,192,0.33001,33.0,0.088,0
slovenia,g6_00023_18.tif,6643436,14,0.02406,2.41,0.0,0
slovenia,g6_00023_18.tif,6670695,86,0.14782,14.78,0.0625,0
slovenia,g6_00023_18.tif,6670702,312,0.53626,53.63,0.2626,0
slovenia,g6_00023_18.tif,6670707,107,0.18391,18.39,0.0287,0
slovenia,g6_00023_18.tif,6670718,291,0.50017,50.02,0.308,0
slovenia,g6_00023_18.tif,6670723,250,0.4297,42.97,0.0197,0
slovenia,g6_00023_18.tif,6670749,27,0.04641,4.64,0.0,0
slovenia,g6_00023_18.tif,6686380,26,0.04469,4.47,0.0,0
slovenia,g6_00023_18.tif,6696060,92,0.15813,15.81,0.0176,0
slovenia,g6_00023_18.tif,6696128,105,0.18047,18.05,0.0243,0
slovenia,g6_00023_18.tif,6738137,28,0.04813,4.81,0.1,0
slovenia,g6_00023_18.tif,6742984,101,0.1736,17.36,0.0,0
slovenia,g6_00023_18.tif,6742990,40,0.06875,6.88,0.0,0
slovenia,g6_00023_18.tif,6742996,177,0.30423,30.42,0.1418,0
slovenia,g6_00023_18.tif,6742998,243,0.41767,41.77,0.2874,0
slovenia,g6_00023_18.tif,6744391,136,0.23376,23.38,0.0341,0
slovenia,g6_00023_18.tif,6744403,23,0.03953,3.95,0.0,0
slovenia,g6_00023_18.tif,6744404,13,0.02234,2.23,0.0,0
slovenia,g6_00023_18.tif,6744551,41,0.07047,7.05,0.0088,0
slovenia,g6_00023_18.tif,6745909,159,0.27329,27.33,0.2416,0
slovenia,g6_00023_18.tif,6749903,244,0.41939,41.94,0.5488,1
slovenia,g6_00023_18.tif,6749907,351,0.6033,60.33,0.0164,0
slovenia,g6_00023_18.tif,6749914,204,0.35063,35.06,0.0494,0
slovenia,g6_00023_18.tif,6749921,235,0.40392,40.39,0.2439,0
slovenia,g6_00023_18.tif,6749974,10,0.01719,1.72,0.0,0
slovenia,g6_00023_18.tif,6794671,86,0.14782,14.78,0.1887,0
slovenia,g6_00023_18.tif,6794672,34,0.05844,5.84,0.0,0
slovenia,g6_00023_18.tif,6794809,59,0.10141,10.14,0.0913,0
slovenia,g6_00023_18.tif,6808650,59,0.10141,10.14,0.0,0
slovenia,g6_00023_18.tif,6808651,94,0.16157,16.16,0.245,0
slovenia,g6_00023_18.tif,6808663,233,0.40048,40.05,0.2337,0
slovenia,g6_00023_18.tif,6808666,115,0.19766,19.77,0.2667,0
slovenia,g6_00023_18.tif,6808686,244,0.41939,41.94,0.4555,0
slovenia,g6_00023_18.tif,6809339,46,0.07906,7.91,0.0662,0
slovenia,g6_00023_18.tif,6809855,7,0.01203,1.2,0.0094,0
slovenia,g6_00023_18.tif,6863008,925,1.58989,158.99,0.3315,0
slovenia,g6_00023_18.tif,6863025,154,0.26469,26.47,0.0,0
slovenia,g6_00023_18.tif,6863027,160,0.27501,27.5,0.029,0
slovenia,g6_00023_18.tif,6863033,380,0.65314,65.31,0.6824,1
slovenia,g6_00023_18.tif,6863034,298,0.5122,51.22,0.0567,0
slovenia,g6_00023_18.tif,6863036,337,0.57923,57.92,0.0837,0
slovenia,g6_00023_18.tif,6886583,512,0.88002,88.0,0.3354,0
slovenia,g6_00023_18.tif,6946862,389,0.66861,66.86,0.4761,0
slovenia,g6_00023_18.tif,6946863,261,0.44861,44.86,0.0801,0
slovenia,g6_00023_18.tif,6947815,37,0.0636,6.36,0.0092,0
slovenia,g6_00023_18.tif,6957579,176,0.30251,30.25,0.3956,0
slovenia,g6_00023_18.tif,6957594,4,0.00688,0.69,0.0,0
slovenia,g6_00023_18.tif,6957602,113,0.19422,19.42,0.0,0
slovenia,g6_00023_18.tif,6957666,7,0.01203,1.2,0.0,0
slovenia,g6_00023_18.tif,6959711,525,0.90237,90.24,0.2647,0
slovenia,g6_00023_18.tif,6984788,194,0.33345,33.34,0.5022,1
slovenia,g6_00023_18.tif,6984793,370,0.63595,63.6,0.5942,1
slovenia,g6_00023_18.tif,6984795,84,0.14438,14.44,0.0927,0
slovenia,g6_00023_18.tif,6992705,493,0.84737,84.74,0.8668,1
slovenia,g6_00023_18.tif,6992710,152,0.26126,26.13,0.3125,0
slovenia,g6_00023_18.tif,6992713,293,0.50361,50.36,0.6626,1
slovenia,g6_00024_0.tif,6094974,123,0.21141,21.14,0.0,0
slovenia,g6_00024_0.tif,6121758,86,0.14782,14.78,0.0,0
slovenia,g6_00024_0.tif,6121766,158,0.27157,27.16,0.0,0
slovenia,g6_00024_0.tif,6121887,38,0.06531,6.53,0.0,0
slovenia,g6_00024_0.tif,6283611,18,0.03094,3.09,0.0,0
slovenia,g6_00024_0.tif,6283615,94,0.16157,16.16,0.0,0
slovenia,g6_00024_0.tif,6285642,337,0.57923,57.92,0.0,0
slovenia,g6_00024_0.tif,6285643,16,0.0275,2.75,0.0,0
slovenia,g6_00024_0.tif,6285647,138,0.23719,23.72,0.0933,0
slovenia,g6_00024_0.tif,6285648,143,0.24579,24.58,0.6139,1
slovenia,g6_00024_0.tif,6285872,48,0.0825,8.25,0.0,0
slovenia,g6_00024_0.tif,6296078,1055,1.81333,181.33,0.5416,1
slovenia,g6_00024_0.tif,6352006,84,0.14438,14.44,0.0,0
slovenia,g6_00024_0.tif,6352011,32,0.055,5.5,0.0,0
slovenia,g6_00024_0.tif,6352036,42,0.07219,7.22,0.0,0
slovenia,g6_00024_0.tif,6425676,479,0.8233,82.33,0.0,0
slovenia,g6_00024_0.tif,6425698,388,0.66689,66.69,0.0,0
slovenia,g6_00024_0.tif,6425772,59,0.10141,10.14,0.0,0
slovenia,g6_00024_0.tif,6425894,29,0.04985,4.98,0.0,0
slovenia,g6_00024_0.tif,6427240,157,0.26985,26.99,0.0,0
slovenia,g6_00024_0.tif,6427380,29,0.04985,4.98,0.0,0
slovenia,g6_00024_0.tif,6597569,315,0.54142,54.14,0.0,0
slovenia,g6_00024_0.tif,6597577,42,0.07219,7.22,0.0,0
slovenia,g6_00024_0.tif,6742984,79,0.13578,13.58,0.0,0
slovenia,g6_00024_0.tif,6749914,28,0.04813,4.81,0.0,0
slovenia,g6_00024_0.tif,6808638,316,0.54314,54.31,0.0965,0
slovenia,g6_00024_0.tif,6808640,119,0.20454,20.45,0.0,0
slovenia,g6_00024_0.tif,6947815,73,0.12547,12.55,0.0,0
slovenia,g6_00024_0.tif,6950300,10,0.01719,1.72,0.0,0
slovenia,g6_00024_0.tif,6950302,217,0.37298,37.3,0.0,0
slovenia,g6_00024_1.tif,6117393,38,0.06531,6.53,0.0,0
slovenia,g6_00024_1.tif,6117394,112,0.19251,19.25,0.0,0
slovenia,g6_00024_1.tif,6117395,131,0.22516,22.52,0.5185,1
slovenia,g6_00024_1.tif,6117398,25,0.04297,4.3,0.0099,0
slovenia,g6_00024_1.tif,6117401,133,0.2286,22.86,0.6449,1
slovenia,g6_00024_1.tif,6117480,156,0.26813,26.81,0.1348,0
slovenia,g6_00024_1.tif,6117690,102,0.17532,17.53,0.0,0
slovenia,g6_00024_1.tif,6117691,35,0.06016,6.02,0.0,0
slovenia,g6_00024_1.tif,6117697,278,0.47783,47.78,0.2741,0
slovenia,g6_00024_1.tif,6117705,101,0.1736,17.36,0.0,0
slovenia,g6_00024_1.tif,6117747,63,0.10828,10.83,0.0,0
slovenia,g6_00024_1.tif,6117753,52,0.08938,8.94,0.0,0
slovenia,g6_00024_1.tif,6117805,52,0.08938,8.94,0.1512,0
slovenia,g6_00024_1.tif,6148141,48,0.0825,8.25,0.0,0
slovenia,g6_00024_1.tif,6162554,11,0.01891,1.89,0.0,0
slovenia,g6_00024_1.tif,6164121,50,0.08594,8.59,0.0,0
slovenia,g6_00024_1.tif,6164123,60,0.10313,10.31,0.0,0
slovenia,g6_00024_1.tif,6188364,81,0.13922,13.92,0.0661,0
slovenia,g6_00024_1.tif,6188367,4,0.00688,0.69,0.0,0
slovenia,g6_00024_1.tif,6188368,27,0.04641,4.64,0.0,0
slovenia,g6_00024_1.tif,6188463,64,0.11,11.0,0.0,0
slovenia,g6_00024_1.tif,6213667,253,0.43486,43.49,0.2108,0
slovenia,g6_00024_1.tif,6213668,87,0.14954,14.95,0.0,0
slovenia,g6_00024_1.tif,6213715,28,0.04813,4.81,0.0,0
slovenia,g6_00024_1.tif,6233450,235,0.40392,40.39,0.4038,0
slovenia,g6_00024_1.tif,6233452,499,0.85768,85.77,0.0,0
slovenia,g6_00024_1.tif,6233453,232,0.39876,39.88,0.1011,0
slovenia,g6_00024_1.tif,6239979,25,0.04297,4.3,0.0,0
slovenia,g6_00024_1.tif,6285642,99,0.17016,17.02,0.6522,1
slovenia,g6_00024_1.tif,6285656,152,0.26126,26.13,0.1776,0
slovenia,g6_00024_1.tif,6285872,35,0.06016,6.02,0.1754,0
slovenia,g6_00024_1.tif,6425674,225,0.38673,38.67,0.3066,0
slovenia,g6_00024_1.tif,6425676,6,0.01031,1.03,0.0,0
slovenia,g6_00024_1.tif,6425678,295,0.50704,50.7,0.177,0
slovenia,g6_00024_1.tif,6460370,10,0.01719,1.72,0.0,0
slovenia,g6_00024_1.tif,6597517,154,0.26469,26.47,0.2237,0
slovenia,g6_00024_1.tif,6597557,369,0.63424,63.42,0.8687,1
slovenia,g6_00024_1.tif,6606677,7,0.01203,1.2,0.0,0
slovenia,g6_00024_1.tif,6606686,39,0.06703,6.7,0.0,0
slovenia,g6_00024_1.tif,6614563,252,0.43314,43.31,0.0,0
slovenia,g6_00024_1.tif,6813396,300,0.51564,51.56,0.6404,1
slovenia,g6_00024_1.tif,6817456,79,0.13578,13.58,0.0,0
slovenia,g6_00024_1.tif,6817458,28,0.04813,4.81,0.0,0
slovenia,g6_00024_1.tif,6817460,37,0.0636,6.36,0.0,0
slovenia,g6_00024_1.tif,6817461,151,0.25954,25.95,0.0,0
slovenia,g6_00024_1.tif,6817466,490,0.84221,84.22,0.236,0
slovenia,g6_00024_1.tif,6817474,244,0.41939,41.94,0.0,0
slovenia,g6_00024_1.tif,6817476,198,0.34032,34.03,0.2708,0
slovenia,g6_00024_1.tif,6817669,20,0.03438,3.44,0.0,0
slovenia,g6_00024_1.tif,6909682,12,0.02063,2.06,0.0,0
slovenia,g6_00024_1.tif,6912932,322,0.55345,55.35,0.0,0
slovenia,g6_00024_1.tif,6912934,411,0.70643,70.64,0.0,0
slovenia,g6_00026_16.tif,6099287,58,0.09969,9.97,0.1412,0
slovenia,g6_00026_16.tif,6099304,16,0.0275,2.75,0.0,0
slovenia,g6_00026_16.tif,6111432,121,0.20797,20.8,0.0654,0
slovenia,g6_00026_16.tif,6111444,100,0.17188,17.19,0.046,0
slovenia,g6_00026_16.tif,6120060,266,0.4572,45.72,0.2045,0
slovenia,g6_00026_16.tif,6173845,52,0.08938,8.94,0.0739,0
slovenia,g6_00026_16.tif,6173955,48,0.0825,8.25,0.1152,0
slovenia,g6_00026_16.tif,6173970,123,0.21141,21.14,0.4,0
slovenia,g6_00026_16.tif,6173997,22,0.03781,3.78,0.0212,0
slovenia,g6_00026_16.tif,6174006,25,0.04297,4.3,0.0105,0
slovenia,g6_00026_16.tif,6179252,730,1.25472,125.47,0.255,0
slovenia,g6_00026_16.tif,6179253,525,0.90237,90.24,0.0211,0
slovenia,g6_00026_16.tif,6179256,349,0.59986,59.99,0.093,0
slovenia,g6_00026_16.tif,6179394,37,0.0636,6.36,0.0,0
slovenia,g6_00026_16.tif,6179535,220,0.37814,37.81,0.0425,0
slovenia,g6_00026_16.tif,6194375,241,0.41423,41.42,0.0524,0
slovenia,g6_00026_16.tif,6232846,328,0.56377,56.38,0.5342,1
slovenia,g6_00026_16.tif,6232858,18,0.03094,3.09,0.0131,0
slovenia,g6_00026_16.tif,6248990,146,0.25094,25.09,0.0,0
slovenia,g6_00026_16.tif,6250357,1499,2.57647,257.65,0.2698,0
slovenia,g6_00026_16.tif,6250359,662,1.13784,113.78,0.7586,1
slovenia,g6_00026_16.tif,6250361,174,0.29907,29.91,0.0835,0
slovenia,g6_00026_16.tif,6250362,250,0.4297,42.97,0.1103,0
slovenia,g6_00026_16.tif,6250366,402,0.69096,69.1,0.1884,0
slovenia,g6_00026_16.tif,6250371,141,0.24235,24.24,0.0816,0
slovenia,g6_00026_16.tif,6250372,48,0.0825,8.25,0.0011,0
slovenia,g6_00026_16.tif,6270669,453,0.77861,77.86,0.8418,1
slovenia,g6_00026_16.tif,6270671,17,0.02922,2.92,0.0,0
slovenia,g6_00026_16.tif,6270675,112,0.19251,19.25,0.0576,0
slovenia,g6_00026_16.tif,6270678,37,0.0636,6.36,0.0151,0
slovenia,g6_00026_16.tif,6270683,342,0.58783,58.78,0.3933,0
slovenia,g6_00026_16.tif,6270686,247,0.42454,42.45,0.1198,0
slovenia,g6_00026_16.tif,6324348,132,0.22688,22.69,0.0,0
slovenia,g6_00026_16.tif,6324356,86,0.14782,14.78,0.0371,0
slovenia,g6_00026_16.tif,6359097,203,0.34892,34.89,0.062,0
slovenia,g6_00026_16.tif,6364834,477,0.81987,81.99,0.1575,0
slovenia,g6_00026_16.tif,6408125,350,0.60158,60.16,0.0782,0
slovenia,g6_00026_16.tif,6408126,427,0.73393,73.39,0.0888,0
slovenia,g6_00026_16.tif,6408127,126,0.21657,21.66,0.8632,1
slovenia,g6_00026_16.tif,6408143,217,0.37298,37.3,0.056,0
slovenia,g6_00026_16.tif,6408146,57,0.09797,9.8,0.0137,0
slovenia,g6_00026_16.tif,6408181,217,0.37298,37.3,0.0353,0
slovenia,g6_00026_16.tif,6414921,169,0.29048,29.05,0.2099,0
slovenia,g6_00026_16.tif,6414927,114,0.19594,19.59,0.5867,1
slovenia,g6_00026_16.tif,6453819,773,1.32863,132.86,0.6833,1
slovenia,g6_00026_16.tif,6453825,25,0.04297,4.3,0.0123,0
slovenia,g6_00026_16.tif,6500762,11,0.01891,1.89,0.003,0
slovenia,g6_00026_16.tif,6525858,155,0.26641,26.64,0.0799,0
slovenia,g6_00026_16.tif,6525862,188,0.32313,32.31,0.1474,0
slovenia,g6_00026_16.tif,6525939,17,0.02922,2.92,0.003,0
slovenia,g6_00026_16.tif,6593059,146,0.25094,25.09,0.0778,0
slovenia,g6_00026_16.tif,6593061,29,0.04985,4.98,0.0,0
slovenia,g6_00026_16.tif,6593067,374,0.64283,64.28,0.2266,0
slovenia,g6_00026_16.tif,6593068,209,0.35923,35.92,0.6189,1
slovenia,g6_00026_16.tif,6593071,167,0.28704,28.7,0.0,0
slovenia,g6_00026_16.tif,6593333,454,0.78033,78.03,0.3182,0
slovenia,g6_00026_16.tif,6593349,250,0.4297,42.97,0.1969,0
slovenia,g6_00026_16.tif,6593363,104,0.17875,17.88,0.008,0
slovenia,g6_00026_16.tif,6593450,41,0.07047,7.05,0.0112,0
slovenia,g6_00026_16.tif,6605272,421,0.72361,72.36,0.622,1
slovenia,g6_00026_16.tif,6605343,126,0.21657,21.66,0.272,0
slovenia,g6_00026_16.tif,6605344,20,0.03438,3.44,0.0,0
slovenia,g6_00026_16.tif,6605564,13,0.02234,2.23,0.0,0
slovenia,g6_00026_16.tif,6605924,127,0.21829,21.83,0.0334,0
slovenia,g6_00026_16.tif,6605925,104,0.17875,17.88,0.0227,0
slovenia,g6_00026_16.tif,6621806,26,0.04469,4.47,0.0645,0
slovenia,g6_00026_16.tif,6630253,240,0.41251,41.25,0.0714,0
slovenia,g6_00026_16.tif,6630399,125,0.21485,21.48,0.0309,0
slovenia,g6_00026_16.tif,6634682,391,0.67205,67.2,0.0914,0
slovenia,g6_00026_16.tif,6634683,794,1.36472,136.47,0.0,0
slovenia,g6_00026_16.tif,6634685,577,0.99175,99.17,0.0,0
slovenia,g6_00026_16.tif,6634713,14,0.02406,2.41,0.0012,0
slovenia,g6_00026_16.tif,6640851,164,0.28188,28.19,0.0453,0
slovenia,g6_00026_16.tif,6640854,70,0.12032,12.03,0.021,0
slovenia,g6_00026_16.tif,6640857,123,0.21141,21.14,0.0305,0
slovenia,g6_00026_16.tif,6658474,898,1.54348,154.35,0.2291,0
slovenia,g6_00026_16.tif,6659726,1113,1.91302,191.3,0.2595,0
slovenia,g6_00026_16.tif,6659730,647,1.11206,111.21,0.4779,0
slovenia,g6_00026_16.tif,6661240,628,1.0794,107.94,0.3422,0
slovenia,g6_00026_16.tif,6661243,217,0.37298,37.3,0.006,0
slovenia,g6_00026_16.tif,6661246,217,0.37298,37.3,0.2588,0
slovenia,g6_00026_16.tif,6661247,559,0.96081,96.08,0.1497,0
slovenia,g6_00026_16.tif,6661251,174,0.29907,29.91,0.1602,0
slovenia,g6_00026_16.tif,6661257,385,0.66174,66.17,0.0962,0
slovenia,g6_00026_16.tif,6661561,26,0.04469,4.47,0.01,0
slovenia,g6_00026_16.tif,6661639,341,0.58611,58.61,0.2045,0
slovenia,g6_00026_16.tif,6661724,146,0.25094,25.09,0.7434,1
slovenia,g6_00026_16.tif,6661843,624,1.07253,107.25,0.5042,1
slovenia,g6_00026_16.tif,6661906,93,0.15985,15.98,0.0019,0
slovenia,g6_00026_16.tif,6661907,450,0.77346,77.35,0.0401,0
slovenia,g6_00026_16.tif,6663224,684,1.17566,117.57,0.2379,0
slovenia,g6_00026_16.tif,6663226,874,1.50223,150.22,0.294,0
slovenia,g6_00026_16.tif,6663227,1002,1.72223,172.22,0.3635,0
slovenia,g6_00026_16.tif,6686415,223,0.38329,38.33,0.0701,0
slovenia,g6_00026_16.tif,6692968,222,0.38157,38.16,0.1443,0
slovenia,g6_00026_16.tif,6712956,65,0.11172,11.17,0.0349,0
slovenia,g6_00026_16.tif,6712959,81,0.13922,13.92,0.0224,0
slovenia,g6_00026_16.tif,6724642,46,0.07906,7.91,0.015,0
slovenia,g6_00026_16.tif,6724644,486,0.83533,83.53,0.1536,0
slovenia,g6_00026_16.tif,6724651,227,0.39017,39.02,0.1138,0
slovenia,g6_00026_16.tif,6725036,693,1.19113,119.11,0.3402,0
slovenia,g6_00026_16.tif,6725068,22,0.03781,3.78,0.0023,0
slovenia,g6_00026_16.tif,6743517,63,0.10828,10.83,0.0,0
slovenia,g6_00026_16.tif,6758260,177,0.30423,30.42,0.6493,1
slovenia,g6_00026_16.tif,6758265,5,0.00859,0.86,0.0,0
slovenia,g6_00026_16.tif,6758266,15,0.02578,2.58,0.0033,0
slovenia,g6_00026_16.tif,6758344,16,0.0275,2.75,0.0,0
slovenia,g6_00026_16.tif,6758445,6,0.01031,1.03,0.0,0
slovenia,g6_00026_16.tif,6802229,346,0.5947,59.47,0.056,0
slovenia,g6_00026_16.tif,6802234,392,0.67377,67.38,0.207,0
slovenia,g6_00026_16.tif,6802236,379,0.65142,65.14,0.0864,0
slovenia,g6_00026_16.tif,6802241,13,0.02234,2.23,0.0065,0
slovenia,g6_00026_16.tif,6802245,42,0.07219,7.22,0.0147,0
slovenia,g6_00026_16.tif,6803827,464,0.79752,79.75,0.8789,1
slovenia,g6_00026_16.tif,6803837,306,0.52595,52.6,0.0136,0
slovenia,g6_00026_16.tif,6803843,101,0.1736,17.36,0.7368,1
slovenia,g6_00026_16.tif,6803945,213,0.3661,36.61,0.159,0
slovenia,g6_00026_16.tif,6803967,154,0.26469,26.47,0.0822,0
slovenia,g6_00026_16.tif,6804399,5,0.00859,0.86,0.0,0
slovenia,g6_00026_16.tif,6832133,51,0.08766,8.77,0.6078,1
slovenia,g6_00026_16.tif,6832164,48,0.0825,8.25,0.1061,0
slovenia,g6_00026_16.tif,6926865,321,0.55173,55.17,0.0617,0
slovenia,g6_00026_16.tif,6935506,388,0.66689,66.69,0.006,0
slovenia,g6_00026_16.tif,6935536,296,0.50876,50.88,0.342,0
slovenia,g6_00026_16.tif,6965874,220,0.37814,37.81,0.1875,0
slovenia,g6_00026_16.tif,6966077,200,0.34376,34.38,0.1921,0
slovenia,g6_00026_16.tif,7005030,464,0.79752,79.75,0.1375,0
slovenia,g6_00026_16.tif,7005031,272,0.46751,46.75,0.0932,0
slovenia,g6_00026_16.tif,7018690,195,0.33517,33.52,0.0582,0
slovenia,g6_00026_16.tif,7018695,109,0.18735,18.73,0.2442,0
slovenia,g6_00026_16.tif,7045982,895,1.53832,153.83,0.5959,1
slovenia,g6_00026_16.tif,7045984,27,0.04641,4.64,0.0,0
slovenia,g6_00026_16.tif,7045987,469,0.80612,80.61,0.4481,0
slovenia,g6_00026_16.tif,7045990,235,0.40392,40.39,0.2047,0
slovenia,g6_00026_16.tif,7045995,111,0.19079,19.08,0.0385,0
slovenia,g6_00026_16.tif,7074175,39,0.06703,6.7,0.0,0
slovenia,g6_00026_16.tif,7074181,356,0.61189,61.19,0.1207,0
slovenia,g6_00026_17.tif,6087692,158,0.27157,27.16,0.0,0
slovenia,g6_00026_17.tif,6097744,326,0.56033,56.03,0.0,0
slovenia,g6_00026_17.tif,6143571,17,0.02922,2.92,0.0,0
slovenia,g6_00026_17.tif,6155039,305,0.52423,52.42,0.1944,0
slovenia,g6_00026_17.tif,6163363,647,1.11206,111.21,0.3888,0
slovenia,g6_00026_17.tif,6163365,1001,1.72051,172.05,0.6125,1
slovenia,g6_00026_17.tif,6171461,22,0.03781,3.78,0.0,0
slovenia,g6_00026_17.tif,6171462,54,0.09281,9.28,0.0,0
slovenia,g6_00026_17.tif,6172345,311,0.53455,53.45,0.0,0
slovenia,g6_00026_17.tif,6172346,18,0.03094,3.09,0.0,0
slovenia,g6_00026_17.tif,6172492,6,0.01031,1.03,0.0,0
slovenia,g6_00026_17.tif,6250364,369,0.63424,63.42,0.2982,0
slovenia,g6_00026_17.tif,6250366,17,0.02922,2.92,0.1892,0
slovenia,g6_00026_17.tif,6250372,232,0.39876,39.88,0.3358,0
slovenia,g6_00026_17.tif,6251600,20,0.03438,3.44,0.0,0
slovenia,g6_00026_17.tif,6270665,364,0.62564,62.56,0.7636,1
slovenia,g6_00026_17.tif,6270668,509,0.87487,87.49,0.8476,1
slovenia,g6_00026_17.tif,6270677,217,0.37298,37.3,0.7169,1
slovenia,g6_00026_17.tif,6270678,156,0.26813,26.81,0.1201,0
slovenia,g6_00026_17.tif,6270680,84,0.14438,14.44,0.2267,0
slovenia,g6_00026_17.tif,6324356,118,0.20282,20.28,0.2225,0
slovenia,g6_00026_17.tif,6325888,796,1.36816,136.82,0.8554,1
slovenia,g6_00026_17.tif,6359096,10,0.01719,1.72,0.0,0
slovenia,g6_00026_17.tif,6359099,62,0.10657,10.66,0.0958,0
slovenia,g6_00026_17.tif,6359167,39,0.06703,6.7,0.0,0
slovenia,g6_00026_17.tif,6408118,413,0.70986,70.99,0.2956,0
slovenia,g6_00026_17.tif,6408133,272,0.46751,46.75,0.2088,0
slovenia,g6_00026_17.tif,6408173,38,0.06531,6.53,0.0222,0
slovenia,g6_00026_17.tif,6409804,197,0.3386,33.86,0.656,1
slovenia,g6_00026_17.tif,6409816,172,0.29563,29.56,0.0,0
slovenia,g6_00026_17.tif,6409822,80,0.1375,13.75,0.0,0
slovenia,g6_00026_17.tif,6409840,49,0.08422,8.42,0.0,0
slovenia,g6_00026_17.tif,6412748,115,0.19766,19.77,0.0,0
slovenia,g6_00026_17.tif,6412753,370,0.63595,63.6,0.6803,1
slovenia,g6_00026_17.tif,6412760,172,0.29563,29.56,0.2472,0
slovenia,g6_00026_17.tif,6412767,51,0.08766,8.77,0.0623,0
slovenia,g6_00026_17.tif,6414900,299,0.51392,51.39,0.2563,0
slovenia,g6_00026_17.tif,6414913,120,0.20626,20.63,0.0744,0
slovenia,g6_00026_17.tif,6414917,104,0.17875,17.88,0.0619,0
slovenia,g6_00026_17.tif,6414919,191,0.32829,32.83,0.1252,0
slovenia,g6_00026_17.tif,6414925,17,0.02922,2.92,0.0,0
slovenia,g6_00026_17.tif,6416488,373,0.64111,64.11,0.0,0
slovenia,g6_00026_17.tif,6418429,256,0.44001,44.0,0.0,0
slovenia,g6_00026_17.tif,6420880,219,0.37642,37.64,0.7831,1
slovenia,g6_00026_17.tif,6453807,146,0.25094,25.09,0.1697,0
slovenia,g6_00026_17.tif,6453808,128,0.22001,22.0,0.1722,0
slovenia,g6_00026_17.tif,6453809,168,0.28876,28.88,0.3482,0
slovenia,g6_00026_17.tif,6453826,316,0.54314,54.31,0.0,0
slovenia,g6_00026_17.tif,6453836,122,0.20969,20.97,0.0391,0
slovenia,g6_00026_17.tif,6453849,90,0.15469,15.47,0.0061,0
slovenia,g6_00026_17.tif,6454184,54,0.09281,9.28,0.1103,0
slovenia,g6_00026_17.tif,6454224,88,0.15125,15.13,0.0813,0
slovenia,g6_00026_17.tif,6500535,376,0.64627,64.63,0.4003,0
slovenia,g6_00026_17.tif,6500538,97,0.16672,16.67,0.0267,0
slovenia,g6_00026_17.tif,6500762,339,0.58267,58.27,0.537,1
slovenia,g6_00026_17.tif,6501390,169,0.29048,29.05,0.1443,0
slovenia,g6_00026_17.tif,6501393,107,0.18391,18.39,0.2316,0
slovenia,g6_00026_17.tif,6501394,103,0.17704,17.7,0.1828,0
slovenia,g6_00026_17.tif,6501396,74,0.12719,12.72,0.3488,0
slovenia,g6_00026_17.tif,6501399,14,0.02406,2.41,0.0504,0
slovenia,g6_00026_17.tif,6501413,266,0.4572,45.72,0.441,0
slovenia,g6_00026_17.tif,6501416,92,0.15813,15.81,0.1469,0
slovenia,g6_00026_17.tif,6501489,42,0.07219,7.22,0.0464,0
slovenia,g6_00026_17.tif,6575147,6,0.01031,1.03,0.0,0
slovenia,g6_00026_17.tif,6589564,289,0.49673,49.67,0.1593,0
slovenia,g6_00026_17.tif,6589577,112,0.19251,19.25,0.0059,0
slovenia,g6_00026_17.tif,6589634,214,0.36782,36.78,0.0,0
slovenia,g6_00026_17.tif,6593068,40,0.06875,6.88,0.2892,0
slovenia,g6_00026_17.tif,6634688,336,0.57752,57.75,0.2513,0
slovenia,g6_00026_17.tif,6634689,144,0.24751,24.75,0.1106,0
slovenia,g6_00026_17.tif,6640854,125,0.21485,21.48,0.015,0
slovenia,g6_00026_17.tif,6640855,9,0.01547,1.55,0.0214,0
slovenia,g6_00026_17.tif,6686401,810,1.39222,139.22,0.132,0
slovenia,g6_00026_17.tif,6686404,790,1.35785,135.78,0.3034,0
slovenia,g6_00026_17.tif,6686408,297,0.51048,51.05,0.0,0
slovenia,g6_00026_17.tif,6686415,160,0.27501,27.5,0.8403,1
slovenia,g6_00026_17.tif,6686422,21,0.03609,3.61,0.0,0
slovenia,g6_00026_17.tif,6694164,216,0.37126,37.13,0.0824,0
slovenia,g6_00026_17.tif,6705275,604,1.03815,103.82,0.1829,0
slovenia,g6_00026_17.tif,6705278,231,0.39704,39.7,0.018,0
slovenia,g6_00026_17.tif,6705285,334,0.57408,57.41,0.2546,0
slovenia,g6_00026_17.tif,6705288,249,0.42798,42.8,0.0314,0
slovenia,g6_00026_17.tif,6705453,18,0.03094,3.09,0.0082,0
slovenia,g6_00026_17.tif,6714340,53,0.0911,9.11,0.5882,1
slovenia,g6_00026_17.tif,6714343,175,0.30079,30.08,0.0133,0
slovenia,g6_00026_17.tif,6714726,119,0.20454,20.45,0.0795,0
slovenia,g6_00026_17.tif,6715842,400,0.68752,68.75,0.4048,0
slovenia,g6_00026_17.tif,6715843,325,0.55861,55.86,0.351,0
slovenia,g6_00026_17.tif,6715856,585,1.0055,100.55,0.4892,0
slovenia,g6_00026_17.tif,6715881,302,0.51908,51.91,0.1028,0
slovenia,g6_00026_17.tif,6724642,626,1.07597,107.6,0.0134,0
slovenia,g6_00026_17.tif,6724658,136,0.23376,23.38,0.0968,0
slovenia,g6_00026_17.tif,6725036,63,0.10828,10.83,0.1102,0
slovenia,g6_00026_17.tif,6743656,132,0.22688,22.69,0.0,0
slovenia,g6_00026_17.tif,6758265,50,0.08594,8.59,0.475,0
slovenia,g6_00026_17.tif,6758267,49,0.08422,8.42,0.0,0
slovenia,g6_00026_17.tif,6758344,48,0.0825,8.25,0.0208,0
slovenia,g6_00026_17.tif,6758445,31,0.05328,5.33,0.0,0
slovenia,g6_00026_17.tif,6822390,18,0.03094,3.09,0.0,0
slovenia,g6_00026_17.tif,6822392,19,0.03266,3.27,0.0,0
slovenia,g6_00026_17.tif,6822396,758,1.30285,130.28,0.4825,0
slovenia,g6_00026_17.tif,6822409,472,0.81127,81.13,0.6517,1
slovenia,g6_00026_17.tif,6822431,27,0.04641,4.64,0.0174,0
slovenia,g6_00026_17.tif,6831989,146,0.25094,25.09,0.0327,0
slovenia,g6_00026_17.tif,6886249,333,0.57236,57.24,0.1802,0
slovenia,g6_00026_17.tif,6894042,272,0.46751,46.75,0.0,0
slovenia,g6_00026_17.tif,6894066,175,0.30079,30.08,0.2991,0
slovenia,g6_00026_17.tif,6935512,472,0.81127,81.13,0.1861,0
slovenia,g6_00026_17.tif,6935924,40,0.06875,6.88,0.0101,0
slovenia,g6_00026_17.tif,6953423,61,0.10485,10.48,0.1727,0
slovenia,g6_00026_17.tif,6965881,99,0.17016,17.02,0.0,0
slovenia,g6_00026_17.tif,7005035,251,0.43142,43.14,0.2412,0
slovenia,g6_00026_17.tif,7005041,114,0.19594,19.59,0.5238,1
slovenia,g6_00026_18.tif,6084446,458,0.78721,78.72,0.2895,0
slovenia,g6_00026_18.tif,6084450,204,0.35063,35.06,0.245,0
slovenia,g6_00026_18.tif,6084453,100,0.17188,17.19,0.0156,0
slovenia,g6_00026_18.tif,6084454,85,0.1461,14.61,0.0222,0
slovenia,g6_00026_18.tif,6084456,168,0.28876,28.88,0.0189,0
slovenia,g6_00026_18.tif,6084458,64,0.11,11.0,0.0682,0
slovenia,g6_00026_18.tif,6097738,448,0.77002,77.0,0.0,0
slovenia,g6_00026_18.tif,6112660,9,0.01547,1.55,0.1667,0
slovenia,g6_00026_18.tif,6141485,268,0.46064,46.06,0.1507,0
slovenia,g6_00026_18.tif,6141571,14,0.02406,2.41,0.0028,0
slovenia,g6_00026_18.tif,6143038,19,0.03266,3.27,0.007,0
slovenia,g6_00026_18.tif,6143171,44,0.07563,7.56,0.0175,0
slovenia,g6_00026_18.tif,6143575,216,0.37126,37.13,0.1124,0
slovenia,g6_00026_18.tif,6143576,108,0.18563,18.56,0.0769,0
slovenia,g6_00026_18.tif,6143579,346,0.5947,59.47,0.0733,0
slovenia,g6_00026_18.tif,6143582,281,0.48298,48.3,0.5481,1
slovenia,g6_00026_18.tif,6143586,241,0.41423,41.42,0.2144,0
slovenia,g6_00026_18.tif,6143588,191,0.32829,32.83,0.6914,1
slovenia,g6_00026_18.tif,6143594,25,0.04297,4.3,0.0021,0
slovenia,g6_00026_18.tif,6172344,365,0.62736,62.74,0.204,0
slovenia,g6_00026_18.tif,6172346,103,0.17704,17.7,0.0,0
slovenia,g6_00026_18.tif,6172492,44,0.07563,7.56,0.0,0
slovenia,g6_00026_18.tif,6178804,14,0.02406,2.41,0.0,0
slovenia,g6_00026_18.tif,6178806,143,0.24579,24.58,0.0309,0
slovenia,g6_00026_18.tif,6178815,36,0.06188,6.19,0.0,0
slovenia,g6_00026_18.tif,6251600,19,0.03266,3.27,0.0,0
slovenia,g6_00026_18.tif,6341900,46,0.07906,7.91,0.0,0
slovenia,g6_00026_18.tif,6341901,486,0.83533,83.53,0.0,0
slovenia,g6_00026_18.tif,6341905,547,0.94018,94.02,0.1221,0
slovenia,g6_00026_18.tif,6341912,18,0.03094,3.09,0.0,0
slovenia,g6_00026_18.tif,6341914,116,0.19938,19.94,0.2273,0
slovenia,g6_00026_18.tif,6341917,428,0.73564,73.56,0.091,0
slovenia,g6_00026_18.tif,6342217,11,0.01891,1.89,0.0,0
slovenia,g6_00026_18.tif,6363524,512,0.88002,88.0,0.0,0
slovenia,g6_00026_18.tif,6363528,297,0.51048,51.05,0.0614,0
slovenia,g6_00026_18.tif,6370536,191,0.32829,32.83,0.1273,0
slovenia,g6_00026_18.tif,6374037,408,0.70127,70.13,0.0,0
slovenia,g6_00026_18.tif,6400392,225,0.38673,38.67,0.108,0
slovenia,g6_00026_18.tif,6400574,33,0.05672,5.67,0.0119,0
slovenia,g6_00026_18.tif,6409798,355,0.61017,61.02,0.2106,0
slovenia,g6_00026_18.tif,6409817,189,0.32485,32.49,0.2635,0
slovenia,g6_00026_18.tif,6409822,73,0.12547,12.55,0.1992,0
slovenia,g6_00026_18.tif,6410071,78,0.13407,13.41,0.0595,0
slovenia,g6_00026_18.tif,6410411,337,0.57923,57.92,0.4525,0
slovenia,g6_00026_18.tif,6412748,70,0.12032,12.03,0.537,1
slovenia,g6_00026_18.tif,6414880,1471,2.52835,252.83,0.928,1
slovenia,g6_00026_18.tif,6414884,786,1.35097,135.1,0.378,0
slovenia,g6_00026_18.tif,6414901,444,0.76315,76.31,0.2295,0
slovenia,g6_00026_18.tif,6430682,348,0.59814,59.81,0.4117,0
slovenia,g6_00026_18.tif,6430683,221,0.37985,37.99,0.2373,0
slovenia,g6_00026_18.tif,6453817,841,1.44551,144.55,0.0029,0
slovenia,g6_00026_18.tif,6575091,68,0.11688,11.69,0.28,0
slovenia,g6_00026_18.tif,6575147,70,0.12032,12.03,0.2959,0
slovenia,g6_00026_18.tif,6600415,67,0.11516,11.52,0.7885,1
slovenia,g6_00026_18.tif,6600421,144,0.24751,24.75,0.0297,0
slovenia,g6_00026_18.tif,6616246,162,0.27844,27.84,0.0345,0
slovenia,g6_00026_18.tif,6616508,159,0.27329,27.33,0.0074,0
slovenia,g6_00026_18.tif,6616534,161,0.27673,27.67,0.0331,0
slovenia,g6_00026_18.tif,6621468,357,0.61361,61.36,0.5101,1
slovenia,g6_00026_18.tif,6670704,396,0.68064,68.06,0.4441,0
slovenia,g6_00026_18.tif,6681404,73,0.12547,12.55,0.0817,0
slovenia,g6_00026_18.tif,6681845,214,0.36782,36.78,0.3402,0
slovenia,g6_00026_18.tif,6681847,147,0.25266,25.27,0.0942,0
slovenia,g6_00026_18.tif,6699252,683,1.17394,117.39,0.1684,0
slovenia,g6_00026_18.tif,6699256,228,0.39189,39.19,0.1084,0
slovenia,g6_00026_18.tif,6702430,95,0.16329,16.33,0.3846,0
slovenia,g6_00026_18.tif,6705302,248,0.42626,42.63,0.4709,0
slovenia,g6_00026_18.tif,6706456,70,0.12032,12.03,0.1681,0
slovenia,g6_00026_18.tif,6707182,284,0.48814,48.81,0.1725,0
slovenia,g6_00026_18.tif,6707196,76,0.13063,13.06,0.0328,0
slovenia,g6_00026_18.tif,6715853,374,0.64283,64.28,0.7335,1
slovenia,g6_00026_18.tif,6715862,493,0.84737,84.74,0.0912,0
slovenia,g6_00026_18.tif,6715870,468,0.8044,80.44,0.6344,1
slovenia,g6_00026_18.tif,6715885,17,0.02922,2.92,0.3529,0
slovenia,g6_00026_18.tif,6715886,227,0.39017,39.02,0.0,0
slovenia,g6_00026_18.tif,6715891,188,0.32313,32.31,0.1944,0
slovenia,g6_00026_18.tif,6715900,243,0.41767,41.77,0.0,0
slovenia,g6_00026_18.tif,6715914,539,0.92643,92.64,0.0044,0
slovenia,g6_00026_18.tif,6716239,218,0.3747,37.47,0.2157,0
slovenia,g6_00026_18.tif,6758276,124,0.21313,21.31,0.0023,0
slovenia,g6_00026_18.tif,6822392,6,0.01031,1.03,0.0,0
slovenia,g6_00026_18.tif,6859361,268,0.46064,46.06,0.0122,0
slovenia,g6_00026_18.tif,6894042,226,0.38845,38.84,0.6513,1
slovenia,g6_00026_18.tif,6926852,424,0.72877,72.88,0.0177,0
slovenia,g6_00026_18.tif,6935546,192,0.33001,33.0,0.1711,0
slovenia,g6_00026_18.tif,6936735,159,0.27329,27.33,0.0654,0
slovenia,g6_00026_18.tif,6953345,643,1.10519,110.52,0.3903,0
slovenia,g6_00026_18.tif,6953412,311,0.53455,53.45,0.1519,0
slovenia,g6_00026_18.tif,6953423,201,0.34548,34.55,0.675,1
slovenia,g6_00026_18.tif,6953452,141,0.24235,24.24,0.0013,0
slovenia,g6_00026_18.tif,6953467,92,0.15813,15.81,0.0,0
slovenia,g6_00026_18.tif,6988791,525,0.90237,90.24,0.3817,0
slovenia,g6_00026_18.tif,7061043,23,0.03953,3.95,0.0,0
slovenia,g6_00026_18.tif,7077279,72,0.12375,12.38,0.0246,0
slovenia,g6_00027_0.tif,6091551,57,0.09797,9.8,0.0,0
slovenia,g6_00027_0.tif,6094975,150,0.25782,25.78,0.156,0
slovenia,g6_00027_0.tif,6095749,389,0.66861,66.86,0.0,0
slovenia,g6_00027_0.tif,6095766,309,0.53111,53.11,0.7324,1
slovenia,g6_00027_0.tif,6296104,177,0.30423,30.42,0.3333,0
slovenia,g6_00027_0.tif,6371240,49,0.08422,8.42,0.0,0
slovenia,g6_00027_0.tif,6371309,55,0.09453,9.45,0.0,0
slovenia,g6_00027_0.tif,6371321,20,0.03438,3.44,0.0,0
slovenia,g6_00027_0.tif,6395249,20,0.03438,3.44,0.0,0
slovenia,g6_00027_0.tif,6395255,460,0.79065,79.06,0.0,0
slovenia,g6_00027_0.tif,6400392,116,0.19938,19.94,0.0938,0
slovenia,g6_00027_0.tif,6400640,6,0.01031,1.03,0.0,0
slovenia,g6_00027_0.tif,6409850,123,0.21141,21.14,0.026,0
slovenia,g6_00027_0.tif,6409859,496,0.85252,85.25,0.0284,0
slovenia,g6_00027_0.tif,6425681,26,0.04469,4.47,0.0,0
slovenia,g6_00027_0.tif,6469358,104,0.17875,17.88,0.0,0
slovenia,g6_00027_0.tif,6469359,6,0.01031,1.03,0.0,0
slovenia,g6_00027_0.tif,6469360,69,0.1186,11.86,0.0,0
slovenia,g6_00027_0.tif,6509323,151,0.25954,25.95,0.4576,0
slovenia,g6_00027_0.tif,6509333,59,0.10141,10.14,0.0,0
slovenia,g6_00027_0.tif,6600415,139,0.23891,23.89,0.8319,1
slovenia,g6_00027_0.tif,6616251,27,0.04641,4.64,0.0,0
slovenia,g6_00027_0.tif,6624743,14,0.02406,2.41,0.0,0
slovenia,g6_00027_0.tif,6638511,60,0.10313,10.31,0.0,0
slovenia,g6_00027_0.tif,6638512,287,0.49329,49.33,0.0,0
slovenia,g6_00027_0.tif,6638513,201,0.34548,34.55,0.0,0
slovenia,g6_00027_0.tif,6638517,126,0.21657,21.66,0.1052,0
slovenia,g6_00027_0.tif,6638521,263,0.45204,45.2,0.6048,1
slovenia,g6_00027_0.tif,6638526,66,0.11344,11.34,0.0,0
slovenia,g6_00027_0.tif,6638909,23,0.03953,3.95,0.0,0
slovenia,g6_00027_0.tif,6640413,132,0.22688,22.69,0.6481,1
slovenia,g6_00027_0.tif,6643191,170,0.2922,29.22,0.6379,1
slovenia,g6_00027_0.tif,6643193,640,1.10003,110.0,0.9282,1
slovenia,g6_00027_0.tif,6643197,191,0.32829,32.83,0.0,0
slovenia,g6_00027_0.tif,6643510,12,0.02063,2.06,0.0,0
slovenia,g6_00027_0.tif,6643587,26,0.04469,4.47,0.0398,0
slovenia,g6_00027_0.tif,6649780,25,0.04297,4.3,0.0,0
slovenia,g6_00027_0.tif,6649782,99,0.17016,17.02,0.0,0
slovenia,g6_00027_0.tif,6649783,73,0.12547,12.55,0.0,0
slovenia,g6_00027_0.tif,6649856,46,0.07906,7.91,0.0,0
slovenia,g6_00027_0.tif,6653855,726,1.24785,124.78,0.6211,1
slovenia,g6_00027_0.tif,6663322,50,0.08594,8.59,0.0199,0
slovenia,g6_00027_0.tif,6663324,12,0.02063,2.06,0.0,0
slovenia,g6_00027_0.tif,6670690,12,0.02063,2.06,0.0,0
slovenia,g6_00027_0.tif,6675372,71,0.12203,12.2,0.0,0
slovenia,g6_00027_0.tif,6685749,100,0.17188,17.19,0.0,0
slovenia,g6_00027_0.tif,6685752,31,0.05328,5.33,0.0,0
slovenia,g6_00027_0.tif,6705316,12,0.02063,2.06,0.0,0
slovenia,g6_00027_0.tif,6705317,13,0.02234,2.23,0.0,0
slovenia,g6_00027_0.tif,6707995,27,0.04641,4.64,0.0,0
slovenia,g6_00027_0.tif,6716978,12,0.02063,2.06,0.0,0
slovenia,g6_00027_0.tif,6717015,12,0.02063,2.06,0.0,0
slovenia,g6_00027_0.tif,6926859,188,0.32313,32.31,0.5697,1
slovenia,g6_00027_0.tif,6926875,73,0.12547,12.55,0.1811,0
slovenia,g6_00027_0.tif,6953520,881,1.51426,151.43,0.5047,1
slovenia,g6_00027_0.tif,7014843,99,0.17016,17.02,0.0725,0
slovenia,g6_00027_0.tif,7077273,39,0.06703,6.7,0.0,0
slovenia,g6_00027_1.tif,6094974,46,0.07906,7.91,0.0,0
slovenia,g6_00027_1.tif,6095753,312,0.53626,53.63,0.0,0
slovenia,g6_00027_1.tif,6095756,87,0.14954,14.95,0.0,0
slovenia,g6_00027_1.tif,6102195,499,0.85768,85.77,0.0,0
slovenia,g6_00027_1.tif,6116249,44,0.07563,7.56,0.0,0
slovenia,g6_00027_1.tif,6116252,94,0.16157,16.16,0.0,0
slovenia,g6_00027_1.tif,6116253,249,0.42798,42.8,0.0,0
slovenia,g6_00027_1.tif,6116254,170,0.2922,29.22,0.0545,0
slovenia,g6_00027_1.tif,6116257,373,0.64111,64.11,0.4152,0
slovenia,g6_00027_1.tif,6116258,29,0.04985,4.98,0.0,0
slovenia,g6_00027_1.tif,6116260,172,0.29563,29.56,0.0,0
slovenia,g6_00027_1.tif,6116261,21,0.03609,3.61,0.0,0
slovenia,g6_00027_1.tif,6116262,130,0.22344,22.34,0.0,0
slovenia,g6_00027_1.tif,6116337,31,0.05328,5.33,0.0,0
slovenia,g6_00027_1.tif,6243437,68,0.11688,11.69,0.0711,0
slovenia,g6_00027_1.tif,6293793,166,0.28532,28.53,0.0,0
slovenia,g6_00027_1.tif,6296090,369,0.63424,63.42,0.0,0
slovenia,g6_00027_1.tif,6296104,175,0.30079,30.08,0.7919,1
slovenia,g6_00027_1.tif,6296107,185,0.31798,31.8,0.0,0
slovenia,g6_00027_1.tif,6296115,306,0.52595,52.6,0.7795,1
slovenia,g6_00027_1.tif,6296217,55,0.09453,9.45,0.0,0
slovenia,g6_00027_1.tif,6395249,610,1.04847,104.85,0.0,0
slovenia,g6_00027_1.tif,6395253,449,0.77174,77.17,0.0,0
slovenia,g6_00027_1.tif,6395255,137,0.23548,23.55,0.0,0
slovenia,g6_00027_1.tif,6399723,17,0.02922,2.92,0.0,0
slovenia,g6_00027_1.tif,6409809,253,0.43486,43.49,0.0,0
slovenia,g6_00027_1.tif,6613260,696,1.19628,119.63,0.0,0
slovenia,g6_00027_1.tif,6613265,274,0.47095,47.1,0.0806,0
slovenia,g6_00027_1.tif,6613267,43,0.07391,7.39,0.0,0
slovenia,g6_00027_1.tif,6613268,324,0.55689,55.69,0.0981,0
slovenia,g6_00027_1.tif,6613275,151,0.25954,25.95,0.0,0
slovenia,g6_00027_1.tif,6613276,151,0.25954,25.95,0.0,0
slovenia,g6_00027_1.tif,6613278,45,0.07735,7.73,0.0,0
slovenia,g6_00027_1.tif,6613279,8,0.01375,1.38,0.0,0
slovenia,g6_00027_1.tif,6638519,383,0.6583,65.83,0.0,0
slovenia,g6_00027_1.tif,6638521,26,0.04469,4.47,0.5,1
slovenia,g6_00027_1.tif,6638525,71,0.12203,12.2,0.0,0
slovenia,g6_00027_1.tif,6638527,35,0.06016,6.02,0.0,0
slovenia,g6_00027_1.tif,6644551,349,0.59986,59.99,0.5651,1
slovenia,g6_00027_1.tif,6644800,114,0.19594,19.59,0.0996,0
slovenia,g6_00027_1.tif,6707995,124,0.21313,21.31,0.0,0
slovenia,g6_00027_1.tif,6862997,19,0.03266,3.27,0.0,0
slovenia,g6_00027_1.tif,6862998,1122,1.92849,192.85,0.0961,0
slovenia,g6_00027_1.tif,6863000,958,1.64661,164.66,0.0,0
slovenia,g6_00027_1.tif,6863003,340,0.58439,58.44,0.8433,1
slovenia,g6_00027_1.tif,6863004,210,0.36095,36.09,0.0,0
slovenia,g6_00027_1.tif,6863005,625,1.07425,107.42,0.182,0
slovenia,g6_00027_1.tif,7014835,475,0.81643,81.64,0.0,0
slovenia,g6_00027_1.tif,7014836,273,0.46923,46.92,0.0,0
slovenia,g6_00027_1.tif,7014843,165,0.2836,28.36,0.6494,1
slovenia,g6_00027_1.tif,7014846,236,0.40564,40.56,0.0021,0
slovenia,g6_00027_2.tif,6094065,289,0.49673,49.67,0.6912,1
slovenia,g6_00027_2.tif,6094067,227,0.39017,39.02,0.6439,1
slovenia,g6_00027_2.tif,6094069,186,0.3197,31.97,0.2661,0
slovenia,g6_00027_2.tif,6095608,188,0.32313,32.31,0.0172,0
slovenia,g6_00027_2.tif,6095612,121,0.20797,20.8,0.12,0
slovenia,g6_00027_2.tif,6095613,43,0.07391,7.39,0.0,0
slovenia,g6_00027_2.tif,6095615,115,0.19766,19.77,0.0,0
slovenia,g6_00027_2.tif,6102191,164,0.28188,28.19,0.0,0
slovenia,g6_00027_2.tif,6102194,200,0.34376,34.38,0.0,0
slovenia,g6_00027_2.tif,6102211,166,0.28532,28.53,0.0,0
slovenia,g6_00027_2.tif,6102519,27,0.04641,4.64,0.0,0
slovenia,g6_00027_2.tif,6102522,56,0.09625,9.63,0.0,0
slovenia,g6_00027_2.tif,6121756,18,0.03094,3.09,0.0,0
slovenia,g6_00027_2.tif,6121764,165,0.2836,28.36,0.0,0
slovenia,g6_00027_2.tif,6121961,39,0.06703,6.7,0.0,0
slovenia,g6_00027_2.tif,6165263,27,0.04641,4.64,0.0,0
slovenia,g6_00027_2.tif,6165266,158,0.27157,27.16,0.0,0
slovenia,g6_00027_2.tif,6165274,165,0.2836,28.36,0.0,0
slovenia,g6_00027_2.tif,6165284,115,0.19766,19.77,0.0,0
slovenia,g6_00027_2.tif,6165357,9,0.01547,1.55,0.0,0
slovenia,g6_00027_2.tif,6167140,32,0.055,5.5,0.0,0
slovenia,g6_00027_2.tif,6167141,36,0.06188,6.19,0.0,0
slovenia,g6_00027_2.tif,6169138,40,0.06875,6.88,0.0,0
slovenia,g6_00027_2.tif,6212156,71,0.12203,12.2,0.0,0
slovenia,g6_00027_2.tif,6243444,29,0.04985,4.98,0.0,0
slovenia,g6_00027_2.tif,6243446,34,0.05844,5.84,0.0,0
slovenia,g6_00027_2.tif,6243453,29,0.04985,4.98,0.0,0
slovenia,g6_00027_2.tif,6370529,135,0.23204,23.2,0.0,0
slovenia,g6_00027_2.tif,6370530,127,0.21829,21.83,0.3073,0
slovenia,g6_00027_2.tif,6370531,23,0.03953,3.95,0.0,0
slovenia,g6_00027_2.tif,6370539,138,0.23719,23.72,0.0,0
slovenia,g6_00027_2.tif,6370546,160,0.27501,27.5,0.7179,1
slovenia,g6_00027_2.tif,6370634,102,0.17532,17.53,0.2695,0
slovenia,g6_00027_2.tif,6370653,3,0.00516,0.52,0.0,0
slovenia,g6_00027_2.tif,6396935,59,0.10141,10.14,0.0,0
slovenia,g6_00027_2.tif,6399723,14,0.02406,2.41,0.0,0
slovenia,g6_00027_2.tif,6399728,14,0.02406,2.41,0.0,0
slovenia,g6_00027_2.tif,6399744,26,0.04469,4.47,0.0,0
slovenia,g6_00027_2.tif,6401108,188,0.32313,32.31,0.0509,0
slovenia,g6_00027_2.tif,6401117,16,0.0275,2.75,0.0,0
slovenia,g6_00027_2.tif,6401237,70,0.12032,12.03,0.0556,0
slovenia,g6_00027_2.tif,6401248,39,0.06703,6.7,0.0122,0
slovenia,g6_00027_2.tif,6406006,54,0.09281,9.28,0.0,0
slovenia,g6_00027_2.tif,6406007,71,0.12203,12.2,0.0,0
slovenia,g6_00027_2.tif,6406009,12,0.02063,2.06,0.0,0
slovenia,g6_00027_2.tif,6463972,22,0.03781,3.78,0.0,0
slovenia,g6_00027_2.tif,6463980,42,0.07219,7.22,0.0,0
slovenia,g6_00027_2.tif,6469356,36,0.06188,6.19,0.0,0
slovenia,g6_00027_2.tif,6469357,6,0.01031,1.03,0.0,0
slovenia,g6_00027_2.tif,6505457,11,0.01891,1.89,0.0,0
slovenia,g6_00027_2.tif,6505493,15,0.02578,2.58,0.0,0
slovenia,g6_00027_2.tif,6563156,22,0.03781,3.78,0.0,0
slovenia,g6_00027_2.tif,6613267,23,0.03953,3.95,0.0,0
slovenia,g6_00027_2.tif,6613281,84,0.14438,14.44,0.0,0
slovenia,g6_00027_2.tif,6939036,41,0.07047,7.05,0.0,0
slovenia,g6_00027_2.tif,6945219,9,0.01547,1.55,0.0,0
slovenia,g6_00027_2.tif,6945306,201,0.34548,34.55,0.0638,0
slovenia,g6_00027_2.tif,6945462,12,0.02063,2.06,0.0,0
slovenia,g6_00027_2.tif,7025844,35,0.06016,6.02,0.0,0
slovenia,g6_00027_2.tif,7025845,25,0.04297,4.3,0.0,0
slovenia,g6_00029_17.tif,6102119,284,0.48814,48.81,0.0,0
slovenia,g6_00029_17.tif,6102131,260,0.44689,44.69,0.0443,0
slovenia,g6_00029_17.tif,6102137,122,0.20969,20.97,0.0,0
slovenia,g6_00029_17.tif,6102234,83,0.14266,14.27,0.0893,0
slovenia,g6_00029_17.tif,6155085,20,0.03438,3.44,0.0065,0
slovenia,g6_00029_17.tif,6205363,287,0.49329,49.33,0.0,0
slovenia,g6_00029_17.tif,6212478,251,0.43142,43.14,0.0,0
slovenia,g6_00029_17.tif,6212481,188,0.32313,32.31,0.0,0
slovenia,g6_00029_17.tif,6212482,291,0.50017,50.02,0.0443,0
slovenia,g6_00029_17.tif,6212486,219,0.37642,37.64,0.0135,0
slovenia,g6_00029_17.tif,6212487,220,0.37814,37.81,0.0,0
slovenia,g6_00029_17.tif,6212489,201,0.34548,34.55,0.1098,0
slovenia,g6_00029_17.tif,6212532,42,0.07219,7.22,0.0038,0
slovenia,g6_00029_17.tif,6224891,124,0.21313,21.31,0.0669,0
slovenia,g6_00029_17.tif,6225102,178,0.30595,30.59,0.0099,0
slovenia,g6_00029_17.tif,6225136,130,0.22344,22.34,0.1022,0
slovenia,g6_00029_17.tif,6225250,109,0.18735,18.73,0.0591,0
slovenia,g6_00029_17.tif,6225320,10,0.01719,1.72,0.002,0
slovenia,g6_00029_17.tif,6248986,262,0.45032,45.03,0.6563,1
slovenia,g6_00029_17.tif,6248987,207,0.35579,35.58,0.2932,0
slovenia,g6_00029_17.tif,6248993,135,0.23204,23.2,0.0,0
slovenia,g6_00029_17.tif,6249062,104,0.17875,17.88,0.2062,0
slovenia,g6_00029_17.tif,6265796,59,0.10141,10.14,0.1622,0
slovenia,g6_00029_17.tif,6265869,143,0.24579,24.58,0.0,0
slovenia,g6_00029_17.tif,6265884,65,0.11172,11.17,0.2462,0
slovenia,g6_00029_17.tif,6298192,117,0.2011,20.11,0.0011,0
slovenia,g6_00029_17.tif,6298194,114,0.19594,19.59,0.0,0
slovenia,g6_00029_17.tif,6298195,227,0.39017,39.02,0.0252,0
slovenia,g6_00029_17.tif,6298198,42,0.07219,7.22,0.0,0
slovenia,g6_00029_17.tif,6298199,83,0.14266,14.27,0.0,0
slovenia,g6_00029_17.tif,6298234,150,0.25782,25.78,0.0116,0
slovenia,g6_00029_17.tif,6333421,33,0.05672,5.67,0.0,0
slovenia,g6_00029_17.tif,6333439,22,0.03781,3.78,0.0,0
slovenia,g6_00029_17.tif,6359097,48,0.0825,8.25,0.4889,0
slovenia,g6_00029_17.tif,6408129,296,0.50876,50.88,0.0,0
slovenia,g6_00029_17.tif,6408146,118,0.20282,20.28,0.0753,0
slovenia,g6_00029_17.tif,6408148,114,0.19594,19.59,0.092,0
slovenia,g6_00029_17.tif,6408183,13,0.02234,2.23,0.0009,0
slovenia,g6_00029_17.tif,6409811,242,0.41595,41.59,0.2723,0
slovenia,g6_00029_17.tif,6412763,24,0.04125,4.13,0.0,0
slovenia,g6_00029_17.tif,6414888,729,1.253,125.3,0.63,1
slovenia,g6_00029_17.tif,6416489,22,0.03781,3.78,0.0,0
slovenia,g6_00029_17.tif,6420875,240,0.41251,41.25,0.295,0
slovenia,g6_00029_17.tif,6486817,50,0.08594,8.59,0.0,0
slovenia,g6_00029_17.tif,6491986,352,0.60502,60.5,0.0,0
slovenia,g6_00029_17.tif,6491989,75,0.12891,12.89,0.0,0
slovenia,g6_00029_17.tif,6491996,34,0.05844,5.84,0.044,0
slovenia,g6_00029_17.tif,6491998,56,0.09625,9.63,0.0,0
slovenia,g6_00029_17.tif,6621489,187,0.32141,32.14,0.0211,0
slovenia,g6_00029_17.tif,6621493,110,0.18907,18.91,0.0491,0
slovenia,g6_00029_17.tif,6621494,40,0.06875,6.88,0.0029,0
slovenia,g6_00029_17.tif,6640844,332,0.57064,57.06,0.8885,1
slovenia,g6_00029_17.tif,6640845,407,0.69955,69.95,0.8175,1
slovenia,g6_00029_17.tif,6640860,140,0.24063,24.06,0.0736,0
slovenia,g6_00029_17.tif,6640951,69,0.1186,11.86,0.0778,0
slovenia,g6_00029_17.tif,6641026,23,0.03953,3.95,0.0361,0
slovenia,g6_00029_17.tif,6661240,152,0.26126,26.13,0.5615,1
slovenia,g6_00029_17.tif,6661243,29,0.04985,4.98,0.0185,0
slovenia,g6_00029_17.tif,6661251,176,0.30251,30.25,0.0854,0
slovenia,g6_00029_17.tif,6661252,346,0.5947,59.47,0.1517,0
slovenia,g6_00029_17.tif,6661254,228,0.39189,39.19,0.1066,0
slovenia,g6_00029_17.tif,6661256,125,0.21485,21.48,0.0593,0
slovenia,g6_00029_17.tif,6661262,199,0.34204,34.2,0.386,0
slovenia,g6_00029_17.tif,6699956,378,0.6497,64.97,0.7395,1
slovenia,g6_00029_17.tif,6699957,55,0.09453,9.45,0.0,0
slovenia,g6_00029_17.tif,6726219,999,1.71708,171.71,0.1951,0
slovenia,g6_00029_17.tif,6726224,545,0.93674,93.67,0.1039,0
slovenia,g6_00029_17.tif,6726227,169,0.29048,29.05,0.0207,0
slovenia,g6_00029_17.tif,6726229,196,0.33688,33.69,0.7516,1
slovenia,g6_00029_17.tif,6726231,186,0.3197,31.97,0.024,0
slovenia,g6_00029_17.tif,6726488,69,0.1186,11.86,0.0065,0
slovenia,g6_00029_17.tif,6758266,71,0.12203,12.2,0.062,0
slovenia,g6_00029_17.tif,6781691,206,0.35407,35.41,0.8212,1
slovenia,g6_00029_17.tif,6781695,65,0.11172,11.17,0.0476,0
slovenia,g6_00029_17.tif,6918318,217,0.37298,37.3,0.188,0
slovenia,g6_00029_17.tif,6918324,333,0.57236,57.24,0.7967,1
slovenia,g6_00029_17.tif,6918335,235,0.40392,40.39,0.0,0
slovenia,g6_00029_17.tif,6918348,109,0.18735,18.73,0.3418,0
slovenia,g6_00029_17.tif,7005028,242,0.41595,41.59,0.237,0
slovenia,g6_00029_17.tif,7045982,57,0.09797,9.8,0.766,1
slovenia,g6_00029_17.tif,7045984,347,0.59642,59.64,0.1865,0
slovenia,g6_00029_17.tif,7045993,150,0.25782,25.78,0.0738,0
slovenia,g6_00029_17.tif,7045994,122,0.20969,20.97,0.0574,0
slovenia,g6_00029_17.tif,7045996,159,0.27329,27.33,0.0737,0
slovenia,g6_00029_17.tif,7046464,148,0.25438,25.44,0.0668,0
slovenia,g6_00029_18.tif,6084447,15,0.02578,2.58,0.0,0
slovenia,g6_00029_18.tif,6086052,265,0.45548,45.55,0.0,0
slovenia,g6_00029_18.tif,6086738,146,0.25094,25.09,0.3146,0
slovenia,g6_00029_18.tif,6086741,149,0.2561,25.61,0.5568,1
slovenia,g6_00029_18.tif,6086750,115,0.19766,19.77,0.0,0
slovenia,g6_00029_18.tif,6097740,552,0.94878,94.88,0.7126,1
slovenia,g6_00029_18.tif,6097748,149,0.2561,25.61,0.0,0
slovenia,g6_00029_18.tif,6097845,14,0.02406,2.41,0.0035,0
slovenia,g6_00029_18.tif,6143569,7,0.01203,1.2,0.0,0
slovenia,g6_00029_18.tif,6143571,5,0.00859,0.86,0.0,0
slovenia,g6_00029_18.tif,6168454,49,0.08422,8.42,0.0,0
slovenia,g6_00029_18.tif,6168483,28,0.04813,4.81,0.0,0
slovenia,g6_00029_18.tif,6168492,85,0.1461,14.61,0.0,0
slovenia,g6_00029_18.tif,6168522,8,0.01375,1.38,0.0,0
slovenia,g6_00029_18.tif,6194371,559,0.96081,96.08,0.7062,1
slovenia,g6_00029_18.tif,6194381,104,0.17875,17.88,0.0,0
slovenia,g6_00029_18.tif,6194383,146,0.25094,25.09,0.2761,0
slovenia,g6_00029_18.tif,6194416,329,0.56548,56.55,0.5607,1
slovenia,g6_00029_18.tif,6194429,2,0.00344,0.34,0.0,0
slovenia,g6_00029_18.tif,6196970,103,0.17704,17.7,0.4876,0
slovenia,g6_00029_18.tif,6197169,156,0.26813,26.81,0.0808,0
slovenia,g6_00029_18.tif,6197181,29,0.04985,4.98,0.0161,0
slovenia,g6_00029_18.tif,6212484,145,0.24923,24.92,0.4093,0
slovenia,g6_00029_18.tif,6212491,134,0.23032,23.03,0.0,0
slovenia,g6_00029_18.tif,6212493,103,0.17704,17.7,0.0,0
slovenia,g6_00029_18.tif,6265897,134,0.23032,23.03,0.0,0
slovenia,g6_00029_18.tif,6298198,33,0.05672,5.67,0.0,0
slovenia,g6_00029_18.tif,6359096,370,0.63595,63.6,0.4237,0
slovenia,g6_00029_18.tif,6359097,13,0.02234,2.23,0.0225,0
slovenia,g6_00029_18.tif,6374038,151,0.25954,25.95,0.2578,0
slovenia,g6_00029_18.tif,6374040,134,0.23032,23.03,0.0096,0
slovenia,g6_00029_18.tif,6408081,18,0.03094,3.09,0.0,0
slovenia,g6_00029_18.tif,6408105,11,0.01891,1.89,0.0026,0
slovenia,g6_00029_18.tif,6408140,174,0.29907,29.91,0.0865,0
slovenia,g6_00029_18.tif,6408148,59,0.10141,10.14,0.4432,0
slovenia,g6_00029_18.tif,6408149,144,0.24751,24.75,0.0386,0
slovenia,g6_00029_18.tif,6408186,96,0.165,16.5,0.0,0
slovenia,g6_00029_18.tif,6408506,41,0.07047,7.05,0.0079,0
slovenia,g6_00029_18.tif,6408549,502,0.86284,86.28,0.261,0
slovenia,g6_00029_18.tif,6409806,81,0.13922,13.92,0.0,0
slovenia,g6_00029_18.tif,6410302,36,0.06188,6.19,0.0184,0
slovenia,g6_00029_18.tif,6412757,216,0.37126,37.13,0.783,1
slovenia,g6_00029_18.tif,6412759,29,0.04985,4.98,0.4545,0
slovenia,g6_00029_18.tif,6412763,121,0.20797,20.8,0.2159,0
slovenia,g6_00029_18.tif,6412766,53,0.0911,9.11,0.1006,0
slovenia,g6_00029_18.tif,6412802,37,0.0636,6.36,0.0543,0
slovenia,g6_00029_18.tif,6412916,265,0.45548,45.55,0.138,0
slovenia,g6_00029_18.tif,6412917,29,0.04985,4.98,0.0021,0
slovenia,g6_00029_18.tif,6414888,14,0.02406,2.41,0.0824,0
slovenia,g6_00029_18.tif,6414917,121,0.20797,20.8,0.0443,0
slovenia,g6_00029_18.tif,6414925,104,0.17875,17.88,0.0,0
slovenia,g6_00029_18.tif,6416489,298,0.5122,51.22,0.0155,0
slovenia,g6_00029_18.tif,6416492,11,0.01891,1.89,0.0,0
slovenia,g6_00029_18.tif,6418434,173,0.29735,29.74,0.0965,0
slovenia,g6_00029_18.tif,6418442,107,0.18391,18.39,0.0895,0
slovenia,g6_00029_18.tif,6418789,173,0.29735,29.74,0.5611,1
slovenia,g6_00029_18.tif,6418790,366,0.62908,62.91,0.2875,0
slovenia,g6_00029_18.tif,6420954,46,0.07906,7.91,0.0,0
slovenia,g6_00029_18.tif,6453804,18,0.03094,3.09,0.0,0
slovenia,g6_00029_18.tif,6453806,46,0.07906,7.91,0.0143,0
slovenia,g6_00029_18.tif,6453809,52,0.08938,8.94,0.6,1
slovenia,g6_00029_18.tif,6453851,68,0.11688,11.69,0.0,0
slovenia,g6_00029_18.tif,6454184,4,0.00688,0.69,0.0408,0
slovenia,g6_00029_18.tif,6501399,214,0.36782,36.78,0.676,1
slovenia,g6_00029_18.tif,6621487,360,0.61877,61.88,0.9159,1
slovenia,g6_00029_18.tif,6640855,117,0.2011,20.11,0.1073,0
slovenia,g6_00029_18.tif,6661260,209,0.35923,35.92,0.0,0
slovenia,g6_00029_18.tif,6681401,136,0.23376,23.38,0.6692,1
slovenia,g6_00029_18.tif,6694131,128,0.22001,22.0,0.372,0
slovenia,g6_00029_18.tif,6694177,125,0.21485,21.48,0.7684,1
slovenia,g6_00029_18.tif,6694456,81,0.13922,13.92,0.2319,0
slovenia,g6_00029_18.tif,6702800,272,0.46751,46.75,0.2625,0
slovenia,g6_00029_18.tif,6702829,134,0.23032,23.03,0.0,0
slovenia,g6_00029_18.tif,6702830,129,0.22172,22.17,0.0309,0
slovenia,g6_00029_18.tif,6702912,57,0.09797,9.8,0.0949,0
slovenia,g6_00029_18.tif,6705311,8,0.01375,1.38,0.0,0
slovenia,g6_00029_18.tif,6707186,94,0.16157,16.16,0.0,0
slovenia,g6_00029_18.tif,6707190,25,0.04297,4.3,0.0,0
slovenia,g6_00029_18.tif,6707251,65,0.11172,11.17,0.2222,0
slovenia,g6_00029_18.tif,6707294,48,0.0825,8.25,0.3662,0
slovenia,g6_00029_18.tif,6714336,12,0.02063,2.06,0.0,0
slovenia,g6_00029_18.tif,6715871,428,0.73564,73.56,0.2437,0
slovenia,g6_00029_18.tif,6715872,394,0.67721,67.72,0.2387,0
slovenia,g6_00029_18.tif,6715884,137,0.23548,23.55,0.0,0
slovenia,g6_00029_18.tif,6715888,13,0.02234,2.23,0.0,0
slovenia,g6_00029_18.tif,6715893,40,0.06875,6.88,0.0,0
slovenia,g6_00029_18.tif,6715894,24,0.04125,4.13,0.0,0
slovenia,g6_00029_18.tif,6715897,26,0.04469,4.47,0.0,0
slovenia,g6_00029_18.tif,6758266,18,0.03094,3.09,0.1176,0
slovenia,g6_00029_18.tif,6905777,202,0.3472,34.72,0.1134,0
slovenia,g6_00029_18.tif,6905783,92,0.15813,15.81,0.8571,1
slovenia,g6_00029_18.tif,6953326,447,0.7683,76.83,0.2242,0
slovenia,g6_00029_18.tif,6953331,834,1.43348,143.35,0.4482,0
slovenia,g6_00029_18.tif,6953338,564,0.9694,96.94,0.198,0
slovenia,g6_00029_18.tif,6953370,160,0.27501,27.5,0.7895,1
slovenia,g6_00029_18.tif,6953416,283,0.48642,48.64,0.0,0
slovenia,g6_00029_18.tif,6953425,194,0.33345,33.34,0.0841,0
slovenia,g6_00029_18.tif,6953438,192,0.33001,33.0,0.468,0
slovenia,g6_00029_18.tif,6953447,158,0.27157,27.16,0.4496,0
slovenia,g6_00029_18.tif,6953490,62,0.10657,10.66,0.0963,0
slovenia,g6_00029_18.tif,6954821,16,0.0275,2.75,0.0,0
slovenia,g6_00029_18.tif,7005041,28,0.04813,4.81,0.0635,0
slovenia,g6_00030_0.tif,6084446,223,0.38329,38.33,0.3071,0
slovenia,g6_00030_0.tif,6084447,57,0.09797,9.8,0.0,0
slovenia,g6_00030_0.tif,6084448,236,0.40564,40.56,0.1468,0
slovenia,g6_00030_0.tif,6086049,417,0.71674,71.67,0.7612,1
slovenia,g6_00030_0.tif,6086090,306,0.52595,52.6,0.0215,0
slovenia,g6_00030_0.tif,6086731,206,0.35407,35.41,0.2342,0
slovenia,g6_00030_0.tif,6091545,8,0.01375,1.38,0.0,0
slovenia,g6_00030_0.tif,6143036,79,0.13578,13.58,0.2791,0
slovenia,g6_00030_0.tif,6143038,11,0.01891,1.89,0.0103,0
slovenia,g6_00030_0.tif,6143079,22,0.03781,3.78,0.0556,0
slovenia,g6_00030_0.tif,6143115,30,0.05156,5.16,0.1884,0
slovenia,g6_00030_0.tif,6143171,39,0.06703,6.7,0.0269,0
slovenia,g6_00030_0.tif,6143571,117,0.2011,20.11,0.0,0
slovenia,g6_00030_0.tif,6143576,284,0.48814,48.81,0.2785,0
slovenia,g6_00030_0.tif,6168449,98,0.16844,16.84,0.0181,0
slovenia,g6_00030_0.tif,6251594,432,0.74252,74.25,0.3176,0
slovenia,g6_00030_0.tif,6251600,116,0.19938,19.94,0.0,0
slovenia,g6_00030_0.tif,6359098,199,0.34204,34.2,0.0347,0
slovenia,g6_00030_0.tif,6408142,237,0.40735,40.74,0.0,0
slovenia,g6_00030_0.tif,6409824,155,0.26641,26.64,0.6864,1
slovenia,g6_00030_0.tif,6409826,144,0.24751,24.75,0.2233,0
slovenia,g6_00030_0.tif,6409862,228,0.39189,39.19,0.0,0
slovenia,g6_00030_0.tif,6412761,208,0.35751,35.75,0.3411,0
slovenia,g6_00030_0.tif,6430684,188,0.32313,32.31,0.1037,0
slovenia,g6_00030_0.tif,6680023,86,0.14782,14.78,0.2768,0
slovenia,g6_00030_0.tif,6680270,105,0.18047,18.05,0.0284,0
slovenia,g6_00030_0.tif,6680362,38,0.06531,6.53,0.0189,0
slovenia,g6_00030_0.tif,6681401,7,0.01203,1.2,0.1667,0
slovenia,g6_00030_0.tif,6681403,161,0.27673,27.67,0.1047,0
slovenia,g6_00030_0.tif,6681404,141,0.24235,24.24,0.2678,0
slovenia,g6_00030_0.tif,6681405,104,0.17875,17.88,0.2334,0
slovenia,g6_00030_0.tif,6681406,88,0.15125,15.13,0.0,0
slovenia,g6_00030_0.tif,6681841,48,0.0825,8.25,0.0,0
slovenia,g6_00030_0.tif,6686373,401,0.68924,68.92,0.8607,1
slovenia,g6_00030_0.tif,6686390,213,0.3661,36.61,0.3509,0
slovenia,g6_00030_0.tif,6686392,116,0.19938,19.94,0.0,0
slovenia,g6_00030_0.tif,6686398,53,0.0911,9.11,0.0521,0
slovenia,g6_00030_0.tif,6691917,43,0.07391,7.39,0.0,0
slovenia,g6_00030_0.tif,6691920,176,0.30251,30.25,0.4681,0
slovenia,g6_00030_0.tif,6691938,65,0.11172,11.17,0.0656,0
slovenia,g6_00030_0.tif,6694127,461,0.79236,79.24,0.3344,0
slovenia,g6_00030_0.tif,6694140,309,0.53111,53.11,0.4563,0
slovenia,g6_00030_0.tif,6694154,307,0.52767,52.77,0.0546,0
slovenia,g6_00030_0.tif,6694174,149,0.2561,25.61,0.0266,0
slovenia,g6_00030_0.tif,6699250,283,0.48642,48.64,0.2216,0
slovenia,g6_00030_0.tif,6699263,170,0.2922,29.22,0.0,0
slovenia,g6_00030_0.tif,6699270,17,0.02922,2.92,0.0028,0
slovenia,g6_00030_0.tif,6699943,24,0.04125,4.13,0.0073,0
slovenia,g6_00030_0.tif,6699988,18,0.03094,3.09,0.0,0
slovenia,g6_00030_0.tif,6702430,12,0.02063,2.06,0.0,0
slovenia,g6_00030_0.tif,6702443,12,0.02063,2.06,0.0,0
slovenia,g6_00030_0.tif,6702444,23,0.03953,3.95,0.0,0
slovenia,g6_00030_0.tif,6702448,5,0.00859,0.86,0.0,0
slovenia,g6_00030_0.tif,6702815,225,0.38673,38.67,0.1344,0
slovenia,g6_00030_0.tif,6702816,241,0.41423,41.42,0.0,0
slovenia,g6_00030_0.tif,6702817,78,0.13407,13.41,0.2575,0
slovenia,g6_00030_0.tif,6702823,187,0.32141,32.14,0.0,0
slovenia,g6_00030_0.tif,6702834,93,0.15985,15.98,0.1352,0
slovenia,g6_00030_0.tif,6706456,8,0.01375,1.38,0.0036,0
slovenia,g6_00030_0.tif,6707071,68,0.11688,11.69,0.2093,0
slovenia,g6_00030_0.tif,6707072,41,0.07047,7.05,0.0,0
slovenia,g6_00030_0.tif,6707110,20,0.03438,3.44,0.0952,0
slovenia,g6_00030_0.tif,6707196,183,0.31454,31.45,0.1163,0
slovenia,g6_00030_0.tif,6715853,195,0.33517,33.52,0.5895,1
slovenia,g6_00030_0.tif,6715879,293,0.50361,50.36,0.1847,0
slovenia,g6_00030_0.tif,6715884,138,0.23719,23.72,0.0,0
slovenia,g6_00030_0.tif,6715889,215,0.36954,36.95,0.1442,0
slovenia,g6_00030_0.tif,6718646,30,0.05156,5.16,0.0146,0
slovenia,g6_00030_0.tif,6718647,281,0.48298,48.3,0.2564,0
slovenia,g6_00030_0.tif,6750763,423,0.72705,72.71,0.0362,0
slovenia,g6_00030_0.tif,6758271,12,0.02063,2.06,0.0,0
slovenia,g6_00030_0.tif,6758276,9,0.01547,1.55,0.0,0
slovenia,g6_00030_0.tif,6791686,55,0.09453,9.45,0.0,0
slovenia,g6_00030_0.tif,6894033,544,0.93502,93.5,0.4068,0
slovenia,g6_00030_0.tif,6894044,219,0.37642,37.64,0.2042,0
slovenia,g6_00030_0.tif,6927190,20,0.03438,3.44,0.0,0
slovenia,g6_00030_0.tif,6953370,76,0.13063,13.06,0.7931,1
slovenia,g6_00030_0.tif,6953393,405,0.69611,69.61,0.8402,1
slovenia,g6_00030_0.tif,6953408,217,0.37298,37.3,0.1457,0
slovenia,g6_00030_0.tif,6953418,264,0.45376,45.38,0.2431,0
slovenia,g6_00030_0.tif,6953443,180,0.30938,30.94,0.0972,0
slovenia,g6_00030_0.tif,6953444,177,0.30423,30.42,0.4018,0
slovenia,g6_00030_0.tif,6953451,142,0.24407,24.41,0.3145,0
slovenia,g6_00030_0.tif,6953453,138,0.23719,23.72,0.0,0
slovenia,g6_00030_0.tif,6953454,118,0.20282,20.28,0.3145,0
slovenia,g6_00030_0.tif,6953460,113,0.19422,19.42,0.2558,0
slovenia,g6_00030_1.tif,6086060,203,0.34892,34.89,0.0,0
slovenia,g6_00030_1.tif,6091541,13,0.02234,2.23,0.0,0
slovenia,g6_00030_1.tif,6091546,221,0.37985,37.99,0.0,0
slovenia,g6_00030_1.tif,6091556,103,0.17704,17.7,0.0142,0
slovenia,g6_00030_1.tif,6091563,155,0.26641,26.64,0.3795,0
slovenia,g6_00030_1.tif,6360198,115,0.19766,19.77,0.1923,0
slovenia,g6_00030_1.tif,6409814,148,0.25438,25.44,0.0,0
slovenia,g6_00030_1.tif,6502713,60,0.10313,10.31,0.0,0
slovenia,g6_00030_1.tif,6502722,203,0.34892,34.89,0.0,0
slovenia,g6_00030_1.tif,6638528,320,0.55001,55.0,0.4086,0
slovenia,g6_00030_1.tif,6681841,195,0.33517,33.52,0.0,0
slovenia,g6_00030_1.tif,6686388,213,0.3661,36.61,0.0368,0
slovenia,g6_00030_1.tif,6691917,305,0.52423,52.42,0.0,0
slovenia,g6_00030_1.tif,6691920,5,0.00859,0.86,0.0058,0
slovenia,g6_00030_1.tif,6694123,328,0.56377,56.38,0.7419,1
slovenia,g6_00030_1.tif,6694180,111,0.19079,19.08,0.6933,1
slovenia,g6_00030_1.tif,6699255,349,0.59986,59.99,0.3462,0
slovenia,g6_00030_1.tif,6702817,131,0.22516,22.52,0.5642,1
slovenia,g6_00030_1.tif,6717334,208,0.35751,35.75,0.6667,1
slovenia,g6_00030_1.tif,6717335,18,0.03094,3.09,0.0,0
slovenia,g6_00030_1.tif,6753792,298,0.5122,51.22,0.5576,1
slovenia,g6_00030_1.tif,6753794,103,0.17704,17.7,0.0,0
slovenia,g6_00030_1.tif,6753797,12,0.02063,2.06,0.0,0
slovenia,g6_00030_1.tif,6760066,45,0.07735,7.73,0.1667,0
slovenia,g6_00030_1.tif,6879122,80,0.1375,13.75,0.0584,0
slovenia,g6_00030_1.tif,6894044,180,0.30938,30.94,0.0,0
slovenia,g6_00030_1.tif,6953349,41,0.07047,7.05,0.0,0
slovenia,g6_00030_1.tif,7005985,57,0.09797,9.8,0.0,0
slovenia,g6_00030_1.tif,7005986,10,0.01719,1.72,0.0,0
slovenia,g6_00030_1.tif,7005987,50,0.08594,8.59,0.0,0
slovenia,g6_00030_2.tif,6343097,171,0.29391,29.39,0.0,0
slovenia,g6_00030_2.tif,6343105,122,0.20969,20.97,0.0,0
slovenia,g6_00030_2.tif,6343106,398,0.68408,68.41,0.1733,0
slovenia,g6_00030_2.tif,6343107,258,0.44345,44.34,0.0633,0
slovenia,g6_00030_2.tif,6498885,329,0.56548,56.55,0.0,0
slovenia,g6_00030_2.tif,6498886,55,0.09453,9.45,0.07,0
slovenia,g6_00030_2.tif,6498889,295,0.50704,50.7,0.7516,1
slovenia,g6_00030_2.tif,6498891,30,0.05156,5.16,0.0,0
slovenia,g6_00030_2.tif,6498896,56,0.09625,9.63,0.0,0
slovenia,g6_00030_2.tif,6499008,48,0.0825,8.25,0.0094,0
slovenia,g6_00030_2.tif,6499026,294,0.50533,50.53,0.0,0
slovenia,g6_00030_2.tif,6500913,34,0.05844,5.84,0.0,0
slovenia,g6_00030_2.tif,6500921,545,0.93674,93.67,0.8906,1
slovenia,g6_00030_2.tif,6500923,265,0.45548,45.55,0.2938,0
slovenia,g6_00030_2.tif,6502707,22,0.03781,3.78,0.0,0
slovenia,g6_00030_2.tif,6502713,56,0.09625,9.63,0.0,0
slovenia,g6_00030_2.tif,6502714,177,0.30423,30.42,0.0,0
slovenia,g6_00030_2.tif,6502719,55,0.09453,9.45,0.0833,0
slovenia,g6_00030_2.tif,6502722,66,0.11344,11.34,0.0,0
slovenia,g6_00030_2.tif,6502726,103,0.17704,17.7,0.6286,1
slovenia,g6_00030_2.tif,6502739,31,0.05328,5.33,0.0,0
slovenia,g6_00030_2.tif,6502740,48,0.0825,8.25,0.0032,0
slovenia,g6_00030_2.tif,6502742,58,0.09969,9.97,0.0,0
slovenia,g6_00030_2.tif,6507001,24,0.04125,4.13,0.0,0
slovenia,g6_00030_2.tif,6600251,31,0.05328,5.33,0.0,0
slovenia,g6_00030_2.tif,6753792,30,0.05156,5.16,0.0,0
slovenia,g6_00030_2.tif,6814381,42,0.07219,7.22,0.0,0
slovenia,g6_00030_2.tif,6953349,458,0.78721,78.72,0.0,0
slovenia,g6_00030_2.tif,6953390,619,1.06393,106.39,0.3148,0
slovenia,g6_00030_3.tif,6095618,44,0.07563,7.56,0.0,0
slovenia,g6_00030_3.tif,6095619,53,0.0911,9.11,0.0,0
slovenia,g6_00030_3.tif,6102198,183,0.31454,31.45,0.0,0
slovenia,g6_00030_3.tif,6102200,49,0.08422,8.42,0.0,0
slovenia,g6_00030_3.tif,6165790,48,0.0825,8.25,0.0,0
slovenia,g6_00030_3.tif,6256808,318,0.54658,54.66,0.9189,1
slovenia,g6_00030_3.tif,6256811,198,0.34032,34.03,0.0,0
slovenia,g6_00030_3.tif,6256815,507,0.87143,87.14,0.9326,1
slovenia,g6_00030_3.tif,6256825,21,0.03609,3.61,0.0,0
slovenia,g6_00030_3.tif,6256896,53,0.0911,9.11,0.0,0
slovenia,g6_00030_3.tif,6341913,160,0.27501,27.5,0.0246,0
slovenia,g6_00030_3.tif,6370066,22,0.03781,3.78,0.0,0
slovenia,g6_00030_3.tif,6370543,45,0.07735,7.73,0.0,0
slovenia,g6_00030_3.tif,6406018,29,0.04985,4.98,0.0,0
slovenia,g6_00030_3.tif,6424491,46,0.07906,7.91,0.0,0
slovenia,g6_00030_3.tif,6424492,17,0.02922,2.92,0.0,0
slovenia,g6_00030_3.tif,6463982,45,0.07735,7.73,0.0,0
slovenia,g6_00030_3.tif,6469356,42,0.07219,7.22,0.0,0
slovenia,g6_00030_3.tif,6469357,126,0.21657,21.66,0.0,0
slovenia,g6_00030_3.tif,6486562,170,0.2922,29.22,0.0,0
slovenia,g6_00030_3.tif,6502745,62,0.10657,10.66,0.0,0
slovenia,g6_00030_3.tif,6507017,15,0.02578,2.58,0.0,0
slovenia,g6_00030_3.tif,6597515,397,0.68236,68.24,0.3974,0
slovenia,g6_00030_3.tif,6638599,31,0.05328,5.33,0.0,0
slovenia,g6_00030_3.tif,6644565,22,0.03781,3.78,0.0,0
slovenia,g6_00030_3.tif,6644566,17,0.02922,2.92,0.0,0
slovenia,g6_00030_3.tif,6699665,213,0.3661,36.61,0.0,0
slovenia,g6_00030_3.tif,6699672,32,0.055,5.5,0.0,0
slovenia,g6_00030_3.tif,6699864,157,0.26985,26.99,0.027,0
slovenia,g6_00030_3.tif,6699930,20,0.03438,3.44,0.0,0
slovenia,g6_00030_3.tif,6700619,31,0.05328,5.33,0.0,0
slovenia,g6_00030_3.tif,6772531,21,0.03609,3.61,0.0,0
slovenia,g6_00030_3.tif,6912184,65,0.11172,11.17,0.0,0
slovenia,g6_00032_10.tif,6103343,57,0.09797,9.8,0.0,0
slovenia,g6_00032_10.tif,6103344,50,0.08594,8.59,0.0,0
slovenia,g6_00032_10.tif,6114823,16,0.0275,2.75,0.0,0
slovenia,g6_00032_10.tif,6114824,12,0.02063,2.06,0.0,0
slovenia,g6_00032_10.tif,6114830,30,0.05156,5.16,0.0,0
slovenia,g6_00032_11.tif,6103346,61,0.10485,10.48,0.0,0
slovenia,g6_00032_11.tif,6112353,59,0.10141,10.14,0.0,0
slovenia,g6_00032_11.tif,6112357,10,0.01719,1.72,0.0,0
slovenia,g6_00032_11.tif,6114822,73,0.12547,12.55,0.0,0
slovenia,g6_00032_11.tif,6114849,64,0.11,11.0,0.0,0
slovenia,g6_00032_11.tif,6114856,43,0.07391,7.39,0.0,0
slovenia,g6_00032_11.tif,6130823,39,0.06703,6.7,0.0,0
slovenia,g6_00032_11.tif,6130912,17,0.02922,2.92,0.0,0
slovenia,g6_00032_11.tif,6144269,37,0.0636,6.36,0.0,0
slovenia,g6_00032_11.tif,6219017,58,0.09969,9.97,0.0,0
slovenia,g6_00032_11.tif,6219018,38,0.06531,6.53,0.0,0
slovenia,g6_00032_11.tif,6566069,104,0.17875,17.88,0.0,0
slovenia,g6_00032_11.tif,6566070,37,0.0636,6.36,0.0,0
slovenia,g6_00032_11.tif,6566071,75,0.12891,12.89,0.0,0
slovenia,g6_00032_11.tif,6566087,34,0.05844,5.84,0.0,0
slovenia,g6_00032_11.tif,6566353,24,0.04125,4.13,0.0,0
slovenia,g6_00032_11.tif,6713829,112,0.19251,19.25,0.0,0
slovenia,g6_00032_11.tif,6780259,91,0.15641,15.64,0.0,0
slovenia,g6_00032_11.tif,6780261,127,0.21829,21.83,0.0,0
slovenia,g6_00032_11.tif,6780268,171,0.29391,29.39,0.0,0
slovenia,g6_00032_11.tif,6780568,54,0.09281,9.28,0.0,0
slovenia,g6_00032_11.tif,6780580,30,0.05156,5.16,0.0,0
slovenia,g6_00032_11.tif,6865058,31,0.05328,5.33,0.0,0
slovenia,g6_00032_11.tif,6934073,91,0.15641,15.64,0.0,0
slovenia,g6_00032_11.tif,6973439,184,0.31626,31.63,0.4049,0
slovenia,g6_00032_11.tif,6973445,154,0.26469,26.47,0.1081,0
slovenia,g6_00032_11.tif,6973468,141,0.24235,24.24,0.0,0
slovenia,g6_00032_11.tif,6973535,213,0.3661,36.61,0.3476,0
slovenia,g6_00032_11.tif,6973575,7,0.01203,1.2,0.0,0
slovenia,g6_00032_11.tif,6973878,10,0.01719,1.72,0.0,0
slovenia,g6_00032_11.tif,7004274,80,0.1375,13.75,0.0,0
slovenia,g6_00032_11.tif,7073789,18,0.03094,3.09,0.0,0
slovenia,g6_00032_11.tif,7073790,102,0.17532,17.53,0.0,0
slovenia,g6_00032_11.tif,7073793,77,0.13235,13.23,0.0,0
slovenia,g6_00032_11.tif,7073794,61,0.10485,10.48,0.0,0
slovenia,g6_00032_11.tif,7073796,24,0.04125,4.13,0.0,0
slovenia,g6_00032_9.tif,6788962,78,0.13407,13.41,0.0,0
slovenia,g6_00034_6.tif,6092269,16,0.0275,2.75,0.0,0
slovenia,g6_00034_6.tif,6092277,39,0.06703,6.7,0.0,0
slovenia,g6_00034_6.tif,6094566,10,0.01719,1.72,0.0,0
slovenia,g6_00034_6.tif,6106888,9,0.01547,1.55,0.0,0
slovenia,g6_00034_6.tif,6106898,23,0.03953,3.95,0.0,0
slovenia,g6_00034_6.tif,6287195,52,0.08938,8.94,0.0,0
slovenia,g6_00034_6.tif,6287197,9,0.01547,1.55,0.0,0
slovenia,g6_00034_6.tif,6287198,15,0.02578,2.58,0.0,0
slovenia,g6_00034_6.tif,6287204,23,0.03953,3.95,0.0,0
slovenia,g6_00034_6.tif,6350692,64,0.11,11.0,0.0,0
slovenia,g6_00034_6.tif,6350694,12,0.02063,2.06,0.0,0
slovenia,g6_00034_6.tif,6350696,17,0.02922,2.92,0.0,0
slovenia,g6_00034_6.tif,6350698,26,0.04469,4.47,0.0,0
slovenia,g6_00034_6.tif,6350974,16,0.0275,2.75,0.0,0
slovenia,g6_00034_6.tif,6382218,21,0.03609,3.61,0.0,0
slovenia,g6_00034_6.tif,6426821,54,0.09281,9.28,0.0,0
slovenia,g6_00034_6.tif,6522243,14,0.02406,2.41,0.0,0
slovenia,g6_00034_6.tif,6522253,31,0.05328,5.33,0.0,0
slovenia,g6_00034_7.tif,6091075,29,0.04985,4.98,0.0,0
slovenia,g6_00034_7.tif,6091076,16,0.0275,2.75,0.0,0
slovenia,g6_00034_7.tif,6091079,41,0.07047,7.05,0.0,0
slovenia,g6_00034_7.tif,6092501,11,0.01891,1.89,0.0,0
slovenia,g6_00034_7.tif,6092508,90,0.15469,15.47,0.0,0
slovenia,g6_00034_7.tif,6092509,6,0.01031,1.03,0.0,0
slovenia,g6_00034_7.tif,6100702,18,0.03094,3.09,0.0,0
slovenia,g6_00034_7.tif,6198392,17,0.02922,2.92,0.0,0
slovenia,g6_00034_7.tif,6291881,55,0.09453,9.45,0.0,0
slovenia,g6_00034_7.tif,6291889,56,0.09625,9.63,0.0,0
slovenia,g6_00034_7.tif,6314049,129,0.22172,22.17,0.0,0
slovenia,g6_00034_7.tif,6332592,45,0.07735,7.73,0.0,0
slovenia,g6_00034_7.tif,6332594,5,0.00859,0.86,0.0,0
slovenia,g6_00034_7.tif,6418581,35,0.06016,6.02,0.0,0
slovenia,g6_00034_7.tif,6418582,26,0.04469,4.47,0.0,0
slovenia,g6_00034_7.tif,6452693,54,0.09281,9.28,0.0,0
slovenia,g6_00034_7.tif,6544280,24,0.04125,4.13,0.0,0
slovenia,g6_00034_7.tif,6627590,16,0.0275,2.75,0.0,0
slovenia,g6_00034_7.tif,6627597,50,0.08594,8.59,0.0,0
slovenia,g6_00034_7.tif,6627601,11,0.01891,1.89,0.0,0
slovenia,g6_00034_7.tif,6627606,121,0.20797,20.8,0.0,0
slovenia,g6_00034_7.tif,6629578,19,0.03266,3.27,0.0,0
slovenia,g6_00034_7.tif,6629579,15,0.02578,2.58,0.0,0
slovenia,g6_00034_7.tif,6641448,37,0.0636,6.36,0.0,0
slovenia,g6_00034_7.tif,6641449,25,0.04297,4.3,0.0,0
slovenia,g6_00034_7.tif,6819377,14,0.02406,2.41,0.0,0
slovenia,g6_00034_7.tif,6867383,49,0.08422,8.42,0.0,0
slovenia,g6_00034_7.tif,6929642,16,0.0275,2.75,0.0,0
slovenia,g6_00034_7.tif,6929643,289,0.49673,49.67,0.0,0
slovenia,g6_00034_7.tif,6929651,13,0.02234,2.23,0.0,0
slovenia,g6_00034_7.tif,7008831,33,0.05672,5.67,0.0,0
slovenia,g6_00034_7.tif,7008848,19,0.03266,3.27,0.0,0
slovenia,g6_00034_7.tif,7008870,41,0.07047,7.05,0.0,0
slovenia,g6_00035_10.tif,6125005,53,0.0911,9.11,0.0,0
slovenia,g6_00035_10.tif,6519963,26,0.04469,4.47,0.0,0
slovenia,g6_00035_10.tif,6519964,10,0.01719,1.72,0.0,0
slovenia,g6_00035_10.tif,6519966,35,0.06016,6.02,0.0,0
slovenia,g6_00035_10.tif,6719032,257,0.44173,44.17,0.0,0
slovenia,g6_00035_10.tif,6744273,200,0.34376,34.38,0.0,0
slovenia,g6_00035_10.tif,6744279,101,0.1736,17.36,0.0,0
slovenia,g6_00035_11.tif,6340443,34,0.05844,5.84,0.0,0
slovenia,g6_00035_11.tif,6340535,22,0.03781,3.78,0.0,0
slovenia,g6_00035_11.tif,6788964,86,0.14782,14.78,0.0,0
slovenia,g6_00035_12.tif,6084420,43,0.07391,7.39,0.0,0
slovenia,g6_00035_12.tif,6084428,46,0.07906,7.91,0.0,0
slovenia,g6_00035_12.tif,6116267,85,0.1461,14.61,0.0,0
slovenia,g6_00035_12.tif,6116268,46,0.07906,7.91,0.0,0
slovenia,g6_00035_12.tif,6116273,44,0.07563,7.56,0.0,0
slovenia,g6_00035_12.tif,6116275,69,0.1186,11.86,0.0,0
slovenia,g6_00035_12.tif,6116281,110,0.18907,18.91,0.0,0
slovenia,g6_00035_12.tif,6116309,13,0.02234,2.23,0.0,0
slovenia,g6_00035_12.tif,6116366,147,0.25266,25.27,0.0,0
slovenia,g6_00035_12.tif,6116384,171,0.29391,29.39,0.0,0
slovenia,g6_00035_12.tif,6140480,188,0.32313,32.31,0.0,0
slovenia,g6_00035_12.tif,6140481,148,0.25438,25.44,0.0,0
slovenia,g6_00035_12.tif,6140484,339,0.58267,58.27,0.0,0
slovenia,g6_00035_12.tif,6140497,72,0.12375,12.38,0.0,0
slovenia,g6_00035_12.tif,6140535,7,0.01203,1.2,0.0,0
slovenia,g6_00035_12.tif,6140579,12,0.02063,2.06,0.0,0
slovenia,g6_00035_12.tif,6189607,31,0.05328,5.33,0.0,0
slovenia,g6_00035_12.tif,6228535,16,0.0275,2.75,0.0,0
slovenia,g6_00035_12.tif,6269077,57,0.09797,9.8,0.0,0
slovenia,g6_00035_12.tif,6269243,96,0.165,16.5,0.0,0
slovenia,g6_00035_12.tif,6269250,113,0.19422,19.42,0.0,0
slovenia,g6_00035_12.tif,6399611,23,0.03953,3.95,0.0,0
slovenia,g6_00035_12.tif,6523719,45,0.07735,7.73,0.0,0
slovenia,g6_00035_12.tif,6523720,31,0.05328,5.33,0.0,0
slovenia,g6_00035_12.tif,6523992,14,0.02406,2.41,0.0,0
slovenia,g6_00035_12.tif,6541082,116,0.19938,19.94,0.0,0
slovenia,g6_00035_12.tif,6541083,5,0.00859,0.86,0.0,0
slovenia,g6_00035_12.tif,6541084,21,0.03609,3.61,0.0,0
slovenia,g6_00035_12.tif,6598732,72,0.12375,12.38,0.0,0
slovenia,g6_00035_12.tif,6598768,20,0.03438,3.44,0.0,0
slovenia,g6_00035_12.tif,6598771,30,0.05156,5.16,0.0,0
slovenia,g6_00035_12.tif,6614924,66,0.11344,11.34,0.0,0
slovenia,g6_00035_12.tif,6615036,25,0.04297,4.3,0.0,0
slovenia,g6_00035_12.tif,6615069,34,0.05844,5.84,0.0,0
slovenia,g6_00035_12.tif,6635960,43,0.07391,7.39,0.0,0
slovenia,g6_00035_12.tif,6757987,65,0.11172,11.17,0.0,0
slovenia,g6_00035_12.tif,6757989,69,0.1186,11.86,0.0,0
slovenia,g6_00035_12.tif,6757991,11,0.01891,1.89,0.0,0
slovenia,g6_00035_12.tif,6758123,79,0.13578,13.58,0.0,0
slovenia,g6_00035_12.tif,6758174,12,0.02063,2.06,0.0,0
slovenia,g6_00035_12.tif,6758348,38,0.06531,6.53,0.0,0
slovenia,g6_00035_12.tif,6969246,49,0.08422,8.42,0.0,0
slovenia,g6_00035_12.tif,6969247,67,0.11516,11.52,0.0,0
slovenia,g6_00035_12.tif,6969252,114,0.19594,19.59,0.0,0
slovenia,g6_00035_12.tif,6969325,48,0.0825,8.25,0.0,0
slovenia,g6_00035_12.tif,6969343,38,0.06531,6.53,0.0,0
slovenia,g6_00035_12.tif,7006049,24,0.04125,4.13,0.0,0
slovenia,g6_00037_7.tif,6198406,29,0.04985,4.98,0.0,0
slovenia,g6_00037_8.tif,6091065,12,0.02063,2.06,0.0,0
slovenia,g6_00038_11.tif,6145510,8,0.01375,1.38,0.0,0
slovenia,g6_00038_11.tif,6719326,87,0.14954,14.95,0.0,0
slovenia,g6_00038_13.tif,6116267,210,0.36095,36.09,0.0,0
slovenia,g6_00038_13.tif,6116268,7,0.01203,1.2,0.0,0
slovenia,g6_00038_13.tif,6116281,15,0.02578,2.58,0.0,0
slovenia,g6_00038_13.tif,6116366,16,0.0275,2.75,0.0,0
slovenia,g6_00038_13.tif,6116384,21,0.03609,3.61,0.0,0
slovenia,g6_00038_13.tif,6140481,229,0.3936,39.36,0.5165,1
slovenia,g6_00038_13.tif,6140488,157,0.26985,26.99,0.9068,1
slovenia,g6_00038_13.tif,6140490,156,0.26813,26.81,0.0,0
slovenia,g6_00038_13.tif,6140491,83,0.14266,14.27,0.0,0
slovenia,g6_00038_13.tif,6140496,65,0.11172,11.17,0.1667,0
slovenia,g6_00038_13.tif,6140498,66,0.11344,11.34,0.0,0
slovenia,g6_00038_13.tif,6175364,5,0.00859,0.86,0.0,0
slovenia,g6_00038_13.tif,6244662,90,0.15469,15.47,0.0,0
slovenia,g6_00038_13.tif,6269077,80,0.1375,13.75,0.0,0
slovenia,g6_00038_13.tif,6360692,96,0.165,16.5,0.4341,0
slovenia,g6_00038_13.tif,6360696,133,0.2286,22.86,0.0,0
slovenia,g6_00038_13.tif,6360698,60,0.10313,10.31,0.0,0
slovenia,g6_00038_13.tif,6364420,440,0.75627,75.63,0.0239,0
slovenia,g6_00038_13.tif,6364438,203,0.34892,34.89,0.0,0
slovenia,g6_00038_13.tif,6364446,75,0.12891,12.89,0.0,0
slovenia,g6_00038_13.tif,6364457,64,0.11,11.0,0.0,0
slovenia,g6_00038_13.tif,6364596,24,0.04125,4.13,0.0,0
slovenia,g6_00038_13.tif,6431719,53,0.0911,9.11,0.0,0
slovenia,g6_00038_13.tif,6431774,51,0.08766,8.77,0.0,0
slovenia,g6_00038_13.tif,6598732,50,0.08594,8.59,0.0,0
slovenia,g6_00038_13.tif,6635573,98,0.16844,16.84,0.0,0
slovenia,g6_00038_13.tif,6678624,292,0.50189,50.19,0.5474,1
slovenia,g6_00038_13.tif,6678639,13,0.02234,2.23,0.0,0
slovenia,g6_00038_13.tif,6678641,9,0.01547,1.55,0.0,0
slovenia,g6_00038_13.tif,6678649,3,0.00516,0.52,0.0,0
slovenia,g6_00038_13.tif,6691815,155,0.26641,26.64,0.0,0
slovenia,g6_00038_13.tif,6691819,73,0.12547,12.55,0.0,0
slovenia,g6_00038_13.tif,6691918,18,0.03094,3.09,0.0,0
slovenia,g6_00038_13.tif,6693987,221,0.37985,37.99,0.0045,0
slovenia,g6_00038_13.tif,6718225,887,1.52457,152.46,0.0,0
slovenia,g6_00038_13.tif,6718271,47,0.08078,8.08,0.0,0
slovenia,g6_00038_13.tif,6718286,30,0.05156,5.16,0.0,0
slovenia,g6_00038_13.tif,6718374,11,0.01891,1.89,0.0,0
slovenia,g6_00038_13.tif,6767241,13,0.02234,2.23,0.0,0
slovenia,g6_00038_13.tif,6767369,33,0.05672,5.67,0.0,0
slovenia,g6_00038_13.tif,6969246,38,0.06531,6.53,0.0,0
slovenia,g6_00038_13.tif,6969252,66,0.11344,11.34,0.0843,0
slovenia,g6_00038_13.tif,7006049,7,0.01203,1.2,0.0,0
slovenia,g6_00038_13.tif,7032951,139,0.23891,23.89,0.0,0
slovenia,g6_00038_13.tif,7032952,162,0.27844,27.84,0.0172,0
slovenia,g6_00039_14.tif,6361165,16,0.0275,2.75,0.0,0
slovenia,g6_00039_14.tif,6361166,8,0.01375,1.38,0.0,0
slovenia,g6_00039_14.tif,6522770,337,0.57923,57.92,0.0,0
slovenia,g6_00039_14.tif,6609039,43,0.07391,7.39,0.0,0
slovenia,g6_00039_14.tif,6723891,60,0.10313,10.31,0.0,0
slovenia,g6_00039_14.tif,6723893,70,0.12032,12.03,0.0,0
slovenia,g6_00039_14.tif,6723913,25,0.04297,4.3,0.0,0
slovenia,g6_00039_14.tif,6838980,110,0.18907,18.91,0.0,0
slovenia,g6_00039_14.tif,6869902,24,0.04125,4.13,0.0,0
slovenia,g6_00039_14.tif,6960460,476,0.81815,81.81,0.0,0
slovenia,g6_00039_14.tif,6960462,13,0.02234,2.23,0.0,0
slovenia,g6_00039_14.tif,6960464,8,0.01375,1.38,0.0,0
slovenia,g6_00039_15.tif,6161108,243,0.41767,41.77,0.0,0
slovenia,g6_00039_15.tif,6161111,400,0.68752,68.75,0.0,0
slovenia,g6_00039_15.tif,6161115,243,0.41767,41.77,0.0,0
slovenia,g6_00039_15.tif,6294798,14,0.02406,2.41,0.0,0
slovenia,g6_00039_15.tif,6294800,17,0.02922,2.92,0.0,0
slovenia,g6_00039_15.tif,6483319,23,0.03953,3.95,0.0,0
slovenia,g6_00039_15.tif,6483357,17,0.02922,2.92,0.0,0
slovenia,g6_00039_15.tif,6540429,17,0.02922,2.92,0.0,0
slovenia,g6_00039_15.tif,6540432,20,0.03438,3.44,0.0,0
slovenia,g6_00039_15.tif,6599322,122,0.20969,20.97,0.0,0
slovenia,g6_00039_15.tif,6599325,20,0.03438,3.44,0.0,0
slovenia,g6_00039_15.tif,6609039,23,0.03953,3.95,0.0,0
slovenia,g6_00039_15.tif,6656784,27,0.04641,4.64,0.0,0
slovenia,g6_00039_15.tif,6656808,15,0.02578,2.58,0.0,0
slovenia,g6_00039_15.tif,6705780,11,0.01891,1.89,0.0,0
slovenia,g6_00039_15.tif,6716617,13,0.02234,2.23,0.0,0
slovenia,g6_00039_15.tif,6716619,105,0.18047,18.05,0.0,0
slovenia,g6_00039_15.tif,6716646,47,0.08078,8.08,0.0,0
slovenia,g6_00039_15.tif,6838988,9,0.01547,1.55,0.0,0
slovenia,g6_00039_15.tif,6838990,24,0.04125,4.13,0.0,0
slovenia,g6_00039_15.tif,6868244,286,0.49158,49.16,0.0,0
slovenia,g6_00039_15.tif,6868261,160,0.27501,27.5,0.0,0
slovenia,g6_00039_15.tif,6897760,49,0.08422,8.42,0.0,0
slovenia,g6_00039_15.tif,6897779,27,0.04641,4.64,0.0,0
slovenia,g6_00041_16.tif,6085836,14,0.02406,2.41,0.0,0
slovenia,g6_00041_16.tif,6085838,34,0.05844,5.84,0.0,0
slovenia,g6_00041_16.tif,6085843,37,0.0636,6.36,0.0,0
slovenia,g6_00041_16.tif,6114079,58,0.09969,9.97,0.0,0
slovenia,g6_00041_16.tif,6114081,13,0.02234,2.23,0.0,0
slovenia,g6_00041_16.tif,6128660,84,0.14438,14.44,0.0,0
slovenia,g6_00041_16.tif,6296180,39,0.06703,6.7,0.0,0
slovenia,g6_00041_16.tif,6296200,47,0.08078,8.08,0.0,0
slovenia,g6_00041_16.tif,6296208,20,0.03438,3.44,0.0,0
slovenia,g6_00041_16.tif,6403368,53,0.0911,9.11,0.0,0
slovenia,g6_00041_16.tif,6403370,32,0.055,5.5,0.0,0
slovenia,g6_00041_16.tif,6403454,49,0.08422,8.42,0.0,0
slovenia,g6_00041_16.tif,6589550,52,0.08938,8.94,0.0,0
slovenia,g6_00041_16.tif,6589609,17,0.02922,2.92,0.0,0
slovenia,g6_00041_16.tif,6589811,5,0.00859,0.86,0.0,0
slovenia,g6_00041_16.tif,6748353,5,0.00859,0.86,0.0,0
slovenia,g6_00041_16.tif,6748354,30,0.05156,5.16,0.0,0
slovenia,g6_00041_16.tif,6768170,22,0.03781,3.78,0.0,0
slovenia,g6_00041_16.tif,6768171,11,0.01891,1.89,0.0,0
slovenia,g6_00041_16.tif,6768172,107,0.18391,18.39,0.0,0
slovenia,g6_00041_16.tif,6768182,84,0.14438,14.44,0.0,0
slovenia,g6_00041_16.tif,6983642,94,0.16157,16.16,0.7312,1
slovenia,g6_00041_16.tif,6983644,16,0.0275,2.75,0.0,0
slovenia,g6_00041_16.tif,6983648,31,0.05328,5.33,0.0,0
slovenia,g6_00041_16.tif,7045592,175,0.30079,30.08,0.0,0
slovenia,g6_00041_16.tif,7045600,89,0.15297,15.3,0.2,0
slovenia,g6_00041_16.tif,7045603,129,0.22172,22.17,0.0,0
slovenia,g6_00041_16.tif,7045717,43,0.07391,7.39,0.0,0
slovenia,g6_00041_16.tif,7045750,17,0.02922,2.92,0.0,0
slovenia,g6_00041_17.tif,6088426,26,0.04469,4.47,0.0,0
slovenia,g6_00041_17.tif,6088433,18,0.03094,3.09,0.0,0
slovenia,g6_00041_17.tif,6088437,30,0.05156,5.16,0.0,0
slovenia,g6_00041_17.tif,6114076,34,0.05844,5.84,0.0,0
slovenia,g6_00041_17.tif,6114081,15,0.02578,2.58,0.0,0
slovenia,g6_00041_17.tif,6114097,27,0.04641,4.64,0.0,0
slovenia,g6_00041_17.tif,6128673,24,0.04125,4.13,0.0,0
slovenia,g6_00041_17.tif,6129178,10,0.01719,1.72,0.0,0
slovenia,g6_00041_17.tif,6129183,11,0.01891,1.89,0.0,0
slovenia,g6_00041_17.tif,6129210,25,0.04297,4.3,0.0,0
slovenia,g6_00041_17.tif,6139295,118,0.20282,20.28,0.0,0
slovenia,g6_00041_17.tif,6139304,114,0.19594,19.59,0.0,0
slovenia,g6_00041_17.tif,6139318,117,0.2011,20.11,0.0,0
slovenia,g6_00041_17.tif,6139349,121,0.20797,20.8,0.0,0
slovenia,g6_00041_17.tif,6196758,51,0.08766,8.77,0.0,0
slovenia,g6_00041_17.tif,6196860,22,0.03781,3.78,0.0,0
slovenia,g6_00041_17.tif,6197093,15,0.02578,2.58,0.0,0
slovenia,g6_00041_17.tif,6227315,54,0.09281,9.28,0.0,0
slovenia,g6_00041_17.tif,6243304,25,0.04297,4.3,0.0,0
slovenia,g6_00041_17.tif,6243307,83,0.14266,14.27,0.0,0
slovenia,g6_00041_17.tif,6243308,95,0.16329,16.33,0.0,0
slovenia,g6_00041_17.tif,6243383,169,0.29048,29.05,0.0,0
slovenia,g6_00041_17.tif,6252688,30,0.05156,5.16,0.0,0
slovenia,g6_00041_17.tif,6252728,19,0.03266,3.27,0.0,0
slovenia,g6_00041_17.tif,6260720,15,0.02578,2.58,0.0,0
slovenia,g6_00041_17.tif,6304740,37,0.0636,6.36,0.0,0
slovenia,g6_00041_17.tif,6304743,88,0.15125,15.13,0.0,0
slovenia,g6_00041_17.tif,6304840,22,0.03781,3.78,0.0,0
slovenia,g6_00041_17.tif,6568718,27,0.04641,4.64,0.0,0
slovenia,g6_00041_17.tif,6718423,18,0.03094,3.09,0.0,0
slovenia,g6_00041_17.tif,6748353,4,0.00688,0.69,0.0,0
slovenia,g6_00041_17.tif,6748354,11,0.01891,1.89,0.0,0
slovenia,g6_00041_17.tif,6768178,56,0.09625,9.63,0.0,0
slovenia,g6_00041_17.tif,6773373,16,0.0275,2.75,0.0,0
slovenia,g6_00041_17.tif,6773382,81,0.13922,13.92,0.0,0
slovenia,g6_00041_17.tif,6773383,59,0.10141,10.14,0.0,0
slovenia,g6_00041_17.tif,6773601,12,0.02063,2.06,0.0,0
slovenia,g6_00041_17.tif,6808499,16,0.0275,2.75,0.0,0
slovenia,g6_00041_17.tif,6808517,46,0.07906,7.91,0.0,0
slovenia,g6_00041_17.tif,6808629,46,0.07906,7.91,0.0,0
slovenia,g6_00041_17.tif,6808725,15,0.02578,2.58,0.0,0
slovenia,g6_00041_17.tif,6824848,5,0.00859,0.86,0.0,0
slovenia,g6_00041_17.tif,6943905,91,0.15641,15.64,0.0,0
slovenia,g6_00041_17.tif,6952611,32,0.055,5.5,0.0,0
slovenia,g6_00041_17.tif,6952642,32,0.055,5.5,0.0,0
slovenia,g6_00041_17.tif,6995942,22,0.03781,3.78,0.0,0
slovenia,g6_00041_17.tif,6995949,133,0.2286,22.86,0.0,0
slovenia,g6_00041_17.tif,6996298,72,0.12375,12.38,0.0,0
slovenia,g6_00041_17.tif,6996317,69,0.1186,11.86,0.0,0
slovenia,g6_00041_17.tif,7045592,99,0.17016,17.02,0.0,0
slovenia,g6_00041_17.tif,7068454,62,0.10657,10.66,0.0,0
slovenia,g6_00041_17.tif,7068457,24,0.04125,4.13,0.0,0
slovenia,g6_00042_10.tif,6087167,42,0.07219,7.22,0.0,0
slovenia,g6_00042_10.tif,6130101,18,0.03094,3.09,0.0,0
slovenia,g6_00042_10.tif,6130114,27,0.04641,4.64,0.0,0
slovenia,g6_00042_10.tif,6131568,50,0.08594,8.59,0.2027,0
slovenia,g6_00042_10.tif,6131575,40,0.06875,6.88,0.1026,0
slovenia,g6_00042_10.tif,6135115,138,0.23719,23.72,0.0,0
slovenia,g6_00042_10.tif,6204602,40,0.06875,6.88,0.0,0
slovenia,g6_00042_10.tif,6206292,77,0.13235,13.23,0.0,0
slovenia,g6_00042_10.tif,6206305,78,0.13407,13.41,0.1558,0
slovenia,g6_00042_10.tif,6206308,89,0.15297,15.3,0.0,0
slovenia,g6_00042_10.tif,6206309,69,0.1186,11.86,0.42,0
slovenia,g6_00042_10.tif,6206310,30,0.05156,5.16,0.0,0
slovenia,g6_00042_10.tif,6206311,46,0.07906,7.91,0.0,0
slovenia,g6_00042_10.tif,6206780,22,0.03781,3.78,0.0,0
slovenia,g6_00042_10.tif,6208574,58,0.09969,9.97,0.0,0
slovenia,g6_00042_10.tif,6208577,374,0.64283,64.28,0.0109,0
slovenia,g6_00042_10.tif,6208579,248,0.42626,42.63,0.0,0
slovenia,g6_00042_10.tif,6259628,40,0.06875,6.88,0.1818,0
slovenia,g6_00042_10.tif,6259636,169,0.29048,29.05,0.0,0
slovenia,g6_00042_10.tif,6259637,49,0.08422,8.42,0.0,0
slovenia,g6_00042_10.tif,6259971,3,0.00516,0.52,0.0,0
slovenia,g6_00042_10.tif,6264511,190,0.32657,32.66,0.0,0
slovenia,g6_00042_10.tif,6264516,34,0.05844,5.84,0.0,0
slovenia,g6_00042_10.tif,6282282,2,0.00344,0.34,0.0,0
slovenia,g6_00042_10.tif,6316183,38,0.06531,6.53,0.0,0
slovenia,g6_00042_10.tif,6316201,52,0.08938,8.94,0.1439,0
slovenia,g6_00042_10.tif,6316202,82,0.14094,14.09,0.0,0
slovenia,g6_00042_10.tif,6316259,26,0.04469,4.47,0.0,0
slovenia,g6_00042_10.tif,6317052,116,0.19938,19.94,0.4396,0
slovenia,g6_00042_10.tif,6319188,72,0.12375,12.38,0.1231,0
slovenia,g6_00042_10.tif,6319190,14,0.02406,2.41,0.0,0
slovenia,g6_00042_10.tif,6319194,161,0.27673,27.67,0.3743,0
slovenia,g6_00042_10.tif,6320917,60,0.10313,10.31,0.0,0
slovenia,g6_00042_10.tif,6320922,94,0.16157,16.16,0.0,0
slovenia,g6_00042_10.tif,6323683,188,0.32313,32.31,0.0,0
slovenia,g6_00042_10.tif,6323684,106,0.18219,18.22,0.0,0
slovenia,g6_00042_10.tif,6323686,56,0.09625,9.63,0.0,0
slovenia,g6_00042_10.tif,6323688,311,0.53455,53.45,0.0,0
slovenia,g6_00042_10.tif,6323697,110,0.18907,18.91,0.2527,0
slovenia,g6_00042_10.tif,6323724,17,0.02922,2.92,0.0,0
slovenia,g6_00042_10.tif,6325412,219,0.37642,37.64,0.6222,1
slovenia,g6_00042_10.tif,6325421,121,0.20797,20.8,0.0,0
slovenia,g6_00042_10.tif,6325426,79,0.13578,13.58,0.0,0
slovenia,g6_00042_10.tif,6327401,67,0.11516,11.52,0.0,0
slovenia,g6_00042_10.tif,6330860,20,0.03438,3.44,0.0,0
slovenia,g6_00042_10.tif,6399083,71,0.12203,12.2,0.0,0
slovenia,g6_00042_10.tif,6399084,47,0.08078,8.08,0.0,0
slovenia,g6_00042_10.tif,6401144,62,0.10657,10.66,0.0,0
slovenia,g6_00042_10.tif,6401220,40,0.06875,6.88,0.0,0
slovenia,g6_00042_10.tif,6401333,8,0.01375,1.38,0.0098,0
slovenia,g6_00042_10.tif,6413884,51,0.08766,8.77,0.0,0
slovenia,g6_00042_10.tif,6455462,130,0.22344,22.34,0.0,0
slovenia,g6_00042_10.tif,6455463,59,0.10141,10.14,0.0,0
slovenia,g6_00042_10.tif,6455473,55,0.09453,9.45,0.0,0
slovenia,g6_00042_10.tif,6455707,123,0.21141,21.14,0.2541,0
slovenia,g6_00042_10.tif,6455843,132,0.22688,22.69,0.0,0
slovenia,g6_00042_10.tif,6486301,4,0.00688,0.69,0.0,0
slovenia,g6_00042_10.tif,6489338,21,0.03609,3.61,0.5714,1
slovenia,g6_00042_10.tif,6489346,93,0.15985,15.98,0.0,0
slovenia,g6_00042_10.tif,6489363,57,0.09797,9.8,0.0,0
slovenia,g6_00042_10.tif,6489399,31,0.05328,5.33,0.0,0
slovenia,g6_00042_10.tif,6508474,70,0.12032,12.03,0.1607,0
slovenia,g6_00042_10.tif,6508500,48,0.0825,8.25,0.0882,0
slovenia,g6_00042_10.tif,6508548,43,0.07391,7.39,0.0093,0
slovenia,g6_00042_10.tif,6508606,23,0.03953,3.95,0.0328,0
slovenia,g6_00042_10.tif,6568698,240,0.41251,41.25,0.0,0
slovenia,g6_00042_10.tif,6568866,23,0.03953,3.95,0.0,0
slovenia,g6_00042_10.tif,6589075,190,0.32657,32.66,0.6194,1
slovenia,g6_00042_10.tif,6593892,209,0.35923,35.92,0.0,0
slovenia,g6_00042_10.tif,6593894,350,0.60158,60.16,0.8271,1
slovenia,g6_00042_10.tif,6593895,157,0.26985,26.99,0.8224,1
slovenia,g6_00042_10.tif,6593897,16,0.0275,2.75,0.0,0
slovenia,g6_00042_10.tif,6593924,105,0.18047,18.05,0.0,0
slovenia,g6_00042_10.tif,6594136,11,0.01891,1.89,0.05,0
slovenia,g6_00042_10.tif,6594242,10,0.01719,1.72,0.0,0
slovenia,g6_00042_10.tif,6604728,415,0.7133,71.33,0.0,0
slovenia,g6_00042_10.tif,6604730,77,0.13235,13.23,0.0758,0
slovenia,g6_00042_10.tif,6604732,137,0.23548,23.55,0.0,0
slovenia,g6_00042_10.tif,6604733,72,0.12375,12.38,0.0513,0
slovenia,g6_00042_10.tif,6604734,90,0.15469,15.47,0.0,0
slovenia,g6_00042_10.tif,6604768,39,0.06703,6.7,0.068,0
slovenia,g6_00042_10.tif,6681022,60,0.10313,10.31,0.0,0
slovenia,g6_00042_10.tif,6681027,20,0.03438,3.44,0.0,0
slovenia,g6_00042_10.tif,6683962,68,0.11688,11.69,0.0556,0
slovenia,g6_00042_10.tif,6683971,76,0.13063,13.06,0.0,0
slovenia,g6_00042_10.tif,6762496,299,0.51392,51.39,0.0,0
slovenia,g6_00042_10.tif,6762499,38,0.06531,6.53,0.0,0
slovenia,g6_00042_10.tif,6762549,65,0.11172,11.17,0.193,0
slovenia,g6_00042_10.tif,6762552,97,0.16672,16.67,0.0,0
slovenia,g6_00042_10.tif,6763976,12,0.02063,2.06,0.0,0
slovenia,g6_00042_10.tif,6765436,26,0.04469,4.47,0.0,0
slovenia,g6_00042_10.tif,6765437,221,0.37985,37.99,0.0,0
slovenia,g6_00042_10.tif,6786617,73,0.12547,12.55,0.0,0
slovenia,g6_00042_10.tif,6808789,95,0.16329,16.33,0.0,0
slovenia,g6_00042_10.tif,6808791,437,0.75111,75.11,0.6995,1
slovenia,g6_00042_10.tif,6808792,188,0.32313,32.31,0.0,0
slovenia,g6_00042_10.tif,6808806,53,0.0911,9.11,0.0,0
slovenia,g6_00042_10.tif,6808881,34,0.05844,5.84,0.0,0
slovenia,g6_00042_10.tif,6900314,60,0.10313,10.31,0.0,0
slovenia,g6_00042_10.tif,6900412,54,0.09281,9.28,0.0,0
slovenia,g6_00042_10.tif,6900495,84,0.14438,14.44,0.0,0
slovenia,g6_00042_10.tif,6900501,23,0.03953,3.95,0.0,0
slovenia,g6_00042_10.tif,6900773,11,0.01891,1.89,0.0,0
slovenia,g6_00042_10.tif,6945929,202,0.3472,34.72,0.0574,0
slovenia,g6_00042_10.tif,6945946,98,0.16844,16.84,0.0,0
slovenia,g6_00042_10.tif,6948302,91,0.15641,15.64,0.0,0
slovenia,g6_00042_10.tif,6948322,22,0.03781,3.78,0.0,0
slovenia,g6_00042_10.tif,6948335,87,0.14954,14.95,0.0,0
slovenia,g6_00042_10.tif,6948584,30,0.05156,5.16,0.0,0
slovenia,g6_00042_10.tif,6966536,123,0.21141,21.14,0.0,0
slovenia,g6_00042_10.tif,7065629,151,0.25954,25.95,0.0,0
slovenia,g6_00042_15.tif,6483312,52,0.08938,8.94,0.0,0
slovenia,g6_00042_16.tif,6220123,35,0.06016,6.02,0.0,0
slovenia,g6_00042_16.tif,6483357,22,0.03781,3.78,0.0,0
slovenia,g6_00042_16.tif,6542018,14,0.02406,2.41,0.0,0
slovenia,g6_00042_16.tif,6566618,40,0.06875,6.88,0.0,0
slovenia,g6_00042_16.tif,6619821,22,0.03781,3.78,0.0,0
slovenia,g6_00042_16.tif,6716624,111,0.19079,19.08,0.2308,0
slovenia,g6_00042_16.tif,6716634,18,0.03094,3.09,0.0,0
slovenia,g6_00042_16.tif,6838986,86,0.14782,14.78,0.0,0
slovenia,g6_00042_16.tif,6868251,140,0.24063,24.06,0.0,0
slovenia,g6_00042_16.tif,6868261,14,0.02406,2.41,0.0,0
slovenia,g6_00042_16.tif,6868268,107,0.18391,18.39,0.0,0
slovenia,g6_00042_16.tif,6891483,10,0.01719,1.72,0.0,0
slovenia,g6_00042_16.tif,6927018,144,0.24751,24.75,0.0,0
slovenia,g6_00042_16.tif,6927028,18,0.03094,3.09,0.0,0
slovenia,g6_00042_16.tif,6927030,73,0.12547,12.55,0.0,0
slovenia,g6_00042_16.tif,6927033,96,0.165,16.5,0.0345,0
slovenia,g6_00042_17.tif,6635774,98,0.16844,16.84,0.0,0
slovenia,g6_00042_17.tif,6716624,11,0.01891,1.89,0.0,0
slovenia,g6_00042_8.tif,6083900,33,0.05672,5.67,0.0,0
slovenia,g6_00042_8.tif,6130604,16,0.0275,2.75,0.0,0
slovenia,g6_00042_8.tif,6130606,16,0.0275,2.75,0.0,0
slovenia,g6_00042_8.tif,6130607,14,0.02406,2.41,0.0,0
slovenia,g6_00042_8.tif,6130975,33,0.05672,5.67,0.0,0
slovenia,g6_00042_8.tif,6130976,16,0.0275,2.75,0.0,0
slovenia,g6_00042_8.tif,6148010,36,0.06188,6.19,0.0,0
slovenia,g6_00042_8.tif,6148011,14,0.02406,2.41,0.0,0
slovenia,g6_00042_8.tif,6164061,36,0.06188,6.19,0.0,0
slovenia,g6_00042_8.tif,6175261,16,0.0275,2.75,0.0,0
slovenia,g6_00042_8.tif,6182316,48,0.0825,8.25,0.0,0
slovenia,g6_00042_8.tif,6184121,48,0.0825,8.25,0.0,0
slovenia,g6_00042_8.tif,6184125,49,0.08422,8.42,0.0,0
slovenia,g6_00042_8.tif,6184227,12,0.02063,2.06,0.0,0
slovenia,g6_00042_8.tif,6184229,34,0.05844,5.84,0.0,0
slovenia,g6_00042_8.tif,6188335,32,0.055,5.5,0.0,0
slovenia,g6_00042_8.tif,6188338,14,0.02406,2.41,0.0,0
slovenia,g6_00042_8.tif,6206298,7,0.01203,1.2,0.0,0
slovenia,g6_00042_8.tif,6206299,56,0.09625,9.63,0.0,0
slovenia,g6_00042_8.tif,6206300,49,0.08422,8.42,0.0,0
slovenia,g6_00042_8.tif,6206302,20,0.03438,3.44,0.0,0
slovenia,g6_00042_8.tif,6206303,11,0.01891,1.89,0.0,0
slovenia,g6_00042_8.tif,6208585,23,0.03953,3.95,0.0,0
slovenia,g6_00042_8.tif,6208586,81,0.13922,13.92,0.0,0
slovenia,g6_00042_8.tif,6215457,22,0.03781,3.78,0.0,0
slovenia,g6_00042_8.tif,6215458,20,0.03438,3.44,0.0,0
slovenia,g6_00042_8.tif,6215459,15,0.02578,2.58,0.0,0
slovenia,g6_00042_8.tif,6219241,51,0.08766,8.77,0.0,0
slovenia,g6_00042_8.tif,6226656,19,0.03266,3.27,0.0,0
slovenia,g6_00042_8.tif,6226657,10,0.01719,1.72,0.0,0
slovenia,g6_00042_8.tif,6233256,50,0.08594,8.59,0.0,0
slovenia,g6_00042_8.tif,6236981,10,0.01719,1.72,0.0,0
slovenia,g6_00042_8.tif,6240365,8,0.01375,1.38,0.0,0
slovenia,g6_00042_8.tif,6240366,25,0.04297,4.3,0.0,0
slovenia,g6_00042_8.tif,6248620,41,0.07047,7.05,0.0,0
slovenia,g6_00042_8.tif,6248621,21,0.03609,3.61,0.0,0
slovenia,g6_00042_8.tif,6252114,9,0.01547,1.55,0.0,0
slovenia,g6_00042_8.tif,6258828,28,0.04813,4.81,0.0,0
slovenia,g6_00042_8.tif,6258830,8,0.01375,1.38,0.0,0
slovenia,g6_00042_8.tif,6260877,87,0.14954,14.95,0.0,0
slovenia,g6_00042_8.tif,6264248,55,0.09453,9.45,0.0,0
slovenia,g6_00042_8.tif,6264249,14,0.02406,2.41,0.0,0
slovenia,g6_00042_8.tif,6264250,53,0.0911,9.11,0.0,0
slovenia,g6_00042_8.tif,6264251,50,0.08594,8.59,0.0,0
slovenia,g6_00042_8.tif,6267666,6,0.01031,1.03,0.0,0
slovenia,g6_00042_8.tif,6267668,15,0.02578,2.58,0.0,0
slovenia,g6_00042_8.tif,6268241,53,0.0911,9.11,0.0,0
slovenia,g6_00042_8.tif,6268884,7,0.01203,1.2,0.0,0
slovenia,g6_00042_8.tif,6268885,8,0.01375,1.38,0.0,0
slovenia,g6_00042_8.tif,6281351,44,0.07563,7.56,0.0,0
slovenia,g6_00042_8.tif,6313077,38,0.06531,6.53,0.0,0
slovenia,g6_00042_8.tif,6314301,51,0.08766,8.77,0.0,0
slovenia,g6_00042_8.tif,6314304,38,0.06531,6.53,0.0,0
slovenia,g6_00042_8.tif,6319091,76,0.13063,13.06,0.0,0
slovenia,g6_00042_8.tif,6319093,26,0.04469,4.47,0.0,0
slovenia,g6_00042_8.tif,6319094,10,0.01719,1.72,0.0,0
slovenia,g6_00042_8.tif,6319318,19,0.03266,3.27,0.0,0
slovenia,g6_00042_8.tif,6393598,52,0.08938,8.94,0.0,0
slovenia,g6_00042_8.tif,6413883,40,0.06875,6.88,0.0,0
slovenia,g6_00042_8.tif,6436459,44,0.07563,7.56,0.0,0
slovenia,g6_00042_8.tif,6449575,39,0.06703,6.7,0.0,0
slovenia,g6_00042_8.tif,6452895,55,0.09453,9.45,0.0,0
slovenia,g6_00042_8.tif,6455491,34,0.05844,5.84,0.0,0
slovenia,g6_00042_8.tif,6465221,24,0.04125,4.13,0.0,0
slovenia,g6_00042_8.tif,6465222,42,0.07219,7.22,0.0,0
slovenia,g6_00042_8.tif,6486315,24,0.04125,4.13,0.0,0
slovenia,g6_00042_8.tif,6486316,101,0.1736,17.36,0.0,0
slovenia,g6_00042_8.tif,6489352,18,0.03094,3.09,0.0,0
slovenia,g6_00042_8.tif,6489355,19,0.03266,3.27,0.0,0
slovenia,g6_00042_8.tif,6556740,101,0.1736,17.36,0.0,0
slovenia,g6_00042_8.tif,6558643,14,0.02406,2.41,0.0,0
slovenia,g6_00042_8.tif,6558645,19,0.03266,3.27,0.0,0
slovenia,g6_00042_8.tif,6568712,18,0.03094,3.09,0.0,0
slovenia,g6_00042_8.tif,6587155,21,0.03609,3.61,0.0,0
slovenia,g6_00042_8.tif,6587157,30,0.05156,5.16,0.0,0
slovenia,g6_00042_8.tif,6606817,20,0.03438,3.44,0.0,0
slovenia,g6_00042_8.tif,6627355,42,0.07219,7.22,0.0,0
slovenia,g6_00042_8.tif,6659970,28,0.04813,4.81,0.0,0
slovenia,g6_00042_8.tif,6659972,43,0.07391,7.39,0.0,0
slovenia,g6_00042_8.tif,6681024,18,0.03094,3.09,0.0,0
slovenia,g6_00042_8.tif,6681026,14,0.02406,2.41,0.0,0
slovenia,g6_00042_8.tif,6706713,9,0.01547,1.55,0.0,0
slovenia,g6_00042_8.tif,6755801,48,0.0825,8.25,0.0,0
slovenia,g6_00042_8.tif,6755804,33,0.05672,5.67,0.0,0
slovenia,g6_00042_8.tif,6757177,98,0.16844,16.84,0.0,0
slovenia,g6_00042_8.tif,6763965,32,0.055,5.5,0.0,0
slovenia,g6_00042_8.tif,6790423,34,0.05844,5.84,0.0,0
slovenia,g6_00042_8.tif,6801923,37,0.0636,6.36,0.0,0
slovenia,g6_00042_8.tif,6801924,25,0.04297,4.3,0.0,0
slovenia,g6_00042_8.tif,6801925,16,0.0275,2.75,0.0,0
slovenia,g6_00042_8.tif,6811524,23,0.03953,3.95,0.0,0
slovenia,g6_00042_8.tif,6823259,17,0.02922,2.92,0.0,0
slovenia,g6_00042_8.tif,6823260,19,0.03266,3.27,0.0,0
slovenia,g6_00042_8.tif,6823264,45,0.07735,7.73,0.0,0
slovenia,g6_00042_8.tif,6868937,10,0.01719,1.72,0.0,0
slovenia,g6_00042_8.tif,6868938,17,0.02922,2.92,0.0,0
slovenia,g6_00042_8.tif,6868939,20,0.03438,3.44,0.0,0
slovenia,g6_00042_8.tif,6897993,51,0.08766,8.77,0.0,0
slovenia,g6_00042_8.tif,6897996,18,0.03094,3.09,0.0,0
slovenia,g6_00042_8.tif,6908712,81,0.13922,13.92,0.0,0
slovenia,g6_00042_8.tif,7011885,44,0.07563,7.56,0.0,0
slovenia,g6_00042_9.tif,6087163,13,0.02234,2.23,0.0,0
slovenia,g6_00042_9.tif,6130103,187,0.32141,32.14,0.7348,1
slovenia,g6_00042_9.tif,6130113,47,0.08078,8.08,0.0,0
slovenia,g6_00042_9.tif,6206267,54,0.09281,9.28,0.0,0
slovenia,g6_00042_9.tif,6206272,72,0.12375,12.38,0.2381,0
slovenia,g6_00042_9.tif,6206276,31,0.05328,5.33,0.0,0
slovenia,g6_00042_9.tif,6206282,123,0.21141,21.14,0.0,0
slovenia,g6_00042_9.tif,6206284,108,0.18563,18.56,0.0629,0
slovenia,g6_00042_9.tif,6206286,119,0.20454,20.45,0.0,0
slovenia,g6_00042_9.tif,6206288,89,0.15297,15.3,0.0,0
slovenia,g6_00042_9.tif,6206498,84,0.14438,14.44,0.0,0
slovenia,g6_00042_9.tif,6231810,55,0.09453,9.45,0.0,0
slovenia,g6_00042_9.tif,6259628,173,0.29735,29.74,0.0,0
slovenia,g6_00042_9.tif,6259631,220,0.37814,37.81,0.4728,0
slovenia,g6_00042_9.tif,6264515,2,0.00344,0.34,0.0,0
slovenia,g6_00042_9.tif,6392924,88,0.15125,15.13,0.0605,0
slovenia,g6_00042_9.tif,6401145,51,0.08766,8.77,0.0,0
slovenia,g6_00042_9.tif,6401151,176,0.30251,30.25,0.0,0
slovenia,g6_00042_9.tif,6413881,172,0.29563,29.56,0.5045,1
slovenia,g6_00042_9.tif,6486296,7,0.01203,1.2,0.0,0
slovenia,g6_00042_9.tif,6486301,90,0.15469,15.47,0.0,0
slovenia,g6_00042_9.tif,6486303,50,0.08594,8.59,0.0,0
slovenia,g6_00042_9.tif,6486319,40,0.06875,6.88,0.0,0
slovenia,g6_00042_9.tif,6489338,73,0.12547,12.55,0.6667,1
slovenia,g6_00042_9.tif,6489346,37,0.0636,6.36,0.0149,0
slovenia,g6_00042_9.tif,6489357,125,0.21485,21.48,0.3409,0
slovenia,g6_00042_9.tif,6489363,39,0.06703,6.7,0.0062,0
slovenia,g6_00042_9.tif,6568698,43,0.07391,7.39,0.0,0
slovenia,g6_00042_9.tif,6568708,48,0.0825,8.25,0.0,0
slovenia,g6_00042_9.tif,6589077,103,0.17704,17.7,0.197,0
slovenia,g6_00042_9.tif,6604721,452,0.7769,77.69,0.7346,1
slovenia,g6_00042_9.tif,6604737,136,0.23376,23.38,0.2423,0
slovenia,g6_00042_9.tif,6648850,31,0.05328,5.33,0.0,0
slovenia,g6_00042_9.tif,6683962,143,0.24579,24.58,0.1494,0
slovenia,g6_00042_9.tif,6683971,79,0.13578,13.58,0.0385,0
slovenia,g6_00042_9.tif,6683993,70,0.12032,12.03,0.0,0
slovenia,g6_00042_9.tif,6762496,615,1.05706,105.71,0.0,0
slovenia,g6_00042_9.tif,6762503,521,0.89549,89.55,0.6406,1
slovenia,g6_00042_9.tif,6762549,145,0.24923,24.92,0.1474,0
slovenia,g6_00042_9.tif,6762552,41,0.07047,7.05,0.0188,0
slovenia,g6_00042_9.tif,6762553,112,0.19251,19.25,0.027,0
slovenia,g6_00042_9.tif,6765437,92,0.15813,15.81,0.0335,0
slovenia,g6_00042_9.tif,6900315,192,0.33001,33.0,0.6497,1
slovenia,g6_00042_9.tif,6900322,26,0.04469,4.47,0.0,0
slovenia,g6_00042_9.tif,6900412,64,0.11,11.0,0.36,0
slovenia,g6_00042_9.tif,6945933,187,0.32141,32.14,0.623,1
slovenia,g6_00042_9.tif,6945934,74,0.12719,12.72,0.0935,0
slovenia,g6_00042_9.tif,6948302,923,1.58645,158.64,0.0018,0
slovenia,g6_00042_9.tif,6948887,96,0.165,16.5,0.0,0
slovenia,g6_00042_9.tif,6948888,15,0.02578,2.58,0.0,0
slovenia,g6_00042_9.tif,6966499,164,0.28188,28.19,0.0,0
slovenia,g6_00042_9.tif,6966556,3,0.00516,0.52,0.0,0
slovenia,g6_00042_9.tif,7065626,86,0.14782,14.78,0.0585,0
slovenia,g6_00042_9.tif,7065629,78,0.13407,13.41,0.0618,0
slovenia,g6_00043_4.tif,6302586,78,0.13407,13.41,0.6154,1
slovenia,g6_00043_4.tif,6302591,31,0.05328,5.33,0.0,0
slovenia,g6_00043_4.tif,6302592,12,0.02063,2.06,0.0,0
slovenia,g6_00043_4.tif,6302602,13,0.02234,2.23,0.0,0
slovenia,g6_00043_4.tif,6906747,128,0.22001,22.0,0.0,0
slovenia,g6_00043_4.tif,7065074,18,0.03094,3.09,0.0,0
slovenia,g6_00043_4.tif,7065075,11,0.01891,1.89,0.0,0
slovenia,g6_00043_4.tif,7065082,181,0.3111,31.11,0.0,0
slovenia,g6_00043_4.tif,7065083,40,0.06875,6.88,0.0,0
slovenia,g6_00043_4.tif,7072608,46,0.07906,7.91,0.0,0
slovenia,g6_00043_5.tif,6681503,11,0.01891,1.89,0.0,0
slovenia,g6_00043_6.tif,6790753,79,0.13578,13.58,0.0,0
slovenia,g6_00043_6.tif,6790755,8,0.01375,1.38,0.0,0
slovenia,g6_00043_6.tif,6790756,28,0.04813,4.81,0.0,0
slovenia,g6_00043_6.tif,7003773,38,0.06531,6.53,0.0,0
slovenia,g6_00043_6.tif,7003775,27,0.04641,4.64,0.0,0
slovenia,g6_00043_6.tif,7003776,22,0.03781,3.78,0.0,0
slovenia,g6_00044_16.tif,6142696,14,0.02406,2.41,0.0,0
slovenia,g6_00044_16.tif,6220032,21,0.03609,3.61,0.0,0
slovenia,g6_00044_16.tif,6220043,30,0.05156,5.16,0.0,0
slovenia,g6_00044_16.tif,6220183,7,0.01203,1.2,0.0,0
slovenia,g6_00044_16.tif,6221100,18,0.03094,3.09,0.0,0
slovenia,g6_00044_16.tif,6408224,32,0.055,5.5,0.0,0
slovenia,g6_00044_16.tif,6408226,38,0.06531,6.53,0.0,0
slovenia,g6_00044_16.tif,6505369,28,0.04813,4.81,0.0,0
slovenia,g6_00044_16.tif,6832571,6,0.01031,1.03,0.0,0
slovenia,g6_00044_17.tif,6297107,38,0.06531,6.53,0.0,0
slovenia,g6_00044_17.tif,6297108,88,0.15125,15.13,0.0,0
slovenia,g6_00044_17.tif,6297110,177,0.30423,30.42,0.0,0
slovenia,g6_00044_17.tif,6297111,96,0.165,16.5,0.0,0
slovenia,g6_00044_17.tif,6297121,83,0.14266,14.27,0.0,0
slovenia,g6_00044_17.tif,6297123,53,0.0911,9.11,0.0,0
slovenia,g6_00044_17.tif,6297350,50,0.08594,8.59,0.0,0
slovenia,g6_00044_17.tif,6297389,29,0.04985,4.98,0.0,0
slovenia,g6_00044_17.tif,6983642,79,0.13578,13.58,0.0,0
slovenia,g6_00044_17.tif,6983643,172,0.29563,29.56,0.0,0
slovenia,g6_00044_17.tif,6983644,32,0.055,5.5,0.0,0
slovenia,g6_00044_17.tif,6984228,49,0.08422,8.42,0.0,0
slovenia,g6_00044_18.tif,6103512,192,0.33001,33.0,0.0,0
slovenia,g6_00044_18.tif,6103514,24,0.04125,4.13,0.0,0
slovenia,g6_00044_18.tif,6103515,34,0.05844,5.84,0.0,0
slovenia,g6_00044_18.tif,6117991,47,0.08078,8.08,0.0,0
slovenia,g6_00044_18.tif,6117993,42,0.07219,7.22,0.0,0
slovenia,g6_00044_18.tif,6118053,33,0.05672,5.67,0.0,0
slovenia,g6_00044_18.tif,6118061,10,0.01719,1.72,0.0,0
slovenia,g6_00044_18.tif,6118092,41,0.07047,7.05,0.0,0
slovenia,g6_00044_18.tif,6141211,30,0.05156,5.16,0.0,0
slovenia,g6_00044_18.tif,6141214,17,0.02922,2.92,0.0,0
slovenia,g6_00044_18.tif,6141222,10,0.01719,1.72,0.0,0
slovenia,g6_00044_18.tif,6141356,49,0.08422,8.42,0.0,0
slovenia,g6_00044_18.tif,6173507,11,0.01891,1.89,0.0,0
slovenia,g6_00044_18.tif,6183993,41,0.07047,7.05,0.0,0
slovenia,g6_00044_18.tif,6184003,52,0.08938,8.94,0.0,0
slovenia,g6_00044_18.tif,6435282,40,0.06875,6.88,0.0,0
slovenia,g6_00044_18.tif,6534923,13,0.02234,2.23,0.0,0
slovenia,g6_00044_18.tif,6534936,35,0.06016,6.02,0.0,0
slovenia,g6_00044_18.tif,6534938,10,0.01719,1.72,0.0,0
slovenia,g6_00044_18.tif,6534941,17,0.02922,2.92,0.0,0
slovenia,g6_00044_18.tif,6534942,50,0.08594,8.59,0.0,0
slovenia,g6_00044_18.tif,6748355,66,0.11344,11.34,0.0,0
slovenia,g6_00044_18.tif,6778466,32,0.055,5.5,0.0,0
slovenia,g6_00044_18.tif,6778470,56,0.09625,9.63,0.0,0
slovenia,g6_00044_18.tif,6778472,33,0.05672,5.67,0.0,0
slovenia,g6_00045_10.tif,6130111,78,0.13407,13.41,0.0,0
slovenia,g6_00045_10.tif,6181062,205,0.35235,35.24,0.0,0
slovenia,g6_00045_10.tif,6181070,479,0.8233,82.33,0.4536,0
slovenia,g6_00045_10.tif,6181074,133,0.2286,22.86,0.5478,1
slovenia,g6_00045_10.tif,6181092,71,0.12203,12.2,0.0,0
slovenia,g6_00045_10.tif,6182310,42,0.07219,7.22,0.0,0
slovenia,g6_00045_10.tif,6182311,99,0.17016,17.02,0.7123,1
slovenia,g6_00045_10.tif,6182314,141,0.24235,24.24,0.0354,0
slovenia,g6_00045_10.tif,6182341,58,0.09969,9.97,0.0,0
slovenia,g6_00045_10.tif,6184222,472,0.81127,81.13,0.0,0
slovenia,g6_00045_10.tif,6184225,94,0.16157,16.16,0.0,0
slovenia,g6_00045_10.tif,6184234,411,0.70643,70.64,0.0881,0
slovenia,g6_00045_10.tif,6184408,69,0.1186,11.86,0.0,0
slovenia,g6_00045_10.tif,6188325,70,0.12032,12.03,0.0,0
slovenia,g6_00045_10.tif,6188326,10,0.01719,1.72,0.0,0
slovenia,g6_00045_10.tif,6192557,307,0.52767,52.77,0.0,0
slovenia,g6_00045_10.tif,6192558,416,0.71502,71.5,0.9117,1
slovenia,g6_00045_10.tif,6192560,119,0.20454,20.45,0.3571,0
slovenia,g6_00045_10.tif,6192564,135,0.23204,23.2,0.6139,1
slovenia,g6_00045_10.tif,6192570,110,0.18907,18.91,0.0,0
slovenia,g6_00045_10.tif,6192572,71,0.12203,12.2,0.0,0
slovenia,g6_00045_10.tif,6192618,83,0.14266,14.27,0.0,0
slovenia,g6_00045_10.tif,6206280,87,0.14954,14.95,0.0,0
slovenia,g6_00045_10.tif,6206296,142,0.24407,24.41,0.0,0
slovenia,g6_00045_10.tif,6226650,42,0.07219,7.22,0.0,0
slovenia,g6_00045_10.tif,6226651,53,0.0911,9.11,0.0,0
slovenia,g6_00045_10.tif,6226652,9,0.01547,1.55,0.0,0
slovenia,g6_00045_10.tif,6426419,26,0.04469,4.47,0.0,0
slovenia,g6_00045_10.tif,6486301,157,0.26985,26.99,0.0,0
slovenia,g6_00045_10.tif,6558621,258,0.44345,44.34,0.0,0
slovenia,g6_00045_10.tif,6558623,102,0.17532,17.53,0.0,0
slovenia,g6_00045_10.tif,6558626,213,0.3661,36.61,0.7472,1
slovenia,g6_00045_10.tif,6558629,240,0.41251,41.25,0.352,0
slovenia,g6_00045_10.tif,6558638,105,0.18047,18.05,0.5495,1
slovenia,g6_00045_10.tif,6558639,54,0.09281,9.28,0.0,0
slovenia,g6_00045_10.tif,6558641,55,0.09453,9.45,0.0,0
slovenia,g6_00045_10.tif,6558751,22,0.03781,3.78,0.0,0
slovenia,g6_00045_10.tif,6568708,77,0.13235,13.23,0.0,0
slovenia,g6_00045_10.tif,6587140,32,0.055,5.5,0.0,0
slovenia,g6_00045_10.tif,6587441,88,0.15125,15.13,0.0,0
slovenia,g6_00045_10.tif,6587459,17,0.02922,2.92,0.0,0
slovenia,g6_00045_10.tif,6667631,238,0.40907,40.91,0.6486,1
slovenia,g6_00045_10.tif,6667636,150,0.25782,25.78,0.1333,0
slovenia,g6_00045_10.tif,6692402,30,0.05156,5.16,0.0,0
slovenia,g6_00045_10.tif,6706696,10,0.01719,1.72,0.0,0
slovenia,g6_00045_10.tif,6706697,39,0.06703,6.7,0.0,0
slovenia,g6_00045_10.tif,6706702,230,0.39532,39.53,0.0,0
slovenia,g6_00045_10.tif,6706703,211,0.36267,36.27,0.1311,0
slovenia,g6_00045_10.tif,6706704,148,0.25438,25.44,0.0235,0
slovenia,g6_00045_10.tif,6706708,107,0.18391,18.39,0.0,0
slovenia,g6_00045_10.tif,6706719,140,0.24063,24.06,0.0,0
slovenia,g6_00045_10.tif,6706776,16,0.0275,2.75,0.0,0
slovenia,g6_00045_10.tif,6706905,65,0.11172,11.17,0.0565,0
slovenia,g6_00045_10.tif,6707081,10,0.01719,1.72,0.0124,0
slovenia,g6_00045_10.tif,6780784,366,0.62908,62.91,0.0,0
slovenia,g6_00045_10.tif,6780788,208,0.35751,35.75,0.2077,0
slovenia,g6_00045_10.tif,6823234,248,0.42626,42.63,0.0,0
slovenia,g6_00045_10.tif,6823236,225,0.38673,38.67,0.6698,1
slovenia,g6_00045_10.tif,6823243,120,0.20626,20.63,0.0,0
slovenia,g6_00045_10.tif,6823370,19,0.03266,3.27,0.0,0
slovenia,g6_00045_10.tif,6823454,51,0.08766,8.77,0.0909,0
slovenia,g6_00045_10.tif,6823514,115,0.19766,19.77,0.0,0
slovenia,g6_00045_10.tif,6823577,21,0.03609,3.61,0.0,0
slovenia,g6_00045_10.tif,6948318,224,0.38501,38.5,0.0,0
slovenia,g6_00045_10.tif,6948887,130,0.22344,22.34,0.0,0
slovenia,g6_00045_10.tif,6966462,93,0.15985,15.98,0.0,0
slovenia,g6_00045_11.tif,6181092,32,0.055,5.5,0.1833,0
slovenia,g6_00045_11.tif,6182314,40,0.06875,6.88,0.5294,1
slovenia,g6_00045_11.tif,6316168,202,0.3472,34.72,0.0,0
slovenia,g6_00045_11.tif,6316201,74,0.12719,12.72,0.0,0
slovenia,g6_00045_11.tif,6319194,6,0.01031,1.03,0.0,0
slovenia,g6_00045_11.tif,6323688,140,0.24063,24.06,0.0,0
slovenia,g6_00045_11.tif,6323697,185,0.31798,31.8,0.0,0
slovenia,g6_00045_11.tif,6330860,35,0.06016,6.02,0.0,0
slovenia,g6_00045_11.tif,6330868,34,0.05844,5.84,0.0,0
slovenia,g6_00045_11.tif,6330909,17,0.02922,2.92,0.0,0
slovenia,g6_00045_11.tif,6786617,164,0.28188,28.19,0.0,0
slovenia,g6_00045_11.tif,6808806,35,0.06016,6.02,0.0,0
slovenia,g6_00045_11.tif,6808911,37,0.0636,6.36,0.0,0
slovenia,g6_00045_16.tif,6092333,31,0.05328,5.33,0.0,0
slovenia,g6_00045_16.tif,6238825,53,0.0911,9.11,0.0,0
slovenia,g6_00045_16.tif,6238830,30,0.05156,5.16,0.0,0
slovenia,g6_00045_16.tif,6238831,6,0.01031,1.03,0.0,0
slovenia,g6_00045_16.tif,6457574,29,0.04985,4.98,0.0,0
slovenia,g6_00045_16.tif,6457576,16,0.0275,2.75,0.0,0
slovenia,g6_00045_16.tif,6457578,33,0.05672,5.67,0.0,0
slovenia,g6_00045_16.tif,6562588,15,0.02578,2.58,0.0,0
slovenia,g6_00045_16.tif,6562594,36,0.06188,6.19,0.0,0
slovenia,g6_00045_16.tif,6593595,36,0.06188,6.19,0.0,0
slovenia,g6_00045_16.tif,6616082,57,0.09797,9.8,0.0,0
slovenia,g6_00045_16.tif,6650483,25,0.04297,4.3,0.0,0
slovenia,g6_00045_16.tif,6650484,35,0.06016,6.02,0.0,0
slovenia,g6_00045_16.tif,6651812,56,0.09625,9.63,0.0,0
slovenia,g6_00045_16.tif,6705892,444,0.76315,76.31,0.0,0
slovenia,g6_00045_16.tif,6705913,12,0.02063,2.06,0.0,0
slovenia,g6_00045_16.tif,6705920,50,0.08594,8.59,0.0,0
slovenia,g6_00045_16.tif,6706102,26,0.04469,4.47,0.0,0
slovenia,g6_00045_16.tif,6744939,99,0.17016,17.02,0.0,0
slovenia,g6_00045_17.tif,6457581,62,0.10657,10.66,0.0,0
slovenia,g6_00045_17.tif,6593576,16,0.0275,2.75,0.0,0
slovenia,g6_00045_17.tif,6705936,39,0.06703,6.7,0.0,0
slovenia,g6_00045_17.tif,6984926,24,0.04125,4.13,0.0,0
slovenia,g6_00045_17.tif,6984927,7,0.01203,1.2,0.0,0
slovenia,g6_00045_9.tif,6086255,51,0.08766,8.77,0.0,0
slovenia,g6_00045_9.tif,6181088,30,0.05156,5.16,0.0,0
slovenia,g6_00045_9.tif,6192574,88,0.15125,15.13,0.0,0
slovenia,g6_00045_9.tif,6226653,102,0.17532,17.53,0.0,0
slovenia,g6_00045_9.tif,6258830,38,0.06531,6.53,0.0,0
slovenia,g6_00045_9.tif,6455468,34,0.05844,5.84,0.0,0
slovenia,g6_00045_9.tif,6455471,28,0.04813,4.81,0.0,0
slovenia,g6_00045_9.tif,6558647,20,0.03438,3.44,0.0,0
slovenia,g6_00045_9.tif,6587155,8,0.01375,1.38,0.0,0
slovenia,g6_00045_9.tif,6706713,29,0.04985,4.98,0.0,0
slovenia,g6_00045_9.tif,6823258,34,0.05844,5.84,0.0,0
slovenia,g6_00045_9.tif,6823259,2,0.00344,0.34,0.0,0
slovenia,g6_00045_9.tif,6823260,44,0.07563,7.56,0.0,0
slovenia,g6_00045_9.tif,6823265,14,0.02406,2.41,0.0,0
slovenia,g6_00045_9.tif,6948339,29,0.04985,4.98,0.0,0
slovenia,g6_00046_6.tif,6123886,25,0.04297,4.3,0.0,0
slovenia,g6_00046_6.tif,6123890,22,0.03781,3.78,0.0,0
slovenia,g6_00046_6.tif,6153591,23,0.03953,3.95,0.0,0
slovenia,g6_00046_6.tif,6220128,18,0.03094,3.09,0.0,0
slovenia,g6_00046_6.tif,6220129,39,0.06703,6.7,0.0,0
slovenia,g6_00046_6.tif,6220134,111,0.19079,19.08,0.0,0
slovenia,g6_00046_6.tif,6220142,51,0.08766,8.77,0.0,0
slovenia,g6_00046_6.tif,6272425,13,0.02234,2.23,0.0,0
slovenia,g6_00046_6.tif,6307917,37,0.0636,6.36,0.0,0
slovenia,g6_00046_6.tif,6307931,61,0.10485,10.48,0.0,0
slovenia,g6_00046_6.tif,6404191,40,0.06875,6.88,0.0,0
slovenia,g6_00046_6.tif,6404192,15,0.02578,2.58,0.0,0
slovenia,g6_00046_6.tif,6404193,78,0.13407,13.41,0.0,0
slovenia,g6_00046_6.tif,6504527,359,0.61705,61.7,0.0,0
slovenia,g6_00046_6.tif,6876239,13,0.02234,2.23,0.0,0
slovenia,g6_00046_6.tif,6876240,7,0.01203,1.2,0.0,0
slovenia,g6_00046_6.tif,6876248,30,0.05156,5.16,0.0,0
slovenia,g6_00046_6.tif,6877839,31,0.05328,5.33,0.0,0
slovenia,g6_00046_6.tif,6879700,27,0.04641,4.64,0.0,0
slovenia,g6_00046_6.tif,6906876,37,0.0636,6.36,0.0,0
slovenia,g6_00046_6.tif,7070587,18,0.03094,3.09,0.0,0
slovenia,g6_00046_6.tif,7070595,8,0.01375,1.38,0.0,0
slovenia,g6_00046_6.tif,7070597,15,0.02578,2.58,0.0,0
slovenia,g6_00046_6.tif,7073450,64,0.11,11.0,0.0,0
slovenia,g6_00046_6.tif,7073457,30,0.05156,5.16,0.0,0
slovenia,g6_00046_6.tif,7073459,10,0.01719,1.72,0.0,0
slovenia,g6_00046_7.tif,6448177,99,0.17016,17.02,0.0,0
slovenia,g6_00046_7.tif,6448178,28,0.04813,4.81,0.0,0
slovenia,g6_00046_7.tif,6906856,25,0.04297,4.3,0.5882,1
slovenia,g6_00046_7.tif,6906857,59,0.10141,10.14,0.241,0
slovenia,g6_00046_7.tif,6906864,113,0.19422,19.42,0.2526,0
slovenia,g6_00046_7.tif,6906876,115,0.19766,19.77,0.0,0
slovenia,g6_00046_7.tif,6907731,121,0.20797,20.8,0.0,0
slovenia,g6_00046_8.tif,6138886,31,0.05328,5.33,0.0,0
slovenia,g6_00046_8.tif,6138889,120,0.20626,20.63,0.0,0
slovenia,g6_00046_8.tif,6138894,8,0.01375,1.38,0.0,0
slovenia,g6_00046_8.tif,6164924,18,0.03094,3.09,0.0,0
slovenia,g6_00046_8.tif,6644709,122,0.20969,20.97,0.0,0
slovenia,g6_00047_17.tif,6086521,49,0.08422,8.42,0.0,0
slovenia,g6_00047_17.tif,6086528,37,0.0636,6.36,0.0,0
slovenia,g6_00047_17.tif,6142696,14,0.02406,2.41,0.0,0
slovenia,g6_00047_17.tif,6162260,42,0.07219,7.22,0.0,0
slovenia,g6_00047_17.tif,6162261,33,0.05672,5.67,0.0,0
slovenia,g6_00047_17.tif,6162268,16,0.0275,2.75,0.0,0
slovenia,g6_00047_17.tif,6162271,66,0.11344,11.34,0.0,0
slovenia,g6_00047_17.tif,6220112,61,0.10485,10.48,0.0,0
slovenia,g6_00047_17.tif,6221081,13,0.02234,2.23,0.0,0
slovenia,g6_00047_17.tif,6221091,16,0.0275,2.75,0.0,0
slovenia,g6_00047_17.tif,6221095,51,0.08766,8.77,0.0,0
slovenia,g6_00047_17.tif,6221190,23,0.03953,3.95,0.0,0
slovenia,g6_00047_17.tif,6266674,37,0.0636,6.36,0.0,0
slovenia,g6_00047_17.tif,6432343,11,0.01891,1.89,0.0,0
slovenia,g6_00047_17.tif,6832571,25,0.04297,4.3,0.0,0
slovenia,g6_00047_17.tif,7063179,15,0.02578,2.58,0.0,0
slovenia,g6_00047_18.tif,6128701,26,0.04469,4.47,0.0,0
slovenia,g6_00047_18.tif,6580323,46,0.07906,7.91,0.0,0
slovenia,g6_00047_18.tif,6990969,16,0.0275,2.75,0.0,0
slovenia,g6_00047_18.tif,6990987,13,0.02234,2.23,0.0,0
slovenia,g6_00047_18.tif,6991012,18,0.03094,3.09,0.0,0
slovenia,g6_00048_0.tif,6128697,11,0.01891,1.89,0.0,0
slovenia,g6_00048_0.tif,6161997,24,0.04125,4.13,0.0,0
slovenia,g6_00048_0.tif,6162000,31,0.05328,5.33,0.0,0
slovenia,g6_00048_0.tif,6162008,45,0.07735,7.73,0.0,0
slovenia,g6_00048_0.tif,6162058,21,0.03609,3.61,0.0,0
slovenia,g6_00048_0.tif,6179761,39,0.06703,6.7,0.0,0
slovenia,g6_00048_0.tif,6220050,76,0.13063,13.06,0.0,0
slovenia,g6_00048_0.tif,6268988,24,0.04125,4.13,0.0,0
slovenia,g6_00048_0.tif,6290574,15,0.02578,2.58,0.0,0
slovenia,g6_00048_0.tif,6290585,41,0.07047,7.05,0.0,0
slovenia,g6_00048_0.tif,6307803,34,0.05844,5.84,0.0,0
slovenia,g6_00048_0.tif,6307804,33,0.05672,5.67,0.0,0
slovenia,g6_00048_0.tif,6325901,36,0.06188,6.19,0.0,0
slovenia,g6_00048_0.tif,6325902,30,0.05156,5.16,0.0,0
slovenia,g6_00048_0.tif,6494494,6,0.01031,1.03,0.0,0
slovenia,g6_00048_0.tif,6580314,9,0.01547,1.55,0.0,0
slovenia,g6_00048_0.tif,6580320,63,0.10828,10.83,0.0,0
slovenia,g6_00048_0.tif,6610561,9,0.01547,1.55,0.0,0
slovenia,g6_00048_0.tif,6610635,5,0.00859,0.86,0.0,0
slovenia,g6_00048_0.tif,6613621,25,0.04297,4.3,0.0,0
slovenia,g6_00048_0.tif,6688746,40,0.06875,6.88,0.0,0
slovenia,g6_00048_0.tif,6688883,20,0.03438,3.44,0.0,0
slovenia,g6_00048_0.tif,6688950,9,0.01547,1.55,0.0,0
slovenia,g6_00048_0.tif,6689063,8,0.01375,1.38,0.0,0
slovenia,g6_00048_0.tif,6690034,197,0.3386,33.86,0.0,0
slovenia,g6_00048_0.tif,6690037,11,0.01891,1.89,0.0,0
slovenia,g6_00048_0.tif,6690216,33,0.05672,5.67,0.0,0
slovenia,g6_00048_0.tif,6978856,25,0.04297,4.3,0.0,0
slovenia,g6_00048_0.tif,6990991,21,0.03609,3.61,0.0,0
slovenia,g6_00048_0.tif,7016573,48,0.0825,8.25,0.0,0
slovenia,g6_00048_10.tif,6756353,107,0.18391,18.39,0.0,0
slovenia,g6_00048_10.tif,6756354,53,0.0911,9.11,0.0,0
slovenia,g6_00048_10.tif,6756375,85,0.1461,14.61,0.0,0
slovenia,g6_00048_10.tif,6756382,47,0.08078,8.08,0.0,0
slovenia,g6_00050_12.tif,6114954,72,0.12375,12.38,0.0,0
slovenia,g6_00050_12.tif,6149526,11,0.01891,1.89,0.0,0
slovenia,g6_00050_12.tif,6149529,23,0.03953,3.95,0.0,0
slovenia,g6_00050_12.tif,6223616,331,0.56892,56.89,0.0,0
slovenia,g6_00050_12.tif,6258200,16,0.0275,2.75,0.0,0
slovenia,g6_00050_12.tif,6318857,42,0.07219,7.22,0.0,0
slovenia,g6_00050_12.tif,6405246,123,0.21141,21.14,0.0,0
slovenia,g6_00050_12.tif,6433137,41,0.07047,7.05,0.0,0
slovenia,g6_00050_12.tif,6433292,202,0.3472,34.72,0.0,0
slovenia,g6_00050_12.tif,6433579,20,0.03438,3.44,0.0,0
slovenia,g6_00050_12.tif,6554186,110,0.18907,18.91,0.0,0
slovenia,g6_00050_12.tif,6559582,373,0.64111,64.11,0.0,0
slovenia,g6_00050_12.tif,6559583,55,0.09453,9.45,0.0,0
slovenia,g6_00050_12.tif,6559585,223,0.38329,38.33,0.0,0
slovenia,g6_00050_12.tif,6559586,192,0.33001,33.0,0.0,0
slovenia,g6_00050_12.tif,6571695,100,0.17188,17.19,0.0,0
slovenia,g6_00050_12.tif,6571699,21,0.03609,3.61,0.0,0
slovenia,g6_00050_12.tif,6571701,21,0.03609,3.61,0.0,0
slovenia,g6_00050_12.tif,6571711,67,0.11516,11.52,0.0,0
slovenia,g6_00050_12.tif,6571801,19,0.03266,3.27,0.0,0
slovenia,g6_00050_12.tif,6606930,16,0.0275,2.75,0.0,0
slovenia,g6_00050_12.tif,6607059,33,0.05672,5.67,0.0,0
slovenia,g6_00050_12.tif,6634276,33,0.05672,5.67,0.0,0
slovenia,g6_00050_12.tif,6691957,82,0.14094,14.09,0.0,0
slovenia,g6_00050_12.tif,6691960,224,0.38501,38.5,0.0,0
slovenia,g6_00050_12.tif,6692069,21,0.03609,3.61,0.0,0
slovenia,g6_00050_12.tif,6698793,366,0.62908,62.91,0.0,0
slovenia,g6_00050_12.tif,6745445,111,0.19079,19.08,0.0,0
slovenia,g6_00050_12.tif,6745451,14,0.02406,2.41,0.0,0
slovenia,g6_00050_12.tif,6747013,28,0.04813,4.81,0.0,0
slovenia,g6_00050_12.tif,6757191,47,0.08078,8.08,0.0,0
slovenia,g6_00050_12.tif,6757422,27,0.04641,4.64,0.0,0
slovenia,g6_00050_12.tif,6762937,493,0.84737,84.74,0.0,0
slovenia,g6_00050_12.tif,6774479,205,0.35235,35.24,0.0,0
slovenia,g6_00050_12.tif,6831424,133,0.2286,22.86,0.0,0
slovenia,g6_00050_12.tif,6831437,85,0.1461,14.61,0.0,0
slovenia,g6_00050_12.tif,6831476,113,0.19422,19.42,0.0,0
slovenia,g6_00050_12.tif,6835935,185,0.31798,31.8,0.0,0
slovenia,g6_00050_12.tif,6835943,77,0.13235,13.23,0.0,0
slovenia,g6_00050_12.tif,6845065,11,0.01891,1.89,0.0,0
slovenia,g6_00050_12.tif,6879397,21,0.03609,3.61,0.0,0
slovenia,g6_00050_12.tif,6879401,56,0.09625,9.63,0.0,0
slovenia,g6_00050_12.tif,6884497,411,0.70643,70.64,0.0,0
slovenia,g6_00050_12.tif,6884511,15,0.02578,2.58,0.0,0
slovenia,g6_00050_12.tif,6884938,28,0.04813,4.81,0.0,0
slovenia,g6_00050_12.tif,6951717,298,0.5122,51.22,0.6927,1
slovenia,g6_00050_12.tif,7001634,544,0.93502,93.5,0.0,0
slovenia,g6_00050_12.tif,7001636,356,0.61189,61.19,0.375,0
slovenia,g6_00050_12.tif,7001642,358,0.61533,61.53,0.0,0
slovenia,g6_00050_12.tif,7001647,102,0.17532,17.53,0.0,0
slovenia,g6_00050_12.tif,7001651,262,0.45032,45.03,0.5023,1
slovenia,g6_00050_12.tif,7001689,26,0.04469,4.47,0.0,0
slovenia,g6_00050_12.tif,7011842,24,0.04125,4.13,0.0,0
slovenia,g6_00050_12.tif,7017015,49,0.08422,8.42,0.0,0
slovenia,g6_00050_12.tif,7017104,51,0.08766,8.77,0.0,0
slovenia,g6_00050_12.tif,7018909,589,1.01237,101.24,0.0341,0
slovenia,g6_00050_12.tif,7043319,749,1.28738,128.74,0.0,0
slovenia,g6_00050_12.tif,7043323,142,0.24407,24.41,0.0,0
slovenia,g6_00050_13.tif,6109339,66,0.11344,11.34,0.0,0
slovenia,g6_00050_13.tif,6109676,24,0.04125,4.13,0.0,0
slovenia,g6_00050_13.tif,6114954,233,0.40048,40.05,0.0,0
slovenia,g6_00050_13.tif,6149529,19,0.03266,3.27,0.0,0
slovenia,g6_00050_13.tif,6150562,7,0.01203,1.2,0.0,0
slovenia,g6_00050_13.tif,6150564,45,0.07735,7.73,0.0,0
slovenia,g6_00050_13.tif,6150567,96,0.165,16.5,0.0,0
slovenia,g6_00050_13.tif,6185915,14,0.02406,2.41,0.0,0
slovenia,g6_00050_13.tif,6185917,59,0.10141,10.14,0.0,0
slovenia,g6_00050_13.tif,6223480,23,0.03953,3.95,0.0,0
slovenia,g6_00050_13.tif,6223745,11,0.01891,1.89,0.0,0
slovenia,g6_00050_13.tif,6223847,9,0.01547,1.55,0.0,0
slovenia,g6_00050_13.tif,6317228,22,0.03781,3.78,0.0,0
slovenia,g6_00050_13.tif,6318042,22,0.03781,3.78,0.0,0
slovenia,g6_00050_13.tif,6558913,12,0.02063,2.06,0.0,0
slovenia,g6_00050_13.tif,6558914,7,0.01203,1.2,0.0,0
slovenia,g6_00050_13.tif,6559583,198,0.34032,34.03,0.0,0
slovenia,g6_00050_13.tif,6563991,15,0.02578,2.58,0.0,0
slovenia,g6_00050_13.tif,6623090,16,0.0275,2.75,0.0,0
slovenia,g6_00050_13.tif,6623473,16,0.0275,2.75,0.0,0
slovenia,g6_00050_13.tif,6698814,65,0.11172,11.17,0.0,0
slovenia,g6_00050_13.tif,6747544,10,0.01719,1.72,0.0,0
slovenia,g6_00050_13.tif,6747545,26,0.04469,4.47,0.0,0
slovenia,g6_00050_13.tif,6747678,31,0.05328,5.33,0.0,0
slovenia,g6_00050_13.tif,6774485,13,0.02234,2.23,0.0,0
slovenia,g6_00050_13.tif,6774487,8,0.01375,1.38,0.0,0
slovenia,g6_00050_13.tif,6774488,8,0.01375,1.38,0.0,0
slovenia,g6_00050_13.tif,6831424,78,0.13407,13.41,0.0,0
slovenia,g6_00050_13.tif,6831476,65,0.11172,11.17,0.4375,0
slovenia,g6_00050_13.tif,6831555,17,0.02922,2.92,0.0,0
slovenia,g6_00050_13.tif,6884511,15,0.02578,2.58,0.0,0
slovenia,g6_00050_13.tif,6884938,11,0.01891,1.89,0.0,0
slovenia,g6_00050_13.tif,6915397,39,0.06703,6.7,0.0,0
slovenia,g6_00050_13.tif,7006995,20,0.03438,3.44,0.0,0
slovenia,g6_00050_13.tif,7015417,116,0.19938,19.94,0.0,0
slovenia,g6_00050_13.tif,7043317,64,0.11,11.0,0.0,0
slovenia,g6_00053_13.tif,6454097,12,0.02063,2.06,0.0,0
slovenia,g6_00053_13.tif,6691957,211,0.36267,36.27,0.0,0
slovenia,g6_00053_13.tif,6692069,52,0.08938,8.94,0.0,0
slovenia,g6_00053_13.tif,6797880,26,0.04469,4.47,0.0,0
slovenia,g6_00053_13.tif,6835943,87,0.14954,14.95,0.0,0
slovenia,g6_00053_13.tif,7043323,105,0.18047,18.05,0.0,0
slovenia,g6_00053_14.tif,6114938,31,0.05328,5.33,0.0,0
slovenia,g6_00053_14.tif,6114947,128,0.22001,22.0,0.0,0
slovenia,g6_00053_14.tif,6114956,23,0.03953,3.95,0.0,0
slovenia,g6_00053_14.tif,6115033,58,0.09969,9.97,0.0,0
slovenia,g6_00053_14.tif,6115139,19,0.03266,3.27,0.0,0
slovenia,g6_00053_14.tif,6143808,55,0.09453,9.45,0.0,0
slovenia,g6_00053_14.tif,6151729,29,0.04985,4.98,0.0,0
slovenia,g6_00053_14.tif,6151738,11,0.01891,1.89,0.0,0
slovenia,g6_00053_14.tif,6185961,26,0.04469,4.47,0.0,0
slovenia,g6_00053_14.tif,6216863,24,0.04125,4.13,0.0,0
slovenia,g6_00053_14.tif,6273889,14,0.02406,2.41,0.0,0
slovenia,g6_00053_14.tif,6274038,42,0.07219,7.22,0.0,0
slovenia,g6_00053_14.tif,6318054,165,0.2836,28.36,0.0,0
slovenia,g6_00053_14.tif,6318059,85,0.1461,14.61,0.0,0
slovenia,g6_00053_14.tif,6318064,117,0.2011,20.11,0.0,0
slovenia,g6_00053_14.tif,6318069,64,0.11,11.0,0.0,0
slovenia,g6_00053_14.tif,6318072,65,0.11172,11.17,0.0,0
slovenia,g6_00053_14.tif,6401528,17,0.02922,2.92,0.0,0
slovenia,g6_00053_14.tif,6401529,55,0.09453,9.45,0.0,0
slovenia,g6_00053_14.tif,6558914,25,0.04297,4.3,0.0,0
slovenia,g6_00053_14.tif,6563991,6,0.01031,1.03,0.0,0
slovenia,g6_00053_14.tif,6563996,45,0.07735,7.73,0.0,0
slovenia,g6_00053_14.tif,6610927,24,0.04125,4.13,0.0,0
slovenia,g6_00053_14.tif,6610928,8,0.01375,1.38,0.0,0
slovenia,g6_00053_14.tif,6610929,14,0.02406,2.41,0.0,0
slovenia,g6_00053_14.tif,6623065,30,0.05156,5.16,0.0,0
slovenia,g6_00053_14.tif,6623072,71,0.12203,12.2,0.0,0
slovenia,g6_00053_14.tif,6623086,16,0.0275,2.75,0.0,0
slovenia,g6_00053_14.tif,6692000,23,0.03953,3.95,0.0,0
slovenia,g6_00053_14.tif,6694118,20,0.03438,3.44,0.0,0
slovenia,g6_00053_14.tif,6698800,79,0.13578,13.58,0.0,0
slovenia,g6_00053_14.tif,6698805,169,0.29048,29.05,0.0,0
slovenia,g6_00053_14.tif,6698811,94,0.16157,16.16,0.0,0
slovenia,g6_00053_14.tif,6698815,413,0.70986,70.99,0.0,0
slovenia,g6_00053_14.tif,6698824,128,0.22001,22.0,0.0,0
slovenia,g6_00053_14.tif,6698831,65,0.11172,11.17,0.0,0
slovenia,g6_00053_14.tif,6724914,34,0.05844,5.84,0.0,0
slovenia,g6_00053_14.tif,6788277,26,0.04469,4.47,0.0,0
slovenia,g6_00053_14.tif,6788282,25,0.04297,4.3,0.0,0
slovenia,g6_00053_14.tif,6788334,8,0.01375,1.38,0.0,0
slovenia,g6_00053_14.tif,6827116,28,0.04813,4.81,0.0,0
slovenia,g6_00053_14.tif,6827119,24,0.04125,4.13,0.0,0
slovenia,g6_00053_14.tif,6828983,22,0.03781,3.78,0.0,0
slovenia,g6_00053_14.tif,6884499,141,0.24235,24.24,0.0,0
slovenia,g6_00053_14.tif,6884501,52,0.08938,8.94,0.0,0
slovenia,g6_00053_14.tif,6884510,218,0.3747,37.47,0.0,0
slovenia,g6_00053_14.tif,6884525,142,0.24407,24.41,0.0,0
slovenia,g6_00053_14.tif,6884532,83,0.14266,14.27,0.0,0
slovenia,g6_00053_14.tif,6884538,49,0.08422,8.42,0.0,0
slovenia,g6_00053_14.tif,6884557,23,0.03953,3.95,0.0,0
slovenia,g6_00053_14.tif,6884577,151,0.25954,25.95,0.0,0
slovenia,g6_00053_14.tif,6951770,175,0.30079,30.08,0.0,0
slovenia,g6_00053_14.tif,6952925,83,0.14266,14.27,0.0,0
slovenia,g6_00053_14.tif,7015417,22,0.03781,3.78,0.0,0
slovenia,g6_00053_14.tif,7015418,42,0.07219,7.22,0.0,0
slovenia,g6_00053_14.tif,7019970,42,0.07219,7.22,0.0,0
slovenia,g6_00053_14.tif,7030600,202,0.3472,34.72,0.0,0
slovenia,g6_00053_14.tif,7030602,142,0.24407,24.41,0.0,0
slovenia,g6_00053_14.tif,7030603,26,0.04469,4.47,0.0,0
slovenia,g6_00053_14.tif,7043318,19,0.03266,3.27,0.0,0
slovenia,g6_00053_14.tif,7043326,171,0.29391,29.39,0.0,0
slovenia,g6_00053_14.tif,7043328,191,0.32829,32.83,0.0,0
slovenia,g6_00053_14.tif,7043335,130,0.22344,22.34,0.0,0
slovenia,g6_00053_14.tif,7043338,110,0.18907,18.91,0.0,0
slovenia,g6_00053_15.tif,6115033,56,0.09625,9.63,0.0,0
slovenia,g6_00053_15.tif,6184155,39,0.06703,6.7,0.0,0
slovenia,g6_00053_15.tif,6184671,20,0.03438,3.44,0.0,0
slovenia,g6_00053_15.tif,6216863,45,0.07735,7.73,0.0,0
slovenia,g6_00053_15.tif,6216872,40,0.06875,6.88,0.0,0
slovenia,g6_00053_15.tif,6604920,21,0.03609,3.61,0.0,0
slovenia,g6_00053_15.tif,6604921,29,0.04985,4.98,0.0,0
slovenia,g6_00053_15.tif,6605060,99,0.17016,17.02,0.0,0
slovenia,g6_00053_15.tif,6605075,27,0.04641,4.64,0.0,0
slovenia,g6_00053_15.tif,6623086,93,0.15985,15.98,0.0,0
slovenia,g6_00053_15.tif,6774478,190,0.32657,32.66,0.0,0
slovenia,g6_00053_15.tif,6831426,204,0.35063,35.06,0.0,0
slovenia,g6_00053_15.tif,6884499,238,0.40907,40.91,0.0,0
slovenia,g6_00053_15.tif,6884501,40,0.06875,6.88,0.0,0
slovenia,g6_00053_15.tif,6884516,153,0.26298,26.3,0.0,0
slovenia,g6_00053_15.tif,6884575,270,0.46407,46.41,0.0,0
slovenia,g6_00053_15.tif,6915372,31,0.05328,5.33,0.0,0
slovenia,g6_00053_15.tif,7030603,18,0.03094,3.09,0.0,0
slovenia,g6_00056_14.tif,6826642,26,0.04469,4.47,0.0,0
slovenia,g6_00056_16.tif,6698798,228,0.39189,39.19,0.0,0
slovenia,g6_00056_16.tif,6969654,101,0.1736,17.36,0.6667,1
slovenia,g6_00056_16.tif,7030510,187,0.32141,32.14,0.0,0
slovenia,g6_00056_16.tif,7030597,182,0.31282,31.28,0.0,0
slovenia,g6_00056_16.tif,7030598,148,0.25438,25.44,0.0,0
slovenia,g6_00060_17.tif,6126915,287,0.49329,49.33,0.0,0
slovenia,g6_00060_17.tif,6126918,33,0.05672,5.67,0.0,0
slovenia,g6_00060_17.tif,6126929,8,0.01375,1.38,0.0,0
slovenia,g6_00060_17.tif,6126930,27,0.04641,4.64,0.0,0
slovenia,g6_00060_17.tif,6126931,31,0.05328,5.33,0.0,0
slovenia,g6_00060_17.tif,6126932,33,0.05672,5.67,0.0,0
slovenia,g6_00060_17.tif,6126945,46,0.07906,7.91,0.0,0
slovenia,g6_00060_18.tif,6126927,151,0.25954,25.95,0.0,0
slovenia,g6_00060_18.tif,6128516,69,0.1186,11.86,0.0,0
slovenia,g6_00060_18.tif,6128518,68,0.11688,11.69,0.0,0
slovenia,g6_00060_18.tif,6128520,9,0.01547,1.55,0.0,0
slovenia,g6_00060_18.tif,6128521,73,0.12547,12.55,0.0,0
slovenia,g6_00060_18.tif,6139563,47,0.08078,8.08,0.0,0
slovenia,g6_00060_18.tif,6139566,71,0.12203,12.2,0.0,0
slovenia,g6_00060_18.tif,6139576,50,0.08594,8.59,0.0,0
slovenia,g6_00060_18.tif,6139583,28,0.04813,4.81,0.0,0
slovenia,g6_00060_18.tif,6139618,15,0.02578,2.58,0.0,0
slovenia,g6_00060_18.tif,6139744,19,0.03266,3.27,0.0,0
slovenia,g6_00060_18.tif,6142403,73,0.12547,12.55,0.02,0
slovenia,g6_00060_18.tif,6142408,63,0.10828,10.83,0.0,0
slovenia,g6_00060_18.tif,6142409,27,0.04641,4.64,0.0,0
slovenia,g6_00060_18.tif,6142411,55,0.09453,9.45,0.0,0
slovenia,g6_00060_18.tif,6142413,82,0.14094,14.09,0.0,0
slovenia,g6_00060_18.tif,6142562,26,0.04469,4.47,0.0,0
slovenia,g6_00060_18.tif,6142609,8,0.01375,1.38,0.0,0
slovenia,g6_00060_18.tif,6260964,149,0.2561,25.61,0.0,0
slovenia,g6_00060_18.tif,6260973,25,0.04297,4.3,0.0,0
slovenia,g6_00060_18.tif,6285503,42,0.07219,7.22,0.0,0
slovenia,g6_00060_18.tif,6314546,37,0.0636,6.36,0.0,0
slovenia,g6_00060_18.tif,6460914,114,0.19594,19.59,0.0,0
slovenia,g6_00060_18.tif,6460916,15,0.02578,2.58,0.0,0
slovenia,g6_00060_18.tif,6460917,50,0.08594,8.59,0.0,0
slovenia,g6_00060_18.tif,6461064,34,0.05844,5.84,0.0,0
slovenia,g6_00060_18.tif,6461086,30,0.05156,5.16,0.0,0
slovenia,g6_00060_18.tif,6498371,41,0.07047,7.05,0.0,0
slovenia,g6_00060_18.tif,6498373,31,0.05328,5.33,0.0,0
slovenia,g6_00060_18.tif,6498445,28,0.04813,4.81,0.0,0
slovenia,g6_00060_18.tif,6498558,42,0.07219,7.22,0.0,0
slovenia,g6_00060_18.tif,6607430,9,0.01547,1.55,0.0,0
slovenia,g6_00060_18.tif,6620126,41,0.07047,7.05,0.0,0
slovenia,g6_00061_0.tif,6139573,132,0.22688,22.69,0.0,0
slovenia,g6_00061_0.tif,6142403,41,0.07047,7.05,0.0,0
slovenia,g6_00061_0.tif,6142404,45,0.07735,7.73,0.0,0
slovenia,g6_00061_0.tif,6176161,32,0.055,5.5,0.0,0
slovenia,g6_00061_0.tif,6176164,95,0.16329,16.33,0.0,0
slovenia,g6_00061_0.tif,6176166,23,0.03953,3.95,0.0,0
slovenia,g6_00061_0.tif,6285501,88,0.15125,15.13,0.0,0
slovenia,g6_00061_0.tif,6285506,66,0.11344,11.34,0.0,0
slovenia,g6_00061_0.tif,6285622,39,0.06703,6.7,0.0,0
slovenia,g6_00061_0.tif,6607430,49,0.08422,8.42,0.0,0
slovenia,g6_00061_0.tif,6611795,82,0.14094,14.09,0.0,0
slovenia,g6_00061_0.tif,6612479,202,0.3472,34.72,0.0,0
slovenia,g6_00061_0.tif,6648423,27,0.04641,4.64,0.0,0
slovenia,g6_00061_0.tif,6648424,48,0.0825,8.25,0.0,0
slovenia,g6_00061_0.tif,6650066,172,0.29563,29.56,0.0,0
slovenia,g6_00061_0.tif,6650076,76,0.13063,13.06,0.0,0
slovenia,g6_00061_0.tif,6671553,7,0.01203,1.2,0.0,0
slovenia,g6_00061_0.tif,6671554,49,0.08422,8.42,0.0,0
slovenia,g6_00061_0.tif,6673026,49,0.08422,8.42,0.0,0
slovenia,g6_00061_0.tif,6673029,49,0.08422,8.42,0.0,0
slovenia,g6_00061_0.tif,6673157,47,0.08078,8.08,0.0,0
slovenia,g6_00061_0.tif,6673158,35,0.06016,6.02,0.0,0
slovenia,g6_00061_0.tif,6673277,146,0.25094,25.09,0.0177,0
slovenia,g6_00061_0.tif,6704599,446,0.76658,76.66,0.0,0
slovenia,g6_00061_0.tif,6716066,906,1.55723,155.72,0.8222,1
slovenia,g6_00061_0.tif,6719536,1493,2.56616,256.62,0.6135,1
slovenia,g6_00061_0.tif,6719835,446,0.76658,76.66,0.1717,0
slovenia,g6_00061_0.tif,6719879,886,1.52285,152.29,0.0156,0
slovenia,g6_00061_0.tif,6772468,44,0.07563,7.56,0.0,0
slovenia,g6_00061_0.tif,6934832,52,0.08938,8.94,0.0,0
slovenia,g6_00061_0.tif,6998732,25,0.04297,4.3,0.0,0
slovenia,g6_00064_1.tif,6297076,199,0.34204,34.2,0.0,0
slovenia,g6_00064_1.tif,6297174,92,0.15813,15.81,0.0,0
slovenia,g6_00064_1.tif,6297284,30,0.05156,5.16,0.0,0
slovenia,g6_00064_1.tif,6497111,25,0.04297,4.3,0.1667,0
slovenia,g6_00064_1.tif,6497112,90,0.15469,15.47,0.0,0
slovenia,g6_00064_1.tif,6497113,59,0.10141,10.14,0.0,0
slovenia,g6_00064_1.tif,6497114,85,0.1461,14.61,0.0,0
slovenia,g6_00064_1.tif,6497121,124,0.21313,21.31,0.0,0
slovenia,g6_00064_1.tif,6497126,178,0.30595,30.59,0.0,0
slovenia,g6_00064_1.tif,6497129,125,0.21485,21.48,0.0,0
slovenia,g6_00064_1.tif,6497133,50,0.08594,8.59,0.0,0
slovenia,g6_00064_1.tif,6497345,67,0.11516,11.52,0.0,0
slovenia,g6_00064_1.tif,6611712,203,0.34892,34.89,0.0,0
slovenia,g6_00064_1.tif,6611717,94,0.16157,16.16,0.0,0
slovenia,g6_00064_1.tif,6611747,305,0.52423,52.42,0.6667,1
slovenia,g6_00064_1.tif,6611751,141,0.24235,24.24,0.0,0
slovenia,g6_00064_1.tif,6611752,215,0.36954,36.95,0.0,0
slovenia,g6_00064_1.tif,6611758,125,0.21485,21.48,0.0,0
slovenia,g6_00064_1.tif,6611761,97,0.16672,16.67,0.2636,0
slovenia,g6_00064_1.tif,6611764,27,0.04641,4.64,0.0,0
slovenia,g6_00064_1.tif,6611767,134,0.23032,23.03,0.0,0
slovenia,g6_00064_1.tif,6611772,32,0.055,5.5,0.0,0
slovenia,g6_00064_1.tif,6611783,95,0.16329,16.33,0.0,0
slovenia,g6_00064_1.tif,6611797,86,0.14782,14.78,0.1,0
slovenia,g6_00064_1.tif,6611814,66,0.11344,11.34,0.0,0
slovenia,g6_00064_1.tif,6612229,83,0.14266,14.27,0.0,0
slovenia,g6_00064_1.tif,6612348,3,0.00516,0.52,0.0,0
slovenia,g6_00064_1.tif,6673010,211,0.36267,36.27,0.0,0
slovenia,g6_00064_1.tif,6673011,65,0.11172,11.17,0.4405,0
slovenia,g6_00064_1.tif,6673015,189,0.32485,32.49,0.1306,0
slovenia,g6_00064_1.tif,6673024,95,0.16329,16.33,0.0,0
slovenia,g6_00064_1.tif,6673121,118,0.20282,20.28,0.0,0
slovenia,g6_00064_1.tif,6673122,153,0.26298,26.3,0.0,0
slovenia,g6_00064_1.tif,6673277,1699,2.92023,292.02,0.0,0
slovenia,g6_00064_1.tif,6682712,80,0.1375,13.75,0.0,0
slovenia,g6_00064_1.tif,6719536,140,0.24063,24.06,0.0,0
slovenia,g6_00064_1.tif,6998728,76,0.13063,13.06,0.0,0
slovenia,g6_00064_1.tif,6998729,287,0.49329,49.33,0.0,0
slovenia,g6_00064_1.tif,6998856,18,0.03094,3.09,0.0,0
slovenia,g6_00064_1.tif,6998909,45,0.07735,7.73,0.0,0
