chip,parcel_id,width_m,best_iou,found
g13_00002_16.tif,6402188,12.35,0.0,0
g13_00002_16.tif,6983393,28.81,0.0,0
g13_00002_16.tif,7079929,25.02,0.0,0
g13_00002_17.tif,6113948,23.46,0.0,0
g13_00002_18.tif,6157272,10.45,0.0,0
g13_00003_12.tif,6166700,29.0,0.0,0
g13_00003_12.tif,6166702,29.0,0.0,0
g13_00003_12.tif,6166704,16.33,0.0,0
g13_00003_12.tif,6490468,16.33,0.0,0
g13_00003_12.tif,6490470,10.45,0.0,0
g13_00003_12.tif,6514417,92.0,0.0,0
g13_00003_12.tif,6514421,32.85,0.0,0
g13_00003_12.tif,6514422,51.07,0.0,0
g13_00003_12.tif,6572178,39.65,0.0,0
g13_00003_12.tif,6737064,31.91,0.0,0
g13_00003_12.tif,6910737,16.33,0.0,0
g13_00003_12.tif,6910738,23.46,0.0,0
g13_00003_12.tif,6910741,10.45,0.0,0
g13_00003_12.tif,6910746,43.75,0.0,0
g13_00003_13.tif,6166702,23.46,0.0,0
g13_00003_13.tif,6324650,21.28,0.0,0
g13_00003_13.tif,6324653,10.45,0.0,0
g13_00003_13.tif,6524321,30.43,0.0,0
g13_00003_13.tif,6524323,31.91,0.0,0
g13_00003_13.tif,6524324,10.45,0.0,0
g13_00003_13.tif,6524325,35.54,0.0,0
g13_00003_13.tif,6737065,36.79,0.0,0
g13_00003_13.tif,6737066,29.0,0.0,0
g13_00003_14.tif,6145881,16.33,0.0,0
g13_00003_14.tif,6145882,98.14,0.0,0
g13_00003_14.tif,6145886,4.14,0.0,0
g13_00003_14.tif,6145887,10.45,0.0,0
g13_00003_14.tif,6145890,43.93,0.0,0
g13_00003_14.tif,6145891,31.91,0.0,0
g13_00003_14.tif,6145892,49.97,0.0,0
g13_00003_14.tif,6145893,31.91,0.0,0
g13_00003_14.tif,6199100,20.71,0.0,0
g13_00003_14.tif,6394110,16.33,0.0,0
g13_00003_14.tif,6446137,19.89,0.0,0
g13_00003_14.tif,6537426,16.33,0.0,0
g13_00003_14.tif,6560698,65.01,0.0,0
g13_00003_14.tif,6560699,43.75,0.0,0
g13_00003_14.tif,6774220,10.45,0.0,0
g13_00003_14.tif,6774225,16.33,0.0,0
g13_00003_14.tif,6872553,64.48,0.0,0
g13_00003_14.tif,7019528,10.45,0.0,0
g13_00003_14.tif,7019531,43.75,0.0,0
g13_00003_18.tif,6133722,75.21,0.8835,1
g13_00003_18.tif,6146415,38.99,0.0,0
g13_00003_18.tif,6146416,37.28,0.0,0
g13_00003_18.tif,6224238,82.12,0.3147,0
g13_00003_18.tif,6224239,19.89,0.015,0
g13_00003_18.tif,6224304,66.36,0.6422,1
g13_00003_18.tif,6224344,29.0,0.0,0
g13_00003_18.tif,6224464,20.71,0.0,0
g13_00003_18.tif,6625264,78.7,0.8055,1
g13_00003_18.tif,6736122,77.73,0.2534,0
g13_00003_18.tif,6862344,81.6,0.8916,1
g13_00003_18.tif,6862375,264.13,0.9511,1
g13_00003_18.tif,6862397,180.07,0.6878,1
g13_00003_18.tif,6862405,19.89,0.0253,0
g13_00003_18.tif,6862407,104.02,0.7602,1
g13_00003_18.tif,6862425,7.88,0.0041,0
g13_00003_18.tif,6953125,143.83,0.0,0
g13_00003_18.tif,6953150,55.95,0.6304,1
g13_00003_18.tif,6970149,128.96,0.0,0
g13_00004_0.tif,6090653,16.33,0.0,0
g13_00004_0.tif,6090654,25.05,0.0,0
g13_00004_0.tif,6090658,10.45,0.0,0
g13_00004_0.tif,6111251,7.88,0.0,0
g13_00004_0.tif,6111252,25.05,0.0,0
g13_00004_0.tif,6208423,16.33,0.0,0
g13_00004_0.tif,6316528,43.75,0.0,0
g13_00004_0.tif,6316531,7.88,0.0,0
g13_00004_0.tif,6707003,56.51,0.6398,1
g13_00004_0.tif,6707008,37.28,0.2424,0
g13_00004_0.tif,6788595,20.71,0.5902,1
g13_00004_0.tif,6788596,103.56,0.0,0
g13_00004_0.tif,6862344,67.96,0.3539,0
g13_00004_0.tif,6862365,172.11,0.3301,0
g13_00004_0.tif,6862366,128.05,0.8618,1
g13_00004_0.tif,6862373,274.24,0.6382,1
g13_00004_0.tif,6862394,204.15,0.9201,1
g13_00004_0.tif,6862396,176.35,0.9222,1
g13_00004_0.tif,6862397,4.14,0.0,0
g13_00004_0.tif,6910498,137.21,0.8072,1
g13_00004_0.tif,6987753,43.93,0.0,0
g13_00004_0.tif,7044089,55.95,0.0,0
g13_00004_0.tif,7044092,59.31,0.1719,0
g13_00004_0.tif,7049957,16.33,0.0,0
g13_00004_1.tif,6090656,108.13,0.8145,1
g13_00004_1.tif,6094132,39.65,0.0,0
g13_00004_1.tif,6094133,10.45,0.0,0
g13_00004_1.tif,6094134,10.45,0.0,0
g13_00004_1.tif,6094137,55.08,0.0,0
g13_00004_1.tif,6094214,55.95,0.8482,1
g13_00004_1.tif,6165385,148.98,0.701,1
g13_00004_1.tif,6165391,59.31,0.0,0
g13_00004_1.tif,6267989,176.12,0.9015,1
g13_00004_1.tif,6420102,20.71,0.0058,0
g13_00004_1.tif,6443932,7.88,0.0,0
g13_00004_1.tif,6443934,86.21,0.8164,1
g13_00004_1.tif,6443941,71.18,0.8,1
g13_00004_1.tif,6443952,25.05,0.4218,0
g13_00004_1.tif,6444032,30.43,0.7235,1
g13_00004_1.tif,6444073,36.79,0.5623,1
g13_00004_1.tif,6444273,88.39,0.537,1
g13_00004_1.tif,6444289,80.39,0.6167,1
g13_00004_1.tif,6444732,179.7,0.5197,1
g13_00004_1.tif,6503716,55.08,0.8828,1
g13_00004_1.tif,6503721,55.08,0.8453,1
g13_00004_1.tif,6503913,55.08,0.7412,1
g13_00004_1.tif,6503966,7.88,0.0,0
g13_00004_1.tif,6504115,72.13,0.781,1
g13_00004_1.tif,6504116,74.2,0.7869,1
g13_00004_1.tif,6504194,50.77,0.8085,1
g13_00004_1.tif,6559607,43.93,0.5328,1
g13_00004_1.tif,6578268,78.7,0.8051,1
g13_00004_1.tif,6578397,50.77,0.697,1
g13_00004_1.tif,6578410,83.58,0.0515,0
g13_00004_1.tif,6578413,51.07,0.6806,1
g13_00004_1.tif,6578415,12.43,0.1345,0
g13_00004_1.tif,6581409,156.63,0.0,0
g13_00004_1.tif,6581410,10.45,0.0,0
g13_00004_1.tif,6581411,23.46,0.0,0
g13_00004_1.tif,6689417,31.91,0.6008,1
g13_00004_1.tif,6707003,53.85,0.6084,1
g13_00004_1.tif,6707008,35.54,0.2752,0
g13_00004_1.tif,6788595,128.05,0.8531,1
g13_00004_1.tif,6788596,23.46,0.0,0
g13_00004_1.tif,6862312,272.76,0.9521,1
g13_00004_1.tif,6862365,200.21,0.9418,1
g13_00004_1.tif,6862373,141.02,0.9113,1
g13_00004_1.tif,6862379,264.13,0.9257,1
g13_00004_1.tif,6862393,122.97,0.8868,1
g13_00004_1.tif,6917340,84.57,0.8088,1
g13_00004_1.tif,6945580,21.28,0.0856,0
g13_00004_1.tif,6945581,35.54,0.0,0
g13_00004_1.tif,6961800,43.93,0.774,1
g13_00004_1.tif,6961802,49.97,0.3776,0
g13_00004_1.tif,7044089,62.13,0.7893,1
g13_00005_10.tif,6689886,59.08,0.0,0
g13_00005_11.tif,6689885,19.73,0.0,0
g13_00005_9.tif,7079929,21.14,0.0,0
g13_00006_11.tif,6085712,62.15,0.0,0
g13_00006_11.tif,6085714,16.28,0.0,0
g13_00006_11.tif,6085715,82.1,0.0,0
g13_00006_11.tif,6093619,70.44,0.0,0
g13_00006_11.tif,6093620,105.39,0.0,0
g13_00006_11.tif,6093628,136.73,0.0,0
g13_00006_11.tif,6109021,16.28,0.0,0
g13_00006_11.tif,6645080,4.14,0.0,0
g13_00006_11.tif,6953134,111.84,0.0,0
g13_00006_11.tif,6987751,109.38,0.0,0
g13_00006_11.tif,6995387,122.23,0.0,0
g13_00006_11.tif,6995390,31.67,0.0,0
g13_00006_12.tif,6085722,32.62,0.0,0
g13_00006_12.tif,6089770,91.37,0.0,0
g13_00006_12.tif,6089772,36.71,0.0,0
g13_00006_12.tif,6093624,109.38,0.5686,1
g13_00006_12.tif,6093625,125.22,0.0,0
g13_00006_12.tif,6093628,57.81,0.0,0
g13_00006_12.tif,6093632,66.32,0.0577,0
g13_00006_12.tif,6109021,132.2,0.0,0
g13_00006_12.tif,6109028,67.49,0.0,0
g13_00006_12.tif,6111252,24.92,0.0,0
g13_00006_12.tif,6166271,24.92,0.0,0
g13_00006_12.tif,6166272,4.14,0.0,0
g13_00006_12.tif,6166273,16.28,0.0,0
g13_00006_12.tif,6166275,43.61,0.0,0
g13_00006_12.tif,6166276,55.55,0.0,0
g13_00006_12.tif,6378684,12.43,0.0,0
g13_00006_12.tif,6378686,74.17,0.0,0
g13_00006_12.tif,6445437,21.13,0.0,0
g13_00006_12.tif,6445438,16.28,0.0,0
g13_00006_12.tif,6466917,89.14,0.0247,0
g13_00006_12.tif,6466921,12.43,0.0,0
g13_00006_12.tif,6625247,98.76,0.3737,0
g13_00006_12.tif,6645080,4.14,0.0,0
g13_00006_12.tif,6733272,43.61,0.0,0
g13_00006_12.tif,6733273,43.68,0.0,0
g13_00006_12.tif,6733275,16.28,0.0,0
g13_00006_12.tif,6733747,31.67,0.0,0
g13_00006_12.tif,6733959,10.39,0.0,0
g13_00006_12.tif,6802503,36.71,0.0,0
g13_00006_12.tif,6803482,36.71,0.0,0
g13_00006_12.tif,6879486,85.07,0.0,0
g13_00006_12.tif,6916073,64.03,0.0,0
g13_00006_12.tif,6987753,24.92,0.0,0
g13_00006_12.tif,7049945,91.5,0.0,0
g13_00006_12.tif,7049954,36.71,0.0,0
g13_00006_12.tif,7049957,73.55,0.0,0
g13_00006_12.tif,7049958,85.07,0.0,0
g13_00006_13.tif,6115133,64.14,0.9152,1
g13_00006_13.tif,6115134,39.46,0.4747,0
g13_00006_13.tif,6115178,31.09,0.5256,1
g13_00006_13.tif,6115225,36.71,0.0842,0
g13_00006_13.tif,6165385,24.92,0.0,0
g13_00006_13.tif,6166271,10.39,0.0,0
g13_00006_13.tif,6166272,39.46,0.0,0
g13_00006_13.tif,6166273,10.39,0.0,0
g13_00006_13.tif,6166275,92.8,0.7211,1
g13_00006_13.tif,6166279,10.39,0.0,0
g13_00006_13.tif,6227446,53.99,0.0,0
g13_00006_13.tif,6378684,91.73,0.7264,1
g13_00006_13.tif,6378686,46.41,0.0,0
g13_00006_13.tif,6378689,43.68,0.698,1
g13_00006_13.tif,6378690,36.71,0.25,0
g13_00006_13.tif,6378692,10.39,0.0,0
g13_00006_13.tif,6420102,68.52,0.647,1
g13_00006_13.tif,6420112,16.28,0.0,0
g13_00006_13.tif,6420113,16.28,0.0,0
g13_00006_13.tif,6420114,20.72,0.0,0
g13_00006_13.tif,6420115,31.67,0.0,0
g13_00006_13.tif,6420116,16.28,0.0,0
g13_00006_13.tif,6443934,58.59,0.7364,1
g13_00006_13.tif,6476900,78.61,0.1908,0
g13_00006_13.tif,6476901,24.92,0.4393,0
g13_00006_13.tif,6476908,78.61,0.0,0
g13_00006_13.tif,6496620,24.92,0.3857,0
g13_00006_13.tif,6496622,63.22,0.0,0
g13_00006_13.tif,6496623,70.44,0.8213,1
g13_00006_13.tif,6496626,66.32,0.8144,1
g13_00006_13.tif,6496631,16.28,0.0,0
g13_00006_13.tif,6496632,19.73,0.0,0
g13_00006_13.tif,6496741,23.44,0.0571,0
g13_00006_13.tif,6503716,7.8,0.5909,1
g13_00006_13.tif,6503722,71.39,0.8237,1
g13_00006_13.tif,6503723,21.13,0.0,0
g13_00006_13.tif,6503725,59.08,0.6018,1
g13_00006_13.tif,6503726,55.08,0.6295,1
g13_00006_13.tif,6503729,31.67,0.6261,1
g13_00006_13.tif,6503910,86.13,0.8314,1
g13_00006_13.tif,6503913,79.58,0.9105,1
g13_00006_13.tif,6503966,10.39,0.0,0
g13_00006_13.tif,6504062,85.76,0.8499,1
g13_00006_13.tif,6504063,91.39,0.7425,1
g13_00006_13.tif,6504064,21.13,0.0,0
g13_00006_13.tif,6523596,36.71,0.0,0
g13_00006_13.tif,6578410,46.99,0.0,0
g13_00006_13.tif,6625271,62.15,0.755,1
g13_00006_13.tif,6668356,83.05,0.0,0
g13_00006_13.tif,6715455,139.43,0.6674,1
g13_00006_13.tif,6715465,44.33,0.0,0
g13_00006_13.tif,6888878,53.86,0.0,0
g13_00006_13.tif,6888881,7.8,0.0,0
g13_00006_13.tif,6888882,24.92,0.0,0
g13_00006_13.tif,6888883,37.29,0.0,0
g13_00006_13.tif,6917369,70.44,0.0,0
g13_00006_13.tif,6917377,55.08,0.6678,1
g13_00006_13.tif,6917383,16.28,0.0,0
g13_00006_13.tif,6945577,23.44,0.0,0
g13_00006_5.tif,6098813,16.28,0.0,0
g13_00006_5.tif,6098814,12.43,0.0,0
g13_00006_5.tif,6166701,49.7,0.0,0
g13_00006_5.tif,6469566,16.28,0.0,0
g13_00006_5.tif,6649668,35.32,0.0,0
g13_00006_5.tif,6649670,30.33,0.0,0
g13_00006_5.tif,6649671,16.28,0.0,0
g13_00006_5.tif,6649672,36.71,0.0,0
g13_00006_5.tif,6649673,39.46,0.0,0
g13_00006_5.tif,6649818,10.39,0.0,0
g13_00006_5.tif,6895511,43.68,0.0,0
g13_00006_5.tif,6895518,23.44,0.0,0
g13_00006_5.tif,6899202,30.33,0.0,0
g13_00006_5.tif,6899203,24.92,0.0,0
g13_00006_5.tif,6899212,30.33,0.0,0
g13_00006_5.tif,6899213,10.39,0.0,0
g13_00006_6.tif,6098812,38.98,0.0,0
g13_00006_6.tif,6098814,4.14,0.0,0
g13_00006_6.tif,6098816,44.66,0.0,0
g13_00006_6.tif,6537427,21.13,0.0,0
g13_00006_7.tif,6338980,74.17,0.0,0
g13_00006_7.tif,6446137,31.67,0.0,0
g13_00006_7.tif,6793026,10.39,0.0,0
g13_00006_7.tif,6793028,21.13,0.0,0
g13_00006_7.tif,6793029,45.58,0.0,0
g13_00006_7.tif,6793030,12.43,0.0,0
g13_00006_7.tif,6793031,4.14,0.0,0
g13_00006_7.tif,6801711,29.0,0.0,0
g13_00006_7.tif,6801712,29.0,0.0,0
g13_00016_0.tif,6102575,21.29,0.0,0
g13_00016_0.tif,6220602,12.36,0.0,0
g13_00016_0.tif,6243944,10.45,0.0,0
g13_00016_0.tif,6243948,43.58,0.0,0
g13_00016_0.tif,6248570,21.29,0.0,0
g13_00016_0.tif,6309752,25.02,0.0,0
g13_00016_0.tif,6343333,30.36,0.0,0
g13_00016_0.tif,6959166,38.8,0.0,0
g13_00016_1.tif,6243948,19.89,0.0,0
g13_00017_17.tif,6092968,21.28,0.6906,1
g13_00017_17.tif,6112021,23.49,0.3654,0
g13_00017_17.tif,6164514,92.35,0.3484,0
g13_00017_17.tif,6168691,29.03,0.0,0
g13_00017_17.tif,6168692,30.45,0.0,0
g13_00017_17.tif,6168693,25.06,0.0,0
g13_00017_17.tif,6168694,64.49,0.6632,1
g13_00017_17.tif,6193419,36.82,0.6404,1
g13_00017_17.tif,6239504,21.28,0.1608,0
g13_00017_17.tif,6239505,44.63,0.25,0
g13_00017_17.tif,6239746,23.49,0.064,0
g13_00017_17.tif,6241660,63.29,0.6508,1
g13_00017_17.tif,6257963,47.05,0.7582,1
g13_00017_17.tif,6257967,25.06,0.0,0
g13_00017_17.tif,6298597,39.66,0.0,0
g13_00017_17.tif,6298647,21.28,0.0,0
g13_00017_17.tif,6335164,25.06,0.5099,1
g13_00017_17.tif,6335165,19.89,0.1935,0
g13_00017_17.tif,6357855,78.8,0.8982,1
g13_00017_17.tif,6357856,101.72,0.7392,1
g13_00017_17.tif,6357859,4.15,0.0,0
g13_00017_17.tif,6368730,31.14,0.3245,0
g13_00017_17.tif,6373005,37.33,0.7143,1
g13_00017_17.tif,6373841,25.06,0.0,0
g13_00017_17.tif,6373935,21.28,0.0,0
g13_00017_17.tif,6373937,16.34,0.0,0
g13_00017_17.tif,6373938,23.49,0.0,0
g13_00017_17.tif,6373939,12.44,0.0,0
g13_00017_17.tif,6410172,64.49,0.1839,0
g13_00017_17.tif,6469623,7.87,0.0,0
g13_00017_17.tif,6469625,21.28,0.0413,0
g13_00017_17.tif,6469709,29.03,0.6774,1
g13_00017_17.tif,6477163,31.9,0.0,0
g13_00017_17.tif,6477164,71.23,0.8485,1
g13_00017_17.tif,6477167,35.54,0.5972,1
g13_00017_17.tif,6477168,16.34,0.004,0
g13_00017_17.tif,6500731,4.15,0.0,0
g13_00017_17.tif,6606604,19.89,0.0,0
g13_00017_17.tif,6617028,30.45,0.5156,1
g13_00017_17.tif,6639520,88.43,0.8551,1
g13_00017_17.tif,6639522,66.43,0.7299,1
g13_00017_17.tif,6639523,77.79,0.5044,1
g13_00017_17.tif,6639526,162.22,0.8639,1
g13_00017_17.tif,6639528,91.69,0.7982,1
g13_00017_17.tif,6639530,104.11,0.4162,0
g13_00017_17.tif,6639538,79.03,0.8783,1
g13_00017_17.tif,6639542,58.7,0.7178,1
g13_00017_17.tif,6639546,81.59,0.7338,1
g13_00017_17.tif,6639548,69.84,0.3543,0
g13_00017_17.tif,6639554,54.26,0.0,0
g13_00017_17.tif,6639759,20.74,0.0584,0
g13_00017_17.tif,6647091,57.31,0.4917,0
g13_00017_17.tif,6647092,39.66,0.0,0
g13_00017_17.tif,6658340,100.56,0.502,1
g13_00017_17.tif,6658343,71.47,0.0,0
g13_00017_17.tif,6668555,145.65,0.8544,1
g13_00017_17.tif,6668562,23.49,0.0,0
g13_00017_17.tif,6676156,30.45,0.0,0
g13_00017_17.tif,6676158,97.56,0.8218,1
g13_00017_17.tif,6676159,64.49,0.6764,1
g13_00017_17.tif,6713230,88.43,0.7517,1
g13_00017_17.tif,6717412,55.94,0.7139,1
g13_00017_17.tif,6717413,30.45,0.0,0
g13_00017_17.tif,6717423,50.81,0.6246,1
g13_00017_17.tif,6717424,36.82,0.0,0
g13_00017_17.tif,6717427,32.85,0.5333,1
g13_00017_17.tif,6717437,39.03,0.586,1
g13_00017_17.tif,6846301,54.26,0.0,0
g13_00017_17.tif,6846303,43.79,0.0,0
g13_00017_17.tif,6846341,67.96,0.7771,1
g13_00017_17.tif,6846357,4.15,0.0616,0
g13_00017_17.tif,6853088,90.21,0.791,1
g13_00017_17.tif,6853106,21.28,0.0,0
g13_00017_17.tif,6881114,95.39,0.399,0
g13_00017_17.tif,6940227,99.64,0.771,1
g13_00017_17.tif,6940228,63.29,0.7804,1
g13_00017_18.tif,6084205,43.79,0.0,0
g13_00017_18.tif,6084321,88.43,0.876,1
g13_00017_18.tif,6084429,19.89,0.0,0
g13_00017_18.tif,6092954,104.01,0.7493,1
g13_00017_18.tif,6092968,19.89,0.2081,0
g13_00017_18.tif,6092971,23.49,0.6364,1
g13_00017_18.tif,6092977,31.9,0.0,0
g13_00017_18.tif,6092979,23.49,0.3377,0
g13_00017_18.tif,6108633,54.26,0.7049,1
g13_00017_18.tif,6109207,31.9,0.3025,0
g13_00017_18.tif,6109287,25.06,0.314,0
g13_00017_18.tif,6109328,55.94,0.6927,1
g13_00017_18.tif,6109658,57.31,0.8571,1
g13_00017_18.tif,6112017,36.82,0.8207,1
g13_00017_18.tif,6112019,10.45,0.0,0
g13_00017_18.tif,6112020,4.15,0.0047,0
g13_00017_18.tif,6112022,31.14,0.0078,0
g13_00017_18.tif,6112905,49.98,0.7075,1
g13_00017_18.tif,6131465,91.99,0.8209,1
g13_00017_18.tif,6131467,77.79,0.2707,0
g13_00017_18.tif,6146992,55.15,0.5057,1
g13_00017_18.tif,6146993,67.96,0.75,1
g13_00017_18.tif,6151740,30.45,0.7725,1
g13_00017_18.tif,6151741,20.74,0.0045,0
g13_00017_18.tif,6151743,112.67,0.7686,1
g13_00017_18.tif,6151793,32.85,0.5566,1
g13_00017_18.tif,6164514,44.85,0.6937,1
g13_00017_18.tif,6164517,31.14,0.0,0
g13_00017_18.tif,6168840,20.74,0.5665,1
g13_00017_18.tif,6168893,77.79,0.726,1
g13_00017_18.tif,6168940,30.45,0.3435,0
g13_00017_18.tif,6169057,16.34,0.1129,0
g13_00017_18.tif,6169713,50.81,0.6981,1
g13_00017_18.tif,6193417,31.9,0.3684,0
g13_00017_18.tif,6212727,10.45,0.0,0
g13_00017_18.tif,6232871,36.82,0.5493,1
g13_00017_18.tif,6232876,12.44,0.0,0
g13_00017_18.tif,6232954,36.82,0.5442,1
g13_00017_18.tif,6239505,44.63,0.6959,1
g13_00017_18.tif,6239507,51.12,0.7593,1
g13_00017_18.tif,6239509,16.34,0.0,0
g13_00017_18.tif,6239511,10.45,0.0,0
g13_00017_18.tif,6239512,30.45,0.0,0
g13_00017_18.tif,6239524,16.34,0.0661,0
g13_00017_18.tif,6239528,25.06,0.0,0
g13_00017_18.tif,6239746,31.9,0.1171,0
g13_00017_18.tif,6297786,21.28,0.085,0
g13_00017_18.tif,6297788,19.89,0.6818,1
g13_00017_18.tif,6297790,21.28,0.4677,0
g13_00017_18.tif,6297791,12.44,0.0,0
g13_00017_18.tif,6297926,158.24,0.2386,0
g13_00017_18.tif,6298613,64.2,0.2154,0
g13_00017_18.tif,6298617,54.26,0.729,1
g13_00017_18.tif,6298624,10.45,0.0,0
g13_00017_18.tif,6309519,43.79,0.0,0
g13_00017_18.tif,6309520,50.81,0.0,0
g13_00017_18.tif,6373003,30.45,0.0,0
g13_00017_18.tif,6373005,68.86,0.5606,1
g13_00017_18.tif,6375580,10.45,0.0167,0
g13_00017_18.tif,6375581,20.74,0.3061,0
g13_00017_18.tif,6410172,7.87,0.0,0
g13_00017_18.tif,6411008,50.81,0.5974,1
g13_00017_18.tif,6411743,64.2,0.6742,1
g13_00017_18.tif,6500714,75.23,0.7658,1
g13_00017_18.tif,6500724,43.92,0.7455,1
g13_00017_18.tif,6500731,44.85,0.68,1
g13_00017_18.tif,6500739,30.45,0.6087,1
g13_00017_18.tif,6606637,47.05,0.4836,0
g13_00017_18.tif,6606662,50.81,0.4345,0
g13_00017_18.tif,6606913,57.31,0.4771,0
g13_00017_18.tif,6615112,55.94,0.7157,1
g13_00017_18.tif,6622108,31.9,0.4164,0
g13_00017_18.tif,6630066,36.82,0.7741,1
g13_00017_18.tif,6639549,49.98,0.6087,1
g13_00017_18.tif,6645614,36.82,0.7826,1
g13_00017_18.tif,6704745,39.66,0.4532,0
g13_00017_18.tif,6704749,19.89,0.0,0
g13_00017_18.tif,6712320,45.62,0.6218,1
g13_00017_18.tif,6713230,30.45,0.7391,1
g13_00017_18.tif,6713269,30.45,0.4492,0
g13_00017_18.tif,6713276,16.34,0.0361,0
g13_00017_18.tif,6713286,23.49,0.1554,0
g13_00017_18.tif,6714168,10.45,0.0187,0
g13_00017_18.tif,6717422,59.34,0.5757,1
g13_00017_18.tif,6717427,30.45,0.7121,1
g13_00017_18.tif,6717449,64.49,0.748,1
g13_00017_18.tif,6717456,31.14,0.3208,0
g13_00017_18.tif,6717457,31.9,0.048,0
g13_00017_18.tif,6800797,47.05,0.7011,1
g13_00017_18.tif,6800800,21.28,0.3923,0
g13_00017_18.tif,6800801,16.34,0.0,0
g13_00017_18.tif,6853092,83.47,0.788,1
g13_00017_18.tif,6853094,12.44,0.0,0
g13_00017_18.tif,6853097,64.49,0.3909,0
g13_00017_18.tif,6853113,16.34,0.2078,0
g13_00017_18.tif,6862171,45.62,0.7717,1
g13_00017_18.tif,6873507,93.96,0.6655,1
g13_00017_18.tif,6873509,23.49,0.1254,0
g13_00017_18.tif,6873510,21.28,0.1366,0
g13_00017_18.tif,6881114,62.21,0.4552,0
g13_00017_18.tif,6881124,83.47,0.7403,1
g13_00017_18.tif,6944704,55.94,0.5714,1
g13_00017_18.tif,6944766,36.82,0.6782,1
g13_00017_18.tif,6944796,23.49,0.0133,0
g13_00017_18.tif,6955933,77.79,0.4459,0
g13_00018_0.tif,6084416,62.89,0.1638,0
g13_00018_0.tif,6108638,30.97,0.6489,1
g13_00018_0.tif,6109333,23.37,0.4811,0
g13_00018_0.tif,6109654,93.58,0.6104,1
g13_00018_0.tif,6109656,117.3,0.5547,1
g13_00018_0.tif,6109658,20.6,0.2155,0
g13_00018_0.tif,6109660,54.17,0.4817,0
g13_00018_0.tif,6109661,63.91,0.7627,1
g13_00018_0.tif,6109663,21.29,0.0,0
g13_00018_0.tif,6109720,10.45,0.0213,0
g13_00018_0.tif,6112020,16.28,0.6871,1
g13_00018_0.tif,6120345,10.45,0.0515,0
g13_00018_0.tif,6131462,122.92,0.6425,1
g13_00018_0.tif,6131465,62.89,0.875,1
g13_00018_0.tif,6131472,64.41,0.6545,1
g13_00018_0.tif,6131477,28.84,0.6545,1
g13_00018_0.tif,6131479,21.29,0.119,0
g13_00018_0.tif,6139993,49.93,0.3237,0
g13_00018_0.tif,6139998,58.19,0.7553,1
g13_00018_0.tif,6140001,53.57,0.7453,1
g13_00018_0.tif,6140002,43.95,0.0942,0
g13_00018_0.tif,6140004,19.91,0.0669,0
g13_00018_0.tif,6168848,54.8,0.3978,0
g13_00018_0.tif,6226124,61.81,0.6547,1
g13_00018_0.tif,6250816,45.33,0.2558,0
g13_00018_0.tif,6279233,58.37,0.345,0
g13_00018_0.tif,6279236,35.52,0.5407,1
g13_00018_0.tif,6279360,50.86,0.5938,1
g13_00018_0.tif,6279379,10.45,0.0394,0
g13_00018_0.tif,6301286,78.35,0.0,0
g13_00018_0.tif,6301290,62.89,0.7327,1
g13_00018_0.tif,6301291,44.65,0.2839,0
g13_00018_0.tif,6301293,28.84,0.0068,0
g13_00018_0.tif,6307194,103.01,0.653,1
g13_00018_0.tif,6307196,54.17,0.6867,1
g13_00018_0.tif,6307199,36.68,0.1855,0
g13_00018_0.tif,6307200,30.97,0.0,0
g13_00018_0.tif,6307325,32.86,0.8061,1
g13_00018_0.tif,6307857,108.95,0.7443,1
g13_00018_0.tif,6353375,30.36,0.2118,0
g13_00018_0.tif,6363218,71.02,0.7119,1
g13_00018_0.tif,6375580,16.28,0.4249,0
g13_00018_0.tif,6388885,57.07,0.0,0
g13_00018_0.tif,6388891,58.19,0.7209,1
g13_00018_0.tif,6388898,23.37,0.0,0
g13_00018_0.tif,6395747,68.74,0.6598,1
g13_00018_0.tif,6395752,28.84,0.4974,0
g13_00018_0.tif,6395805,7.9,0.0,0
g13_00018_0.tif,6412497,78.29,0.5118,1
g13_00018_0.tif,6412501,31.93,0.1468,0
g13_00018_0.tif,6412626,70.05,0.4028,0
g13_00018_0.tif,6412632,43.58,0.3958,0
g13_00018_0.tif,6412633,43.58,0.3473,0
g13_00018_0.tif,6412733,23.37,0.1234,0
g13_00018_0.tif,6448923,111.25,0.7776,1
g13_00018_0.tif,6448926,12.36,0.0,0
g13_00018_0.tif,6449043,35.52,0.4155,0
g13_00018_0.tif,6454973,73.7,0.6422,1
g13_00018_0.tif,6454974,16.28,0.0,0
g13_00018_0.tif,6454976,20.6,0.0329,0
g13_00018_0.tif,6454977,63.91,0.8136,1
g13_00018_0.tif,6454982,59.19,0.4545,0
g13_00018_0.tif,6455172,50.63,0.7172,1
g13_00018_0.tif,6500699,132.95,0.225,0
g13_00018_0.tif,6500706,168.94,0.9107,1
g13_00018_0.tif,6500717,78.29,0.5315,1
g13_00018_0.tif,6500733,19.91,0.0,0
g13_00018_0.tif,6500788,108.0,0.7778,1
g13_00018_0.tif,6500792,93.42,0.7709,1
g13_00018_0.tif,6500795,37.08,0.1944,0
g13_00018_0.tif,6502777,12.36,0.1538,0
g13_00018_0.tif,6508732,66.05,0.5084,1
g13_00018_0.tif,6543027,37.08,0.3049,0
g13_00018_0.tif,6630066,4.12,0.0484,0
g13_00018_0.tif,6639563,43.58,0.7202,1
g13_00018_0.tif,6645613,122.51,0.5296,1
g13_00018_0.tif,6645614,36.68,0.56,1
g13_00018_0.tif,6645632,49.93,0.2566,0
g13_00018_0.tif,6645638,54.8,0.3204,0
g13_00018_0.tif,6694033,37.08,0.2163,0
g13_00018_0.tif,6704689,185.42,0.905,1
g13_00018_0.tif,6704691,146.15,0.8586,1
g13_00018_0.tif,6704731,45.33,0.6412,1
g13_00018_0.tif,6704734,49.93,0.1741,0
g13_00018_0.tif,6704737,45.33,0.6318,1
g13_00018_0.tif,6704741,31.93,0.2769,0
g13_00018_0.tif,6712308,19.91,0.0084,0
g13_00018_0.tif,6712320,16.28,0.6061,1
g13_00018_0.tif,6713224,95.5,0.5169,1
g13_00018_0.tif,6713227,16.28,0.0,0
g13_00018_0.tif,6713262,61.81,0.6598,1
g13_00018_0.tif,6713273,73.84,0.686,1
g13_00018_0.tif,6713276,16.28,0.3793,0
g13_00018_0.tif,6713279,36.68,0.75,1
g13_00018_0.tif,6713282,16.28,0.2667,0
g13_00018_0.tif,6713283,19.91,0.0978,0
g13_00018_0.tif,6718684,23.37,0.6343,1
g13_00018_0.tif,6748707,37.08,0.5841,1
g13_00018_0.tif,6789601,79.18,0.7805,1
g13_00018_0.tif,6789605,66.05,0.7151,1
g13_00018_0.tif,6853094,36.68,0.7733,1
g13_00018_0.tif,6853114,79.16,0.8202,1
g13_00018_0.tif,6859845,43.95,0.4786,0
g13_00018_0.tif,6862171,193.02,0.9359,1
g13_00018_0.tif,6944702,30.97,0.7259,1
g13_00018_0.tif,6944703,37.08,0.7281,1
g13_00018_0.tif,7008078,202.76,0.922,1
g13_00018_0.tif,7047230,43.58,0.6351,1
g13_00018_12.tif,6220597,66.07,0.0,0
g13_00018_12.tif,6245714,35.52,0.0,0
g13_00018_12.tif,6245715,16.28,0.0,0
g13_00018_12.tif,6309755,10.45,0.0,0
g13_00018_12.tif,6959166,10.45,0.0,0
g13_00020_10.tif,6109665,19.89,0.0,0
g13_00020_10.tif,6112021,39.04,0.5455,1
g13_00020_10.tif,6130378,44.63,0.0,0
g13_00020_10.tif,6130379,30.45,0.0,0
g13_00020_10.tif,6143655,63.31,0.0,0
g13_00020_10.tif,6143656,30.45,0.0,0
g13_00020_10.tif,6144827,16.34,0.4651,0
g13_00020_10.tif,6144829,50.81,0.7019,1
g13_00020_10.tif,6144833,45.63,0.7574,1
g13_00020_10.tif,6144835,30.45,0.5038,1
g13_00020_10.tif,6144850,16.34,0.1759,0
g13_00020_10.tif,6146988,10.45,0.0134,0
g13_00020_10.tif,6146989,10.45,0.0,0
g13_00020_10.tif,6146994,43.8,0.5851,1
g13_00020_10.tif,6207621,30.45,0.2822,0
g13_00020_10.tif,6207622,29.04,0.0,0
g13_00020_10.tif,6212691,31.15,0.5,1
g13_00020_10.tif,6212694,16.34,0.0,0
g13_00020_10.tif,6212695,36.83,0.0,0
g13_00020_10.tif,6213421,43.8,0.0,0
g13_00020_10.tif,6213467,54.27,0.0,0
g13_00020_10.tif,6213494,43.8,0.0,0
g13_00020_10.tif,6217968,29.04,0.0,0
g13_00020_10.tif,6226111,49.98,0.0,0
g13_00020_10.tif,6226114,20.74,0.0,0
g13_00020_10.tif,6226115,45.63,0.7411,1
g13_00020_10.tif,6226117,7.87,0.0,0
g13_00020_10.tif,6226120,16.34,0.0,0
g13_00020_10.tif,6226121,20.74,0.0,0
g13_00020_10.tif,6226251,49.98,0.5145,1
g13_00020_10.tif,6226252,7.87,0.0108,0
g13_00020_10.tif,6239519,12.45,0.0,0
g13_00020_10.tif,6239520,12.45,0.0,0
g13_00020_10.tif,6239521,29.04,0.3077,0
g13_00020_10.tif,6301008,43.8,0.4783,0
g13_00020_10.tif,6301012,20.74,0.0,0
g13_00020_10.tif,6307203,23.49,0.0,0
g13_00020_10.tif,6357856,7.87,0.0,0
g13_00020_10.tif,6357861,29.04,0.0,0
g13_00020_10.tif,6398484,30.45,0.0,0
g13_00020_10.tif,6398485,46.7,0.75,1
g13_00020_10.tif,6398487,20.74,0.0,0
g13_00020_10.tif,6411748,31.15,0.0,0
g13_00020_10.tif,6411749,23.49,0.0,0
g13_00020_10.tif,6477162,29.04,0.0,0
g13_00020_10.tif,6477163,16.34,0.0,0
g13_00020_10.tif,6477164,31.15,0.4127,0
g13_00020_10.tif,6477167,10.45,0.0,0
g13_00020_10.tif,6477168,19.89,0.0,0
g13_00020_10.tif,6477169,21.28,0.0,0
g13_00020_10.tif,6500735,31.9,0.0,0
g13_00020_10.tif,6590947,16.34,0.0,0
g13_00020_10.tif,6602108,64.21,0.587,1
g13_00020_10.tif,6602132,64.5,0.782,1
g13_00020_10.tif,6602142,58.19,0.6062,1
g13_00020_10.tif,6602153,47.06,0.4968,0
g13_00020_10.tif,6602220,64.21,0.6264,1
g13_00020_10.tif,6615093,44.85,0.7349,1
g13_00020_10.tif,6615107,35.54,0.0,0
g13_00020_10.tif,6615108,35.54,0.0,0
g13_00020_10.tif,6615115,25.06,0.0,0
g13_00020_10.tif,6625512,23.49,0.0,0
g13_00020_10.tif,6656369,44.85,0.0,0
g13_00020_10.tif,6656378,35.54,0.0,0
g13_00020_10.tif,6658338,30.45,0.0,0
g13_00020_10.tif,6685838,19.89,0.0,0
g13_00020_10.tif,6685840,21.28,0.0,0
g13_00020_10.tif,6704705,93.41,0.2228,0
g13_00020_10.tif,6704707,93.6,0.8368,1
g13_00020_10.tif,6704709,25.06,0.4875,0
g13_00020_10.tif,6704711,39.66,0.0,0
g13_00020_10.tif,6713287,21.28,0.0,0
g13_00020_10.tif,6800802,21.28,0.0,0
g13_00020_10.tif,6800804,16.34,0.0,0
g13_00020_10.tif,6833229,105.12,0.7722,1
g13_00020_10.tif,6833236,31.15,0.0,0
g13_00020_10.tif,6833689,50.81,0.1447,0
g13_00020_10.tif,6869043,78.77,0.7676,1
g13_00020_10.tif,6881120,29.04,0.75,1
g13_00020_10.tif,6940235,23.49,0.5039,1
g13_00020_10.tif,6955930,116.03,0.7663,1
g13_00020_10.tif,6955936,4.15,0.0,0
g13_00020_10.tif,6955955,54.27,0.0,0
g13_00020_10.tif,6955968,54.27,0.0,0
g13_00020_10.tif,6955971,59.35,0.6209,1
g13_00020_10.tif,6955972,21.28,0.0,0
g13_00020_10.tif,6955974,10.45,0.0,0
g13_00020_10.tif,6955976,112.14,0.6994,1
g13_00020_11.tif,6091534,36.83,0.2712,0
g13_00020_11.tif,6091535,39.66,0.0133,0
g13_00020_11.tif,6091536,16.34,0.0,0
g13_00020_11.tif,6091537,54.27,0.6969,1
g13_00020_11.tif,6112021,4.15,0.0,0
g13_00020_11.tif,6125325,12.45,0.0,0
g13_00020_11.tif,6125326,58.19,0.6434,1
g13_00020_11.tif,6125328,10.45,0.0319,0
g13_00020_11.tif,6149356,64.5,0.0125,0
g13_00020_11.tif,6194780,43.92,0.0,0
g13_00020_11.tif,6194781,16.34,0.0,0
g13_00020_11.tif,6202551,16.34,0.0,0
g13_00020_11.tif,6202552,12.45,0.0,0
g13_00020_11.tif,6202553,16.34,0.0,0
g13_00020_11.tif,6212710,68.43,0.5388,1
g13_00020_11.tif,6212713,104.01,0.7322,1
g13_00020_11.tif,6212719,59.35,0.6281,1
g13_00020_11.tif,6212724,37.34,0.6124,1
g13_00020_11.tif,6212725,50.81,0.622,1
g13_00020_11.tif,6212727,77.81,0.72,1
g13_00020_11.tif,6226115,79.97,0.6422,1
g13_00020_11.tif,6226118,68.87,0.7585,1
g13_00020_11.tif,6226120,39.66,0.6502,1
g13_00020_11.tif,6226356,84.66,0.6486,1
g13_00020_11.tif,6226406,30.45,0.226,0
g13_00020_11.tif,6250828,12.45,0.0,0
g13_00020_11.tif,6250829,10.45,0.0,0
g13_00020_11.tif,6304000,39.66,0.0,0
g13_00020_11.tif,6304001,35.54,0.0,0
g13_00020_11.tif,6304731,72.13,0.7056,1
g13_00020_11.tif,6304733,31.9,0.0538,0
g13_00020_11.tif,6304739,44.85,0.6467,1
g13_00020_11.tif,6304808,7.87,0.018,0
g13_00020_11.tif,6366435,39.04,0.0,0
g13_00020_11.tif,6366436,16.34,0.0,0
g13_00020_11.tif,6366437,51.13,0.0463,0
g13_00020_11.tif,6366438,51.13,0.6289,1
g13_00020_11.tif,6399301,7.87,0.0,0
g13_00020_11.tif,6399302,37.34,0.2637,0
g13_00020_11.tif,6399305,23.49,0.261,0
g13_00020_11.tif,6399482,16.34,0.0245,0
g13_00020_11.tif,6475324,43.92,0.4834,0
g13_00020_11.tif,6500740,59.35,0.3107,0
g13_00020_11.tif,6577590,7.87,0.0,0
g13_00020_11.tif,6577591,21.28,0.0,0
g13_00020_11.tif,6577593,12.45,0.0,0
g13_00020_11.tif,6599037,43.92,0.4262,0
g13_00020_11.tif,6602195,57.32,0.5839,1
g13_00020_11.tif,6615084,134.4,0.787,1
g13_00020_11.tif,6615093,62.23,0.692,1
g13_00020_11.tif,6615099,60.89,0.6272,1
g13_00020_11.tif,6615102,23.49,0.0039,0
g13_00020_11.tif,6615103,67.96,0.7003,1
g13_00020_11.tif,6676886,77.81,0.8015,1
g13_00020_11.tif,6685843,30.45,0.0,0
g13_00020_11.tif,6686730,49.98,0.3918,0
g13_00020_11.tif,6693590,78.77,0.5515,1
g13_00020_11.tif,6700486,70.53,0.6288,1
g13_00020_11.tif,6741679,12.45,0.0,0
g13_00020_11.tif,6748714,53.93,0.0,0
g13_00020_11.tif,6800015,20.74,0.0,0
g13_00020_11.tif,6800018,23.49,0.0,0
g13_00020_11.tif,6800027,30.45,0.0,0
g13_00020_11.tif,6955936,58.19,0.6729,1
g13_00020_11.tif,6955948,93.6,0.7997,1
g13_00020_11.tif,6955953,77.81,0.5935,1
g13_00020_11.tif,6955965,55.94,0.4388,0
g13_00020_11.tif,6955967,37.34,0.0,0
g13_00020_12.tif,6091665,73.7,0.6289,1
g13_00020_12.tif,6120344,36.68,0.7353,1
g13_00020_12.tif,6120345,28.85,0.182,0
g13_00020_12.tif,6120347,20.61,0.0,0
g13_00020_12.tif,6120348,7.9,0.0,0
g13_00020_12.tif,6120349,16.28,0.0,0
g13_00020_12.tif,6131482,16.28,0.0,0
g13_00020_12.tif,6131483,16.28,0.0,0
g13_00020_12.tif,6131488,25.02,0.1259,0
g13_00020_12.tif,6140287,23.37,0.0,0
g13_00020_12.tif,6140289,36.68,0.6356,1
g13_00020_12.tif,6140342,64.85,0.7281,1
g13_00020_12.tif,6144834,63.92,0.7454,1
g13_00020_12.tif,6149353,103.04,0.8903,1
g13_00020_12.tif,6149355,30.36,0.7692,1
g13_00020_12.tif,6190872,25.02,0.0,0
g13_00020_12.tif,6207600,35.52,0.5482,1
g13_00020_12.tif,6207601,12.36,0.0,0
g13_00020_12.tif,6207602,50.64,0.7692,1
g13_00020_12.tif,6207620,23.37,0.3235,0
g13_00020_12.tif,6207654,12.36,0.0,0
g13_00020_12.tif,6211399,78.31,0.7629,1
g13_00020_12.tif,6254402,67.98,0.3517,0
g13_00020_12.tif,6254403,19.91,0.0,0
g13_00020_12.tif,6254404,19.91,0.0,0
g13_00020_12.tif,6254405,10.45,0.0,0
g13_00020_12.tif,6254406,23.37,0.0,0
g13_00020_12.tif,6254407,16.28,0.0,0
g13_00020_12.tif,6254412,20.61,0.581,1
g13_00020_12.tif,6254629,25.02,0.4,0
g13_00020_12.tif,6254648,28.85,0.369,0
g13_00020_12.tif,6279236,25.02,0.0,0
g13_00020_12.tif,6279239,16.28,0.0,0
g13_00020_12.tif,6280192,19.91,0.3796,0
g13_00020_12.tif,6280251,19.91,0.4184,0
g13_00020_12.tif,6284505,46.7,0.6176,1
g13_00020_12.tif,6284506,25.02,0.1467,0
g13_00020_12.tif,6284507,30.97,0.6217,1
g13_00020_12.tif,6302989,45.34,0.5113,1
g13_00020_12.tif,6302990,46.78,0.2606,0
g13_00020_12.tif,6302991,28.85,0.6277,1
g13_00020_12.tif,6302994,36.68,0.0581,0
g13_00020_12.tif,6302998,19.91,0.0,0
g13_00020_12.tif,6302999,20.61,0.6053,1
g13_00020_12.tif,6303000,16.28,0.4127,0
g13_00020_12.tif,6303059,4.12,0.0,0
g13_00020_12.tif,6303084,7.9,0.0075,0
g13_00020_12.tif,6312254,37.09,0.4948,0
g13_00020_12.tif,6312257,30.97,0.554,1
g13_00020_12.tif,6312260,28.85,0.1573,0
g13_00020_12.tif,6312261,28.85,0.5085,1
g13_00020_12.tif,6312262,25.02,0.0,0
g13_00020_12.tif,6312263,10.45,0.0,0
g13_00020_12.tif,6312264,16.28,0.0,0
g13_00020_12.tif,6312265,16.28,0.0,0
g13_00020_12.tif,6312266,37.09,0.0741,0
g13_00020_12.tif,6312267,20.61,0.3803,0
g13_00020_12.tif,6347966,21.29,0.0,0
g13_00020_12.tif,6347969,50.87,0.2184,0
g13_00020_12.tif,6347971,31.93,0.3963,0
g13_00020_12.tif,6347976,30.36,0.7312,1
g13_00020_12.tif,6348037,36.68,0.0,0
g13_00020_12.tif,6353369,21.29,0.2594,0
g13_00020_12.tif,6353373,30.36,0.3043,0
g13_00020_12.tif,6353374,35.52,0.0,0
g13_00020_12.tif,6366439,20.61,0.6711,1
g13_00020_12.tif,6366443,30.97,0.1157,0
g13_00020_12.tif,6366444,19.91,0.081,0
g13_00020_12.tif,6366447,19.91,0.0,0
g13_00020_12.tif,6369143,23.37,0.0,0
g13_00020_12.tif,6405375,192.52,0.9188,1
g13_00020_12.tif,6405382,58.39,0.5137,1
g13_00020_12.tif,6405383,23.37,0.0079,0
g13_00020_12.tif,6405384,49.94,0.7241,1
g13_00020_12.tif,6410196,116.05,0.7179,1
g13_00020_12.tif,6410205,61.82,0.2756,0
g13_00020_12.tif,6410207,25.02,0.0,0
g13_00020_12.tif,6410208,20.61,0.5227,1
g13_00020_12.tif,6474341,83.32,0.8172,1
g13_00020_12.tif,6474344,36.68,0.2143,0
g13_00020_12.tif,6474345,4.12,0.0018,0
g13_00020_12.tif,6474350,31.93,0.48,0
g13_00020_12.tif,6486267,56.53,0.4335,0
g13_00020_12.tif,6500726,39.6,0.2264,0
g13_00020_12.tif,6500728,50.64,0.7455,1
g13_00020_12.tif,6500733,55.97,0.3208,0
g13_00020_12.tif,6500736,16.28,0.2165,0
g13_00020_12.tif,6500740,44.73,0.7957,1
g13_00020_12.tif,6500788,19.91,0.0799,0
g13_00020_12.tif,6500792,7.9,0.0182,0
g13_00020_12.tif,6501079,91.3,0.5486,1
g13_00020_12.tif,6501103,79.18,0.3025,0
g13_00020_12.tif,6501575,4.12,0.0113,0
g13_00020_12.tif,6577595,21.29,0.1055,0
g13_00020_12.tif,6584508,23.37,0.0879,0
g13_00020_12.tif,6590936,4.12,0.0,0
g13_00020_12.tif,6590943,43.95,0.1486,0
g13_00020_12.tif,6590944,19.91,0.2179,0
g13_00020_12.tif,6590945,38.81,0.6354,1
g13_00020_12.tif,6590946,20.61,0.5745,1
g13_00020_12.tif,6599036,104.35,0.7387,1
g13_00020_12.tif,6599041,30.36,0.0988,0
g13_00020_12.tif,6599058,7.9,0.0075,0
g13_00020_12.tif,6600369,12.36,0.1667,0
g13_00020_12.tif,6600373,43.95,0.2281,0
g13_00020_12.tif,6600377,43.95,0.5486,1
g13_00020_12.tif,6611143,43.95,0.4245,0
g13_00020_12.tif,6620971,92.02,0.6793,1
g13_00020_12.tif,6645631,54.82,0.7082,1
g13_00020_12.tif,6685826,55.97,0.3462,0
g13_00020_12.tif,6686744,80.0,0.3234,0
g13_00020_12.tif,6686755,30.36,0.2298,0
g13_00020_12.tif,6700486,16.28,0.0,0
g13_00020_12.tif,6700488,43.95,0.4588,0
g13_00020_12.tif,6700492,54.17,0.7442,1
g13_00020_12.tif,6704739,72.11,0.7388,1
g13_00020_12.tif,6704740,31.93,0.0975,0
g13_00020_12.tif,6712308,154.45,0.575,1
g13_00020_12.tif,6741681,50.87,0.3294,0
g13_00020_12.tif,6741686,20.61,0.1287,0
g13_00020_12.tif,6744783,77.48,0.5362,1
g13_00020_12.tif,6748705,55.97,0.6762,1
g13_00020_12.tif,6748709,23.37,0.525,1
g13_00020_12.tif,6748711,36.68,0.0,0
g13_00020_12.tif,6748712,25.02,0.1523,0
g13_00020_12.tif,6748714,44.73,0.0,0
g13_00020_12.tif,6748715,19.91,0.0,0
g13_00020_12.tif,6748716,28.85,0.5519,1
g13_00020_12.tif,6748927,10.45,0.0541,0
g13_00020_12.tif,6867825,50.87,0.5435,1
g13_00020_12.tif,6867827,53.58,0.6638,1
g13_00020_12.tif,6873475,16.28,0.8,1
g13_00020_12.tif,6873483,28.85,0.6395,1
g13_00020_12.tif,6873487,20.61,0.3005,0
g13_00020_12.tif,6873505,45.34,0.7092,1
g13_00020_12.tif,6873506,54.82,0.315,0
g13_00020_12.tif,6881235,39.6,0.2283,0
g13_00020_12.tif,6955927,111.62,0.5137,1
g13_00020_12.tif,7047216,46.7,0.7127,1
g13_00020_12.tif,7047230,43.95,0.6103,1
g13_00020_12.tif,7047234,19.91,0.0,0
g13_00023_3.tif,6176617,20.75,0.0,0
g13_00023_3.tif,6176621,21.13,0.0,0
g13_00023_3.tif,6176622,21.13,0.0,0
g13_00023_3.tif,6180101,20.75,0.0,0
g13_00023_3.tif,6180102,21.13,0.0,0
g13_00023_3.tif,6180437,30.35,0.0,0
g13_00023_3.tif,6180488,4.15,0.0,0
g13_00023_3.tif,6192938,10.39,0.0,0
g13_00023_3.tif,6192941,37.35,0.0,0
g13_00023_3.tif,6192943,31.67,0.0,0
g13_00023_3.tif,6194717,78.69,0.733,1
g13_00023_3.tif,6194718,71.05,0.524,1
g13_00023_3.tif,6194719,43.73,0.2657,0
g13_00023_3.tif,6194721,74.8,0.5671,1
g13_00023_3.tif,6194722,50.67,0.2597,0
g13_00023_3.tif,6194724,23.46,0.0,0
g13_00023_3.tif,6194725,43.73,0.7006,1
g13_00023_3.tif,6194761,10.39,0.0061,0
g13_00023_3.tif,6195192,74.27,0.8088,1
g13_00023_3.tif,6195193,59.12,0.761,1
g13_00023_3.tif,6195197,29.05,0.6058,1
g13_00023_3.tif,6195200,10.39,0.0917,0
g13_00023_3.tif,6210159,20.75,0.0,0
g13_00023_3.tif,6210160,10.39,0.0,0
g13_00023_3.tif,6214751,36.74,0.4251,0
g13_00023_3.tif,6214753,16.3,0.0,0
g13_00023_3.tif,6250570,71.29,0.0817,0
g13_00023_3.tif,6250571,20.75,0.0,0
g13_00023_3.tif,6250573,20.75,0.0,0
g13_00023_3.tif,6250575,37.35,0.0,0
g13_00023_3.tif,6250576,12.45,0.0,0
g13_00023_3.tif,6283647,54.01,0.6853,1
g13_00023_3.tif,6283648,23.46,0.0,0
g13_00023_3.tif,6283651,23.46,0.0,0
g13_00023_3.tif,6283689,64.15,0.5885,1
g13_00023_3.tif,6283691,31.13,0.0,0
g13_00023_3.tif,6283704,57.19,0.7627,1
g13_00023_3.tif,6288707,20.75,0.0,0
g13_00023_3.tif,6288708,31.13,0.0,0
g13_00023_3.tif,6292192,10.39,0.0,0
g13_00023_3.tif,6292193,24.93,0.0,0
g13_00023_3.tif,6292195,20.75,0.0,0
g13_00023_3.tif,6292196,39.03,0.0038,0
g13_00023_3.tif,6292333,58.66,0.114,0
g13_00023_3.tif,6292391,35.33,0.6052,1
g13_00023_3.tif,6315005,10.39,0.0,0
g13_00023_3.tif,6315006,23.46,0.0,0
g13_00023_3.tif,6341204,91.47,0.4645,0
g13_00023_3.tif,6341205,63.31,0.0,0
g13_00023_3.tif,6341208,64.15,0.0,0
g13_00023_3.tif,6341209,39.47,0.0,0
g13_00023_3.tif,6341210,36.74,0.0,0
g13_00023_3.tif,6359704,10.39,0.0533,0
g13_00023_3.tif,6359705,43.73,0.7097,1
g13_00023_3.tif,6359706,21.13,0.0,0
g13_00023_3.tif,6359707,31.13,0.0,0
g13_00023_3.tif,6359773,29.05,0.5812,1
g13_00023_3.tif,6389679,36.74,0.0,0
g13_00023_3.tif,6389680,30.35,0.6698,1
g13_00023_3.tif,6392298,19.73,0.0,0
g13_00023_3.tif,6392299,23.46,0.0,0
g13_00023_3.tif,6408866,63.31,0.5089,1
g13_00023_3.tif,6456338,10.39,0.0,0
g13_00023_3.tif,6508736,50.67,0.7867,1
g13_00023_3.tif,6595950,54.01,0.6562,1
g13_00023_3.tif,6599040,29.05,0.0,0
g13_00023_3.tif,6602220,19.73,0.0,0
g13_00023_3.tif,6602240,53.95,0.5571,1
g13_00023_3.tif,6602242,46.41,0.5563,1
g13_00023_3.tif,6686766,37.35,0.5935,1
g13_00023_3.tif,6745274,39.47,0.6371,1
g13_00023_3.tif,6751102,31.13,0.0,0
g13_00023_3.tif,6859853,60.53,0.7333,1
g13_00023_3.tif,6859859,55.54,0.4409,0
g13_00023_3.tif,6859871,43.61,0.2313,0
g13_00023_3.tif,6859873,43.73,0.2112,0
g13_00023_3.tif,6912356,83.09,0.8627,1
g13_00023_3.tif,7051287,53.95,0.0,0
g13_00023_3.tif,7051290,59.12,0.0,0
g13_00023_4.tif,6140005,29.05,0.0,0
g13_00023_4.tif,6140007,20.75,0.0,0
g13_00023_4.tif,6173757,16.3,0.0,0
g13_00023_4.tif,6173763,10.39,0.0,0
g13_00023_4.tif,6173972,16.3,0.0,0
g13_00023_4.tif,6178970,29.05,0.0,0
g13_00023_4.tif,6180099,20.75,0.0,0
g13_00023_4.tif,6210159,4.15,0.0,0
g13_00023_4.tif,6210160,4.15,0.0,0
g13_00023_4.tif,6212184,117.44,0.5356,1
g13_00023_4.tif,6238591,60.53,0.575,1
g13_00023_4.tif,6238594,39.03,0.0043,0
g13_00023_4.tif,6238596,39.03,0.0,0
g13_00023_4.tif,6238597,12.45,0.0,0
g13_00023_4.tif,6254408,23.46,0.0,0
g13_00023_4.tif,6254409,32.62,0.1404,0
g13_00023_4.tif,6257204,16.3,0.0,0
g13_00023_4.tif,6257205,30.35,0.0,0
g13_00023_4.tif,6257207,68.55,0.7299,1
g13_00023_4.tif,6257208,51.08,0.628,1
g13_00023_4.tif,6259769,10.39,0.0,0
g13_00023_4.tif,6259770,10.39,0.0,0
g13_00023_4.tif,6259778,21.13,0.0,0
g13_00023_4.tif,6280193,23.46,0.0,0
g13_00023_4.tif,6280194,24.93,0.0,0
g13_00023_4.tif,6302987,71.69,0.5323,1
g13_00023_4.tif,6302995,16.3,0.0,0
g13_00023_4.tif,6338983,31.67,0.2529,0
g13_00023_4.tif,6345687,16.3,0.0,0
g13_00023_4.tif,6345688,10.39,0.0,0
g13_00023_4.tif,6371419,43.61,0.7549,1
g13_00023_4.tif,6371422,29.05,0.2678,0
g13_00023_4.tif,6391496,54.01,0.2648,0
g13_00023_4.tif,6391497,45.65,0.0,0
g13_00023_4.tif,6391498,16.3,0.0,0
g13_00023_4.tif,6391501,36.74,0.3377,0
g13_00023_4.tif,6395062,78.84,0.6047,1
g13_00023_4.tif,6395065,21.13,0.0,0
g13_00023_4.tif,6395066,21.13,0.0,0
g13_00023_4.tif,6395068,35.33,0.0,0
g13_00023_4.tif,6395069,23.46,0.0,0
g13_00023_4.tif,6395071,46.41,0.106,0
g13_00023_4.tif,6395072,37.35,0.1718,0
g13_00023_4.tif,6395697,31.67,0.6087,1
g13_00023_4.tif,6395701,20.75,0.7041,1
g13_00023_4.tif,6395704,30.35,0.0,0
g13_00023_4.tif,6395783,23.46,0.4455,0
g13_00023_4.tif,6399566,54.01,0.3279,0
g13_00023_4.tif,6399567,10.39,0.1459,0
g13_00023_4.tif,6399576,12.45,0.0741,0
g13_00023_4.tif,6399660,7.79,0.0048,0
g13_00023_4.tif,6399775,16.3,0.1521,0
g13_00023_4.tif,6411564,58.66,0.3236,0
g13_00023_4.tif,6411567,43.61,0.6106,1
g13_00023_4.tif,6411569,64.1,0.5549,1
g13_00023_4.tif,6411570,39.47,0.4694,0
g13_00023_4.tif,6456338,21.13,0.0,0
g13_00023_4.tif,6577594,36.74,0.6159,1
g13_00023_4.tif,6584506,54.01,0.2857,0
g13_00023_4.tif,6599040,24.93,0.0,0
g13_00023_4.tif,6602068,92.79,0.7078,1
g13_00023_4.tif,6602210,37.35,0.3278,0
g13_00023_4.tif,6605610,12.45,0.0,0
g13_00023_4.tif,6671275,30.35,0.0,0
g13_00023_4.tif,6676877,23.46,0.5455,1
g13_00023_4.tif,6676905,21.13,0.0,0
g13_00023_4.tif,6684241,29.05,0.5243,1
g13_00023_4.tif,6684242,29.05,0.0087,0
g13_00023_4.tif,6686730,51.08,0.5206,1
g13_00023_4.tif,6686733,91.72,0.7876,1
g13_00023_4.tif,6686735,85.77,0.6667,1
g13_00023_4.tif,6686740,71.05,0.6347,1
g13_00023_4.tif,6686747,4.15,0.0484,0
g13_00023_4.tif,6686749,71.05,0.4821,0
g13_00023_4.tif,6686753,78.63,0.7531,1
g13_00023_4.tif,6686758,4.15,0.0424,0
g13_00023_4.tif,6686777,54.01,0.1689,0
g13_00023_4.tif,6686778,44.69,0.7,1
g13_00023_4.tif,6693596,31.67,0.0,0
g13_00023_4.tif,6693599,31.67,0.0,0
g13_00023_4.tif,6718697,29.05,0.0,0
g13_00023_4.tif,6718701,19.73,0.0,0
g13_00023_4.tif,6718702,19.73,0.0,0
g13_00023_4.tif,6718711,35.33,0.1942,0
g13_00023_4.tif,6718718,31.67,0.0,0
g13_00023_4.tif,6738717,44.69,0.3109,0
g13_00023_4.tif,6738730,49.71,0.6267,1
g13_00023_4.tif,6741682,43.73,0.1342,0
g13_00023_4.tif,6744786,62.25,0.4644,0
g13_00023_4.tif,6751102,23.46,0.0,0
g13_00023_4.tif,6873504,23.46,0.0,0
g13_00023_4.tif,6881129,57.19,0.6347,1
g13_00023_4.tif,6947332,95.44,0.6623,1
g13_00023_4.tif,7077940,39.47,0.0,0
g13_00023_4.tif,7077946,30.35,0.0,0
g13_00023_5.tif,6116416,30.95,0.3214,0
g13_00023_5.tif,6125329,12.37,0.0,0
g13_00023_5.tif,6125330,28.86,0.1287,0
g13_00023_5.tif,6131440,39.41,0.6721,1
g13_00023_5.tif,6131443,38.8,0.0,0
g13_00023_5.tif,6178961,46.4,0.746,1
g13_00023_5.tif,6178970,35.31,0.4943,0
g13_00023_5.tif,6179104,55.57,0.2235,0
g13_00023_5.tif,6207600,70.08,0.747,1
g13_00023_5.tif,6207602,43.63,0.7153,1
g13_00023_5.tif,6207654,10.39,0.0087,0
g13_00023_5.tif,6211404,39.41,0.2806,0
g13_00023_5.tif,6211405,19.76,0.003,0
g13_00023_5.tif,6211407,64.08,0.7266,1
g13_00023_5.tif,6211409,43.52,0.3296,0
g13_00023_5.tif,6211411,31.69,0.0,0
g13_00023_5.tif,6259219,71.66,0.8496,1
g13_00023_5.tif,6259221,74.74,0.7897,1
g13_00023_5.tif,6259223,28.86,0.2494,0
g13_00023_5.tif,6259224,28.86,0.0795,0
g13_00023_5.tif,6259762,61.84,0.7803,1
g13_00023_5.tif,6259778,30.26,0.3819,0
g13_00023_5.tif,6259779,74.74,0.5641,1
g13_00023_5.tif,6259780,73.83,0.7869,1
g13_00023_5.tif,6259783,67.51,0.7066,1
g13_00023_5.tif,6259785,28.86,0.1832,0
g13_00023_5.tif,6259787,20.61,0.2008,0
g13_00023_5.tif,6259876,12.37,0.0104,0
g13_00023_5.tif,6318753,53.59,0.5574,1
g13_00023_5.tif,6323636,53.59,0.4777,0
g13_00023_5.tif,6323637,37.1,0.5775,1
g13_00023_5.tif,6338981,44.57,0.5015,1
g13_00023_5.tif,6338982,30.26,0.0,0
g13_00023_5.tif,6338984,38.8,0.0,0
g13_00023_5.tif,6347965,67.98,0.514,1
g13_00023_5.tif,6351936,53.59,0.7299,1
g13_00023_5.tif,6351948,20.61,0.0,0
g13_00023_5.tif,6371419,67.51,0.5615,1
g13_00023_5.tif,6375576,70.79,0.637,1
g13_00023_5.tif,6375583,28.86,0.1065,0
g13_00023_5.tif,6375584,19.76,0.0133,0
g13_00023_5.tif,6375585,44.34,0.3353,0
g13_00023_5.tif,6389673,97.66,0.7636,1
g13_00023_5.tif,6484412,28.86,0.4909,0
g13_00023_5.tif,6577594,20.61,0.0851,0
g13_00023_5.tif,6657943,12.37,0.0,0
g13_00023_5.tif,6676861,45.35,0.6187,1
g13_00023_5.tif,6676873,62.91,0.8185,1
g13_00023_5.tif,6676877,97.44,0.808,1
g13_00023_5.tif,6676881,54.81,0.508,1
g13_00023_5.tif,6676902,71.66,0.8156,1
g13_00023_5.tif,6676904,67.51,0.0,0
g13_00023_5.tif,6676905,35.31,0.0,0
g13_00023_5.tif,6676906,23.34,0.4,0
g13_00023_5.tif,6686701,20.61,0.0,0
g13_00023_5.tif,6686705,79.45,0.5741,1
g13_00023_5.tif,6686716,111.95,0.7862,1
g13_00023_5.tif,6686726,71.04,0.7741,1
g13_00023_5.tif,6686727,93.39,0.6873,1
g13_00023_5.tif,6686740,12.37,0.0473,0
g13_00023_5.tif,6686747,62.91,0.4696,0
g13_00023_5.tif,6686758,28.86,0.2419,0
g13_00023_5.tif,6686760,43.52,0.6032,1
g13_00023_5.tif,6686762,30.26,0.0952,0
g13_00023_5.tif,6686775,55.57,0.2869,0
g13_00023_5.tif,6686837,94.82,0.4828,0
g13_00023_5.tif,6686876,85.77,0.7658,1
g13_00023_5.tif,6712317,107.64,0.3556,0
g13_00023_5.tif,6712325,43.63,0.0,0
g13_00023_5.tif,6712638,46.77,0.3249,0
g13_00023_5.tif,6717435,56.14,0.6891,1
g13_00023_5.tif,6718711,49.66,0.7548,1
g13_00023_5.tif,6744778,31.69,0.6322,1
g13_00023_5.tif,6873466,103.33,0.6097,1
g13_00023_5.tif,6873508,73.41,0.3358,0
g13_00023_5.tif,6876739,12.37,0.3478,0
g13_00023_5.tif,6876740,12.37,0.0,0
g13_00023_5.tif,6947279,120.8,0.8336,1
g13_00023_5.tif,6947352,60.49,0.6514,1
g13_00023_5.tif,6947412,56.95,0.6776,1
g13_00026_17.tif,6593532,19.88,0.0,0
g13_00026_17.tif,6593730,19.88,0.0,0
g13_00026_18.tif,6177380,16.35,0.0,0
g13_00026_18.tif,6177382,10.46,0.0,0
g13_00026_18.tif,6230989,10.46,0.0,0
g13_00026_18.tif,6230991,16.35,0.0,0
g13_00026_18.tif,6396910,16.35,0.0,0
g13_00026_18.tif,6483481,12.46,0.0,0
g13_00026_18.tif,6593537,10.46,0.0,0
g13_00029_10.tif,6253290,25.06,0.0,0
g13_00029_10.tif,6261267,20.76,0.0,0
g13_00029_10.tif,6854894,23.51,0.0,0
g13_00029_11.tif,6170105,55.22,0.0,0
g13_00029_11.tif,6170106,23.51,0.0,0
g13_00029_11.tif,6170107,19.88,0.0,0
g13_00029_11.tif,6172162,25.06,0.0,0
g13_00029_11.tif,6172163,10.46,0.0,0
g13_00029_11.tif,6177382,30.47,0.0,0
g13_00029_11.tif,6243140,12.46,0.0,0
g13_00029_11.tif,6396905,30.47,0.011,0
g13_00029_11.tif,6396906,49.99,0.0,0
g13_00029_11.tif,6396907,30.47,0.3333,0
g13_00029_11.tif,6396910,7.86,0.0,0
g13_00029_11.tif,6396985,19.88,0.4,0
g13_00029_11.tif,6489830,19.88,0.0,0
g13_00031_14.tif,6139440,10.46,0.0,0
g13_00031_14.tif,6139441,12.46,0.0,0
g13_00031_14.tif,6522422,54.28,0.0,0
g13_00031_14.tif,6522423,10.46,0.0,0
g13_00031_14.tif,6522433,23.52,0.0,0
g13_00031_14.tif,6834016,19.88,0.0,0
g13_00031_14.tif,6834210,4.15,0.0,0
g13_00032_5.tif,6611149,29.08,0.0,0
g13_00032_5.tif,6685069,31.9,0.0,0
g13_00032_5.tif,6787546,10.46,0.0,0
g13_00032_6.tif,6231450,46.71,0.0,0
g13_00032_6.tif,6231451,59.38,0.0,0
g13_00032_6.tif,6237426,21.28,0.0,0
g13_00032_6.tif,6289716,31.9,0.0,0
g13_00032_6.tif,6685069,37.38,0.0,0
g13_00032_6.tif,6685636,20.77,0.0,0
g13_00032_7.tif,6204997,36.86,0.0,0
g13_00032_7.tif,6204998,10.46,0.0,0
g13_00032_7.tif,6205000,23.52,0.0,0
g13_00032_7.tif,6234310,36.86,0.0,0
g13_00032_7.tif,6235734,25.06,0.0,0
g13_00032_7.tif,6235743,25.06,0.0,0
g13_00032_7.tif,6240851,20.77,0.0,0
g13_00032_7.tif,6276548,10.46,0.0,0
g13_00032_7.tif,6418828,10.46,0.0,0
g13_00032_7.tif,6442954,29.08,0.0,0
g13_00032_7.tif,6442961,23.52,0.0,0
g13_00033_1.tif,6157871,23.52,0.0021,0
g13_00033_1.tif,6200452,55.23,0.2535,0
g13_00033_1.tif,6200455,20.77,0.4919,0
g13_00033_1.tif,6284038,47.12,0.7674,1
g13_00033_1.tif,6284041,10.46,0.3581,0
g13_00033_1.tif,6284042,19.88,0.2581,0
g13_00033_1.tif,6284165,10.46,0.437,0
g13_00033_1.tif,6290736,91.83,0.8562,1
g13_00033_1.tif,6290738,54.0,0.8242,1
g13_00033_1.tif,6290743,31.9,0.5143,1
g13_00033_1.tif,6290750,29.08,0.6908,1
g13_00033_1.tif,6290752,16.35,0.0,0
g13_00033_1.tif,6290753,23.52,0.5107,1
g13_00033_1.tif,6290755,19.88,0.7412,1
g13_00033_1.tif,6290756,23.52,0.7017,1
g13_00033_1.tif,6290766,16.35,0.0879,0
g13_00033_1.tif,6290779,47.12,0.7572,1
g13_00033_1.tif,6290781,20.77,0.0,0
g13_00033_1.tif,6434904,45.69,0.5057,1
g13_00033_1.tif,6434940,36.86,0.0,0
g13_00033_1.tif,6434950,45.69,0.3053,0
g13_00033_1.tif,6437944,19.88,0.0,0
g13_00033_1.tif,6439232,16.35,0.5057,1
g13_00033_1.tif,6439233,23.52,0.1935,0
g13_00033_1.tif,6439236,29.08,0.5109,1
g13_00033_1.tif,6439837,10.46,0.2,0
g13_00033_1.tif,6439854,10.46,0.1716,0
g13_00033_1.tif,6439865,10.46,0.4621,0
g13_00033_1.tif,6452221,36.86,0.5152,1
g13_00033_1.tif,6462808,71.3,0.5301,1
g13_00033_1.tif,6462832,57.36,0.7879,1
g13_00033_1.tif,6462838,47.12,0.4121,0
g13_00033_1.tif,6462841,20.77,0.554,1
g13_00033_1.tif,6462844,16.35,0.0,0
g13_00033_1.tif,6462845,16.35,0.0943,0
g13_00033_1.tif,6462870,16.35,0.448,0
g13_00033_1.tif,6476644,10.46,0.0112,0
g13_00033_1.tif,6478361,45.69,0.7014,1
g13_00033_1.tif,6478362,36.86,0.6701,1
g13_00033_1.tif,6480932,43.84,0.8152,1
g13_00033_1.tif,6480933,20.77,0.3739,0
g13_00033_1.tif,6480934,31.9,0.3055,0
g13_00033_1.tif,6480937,19.88,0.3373,0
g13_00033_1.tif,6481026,7.86,0.0,0
g13_00033_1.tif,6492023,51.18,0.5995,1
g13_00033_1.tif,6492028,20.77,0.0,0
g13_00033_1.tif,6492029,29.08,0.4273,0
g13_00033_1.tif,6492032,23.52,0.7046,1
g13_00033_1.tif,6492040,31.9,0.2199,0
g13_00033_1.tif,6492041,20.77,0.6646,1
g13_00033_1.tif,6492042,25.06,0.0093,0
g13_00033_1.tif,6492045,7.86,0.0,0
g13_00033_1.tif,6492375,19.88,0.0,0
g13_00033_1.tif,6493487,20.77,0.5434,1
g13_00033_1.tif,6495415,36.86,0.8078,1
g13_00033_1.tif,6495417,36.86,0.3902,0
g13_00033_1.tif,6495430,16.35,0.1708,0
g13_00033_1.tif,6495438,31.18,0.6491,1
g13_00033_1.tif,6498782,94.09,0.7111,1
g13_00033_1.tif,6498787,29.08,0.4515,0
g13_00033_1.tif,6498791,23.52,0.7183,1
g13_00033_1.tif,6498802,19.88,0.644,1
g13_00033_1.tif,6498806,16.35,0.5089,1
g13_00033_1.tif,6498808,12.46,0.1135,0
g13_00033_1.tif,6498811,16.35,0.2021,0
g13_00033_1.tif,6503736,19.88,0.0759,0
g13_00033_1.tif,6528091,57.36,0.8553,1
g13_00033_1.tif,6528097,19.88,0.104,0
g13_00033_1.tif,6528100,20.77,0.3737,0
g13_00033_1.tif,6528158,31.9,0.7284,1
g13_00033_1.tif,6560118,19.88,0.0141,0
g13_00033_1.tif,6560120,43.92,0.4404,0
g13_00033_1.tif,6560121,19.88,0.0745,0
g13_00033_1.tif,6560123,25.06,0.4551,0
g13_00033_1.tif,6562544,30.47,0.7067,1
g13_00033_1.tif,6562567,12.46,0.047,0
g13_00033_1.tif,6562574,16.35,0.0402,0
g13_00033_1.tif,6562575,19.88,0.5399,1
g13_00033_1.tif,6564732,16.35,0.3355,0
g13_00033_1.tif,6569859,25.06,0.1923,0
g13_00033_1.tif,6569865,12.46,0.0534,0
g13_00033_1.tif,6571292,31.18,0.49,0
g13_00033_1.tif,6574956,16.35,0.0,0
g13_00033_1.tif,6585364,64.51,0.7649,1
g13_00033_1.tif,6585387,20.77,0.5217,1
g13_00033_1.tif,6588394,31.9,0.0847,0
g13_00033_1.tif,6596920,51.18,0.6224,1
g13_00033_1.tif,6596922,30.47,0.7126,1
g13_00033_1.tif,6596927,30.47,0.5956,1
g13_00033_1.tif,6599688,12.46,0.475,0
g13_00033_1.tif,6603210,20.77,0.3918,0
g13_00033_1.tif,6624910,25.06,0.4764,0
g13_00033_1.tif,6624911,20.77,1.0,1
g13_00033_1.tif,6627828,35.54,0.1865,0
g13_00033_1.tif,6632755,20.77,0.6054,1
g13_00033_1.tif,6642360,16.35,0.6171,1
g13_00033_1.tif,6642364,35.54,0.6275,1
g13_00033_1.tif,6642365,16.35,0.4386,0
g13_00033_1.tif,6642366,12.46,0.3803,0
g13_00033_1.tif,6673253,19.88,0.1604,0
g13_00033_1.tif,6698171,12.46,0.1649,0
g13_00033_1.tif,6712600,51.18,0.7504,1
g13_00033_1.tif,6712620,20.77,0.6962,1
g13_00033_1.tif,6741716,55.23,0.7772,1
g13_00033_1.tif,6753003,35.54,0.5764,1
g13_00033_1.tif,6758717,31.18,0.6307,1
g13_00033_1.tif,6758719,63.39,0.3343,0
g13_00033_1.tif,6758720,36.86,0.8114,1
g13_00033_1.tif,6758724,12.46,0.375,0
g13_00033_1.tif,6758726,23.52,0.5369,1
g13_00033_1.tif,6758730,16.35,0.1602,0
g13_00033_1.tif,6758829,16.35,0.0303,0
g13_00033_1.tif,6762048,54.28,0.5201,1
g13_00033_1.tif,6771200,30.47,0.323,0
g13_00033_1.tif,6775142,66.52,0.8521,1
g13_00033_1.tif,6775154,29.08,0.3575,0
g13_00033_1.tif,6775161,12.46,0.2682,0
g13_00033_1.tif,6777630,16.35,0.1261,0
g13_00033_1.tif,6777917,7.86,0.0043,0
g13_00033_1.tif,6780576,57.36,0.7783,1
g13_00033_1.tif,6780577,79.06,0.787,1
g13_00033_1.tif,6780648,43.92,0.0745,0
g13_00033_1.tif,6785709,64.27,0.3475,0
g13_00033_1.tif,6785723,23.52,0.4926,0
g13_00033_1.tif,6785726,16.35,0.105,0
g13_00033_1.tif,6790115,16.35,0.7065,1
g13_00033_1.tif,6790772,21.28,0.1829,0
g13_00033_1.tif,6790774,4.15,0.0,0
g13_00033_1.tif,6791316,7.86,0.1724,0
g13_00033_1.tif,6791363,16.35,0.4853,0
g13_00033_1.tif,6793107,31.18,0.4103,0
g13_00033_1.tif,6793110,16.35,0.0833,0
g13_00033_1.tif,6808536,23.52,0.6989,1
g13_00033_1.tif,6808537,23.52,0.7587,1
g13_00033_1.tif,6808540,29.08,0.5187,1
g13_00033_1.tif,6808966,4.15,0.0067,0
g13_00033_1.tif,6813616,81.59,0.7109,1
g13_00033_1.tif,6813617,71.58,0.8332,1
g13_00033_1.tif,6813618,19.88,0.5897,1
g13_00033_1.tif,6813620,54.0,0.6231,1
g13_00033_1.tif,6813626,29.08,0.7584,1
g13_00033_1.tif,6813635,23.52,0.5871,1
g13_00033_1.tif,6862298,164.09,0.9423,1
g13_00033_1.tif,6894846,20.77,0.5675,1
g13_00033_1.tif,6894847,23.52,0.5809,1
g13_00033_1.tif,6894850,29.08,0.5137,1
g13_00033_1.tif,6894852,23.52,0.3359,0
g13_00033_1.tif,6894854,21.28,0.0429,0
g13_00033_1.tif,6894856,19.88,0.6095,1
g13_00033_1.tif,6911154,19.88,0.0,0
g13_00033_1.tif,6911158,37.38,0.6694,1
g13_00033_1.tif,6911161,12.46,0.1724,0
g13_00033_1.tif,6925601,19.88,0.0,0
g13_00033_1.tif,6936026,20.77,0.4257,0
g13_00033_1.tif,6936029,10.46,0.2405,0
g13_00033_1.tif,6937289,106.84,0.8678,1
g13_00033_1.tif,6937290,83.58,0.5562,1
g13_00033_1.tif,6950864,21.28,0.6117,1
g13_00033_1.tif,6980374,30.47,0.5578,1
g13_00033_1.tif,6980375,21.28,0.2807,0
g13_00033_1.tif,6980390,16.35,0.2235,0
g13_00033_1.tif,6982216,55.93,0.592,1
g13_00033_1.tif,6982218,75.24,0.831,1
g13_00033_1.tif,6982224,55.93,0.6346,1
g13_00033_1.tif,6982226,47.12,0.5795,1
g13_00033_1.tif,6982228,29.08,0.6864,1
g13_00033_1.tif,6996858,30.47,0.6331,1
g13_00033_1.tif,6996862,23.52,0.1058,0
g13_00033_1.tif,7003150,51.18,0.7261,1
g13_00033_1.tif,7003156,55.93,0.4744,0
g13_00033_1.tif,7003186,29.08,0.2122,0
g13_00033_1.tif,7003198,20.77,0.7068,1
g13_00033_1.tif,7003200,19.88,0.5399,1
g13_00033_1.tif,7003202,23.52,0.5,1
g13_00033_1.tif,7003211,29.08,0.4615,0
g13_00033_1.tif,7003237,21.28,0.1668,0
g13_00033_1.tif,7003239,16.35,0.5657,1
g13_00033_1.tif,7003240,7.86,0.0,0
g13_00033_1.tif,7006525,39.09,0.8173,1
g13_00033_1.tif,7006542,29.08,0.6165,1
g13_00033_1.tif,7020929,10.46,0.0829,0
g13_00033_1.tif,7078005,31.9,0.2048,0
g13_00033_2.tif,6289857,32.86,0.5248,1
g13_00033_2.tif,6290736,12.38,0.1471,0
g13_00033_2.tif,6290740,50.92,0.5361,1
g13_00033_2.tif,6290752,28.89,0.6393,1
g13_00033_2.tif,6290761,23.4,0.5532,1
g13_00033_2.tif,6290779,50.67,0.2996,0
g13_00033_2.tif,6359391,23.4,0.7752,1
g13_00033_2.tif,6434944,43.63,0.3676,0
g13_00033_2.tif,6452221,30.38,0.3,0
g13_00033_2.tif,6462831,58.19,0.7051,1
g13_00033_2.tif,6462867,16.29,0.4775,0
g13_00033_2.tif,6476634,68.77,0.561,1
g13_00033_2.tif,6492023,45.39,0.4569,0
g13_00033_2.tif,6492028,46.83,0.6882,1
g13_00033_2.tif,6492032,23.4,0.6067,1
g13_00033_2.tif,6492037,28.89,0.2672,0
g13_00033_2.tif,6492044,16.29,0.3373,0
g13_00033_2.tif,6493482,12.38,0.4196,0
g13_00033_2.tif,6494428,25.03,0.2085,0
g13_00033_2.tif,6494429,7.89,0.0455,0
g13_00033_2.tif,6494430,44.65,0.0721,0
g13_00033_2.tif,6494572,16.29,0.1013,0
g13_00033_2.tif,6495411,62.99,0.8292,1
g13_00033_2.tif,6495419,31.93,0.3901,0
g13_00033_2.tif,6495426,43.63,0.2146,0
g13_00033_2.tif,6495428,28.89,0.4908,0
g13_00033_2.tif,6495436,16.29,0.3631,0
g13_00033_2.tif,6498790,23.4,0.5075,1
g13_00033_2.tif,6498795,30.38,0.4847,0
g13_00033_2.tif,6498800,43.63,0.4983,0
g13_00033_2.tif,6498814,66.14,0.6742,1
g13_00033_2.tif,6499508,20.63,0.3125,0
g13_00033_2.tif,6503731,36.71,0.6585,1
g13_00033_2.tif,6505032,19.91,0.4399,0
g13_00033_2.tif,6508455,68.45,0.2117,0
g13_00033_2.tif,6510315,79.99,0.6529,1
g13_00033_2.tif,6510317,30.38,0.5387,1
g13_00033_2.tif,6510500,30.38,0.3236,0
g13_00033_2.tif,6510501,31.93,0.373,0
g13_00033_2.tif,6528091,45.39,0.7622,1
g13_00033_2.tif,6528158,71.03,0.8055,1
g13_00033_2.tif,6560107,132.12,0.5879,1
g13_00033_2.tif,6560108,50.67,0.5851,1
g13_00033_2.tif,6560112,21.29,0.2952,0
g13_00033_2.tif,6561843,31.93,0.5075,1
g13_00033_2.tif,6561844,30.38,0.1893,0
g13_00033_2.tif,6561845,23.4,0.2586,0
g13_00033_2.tif,6562558,23.4,0.2105,0
g13_00033_2.tif,6562567,12.38,0.1283,0
g13_00033_2.tif,6571283,30.38,0.4118,0
g13_00033_2.tif,6576199,30.38,0.4015,0
g13_00033_2.tif,6576200,44.65,0.2862,0
g13_00033_2.tif,6580325,55.96,0.5936,1
g13_00033_2.tif,6580326,45.39,0.5328,1
g13_00033_2.tif,6580339,7.89,0.0367,0
g13_00033_2.tif,6582875,46.83,0.6715,1
g13_00033_2.tif,6583090,46.83,0.8674,1
g13_00033_2.tif,6594437,25.03,0.8054,1
g13_00033_2.tif,6594440,25.03,0.1904,0
g13_00033_2.tif,6594442,30.38,0.5857,1
g13_00033_2.tif,6594447,36.71,0.5795,1
g13_00033_2.tif,6594452,23.4,0.2976,0
g13_00033_2.tif,6594516,43.63,0.4386,0
g13_00033_2.tif,6594517,12.38,0.0231,0
g13_00033_2.tif,6624911,28.89,0.6866,1
g13_00033_2.tif,6624914,7.89,0.0042,0
g13_00033_2.tif,6629333,105.28,0.3938,0
g13_00033_2.tif,6629341,21.29,0.14,0
g13_00033_2.tif,6642357,54.19,0.3383,0
g13_00033_2.tif,6712617,49.94,0.2426,0
g13_00033_2.tif,6719671,93.42,0.8134,1
g13_00033_2.tif,6720050,25.03,0.638,1
g13_00033_2.tif,6720053,49.94,0.6546,1
g13_00033_2.tif,6720055,39.61,0.8338,1
g13_00033_2.tif,6720065,32.86,0.5594,1
g13_00033_2.tif,6731665,49.94,0.7101,1
g13_00033_2.tif,6752988,68.45,0.6299,1
g13_00033_2.tif,6753000,31.93,0.2917,0
g13_00033_2.tif,6758721,28.89,0.4728,0
g13_00033_2.tif,6762056,16.29,0.3577,0
g13_00033_2.tif,6771197,62.99,0.8404,1
g13_00033_2.tif,6771199,71.03,0.771,1
g13_00033_2.tif,6771265,30.38,0.7714,1
g13_00033_2.tif,6777627,97.79,0.921,1
g13_00033_2.tif,6780541,23.4,0.332,0
g13_00033_2.tif,6780724,54.19,0.5485,1
g13_00033_2.tif,6800988,72.11,0.732,1
g13_00033_2.tif,6800994,25.03,0.3077,0
g13_00033_2.tif,6800995,81.84,0.743,1
g13_00033_2.tif,6813621,53.65,0.8279,1
g13_00033_2.tif,6813628,36.71,0.5518,1
g13_00033_2.tif,6813634,49.94,0.7358,1
g13_00033_2.tif,6862298,383.63,0.9079,1
g13_00033_2.tif,6911137,106.83,0.8862,1
g13_00033_2.tif,6911142,111.72,0.5402,1
g13_00033_2.tif,6911147,36.71,0.2212,0
g13_00033_2.tif,6911161,30.38,0.52,1
g13_00033_2.tif,6911162,28.89,0.5108,1
g13_00033_2.tif,6911166,23.4,0.5522,1
g13_00033_2.tif,6950866,23.4,0.354,0
g13_00033_2.tif,6953917,20.63,0.5696,1
g13_00033_2.tif,6980376,20.63,0.3294,0
g13_00033_2.tif,6980569,4.13,0.0041,0
g13_00033_2.tif,6982225,50.92,0.7788,1
g13_00033_2.tif,6996859,31.01,0.5588,1
g13_00033_2.tif,7003163,31.01,0.4235,0
g13_00033_2.tif,7003179,37.14,0.5283,1
g13_00033_2.tif,7003196,23.4,0.3735,0
g13_00033_2.tif,7003198,12.38,0.1294,0
g13_00033_2.tif,7003211,30.38,0.1891,0
g13_00033_2.tif,7003217,20.63,0.3372,0
g13_00033_2.tif,7006544,12.38,0.0385,0
g13_00033_2.tif,7020538,20.63,0.2593,0
g13_00033_3.tif,6104931,86.29,0.6285,1
g13_00033_3.tif,6104932,16.35,0.0,0
g13_00033_3.tif,6106320,21.28,0.5496,1
g13_00033_3.tif,6106321,21.28,0.3411,0
g13_00033_3.tif,6106323,10.46,0.3178,0
g13_00033_3.tif,6111046,30.47,0.5607,1
g13_00033_3.tif,6127310,30.47,0.4887,0
g13_00033_3.tif,6127311,21.28,0.3028,0
g13_00033_3.tif,6127313,23.52,0.2727,0
g13_00033_3.tif,6127314,16.35,0.5087,1
g13_00033_3.tif,6165046,50.85,0.7773,1
g13_00033_3.tif,6178495,10.46,0.4242,0
g13_00033_3.tif,6190600,4.15,0.0,0
g13_00033_3.tif,6249274,10.46,0.0289,0
g13_00033_3.tif,6289861,30.47,0.0,0
g13_00033_3.tif,6370107,10.46,0.7162,1
g13_00033_3.tif,6370121,7.86,0.0,0
g13_00033_3.tif,6400449,36.86,0.5788,1
g13_00033_3.tif,6400450,21.28,0.4752,0
g13_00033_3.tif,6411953,7.86,0.0,0
g13_00033_3.tif,6422454,35.54,0.5741,1
g13_00033_3.tif,6428040,16.35,0.0,0
g13_00033_3.tif,6437948,10.46,0.084,0
g13_00033_3.tif,6476634,49.99,0.7211,1
g13_00033_3.tif,6510099,20.77,0.5361,1
g13_00033_3.tif,6510317,25.06,0.5053,1
g13_00033_3.tif,6510499,60.9,0.4612,0
g13_00033_3.tif,6510500,21.28,0.403,0
g13_00033_3.tif,6557535,16.35,0.0,0
g13_00033_3.tif,6557537,10.46,0.0,0
g13_00033_3.tif,6557538,21.28,0.0,0
g13_00033_3.tif,6557542,29.08,0.2353,0
g13_00033_3.tif,6557544,23.52,0.443,0
g13_00033_3.tif,6557546,4.15,0.0984,0
g13_00033_3.tif,6558205,86.29,0.3203,0
g13_00033_3.tif,6560119,7.86,0.0,0
g13_00033_3.tif,6563744,49.99,0.523,1
g13_00033_3.tif,6563745,21.28,0.0,0
g13_00033_3.tif,6571283,25.06,0.4706,0
g13_00033_3.tif,6571284,60.9,0.5526,1
g13_00033_3.tif,6571285,29.08,0.6795,1
g13_00033_3.tif,6571286,25.06,0.55,1
g13_00033_3.tif,6574389,16.35,0.0,0
g13_00033_3.tif,6576194,21.28,0.1656,0
g13_00033_3.tif,6576207,23.52,0.5424,1
g13_00033_3.tif,6580327,50.85,0.0,0
g13_00033_3.tif,6593209,23.52,0.349,0
g13_00033_3.tif,6593210,37.38,0.6077,1
g13_00033_3.tif,6593222,20.77,0.3008,0
g13_00033_3.tif,6594430,12.46,0.0,0
g13_00033_3.tif,6594440,16.35,0.0,0
g13_00033_3.tif,6599679,59.38,0.7995,1
g13_00033_3.tif,6599682,70.62,0.5315,1
g13_00033_3.tif,6599687,29.08,0.6207,1
g13_00033_3.tif,6606091,57.36,0.0076,0
g13_00033_3.tif,6629333,12.46,0.0,0
g13_00033_3.tif,6629339,29.08,0.572,1
g13_00033_3.tif,6629341,19.88,0.0448,0
g13_00033_3.tif,6652346,35.54,0.6851,1
g13_00033_3.tif,6652353,4.15,0.0667,0
g13_00033_3.tif,6652354,16.35,0.5,1
g13_00033_3.tif,6661024,30.47,0.544,1
g13_00033_3.tif,6661027,30.47,0.29,0
g13_00033_3.tif,6670650,49.99,0.748,1
g13_00033_3.tif,6670662,30.47,0.6162,1
g13_00033_3.tif,6670671,23.52,0.1362,0
g13_00033_3.tif,6670683,30.47,0.4078,0
g13_00033_3.tif,6670684,10.46,0.1682,0
g13_00033_3.tif,6712617,46.71,0.7937,1
g13_00033_3.tif,6712628,10.46,0.0556,0
g13_00033_3.tif,6712629,10.46,0.1702,0
g13_00033_3.tif,6712630,4.15,0.0,0
g13_00033_3.tif,6719676,73.92,0.7831,1
g13_00033_3.tif,6720043,58.19,0.5137,1
g13_00033_3.tif,6726961,29.08,0.6324,1
g13_00033_3.tif,6726964,30.47,0.0,0
g13_00033_3.tif,6726997,23.52,0.0221,0
g13_00033_3.tif,6731241,10.46,0.0,0
g13_00033_3.tif,6731242,10.46,0.4306,0
g13_00033_3.tif,6731653,55.93,0.6856,1
g13_00033_3.tif,6731665,29.08,0.0,0
g13_00033_3.tif,6731669,54.0,0.3597,0
g13_00033_3.tif,6731670,54.0,0.701,1
g13_00033_3.tif,6731673,20.77,0.25,0
g13_00033_3.tif,6780728,43.84,0.3136,0
g13_00033_3.tif,6800988,29.08,0.6875,1
g13_00033_3.tif,6800994,21.28,0.3684,0
g13_00033_3.tif,6800999,39.67,0.7094,1
g13_00033_3.tif,6813641,30.47,0.4925,0
g13_00033_3.tif,6813642,23.52,0.1233,0
g13_00033_3.tif,6858389,23.52,0.4722,0
g13_00033_3.tif,6858405,10.46,0.019,0
g13_00033_3.tif,6862298,112.15,0.9136,1
g13_00033_3.tif,6865965,57.36,0.4869,0
g13_00033_3.tif,6903995,25.06,0.0906,0
g13_00033_3.tif,6904019,30.47,0.0174,0
g13_00033_3.tif,6911140,112.77,0.8251,1
g13_00033_3.tif,6911163,19.88,0.3243,0
g13_00033_3.tif,6911165,30.47,0.4798,0
g13_00033_3.tif,6911177,31.18,0.5,1
g13_00033_3.tif,6953912,35.54,0.6546,1
g13_00033_3.tif,6994421,25.06,0.5661,1
g13_00033_3.tif,6994459,16.35,0.0292,0
g13_00033_3.tif,7017509,31.18,0.0,0
g13_00033_3.tif,7017512,20.77,0.198,0
g13_00033_3.tif,7020481,68.89,0.7958,1
g13_00033_3.tif,7020496,59.38,0.8166,1
g13_00033_3.tif,7020499,39.67,0.6897,1
g13_00033_3.tif,7020503,46.71,0.0612,0
g13_00033_3.tif,7020526,16.35,0.0462,0
g13_00033_3.tif,7020549,16.35,0.1985,0
g13_00033_3.tif,7020553,16.35,0.341,0
g13_00033_3.tif,7020560,10.46,0.3504,0
g13_00033_3.tif,7020580,30.47,0.4533,0
g13_00033_3.tif,7020590,19.88,0.3558,0
g13_00033_3.tif,7061531,35.54,0.0508,0
g13_00033_3.tif,7061532,23.52,0.6341,1
g13_00033_3.tif,7061534,7.86,0.0,0
g13_00033_3.tif,7061535,16.35,0.3364,0
g13_00033_3.tif,7080445,23.52,0.4348,0
g13_00034_17.tif,6272996,19.88,0.0,0
g13_00034_17.tif,6275152,62.32,0.0,0
g13_00034_17.tif,6275290,39.68,0.0,0
g13_00034_17.tif,6275302,16.35,0.0,0
g13_00034_17.tif,6278770,16.35,0.0,0
g13_00034_17.tif,6600760,19.88,0.0,0
g13_00034_17.tif,6600764,20.77,0.0,0
g13_00034_17.tif,6601907,31.9,0.0,0
g13_00034_17.tif,6601908,55.93,0.0,0
g13_00034_17.tif,6605741,31.9,0.0,0
g13_00034_17.tif,6605743,25.07,0.0,0
g13_00034_17.tif,6890624,7.86,0.0,0
g13_00034_17.tif,6890625,12.46,0.0,0
g13_00034_17.tif,6890628,39.1,0.0,0
g13_00034_18.tif,6228950,43.84,0.0,0
g13_00034_18.tif,6600764,20.77,0.0,0
g13_00034_18.tif,6607404,16.35,0.0,0
g13_00034_18.tif,6890625,21.28,0.0,0
g13_00034_18.tif,6890628,19.88,0.0,0
g13_00034_3.tif,6131546,71.3,0.8954,1
g13_00034_3.tif,6131548,112.77,0.8128,1
g13_00034_3.tif,6131551,70.62,0.6833,1
g13_00034_3.tif,6252350,91.98,0.4123,0
g13_00034_3.tif,6252351,105.22,0.8618,1
g13_00034_3.tif,6252352,57.36,0.1773,0
g13_00034_3.tif,6252353,29.08,0.0457,0
g13_00034_3.tif,6252354,16.35,0.0323,0
g13_00034_3.tif,6326765,29.08,0.0,0
g13_00034_3.tif,6326766,16.35,0.0,0
g13_00034_3.tif,6340002,58.19,0.8293,1
g13_00034_3.tif,6340004,29.08,0.6792,1
g13_00034_3.tif,6340007,10.46,0.0,0
g13_00034_3.tif,6340009,30.47,0.0,0
g13_00034_3.tif,6340047,16.35,0.0,0
g13_00034_3.tif,6340076,19.88,0.0,0
g13_00034_3.tif,6357335,39.67,0.3406,0
g13_00034_3.tif,6357337,23.52,0.0,0
g13_00034_3.tif,6357338,70.62,0.5287,1
g13_00034_3.tif,6375640,36.86,0.2074,0
g13_00034_3.tif,6429720,49.99,0.2224,0
g13_00034_3.tif,6429721,21.28,0.0,0
g13_00034_3.tif,6429723,43.84,0.7222,1
g13_00034_3.tif,6429736,19.88,0.0224,0
g13_00034_3.tif,6431018,68.43,0.6473,1
g13_00034_3.tif,6433361,47.12,0.5477,1
g13_00034_3.tif,6433362,50.85,0.6647,1
g13_00034_3.tif,6433364,55.93,0.7403,1
g13_00034_3.tif,6433366,51.18,0.5926,1
g13_00034_3.tif,6433367,43.92,0.1372,0
g13_00034_3.tif,6470429,43.92,0.4162,0
g13_00034_3.tif,6470431,43.84,0.7926,1
g13_00034_3.tif,6475217,29.08,0.6263,1
g13_00034_3.tif,6475223,39.09,0.2193,0
g13_00034_3.tif,6514068,43.92,0.0748,0
g13_00034_3.tif,6548430,29.08,0.6464,1
g13_00034_3.tif,6578769,166.69,0.869,1
g13_00034_3.tif,6578775,64.27,0.7764,1
g13_00034_3.tif,6578776,12.46,0.6408,1
g13_00034_3.tif,6578779,118.88,0.8352,1
g13_00034_3.tif,6578797,70.62,0.8276,1
g13_00034_3.tif,6578802,70.62,0.7841,1
g13_00034_3.tif,6578808,4.15,0.0,0
g13_00034_3.tif,6578822,79.79,0.8168,1
g13_00034_3.tif,6578826,19.88,0.0,0
g13_00034_3.tif,6613301,74.38,0.8694,1
g13_00034_3.tif,6613302,106.52,0.6088,1
g13_00034_3.tif,6613305,95.54,0.8028,1
g13_00034_3.tif,6613306,79.06,0.3722,0
g13_00034_3.tif,6613310,104.0,0.8084,1
g13_00034_3.tif,6613313,67.95,0.5586,1
g13_00034_3.tif,6613316,64.27,0.2611,0
g13_00034_3.tif,6613325,36.86,0.2206,0
g13_00034_3.tif,6613326,20.77,0.0,0
g13_00034_3.tif,6613329,67.95,0.4282,0
g13_00034_3.tif,6613331,78.85,0.7094,1
g13_00034_3.tif,6613336,44.88,0.1516,0
g13_00034_3.tif,6613850,12.46,0.0214,0
g13_00034_3.tif,6626234,55.93,0.7513,1
g13_00034_3.tif,6626250,43.92,0.1209,0
g13_00034_3.tif,6626378,72.14,0.696,1
g13_00034_3.tif,6631817,31.9,0.0,0
g13_00034_3.tif,6674176,16.35,0.0,0
g13_00034_3.tif,6674179,45.69,0.7608,1
g13_00034_3.tif,6674180,36.86,0.6379,1
g13_00034_3.tif,6674182,23.52,0.5086,1
g13_00034_3.tif,6674351,7.86,0.0,0
g13_00034_3.tif,6684219,25.06,0.0,0
g13_00034_3.tif,6690108,98.38,0.8376,1
g13_00034_3.tif,6690109,129.41,0.8227,1
g13_00034_3.tif,6690110,71.46,0.7802,1
g13_00034_3.tif,6690111,47.12,0.5879,1
g13_00034_3.tif,6736079,112.25,0.8979,1
g13_00034_3.tif,6736080,112.25,0.9464,1
g13_00034_3.tif,6742428,105.27,0.8203,1
g13_00034_3.tif,6742444,23.52,0.0,0
g13_00034_3.tif,6742446,39.67,0.5426,1
g13_00034_3.tif,6804611,66.52,0.0,0
g13_00034_3.tif,6804621,36.86,0.7065,1
g13_00034_3.tif,6804628,30.47,0.5194,1
g13_00034_3.tif,6842268,64.51,0.4015,0
g13_00034_3.tif,6846796,25.06,0.0,0
g13_00034_3.tif,6867128,66.52,0.7056,1
g13_00034_3.tif,6907711,31.9,0.0,0
g13_00034_3.tif,6913069,44.63,0.6188,1
g13_00034_3.tif,6916147,58.19,0.6781,1
g13_00034_3.tif,6920856,31.9,0.4177,0
g13_00034_3.tif,6925035,29.08,0.6944,1
g13_00034_3.tif,7028347,62.31,0.4202,0
g13_00034_3.tif,7028349,16.35,0.0,0
g13_00034_3.tif,7028350,62.31,0.4141,0
g13_00034_3.tif,7055468,19.88,0.0,0
g13_00034_3.tif,7071038,64.51,0.6083,1
g13_00034_5.tif,6235364,60.9,0.0,0
g13_00034_5.tif,6235365,16.35,0.0,0
g13_00034_5.tif,6332699,12.46,0.0,0
g13_00034_5.tif,6351378,44.88,0.0,0
g13_00034_5.tif,6351379,10.46,0.0,0
g13_00034_5.tif,6351380,31.9,0.0,0
g13_00034_5.tif,6717319,12.46,0.0,0
g13_00034_6.tif,6322961,12.46,0.0,0
g13_00034_6.tif,6332699,16.35,0.0,0
g13_00034_6.tif,6411513,10.46,0.0,0
g13_00034_6.tif,6411519,20.77,0.0,0
g13_00034_6.tif,6472261,10.46,0.0,0
g13_00034_6.tif,6472264,10.46,0.0,0
g13_00034_6.tif,6472265,37.39,0.0,0
g13_00034_6.tif,6472267,19.88,0.0,0
g13_00034_6.tif,6472273,20.77,0.0,0
g13_00034_6.tif,6717319,12.46,0.0,0
g13_00034_6.tif,6987585,10.46,0.0,0
g13_00034_7.tif,6178185,25.07,0.0,0
g13_00034_7.tif,6228029,16.35,0.0,0
g13_00034_7.tif,6399910,29.08,0.0,0
g13_00034_7.tif,6411512,47.13,0.0,0
g13_00034_7.tif,6411513,74.4,0.0,0
g13_00034_7.tif,6411516,16.35,0.0,0
g13_00034_7.tif,6462423,39.68,0.0,0
g13_00034_7.tif,6462451,23.52,0.0,0
g13_00034_7.tif,6535508,12.46,0.0,0
g13_00034_7.tif,6834016,29.08,0.0,0
g13_00034_7.tif,6834210,4.15,0.0,0
g13_00034_7.tif,6878498,10.46,0.0,0
g13_00034_7.tif,6878502,19.88,0.0,0
g13_00034_7.tif,6987571,35.54,0.0,0
g13_00034_7.tif,6987583,19.88,0.0,0
g13_00035_0.tif,6148445,37.39,0.0,0
g13_00035_0.tif,6148451,10.46,0.0,0
g13_00035_0.tif,6149839,36.86,0.0,0
g13_00035_0.tif,6149840,12.46,0.0,0
g13_00035_0.tif,6149856,37.39,0.0,0
g13_00035_0.tif,6150901,43.84,0.0,0
g13_00035_0.tif,6150902,21.28,0.0,0
g13_00035_0.tif,6150906,16.35,0.0,0
g13_00035_0.tif,6150907,16.35,0.0,0
g13_00035_0.tif,6204998,10.46,0.0,0
g13_00035_0.tif,6240851,77.88,0.0,0
g13_00035_0.tif,6335488,10.46,0.0272,0
g13_00035_0.tif,6335490,58.78,0.8325,1
g13_00035_0.tif,6335550,23.52,0.0,0
g13_00035_0.tif,6778230,20.77,0.0,0
g13_00035_0.tif,6787260,19.88,0.0,0
g13_00035_0.tif,6817925,46.71,0.0,0
g13_00035_0.tif,6821492,16.35,0.0,0
g13_00035_13.tif,6105478,82.35,0.7763,1
g13_00035_13.tif,6423333,37.39,0.8254,1
g13_00035_13.tif,6444163,20.77,0.0,0
g13_00035_13.tif,6478364,20.77,0.6471,1
g13_00035_13.tif,6478526,4.15,0.0026,0
g13_00035_13.tif,6478750,4.15,0.0,0
g13_00035_13.tif,6487128,82.35,0.1519,0
g13_00035_13.tif,6501533,121.07,0.8168,1
g13_00035_13.tif,6501534,88.04,0.5956,1
g13_00035_13.tif,6528096,31.19,0.5671,1
g13_00035_13.tif,6562533,31.19,0.2688,0
g13_00035_13.tif,6562582,29.08,0.2632,0
g13_00035_13.tif,6596923,31.19,0.5271,1
g13_00035_13.tif,6596925,43.84,0.5372,1
g13_00035_13.tif,6597646,10.46,0.0277,0
g13_00035_13.tif,6600268,36.86,0.0973,0
g13_00035_13.tif,6607477,51.19,0.8139,1
g13_00035_13.tif,6607478,43.84,0.3176,0
g13_00035_13.tif,6607480,20.77,0.1273,0
g13_00035_13.tif,6607600,20.77,0.7434,1
g13_00035_13.tif,6611060,43.91,0.7982,1
g13_00035_13.tif,6611062,21.28,0.5842,1
g13_00035_13.tif,6611064,23.52,0.5021,1
g13_00035_13.tif,6611068,16.35,0.6,1
g13_00035_13.tif,6611078,54.01,0.677,1
g13_00035_13.tif,6612016,32.84,0.5397,1
g13_00035_13.tif,6615147,46.71,0.7804,1
g13_00035_13.tif,6618718,63.4,0.8911,1
g13_00035_13.tif,6618720,32.84,0.6185,1
g13_00035_13.tif,6618722,29.08,0.761,1
g13_00035_13.tif,6626861,101.88,0.839,1
g13_00035_13.tif,6630723,29.08,0.1877,0
g13_00035_13.tif,6631508,29.08,0.2111,0
g13_00035_13.tif,6632874,104.54,0.5168,1
g13_00035_13.tif,6632877,70.63,0.7454,1
g13_00035_13.tif,6633060,163.77,0.6676,1
g13_00035_13.tif,6633256,36.86,0.7489,1
g13_00035_13.tif,6635358,79.81,0.6128,1
g13_00035_13.tif,6635740,63.4,0.8122,1
g13_00035_13.tif,6635756,54.01,0.5576,1
g13_00035_13.tif,6642370,74.4,0.3937,0
g13_00035_13.tif,6642371,12.46,0.0,0
g13_00035_13.tif,6642372,36.86,0.6702,1
g13_00035_13.tif,6642471,37.39,0.8007,1
g13_00035_13.tif,6643878,43.84,0.6703,1
g13_00035_13.tif,6643880,23.52,0.2464,0
g13_00035_13.tif,6666388,19.88,0.0,0
g13_00035_13.tif,6758719,31.9,0.5217,1
g13_00035_13.tif,6758729,36.86,0.6419,1
g13_00035_13.tif,6758732,44.63,0.7319,1
g13_00035_13.tif,6768403,39.68,0.7003,1
g13_00035_13.tif,6771202,79.06,0.777,1
g13_00035_13.tif,6772010,67.95,0.7348,1
g13_00035_13.tif,6775138,180.41,0.8781,1
g13_00035_13.tif,6775163,95.56,0.12,0
g13_00035_13.tif,6780534,57.37,0.8,1
g13_00035_13.tif,6780714,30.47,0.4664,0
g13_00035_13.tif,6780731,45.7,0.424,0
g13_00035_13.tif,6790107,51.19,0.3818,0
g13_00035_13.tif,6790118,29.08,0.7066,1
g13_00035_13.tif,6790175,36.86,0.4605,0
g13_00035_13.tif,6808537,10.46,0.0185,0
g13_00035_13.tif,6813618,47.13,0.861,1
g13_00035_13.tif,6862298,435.92,0.9749,1
g13_00035_13.tif,6862303,270.07,0.9492,1
g13_00035_13.tif,6895943,31.19,0.6238,1
g13_00035_13.tif,6895945,31.19,0.1887,0
g13_00035_13.tif,6895947,37.39,0.7668,1
g13_00035_13.tif,6917551,82.35,0.6129,1
g13_00035_13.tif,6936465,66.53,0.7623,1
g13_00035_13.tif,6936466,16.35,0.697,1
g13_00035_13.tif,7011787,43.84,0.8821,1
g13_00035_13.tif,7011893,4.15,0.0145,0
g13_00035_13.tif,7081992,86.43,0.8852,1
g13_00035_14.tif,6126171,21.29,0.0018,0
g13_00035_14.tif,6126175,10.45,0.0014,0
g13_00035_14.tif,6174296,30.38,0.0048,0
g13_00035_14.tif,6184916,35.53,0.0066,0
g13_00035_14.tif,6197217,36.71,0.0046,0
g13_00035_14.tif,6306058,25.03,0.0046,0
g13_00035_14.tif,6306059,50.68,0.0143,0
g13_00035_14.tif,6306356,30.38,0.0056,0
g13_00035_14.tif,6423327,36.71,0.0041,0
g13_00035_14.tif,6444163,16.29,0.0003,0
g13_00035_14.tif,6452262,37.15,0.0034,0
g13_00035_14.tif,6452265,116.94,0.0261,0
g13_00035_14.tif,6452464,16.29,0.0028,0
g13_00035_14.tif,6478750,36.71,0.0023,0
g13_00035_14.tif,6480113,36.71,0.0114,0
g13_00035_14.tif,6494416,35.53,0.0109,0
g13_00035_14.tif,6571280,16.29,0.0049,0
g13_00035_14.tif,6571373,21.29,0.0061,0
g13_00035_14.tif,6576174,64.9,0.0047,0
g13_00035_14.tif,6576185,30.38,0.0071,0
g13_00035_14.tif,6577728,39.61,0.0038,0
g13_00035_14.tif,6578503,35.53,0.0017,0
g13_00035_14.tif,6599676,151.61,0.0417,0
g13_00035_14.tif,6599680,43.64,0.0031,0
g13_00035_14.tif,6599684,16.29,0.0003,0
g13_00035_14.tif,6599685,35.53,0.0081,0
g13_00035_14.tif,6635335,23.4,0.0072,0
g13_00035_14.tif,6642356,23.4,0.0077,0
g13_00035_14.tif,6643871,23.4,0.0079,0
g13_00035_14.tif,6666405,23.4,0.0019,0
g13_00035_14.tif,6691878,43.64,0.012,0
g13_00035_14.tif,6701223,25.03,0.0005,0
g13_00035_14.tif,6721626,25.03,0.0017,0
g13_00035_14.tif,6721627,23.4,0.0008,0
g13_00035_14.tif,6721628,85.16,0.0099,0
g13_00035_14.tif,6782504,49.95,0.0128,0
g13_00035_14.tif,6795320,132.23,0.026,0
g13_00035_14.tif,6862298,509.73,0.9814,1
g13_00035_14.tif,6862303,596.14,0.6315,1
g13_00035_14.tif,6869740,25.03,0.0032,0
g13_00035_14.tif,6917529,102.82,0.0153,0
g13_00035_14.tif,6917531,93.49,0.0252,0
g13_00035_14.tif,6917543,35.53,0.0061,0
g13_00035_14.tif,6941140,36.71,0.0021,0
g13_00035_14.tif,6966236,77.56,0.009,0
g13_00035_15.tif,6109559,47.13,0.3218,0
g13_00035_15.tif,6109562,43.91,0.7718,1
g13_00035_15.tif,6118057,39.68,0.8107,1
g13_00035_15.tif,6118058,35.54,0.6533,1
g13_00035_15.tif,6118059,16.35,0.288,0
g13_00035_15.tif,6118088,54.29,0.6137,1
g13_00035_15.tif,6118105,7.86,0.0167,0
g13_00035_15.tif,6161882,54.29,0.2266,0
g13_00035_15.tif,6164251,19.88,0.0,0
g13_00035_15.tif,6164355,10.46,0.0,0
g13_00035_15.tif,6164356,30.47,0.5847,1
g13_00035_15.tif,6174296,30.47,0.6408,1
g13_00035_15.tif,6189591,29.08,0.2966,0
g13_00035_15.tif,6214820,39.68,0.7601,1
g13_00035_15.tif,6214821,62.32,0.674,1
g13_00035_15.tif,6214822,39.68,0.4088,0
g13_00035_15.tif,6214881,57.37,0.6136,1
g13_00035_15.tif,6215137,64.28,0.6268,1
g13_00035_15.tif,6249275,43.84,0.598,1
g13_00035_15.tif,6249470,25.07,0.5037,1
g13_00035_15.tif,6249597,30.47,0.3191,0
g13_00035_15.tif,6280213,35.54,0.3397,0
g13_00035_15.tif,6280245,10.46,0.0318,0
g13_00035_15.tif,6289858,30.47,0.3968,0
g13_00035_15.tif,6289866,25.07,0.6825,1
g13_00035_15.tif,6306058,30.47,0.7006,1
g13_00035_15.tif,6306063,21.28,0.4554,0
g13_00035_15.tif,6306356,16.35,0.3362,0
g13_00035_15.tif,6306519,10.46,0.3913,0
g13_00035_15.tif,6338476,54.29,0.7664,1
g13_00035_15.tif,6338478,43.84,0.533,1
g13_00035_15.tif,6338480,30.47,0.0737,0
g13_00035_15.tif,6338481,16.35,0.1316,0
g13_00035_15.tif,6338521,4.15,0.0068,0
g13_00035_15.tif,6370955,10.46,0.0,0
g13_00035_15.tif,6370956,10.46,0.0,0
g13_00035_15.tif,6370959,83.51,0.6876,1
g13_00035_15.tif,6375558,57.37,0.6776,1
g13_00035_15.tif,6375569,43.84,0.7176,1
g13_00035_15.tif,6400448,36.86,0.4665,0
g13_00035_15.tif,6452262,190.34,0.943,1
g13_00035_15.tif,6452265,7.86,0.0,0
g13_00035_15.tif,6452464,16.35,0.0131,0
g13_00035_15.tif,6469770,54.01,0.5148,1
g13_00035_15.tif,6510318,25.07,0.6,1
g13_00035_15.tif,6510319,21.28,0.4458,0
g13_00035_15.tif,6557532,54.01,0.3614,0
g13_00035_15.tif,6557542,30.47,0.5325,1
g13_00035_15.tif,6557544,29.08,0.3015,0
g13_00035_15.tif,6557546,4.15,0.0526,0
g13_00035_15.tif,6571285,31.19,0.4868,0
g13_00035_15.tif,6576185,35.54,0.5463,1
g13_00035_15.tif,6576191,49.99,0.7292,1
g13_00035_15.tif,6576193,30.47,0.3826,0
g13_00035_15.tif,6576197,30.47,0.6795,1
g13_00035_15.tif,6576205,30.47,0.0,0
g13_00035_15.tif,6577728,43.84,0.7354,1
g13_00035_15.tif,6578503,44.88,0.7534,1
g13_00035_15.tif,6580327,19.88,0.0,0
g13_00035_15.tif,6593183,39.1,0.7151,1
g13_00035_15.tif,6593184,29.08,0.2395,0
g13_00035_15.tif,6593209,23.52,0.3235,0
g13_00035_15.tif,6593210,35.54,0.7564,1
g13_00035_15.tif,6593222,20.77,0.1957,0
g13_00035_15.tif,6594430,29.08,0.6698,1
g13_00035_15.tif,6599680,49.99,0.6447,1
g13_00035_15.tif,6599681,51.19,0.6483,1
g13_00035_15.tif,6599682,23.52,0.6744,1
g13_00035_15.tif,6599684,43.84,0.75,1
g13_00035_15.tif,6599687,29.08,0.7714,1
g13_00035_15.tif,6599689,30.47,0.0,0
g13_00035_15.tif,6629340,29.08,0.6276,1
g13_00035_15.tif,6629342,23.52,0.2426,0
g13_00035_15.tif,6712633,181.13,0.8936,1
g13_00035_15.tif,6720025,57.37,0.3419,0
g13_00035_15.tif,6720036,112.73,0.7075,1
g13_00035_15.tif,6721626,30.47,0.2591,0
g13_00035_15.tif,6721627,25.07,0.3599,0
g13_00035_15.tif,6721628,79.47,0.5436,1
g13_00035_15.tif,6731653,98.42,0.8436,1
g13_00035_15.tif,6731672,16.35,0.0,0
g13_00035_15.tif,6731673,20.77,0.0647,0
g13_00035_15.tif,6780721,99.73,0.8903,1
g13_00035_15.tif,6780723,43.84,0.6852,1
g13_00035_15.tif,6780727,29.08,0.7029,1
g13_00035_15.tif,6780729,50.85,0.2168,0
g13_00035_15.tif,6781603,30.47,0.7166,1
g13_00035_15.tif,6781623,10.46,0.1089,0
g13_00035_15.tif,6782501,65.1,0.8774,1
g13_00035_15.tif,6782503,118.9,0.9069,1
g13_00035_15.tif,6782504,30.47,0.7077,1
g13_00035_15.tif,6782505,68.9,0.8409,1
g13_00035_15.tif,6782506,43.91,0.5772,1
g13_00035_15.tif,6782508,64.28,0.5683,1
g13_00035_15.tif,6782509,36.86,0.8293,1
g13_00035_15.tif,6782515,30.47,0.4792,0
g13_00035_15.tif,6782516,30.47,0.5634,1
g13_00035_15.tif,6782777,7.86,0.0056,0
g13_00035_15.tif,6862298,58.19,0.9344,1
g13_00035_15.tif,6862303,147.34,0.8972,1
g13_00035_15.tif,6869740,30.47,0.5696,1
g13_00035_15.tif,6911140,36.86,0.0,0
g13_00036_15.tif,6103317,43.84,0.2538,0
g13_00036_15.tif,6141149,45.7,0.8374,1
g13_00036_15.tif,6141152,72.14,0.7044,1
g13_00036_15.tif,6141163,29.08,0.5775,1
g13_00036_15.tif,6141164,7.86,0.0,0
g13_00036_15.tif,6141169,20.77,0.3269,0
g13_00036_15.tif,6300406,4.15,0.0,0
g13_00036_15.tif,6300460,4.15,0.0,0
g13_00036_15.tif,6300514,4.15,0.0,0
g13_00036_15.tif,6340059,25.07,0.5079,1
g13_00036_15.tif,6340065,16.35,0.3711,0
g13_00036_15.tif,6340070,16.35,0.1835,0
g13_00036_15.tif,6340634,4.15,0.0,0
g13_00036_15.tif,6511506,12.46,0.0551,0
g13_00036_15.tif,6511816,78.94,0.8555,1
g13_00036_15.tif,6511821,20.77,0.0,0
g13_00036_15.tif,6511822,29.08,0.0,0
g13_00036_15.tif,6514046,58.78,0.808,1
g13_00036_15.tif,6514048,43.84,0.5116,1
g13_00036_15.tif,6514051,55.93,0.6497,1
g13_00036_15.tif,6514067,43.84,0.561,1
g13_00036_15.tif,6514068,16.35,0.0,0
g13_00036_15.tif,6514074,36.86,0.5752,1
g13_00036_15.tif,6514075,10.46,0.1414,0
g13_00036_15.tif,6578781,108.99,0.7738,1
g13_00036_15.tif,6578800,16.35,0.0,0
g13_00036_15.tif,6578807,37.39,0.0,0
g13_00036_15.tif,6578826,54.01,0.6849,1
g13_00036_15.tif,6591078,20.77,0.2989,0
g13_00036_15.tif,6623439,37.39,0.4693,0
g13_00036_15.tif,6623442,37.39,0.5411,1
g13_00036_15.tif,6627282,43.84,0.2576,0
g13_00036_15.tif,6630983,20.77,0.1109,0
g13_00036_15.tif,6679878,96.28,0.7806,1
g13_00036_15.tif,6679881,19.88,0.0,0
g13_00036_15.tif,6679889,20.77,0.1752,0
g13_00036_15.tif,6679893,29.08,0.0174,0
g13_00036_15.tif,6680249,74.4,0.7116,1
g13_00036_15.tif,6680250,45.7,0.7568,1
g13_00036_15.tif,6680251,4.15,0.0472,0
g13_00036_15.tif,6684214,16.35,0.2667,0
g13_00036_15.tif,6684217,16.35,0.1039,0
g13_00036_15.tif,6687558,20.77,0.5632,1
g13_00036_15.tif,6721957,30.47,0.0,0
g13_00036_15.tif,6736079,196.73,0.9349,1
g13_00036_15.tif,6736080,50.85,0.9316,1
g13_00036_15.tif,6741903,20.77,0.0936,0
g13_00036_15.tif,6771234,91.78,0.7874,1
g13_00036_15.tif,6771240,77.88,0.6139,1
g13_00036_15.tif,6776724,37.39,0.5,1
g13_00036_15.tif,6776732,29.08,0.3102,0
g13_00036_15.tif,6791113,91.98,0.4827,0
g13_00036_15.tif,6791115,109.73,0.7986,1
g13_00036_15.tif,6791168,55.93,0.6514,1
g13_00036_15.tif,6791178,4.15,0.0,0
g13_00036_15.tif,6791196,32.84,0.6075,1
g13_00036_15.tif,6791217,50.85,0.7637,1
g13_00036_15.tif,6791218,23.52,0.5481,1
g13_00036_15.tif,6791219,20.77,0.0743,0
g13_00036_15.tif,6791221,16.35,0.2877,0
g13_00036_15.tif,6791222,20.77,0.2991,0
g13_00036_15.tif,6791224,12.46,0.3462,0
g13_00036_15.tif,6800881,10.46,0.2468,0
g13_00036_15.tif,6801169,64.28,0.7251,1
g13_00036_15.tif,6801719,23.52,0.573,1
g13_00036_15.tif,6815207,137.11,0.6702,1
g13_00036_15.tif,6815209,87.25,0.9284,1
g13_00036_15.tif,6815217,95.56,0.9217,1
g13_00036_15.tif,6815218,30.47,0.2973,0
g13_00036_15.tif,6815236,54.01,0.6652,1
g13_00036_15.tif,6815250,51.19,0.6941,1
g13_00036_15.tif,6815284,37.39,0.5508,1
g13_00036_15.tif,6815287,20.77,0.8011,1
g13_00036_15.tif,6815288,62.32,0.6411,1
g13_00036_15.tif,6815290,45.7,0.397,0
g13_00036_15.tif,6815291,45.7,0.2007,0
g13_00036_15.tif,6815293,45.7,0.4317,0
g13_00036_15.tif,6815294,20.77,0.4156,0
g13_00036_15.tif,6815295,20.77,0.4041,0
g13_00036_15.tif,6828871,45.7,0.8231,1
g13_00036_15.tif,6828888,49.99,0.0,0
g13_00036_15.tif,6828890,50.85,0.0,0
g13_00036_15.tif,6828895,35.54,0.0,0
g13_00036_15.tif,6845046,7.86,0.0137,0
g13_00036_15.tif,6847445,12.46,0.0,0
g13_00036_15.tif,6847446,16.35,0.0,0
g13_00036_15.tif,6862060,143.83,0.7789,1
g13_00036_15.tif,6867133,29.08,0.5575,1
g13_00036_15.tif,6867134,29.08,0.5056,1
g13_00036_15.tif,6897923,19.88,0.0846,0
g13_00036_15.tif,6913066,43.91,0.6512,1
g13_00036_15.tif,6993526,19.88,0.6981,1
g13_00036_15.tif,6993531,141.75,0.696,1
g13_00036_15.tif,6997446,117.64,0.4503,0
g13_00036_15.tif,6998907,128.03,0.484,0
g13_00036_15.tif,7011921,7.86,0.0,0
g13_00036_15.tif,7012738,45.7,0.6683,1
g13_00036_15.tif,7014213,20.77,0.4054,0
g13_00036_15.tif,7015008,83.58,0.7831,1
g13_00036_17.tif,6165058,43.77,0.0,0
g13_00036_17.tif,6165063,24.94,0.0,0
g13_00036_17.tif,6190330,10.39,0.0,0
g13_00036_17.tif,6321727,50.71,0.0,0
g13_00036_17.tif,6321732,24.94,0.0,0
g13_00036_17.tif,6321786,29.09,0.0,0
g13_00036_17.tif,6359062,29.09,0.0,0
g13_00036_17.tif,6359063,31.66,0.0,0
g13_00036_17.tif,6359064,30.37,0.0,0
g13_00036_17.tif,6367974,16.31,0.0,0
g13_00036_17.tif,6467749,44.71,0.0,0
g13_00036_17.tif,6467750,16.31,0.0,0
g13_00036_17.tif,6467752,19.72,0.0,0
g13_00036_17.tif,6527202,16.31,0.0,0
g13_00036_17.tif,6857915,31.66,0.0,0
g13_00036_18.tif,6093526,12.47,0.0,0
g13_00036_18.tif,6093533,4.16,0.0,0
g13_00036_18.tif,6153797,19.72,0.0,0
g13_00036_18.tif,6153898,10.39,0.0,0
g13_00036_18.tif,6158945,10.39,0.0,0
g13_00036_18.tif,6165065,55.54,0.0,0
g13_00036_18.tif,6174464,16.31,0.0,0
g13_00036_18.tif,6226842,36.78,0.0,0
g13_00036_18.tif,6226846,12.47,0.0,0
g13_00036_18.tif,6316769,21.13,0.0,0
g13_00036_18.tif,6914472,19.72,0.0,0
g13_00036_18.tif,6914473,16.31,0.0,0
g13_00036_18.tif,7019123,16.31,0.0,0
g13_00037_0.tif,6199428,10.39,0.0,0
g13_00037_0.tif,6484667,54.03,0.0,0
g13_00037_0.tif,6484669,7.78,0.0,0
g13_00037_0.tif,6485549,10.39,0.0,0
g13_00037_0.tif,6485550,35.33,0.0,0
g13_00037_0.tif,6485556,29.09,0.0,0
g13_00037_10.tif,6170802,10.39,0.0,0
g13_00037_10.tif,6186574,16.31,0.0,0
g13_00037_10.tif,6201802,30.37,0.0,0
g13_00037_10.tif,6201996,67.48,0.6349,1
g13_00037_10.tif,6202041,16.31,0.0822,0
g13_00037_10.tif,6202063,67.48,0.7367,1
g13_00037_10.tif,6203910,30.37,0.0,0
g13_00037_10.tif,6289692,30.37,0.0,0
g13_00037_10.tif,6289694,23.49,0.0,0
g13_00037_10.tif,6289708,24.94,0.0,0
g13_00037_10.tif,6289942,16.31,0.2877,0
g13_00037_10.tif,6290018,10.39,0.0,0
g13_00037_10.tif,6290081,12.47,0.0,0
g13_00037_10.tif,6395888,70.65,0.6098,1
g13_00037_10.tif,6395898,35.33,0.302,0
g13_00037_10.tif,6407305,10.39,0.0,0
g13_00037_10.tif,6428185,16.31,0.0,0
g13_00037_10.tif,6428191,10.39,0.0,0
g13_00037_10.tif,6600772,43.6,0.0,0
g13_00037_10.tif,6622529,55.54,0.0,0
g13_00037_10.tif,6622530,35.33,0.0,0
g13_00037_10.tif,6622537,35.33,0.0,0
g13_00037_10.tif,6624148,106.51,0.3833,0
g13_00037_10.tif,6624149,7.78,0.0,0
g13_00037_10.tif,6624154,31.66,0.488,0
g13_00037_10.tif,6624158,35.33,0.0,0
g13_00037_10.tif,6624350,19.72,0.0281,0
g13_00037_10.tif,6624424,7.78,0.0,0
g13_00037_10.tif,6667031,31.66,0.0,0
g13_00037_10.tif,6667051,31.17,0.0,0
g13_00037_10.tif,6790150,16.31,0.1013,0
g13_00037_10.tif,6790152,10.39,0.0,0
g13_00037_10.tif,6790155,10.39,0.0,0
g13_00037_10.tif,6790241,10.39,0.5778,1
g13_00037_11.tif,6111429,19.72,0.0,0
g13_00037_11.tif,6395880,31.66,0.31,0
g13_00037_11.tif,6395884,16.31,0.2317,0
g13_00037_11.tif,6395890,67.48,0.63,1
g13_00037_11.tif,6428178,24.94,0.0,0
g13_00037_11.tif,6567219,10.39,0.0,0
g13_00037_11.tif,6573402,16.31,0.0,0
g13_00037_11.tif,6588855,19.72,0.0,0
g13_00037_11.tif,6620675,10.39,0.0,0
g13_00037_11.tif,6622531,64.17,0.6271,1
g13_00037_11.tif,6667029,43.6,0.1224,0
g13_00037_11.tif,6667038,43.6,0.5013,1
g13_00037_11.tif,6978793,43.6,0.2604,0
g13_00037_11.tif,6978801,31.66,0.1837,0
g13_00037_11.tif,6978804,7.78,0.0242,0
g13_00037_11.tif,6978822,20.78,0.0,0
g13_00037_11.tif,6978823,37.4,0.7438,1
g13_00037_11.tif,6978847,20.78,0.5114,1
g13_00037_11.tif,6978892,10.39,0.2623,0
g13_00037_11.tif,7019364,35.33,0.7069,1
g13_00037_11.tif,7019365,64.17,0.7068,1
g13_00037_11.tif,7019368,73.63,0.7371,1
g13_00037_11.tif,7019372,93.58,0.2873,0
g13_00037_11.tif,7019382,20.78,0.0,0
g13_00037_11.tif,7020765,44.71,0.0,0
g13_00037_11.tif,7055828,31.66,0.0,0
g13_00037_12.tif,6567219,23.49,0.0,0
g13_00037_12.tif,6665747,30.37,0.0,0
g13_00037_12.tif,6811437,67.48,0.0,0
g13_00037_12.tif,6811440,43.77,0.0,0
g13_00037_12.tif,6811441,39.49,0.0,0
g13_00037_12.tif,6811445,21.13,0.0,0
g13_00037_12.tif,6811450,19.72,0.0,0
g13_00037_12.tif,6817921,31.66,0.0,0
g13_00037_12.tif,6817922,57.24,0.5987,1
g13_00037_12.tif,6817995,12.47,0.029,0
g13_00037_12.tif,6997874,44.71,0.7083,1
g13_00037_12.tif,6997875,30.37,0.0,0
g13_00037_12.tif,6997876,7.78,0.0,0
g13_00037_12.tif,6997877,36.78,0.0,0
g13_00037_12.tif,7055828,12.47,0.0,0
g13_00038_6.tif,6109564,29.09,0.47,0
g13_00038_6.tif,6130933,74.37,0.6969,1
g13_00038_6.tif,6140151,39.49,0.331,0
g13_00038_6.tif,6140154,16.31,0.0459,0
g13_00038_6.tif,6145059,23.49,0.117,0
g13_00038_6.tif,6159400,20.78,0.5,1
g13_00038_6.tif,6184914,79.2,0.6046,1
g13_00038_6.tif,6184915,30.37,0.6812,1
g13_00038_6.tif,6194333,30.37,0.2662,0
g13_00038_6.tif,6228023,23.49,0.4013,0
g13_00038_6.tif,6228220,20.78,0.1628,0
g13_00038_6.tif,6237624,71.12,0.7827,1
g13_00038_6.tif,6237627,39.49,0.5048,1
g13_00038_6.tif,6269431,43.77,0.814,1
g13_00038_6.tif,6269471,4.16,0.0124,0
g13_00038_6.tif,6269554,43.77,0.7487,1
g13_00038_6.tif,6361609,10.39,0.0,0
g13_00038_6.tif,6361612,35.33,0.6539,1
g13_00038_6.tif,6379456,49.72,0.7052,1
g13_00038_6.tif,6379458,36.78,0.7838,1
g13_00038_6.tif,6379541,10.39,0.2381,0
g13_00038_6.tif,6379909,10.39,0.2381,0
g13_00038_6.tif,6381066,36.78,0.6654,1
g13_00038_6.tif,6381938,54.03,0.8418,1
g13_00038_6.tif,6403146,20.78,0.0,0
g13_00038_6.tif,6403280,16.31,0.1596,0
g13_00038_6.tif,6423333,36.78,0.8432,1
g13_00038_6.tif,6431627,23.49,0.6834,1
g13_00038_6.tif,6444162,39.49,0.8187,1
g13_00038_6.tif,6444163,4.16,0.0,0
g13_00038_6.tif,6444164,30.37,0.5138,1
g13_00038_6.tif,6480177,154.27,0.8565,1
g13_00038_6.tif,6480179,77.71,0.8915,1
g13_00038_6.tif,6480180,71.12,0.8231,1
g13_00038_6.tif,6494413,44.71,0.7188,1
g13_00038_6.tif,6494415,73.63,0.5571,1
g13_00038_6.tif,6494535,30.37,0.6104,1
g13_00038_6.tif,6494536,30.37,0.4059,0
g13_00038_6.tif,6541375,175.73,0.3963,0
g13_00038_6.tif,6576186,39.49,0.4069,0
g13_00038_6.tif,6600268,36.78,0.3427,0
g13_00038_6.tif,6607477,54.03,0.7704,1
g13_00038_6.tif,6607480,16.31,0.1843,0
g13_00038_6.tif,6607600,20.78,0.7077,1
g13_00038_6.tif,6611064,23.49,0.4795,0
g13_00038_6.tif,6611065,55.24,0.691,1
g13_00038_6.tif,6611066,36.78,0.6655,1
g13_00038_6.tif,6611068,16.31,0.0991,0
g13_00038_6.tif,6611080,21.13,0.5682,1
g13_00038_6.tif,6611084,31.17,0.6651,1
g13_00038_6.tif,6618718,66.5,0.8477,1
g13_00038_6.tif,6635358,66.5,0.4409,0
g13_00038_6.tif,6638051,43.77,0.7256,1
g13_00038_6.tif,6649088,77.71,0.9031,1
g13_00038_6.tif,6649089,125.97,0.883,1
g13_00038_6.tif,6649121,71.12,0.657,1
g13_00038_6.tif,6654300,43.77,0.6914,1
g13_00038_6.tif,6657262,105.04,0.8524,1
g13_00038_6.tif,6657265,50.71,0.6487,1
g13_00038_6.tif,6657282,10.39,0.0552,0
g13_00038_6.tif,6666388,84.59,0.9268,1
g13_00038_6.tif,6666396,57.24,0.7047,1
g13_00038_6.tif,6666398,77.71,0.832,1
g13_00038_6.tif,6666407,16.31,0.5545,1
g13_00038_6.tif,6666413,36.78,0.0052,0
g13_00038_6.tif,6667534,7.78,0.0,0
g13_00038_6.tif,6673254,36.78,0.7689,1
g13_00038_6.tif,6691868,125.49,0.3145,0
g13_00038_6.tif,6691876,71.37,0.8414,1
g13_00038_6.tif,6701095,7.78,0.0,0
g13_00038_6.tif,6724494,57.24,0.8172,1
g13_00038_6.tif,6724495,35.33,0.6881,1
g13_00038_6.tif,6724892,10.39,0.006,0
g13_00038_6.tif,6741086,79.2,0.828,1
g13_00038_6.tif,6741099,16.31,0.0141,0
g13_00038_6.tif,6768406,74.82,0.7576,1
g13_00038_6.tif,6795328,36.78,0.6,1
g13_00038_6.tif,6795331,19.72,0.7188,1
g13_00038_6.tif,6813630,30.37,0.6243,1
g13_00038_6.tif,6819386,83.13,0.8067,1
g13_00038_6.tif,6819390,50.71,0.4032,0
g13_00038_6.tif,6819396,44.71,0.4857,0
g13_00038_6.tif,6819397,151.41,0.4771,0
g13_00038_6.tif,6842407,50.71,0.8195,1
g13_00038_6.tif,6842409,30.37,0.858,1
g13_00038_6.tif,6842411,73.63,0.863,1
g13_00038_6.tif,6842600,71.12,0.7316,1
g13_00038_6.tif,6890209,71.12,0.1092,0
g13_00038_6.tif,6892006,139.11,0.8028,1
g13_00038_6.tif,6892015,50.71,0.8336,1
g13_00038_6.tif,6892020,43.77,0.8357,1
g13_00038_6.tif,6892024,44.71,0.2365,0
g13_00038_6.tif,6895917,71.12,0.83,1
g13_00038_6.tif,6895921,21.13,0.0966,0
g13_00038_6.tif,6895943,31.17,0.6525,1
g13_00038_6.tif,6916511,59.15,0.6364,1
g13_00038_6.tif,6917530,84.59,0.9184,1
g13_00038_6.tif,6917544,36.78,0.377,0
g13_00038_6.tif,6917547,21.13,0.014,0
g13_00038_6.tif,6917551,39.08,0.6058,1
g13_00038_6.tif,6925120,98.18,0.8375,1
g13_00038_6.tif,6925125,36.78,0.0917,0
g13_00038_6.tif,6936442,16.31,0.3143,0
g13_00038_6.tif,6936465,66.5,0.766,1
g13_00038_6.tif,6936466,16.31,0.6724,1
g13_00038_6.tif,6941128,45.72,0.9103,1
g13_00038_6.tif,6941148,36.78,0.812,1
g13_00038_6.tif,6941222,44.71,0.4782,0
g13_00038_6.tif,6966237,44.71,0.838,1
g13_00038_6.tif,7019857,24.94,0.2948,0
g13_00038_6.tif,7033468,82.32,0.1661,0
g13_00038_6.tif,7033471,45.72,0.8063,1
g13_00038_6.tif,7045314,24.94,0.6304,1
g13_00038_6.tif,7045315,30.37,0.85,1
g13_00038_6.tif,7053332,54.03,0.9596,1
g13_00038_6.tif,7081992,103.9,0.8925,1
g13_00038_7.tif,6126171,16.25,0.4719,0
g13_00038_7.tif,6126175,16.25,0.3372,0
g13_00038_7.tif,6126230,4.13,0.0405,0
g13_00038_7.tif,6130418,23.37,0.6298,1
g13_00038_7.tif,6130654,12.39,0.4731,0
g13_00038_7.tif,6147123,43.57,0.6413,1
g13_00038_7.tif,6158926,21.14,0.2153,0
g13_00038_7.tif,6159398,36.63,0.6134,1
g13_00038_7.tif,6159399,19.75,0.3477,0
g13_00038_7.tif,6159400,16.25,0.4464,0
g13_00038_7.tif,6184916,30.28,0.5524,1
g13_00038_7.tif,6269240,16.25,0.6293,1
g13_00038_7.tif,6269242,16.25,0.4098,0
g13_00038_7.tif,6270828,57.01,0.7532,1
g13_00038_7.tif,6270904,43.57,0.7107,1
g13_00038_7.tif,6280091,91.19,0.8653,1
g13_00038_7.tif,6280213,21.14,0.0577,0
g13_00038_7.tif,6360843,58.41,0.9236,1
g13_00038_7.tif,6379457,43.57,0.682,1
g13_00038_7.tif,6423327,43.57,0.2281,0
g13_00038_7.tif,6431623,50.53,0.7832,1
g13_00038_7.tif,6431626,64.09,0.8491,1
g13_00038_7.tif,6431627,16.25,0.2045,0
g13_00038_7.tif,6437594,70.85,0.8291,1
g13_00038_7.tif,6444163,30.28,0.7816,1
g13_00038_7.tif,6469751,70.85,0.9258,1
g13_00038_7.tif,6469755,55.56,0.8488,1
g13_00038_7.tif,6469759,43.57,0.832,1
g13_00038_7.tif,6469760,105.84,0.7269,1
g13_00038_7.tif,6469773,50.87,0.3478,0
g13_00038_7.tif,6478750,39.42,0.7795,1
g13_00038_7.tif,6480179,45.42,0.6905,1
g13_00038_7.tif,6494413,73.45,0.8245,1
g13_00038_7.tif,6494416,19.75,0.0,0
g13_00038_7.tif,6494419,16.25,0.5616,1
g13_00038_7.tif,6499095,43.57,0.7759,1
g13_00038_7.tif,6576174,77.39,0.8952,1
g13_00038_7.tif,6576176,70.85,0.9368,1
g13_00038_7.tif,6578503,19.75,0.5,1
g13_00038_7.tif,6581320,16.25,0.4235,0
g13_00038_7.tif,6610264,70.85,0.8576,1
g13_00038_7.tif,6632757,10.39,0.1034,0
g13_00038_7.tif,6638044,126.52,0.8867,1
g13_00038_7.tif,6638045,63.87,0.8347,1
g13_00038_7.tif,6638051,43.57,0.1228,0
g13_00038_7.tif,6642355,23.37,0.7627,1
g13_00038_7.tif,6649522,10.39,0.1049,0
g13_00038_7.tif,6649523,10.39,0.5619,1
g13_00038_7.tif,6654301,30.28,0.6955,1
g13_00038_7.tif,6655499,24.9,0.7419,1
g13_00038_7.tif,6657266,36.63,0.6108,1
g13_00038_7.tif,6657271,43.57,0.7915,1
g13_00038_7.tif,6666388,97.76,0.8962,1
g13_00038_7.tif,6666405,23.37,0.5574,1
g13_00038_7.tif,6666412,24.9,0.75,1
g13_00038_7.tif,6691876,28.9,0.7119,1
g13_00038_7.tif,6691878,36.63,0.6889,1
g13_00038_7.tif,6701083,50.53,0.84,1
g13_00038_7.tif,6701223,50.53,0.7572,1
g13_00038_7.tif,6712580,45.42,0.755,1
g13_00038_7.tif,6713322,97.76,0.5686,1
g13_00038_7.tif,6713327,58.41,0.5688,1
g13_00038_7.tif,6713330,16.25,0.0553,0
g13_00038_7.tif,6717165,28.9,0.3495,0
g13_00038_7.tif,6731644,54.89,0.8038,1
g13_00038_7.tif,6731648,54.89,0.8312,1
g13_00038_7.tif,6795320,131.87,0.8851,1
g13_00038_7.tif,6807755,63.0,0.8025,1
g13_00038_7.tif,6807764,28.9,0.0568,0
g13_00038_7.tif,6869727,36.63,0.69,1
g13_00038_7.tif,6869735,50.87,0.4457,0
g13_00038_7.tif,6869743,23.37,0.866,1
g13_00038_7.tif,6870746,10.39,0.0182,0
g13_00038_7.tif,6892299,98.49,0.8854,1
g13_00038_7.tif,6892316,77.39,0.8621,1
g13_00038_7.tif,6892360,7.81,0.0,0
g13_00038_7.tif,6917529,111.55,0.9478,1
g13_00038_7.tif,6917530,84.21,0.8925,1
g13_00038_7.tif,6917538,79.44,0.4519,0
g13_00038_7.tif,6918158,78.96,0.8441,1
g13_00038_7.tif,6936423,111.55,0.8384,1
g13_00038_7.tif,6936435,36.63,0.5529,1
g13_00038_7.tif,6936436,66.11,0.5841,1
g13_00038_7.tif,6936437,97.76,0.8743,1
g13_00038_7.tif,6936926,10.39,0.5851,1
g13_00038_7.tif,6941128,105.19,0.7936,1
g13_00038_7.tif,6941133,49.67,0.8056,1
g13_00038_7.tif,6941134,58.41,0.2387,0
g13_00038_7.tif,6941136,44.59,0.7664,1
g13_00038_7.tif,6941140,30.28,0.7209,1
g13_00038_7.tif,6941152,77.39,0.8688,1
g13_00038_7.tif,6966236,77.39,0.8075,1
g13_00038_7.tif,6985662,50.53,0.5486,1
g13_00038_7.tif,6985697,36.63,0.0664,0
g13_00038_7.tif,6988129,38.85,0.8534,1
g13_00038_7.tif,7021385,61.93,0.9581,1
g13_00038_7.tif,7033467,111.55,0.8436,1
g13_00038_7.tif,7033474,43.57,0.7736,1
g13_00038_7.tif,7045215,38.85,0.854,1
g13_00038_7.tif,7045216,50.53,0.7996,1
g13_00038_7.tif,7045311,39.42,0.7552,1
g13_00038_7.tif,7045314,23.37,0.5696,1
g13_00038_7.tif,7053311,24.9,0.6042,1
g13_00038_7.tif,7053312,66.11,0.8112,1
g13_00038_7.tif,7053332,105.87,0.872,1
g13_00038_7.tif,7053516,43.57,0.542,1
g13_00038_7.tif,7053517,43.57,0.3703,0
g13_00038_8.tif,6109559,35.33,0.6742,1
g13_00038_8.tif,6109562,31.66,0.8929,1
g13_00038_8.tif,6118060,16.31,0.2456,0
g13_00038_8.tif,6164251,43.77,0.4138,0
g13_00038_8.tif,6164252,39.49,0.7824,1
g13_00038_8.tif,6169855,19.72,0.1307,0
g13_00038_8.tif,6255856,31.17,0.6826,1
g13_00038_8.tif,6280091,29.09,0.7101,1
g13_00038_8.tif,6280094,39.08,0.8009,1
g13_00038_8.tif,6280213,29.09,0.0,0
g13_00038_8.tif,6289854,63.4,0.8092,1
g13_00038_8.tif,6289855,68.58,0.8115,1
g13_00038_8.tif,6289858,30.37,0.7188,1
g13_00038_8.tif,6289864,24.94,0.7238,1
g13_00038_8.tif,6311638,23.49,0.7053,1
g13_00038_8.tif,6338477,47.12,0.808,1
g13_00038_8.tif,6338478,43.77,0.4199,0
g13_00038_8.tif,6338479,44.71,0.4685,0
g13_00038_8.tif,6352222,74.37,0.7772,1
g13_00038_8.tif,6370959,79.2,0.7692,1
g13_00038_8.tif,6375563,43.77,0.8279,1
g13_00038_8.tif,6375565,39.49,0.4902,0
g13_00038_8.tif,6375566,44.71,0.7759,1
g13_00038_8.tif,6375571,30.37,0.0,0
g13_00038_8.tif,6426287,111.99,0.7518,1
g13_00038_8.tif,6426293,43.77,0.0,0
g13_00038_8.tif,6434498,51.14,0.495,0
g13_00038_8.tif,6437594,71.37,0.7884,1
g13_00038_8.tif,6437597,51.14,0.5756,1
g13_00038_8.tif,6448682,51.14,0.8159,1
g13_00038_8.tif,6452220,111.99,0.8322,1
g13_00038_8.tif,6485310,71.37,0.7986,1
g13_00038_8.tif,6488887,39.08,0.6703,1
g13_00038_8.tif,6493485,12.47,0.1773,0
g13_00038_8.tif,6499099,30.37,0.1427,0
g13_00038_8.tif,6510318,19.72,0.0,0
g13_00038_8.tif,6533293,49.72,0.7475,1
g13_00038_8.tif,6564617,90.34,0.8312,1
g13_00038_8.tif,6564644,23.49,0.9022,1
g13_00038_8.tif,6576176,71.12,0.751,1
g13_00038_8.tif,6576182,98.18,0.8903,1
g13_00038_8.tif,6576184,58.74,0.6826,1
g13_00038_8.tif,6581272,49.72,0.8247,1
g13_00038_8.tif,6581292,35.33,0.5983,1
g13_00038_8.tif,6581301,20.78,0.3276,0
g13_00038_8.tif,6599677,137.15,0.8812,1
g13_00038_8.tif,6610267,20.78,0.4943,0
g13_00038_8.tif,6611046,36.78,0.7149,1
g13_00038_8.tif,6611050,23.49,0.4297,0
g13_00038_8.tif,6615122,94.04,0.4149,0
g13_00038_8.tif,6621945,36.78,0.9573,1
g13_00038_8.tif,6635868,115.23,0.9378,1
g13_00038_8.tif,6635869,117.6,0.553,1
g13_00038_8.tif,6655499,55.24,0.7354,1
g13_00038_8.tif,6662556,36.78,0.5142,1
g13_00038_8.tif,6701091,43.77,0.6414,1
g13_00038_8.tif,6706858,64.17,0.8255,1
g13_00038_8.tif,6712580,113.71,0.8952,1
g13_00038_8.tif,6712585,122.2,0.5715,1
g13_00038_8.tif,6712586,143.04,0.8798,1
g13_00038_8.tif,6712597,105.57,0.3684,0
g13_00038_8.tif,6713321,184.52,0.8908,1
g13_00038_8.tif,6720040,71.12,0.5934,1
g13_00038_8.tif,6721585,66.5,0.8514,1
g13_00038_8.tif,6780725,44.71,0.6445,1
g13_00038_8.tif,6782506,49.72,0.8225,1
g13_00038_8.tif,6782509,35.33,0.7765,1
g13_00038_8.tif,6782510,73.63,0.4395,0
g13_00038_8.tif,6782513,49.72,0.7944,1
g13_00038_8.tif,6782539,47.12,0.4155,0
g13_00038_8.tif,6782540,117.6,0.8144,1
g13_00038_8.tif,6782646,47.12,0.4984,0
g13_00038_8.tif,6785323,63.4,0.776,1
g13_00038_8.tif,6810218,74.37,0.8343,1
g13_00038_8.tif,6810221,66.5,0.8662,1
g13_00038_8.tif,6810232,10.39,0.6135,1
g13_00038_8.tif,6812394,78.78,0.8597,1
g13_00038_8.tif,6813475,200.0,0.9335,1
g13_00038_8.tif,6819393,20.78,0.6369,1
g13_00038_8.tif,6861937,103.29,0.8854,1
g13_00038_8.tif,6861990,257.69,0.929,1
g13_00038_8.tif,6869727,71.12,0.7821,1
g13_00038_8.tif,6869743,23.49,0.7556,1
g13_00038_8.tif,6869745,24.94,0.6115,1
g13_00038_8.tif,6870746,10.39,0.0459,0
g13_00038_8.tif,6887246,54.03,0.8943,1
g13_00038_8.tif,6888555,31.66,0.4684,0
g13_00038_8.tif,6888562,31.17,0.4961,0
g13_00038_8.tif,6889797,20.78,0.5593,1
g13_00038_8.tif,6889850,51.14,0.8534,1
g13_00038_8.tif,6892316,39.49,0.719,1
g13_00038_8.tif,6892331,47.12,0.9135,1
g13_00038_8.tif,6892871,36.78,0.5593,1
g13_00038_8.tif,6917538,78.78,0.8862,1
g13_00038_8.tif,6917552,71.37,0.8166,1
g13_00038_8.tif,6936435,37.4,0.5653,1
g13_00038_8.tif,6936926,10.39,0.1554,0
g13_00038_8.tif,7011786,10.39,0.0632,0
g13_00038_8.tif,7021385,45.72,0.7569,1
g13_00038_8.tif,7021386,94.04,0.8436,1
g13_00039_8.tif,6103295,111.05,0.8676,1
g13_00039_8.tif,6103313,23.49,0.5723,1
g13_00039_8.tif,6141138,74.37,0.8237,1
g13_00039_8.tif,6141145,45.72,0.4882,0
g13_00039_8.tif,6141151,43.6,0.7455,1
g13_00039_8.tif,6141155,30.37,0.0108,0
g13_00039_8.tif,6141158,19.72,0.0,0
g13_00039_8.tif,6141171,20.78,0.4647,0
g13_00039_8.tif,6296027,32.61,0.3607,0
g13_00039_8.tif,6321279,37.4,0.8862,1
g13_00039_8.tif,6340059,29.09,0.5629,1
g13_00039_8.tif,6340061,12.47,0.6284,1
g13_00039_8.tif,6340064,20.78,0.375,0
g13_00039_8.tif,6511522,20.78,0.0,0
g13_00039_8.tif,6511818,29.09,0.764,1
g13_00039_8.tif,6511966,45.72,0.7711,1
g13_00039_8.tif,6511968,29.09,0.593,1
g13_00039_8.tif,6512030,54.03,0.8175,1
g13_00039_8.tif,6512032,58.74,0.6854,1
g13_00039_8.tif,6514067,20.78,0.7625,1
g13_00039_8.tif,6516971,12.47,0.0,0
g13_00039_8.tif,6548426,36.78,0.7097,1
g13_00039_8.tif,6578793,47.12,0.7943,1
g13_00039_8.tif,6578819,16.31,0.1286,0
g13_00039_8.tif,6603671,79.82,0.8792,1
g13_00039_8.tif,6603672,31.66,0.3772,0
g13_00039_8.tif,6603673,24.94,0.4829,0
g13_00039_8.tif,6610923,20.78,0.3086,0
g13_00039_8.tif,6630974,82.32,0.5369,1
g13_00039_8.tif,6630977,45.72,0.7919,1
g13_00039_8.tif,6630986,43.77,0.5827,1
g13_00039_8.tif,6630987,37.4,0.6075,1
g13_00039_8.tif,6679874,19.72,0.1538,0
g13_00039_8.tif,6679877,37.4,0.3588,0
g13_00039_8.tif,6679881,55.24,0.71,1
g13_00039_8.tif,6679885,19.72,0.0,0
g13_00039_8.tif,6679888,23.49,0.6078,1
g13_00039_8.tif,6684198,84.59,0.7779,1
g13_00039_8.tif,6684203,78.96,0.7793,1
g13_00039_8.tif,6684211,29.09,0.6548,1
g13_00039_8.tif,6684214,37.4,0.3651,0
g13_00039_8.tif,6684217,29.09,0.2877,0
g13_00039_8.tif,6687554,70.65,0.7972,1
g13_00039_8.tif,6687555,74.37,0.7881,1
g13_00039_8.tif,6687557,70.65,0.8702,1
g13_00039_8.tif,6773785,98.41,0.4679,0
g13_00039_8.tif,6791107,163.79,0.8951,1
g13_00039_8.tif,6791115,55.54,0.8164,1
g13_00039_8.tif,6791117,114.64,0.6621,1
g13_00039_8.tif,6791126,82.32,0.8082,1
g13_00039_8.tif,6791138,78.78,0.8482,1
g13_00039_8.tif,6791139,78.78,0.5927,1
g13_00039_8.tif,6791161,32.61,0.5525,1
g13_00039_8.tif,6791164,66.5,0.7758,1
g13_00039_8.tif,6791211,101.82,0.8642,1
g13_00039_8.tif,6791220,23.49,0.2142,0
g13_00039_8.tif,6799311,55.54,0.7622,1
g13_00039_8.tif,6799319,12.47,0.0418,0
g13_00039_8.tif,6799328,12.47,0.2179,0
g13_00039_8.tif,6799333,12.47,0.2827,0
g13_00039_8.tif,6800881,10.39,0.1094,0
g13_00039_8.tif,6801719,23.49,0.6329,1
g13_00039_8.tif,6802119,23.49,0.5889,1
g13_00039_8.tif,6815191,92.79,0.8475,1
g13_00039_8.tif,6815192,86.35,0.8188,1
g13_00039_8.tif,6815193,104.57,0.84,1
g13_00039_8.tif,6815205,88.05,0.7619,1
g13_00039_8.tif,6815213,12.47,0.84,1
g13_00039_8.tif,6815214,90.34,0.364,0
g13_00039_8.tif,6815222,23.49,0.3962,0
g13_00039_8.tif,6815231,62.34,0.7896,1
g13_00039_8.tif,6815267,16.31,0.1205,0
g13_00039_8.tif,6819849,127.17,0.6113,1
g13_00039_8.tif,6819944,90.34,0.5355,1
g13_00039_8.tif,6845041,67.48,0.6656,1
g13_00039_8.tif,6845042,39.08,0.7608,1
g13_00039_8.tif,6845046,50.71,0.8246,1
g13_00039_8.tif,6862048,104.56,0.9125,1
g13_00039_8.tif,6862173,162.08,0.8608,1
g13_00039_8.tif,6862202,103.61,0.876,1
g13_00039_8.tif,6862221,94.04,0.8473,1
g13_00039_8.tif,6913075,55.54,0.6914,1
g13_00039_8.tif,6913077,29.09,0.6667,1
g13_00039_8.tif,6993498,118.64,0.7873,1
g13_00039_8.tif,6993504,78.96,0.8326,1
g13_00039_8.tif,6993509,130.96,0.8503,1
g13_00039_8.tif,6993516,56.11,0.2437,0
g13_00039_8.tif,6993526,46.41,0.696,1
g13_00039_8.tif,7002189,19.72,0.2704,0
g13_00039_8.tif,7002195,87.28,0.827,1
g13_00039_8.tif,7002203,10.39,0.0,0
g13_00039_8.tif,7002205,19.72,0.0,0
g13_00039_8.tif,7002209,54.03,0.7708,1
g13_00039_8.tif,7002423,19.72,0.3067,0
g13_00039_8.tif,7004034,44.32,0.0,0
g13_00039_8.tif,7004067,19.72,0.0,0
g13_00039_8.tif,7004079,31.66,0.0,0
g13_00039_8.tif,7011921,12.47,0.0,0
g13_00039_8.tif,7014213,19.72,0.0,0
g13_00039_8.tif,7014214,29.09,0.5592,1
g13_00040_10.tif,6109342,23.5,0.2847,0
g13_00040_10.tif,6109484,21.13,0.2969,0
g13_00040_10.tif,6111973,16.31,0.5243,1
g13_00040_10.tif,6114202,64.18,0.0,0
g13_00040_10.tif,6114204,32.61,0.0,0
g13_00040_10.tif,6115472,21.13,0.1474,0
g13_00040_10.tif,6115476,24.94,0.0,0
g13_00040_10.tif,6115999,68.58,0.616,1
g13_00040_10.tif,6117486,91.56,0.6755,1
g13_00040_10.tif,6117843,19.72,0.0,0
g13_00040_10.tif,6173707,74.39,0.5568,1
g13_00040_10.tif,6178445,71.13,0.7759,1
g13_00040_10.tif,6178446,78.8,0.714,1
g13_00040_10.tif,6178449,57.25,0.0,0
g13_00040_10.tif,6178451,35.33,0.6733,1
g13_00040_10.tif,6178453,39.49,0.0,0
g13_00040_10.tif,6178454,39.49,0.3957,0
g13_00040_10.tif,6178456,49.72,0.6115,1
g13_00040_10.tif,6178460,30.37,0.0,0
g13_00040_10.tif,6347767,30.37,0.6641,1
g13_00040_10.tif,6474742,94.56,0.7313,1
g13_00040_10.tif,6505604,16.31,0.0,0
g13_00040_10.tif,6514747,24.94,0.66,1
g13_00040_10.tif,6514752,19.72,0.1079,0
g13_00040_10.tif,6582123,39.49,0.4451,0
g13_00040_10.tif,6582124,56.11,0.6365,1
g13_00040_10.tif,6582135,64.17,0.7268,1
g13_00040_10.tif,6582137,57.81,0.6846,1
g13_00040_10.tif,6582147,54.04,0.5799,1
g13_00040_10.tif,6582150,35.33,0.7027,1
g13_00040_10.tif,6582158,39.49,0.1367,0
g13_00040_10.tif,6756441,127.17,0.8617,1
g13_00040_10.tif,6763487,30.37,0.4727,0
g13_00040_10.tif,6794900,49.72,0.1436,0
g13_00040_10.tif,6818904,99.43,0.7977,1
g13_00040_10.tif,6818905,108.02,0.6873,1
g13_00040_10.tif,6837891,29.1,0.5778,1
g13_00040_10.tif,6837894,30.37,0.5421,1
g13_00040_10.tif,6916729,23.5,0.2452,0
g13_00040_10.tif,6992900,30.37,0.576,1
g13_00040_10.tif,6992903,127.17,0.8603,1
g13_00040_10.tif,6992920,55.54,0.6423,1
g13_00040_10.tif,6992927,64.17,0.0,0
g13_00040_10.tif,6992929,51.15,0.5706,1
g13_00040_10.tif,6992936,49.72,0.4271,0
g13_00040_10.tif,6992942,71.13,0.0,0
g13_00040_10.tif,6992943,50.71,0.7133,1
g13_00040_10.tif,6993274,10.39,0.2547,0
g13_00040_10.tif,6993620,4.16,0.0,0
g13_00040_10.tif,7044925,30.37,0.5359,1
g13_00040_11.tif,6114200,71.13,0.59,1
g13_00040_11.tif,6173708,39.49,0.3145,0
g13_00040_11.tif,6357693,29.1,0.4909,0
g13_00040_11.tif,6514734,136.74,0.346,0
g13_00040_11.tif,6514746,71.13,0.5467,1
g13_00040_11.tif,6514747,57.81,0.6677,1
g13_00040_11.tif,6514748,68.58,0.3859,0
g13_00040_11.tif,6514749,64.18,0.668,1
g13_00040_11.tif,6514758,16.31,0.0605,0
g13_00040_11.tif,6514760,44.72,0.3323,0
g13_00040_11.tif,6531463,78.8,0.7376,1
g13_00040_11.tif,6558182,43.6,0.0,0
g13_00040_11.tif,6558183,36.78,0.5417,1
g13_00040_11.tif,6558186,35.33,0.4194,0
g13_00040_11.tif,6558188,39.49,0.5619,1
g13_00040_11.tif,6558191,24.94,0.0,0
g13_00040_11.tif,6660158,57.25,0.5855,1
g13_00040_11.tif,6660160,78.8,0.7872,1
g13_00040_11.tif,6660179,30.37,0.1877,0
g13_00040_11.tif,6756446,105.05,0.8184,1
g13_00040_11.tif,6756466,36.78,0.1406,0
g13_00040_11.tif,6794918,44.72,0.2114,0
g13_00040_11.tif,6861895,179.68,0.5908,1
g13_00040_11.tif,6862097,139.11,0.8929,1
g13_00040_9.tif,6110267,20.79,0.0,0
g13_00040_9.tif,6110269,23.5,0.837,1
g13_00040_9.tif,6115993,84.61,0.0,0
g13_00040_9.tif,6115996,19.72,0.0,0
g13_00040_9.tif,6117484,31.66,0.0,0
g13_00040_9.tif,6117486,7.78,0.0,0
g13_00040_9.tif,6117516,107.69,0.7689,1
g13_00040_9.tif,6117535,71.69,0.0,0
g13_00040_9.tif,6117537,30.37,0.4,0
g13_00040_9.tif,6117836,23.5,0.0,0
g13_00040_9.tif,6117837,68.58,0.8017,1
g13_00040_9.tif,6117838,35.33,0.0947,0
g13_00040_9.tif,6117841,20.79,0.0,0
g13_00040_9.tif,6117851,16.31,0.0145,0
g13_00040_9.tif,6117978,10.39,0.0075,0
g13_00040_9.tif,6188331,90.36,0.805,1
g13_00040_9.tif,6188346,31.66,0.0,0
g13_00040_9.tif,6298397,50.71,0.3287,0
g13_00040_9.tif,6298411,36.78,0.5655,1
g13_00040_9.tif,6342651,43.78,0.6283,1
g13_00040_9.tif,6342799,57.25,0.6037,1
g13_00040_9.tif,6474734,45.73,0.7208,1
g13_00040_9.tif,6474735,43.78,0.3125,0
g13_00040_9.tif,6474736,71.13,0.7083,1
g13_00040_9.tif,6702104,24.94,0.0,0
g13_00040_9.tif,6763468,91.56,0.7689,1
g13_00040_9.tif,6794900,43.6,0.0,0
g13_00040_9.tif,6794910,88.14,0.5712,1
g13_00040_9.tif,6794917,64.17,0.6914,1
g13_00040_9.tif,6796023,158.87,0.3005,0
g13_00040_9.tif,6796047,97.68,0.1609,0
g13_00040_9.tif,6818904,24.94,0.0,0
g13_00040_9.tif,7017156,47.14,0.0,0
g13_00043_2.tif,6103608,155.67,0.9188,1
g13_00043_2.tif,6114199,88.51,0.701,1
g13_00043_2.tif,6150089,31.89,0.6383,1
g13_00043_2.tif,6192019,112.75,0.8976,1
g13_00043_2.tif,6194323,16.36,0.0,0
g13_00043_2.tif,6194327,12.47,0.0,0
g13_00043_2.tif,6197158,79.5,0.7769,1
g13_00043_2.tif,6197159,10.46,0.0,0
g13_00043_2.tif,6233721,55.28,0.7444,1
g13_00043_2.tif,6285155,12.47,0.0,0
g13_00043_2.tif,6299590,58.19,0.8185,1
g13_00043_2.tif,6299599,20.79,0.2059,0
g13_00043_2.tif,6367461,19.88,0.2556,0
g13_00043_2.tif,6367495,19.88,0.1905,0
g13_00043_2.tif,6367534,20.79,0.0,0
g13_00043_2.tif,6367591,31.89,0.6947,1
g13_00043_2.tif,6381201,159.84,0.9338,1
g13_00043_2.tif,6387956,73.94,0.4576,0
g13_00043_2.tif,6387960,132.27,0.742,1
g13_00043_2.tif,6387964,86.3,0.7976,1
g13_00043_2.tif,6387971,19.88,0.3441,0
g13_00043_2.tif,6404495,12.47,0.0,0
g13_00043_2.tif,6527282,35.55,0.7601,1
g13_00043_2.tif,6527283,35.55,0.0478,0
g13_00043_2.tif,6531432,180.52,0.6242,1
g13_00043_2.tif,6531464,62.37,0.6813,1
g13_00043_2.tif,6630470,117.72,0.8744,1
g13_00043_2.tif,6641467,89.68,0.4921,0
g13_00043_2.tif,6756422,68.91,0.9198,1
g13_00043_2.tif,6764580,64.52,0.801,1
g13_00043_2.tif,6820365,112.32,0.8899,1
g13_00043_2.tif,6840405,122.88,0.3355,0
g13_00043_2.tif,6916728,19.88,0.1355,0
g13_00043_2.tif,6930263,21.27,0.0035,0
g13_00043_2.tif,6985638,7.86,0.0714,0
g13_00043_2.tif,6985642,161.47,0.6474,1
g13_00043_2.tif,6985658,71.51,0.8936,1
g13_00043_2.tif,7016238,89.68,0.8383,1
g13_00043_3.tif,6128503,64.52,0.5805,1
g13_00043_3.tif,6128508,39.12,0.6416,1
g13_00043_3.tif,6178461,75.25,0.8026,1
g13_00043_3.tif,6178539,10.46,0.0177,0
g13_00043_3.tif,6194313,84.79,0.8645,1
g13_00043_3.tif,6194317,64.31,0.0,0
g13_00043_3.tif,6194320,55.28,0.0,0
g13_00043_3.tif,6194323,16.36,0.0,0
g13_00043_3.tif,6218804,20.79,0.0,0
g13_00043_3.tif,6219010,71.51,0.8904,1
g13_00043_3.tif,6219026,77.92,0.8306,1
g13_00043_3.tif,6221697,31.89,0.2321,0
g13_00043_3.tif,6221698,39.68,0.0,0
g13_00043_3.tif,6221700,19.88,0.0,0
g13_00043_3.tif,6221852,21.27,0.0599,0
g13_00043_3.tif,6222908,23.53,0.4286,0
g13_00043_3.tif,6222909,29.11,0.0,0
g13_00043_3.tif,6225383,51.23,0.0041,0
g13_00043_3.tif,6225384,20.79,0.0,0
g13_00043_3.tif,6233721,57.4,0.7685,1
g13_00043_3.tif,6233722,55.93,0.3504,0
g13_00043_3.tif,6233723,51.23,0.2357,0
g13_00043_3.tif,6233724,31.21,0.0,0
g13_00043_3.tif,6245732,54.3,0.1764,0
g13_00043_3.tif,6285140,16.36,0.0,0
g13_00043_3.tif,6285141,43.91,0.0,0
g13_00043_3.tif,6285143,43.91,0.5217,1
g13_00043_3.tif,6285144,29.11,0.522,1
g13_00043_3.tif,6285148,36.88,0.0,0
g13_00043_3.tif,6285149,21.27,0.4963,0
g13_00043_3.tif,6285154,37.42,0.5287,1
g13_00043_3.tif,6285155,30.48,0.5228,1
g13_00043_3.tif,6285158,16.36,0.0,0
g13_00043_3.tif,6285411,19.88,0.129,0
g13_00043_3.tif,6296796,64.52,0.6845,1
g13_00043_3.tif,6296853,58.82,0.7137,1
g13_00043_3.tif,6296874,12.47,0.038,0
g13_00043_3.tif,6327061,104.0,0.8805,1
g13_00043_3.tif,6514733,325.69,0.9257,1
g13_00043_3.tif,6514737,105.27,0.6403,1
g13_00043_3.tif,6514738,97.57,0.8424,1
g13_00043_3.tif,6514745,12.47,0.5714,1
g13_00043_3.tif,6514757,71.34,0.6986,1
g13_00043_3.tif,6514762,99.18,0.822,1
g13_00043_3.tif,6630470,141.84,0.9533,1
g13_00043_3.tif,6660149,71.65,0.6831,1
g13_00043_3.tif,6660167,71.34,0.7831,1
g13_00043_3.tif,6660169,29.11,0.3645,0
g13_00043_3.tif,6660172,25.07,0.2821,0
g13_00043_3.tif,6660175,137.22,0.927,1
g13_00043_3.tif,6660183,10.46,0.0,0
g13_00043_3.tif,6661741,187.32,0.8985,1
g13_00043_3.tif,6661764,108.23,0.8961,1
g13_00043_3.tif,6756422,125.79,0.9405,1
g13_00043_3.tif,6756430,89.68,0.7103,1
g13_00043_3.tif,6756435,36.88,0.7087,1
g13_00043_3.tif,6756463,43.87,0.7135,1
g13_00043_3.tif,6820365,105.91,0.9226,1
g13_00043_3.tif,6916723,66.58,0.6905,1
g13_00043_3.tif,6985658,77.92,0.8732,1
g13_00043_3.tif,6985741,86.48,0.0,0
g13_00043_3.tif,7077538,32.84,0.0,0
g13_00043_3.tif,7077539,20.79,0.0,0
g13_00043_4.tif,6164648,16.36,0.009,0
g13_00043_4.tif,6164649,19.88,0.0059,0
g13_00043_4.tif,6164650,117.16,0.7921,1
g13_00043_4.tif,6164653,21.27,0.0,0
g13_00043_4.tif,6164654,19.88,0.0,0
g13_00043_4.tif,6164817,88.11,0.6897,1
g13_00043_4.tif,6170221,103.09,0.6976,1
g13_00043_4.tif,6170237,54.3,0.0,0
g13_00043_4.tif,6218807,68.91,0.6904,1
g13_00043_4.tif,6222910,105.29,0.7656,1
g13_00043_4.tif,6266455,109.0,0.83,1
g13_00043_4.tif,6285144,37.42,0.6568,1
g13_00043_4.tif,6285146,71.51,0.7886,1
g13_00043_4.tif,6285149,35.55,0.5067,1
g13_00043_4.tif,6285322,60.9,0.4802,0
g13_00043_4.tif,6357692,88.51,0.77,1
g13_00043_4.tif,6357693,64.52,0.791,1
g13_00043_4.tif,6357698,71.51,0.6787,1
g13_00043_4.tif,6410552,59.4,0.7511,1
g13_00043_4.tif,6514737,108.44,0.849,1
g13_00043_4.tif,6514739,12.47,0.0,0
g13_00043_4.tif,6514741,74.45,0.8425,1
g13_00043_4.tif,6514745,47.17,0.8047,1
g13_00043_4.tif,6514750,71.34,0.6695,1
g13_00043_4.tif,6514758,84.79,0.6244,1
g13_00043_4.tif,6514765,37.42,0.6015,1
g13_00043_4.tif,6514766,71.34,0.6667,1
g13_00043_4.tif,6644256,30.48,0.0,0
g13_00043_4.tif,6644270,77.92,0.7247,1
g13_00043_4.tif,6644284,63.45,0.6483,1
g13_00043_4.tif,6660158,57.4,0.4611,0
g13_00043_4.tif,6660164,51.23,0.7556,1
g13_00043_4.tif,6660175,45.74,0.6246,1
g13_00043_4.tif,6660179,36.88,0.4267,0
g13_00043_4.tif,6756449,50.0,0.7263,1
g13_00043_4.tif,6756469,31.89,0.3893,0
g13_00043_4.tif,6756472,19.88,0.3684,0
g13_00043_4.tif,6836164,64.52,0.6893,1
g13_00043_4.tif,6916730,12.47,0.0123,0
g13_00043_4.tif,6919721,75.25,0.0,0
g13_00043_4.tif,7050884,50.0,0.0046,0
g13_00043_4.tif,7050885,16.36,0.0,0
g13_00043_4.tif,7050902,19.88,0.007,0
g13_00045_14.tif,6150089,62.39,0.7548,1
g13_00045_14.tif,6277952,54.07,0.2994,0
g13_00045_14.tif,6299599,20.8,0.1862,0
g13_00045_14.tif,6367461,29.11,0.7788,1
g13_00045_14.tif,6367495,45.75,0.203,0
g13_00045_14.tif,6367534,20.8,0.2397,0
g13_00045_14.tif,6367591,62.39,0.7843,1
g13_00045_14.tif,6381201,35.55,0.7326,1
g13_00045_14.tif,6387948,189.73,0.902,1
g13_00045_14.tif,6387949,179.99,0.851,1
g13_00045_14.tif,6387951,152.06,0.8408,1
g13_00045_14.tif,6387970,66.59,0.8648,1
g13_00045_14.tif,6387971,70.7,0.4111,0
g13_00045_14.tif,6404495,29.11,0.6849,1
g13_00045_14.tif,6561635,90.45,0.8341,1
g13_00045_14.tif,6585238,141.77,0.8409,1
g13_00045_14.tif,6671295,83.58,0.7639,1
g13_00045_14.tif,6671296,81.59,0.7493,1
g13_00045_14.tif,6671303,66.59,0.6811,1
g13_00045_14.tif,6671338,140.05,0.8692,1
g13_00045_14.tif,6671368,123.01,0.8723,1
g13_00045_14.tif,6752735,12.48,0.0,0
g13_00045_14.tif,6759745,45.75,0.3972,0
g13_00045_14.tif,6796535,137.35,0.8387,1
g13_00045_14.tif,6796540,56.5,0.7593,1
g13_00045_14.tif,6796582,137.35,0.7422,1
g13_00045_14.tif,6796583,58.83,0.6608,1
g13_00045_14.tif,6919729,106.62,0.876,1
g13_00045_14.tif,6985638,79.02,0.4993,0
g13_00045_14.tif,6985744,101.97,0.6038,1
g13_00045_14.tif,6992908,112.91,0.8838,1
g13_00045_15.tif,6160562,131.08,0.5384,1
g13_00045_15.tif,6168948,104.16,0.4374,0
g13_00045_15.tif,6168951,60.9,0.2446,0
g13_00045_15.tif,6194313,43.88,0.0,0
g13_00045_15.tif,6194323,12.48,0.0,0
g13_00045_15.tif,6194332,16.36,0.0,0
g13_00045_15.tif,6252264,103.1,0.8661,1
g13_00045_15.tif,6299598,30.49,0.0,0
g13_00045_15.tif,6327061,129.55,0.8958,1
g13_00045_15.tif,6330034,79.02,0.3497,0
g13_00045_15.tif,6368949,79.96,0.7789,1
g13_00045_15.tif,6368951,55.93,0.0,0
g13_00045_15.tif,6368962,36.89,0.0,0
g13_00045_15.tif,6368963,97.57,0.8223,1
g13_00045_15.tif,6387948,255.52,0.9038,1
g13_00045_15.tif,6387979,58.19,0.2753,0
g13_00045_15.tif,6387987,32.84,0.7184,1
g13_00045_15.tif,6409664,21.27,0.7619,1
g13_00045_15.tif,6409665,21.27,0.0556,0
g13_00045_15.tif,6410548,188.45,0.9133,1
g13_00045_15.tif,6461980,83.58,0.7756,1
g13_00045_15.tif,6514761,7.86,0.0,0
g13_00045_15.tif,6514767,25.07,0.1111,0
g13_00045_15.tif,6561619,10.46,0.0,0
g13_00045_15.tif,6573154,137.25,0.8252,1
g13_00045_15.tif,6594747,70.7,0.0,0
g13_00045_15.tif,6594748,128.93,0.8586,1
g13_00045_15.tif,6630470,79.96,0.7713,1
g13_00045_15.tif,6749803,172.83,0.8571,1
g13_00045_15.tif,6766308,226.67,0.579,1
g13_00045_15.tif,6833615,106.63,0.7121,1
g13_00045_15.tif,6833636,89.68,0.6075,1
g13_00045_15.tif,6833936,58.83,0.2641,0
g13_00045_15.tif,6837885,16.36,0.0,0
g13_00045_15.tif,6854905,50.0,0.7845,1
g13_00045_15.tif,6854987,97.57,0.9006,1
g13_00045_15.tif,6854988,97.57,0.4605,0
g13_00045_15.tif,6894304,71.35,0.8182,1
g13_00045_15.tif,6919729,70.7,0.8052,1
g13_00045_15.tif,7077892,78.93,0.8187,1
g13_00045_16.tif,6116131,58.83,0.6814,1
g13_00045_16.tif,6160562,31.22,0.0976,0
g13_00045_16.tif,6285157,55.3,0.6354,1
g13_00045_16.tif,6311207,74.47,0.7819,1
g13_00045_16.tif,6318670,50.0,0.0,0
g13_00045_16.tif,6330034,91.98,0.7924,1
g13_00045_16.tif,6367438,12.48,0.0,0
g13_00045_16.tif,6368949,79.08,0.2961,0
g13_00045_16.tif,6368963,43.88,0.6471,1
g13_00045_16.tif,6409599,29.11,0.5417,1
g13_00045_16.tif,6409664,43.91,0.6865,1
g13_00045_16.tif,6409665,30.49,0.2445,0
g13_00045_16.tif,6410550,39.69,0.7007,1
g13_00045_16.tif,6410552,55.3,0.6758,1
g13_00045_16.tif,6514761,101.97,0.6062,1
g13_00045_16.tif,6606330,118.98,0.8615,1
g13_00045_16.tif,6606331,50.0,0.544,1
g13_00045_16.tif,6644275,35.55,0.5235,1
g13_00045_16.tif,6644290,39.13,0.6056,1
g13_00045_16.tif,6649023,30.49,0.5258,1
g13_00045_16.tif,6676416,31.89,0.0465,0
g13_00045_16.tif,6756443,117.69,0.8218,1
g13_00045_16.tif,6756450,39.69,0.5464,1
g13_00045_16.tif,6794895,83.58,0.7178,1
g13_00045_16.tif,6794898,112.34,0.591,1
g13_00045_16.tif,6854934,122.97,0.7663,1
g13_00045_16.tif,6854987,104.16,0.4119,0
g13_00045_16.tif,6854988,93.41,0.2471,0
g13_00045_16.tif,6894304,80.37,0.4137,0
g13_00045_16.tif,6919730,137.14,0.8694,1
g13_00045_16.tif,6919734,55.3,0.8746,1
g13_00045_16.tif,6985702,43.88,0.7471,1
g13_00045_16.tif,7050890,55.93,0.6323,1
g13_00045_16.tif,7050898,16.36,0.0191,0
g13_00045_16.tif,7065401,10.46,0.072,0
g13_00047_14.tif,6128080,55.93,0.7789,1
g13_00047_14.tif,6148356,66.61,0.0,0
g13_00047_14.tif,6148357,16.37,0.0,0
g13_00047_14.tif,6155010,25.07,0.0,0
g13_00047_14.tif,6260313,77.94,0.8333,1
g13_00047_14.tif,6260314,54.31,0.0015,0
g13_00047_14.tif,6260316,66.61,0.0,0
g13_00047_14.tif,6260318,63.48,0.6578,1
g13_00047_14.tif,6260349,16.37,0.0,0
g13_00047_14.tif,6272812,54.31,0.649,1
g13_00047_14.tif,6272859,7.86,0.0095,0
g13_00047_14.tif,6468235,66.61,0.8328,1
g13_00047_14.tif,6468239,62.4,0.797,1
g13_00047_14.tif,6468247,10.46,0.0,0
g13_00047_14.tif,6489321,10.46,0.0,0
g13_00047_14.tif,6519248,39.69,0.0,0
g13_00047_14.tif,6519249,58.19,0.0,0
g13_00047_14.tif,6519250,55.93,0.0,0
g13_00047_14.tif,6519251,54.08,0.0,0
g13_00047_14.tif,6519253,43.88,0.0,0
g13_00047_14.tif,6531802,29.12,0.4021,0
g13_00047_14.tif,6531808,25.07,0.4444,0
g13_00047_14.tif,6531860,43.88,0.4186,0
g13_00047_14.tif,6534392,58.85,0.5738,1
g13_00047_14.tif,6535730,35.55,0.0,0
g13_00047_14.tif,6535731,30.49,0.1753,0
g13_00047_14.tif,6535734,23.54,0.0,0
g13_00047_14.tif,6535741,25.07,0.0,0
g13_00047_14.tif,6535861,20.8,0.0,0
g13_00047_14.tif,6590038,29.12,0.0,0
g13_00047_14.tif,6590054,23.54,0.0,0
g13_00047_14.tif,6629370,37.44,0.4427,0
g13_00047_14.tif,6653925,82.44,0.6826,1
g13_00047_14.tif,6692523,19.87,0.0,0
g13_00047_14.tif,6734117,87.36,0.0,0
g13_00047_14.tif,6734121,29.12,0.519,1
g13_00047_14.tif,6752830,29.12,0.3872,0
g13_00047_14.tif,6761820,10.46,0.0,0
g13_00047_14.tif,6761827,19.87,0.0,0
g13_00047_14.tif,6762064,29.12,0.5165,1
g13_00047_14.tif,6762068,10.46,0.0,0
g13_00047_14.tif,6821039,105.32,0.7475,1
g13_00047_14.tif,6854684,67.94,0.0,0
g13_00047_14.tif,6859712,43.88,0.75,1
g13_00047_14.tif,6859716,10.46,0.0,0
g13_00047_14.tif,6880789,63.48,0.3367,0
g13_00047_14.tif,6880802,7.86,0.0,0
g13_00047_14.tif,7007433,70.72,0.7324,1
g13_00047_14.tif,7007434,44.62,0.6881,1
g13_00047_14.tif,7007435,45.76,0.3517,0
g13_00047_14.tif,7007436,74.49,0.7148,1
g13_00047_14.tif,7007438,30.49,0.49,0
g13_00047_14.tif,7007439,36.89,0.5843,1
g13_00047_14.tif,7007486,36.89,0.1696,0
g13_00047_14.tif,7007487,36.89,0.5804,1
g13_00047_14.tif,7078241,77.94,0.2222,0
g13_00047_15.tif,6107932,30.49,0.5895,1
g13_00047_15.tif,6107933,70.72,0.6417,1
g13_00047_15.tif,6235426,44.9,0.0,0
g13_00047_15.tif,6373169,50.0,0.5871,1
g13_00047_15.tif,6414220,94.21,0.0,0
g13_00047_15.tif,6414223,50.0,0.766,1
g13_00047_15.tif,6414280,23.54,0.717,1
g13_00047_15.tif,6414303,23.54,0.0,0
g13_00047_15.tif,6414414,12.48,0.0,0
g13_00047_15.tif,6454218,31.89,0.0,0
g13_00047_15.tif,6514086,36.89,0.0,0
g13_00047_15.tif,6524559,43.88,0.0,0
g13_00047_15.tif,6687786,16.37,0.0,0
g13_00047_15.tif,6687787,19.87,0.0,0
g13_00047_15.tif,6849017,90.47,0.0,0
g13_00047_15.tif,6849436,43.91,0.0,0
g13_00047_15.tif,6854684,29.12,0.0,0
g13_00047_15.tif,6854692,137.28,0.0,0
g13_00047_15.tif,6854702,103.99,0.0,0
g13_00047_15.tif,6854710,55.93,0.0,0
g13_00047_15.tif,6859711,73.96,0.7494,1
g13_00047_15.tif,6859712,105.94,0.7477,1
g13_00047_15.tif,6863071,67.94,0.764,1
g13_00047_15.tif,6951853,57.42,0.7611,1
g13_00047_15.tif,6951861,54.08,0.0,0
g13_00047_15.tif,6951868,10.46,0.0,0
g13_00047_15.tif,6952080,30.49,0.0,0
g13_00047_15.tif,7061127,20.8,0.0,0
g13_00047_15.tif,7061129,31.89,0.0,0
g13_00047_15.tif,7061138,10.46,0.0,0
g13_00047_16.tif,6107929,10.46,0.0,0
g13_00047_16.tif,6107932,4.16,0.0,0
g13_00047_16.tif,6107933,31.22,0.614,1
g13_00047_16.tif,6180276,36.89,0.6345,1
g13_00047_16.tif,6180277,68.92,0.5573,1
g13_00047_16.tif,6180281,12.48,0.0,0
g13_00047_16.tif,6180516,20.8,0.0,0
g13_00047_16.tif,6193777,68.92,0.6157,1
g13_00047_16.tif,6197801,50.89,0.2903,0
g13_00047_16.tif,6261016,35.55,0.0,0
g13_00047_16.tif,6272391,77.94,0.6692,1
g13_00047_16.tif,6282451,10.46,0.0,0
g13_00047_16.tif,6282457,39.14,0.0,0
g13_00047_16.tif,6349241,16.37,0.0,0
g13_00047_16.tif,6481665,50.89,0.6393,1
g13_00047_16.tif,6669201,44.62,0.52,1
g13_00047_16.tif,6669202,16.37,0.0,0
g13_00047_16.tif,6733739,10.46,0.0,0
g13_00047_16.tif,6799847,67.94,0.3672,0
g13_00047_16.tif,6799854,31.22,0.4811,0
g13_00047_16.tif,6800509,58.85,0.8148,1
g13_00047_16.tif,6944665,12.48,0.0,0
g13_00047_16.tif,6951203,21.27,0.0,0
g13_00047_16.tif,6963742,43.91,0.4752,0
g13_00047_16.tif,6967114,46.71,0.0,0
g13_00047_16.tif,6967125,30.49,0.0,0
g13_00047_16.tif,7007098,62.4,0.0,0
g13_00047_16.tif,7061127,16.37,0.3684,0
g13_00047_16.tif,7061128,23.54,0.08,0
g13_00049_6.tif,6131300,19.87,0.0,0
g13_00049_6.tif,6132744,46.71,0.5622,1
g13_00049_6.tif,6132745,21.27,0.4792,0
g13_00049_6.tif,6132746,43.91,0.5522,1
g13_00049_6.tif,6132764,7.86,0.0,0
g13_00049_6.tif,6132766,16.37,0.0,0
g13_00049_6.tif,6132792,7.86,0.0123,0
g13_00049_6.tif,6132795,10.46,0.2935,0
g13_00049_6.tif,6245104,10.46,0.0,0
g13_00049_6.tif,6245105,57.42,0.6582,1
g13_00049_6.tif,6245107,55.93,0.7839,1
g13_00049_6.tif,6249978,43.88,0.5429,1
g13_00049_6.tif,6249979,12.48,0.0,0
g13_00049_6.tif,6249980,51.25,0.5285,1
g13_00049_6.tif,6249983,29.12,0.1667,0
g13_00049_6.tif,6250039,36.89,0.0,0
g13_00049_6.tif,6250070,23.54,0.1376,0
g13_00049_6.tif,6250100,10.46,0.0,0
g13_00049_6.tif,6344224,36.89,0.7306,1
g13_00049_6.tif,6344227,44.62,0.3162,0
g13_00049_6.tif,6344229,55.93,0.4768,0
g13_00049_6.tif,6344234,10.46,0.0,0
g13_00049_6.tif,6344236,10.46,0.0,0
g13_00049_6.tif,6344313,12.48,0.0,0
g13_00049_6.tif,6344359,31.89,0.5248,1
g13_00049_6.tif,6442944,82.44,0.6536,1
g13_00049_6.tif,6442945,55.93,0.6578,1
g13_00049_6.tif,6442946,12.48,0.0,0
g13_00049_6.tif,6442959,58.85,0.4532,0
g13_00049_6.tif,6442967,39.14,0.5983,1
g13_00049_6.tif,6442980,20.8,0.0,0
g13_00049_6.tif,6442982,12.48,0.0595,0
g13_00049_6.tif,6442985,12.48,0.1127,0
g13_00049_6.tif,6649709,79.96,0.6993,1
g13_00049_6.tif,6649717,39.14,0.6289,1
g13_00049_6.tif,6751240,7.86,0.0,0
g13_00049_6.tif,6770197,69.84,0.8528,1
g13_00049_6.tif,6770204,79.04,0.8375,1
g13_00049_6.tif,6770212,71.68,0.7227,1
g13_00049_6.tif,6770214,70.72,0.5308,1
g13_00049_6.tif,6770228,12.48,0.5263,1
g13_00049_6.tif,6770229,20.8,0.619,1
g13_00049_6.tif,6770282,58.85,0.6402,1
g13_00049_6.tif,6770298,55.31,0.4552,0
g13_00049_6.tif,6770299,70.72,0.4603,0
g13_00049_6.tif,6770300,95.16,0.8144,1
g13_00049_6.tif,6866782,20.8,0.1464,0
g13_00049_6.tif,7016556,77.94,0.7952,1
g13_00049_6.tif,7016558,20.8,0.0,0
g13_00049_7.tif,6092740,44.9,0.0994,0
g13_00049_7.tif,6110234,25.07,0.5321,1
g13_00049_7.tif,6110236,25.07,0.455,0
g13_00049_7.tif,6110343,7.86,0.2,0
g13_00049_7.tif,6110348,31.89,0.4,0
g13_00049_7.tif,6110380,19.87,0.1311,0
g13_00049_7.tif,6221412,43.91,0.44,0
g13_00049_7.tif,6221414,10.46,0.0,0
g13_00049_7.tif,6221416,35.55,0.1177,0
g13_00049_7.tif,6221418,43.91,0.3868,0
g13_00049_7.tif,6223332,43.91,0.6634,1
g13_00049_7.tif,6252455,77.94,0.8237,1
g13_00049_7.tif,6252459,50.89,0.5561,1
g13_00049_7.tif,6252461,43.91,0.4646,0
g13_00049_7.tif,6252523,7.86,0.0,0
g13_00049_7.tif,6264627,75.25,0.6784,1
g13_00049_7.tif,6283035,16.37,0.21,0
g13_00049_7.tif,6327981,39.69,0.511,1
g13_00049_7.tif,6327992,19.87,0.0484,0
g13_00049_7.tif,6328106,16.37,0.0976,0
g13_00049_7.tif,6341375,31.22,0.2171,0
g13_00049_7.tif,6341390,67.94,0.8459,1
g13_00049_7.tif,6344227,20.8,0.0,0
g13_00049_7.tif,6344359,36.89,0.4493,0
g13_00049_7.tif,6380399,80.37,0.7679,1
g13_00049_7.tif,6380403,43.88,0.0,0
g13_00049_7.tif,6380405,69.84,0.8123,1
g13_00049_7.tif,6380406,64.34,0.6098,1
g13_00049_7.tif,6380407,43.88,0.0,0
g13_00049_7.tif,6380409,10.46,0.0663,0
g13_00049_7.tif,6380411,20.8,0.0,0
g13_00049_7.tif,6398751,45.76,0.6736,1
g13_00049_7.tif,6437936,31.89,0.5,1
g13_00049_7.tif,6562856,19.87,0.2178,0
g13_00049_7.tif,6635606,31.89,0.5703,1
g13_00049_7.tif,6649740,43.88,0.1921,0
g13_00049_7.tif,6653561,147.52,0.8621,1
g13_00049_7.tif,6653566,103.99,0.7753,1
g13_00049_7.tif,6756601,16.37,0.0545,0
g13_00049_7.tif,6756616,29.12,0.0,0
g13_00049_7.tif,6770204,29.12,0.6351,1
g13_00049_7.tif,6770205,75.25,0.7604,1
g13_00049_7.tif,6770206,68.92,0.6165,1
g13_00049_7.tif,6770222,19.87,0.1896,0
g13_00049_7.tif,6770225,46.71,0.534,1
g13_00049_7.tif,6770232,45.76,0.7261,1
g13_00049_7.tif,6770284,83.54,0.7363,1
g13_00049_7.tif,6770292,128.96,0.7102,1
g13_00049_7.tif,6774587,43.91,0.3769,0
g13_00049_7.tif,6774588,59.41,0.6801,1
g13_00049_7.tif,6774592,19.87,0.1499,0
g13_00049_7.tif,6774593,43.91,0.4887,0
g13_00049_7.tif,6774598,30.49,0.1624,0
g13_00049_7.tif,6805398,82.44,0.8162,1
g13_00049_7.tif,6823606,77.94,0.7995,1
g13_00049_7.tif,6829264,82.44,0.5072,1
g13_00049_7.tif,6860112,55.93,0.6505,1
g13_00049_7.tif,6860115,31.89,0.0,0
g13_00049_7.tif,6862588,16.37,0.0,0
g13_00049_7.tif,6887688,81.59,0.7044,1
g13_00049_7.tif,6894186,39.14,0.656,1
g13_00049_7.tif,7000878,64.53,0.6405,1
g13_00049_7.tif,7034472,31.89,0.5781,1
g13_00049_8.tif,6098023,30.49,0.6601,1
g13_00049_8.tif,6110175,67.94,0.7794,1
g13_00049_8.tif,6110177,43.88,0.668,1
g13_00049_8.tif,6110179,12.48,0.0628,0
g13_00049_8.tif,6120224,121.85,0.528,1
g13_00049_8.tif,6120228,79.04,0.7637,1
g13_00049_8.tif,6176673,43.88,0.0,0
g13_00049_8.tif,6184806,74.49,0.7603,1
g13_00049_8.tif,6184827,50.0,0.7644,1
g13_00049_8.tif,6214880,37.44,0.3167,0
g13_00049_8.tif,6214903,10.46,0.0,0
g13_00049_8.tif,6223341,36.89,0.2022,0
g13_00049_8.tif,6232032,51.25,0.6883,1
g13_00049_8.tif,6252463,55.93,0.6996,1
g13_00049_8.tif,6252465,23.54,0.1658,0
g13_00049_8.tif,6253354,63.48,0.8615,1
g13_00049_8.tif,6264621,57.42,0.6851,1
g13_00049_8.tif,6264622,50.0,0.6391,1
g13_00049_8.tif,6283032,95.68,0.7645,1
g13_00049_8.tif,6283036,47.19,0.7963,1
g13_00049_8.tif,6338362,67.94,0.6719,1
g13_00049_8.tif,6339203,109.85,0.7284,1
g13_00049_8.tif,6341388,25.07,0.1148,0
g13_00049_8.tif,6341390,50.89,0.7622,1
g13_00049_8.tif,6345597,4.16,0.0385,0
g13_00049_8.tif,6345598,43.88,0.6667,1
g13_00049_8.tif,6355204,64.34,0.7927,1
g13_00049_8.tif,6374858,29.12,0.6364,1
g13_00049_8.tif,6380397,43.88,0.1357,0
g13_00049_8.tif,6380401,50.0,0.6341,1
g13_00049_8.tif,6381093,128.58,0.7954,1
g13_00049_8.tif,6397236,31.22,0.6393,1
g13_00049_8.tif,6398006,47.19,0.8553,1
g13_00049_8.tif,6398751,12.48,0.6765,1
g13_00049_8.tif,6398754,30.49,0.1194,0
g13_00049_8.tif,6412989,20.8,0.5924,1
g13_00049_8.tif,6418525,7.86,0.0,0
g13_00049_8.tif,6418526,43.91,0.578,1
g13_00049_8.tif,6418528,10.46,0.0,0
g13_00049_8.tif,6418673,19.87,0.1422,0
g13_00049_8.tif,6418685,7.86,0.0663,0
g13_00049_8.tif,6430631,37.44,0.3144,0
g13_00049_8.tif,6455753,30.49,0.7848,1
g13_00049_8.tif,6494093,39.14,0.4424,0
g13_00049_8.tif,6494119,20.8,0.055,0
g13_00049_8.tif,6494186,4.16,0.04,0
g13_00049_8.tif,6592376,55.93,0.7793,1
g13_00049_8.tif,6613319,125.97,0.8532,1
g13_00049_8.tif,6615615,64.34,0.2741,0
g13_00049_8.tif,6615616,90.47,0.7732,1
g13_00049_8.tif,6670159,21.27,0.6667,1
g13_00049_8.tif,6670162,36.89,0.7952,1
g13_00049_8.tif,6670180,57.42,0.4793,0
g13_00049_8.tif,6670519,10.46,0.0777,0
g13_00049_8.tif,6670537,25.07,0.4813,0
g13_00049_8.tif,6689559,77.94,0.8425,1
g13_00049_8.tif,6710357,31.22,0.7202,1
g13_00049_8.tif,6710358,20.8,0.0,0
g13_00049_8.tif,6710363,54.08,0.6667,1
g13_00049_8.tif,6710364,43.91,0.5459,1
g13_00049_8.tif,6713642,62.4,0.8415,1
g13_00049_8.tif,6751246,176.77,0.7638,1
g13_00049_8.tif,6770213,56.5,0.5592,1
g13_00049_8.tif,6770233,63.48,0.8904,1
g13_00049_8.tif,6770292,187.99,0.6559,1
g13_00049_8.tif,6805403,20.8,0.3398,0
g13_00049_8.tif,6823598,45.76,0.5495,1
g13_00049_8.tif,6823613,57.42,0.2164,0
g13_00049_8.tif,6823614,16.37,0.061,0
g13_00049_8.tif,6841824,37.44,0.5102,1
g13_00049_8.tif,6841834,31.89,0.678,1
g13_00049_8.tif,6841843,54.08,0.7951,1
g13_00049_8.tif,6860114,31.22,0.4481,0
g13_00049_8.tif,6894168,63.48,0.8643,1
g13_00049_8.tif,6894186,20.8,0.4528,0
g13_00049_8.tif,6897698,45.76,0.7585,1
g13_00049_8.tif,6897700,35.55,0.5157,1
g13_00049_8.tif,6897721,65.14,0.5345,1
g13_00049_8.tif,6899693,58.85,0.6244,1
g13_00049_8.tif,6906333,153.93,0.9544,1
g13_00049_8.tif,6906421,66.61,0.5722,1
g13_00049_8.tif,6906422,45.76,0.7106,1
g13_00049_8.tif,6997569,74.49,0.7679,1
g13_00049_8.tif,6997572,88.53,0.8097,1
g13_00049_8.tif,6997575,37.44,0.1304,0
g13_00049_8.tif,6997584,30.49,0.4155,0
g13_00049_8.tif,7000868,37.44,0.0,0
g13_00050_7.tif,6128080,55.92,0.7876,1
g13_00050_7.tif,6128102,64.35,0.5455,1
g13_00050_7.tif,6396835,21.27,0.0,0
g13_00050_7.tif,6460493,57.43,0.6474,1
g13_00050_7.tif,6467981,46.71,0.0,0
g13_00050_7.tif,6467982,10.46,0.0,0
g13_00050_7.tif,6467985,12.48,0.0,0
g13_00050_7.tif,6467986,45.77,0.3617,0
g13_00050_7.tif,6484282,12.48,0.0081,0
g13_00050_7.tif,6484421,97.58,0.7586,1
g13_00050_7.tif,6484482,55.92,0.2981,0
g13_00050_7.tif,6484509,19.87,0.0196,0
g13_00050_7.tif,6498496,117.8,0.3898,0
g13_00050_7.tif,6534390,32.84,0.0,0
g13_00050_7.tif,6534401,82.46,0.6164,1
g13_00050_7.tif,6534402,43.89,0.1718,0
g13_00050_7.tif,6591771,35.55,0.0009,0
g13_00050_7.tif,6591772,10.46,0.0,0
g13_00050_7.tif,6597015,16.37,0.0,0
g13_00050_7.tif,6619656,91.86,0.8656,1
g13_00050_7.tif,6629370,29.13,0.2933,0
g13_00050_7.tif,6629371,20.81,0.0,0
g13_00050_7.tif,6678677,90.49,0.8652,1
g13_00050_7.tif,6692523,44.91,0.0,0
g13_00050_7.tif,6758748,44.91,0.3253,0
g13_00050_7.tif,6854676,218.12,0.2339,0
g13_00050_7.tif,6854677,62.42,0.0,0
g13_00050_7.tif,6854684,200.13,0.3768,0
g13_00050_7.tif,6854704,119.02,0.3839,0
g13_00050_7.tif,6854705,70.74,0.8201,1
g13_00050_7.tif,7078241,91.86,0.7894,1
g13_00050_7.tif,7079352,83.54,0.711,1
g13_00050_8.tif,6123472,23.55,0.0,0
g13_00050_8.tif,6194605,19.87,0.0,0
g13_00050_8.tif,6519254,20.81,0.0,0
g13_00050_8.tif,6549572,64.35,0.0,0
g13_00050_8.tif,6854676,132.86,0.4701,0
g13_00050_8.tif,6854677,44.62,0.0,0
g13_00050_8.tif,6854684,106.67,0.7841,1
g13_00050_8.tif,6854688,164.01,0.3527,0
g13_00050_8.tif,6854692,109.88,0.0,0
g13_00050_8.tif,6854695,187.41,0.076,0
g13_00050_8.tif,6854703,137.54,0.2765,0
g13_00050_8.tif,6854705,70.74,0.0,0
g13_00050_8.tif,6854706,68.93,0.0,0
g13_00050_8.tif,6854707,74.5,0.0,0
g13_00050_8.tif,6854708,43.91,0.0,0
g13_00050_8.tif,7017161,10.46,0.0,0
g13_00050_9.tif,6083760,19.87,0.1435,0
g13_00050_9.tif,6084863,19.87,0.4028,0
g13_00050_9.tif,6084865,29.13,0.6,1
g13_00050_9.tif,6127129,19.87,0.0,0
g13_00050_9.tif,6184396,19.87,0.0,0
g13_00050_9.tif,6249710,19.87,0.0,0
g13_00050_9.tif,6255363,19.87,0.073,0
g13_00050_9.tif,6267715,23.55,0.0,0
g13_00050_9.tif,6267718,21.27,0.0,0
g13_00050_9.tif,6276533,10.46,0.0,0
g13_00050_9.tif,6306413,21.27,0.1348,0
g13_00050_9.tif,6327072,90.49,0.7677,1
g13_00050_9.tif,6327075,19.87,0.3792,0
g13_00050_9.tif,6346067,39.15,0.0,0
g13_00050_9.tif,6349551,43.91,0.0727,0
g13_00050_9.tif,6349659,31.89,0.1477,0
g13_00050_9.tif,6371584,31.89,0.3036,0
g13_00050_9.tif,6371585,43.91,0.6157,1
g13_00050_9.tif,6371595,62.42,0.7304,1
g13_00050_9.tif,6375906,23.55,0.0,0
g13_00050_9.tif,6418055,39.69,0.1957,0
g13_00050_9.tif,6418056,31.89,0.2453,0
g13_00050_9.tif,6418062,31.89,0.2505,0
g13_00050_9.tif,6452170,29.13,0.0,0
g13_00050_9.tif,6452354,19.87,0.0,0
g13_00050_9.tif,6524874,16.37,0.018,0
g13_00050_9.tif,6542721,16.37,0.0,0
g13_00050_9.tif,6542723,37.45,0.0,0
g13_00050_9.tif,6549571,55.92,0.4645,0
g13_00050_9.tif,6549576,69.84,0.4528,0
g13_00050_9.tif,6550113,112.35,0.8941,1
g13_00050_9.tif,6550140,95.16,0.7603,1
g13_00050_9.tif,6733249,36.9,0.0,0
g13_00050_9.tif,6777712,37.45,0.402,0
g13_00050_9.tif,6788105,64.53,0.6977,1
g13_00050_9.tif,6803791,90.49,0.4834,0
g13_00050_9.tif,6815062,19.87,0.2198,0
g13_00050_9.tif,6821052,19.87,0.0443,0
g13_00050_9.tif,6836771,19.87,0.1649,0
g13_00050_9.tif,6880796,19.87,0.2701,0
g13_00050_9.tif,6880901,69.84,0.1701,0
g13_00050_9.tif,6880906,104.17,0.5221,1
g13_00050_9.tif,6913253,19.87,0.4968,0
g13_00050_9.tif,6969957,16.37,0.0,0
g13_00050_9.tif,6974298,12.48,0.0,0
g13_00050_9.tif,6974300,12.48,0.0,0
g13_00050_9.tif,6974305,30.49,0.0,0
g13_00050_9.tif,6974307,19.87,0.1255,0
g13_00050_9.tif,6974345,55.92,0.6258,1
g13_00050_9.tif,7016232,164.08,0.8693,1
g13_00050_9.tif,7047109,104.03,0.2903,0
g13_00051_18.tif,6182094,108.25,0.0,0
g13_00051_18.tif,6182096,83.54,0.0,0
g13_00051_18.tif,6182097,21.27,0.0,0
g13_00051_18.tif,6196446,64.53,0.0,0
g13_00051_18.tif,6230967,64.53,0.0,0
g13_00051_18.tif,6230968,36.9,0.6271,1
g13_00051_18.tif,6230978,36.9,0.1924,0
g13_00051_18.tif,6339205,78.96,0.5172,1
g13_00051_18.tif,6380410,20.81,0.0,0
g13_00051_18.tif,6381099,64.53,0.3388,0
g13_00051_18.tif,6392095,79.96,0.6686,1
g13_00051_18.tif,6392096,36.9,0.3597,0
g13_00051_18.tif,6435532,25.07,0.2353,0
g13_00051_18.tif,6435607,35.55,0.2042,0
g13_00051_18.tif,6442942,31.89,0.2912,0
g13_00051_18.tif,6442949,79.96,0.7945,1
g13_00051_18.tif,6442971,54.31,0.1424,0
g13_00051_18.tif,6580294,12.48,0.0,0
g13_00051_18.tif,6740436,112.35,0.7054,1
g13_00051_18.tif,6770197,79.96,0.81,1
g13_00051_18.tif,6770198,129.0,0.8221,1
g13_00051_18.tif,6770207,79.06,0.4209,0
g13_00051_18.tif,6770211,57.43,0.6697,1
g13_00051_18.tif,6770219,10.46,0.0,0
g13_00051_18.tif,6770226,43.89,0.835,1
g13_00051_18.tif,6774586,64.35,0.6293,1
g13_00051_18.tif,6774595,51.26,0.7287,1
g13_00051_18.tif,7000827,133.79,0.8091,1
g13_00051_18.tif,7000892,37.45,0.5702,1
g13_00051_18.tif,7016546,44.62,0.0,0
g13_00051_18.tif,7016549,7.86,0.0,0
g13_00051_18.tif,7016556,19.87,0.0,0
g13_00051_18.tif,7041632,68.93,0.2196,0
g13_00051_18.tif,7049823,65.15,0.2698,0
g13_00051_18.tif,7049826,64.35,0.0,0
g13_00051_18.tif,7052350,43.91,0.5774,1
g13_00051_18.tif,7052415,19.87,0.1847,0
g13_00052_0.tif,6087986,12.48,0.0,0
g13_00052_0.tif,6182091,84.84,0.0,0
g13_00052_0.tif,6182098,91.98,0.0,0
g13_00052_0.tif,6190797,4.16,0.0,0
g13_00052_0.tif,6190799,39.69,0.0,0
g13_00052_0.tif,6190800,12.48,0.0,0
g13_00052_0.tif,6190801,79.53,0.0,0
g13_00052_0.tif,6190803,50.9,0.0,0
g13_00052_0.tif,6217734,117.71,0.4885,0
g13_00052_0.tif,6226250,39.69,0.0,0
g13_00052_0.tif,6296607,63.49,0.2064,0
g13_00052_0.tif,6327992,12.48,0.0405,0
g13_00052_0.tif,6341375,23.55,0.2156,0
g13_00052_0.tif,6380403,39.69,0.0,0
g13_00052_0.tif,6649705,106.67,0.7504,1
g13_00052_0.tif,6649736,43.89,0.1856,0
g13_00052_0.tif,6649740,29.13,0.1757,0
g13_00052_0.tif,6740436,36.9,0.6173,1
g13_00052_0.tif,6770195,128.59,0.8076,1
g13_00052_0.tif,6770222,19.87,0.6628,1
g13_00052_0.tif,6770238,120.16,0.6772,1
g13_00052_0.tif,6770239,91.86,0.7643,1
g13_00052_0.tif,6774587,19.87,0.0537,0
g13_00052_0.tif,6774589,43.91,0.2198,0
g13_00052_0.tif,6774591,32.84,0.0,0
g13_00052_0.tif,6803761,44.91,0.6609,1
g13_00052_0.tif,6829264,50.9,0.4859,0
g13_00052_0.tif,6860113,43.89,0.0715,0
g13_00052_0.tif,6873366,57.43,0.0,0
g13_00052_0.tif,7000847,93.66,0.2302,0
g13_00052_0.tif,7000892,46.71,0.723,1
g13_00052_0.tif,7034472,91.86,0.7244,1
g13_00052_0.tif,7038771,58.19,0.0,0
g13_00052_0.tif,7038772,117.71,0.0,0
g13_00052_0.tif,7038773,68.42,0.0,0
g13_00052_0.tif,7038774,63.49,0.0,0
g13_00052_0.tif,7038775,44.91,0.0,0
g13_00052_0.tif,7038776,16.37,0.0,0
g13_00052_1.tif,6190469,12.48,0.0,0
g13_00052_1.tif,6190470,70.74,0.0,0
g13_00052_1.tif,6190471,55.92,0.0,0
g13_00052_1.tif,6190474,111.72,0.0,0
g13_00052_1.tif,6190475,43.89,0.0,0
g13_00052_1.tif,6190796,132.31,0.0,0
g13_00052_1.tif,6190797,77.96,0.0,0
g13_00052_1.tif,6190799,66.62,0.0,0
g13_00052_1.tif,6190800,39.69,0.0,0
g13_00052_1.tif,6190801,29.13,0.0,0
g13_00052_1.tif,6190803,25.07,0.0,0
g13_00052_1.tif,6194785,87.39,0.0,0
g13_00052_1.tif,6196445,108.47,0.0,0
g13_00052_1.tif,6264619,12.48,0.0,0
g13_00052_1.tif,6264621,79.09,0.6955,1
g13_00052_1.tif,6296608,12.48,0.0,0
g13_00052_1.tif,6414261,31.23,0.0,0
g13_00052_1.tif,6418525,19.87,0.0,0
g13_00052_1.tif,6418526,10.46,0.0,0
g13_00052_1.tif,6897617,47.2,0.0,0
g13_00052_1.tif,6897709,43.91,0.0,0
g13_00052_1.tif,6997566,98.16,0.0,0
g13_00052_1.tif,7038773,19.87,0.0,0
g13_00053_0.tif,6971221,64.36,0.69,1
g13_00053_0.tif,6980488,54.11,0.7846,1
g13_00053_0.tif,7047120,12.49,0.0,0
g13_00053_1.tif,6160273,10.46,0.0,0
g13_00053_1.tif,6165943,19.87,0.0,0
g13_00053_1.tif,6421433,55.92,0.7063,1
g13_00053_1.tif,6421438,4.16,0.0,0
g13_00053_1.tif,6421450,30.5,0.0,0
g13_00053_1.tif,6421451,29.14,0.0,0
g13_00053_1.tif,6421553,55.92,0.0,0
g13_00053_1.tif,6615155,10.46,0.0,0
g13_00053_1.tif,6615156,58.19,0.6933,1
g13_00053_1.tif,6971221,62.43,0.7787,1
g13_00053_1.tif,6993334,103.99,0.8004,1
g13_00053_2.tif,6132336,29.14,0.6034,1
g13_00053_2.tif,6132337,50.01,0.6514,1
g13_00053_2.tif,6140907,70.76,0.6929,1
g13_00053_2.tif,6149368,21.27,0.7216,1
g13_00053_2.tif,6149370,10.46,0.0,0
g13_00053_2.tif,6149372,16.37,0.0,0
g13_00053_2.tif,6160265,36.9,0.6826,1
g13_00053_2.tif,6160277,69.84,0.6926,1
g13_00053_2.tif,6160281,29.14,0.471,0
g13_00053_2.tif,6160291,44.62,0.5741,1
g13_00053_2.tif,6187098,21.27,0.0,0
g13_00053_2.tif,6187099,16.37,0.0,0
g13_00053_2.tif,6187100,21.27,0.3286,0
g13_00053_2.tif,6187104,10.46,0.0,0
g13_00053_2.tif,6194610,21.27,0.5211,1
g13_00053_2.tif,6211547,58.19,0.0,0
g13_00053_2.tif,6211551,25.08,0.0,0
g13_00053_2.tif,6211553,21.27,0.3031,0
g13_00053_2.tif,6276533,94.25,0.7555,1
g13_00053_2.tif,6281545,39.16,0.4641,0
g13_00053_2.tif,6290650,31.89,0.4781,0
g13_00053_2.tif,6290654,32.84,0.3812,0
g13_00053_2.tif,6300983,10.46,0.0128,0
g13_00053_2.tif,6306408,67.94,0.6516,1
g13_00053_2.tif,6319440,31.89,0.1136,0
g13_00053_2.tif,6319490,39.69,0.2736,0
g13_00053_2.tif,6320537,83.59,0.6016,1
g13_00053_2.tif,6320538,25.08,0.0,0
g13_00053_2.tif,6340045,39.16,0.5884,1
g13_00053_2.tif,6340053,35.55,0.2694,0
g13_00053_2.tif,6350851,31.24,0.0,0
g13_00053_2.tif,6350859,75.26,0.573,1
g13_00053_2.tif,6350862,98.58,0.5788,1
g13_00053_2.tif,6350868,37.46,0.0,0
g13_00053_2.tif,6350914,12.49,0.0,0
g13_00053_2.tif,6371592,55.92,0.6712,1
g13_00053_2.tif,6371614,44.91,0.7107,1
g13_00053_2.tif,6371622,68.93,0.2537,0
g13_00053_2.tif,6410810,51.27,0.1236,0
g13_00053_2.tif,6413043,39.69,0.4845,0
g13_00053_2.tif,6413045,30.5,0.4625,0
g13_00053_2.tif,6413048,30.5,0.3706,0
g13_00053_2.tif,6413049,30.5,0.3595,0
g13_00053_2.tif,6413051,46.71,0.0658,0
g13_00053_2.tif,6417241,21.27,0.0,0
g13_00053_2.tif,6418200,10.46,0.0,0
g13_00053_2.tif,6421431,55.92,0.2434,0
g13_00053_2.tif,6421433,29.14,0.6032,1
g13_00053_2.tif,6421434,60.91,0.7134,1
g13_00053_2.tif,6421437,20.81,0.155,0
g13_00053_2.tif,6421440,21.27,0.3857,0
g13_00053_2.tif,6421451,10.46,0.0,0
g13_00053_2.tif,6426493,10.46,0.0,0
g13_00053_2.tif,6426517,10.46,0.0,0
g13_00053_2.tif,6437466,10.46,0.0,0
g13_00053_2.tif,6437839,19.87,0.0031,0
g13_00053_2.tif,6464992,12.49,0.0,0
g13_00053_2.tif,6465006,12.49,0.0,0
g13_00053_2.tif,6465105,31.89,0.2901,0
g13_00053_2.tif,6469706,32.84,0.3975,0
g13_00053_2.tif,6551690,106.69,0.5656,1
g13_00053_2.tif,6614064,79.96,0.8306,1
g13_00053_2.tif,6614068,71.72,0.6061,1
g13_00053_2.tif,6615156,20.81,0.76,1
g13_00053_2.tif,6654894,25.08,0.4263,0
g13_00053_2.tif,6678697,16.37,0.2155,0
g13_00053_2.tif,6733237,21.27,0.0,0
g13_00053_2.tif,6733240,31.89,0.0,0
g13_00053_2.tif,6733245,16.37,0.0304,0
g13_00053_2.tif,6733250,19.87,0.446,0
g13_00053_2.tif,6736343,4.16,0.0,0
g13_00053_2.tif,6736390,10.46,0.1053,0
g13_00053_2.tif,6741496,21.27,0.4219,0
g13_00053_2.tif,6755862,31.24,0.2153,0
g13_00053_2.tif,6755890,55.92,0.0,0
g13_00053_2.tif,6780862,12.49,0.0,0
g13_00053_2.tif,6788115,44.62,0.2038,0
g13_00053_2.tif,6788124,16.37,0.0,0
g13_00053_2.tif,6808345,10.46,0.0,0
g13_00053_2.tif,6845777,39.16,0.1639,0
g13_00053_2.tif,6849279,64.53,0.4975,0
g13_00053_2.tif,6882769,55.34,0.273,0
g13_00053_2.tif,6940497,19.87,0.0,0
g13_00053_2.tif,6974301,120.71,0.7916,1
g13_00053_2.tif,6975171,43.91,0.338,0
g13_00053_2.tif,6975172,58.87,0.7507,1
g13_00053_2.tif,6975174,74.52,0.828,1
g13_00053_2.tif,6975182,19.87,0.0,0
g13_00053_2.tif,6975184,19.87,0.0,0
g13_00053_2.tif,6975185,35.55,0.6743,1
g13_00053_2.tif,6993334,23.55,0.6049,1
g13_00053_2.tif,6998388,29.14,0.0,0
g13_00053_2.tif,6998391,10.46,0.0,0
g13_00053_2.tif,7005593,43.91,0.0,0
g13_00053_2.tif,7011682,55.92,0.7471,1
g13_00053_2.tif,7011772,67.94,0.714,1
g13_00053_2.tif,7012517,20.81,0.0,0
g13_00053_2.tif,7022705,12.49,0.0,0
g13_00053_2.tif,7047113,67.94,0.6224,1
g13_00054_11.tif,6103823,21.27,0.0,0
g13_00054_11.tif,6103824,23.55,0.0,0
g13_00054_11.tif,6111508,36.9,0.0,0
g13_00054_11.tif,6427251,20.81,0.0,0
g13_00054_11.tif,6441353,21.27,0.0,0
g13_00054_11.tif,6441354,23.55,0.0,0
g13_00054_11.tif,6451937,16.37,0.0,0
g13_00054_11.tif,6608299,20.81,0.0,0
g13_00054_11.tif,6608300,12.49,0.0,0
g13_00054_11.tif,6813501,31.24,0.0,0
g13_00054_11.tif,6875007,29.14,0.0,0
g13_00054_11.tif,7049821,46.71,0.0,0
g13_00054_12.tif,6142558,43.91,0.0,0
g13_00054_12.tif,6568474,178.98,0.0,0
g13_00054_12.tif,6568478,74.52,0.0,0
g13_00054_12.tif,7049813,145.29,0.0,0
g13_00054_12.tif,7049821,20.81,0.0,0
g13_00054_12.tif,7049827,65.16,0.0,0
g13_00054_12.tif,7049828,54.11,0.0,0
g13_00054_13.tif,6135408,25.08,0.0,0
g13_00054_13.tif,6167515,39.16,0.0,0
g13_00054_13.tif,6178146,23.55,0.0,0
g13_00054_13.tif,6178147,19.87,0.0,0
g13_00054_13.tif,6190471,86.31,0.0,0
g13_00054_13.tif,6194785,91.96,0.0,0
g13_00054_13.tif,6194786,59.42,0.0,0
g13_00054_13.tif,6196445,19.87,0.0,0
g13_00054_13.tif,6217500,43.91,0.0,0
g13_00054_13.tif,6286401,23.55,0.0,0
g13_00054_13.tif,6309889,30.5,0.0,0
g13_00054_13.tif,6311352,58.87,0.0,0
g13_00054_13.tif,6372948,12.49,0.0,0
g13_00054_13.tif,6375658,21.27,0.0,0
g13_00054_13.tif,6403025,23.55,0.0,0
g13_00054_13.tif,6637341,21.27,0.0,0
g13_00054_13.tif,6661966,25.08,0.0,0
g13_00054_13.tif,6661968,12.49,0.0,0
g13_00054_13.tif,6661977,69.84,0.5509,1
g13_00054_13.tif,6661978,35.55,0.0482,0
g13_00054_13.tif,6809526,21.27,0.0,0
g13_00054_13.tif,6952881,16.37,0.0,0
g13_00054_13.tif,6952890,21.27,0.0,0
g13_00054_13.tif,6979565,10.46,0.0,0
g13_00054_13.tif,6997566,20.81,0.0,0
g13_00054_13.tif,7024571,30.5,0.0,0
g6_00003_14.tif,6099948,7.75,0.0,0
g6_00003_14.tif,6168187,23.62,0.0,0
g6_00003_14.tif,6168188,10.39,0.0,0
g6_00003_14.tif,6186686,16.38,0.0,0
g6_00003_14.tif,6200892,24.97,0.587,1
g6_00003_14.tif,6200955,24.97,0.0,0
g6_00003_14.tif,6664380,23.62,0.0,0
g6_00003_14.tif,6664390,10.39,0.0,0
g6_00003_14.tif,6972917,23.62,0.6875,1
g6_00003_15.tif,6099794,10.39,0.0,0
g6_00003_15.tif,6099798,16.38,0.0,0
g6_00003_15.tif,6099924,31.36,0.4675,0
g6_00003_15.tif,6099948,7.75,0.0,0
g6_00003_15.tif,6168187,7.75,0.0,0
g6_00003_15.tif,6186661,47.43,0.7529,1
g6_00003_15.tif,6186676,24.97,0.0,0
g6_00003_15.tif,6186686,16.38,0.0,0
g6_00003_15.tif,6186907,19.69,0.0,0
g6_00003_15.tif,6200892,24.97,0.7711,1
g6_00003_15.tif,6200955,24.97,0.6154,1
g6_00003_15.tif,6249988,12.55,0.0,0
g6_00003_15.tif,6366021,20.92,0.0,0
g6_00003_15.tif,6659154,16.38,0.0,0
g6_00003_15.tif,6860169,10.39,0.0,0
g6_00003_15.tif,6860170,36.94,0.0,0
g6_00003_15.tif,6860171,19.69,0.0,0
g6_00003_15.tif,7021036,35.35,0.0,0
g6_00003_15.tif,7021046,12.55,0.0449,0
g6_00003_15.tif,7023699,12.55,0.0449,0
g6_00003_15.tif,7029785,20.92,0.0,0
g6_00003_15.tif,7077166,12.55,0.0,0
g6_00003_15.tif,7077168,19.69,0.0,0
g6_00003_15.tif,7077169,10.39,0.0,0
g6_00003_16.tif,6249989,78.77,0.7397,1
g6_00003_16.tif,6249990,55.5,0.6067,1
g6_00003_16.tif,6250000,19.69,0.0797,0
g6_00003_16.tif,6366019,31.63,0.5611,1
g6_00003_16.tif,6366020,23.62,0.0,0
g6_00003_16.tif,6366021,20.92,0.0,0
g6_00003_16.tif,6366026,39.33,0.0,0
g6_00003_16.tif,6366028,20.92,0.0,0
g6_00003_16.tif,6465134,79.38,0.4164,0
g6_00003_16.tif,6545711,44.0,0.7113,1
g6_00003_16.tif,6545718,31.63,0.6485,1
g6_00003_16.tif,6567399,150.59,0.0,0
g6_00003_16.tif,6567445,31.63,0.2441,0
g6_00003_16.tif,6567451,36.94,0.6406,1
g6_00003_16.tif,6567454,30.46,0.5023,1
g6_00003_16.tif,6567473,78.06,0.8587,1
g6_00003_16.tif,6634491,79.8,0.7942,1
g6_00003_16.tif,6693343,7.75,0.0,0
g6_00003_16.tif,6710067,55.5,0.0,0
g6_00003_16.tif,6799693,91.32,0.486,0
g6_00003_16.tif,6820055,55.5,0.7394,1
g6_00003_16.tif,6843349,122.32,0.8053,1
g6_00003_16.tif,6860176,30.46,0.0,0
g6_00003_16.tif,6962549,24.97,0.0088,0
g6_00003_16.tif,6962867,21.12,0.0,0
g6_00003_16.tif,6962952,10.39,0.0,0
g6_00003_16.tif,6963075,39.55,0.0,0
g6_00003_16.tif,6973865,79.51,0.7767,1
g6_00003_16.tif,6973891,57.5,0.7934,1
g6_00003_16.tif,6973905,36.94,0.6634,1
g6_00003_16.tif,6973912,23.62,0.4835,0
g6_00003_16.tif,6996178,31.36,0.2886,0
g6_00003_16.tif,6996183,186.82,0.8508,1
g6_00003_16.tif,6996438,67.44,0.8356,1
g6_00003_16.tif,7021036,35.35,0.0,0
g6_00003_16.tif,7021044,43.57,0.0,0
g6_00003_16.tif,7021046,19.69,0.1628,0
g6_00003_16.tif,7021052,19.69,0.2185,0
g6_00003_16.tif,7023699,19.69,0.2653,0
g6_00003_16.tif,7023714,19.69,0.3394,0
g6_00003_16.tif,7029781,83.07,0.6877,1
g6_00003_16.tif,7029785,55.5,0.7746,1
g6_00003_16.tif,7029798,31.63,0.1629,0
g6_00003_2.tif,6433909,10.39,0.0,0
g6_00003_2.tif,6450055,23.62,0.0,0
g6_00003_2.tif,6592607,7.75,0.0,0
g6_00003_2.tif,6869778,19.69,0.0,0
g6_00003_3.tif,6128373,23.62,0.0,0
g6_00003_3.tif,6128374,12.55,0.0,0
g6_00003_3.tif,6128378,10.39,0.0,0
g6_00003_3.tif,6274364,19.69,0.0,0
g6_00003_3.tif,6287783,16.38,0.0,0
g6_00003_3.tif,6699035,23.62,0.0,0
g6_00003_3.tif,6699098,16.38,0.0,0
g6_00003_3.tif,7039522,16.38,0.0,0
g6_00003_3.tif,7039523,20.92,0.0,0
g6_00003_3.tif,7039526,16.38,0.0,0
g6_00003_3.tif,7039529,21.12,0.0,0
g6_00003_4.tif,6311519,16.38,0.0,0
g6_00003_4.tif,6311520,19.69,0.0,0
g6_00003_4.tif,6311526,16.38,0.0,0
g6_00003_4.tif,6311535,24.97,0.0,0
g6_00003_4.tif,6528946,19.69,0.0,0
g6_00003_4.tif,6528948,10.39,0.0,0
g6_00003_4.tif,6543604,12.55,0.0,0
g6_00006_15.tif,6090604,43.88,0.3634,0
g6_00006_15.tif,6090616,50.05,0.6098,1
g6_00006_15.tif,6090794,23.66,0.5932,1
g6_00006_15.tif,6094417,19.85,0.0,0
g6_00006_15.tif,6099793,39.75,0.663,1
g6_00006_15.tif,6099808,37.03,0.7143,1
g6_00006_15.tif,6099824,4.19,0.0,0
g6_00006_15.tif,6099865,19.85,0.0072,0
g6_00006_15.tif,6168179,37.67,0.6157,1
g6_00006_15.tif,6168184,37.03,0.6805,1
g6_00006_15.tif,6209285,19.85,0.0,0
g6_00006_15.tif,6250020,20.93,0.0,0
g6_00006_15.tif,6250182,20.93,0.0,0
g6_00006_15.tif,6259435,29.3,0.2313,0
g6_00006_15.tif,6284834,10.46,0.0,0
g6_00006_15.tif,6284838,20.93,0.0631,0
g6_00006_15.tif,6284839,12.56,0.1783,0
g6_00006_15.tif,6451499,19.85,0.0,0
g6_00006_15.tif,6593428,19.85,0.1862,0
g6_00006_15.tif,6669216,75.31,0.0,0
g6_00006_15.tif,6710204,64.6,0.7607,1
g6_00006_15.tif,6710213,83.6,0.6915,1
g6_00006_15.tif,6710215,44.08,0.0,0
g6_00006_15.tif,6820044,31.39,0.5798,1
g6_00006_15.tif,6820057,55.9,0.8283,1
g6_00006_15.tif,6857273,19.85,0.0,0
g6_00006_15.tif,6860366,59.15,0.7301,1
g6_00006_15.tif,6860367,37.03,0.0,0
g6_00006_15.tif,6860369,46.04,0.0,0
g6_00006_15.tif,6860375,54.39,0.6554,1
g6_00006_15.tif,6860381,31.86,0.2672,0
g6_00006_15.tif,6860525,54.39,0.0051,0
g6_00006_15.tif,6860599,19.85,0.3509,0
g6_00006_15.tif,6860964,7.83,0.0,0
g6_00006_15.tif,6861170,19.85,0.3277,0
g6_00006_15.tif,6861767,10.46,0.0779,0
g6_00006_15.tif,6862132,54.39,0.0,0
g6_00006_15.tif,6897449,30.58,0.0,0
g6_00006_15.tif,6972907,54.39,0.7005,1
g6_00006_15.tif,6972908,31.86,0.4798,0
g6_00006_15.tif,6972917,19.85,0.4107,0
g6_00006_15.tif,7077164,133.36,0.8505,1
g6_00006_15.tif,7077180,78.25,0.0488,0
g6_00006_16.tif,6098871,46.71,0.5243,1
g6_00006_16.tif,6098872,43.88,0.6609,1
g6_00006_16.tif,6098877,44.6,0.0,0
g6_00006_16.tif,6099042,30.58,0.1988,0
g6_00006_16.tif,6099808,30.58,0.6355,1
g6_00006_16.tif,6099823,44.08,0.6988,1
g6_00006_16.tif,6099824,37.03,0.8025,1
g6_00006_16.tif,6168184,12.56,0.0941,0
g6_00006_16.tif,6186664,51.06,0.792,1
g6_00006_16.tif,6186667,37.03,0.5678,1
g6_00006_16.tif,6191838,30.58,0.0,0
g6_00006_16.tif,6200984,37.03,0.348,0
g6_00006_16.tif,6249995,119.47,0.8142,1
g6_00006_16.tif,6249997,30.58,0.4262,0
g6_00006_16.tif,6522029,20.93,0.0,0
g6_00006_16.tif,6537291,4.19,0.0,0
g6_00006_16.tif,6537598,54.42,0.0,0
g6_00006_16.tif,6545697,83.68,0.8667,1
g6_00006_16.tif,6545699,98.86,0.7851,1
g6_00006_16.tif,6593401,32.82,0.696,1
g6_00006_16.tif,6593417,31.86,0.6026,1
g6_00006_16.tif,6664360,30.58,0.625,1
g6_00006_16.tif,6710204,160.69,0.5493,1
g6_00006_16.tif,6710212,85.19,0.4055,0
g6_00006_16.tif,6710215,44.08,0.7742,1
g6_00006_16.tif,6710219,50.05,0.8182,1
g6_00006_16.tif,6820069,32.82,0.5396,1
g6_00006_16.tif,6820108,35.56,0.1441,0
g6_00006_16.tif,6868471,31.86,0.0,0
g6_00006_16.tif,6868655,30.58,0.0,0
g6_00006_16.tif,6868674,25.1,0.0,0
g6_00006_16.tif,6868766,25.1,0.0,0
g6_00006_16.tif,6897405,60.93,0.6701,1
g6_00006_16.tif,6897406,43.88,0.5934,1
g6_00006_16.tif,6897411,71.61,0.9162,1
g6_00006_16.tif,6897748,37.03,0.0,0
g6_00006_16.tif,6897964,25.1,0.0067,0
g6_00006_16.tif,6972904,177.15,0.8736,1
g6_00006_16.tif,6972908,31.86,0.4474,0
g6_00006_16.tif,6972912,30.58,0.4281,0
g6_00006_16.tif,6973830,62.79,0.311,0
g6_00006_16.tif,6973836,12.56,0.0,0
g6_00006_16.tif,6973838,102.55,0.5873,1
g6_00006_16.tif,6973863,57.64,0.7401,1
g6_00006_16.tif,6988088,129.76,0.4442,0
g6_00006_16.tif,6988297,46.04,0.0,0
g6_00006_16.tif,7077173,21.26,0.3293,0
g6_00006_16.tif,7077180,44.08,0.0,0
g6_00006_17.tif,6098870,88.68,0.5119,1
g6_00006_17.tif,6098965,35.56,0.0,0
g6_00006_17.tif,6366012,78.25,0.7876,1
g6_00006_17.tif,6377430,30.58,0.2634,0
g6_00006_17.tif,6479372,43.88,0.5,1
g6_00006_17.tif,6479387,44.08,0.6085,1
g6_00006_17.tif,6479440,30.58,0.564,1
g6_00006_17.tif,6479936,44.08,0.7086,1
g6_00006_17.tif,6537291,46.04,0.0,0
g6_00006_17.tif,6537598,29.3,0.0,0
g6_00006_17.tif,6545699,75.31,0.7686,1
g6_00006_17.tif,6567399,7.83,0.0,0
g6_00006_17.tif,6567414,79.18,0.33,0
g6_00006_17.tif,6567445,37.03,0.2919,0
g6_00006_17.tif,6567446,39.75,0.4434,0
g6_00006_17.tif,6567454,21.26,0.112,0
g6_00006_17.tif,6634496,19.85,0.0,0
g6_00006_17.tif,6693343,97.61,0.8068,1
g6_00006_17.tif,6693345,81.58,0.4097,0
g6_00006_17.tif,6693350,89.77,0.7534,1
g6_00006_17.tif,6693356,60.93,0.8288,1
g6_00006_17.tif,6693359,115.98,0.7749,1
g6_00006_17.tif,6693373,35.56,0.7317,1
g6_00006_17.tif,6693439,43.88,0.6495,1
g6_00006_17.tif,6701964,44.6,0.4642,0
g6_00006_17.tif,6710066,44.08,0.7274,1
g6_00006_17.tif,6710219,54.39,0.7117,1
g6_00006_17.tif,6747866,19.85,0.0,0
g6_00006_17.tif,6820032,92.18,0.8361,1
g6_00006_17.tif,6820037,126.36,0.8778,1
g6_00006_17.tif,6820082,30.58,0.564,1
g6_00006_17.tif,6820103,25.1,0.53,1
g6_00006_17.tif,6843350,32.82,0.4911,0
g6_00006_17.tif,6851229,93.39,0.7725,1
g6_00006_17.tif,6856938,54.39,0.4204,0
g6_00006_17.tif,6897393,25.1,0.2313,0
g6_00006_17.tif,6897395,30.58,0.3275,0
g6_00006_17.tif,6897496,30.58,0.1979,0
g6_00006_17.tif,6897503,30.58,0.165,0
g6_00006_17.tif,6973827,19.85,0.1109,0
g6_00006_17.tif,6973830,127.99,0.4836,0
g6_00006_17.tif,6973836,111.78,0.4312,0
g6_00006_17.tif,6973847,83.6,0.695,1
g6_00006_17.tif,6973859,82.91,0.7931,1
g6_00006_17.tif,6973889,67.91,0.6313,1
g6_00006_17.tif,6973928,19.85,0.0,0
g6_00006_17.tif,6973947,19.85,0.0,0
g6_00006_17.tif,6979431,67.91,0.2826,0
g6_00006_17.tif,6988088,78.25,0.3236,0
g6_00006_17.tif,6988297,93.39,0.0,0
g6_00006_17.tif,6996131,120.56,0.8711,1
g6_00006_17.tif,6996143,93.39,0.0576,0
g6_00006_17.tif,6996144,71.16,0.7386,1
g6_00006_17.tif,6996145,103.96,0.7852,1
g6_00006_17.tif,6996151,50.05,0.7515,1
g6_00006_17.tif,6996153,43.88,0.6351,1
g6_00006_17.tif,6996155,43.88,0.5186,1
g6_00006_17.tif,6996187,21.26,0.5488,1
g6_00006_17.tif,6996357,43.88,0.7184,1
g6_00006_17.tif,6996438,103.96,0.8558,1
g6_00006_17.tif,6998248,64.6,0.7191,1
g6_00006_17.tif,7021056,47.46,0.4296,0
g6_00006_3.tif,6136400,10.46,0.0,0
g6_00006_3.tif,6737614,10.46,0.0,0
g6_00006_3.tif,6737628,10.46,0.0,0
g6_00006_3.tif,6826738,25.1,0.2188,0
g6_00006_3.tif,6826742,31.86,0.0132,0
g6_00006_3.tif,6826743,25.1,0.6667,1
g6_00006_3.tif,6826745,43.88,0.6311,1
g6_00006_3.tif,6826752,21.26,0.0676,0
g6_00006_3.tif,6826755,21.26,0.0,0
g6_00006_3.tif,6856440,16.42,0.0,0
g6_00006_4.tif,6085695,16.42,0.0,0
g6_00006_4.tif,6085698,21.26,0.0,0
g6_00006_4.tif,6085700,35.56,0.3391,0
g6_00006_4.tif,6085702,30.58,0.5133,1
g6_00006_4.tif,6085708,10.46,0.0,0
g6_00006_4.tif,6223680,19.85,0.0,0
g6_00006_4.tif,6275528,20.93,0.0,0
g6_00006_4.tif,6275536,31.86,0.4567,0
g6_00006_4.tif,6302276,29.3,0.0,0
g6_00006_4.tif,6314762,10.46,0.0,0
g6_00006_4.tif,6458974,10.46,0.0,0
g6_00006_4.tif,6526453,12.56,0.0,0
g6_00006_4.tif,6544269,30.58,0.0,0
g6_00006_4.tif,6600408,10.46,0.0,0
g6_00006_4.tif,6600436,10.46,0.0,0
g6_00006_4.tif,6604373,29.3,0.0,0
g6_00006_4.tif,6694727,20.93,0.0,0
g6_00006_4.tif,6705102,30.58,0.0,0
g6_00006_4.tif,6734257,19.85,0.0,0
g6_00006_4.tif,6908002,16.42,0.0,0
g6_00006_4.tif,6908013,30.58,0.0,0
g6_00006_4.tif,7058843,25.1,0.0,0
g6_00006_4.tif,7058871,16.42,0.0,0
g6_00006_4.tif,7058872,31.86,0.3436,0
g6_00006_5.tif,6085730,35.56,0.0,0
g6_00006_5.tif,6085735,12.56,0.0,0
g6_00006_5.tif,6085736,19.85,0.0,0
g6_00006_5.tif,6085740,10.46,0.0,0
g6_00006_5.tif,6086501,12.56,0.0,0
g6_00006_5.tif,6086524,12.56,0.0,0
g6_00006_5.tif,6191389,10.46,0.0,0
g6_00006_5.tif,6191390,10.46,0.0,0
g6_00006_5.tif,6191392,30.58,0.0,0
g6_00006_5.tif,6191394,20.93,0.0,0
g6_00006_5.tif,6191449,7.83,0.0,0
g6_00006_5.tif,6191454,16.42,0.0,0
g6_00006_5.tif,6223686,10.46,0.0,0
g6_00006_5.tif,6275532,31.86,0.4561,0
g6_00006_5.tif,6311395,19.85,0.0,0
g6_00006_5.tif,6365117,32.82,0.0,0
g6_00006_5.tif,6419975,12.56,0.0,0
g6_00006_5.tif,6436537,21.26,0.0,0
g6_00006_5.tif,6436538,29.3,0.0,0
g6_00006_5.tif,6550461,21.26,0.0,0
g6_00006_5.tif,6550463,7.83,0.0,0
g6_00006_5.tif,6705080,20.93,0.4182,0
g6_00006_5.tif,6705090,21.26,0.0,0
g6_00006_5.tif,6705091,16.42,0.5088,1
g6_00006_5.tif,6744603,16.42,0.6829,1
g6_00006_5.tif,6744622,10.46,0.0971,0
g6_00006_5.tif,6773233,12.56,0.0,0
g6_00006_5.tif,6891434,12.56,0.0388,0
g6_00006_5.tif,6954415,12.56,0.3684,0
g6_00006_5.tif,6954441,12.56,0.4545,0
g6_00009_16.tif,6160255,29.31,0.5235,1
g6_00009_16.tif,6160258,29.31,0.4892,0
g6_00009_16.tif,6160262,23.66,0.7037,1
g6_00009_16.tif,6250020,20.93,0.0,0
g6_00009_16.tif,6250182,19.85,0.0,0
g6_00009_16.tif,6259433,30.58,0.0,0
g6_00009_16.tif,6259438,31.86,0.0,0
g6_00009_16.tif,6259440,64.6,0.3239,0
g6_00009_16.tif,6277997,43.88,0.5769,1
g6_00009_16.tif,6278255,46.06,0.7068,1
g6_00009_16.tif,6468919,16.43,0.0,0
g6_00009_16.tif,6522080,23.66,0.2474,0
g6_00009_16.tif,6522081,20.93,0.2917,0
g6_00009_16.tif,6537286,10.46,0.0,0
g6_00009_16.tif,6537287,12.56,0.0,0
g6_00009_16.tif,6593425,37.04,0.5349,1
g6_00009_16.tif,6597935,23.66,0.0,0
g6_00009_16.tif,6669204,16.43,0.5395,1
g6_00009_16.tif,6693347,23.66,0.6957,1
g6_00009_16.tif,6747865,12.56,0.0,0
g6_00009_16.tif,6748019,20.93,0.6909,1
g6_00009_16.tif,6748040,20.93,0.0455,0
g6_00009_16.tif,6756411,19.85,0.0,0
g6_00009_16.tif,6792328,32.82,0.5106,1
g6_00009_16.tif,6897409,62.8,0.7923,1
g6_00009_16.tif,6899501,10.46,0.0,0
g6_00009_16.tif,6901598,64.63,0.0,0
g6_00009_16.tif,6901606,19.85,0.0,0
g6_00009_17.tif,6098875,20.93,0.0,0
g6_00009_17.tif,6098876,37.68,0.5679,1
g6_00009_17.tif,6098879,29.31,0.291,0
g6_00009_17.tif,6098880,32.82,0.0,0
g6_00009_17.tif,6160262,4.19,0.0,0
g6_00009_17.tif,6160268,21.26,0.1523,0
g6_00009_17.tif,6160271,21.26,0.1901,0
g6_00009_17.tif,6160494,44.09,0.5912,1
g6_00009_17.tif,6160495,16.43,0.0,0
g6_00009_17.tif,6191834,21.26,0.0,0
g6_00009_17.tif,6267398,58.19,0.6404,1
g6_00009_17.tif,6267417,21.26,0.4105,0
g6_00009_17.tif,6268526,16.43,0.0,0
g6_00009_17.tif,6272948,35.56,0.0,0
g6_00009_17.tif,6272949,7.83,0.0,0
g6_00009_17.tif,6277992,39.75,0.7093,1
g6_00009_17.tif,6278101,21.26,0.2984,0
g6_00009_17.tif,6278118,21.26,0.3154,0
g6_00009_17.tif,6278329,10.46,0.0,0
g6_00009_17.tif,6284829,19.85,0.0,0
g6_00009_17.tif,6468914,39.75,0.6507,1
g6_00009_17.tif,6479391,31.4,0.0,0
g6_00009_17.tif,6479392,29.31,0.0,0
g6_00009_17.tif,6479428,37.04,0.5096,1
g6_00009_17.tif,6479435,31.86,0.4658,0
g6_00009_17.tif,6516288,30.58,0.0,0
g6_00009_17.tif,6516290,44.6,0.0,0
g6_00009_17.tif,6516291,23.66,0.0,0
g6_00009_17.tif,6516351,7.83,0.0,0
g6_00009_17.tif,6516355,16.43,0.6332,1
g6_00009_17.tif,6516550,16.43,0.1429,0
g6_00009_17.tif,6522041,59.56,0.7131,1
g6_00009_17.tif,6522056,59.56,0.7543,1
g6_00009_17.tif,6522064,16.43,0.0,0
g6_00009_17.tif,6522146,31.86,0.0,0
g6_00009_17.tif,6522205,39.75,0.6711,1
g6_00009_17.tif,6537279,89.77,0.7679,1
g6_00009_17.tif,6537284,50.05,0.714,1
g6_00009_17.tif,6537287,4.19,0.0,0
g6_00009_17.tif,6537561,21.26,0.1127,0
g6_00009_17.tif,6537563,16.43,0.0292,0
g6_00009_17.tif,6537581,39.75,0.3726,0
g6_00009_17.tif,6552531,87.92,0.5678,1
g6_00009_17.tif,6597921,21.26,0.2269,0
g6_00009_17.tif,6666613,83.6,0.692,1
g6_00009_17.tif,6666617,10.46,0.0,0
g6_00009_17.tif,6666618,39.37,0.5275,1
g6_00009_17.tif,6669237,31.86,0.442,0
g6_00009_17.tif,6669246,39.75,0.7785,1
g6_00009_17.tif,6710226,69.04,0.7678,1
g6_00009_17.tif,6747865,44.09,0.8516,1
g6_00009_17.tif,6748019,29.31,0.7872,1
g6_00009_17.tif,6748040,4.19,0.0123,0
g6_00009_17.tif,6774736,16.43,0.0526,0
g6_00009_17.tif,6774737,32.82,0.6098,1
g6_00009_17.tif,6774743,30.58,0.0,0
g6_00009_17.tif,6775615,45.02,0.5166,1
g6_00009_17.tif,6868204,37.04,0.0,0
g6_00009_17.tif,6868838,30.58,0.0,0
g6_00009_17.tif,6868899,10.46,0.0493,0
g6_00009_17.tif,6868909,16.43,0.004,0
g6_00009_17.tif,6897400,66.98,0.8211,1
g6_00009_17.tif,6897417,54.43,0.7754,1
g6_00009_17.tif,6897419,64.6,0.6844,1
g6_00009_17.tif,6897464,44.09,0.7059,1
g6_00009_17.tif,6897491,32.82,0.4773,0
g6_00009_17.tif,6989289,54.4,0.6244,1
g6_00009_17.tif,7040860,10.46,0.0,0
g6_00009_17.tif,7040862,37.04,0.0,0
g6_00009_17.tif,7040863,10.46,0.0,0
g6_00009_17.tif,7040865,10.46,0.0,0
g6_00009_17.tif,7050016,111.78,0.8589,1
g6_00009_17.tif,7050020,46.71,0.6063,1
g6_00009_17.tif,7050021,21.26,0.3333,0
g6_00009_17.tif,7056209,55.65,0.0,0
g6_00009_17.tif,7056210,12.56,0.2222,0
g6_00009_17.tif,7056250,43.88,0.5579,1
g6_00009_17.tif,7056265,50.05,0.0,0
g6_00009_18.tif,6160248,78.26,0.8074,1
g6_00009_18.tif,6191827,69.04,0.7357,1
g6_00009_18.tif,6191829,10.46,0.0,0
g6_00009_18.tif,6191832,21.26,0.2414,0
g6_00009_18.tif,6191834,21.26,0.0,0
g6_00009_18.tif,6191837,35.56,0.0176,0
g6_00009_18.tif,6277988,55.65,0.4625,0
g6_00009_18.tif,6278083,44.09,0.4114,0
g6_00009_18.tif,6278101,21.26,0.5753,1
g6_00009_18.tif,6278118,21.26,0.2547,0
g6_00009_18.tif,6345912,39.37,0.7347,1
g6_00009_18.tif,6468911,71.62,0.7727,1
g6_00009_18.tif,6468912,86.98,0.8395,1
g6_00009_18.tif,6468914,39.75,0.7171,1
g6_00009_18.tif,6468921,30.58,0.3616,0
g6_00009_18.tif,6479373,79.93,0.2849,0
g6_00009_18.tif,6479384,103.96,0.1102,0
g6_00009_18.tif,6479399,67.91,0.6538,1
g6_00009_18.tif,6479407,31.86,0.0,0
g6_00009_18.tif,6479417,43.88,0.5699,1
g6_00009_18.tif,6479449,31.4,0.531,1
g6_00009_18.tif,6480212,19.85,0.2163,0
g6_00009_18.tif,6480213,19.85,0.0,0
g6_00009_18.tif,6516351,50.05,0.3851,0
g6_00009_18.tif,6521981,78.26,0.42,0
g6_00009_18.tif,6521984,110.49,0.883,1
g6_00009_18.tif,6522024,12.56,0.4286,0
g6_00009_18.tif,6522041,59.56,0.7437,1
g6_00009_18.tif,6522137,19.85,0.5817,1
g6_00009_18.tif,6522179,44.09,0.7448,1
g6_00009_18.tif,6593415,31.86,0.5333,1
g6_00009_18.tif,6593441,31.86,0.52,1
g6_00009_18.tif,6593447,31.86,0.5926,1
g6_00009_18.tif,6666610,112.79,0.729,1
g6_00009_18.tif,6666618,45.02,0.7014,1
g6_00009_18.tif,6666834,71.89,0.211,0
g6_00009_18.tif,6667033,59.56,0.8059,1
g6_00009_18.tif,6667117,59.56,0.7875,1
g6_00009_18.tif,6669237,54.4,0.6473,1
g6_00009_18.tif,6669238,31.86,0.3099,0
g6_00009_18.tif,6669243,31.86,0.0,0
g6_00009_18.tif,6669245,39.75,0.5887,1
g6_00009_18.tif,6693340,71.18,0.6928,1
g6_00009_18.tif,6693419,126.49,0.2958,0
g6_00009_18.tif,6693432,19.85,0.0,0
g6_00009_18.tif,6710209,16.43,0.0,0
g6_00009_18.tif,6710223,55.89,0.6614,1
g6_00009_18.tif,6710229,60.94,0.6871,1
g6_00009_18.tif,6710233,50.05,0.6421,1
g6_00009_18.tif,6720399,37.68,0.0017,0
g6_00009_18.tif,6792280,44.09,0.679,1
g6_00009_18.tif,6792285,31.86,0.1667,0
g6_00009_18.tif,6792288,7.83,0.0,0
g6_00009_18.tif,6792291,91.94,0.6534,1
g6_00009_18.tif,6792301,32.82,0.6132,1
g6_00009_18.tif,6792326,31.86,0.0,0
g6_00009_18.tif,6792356,23.66,0.0,0
g6_00009_18.tif,6792359,20.93,0.0,0
g6_00009_18.tif,6792372,55.89,0.3673,0
g6_00009_18.tif,6792374,19.85,0.3019,0
g6_00009_18.tif,6897419,45.02,0.6441,1
g6_00009_18.tif,6898416,39.37,0.1141,0
g6_00009_18.tif,6899092,30.58,0.1301,0
g6_00009_18.tif,6899104,74.92,0.6664,1
g6_00009_18.tif,6899155,39.75,0.6504,1
g6_00009_18.tif,6899208,37.04,0.6581,1
g6_00009_18.tif,6899209,39.37,0.1735,0
g6_00009_18.tif,6899302,31.86,0.1731,0
g6_00009_18.tif,6949437,72.16,0.7146,1
g6_00009_18.tif,6972242,21.26,0.4178,0
g6_00009_18.tif,6972245,45.02,0.7754,1
g6_00009_18.tif,6989315,57.65,0.7179,1
g6_00009_18.tif,7056222,37.04,0.5746,1
g6_00009_18.tif,7056223,39.37,0.7274,1
g6_00009_18.tif,7056248,43.88,0.4639,0
g6_00009_18.tif,7056281,31.86,0.0,0
g6_00009_18.tif,7056286,19.85,0.0,0
g6_00009_4.tif,6275548,16.43,0.0,0
g6_00009_4.tif,6284080,12.56,0.0,0
g6_00009_4.tif,6369030,16.43,0.0667,0
g6_00009_4.tif,6451685,30.58,0.0,0
g6_00009_4.tif,6459006,16.43,0.0,0
g6_00009_4.tif,6494342,20.93,0.0,0
g6_00009_4.tif,6494688,12.56,0.0,0
g6_00009_4.tif,6612057,10.46,0.0,0
g6_00009_4.tif,6708166,16.43,0.0,0
g6_00009_4.tif,6708174,19.85,0.0,0
g6_00009_4.tif,6750233,10.46,0.0,0
g6_00009_4.tif,6826328,7.83,0.0,0
g6_00009_4.tif,6826743,19.85,0.0,0
g6_00009_4.tif,6875657,25.11,0.0,0
g6_00009_4.tif,6875697,19.85,0.0,0
g6_00009_4.tif,7068078,12.56,0.0,0
g6_00009_5.tif,6085693,37.04,0.625,1
g6_00009_5.tif,6085694,30.58,0.7176,1
g6_00009_5.tif,6275554,10.46,0.0,0
g6_00009_5.tif,6355562,10.46,0.0,0
g6_00009_5.tif,6355690,16.43,0.0,0
g6_00009_5.tif,6494342,19.85,0.0,0
g6_00009_5.tif,6494363,31.86,0.0,0
g6_00009_5.tif,6612024,10.46,0.0,0
g6_00009_5.tif,6644867,16.43,0.0,0
g6_00009_5.tif,6694727,16.43,0.0,0
g6_00009_5.tif,6708188,30.58,0.0,0
g6_00009_5.tif,6750250,30.58,0.0,0
g6_00009_5.tif,6927516,50.05,0.0,0
g6_00009_5.tif,6927517,21.26,0.0,0
g6_00009_5.tif,6927519,19.85,0.0,0
g6_00009_5.tif,6927520,4.19,0.0,0
g6_00009_5.tif,6927522,19.85,0.0,0
g6_00009_5.tif,7068083,16.43,0.0,0
g6_00009_5.tif,7068084,16.43,0.0,0
g6_00009_6.tif,6085693,44.09,0.6455,1
g6_00009_6.tif,6540172,37.04,0.0,0
g6_00009_6.tif,6540174,10.46,0.0,0
g6_00009_6.tif,6540180,12.56,0.0,0
g6_00009_6.tif,6891406,16.43,0.0,0
g6_00009_6.tif,6891408,12.56,0.0,0
g6_00009_6.tif,6954219,10.46,0.0,0
g6_00009_6.tif,6974470,30.58,0.0,0
g6_00009_6.tif,6974473,25.11,0.0,0
g6_00014_3.tif,6201304,37.44,0.1421,0
g6_00014_3.tif,6201309,37.44,0.5844,1
g6_00014_3.tif,6201311,55.92,0.587,1
g6_00014_3.tif,6201315,31.89,0.5686,1
g6_00014_3.tif,6201318,20.8,0.1632,0
g6_00014_3.tif,6201320,20.8,0.4634,0
g6_00014_3.tif,6201714,12.48,0.0,0
g6_00014_3.tif,6203805,63.48,0.0,0
g6_00014_3.tif,6203821,23.54,0.0,0
g6_00014_3.tif,6222141,16.37,0.1406,0
g6_00014_3.tif,6222146,19.87,0.0,0
g6_00014_3.tif,6222202,10.46,0.0,0
g6_00014_3.tif,6222204,12.48,0.0,0
g6_00014_3.tif,6322619,10.46,0.0,0
g6_00014_3.tif,6322621,20.8,0.5187,1
g6_00014_3.tif,6322627,50.0,0.7022,1
g6_00014_3.tif,6322630,10.46,0.0,0
g6_00014_3.tif,6322787,10.46,0.0125,0
g6_00014_3.tif,6339191,19.87,0.0,0
g6_00014_3.tif,6339193,20.8,0.0,0
g6_00014_3.tif,6339196,12.48,0.5355,1
g6_00014_3.tif,6529297,12.48,0.0,0
g6_00014_3.tif,6529298,20.8,0.0,0
g6_00014_3.tif,6529302,64.34,0.0,0
g6_00014_3.tif,6529303,46.7,0.0,0
g6_00014_3.tif,6529305,31.89,0.0,0
g6_00014_3.tif,6570333,51.25,0.0,0
g6_00014_3.tif,6570361,19.87,0.0,0
g6_00014_3.tif,6570460,31.89,0.1327,0
g6_00014_3.tif,6570511,79.05,0.7549,1
g6_00014_3.tif,6570630,10.46,0.0,0
g6_00014_3.tif,6754144,21.27,0.4859,0
g6_00014_3.tif,6859479,19.87,0.0,0
g6_00014_3.tif,6958494,16.37,0.0,0
g6_00014_3.tif,7003293,10.46,0.0,0
g6_00014_3.tif,7003300,39.15,0.0,0
g6_00014_3.tif,7003386,32.84,0.0,0
g6_00014_3.tif,7003551,12.48,0.0,0
g6_00014_4.tif,6201298,44.6,0.1232,0
g6_00014_4.tif,6201299,20.94,0.0,0
g6_00014_4.tif,6201308,20.94,0.0,0
g6_00014_4.tif,6201309,44.6,0.6554,1
g6_00014_4.tif,6203805,35.56,0.0,0
g6_00014_4.tif,6203820,7.83,0.0054,0
g6_00014_4.tif,6203821,25.11,0.313,0
g6_00014_4.tif,6203827,23.67,0.0,0
g6_00014_4.tif,6203940,16.43,0.0,0
g6_00014_4.tif,6205933,7.83,0.0,0
g6_00014_4.tif,6205935,21.26,0.0,0
g6_00014_4.tif,6322619,58.19,0.7884,1
g6_00014_4.tif,6322643,12.56,0.0,0
g6_00014_4.tif,6529295,78.28,0.5899,1
g6_00014_4.tif,6570322,7.83,0.0,0
g6_00014_4.tif,6570630,19.84,0.6,1
g6_00014_4.tif,6859476,65.35,0.8153,1
g6_00014_4.tif,6859651,46.71,0.6319,1
g6_00014_4.tif,6859699,7.83,0.0,0
g6_00014_4.tif,6978643,19.84,0.0,0
g6_00014_4.tif,6978673,12.56,0.0,0
g6_00014_4.tif,6978675,12.56,0.0,0
g6_00014_5.tif,6147188,37.04,0.4671,0
g6_00014_5.tif,6147190,37.69,0.0,0
g6_00014_5.tif,6147192,4.19,0.0,0
g6_00014_5.tif,6147194,10.46,0.0,0
g6_00014_5.tif,6147203,21.26,0.0,0
g6_00014_5.tif,6147209,12.56,0.0,0
g6_00014_5.tif,6147210,25.11,0.0,0
g6_00014_5.tif,6147261,10.46,0.0,0
g6_00014_5.tif,6437722,19.84,0.0,0
g6_00014_5.tif,6437723,21.26,0.0,0
g6_00014_5.tif,6437732,23.67,0.0,0
g6_00014_5.tif,6437871,12.56,0.0,0
g6_00014_5.tif,6437913,25.11,0.0,0
g6_00014_5.tif,6437953,16.43,0.0,0
g6_00014_5.tif,6438079,37.04,0.7183,1
g6_00014_5.tif,6496829,32.82,0.292,0
g6_00014_5.tif,6496834,35.56,0.2053,0
g6_00014_5.tif,6496839,21.26,0.0,0
g6_00014_5.tif,6497108,32.82,0.0,0
g6_00014_5.tif,6497210,10.46,0.0,0
g6_00014_5.tif,6570322,10.46,0.0,0
g6_00014_5.tif,6587761,31.86,0.0,0
g6_00014_5.tif,6587768,25.11,0.0,0
g6_00014_5.tif,6587773,10.46,0.0,0
g6_00014_5.tif,6587776,10.46,0.0,0
g6_00014_5.tif,6587947,19.84,0.0,0
g6_00014_5.tif,6702947,21.26,0.4227,0
g6_00014_5.tif,6702948,20.94,0.0,0
g6_00014_5.tif,6702957,25.11,0.5155,1
g6_00014_5.tif,6702964,16.43,0.2,0
g6_00014_5.tif,6702971,35.56,0.6204,1
g6_00014_5.tif,6702977,35.56,0.0,0
g6_00014_5.tif,6702978,31.86,0.4857,0
g6_00014_5.tif,6702986,16.43,0.0,0
g6_00014_5.tif,6702987,16.43,0.0,0
g6_00014_5.tif,6702992,29.32,0.0,0
g6_00014_5.tif,6703907,10.46,0.0,0
g6_00014_5.tif,6703931,19.84,0.0,0
g6_00014_5.tif,6836613,16.43,0.0,0
g6_00014_5.tif,6836656,10.46,0.0,0
g6_00014_5.tif,6836687,30.58,0.0,0
g6_00017_4.tif,6134668,16.37,0.0,0
g6_00017_4.tif,6154528,16.37,0.0,0
g6_00017_4.tif,6187558,10.46,0.0,0
g6_00017_4.tif,6187559,10.46,0.0,0
g6_00017_4.tif,6187563,16.37,0.0,0
g6_00017_4.tif,6187689,16.37,0.0,0
g6_00017_4.tif,6187939,10.46,0.0,0
g6_00017_4.tif,6187940,57.43,0.0,0
g6_00017_4.tif,6187941,51.26,0.6152,1
g6_00017_4.tif,6188119,23.55,0.0,0
g6_00017_4.tif,6188201,12.48,0.0,0
g6_00017_4.tif,6188249,12.48,0.0,0
g6_00017_4.tif,6188286,12.48,0.0,0
g6_00017_4.tif,6188308,30.49,0.0,0
g6_00017_4.tif,6529297,16.37,0.6593,1
g6_00017_4.tif,6529298,30.49,0.812,1
g6_00017_4.tif,6534863,10.46,0.0,0
g6_00017_4.tif,6559002,16.37,0.0,0
g6_00017_4.tif,6559011,4.16,0.0,0
g6_00017_4.tif,6565774,43.9,0.0,0
g6_00017_4.tif,6565775,19.87,0.0,0
g6_00017_4.tif,6565790,23.55,0.4509,0
g6_00017_4.tif,6565792,31.89,0.4878,0
g6_00017_4.tif,6565795,32.84,0.48,0
g6_00017_4.tif,6565835,23.55,0.6716,1
g6_00017_4.tif,6565836,10.46,0.0357,0
g6_00017_4.tif,6566186,16.37,0.1376,0
g6_00017_4.tif,6566187,10.46,0.0,0
g6_00017_4.tif,6566213,7.85,0.3333,0
g6_00017_4.tif,6591667,12.48,0.0,0
g6_00017_4.tif,6591838,16.37,0.0,0
g6_00017_4.tif,6749466,43.9,0.6439,1
g6_00017_4.tif,6749469,20.81,0.0,0
g6_00017_4.tif,6749883,39.15,0.6557,1
g6_00017_4.tif,6754133,59.42,0.6458,1
g6_00017_4.tif,6754157,10.46,0.0,0
g6_00017_4.tif,6754388,12.48,0.0,0
g6_00017_4.tif,6988055,19.87,0.0,0
g6_00017_4.tif,6988394,7.85,0.0,0
g6_00017_5.tif,6152309,51.08,0.5956,1
g6_00017_5.tif,6152310,71.64,0.7438,1
g6_00017_5.tif,6201298,23.67,0.0,0
g6_00017_5.tif,6201299,20.94,0.0,0
g6_00017_5.tif,6203820,72.16,0.689,1
g6_00017_5.tif,6859476,37.05,0.74,1
g6_00017_5.tif,6978643,91.05,0.881,1
g6_00017_6.tif,6152304,37.05,0.0,0
g6_00017_6.tif,6152306,44.11,0.1047,0
g6_00017_6.tif,6180898,19.84,0.0,0
g6_00017_6.tif,6180900,35.56,0.2819,0
g6_00017_6.tif,6180948,25.11,0.0,0
g6_00017_6.tif,6181028,10.46,0.0,0
g6_00017_6.tif,6181079,21.26,0.0,0
g6_00017_6.tif,6181110,10.46,0.0,0
g6_00017_6.tif,6525242,10.46,0.0,0
g6_00017_6.tif,6599799,43.88,0.0,0
g6_00017_6.tif,6599803,19.84,0.0,0
g6_00017_6.tif,6656815,29.32,0.1299,0
g6_00017_6.tif,6656841,23.67,0.0,0
g6_00017_6.tif,6656845,21.26,0.0,0
g6_00017_6.tif,6656850,23.67,0.0,0
g6_00017_6.tif,6657171,20.94,0.6119,1
g6_00017_6.tif,6657228,10.46,0.0,0
g6_00017_6.tif,6657523,4.19,0.0,0
g6_00017_6.tif,6714968,37.05,0.453,0
g6_00017_6.tif,6714969,23.67,0.3251,0
g6_00017_6.tif,6714972,25.11,0.0,0
g6_00017_6.tif,6714976,30.59,0.0,0
g6_00017_6.tif,6714977,29.32,0.0,0
g6_00017_6.tif,6935664,43.88,0.0,0
g6_00017_6.tif,6978646,21.26,0.0,0
g6_00017_6.tif,6978653,39.39,0.0,0
g6_00017_6.tif,6978655,16.43,0.0,0
g6_00017_6.tif,6978663,57.67,0.119,0
g6_00017_6.tif,6978665,31.86,0.0,0
g6_00017_6.tif,6978669,44.6,0.0,0
g6_00017_6.tif,6978688,44.11,0.0,0
g6_00017_6.tif,6978718,4.19,0.0,0
g6_00017_6.tif,6978719,51.53,0.6644,1
g6_00017_6.tif,6978726,16.43,0.0,0
g6_00017_6.tif,6978778,4.19,0.0,0
g6_00017_6.tif,7018370,16.43,0.5,1
g6_00017_6.tif,7018402,21.26,0.38,0
g6_00017_6.tif,7018419,21.26,0.3367,0
g6_00017_6.tif,7018437,16.43,0.2927,0
g6_00017_6.tif,7018461,10.46,0.0,0
g6_00017_6.tif,7018473,10.46,0.0,0
g6_00017_6.tif,7018474,12.57,0.0,0
g6_00017_6.tif,7019154,16.43,0.0059,0
g6_00017_6.tif,7019491,19.84,0.3172,0
g6_00017_6.tif,7019678,16.43,0.2447,0
g6_00020_5.tif,6134624,23.55,0.0,0
g6_00020_5.tif,6134625,19.87,0.0,0
g6_00020_5.tif,6187555,36.9,0.8051,1
g6_00020_5.tif,6187575,21.27,0.0,0
g6_00020_5.tif,6525249,10.46,0.0,0
g6_00020_5.tif,6565766,25.07,0.0,0
g6_00020_5.tif,6565811,44.62,0.0,0
g6_00020_5.tif,6565835,21.27,0.5588,1
g6_00020_5.tif,6565836,54.31,0.7022,1
g6_00020_5.tif,6640602,63.51,0.8256,1
g6_00020_5.tif,6988050,10.46,0.0,0
g6_00020_5.tif,6988070,16.37,0.0,0
g6_00020_5.tif,6988077,30.5,0.0,0
g6_00020_5.tif,6988079,16.37,0.0,0
g6_00020_5.tif,6988081,19.87,0.0,0
g6_00020_5.tif,6988394,16.37,0.0,0
g6_00020_5.tif,6989140,31.89,0.0,0
g6_00020_6.tif,6174567,30.59,0.0,0
g6_00020_6.tif,6174569,46.09,0.6641,1
g6_00020_6.tif,6174585,20.95,0.0,0
g6_00020_6.tif,6303371,29.33,0.0,0
g6_00020_6.tif,6303373,12.57,0.0,0
g6_00020_6.tif,6580758,37.06,0.0,0
g6_00020_6.tif,6580769,12.57,0.0,0
g6_00020_6.tif,6580783,10.46,0.0,0
g6_00020_6.tif,6775871,44.11,0.5752,1
g6_00020_6.tif,6794255,39.76,0.0,0
g6_00020_6.tif,6794258,19.84,0.0,0
g6_00020_6.tif,6794259,44.11,0.0,0
g6_00020_6.tif,6906066,31.86,0.1844,0
g6_00020_6.tif,6906089,57.68,0.5143,1
g6_00020_6.tif,6906107,23.67,0.2657,0
g6_00020_6.tif,6906112,23.67,0.0,0
g6_00020_6.tif,6906510,10.46,0.0,0
g6_00020_6.tif,6997022,10.46,0.6667,1
g6_00020_7.tif,6301462,19.84,0.3474,0
g6_00020_7.tif,6320753,35.56,0.5789,1
g6_00020_7.tif,6320757,23.67,0.0,0
g6_00020_7.tif,6320762,31.86,0.0,0
g6_00020_7.tif,6320772,10.46,0.0,0
g6_00020_7.tif,6320803,43.88,0.5352,1
g6_00020_7.tif,6320807,10.46,0.0513,0
g6_00020_7.tif,6436729,10.46,0.0,0
g6_00020_7.tif,6775840,20.95,0.0741,0
g6_00020_7.tif,6775853,44.11,0.0,0
g6_00020_7.tif,6775857,30.59,0.5368,1
g6_00020_7.tif,6776550,10.46,0.0923,0
g6_00020_7.tif,7057916,30.59,0.0,0
g6_00020_7.tif,7057921,21.26,0.0206,0
g6_00023_15.tif,6111432,72.17,0.7967,1
g6_00023_15.tif,6232840,138.3,0.8647,1
g6_00023_15.tif,6232846,50.05,0.7174,1
g6_00023_15.tif,6250367,46.1,0.7115,1
g6_00023_15.tif,6250371,46.1,0.7778,1
g6_00023_15.tif,6268134,23.68,0.0,0
g6_00023_15.tif,6268330,19.84,0.0,0
g6_00023_15.tif,6270672,55.89,0.7184,1
g6_00023_15.tif,6270675,29.34,0.6087,1
g6_00023_15.tif,6319534,39.41,0.6059,1
g6_00023_15.tif,6319589,29.34,0.5851,1
g6_00023_15.tif,6319592,39.41,0.5033,1
g6_00023_15.tif,6362656,130.36,0.9001,1
g6_00023_15.tif,6362662,39.76,0.2047,0
g6_00023_15.tif,6362877,115.97,0.6822,1
g6_00023_15.tif,6362964,7.83,0.0133,0
g6_00023_15.tif,6408126,19.84,0.0,0
g6_00023_15.tif,6408127,50.05,0.8516,1
g6_00023_15.tif,6453825,62.87,0.8089,1
g6_00023_15.tif,6574775,59.21,0.6968,1
g6_00023_15.tif,6575099,46.1,0.6949,1
g6_00023_15.tif,6575135,20.96,0.6566,1
g6_00023_15.tif,6575142,29.34,0.4312,0
g6_00023_15.tif,6575181,29.34,0.7355,1
g6_00023_15.tif,6599563,31.86,0.3064,0
g6_00023_15.tif,6599577,43.87,0.5759,1
g6_00023_15.tif,6611666,67.91,0.7148,1
g6_00023_15.tif,6640849,60.94,0.4228,0
g6_00023_15.tif,6658482,87.05,0.7021,1
g6_00023_15.tif,6658486,39.41,0.2131,0
g6_00023_15.tif,6659719,37.06,0.0,0
g6_00023_15.tif,6666591,71.25,0.7117,1
g6_00023_15.tif,6666592,12.57,0.0,0
g6_00023_15.tif,6666593,55.89,0.5975,1
g6_00023_15.tif,6666602,4.19,0.0296,0
g6_00023_15.tif,6666604,37.06,0.0,0
g6_00023_15.tif,6666779,107.39,0.7931,1
g6_00023_15.tif,6666780,46.1,0.603,1
g6_00023_15.tif,6666789,83.01,0.8242,1
g6_00023_15.tif,6666799,71.66,0.6839,1
g6_00023_15.tif,6666804,55.89,0.6813,1
g6_00023_15.tif,6670715,55.89,0.0,0
g6_00023_15.tif,6691922,75.32,0.6587,1
g6_00023_15.tif,6724651,46.1,0.6907,1
g6_00023_15.tif,6724656,32.82,0.445,0
g6_00023_15.tif,6736609,31.86,0.0,0
g6_00023_15.tif,6802234,10.46,0.0,0
g6_00023_15.tif,6802281,60.94,0.7407,1
g6_00023_15.tif,6891334,127.99,0.2979,0
g6_00023_15.tif,6891339,102.66,0.8579,1
g6_00023_15.tif,6891344,83.71,0.4554,0
g6_00023_15.tif,6891636,107.29,0.7388,1
g6_00023_15.tif,6891649,44.12,0.5988,1
g6_00023_15.tif,6891728,57.69,0.0069,0
g6_00023_15.tif,6891740,16.43,0.7031,1
g6_00023_15.tif,6908527,39.41,0.2139,0
g6_00023_15.tif,6908530,25.11,0.39,0
g6_00023_15.tif,6975417,35.57,0.6544,1
g6_00023_15.tif,7014833,54.48,0.7209,1
g6_00023_15.tif,7014839,55.89,0.3573,0
g6_00023_15.tif,7014970,16.43,0.1304,0
g6_00023_15.tif,7018617,20.96,0.7569,1
g6_00023_15.tif,7018619,50.05,0.4384,0
g6_00023_15.tif,7018622,64.61,0.7577,1
g6_00023_15.tif,7018906,31.86,0.3029,0
g6_00023_15.tif,7018907,32.82,0.5612,1
g6_00023_15.tif,7019234,30.59,0.538,1
g6_00023_15.tif,7044216,21.26,0.24,0
g6_00023_15.tif,7064082,29.34,0.5441,1
g6_00023_15.tif,7064086,37.06,0.6015,1
g6_00023_16.tif,6111442,43.87,0.3966,0
g6_00023_16.tif,6141489,19.84,0.3484,0
g6_00023_16.tif,6171463,12.57,0.0,0
g6_00023_16.tif,6172340,64.67,0.7652,1
g6_00023_16.tif,6172343,74.98,0.4581,0
g6_00023_16.tif,6250367,88.01,0.7804,1
g6_00023_16.tif,6268137,31.86,0.5702,1
g6_00023_16.tif,6270679,35.57,0.0037,0
g6_00023_16.tif,6324357,31.43,0.705,1
g6_00023_16.tif,6326019,116.26,0.6664,1
g6_00023_16.tif,6326158,16.43,0.0407,0
g6_00023_16.tif,6362656,29.34,0.6933,1
g6_00023_16.tif,6362663,21.26,0.1359,0
g6_00023_16.tif,6593065,79.92,0.7241,1
g6_00023_16.tif,6600429,31.43,0.3429,0
g6_00023_16.tif,6601224,4.19,0.0,0
g6_00023_16.tif,6666597,44.12,0.6594,1
g6_00023_16.tif,6666599,31.86,0.5154,1
g6_00023_16.tif,6666600,19.84,0.5771,1
g6_00023_16.tif,6666601,31.86,0.4444,0
g6_00023_16.tif,6666602,37.72,0.5846,1
g6_00023_16.tif,6666607,20.96,0.3014,0
g6_00023_16.tif,6666795,68.39,0.5963,1
g6_00023_16.tif,6670713,43.87,0.1886,0
g6_00023_16.tif,6670714,71.25,0.2682,0
g6_00023_16.tif,6705284,55.89,0.3959,0
g6_00023_16.tif,6705321,23.68,0.4369,0
g6_00023_16.tif,6714340,44.12,0.7022,1
g6_00023_16.tif,6715861,79.63,0.7227,1
g6_00023_16.tif,6716770,30.59,0.2559,0
g6_00023_16.tif,6726223,63.93,0.3975,0
g6_00023_16.tif,6736607,37.72,0.7,1
g6_00023_16.tif,6736616,19.84,0.4404,0
g6_00023_16.tif,6736710,23.68,0.0,0
g6_00023_16.tif,6886248,43.87,0.4741,0
g6_00023_16.tif,6886585,43.87,0.5052,1
g6_00023_16.tif,6886587,21.26,0.2188,0
g6_00023_16.tif,6908526,67.91,0.4631,0
g6_00023_16.tif,6908527,12.57,0.0421,0
g6_00023_16.tif,6908528,12.57,0.0724,0
g6_00023_16.tif,6936731,29.34,0.323,0
g6_00023_16.tif,6936734,35.57,0.5238,1
g6_00023_16.tif,6936838,19.84,0.0,0
g6_00023_16.tif,7014833,23.68,0.3793,0
g6_00023_16.tif,7018612,54.48,0.0765,0
g6_00023_16.tif,7018621,55.89,0.771,1
g6_00023_16.tif,7018622,12.57,0.1395,0
g6_00023_16.tif,7018629,39.41,0.1139,0
g6_00023_16.tif,7018636,39.76,0.5545,1
g6_00023_16.tif,7052891,83.01,0.7892,1
g6_00023_17.tif,6112660,19.84,0.0,0
g6_00023_17.tif,6112697,10.46,0.0329,0
g6_00023_17.tif,6163367,12.57,0.0,0
g6_00023_17.tif,6178804,10.46,0.0,0
g6_00023_17.tif,6185194,32.82,0.634,1
g6_00023_17.tif,6185196,35.57,0.4213,0
g6_00023_17.tif,6185197,25.11,0.1478,0
g6_00023_17.tif,6273099,57.69,0.5908,1
g6_00023_17.tif,6273103,45.04,0.7486,1
g6_00023_17.tif,6273320,7.83,0.0,0
g6_00023_17.tif,6273464,30.59,0.7687,1
g6_00023_17.tif,6273473,4.19,0.0084,0
g6_00023_17.tif,6341901,31.86,0.0,0
g6_00023_17.tif,6341905,47.52,0.2957,0
g6_00023_17.tif,6341910,63.93,0.837,1
g6_00023_17.tif,6341912,10.46,0.0,0
g6_00023_17.tif,6342217,16.43,0.0053,0
g6_00023_17.tif,6342266,12.57,0.0,0
g6_00023_17.tif,6363523,79.92,0.2707,0
g6_00023_17.tif,6558967,20.96,0.4725,0
g6_00023_17.tif,6600412,16.43,0.475,0
g6_00023_17.tif,6600420,20.96,0.6434,1
g6_00023_17.tif,6600513,25.11,0.0526,0
g6_00023_17.tif,6601205,10.46,0.0291,0
g6_00023_17.tif,6666595,64.67,0.7238,1
g6_00023_17.tif,6670694,30.59,0.0,0
g6_00023_17.tif,6670695,93.81,0.6701,1
g6_00023_17.tif,6670730,29.34,0.0,0
g6_00023_17.tif,6670749,29.34,0.0,0
g6_00023_17.tif,6715839,140.25,0.6428,1
g6_00023_17.tif,6715885,31.43,0.6089,1
g6_00023_17.tif,6715904,67.91,0.6122,1
g6_00023_17.tif,6736602,79.92,0.8194,1
g6_00023_17.tif,6736603,93.81,0.7737,1
g6_00023_17.tif,6886569,55.89,0.5896,1
g6_00023_17.tif,6886572,72.17,0.7228,1
g6_00023_17.tif,6886573,58.19,0.741,1
g6_00023_17.tif,6886581,44.6,0.517,1
g6_00023_17.tif,6886582,50.05,0.5646,1
g6_00023_17.tif,6886610,57.69,0.6845,1
g6_00023_17.tif,6908520,67.91,0.0,0
g6_00023_17.tif,6926864,23.68,0.0041,0
g6_00023_17.tif,6946845,87.05,0.7929,1
g6_00023_17.tif,6946851,71.25,0.7566,1
g6_00023_17.tif,6946859,39.41,0.5562,1
g6_00023_17.tif,6947031,78.31,0.7829,1
g6_00023_17.tif,6947050,16.43,0.0849,0
g6_00023_17.tif,6953414,31.86,0.0,0
g6_00023_17.tif,6957581,44.12,0.0,0
g6_00023_17.tif,6957587,35.57,0.71,1
g6_00023_17.tif,6957594,23.68,0.3692,0
g6_00023_17.tif,6957870,51.55,0.7724,1
g6_00023_17.tif,6957927,19.84,0.12,0
g6_00023_17.tif,6957966,10.46,0.0,0
g6_00023_17.tif,6984788,29.34,0.6364,1
g6_00023_17.tif,6984944,71.66,0.7033,1
g6_00023_17.tif,6984969,78.31,0.6835,1
g6_00023_17.tif,7045236,31.43,0.43,0
g6_00023_17.tif,7064454,30.59,0.4878,0
g6_00023_18.tif,6094963,12.57,0.0,0
g6_00023_18.tif,6094964,29.34,0.0,0
g6_00023_18.tif,6094965,16.43,0.0,0
g6_00023_18.tif,6094966,31.43,0.5489,1
g6_00023_18.tif,6094967,10.46,0.0,0
g6_00023_18.tif,6094972,31.86,0.3731,0
g6_00023_18.tif,6094976,20.96,0.0,0
g6_00023_18.tif,6095025,32.82,0.1674,0
g6_00023_18.tif,6095050,37.72,0.4268,0
g6_00023_18.tif,6095061,37.06,0.6108,1
g6_00023_18.tif,6095749,19.84,0.1205,0
g6_00023_18.tif,6142461,30.59,0.494,0
g6_00023_18.tif,6185193,50.05,0.5,1
g6_00023_18.tif,6185197,19.84,0.0,0
g6_00023_18.tif,6202138,23.68,0.0,0
g6_00023_18.tif,6246367,12.57,0.0,0
g6_00023_18.tif,6273103,31.43,0.7083,1
g6_00023_18.tif,6273126,19.84,0.0,0
g6_00023_18.tif,6296125,23.68,0.1385,0
g6_00023_18.tif,6364858,55.7,0.7007,1
g6_00023_18.tif,6509340,32.82,0.0117,0
g6_00023_18.tif,6558967,23.68,0.8136,1
g6_00023_18.tif,6600410,23.68,0.4878,0
g6_00023_18.tif,6600412,16.43,0.5942,1
g6_00023_18.tif,6600513,51.09,0.4033,0
g6_00023_18.tif,6600580,12.57,0.475,0
g6_00023_18.tif,6600588,10.46,0.0463,0
g6_00023_18.tif,6600753,12.57,0.2386,0
g6_00023_18.tif,6601122,4.19,0.1392,0
g6_00023_18.tif,6605623,20.96,0.0,0
g6_00023_18.tif,6605670,19.84,0.0,0
g6_00023_18.tif,6624743,83.01,0.6966,1
g6_00023_18.tif,6624752,37.72,0.5795,1
g6_00023_18.tif,6624865,75.32,0.8844,1
g6_00023_18.tif,6624874,68.39,0.5451,1
g6_00023_18.tif,6643194,43.87,0.5016,1
g6_00023_18.tif,6643203,29.34,0.4115,0
g6_00023_18.tif,6643436,12.57,0.0,0
g6_00023_18.tif,6670695,29.34,0.7816,1
g6_00023_18.tif,6670702,37.06,0.4103,0
g6_00023_18.tif,6670707,16.43,0.6944,1
g6_00023_18.tif,6670718,46.1,0.0015,0
g6_00023_18.tif,6670723,46.1,0.0,0
g6_00023_18.tif,6670749,16.43,0.0,0
g6_00023_18.tif,6686380,16.43,0.0,0
g6_00023_18.tif,6696060,12.57,0.0741,0
g6_00023_18.tif,6696128,10.46,0.5983,1
g6_00023_18.tif,6738137,10.46,0.0,0
g6_00023_18.tif,6742984,23.68,0.0,0
g6_00023_18.tif,6742990,20.96,0.0,0
g6_00023_18.tif,6742996,21.26,0.0582,0
g6_00023_18.tif,6742998,19.84,0.0,0
g6_00023_18.tif,6744391,37.72,0.5809,1
g6_00023_18.tif,6744403,12.57,0.0,0
g6_00023_18.tif,6744404,10.46,0.0,0
g6_00023_18.tif,6744551,12.57,0.5366,1
g6_00023_18.tif,6745909,30.59,0.3836,0
g6_00023_18.tif,6749903,39.76,0.3819,0
g6_00023_18.tif,6749907,43.87,0.3219,0
g6_00023_18.tif,6749914,31.86,0.2794,0
g6_00023_18.tif,6749921,30.59,0.2681,0
g6_00023_18.tif,6749974,10.46,0.0,0
g6_00023_18.tif,6794671,25.11,0.0,0
g6_00023_18.tif,6794672,16.43,0.0,0
g6_00023_18.tif,6794809,21.26,0.6102,1
g6_00023_18.tif,6808650,19.84,0.0,0
g6_00023_18.tif,6808651,19.84,0.0524,0
g6_00023_18.tif,6808663,31.86,0.3948,0
g6_00023_18.tif,6808666,29.34,0.5379,1
g6_00023_18.tif,6808686,54.41,0.4344,0
g6_00023_18.tif,6809339,12.57,0.2126,0
g6_00023_18.tif,6809855,10.46,0.0,0
g6_00023_18.tif,6863008,105.86,0.6476,1
g6_00023_18.tif,6863025,20.96,0.0,0
g6_00023_18.tif,6863027,21.26,0.0,0
g6_00023_18.tif,6863033,55.89,0.5553,1
g6_00023_18.tif,6863034,23.68,0.1779,0
g6_00023_18.tif,6863036,44.12,0.3412,0
g6_00023_18.tif,6886583,46.71,0.5059,1
g6_00023_18.tif,6946862,57.69,0.5656,1
g6_00023_18.tif,6946863,29.34,0.3755,0
g6_00023_18.tif,6947815,23.68,0.2447,0
g6_00023_18.tif,6957579,44.6,0.5625,1
g6_00023_18.tif,6957594,4.19,0.0,0
g6_00023_18.tif,6957602,21.26,0.0,0
g6_00023_18.tif,6957666,7.83,0.0,0
g6_00023_18.tif,6959711,104.78,0.7707,1
g6_00023_18.tif,6984788,37.06,0.6753,1
g6_00023_18.tif,6984793,46.1,0.6629,1
g6_00023_18.tif,6984795,23.68,0.464,0
g6_00023_18.tif,6992705,103.96,0.8276,1
g6_00023_18.tif,6992710,31.86,0.4276,0
g6_00023_18.tif,6992713,57.69,0.678,1
g6_00024_0.tif,6094974,29.15,0.3415,0
g6_00024_0.tif,6121758,16.37,0.0,0
g6_00024_0.tif,6121766,39.17,0.5253,1
g6_00024_0.tif,6121887,16.37,0.0,0
g6_00024_0.tif,6283611,12.49,0.0,0
g6_00024_0.tif,6283615,36.91,0.0,0
g6_00024_0.tif,6285642,55.35,0.6798,1
g6_00024_0.tif,6285643,16.37,0.0,0
g6_00024_0.tif,6285647,30.5,0.3732,0
g6_00024_0.tif,6285648,30.5,0.4406,0
g6_00024_0.tif,6285872,10.46,0.0655,0
g6_00024_0.tif,6296078,128.01,0.7924,1
g6_00024_0.tif,6352006,16.37,0.0,0
g6_00024_0.tif,6352011,20.82,0.0,0
g6_00024_0.tif,6352036,16.37,0.0,0
g6_00024_0.tif,6425676,64.53,0.0,0
g6_00024_0.tif,6425698,77.98,0.7025,1
g6_00024_0.tif,6425772,23.56,0.1309,0
g6_00024_0.tif,6425894,16.37,0.0,0
g6_00024_0.tif,6427240,30.5,0.0,0
g6_00024_0.tif,6427380,7.85,0.0,0
g6_00024_0.tif,6597569,54.31,0.6794,1
g6_00024_0.tif,6597577,12.49,0.0,0
g6_00024_0.tif,6742984,29.15,0.0,0
g6_00024_0.tif,6749914,19.87,0.0,0
g6_00024_0.tif,6808638,50.91,0.6772,1
g6_00024_0.tif,6808640,39.17,0.5378,1
g6_00024_0.tif,6947815,31.89,0.0,0
g6_00024_0.tif,6950300,10.46,0.0,0
g6_00024_0.tif,6950302,32.83,0.0,0
g6_00024_1.tif,6117393,16.43,0.0,0
g6_00024_1.tif,6117394,16.43,0.0,0
g6_00024_1.tif,6117395,31.86,0.2748,0
g6_00024_1.tif,6117398,10.46,0.0327,0
g6_00024_1.tif,6117401,19.84,0.3233,0
g6_00024_1.tif,6117480,21.26,0.3151,0
g6_00024_1.tif,6117690,19.84,0.0,0
g6_00024_1.tif,6117691,20.96,0.0,0
g6_00024_1.tif,6117697,30.59,0.3386,0
g6_00024_1.tif,6117705,43.87,0.0,0
g6_00024_1.tif,6117747,12.57,0.0,0
g6_00024_1.tif,6117753,12.57,0.0,0
g6_00024_1.tif,6117805,25.11,0.3125,0
g6_00024_1.tif,6148141,12.57,0.0,0
g6_00024_1.tif,6162554,10.46,0.0,0
g6_00024_1.tif,6164121,20.96,0.0,0
g6_00024_1.tif,6164123,23.68,0.0,0
g6_00024_1.tif,6188364,16.43,0.0,0
g6_00024_1.tif,6188367,4.19,0.0,0
g6_00024_1.tif,6188368,16.43,0.0,0
g6_00024_1.tif,6188463,19.84,0.0,0
g6_00024_1.tif,6213667,39.76,0.4783,0
g6_00024_1.tif,6213668,20.96,0.0,0
g6_00024_1.tif,6213715,10.46,0.0,0
g6_00024_1.tif,6233450,44.12,0.1745,0
g6_00024_1.tif,6233452,47.52,0.0,0
g6_00024_1.tif,6233453,21.26,0.0,0
g6_00024_1.tif,6239979,12.57,0.0,0
g6_00024_1.tif,6285642,37.72,0.5455,1
g6_00024_1.tif,6285656,25.11,0.4737,0
g6_00024_1.tif,6285872,10.46,0.0,0
g6_00024_1.tif,6425674,21.26,0.0,0
g6_00024_1.tif,6425676,4.19,0.0,0
g6_00024_1.tif,6425678,25.11,0.0,0
g6_00024_1.tif,6460370,10.46,0.0,0
g6_00024_1.tif,6597517,20.96,0.4204,0
g6_00024_1.tif,6597557,75.32,0.6585,1
g6_00024_1.tif,6606677,10.46,0.0,0
g6_00024_1.tif,6606686,12.57,0.0,0
g6_00024_1.tif,6614563,51.09,0.0,0
g6_00024_1.tif,6813396,65.38,0.7948,1
g6_00024_1.tif,6817456,30.59,0.0,0
g6_00024_1.tif,6817458,10.46,0.0,0
g6_00024_1.tif,6817460,12.57,0.0,0
g6_00024_1.tif,6817461,16.43,0.0,0
g6_00024_1.tif,6817466,54.41,0.4469,0
g6_00024_1.tif,6817474,31.86,0.0,0
g6_00024_1.tif,6817476,44.12,0.4899,0
g6_00024_1.tif,6817669,10.46,0.0,0
g6_00024_1.tif,6909682,10.46,0.0,0
g6_00024_1.tif,6912932,72.17,0.5162,1
g6_00024_1.tif,6912934,60.94,0.1735,0
g6_00026_16.tif,6099287,12.58,0.3185,0
g6_00026_16.tif,6099304,10.4,0.0,0
g6_00026_16.tif,6111432,43.56,0.3976,0
g6_00026_16.tif,6111444,21.11,0.201,0
g6_00026_16.tif,6120060,30.49,0.5075,1
g6_00026_16.tif,6173845,16.39,0.0123,0
g6_00026_16.tif,6173955,16.39,0.5918,1
g6_00026_16.tif,6173970,36.98,0.3089,0
g6_00026_16.tif,6173997,12.58,0.2791,0
g6_00026_16.tif,6174006,10.4,0.2083,0
g6_00026_16.tif,6179252,117.81,0.5429,1
g6_00026_16.tif,6179253,67.43,0.7752,1
g6_00026_16.tif,6179256,46.42,0.6934,1
g6_00026_16.tif,6179394,19.68,0.0952,0
g6_00026_16.tif,6179535,59.17,0.4701,0
g6_00026_16.tif,6194375,29.34,0.7095,1
g6_00026_16.tif,6232846,49.78,0.7029,1
g6_00026_16.tif,6232858,10.4,0.0362,0
g6_00026_16.tif,6248990,29.34,0.3767,0
g6_00026_16.tif,6250357,112.58,0.1714,0
g6_00026_16.tif,6250359,63.94,0.1556,0
g6_00026_16.tif,6250361,46.11,0.2977,0
g6_00026_16.tif,6250362,50.94,0.3753,0
g6_00026_16.tif,6250366,51.49,0.8353,1
g6_00026_16.tif,6250371,46.11,0.4603,0
g6_00026_16.tif,6250372,16.39,0.0147,0
g6_00026_16.tif,6270669,88.03,0.7572,1
g6_00026_16.tif,6270671,12.58,0.0,0
g6_00026_16.tif,6270675,29.34,0.5804,1
g6_00026_16.tif,6270678,16.39,0.5263,1
g6_00026_16.tif,6270683,57.56,0.5717,1
g6_00026_16.tif,6270686,51.49,0.6761,1
g6_00026_16.tif,6324348,24.98,0.0,0
g6_00026_16.tif,6324356,16.39,0.6047,1
g6_00026_16.tif,6359097,44.05,0.7783,1
g6_00026_16.tif,6364834,67.43,0.3594,0
g6_00026_16.tif,6408125,39.4,0.6743,1
g6_00026_16.tif,6408126,63.94,0.6875,1
g6_00026_16.tif,6408127,31.62,0.4444,0
g6_00026_16.tif,6408143,46.11,0.5899,1
g6_00026_16.tif,6408146,23.65,0.4769,0
g6_00026_16.tif,6408181,29.34,0.3272,0
g6_00026_16.tif,6414921,31.62,0.6213,1
g6_00026_16.tif,6414927,30.49,0.2018,0
g6_00026_16.tif,6453819,91.68,0.7723,1
g6_00026_16.tif,6453825,19.68,0.0413,0
g6_00026_16.tif,6500762,10.4,0.0794,0
g6_00026_16.tif,6525858,29.34,0.3222,0
g6_00026_16.tif,6525862,39.4,0.5676,1
g6_00026_16.tif,6525939,10.4,0.1111,0
g6_00026_16.tif,6593059,31.41,0.5506,1
g6_00026_16.tif,6593061,12.58,0.024,0
g6_00026_16.tif,6593067,46.42,0.5695,1
g6_00026_16.tif,6593068,54.5,0.5301,1
g6_00026_16.tif,6593071,46.42,0.5509,1
g6_00026_16.tif,6593333,56.08,0.5419,1
g6_00026_16.tif,6593349,31.62,0.66,1
g6_00026_16.tif,6593363,19.68,0.4348,0
g6_00026_16.tif,6593450,16.39,0.0687,0
g6_00026_16.tif,6605272,79.79,0.7197,1
g6_00026_16.tif,6605343,29.34,0.5504,1
g6_00026_16.tif,6605344,12.58,0.033,0
g6_00026_16.tif,6605564,12.58,0.0,0
g6_00026_16.tif,6605924,19.68,0.0351,0
g6_00026_16.tif,6605925,19.68,0.7459,1
g6_00026_16.tif,6621806,4.19,0.2131,0
g6_00026_16.tif,6630253,31.62,0.6562,1
g6_00026_16.tif,6630399,19.68,0.0546,0
g6_00026_16.tif,6634682,71.84,0.7895,1
g6_00026_16.tif,6634683,113.19,0.573,1
g6_00026_16.tif,6634685,91.31,0.312,0
g6_00026_16.tif,6634713,10.4,0.0243,0
g6_00026_16.tif,6640851,23.65,0.6951,1
g6_00026_16.tif,6640854,30.49,0.6933,1
g6_00026_16.tif,6640857,36.98,0.2114,0
g6_00026_16.tif,6658474,106.08,0.0356,0
g6_00026_16.tif,6659726,142.63,0.823,1
g6_00026_16.tif,6659730,83.07,0.4049,0
g6_00026_16.tif,6661240,73.87,0.2723,0
g6_00026_16.tif,6661243,39.4,0.7419,1
g6_00026_16.tif,6661246,30.49,0.6866,1
g6_00026_16.tif,6661247,50.94,0.6619,1
g6_00026_16.tif,6661251,43.56,0.2131,0
g6_00026_16.tif,6661257,44.87,0.8416,1
g6_00026_16.tif,6661561,12.58,0.0286,0
g6_00026_16.tif,6661639,55.5,0.1996,0
g6_00026_16.tif,6661724,30.49,0.6712,1
g6_00026_16.tif,6661843,92.02,0.7436,1
g6_00026_16.tif,6661906,31.41,0.1406,0
g6_00026_16.tif,6661907,57.81,0.6667,1
g6_00026_16.tif,6663224,67.0,0.8354,1
g6_00026_16.tif,6663226,91.07,0.878,1
g6_00026_16.tif,6663227,122.53,0.3533,0
g6_00026_16.tif,6686415,62.88,0.7354,1
g6_00026_16.tif,6692968,56.08,0.2838,0
g6_00026_16.tif,6712956,31.62,0.4756,0
g6_00026_16.tif,6712959,32.59,0.4815,0
g6_00026_16.tif,6724642,20.96,0.0,0
g6_00026_16.tif,6724644,68.75,0.8293,1
g6_00026_16.tif,6724651,44.05,0.696,1
g6_00026_16.tif,6725036,99.21,0.8201,1
g6_00026_16.tif,6725068,12.58,0.0034,0
g6_00026_16.tif,6743517,32.59,0.0,0
g6_00026_16.tif,6758260,51.49,0.4633,0
g6_00026_16.tif,6758265,4.19,0.0,0
g6_00026_16.tif,6758266,12.58,0.1489,0
g6_00026_16.tif,6758344,10.4,0.0,0
g6_00026_16.tif,6758445,7.75,0.0,0
g6_00026_16.tif,6802229,39.57,0.3786,0
g6_00026_16.tif,6802234,43.56,0.4337,0
g6_00026_16.tif,6802236,37.73,0.7075,1
g6_00026_16.tif,6802241,4.19,0.0446,0
g6_00026_16.tif,6802245,19.68,0.2885,0
g6_00026_16.tif,6803827,93.35,0.7263,1
g6_00026_16.tif,6803837,43.56,0.6866,1
g6_00026_16.tif,6803843,37.73,0.5248,1
g6_00026_16.tif,6803945,31.62,0.2756,0
g6_00026_16.tif,6803967,19.68,0.4125,0
g6_00026_16.tif,6804399,4.19,0.0,0
g6_00026_16.tif,6832133,24.98,0.4242,0
g6_00026_16.tif,6832164,24.98,0.1974,0
g6_00026_16.tif,6926865,36.98,0.5389,1
g6_00026_16.tif,6935506,59.35,0.7139,1
g6_00026_16.tif,6935536,35.35,0.5541,1
g6_00026_16.tif,6965874,36.98,0.2926,0
g6_00026_16.tif,6966077,36.98,0.56,1
g6_00026_16.tif,7005030,80.5,0.6983,1
g6_00026_16.tif,7005031,57.56,0.0,0
g6_00026_16.tif,7018690,54.5,0.6769,1
g6_00026_16.tif,7018695,23.65,0.5066,1
g6_00026_16.tif,7045982,119.81,0.6259,1
g6_00026_16.tif,7045984,19.68,0.0,0
g6_00026_16.tif,7045987,79.79,0.6634,1
g6_00026_16.tif,7045990,46.11,0.4426,0
g6_00026_16.tif,7045995,31.62,0.0194,0
g6_00026_16.tif,7074175,16.39,0.0,0
g6_00026_16.tif,7074181,55.5,0.7022,1
g6_00026_17.tif,6087692,44.29,0.1519,0
g6_00026_17.tif,6097744,37.73,0.0,0
g6_00026_17.tif,6143571,16.39,0.3636,0
g6_00026_17.tif,6155039,32.59,0.4197,0
g6_00026_17.tif,6163363,78.14,0.7184,1
g6_00026_17.tif,6163365,85.1,0.8262,1
g6_00026_17.tif,6171461,12.58,0.0,0
g6_00026_17.tif,6171462,16.39,0.0,0
g6_00026_17.tif,6172345,50.94,0.7267,1
g6_00026_17.tif,6172346,12.58,0.0,0
g6_00026_17.tif,6172492,7.75,0.0,0
g6_00026_17.tif,6250364,55.7,0.3902,0
g6_00026_17.tif,6250366,12.58,0.4286,0
g6_00026_17.tif,6250372,29.34,0.6309,1
g6_00026_17.tif,6251600,16.39,0.3714,0
g6_00026_17.tif,6270665,64.27,0.6374,1
g6_00026_17.tif,6270668,64.27,0.7412,1
g6_00026_17.tif,6270677,39.57,0.5622,1
g6_00026_17.tif,6270678,20.96,0.5513,1
g6_00026_17.tif,6270680,19.68,0.5281,1
g6_00026_17.tif,6324356,23.65,0.5847,1
g6_00026_17.tif,6325888,112.58,0.5418,1
g6_00026_17.tif,6359096,7.75,0.0,0
g6_00026_17.tif,6359099,24.98,0.0532,0
g6_00026_17.tif,6359167,16.39,0.6522,1
g6_00026_17.tif,6408118,46.42,0.6181,1
g6_00026_17.tif,6408133,55.5,0.6949,1
g6_00026_17.tif,6408173,16.39,0.0623,0
g6_00026_17.tif,6409804,64.27,0.614,1
g6_00026_17.tif,6409816,46.42,0.6594,1
g6_00026_17.tif,6409822,31.41,0.8025,1
g6_00026_17.tif,6409840,23.65,0.103,0
g6_00026_17.tif,6412748,31.62,0.4522,0
g6_00026_17.tif,6412753,49.78,0.6027,1
g6_00026_17.tif,6412760,31.41,0.3052,0
g6_00026_17.tif,6412767,29.34,0.1164,0
g6_00026_17.tif,6414900,74.95,0.786,1
g6_00026_17.tif,6414913,23.65,0.4,0
g6_00026_17.tif,6414917,19.68,0.6346,1
g6_00026_17.tif,6414919,29.34,0.3613,0
g6_00026_17.tif,6414925,16.39,0.0,0
g6_00026_17.tif,6416488,71.27,0.0,0
g6_00026_17.tif,6418429,54.5,0.3008,0
g6_00026_17.tif,6420880,44.05,0.653,1
g6_00026_17.tif,6453807,30.49,0.3767,0
g6_00026_17.tif,6453808,31.62,0.5078,1
g6_00026_17.tif,6453809,44.05,0.619,1
g6_00026_17.tif,6453826,54.5,0.712,1
g6_00026_17.tif,6453836,19.68,0.4016,0
g6_00026_17.tif,6453849,20.96,0.0169,0
g6_00026_17.tif,6454184,16.39,0.3704,0
g6_00026_17.tif,6454224,21.11,0.4318,0
g6_00026_17.tif,6500535,54.5,0.5956,1
g6_00026_17.tif,6500538,16.39,0.4124,0
g6_00026_17.tif,6500762,50.94,0.4324,0
g6_00026_17.tif,6501390,35.35,0.4142,0
g6_00026_17.tif,6501393,30.49,0.3195,0
g6_00026_17.tif,6501394,19.68,0.3436,0
g6_00026_17.tif,6501396,20.96,0.4,0
g6_00026_17.tif,6501399,10.4,0.0,0
g6_00026_17.tif,6501413,50.94,0.6268,1
g6_00026_17.tif,6501416,23.65,0.4639,0
g6_00026_17.tif,6501489,10.4,0.0818,0
g6_00026_17.tif,6575147,7.75,0.0,0
g6_00026_17.tif,6589564,50.94,0.6471,1
g6_00026_17.tif,6589577,16.39,0.0957,0
g6_00026_17.tif,6589634,44.05,0.5,1
g6_00026_17.tif,6593068,23.65,0.4103,0
g6_00026_17.tif,6634688,39.57,0.6815,1
g6_00026_17.tif,6634689,50.94,0.6181,1
g6_00026_17.tif,6640854,29.34,0.7442,1
g6_00026_17.tif,6640855,7.75,0.0,0
g6_00026_17.tif,6686401,94.57,0.5323,1
g6_00026_17.tif,6686404,100.1,0.7418,1
g6_00026_17.tif,6686408,71.47,0.6936,1
g6_00026_17.tif,6686415,51.49,0.7312,1
g6_00026_17.tif,6686422,10.4,0.0,0
g6_00026_17.tif,6694164,47.51,0.6109,1
g6_00026_17.tif,6705275,51.49,0.1573,0
g6_00026_17.tif,6705278,44.29,0.0376,0
g6_00026_17.tif,6705285,44.29,0.5808,1
g6_00026_17.tif,6705288,47.51,0.1415,0
g6_00026_17.tif,6705453,7.75,0.0578,0
g6_00026_17.tif,6714340,21.11,0.3774,0
g6_00026_17.tif,6714343,30.49,0.4599,0
g6_00026_17.tif,6714726,19.68,0.0172,0
g6_00026_17.tif,6715842,49.78,0.705,1
g6_00026_17.tif,6715843,44.29,0.7119,1
g6_00026_17.tif,6715856,79.37,0.6171,1
g6_00026_17.tif,6715881,47.51,0.6457,1
g6_00026_17.tif,6724642,114.44,0.8453,1
g6_00026_17.tif,6724658,24.98,0.4882,0
g6_00026_17.tif,6725036,29.34,0.7619,1
g6_00026_17.tif,6743656,31.62,0.3607,0
g6_00026_17.tif,6758265,10.4,0.493,0
g6_00026_17.tif,6758267,21.11,0.4603,0
g6_00026_17.tif,6758344,10.4,0.253,0
g6_00026_17.tif,6758445,16.39,0.2333,0
g6_00026_17.tif,6822390,10.4,0.0,0
g6_00026_17.tif,6822392,10.4,0.0,0
g6_00026_17.tif,6822396,68.75,0.6055,1
g6_00026_17.tif,6822409,97.03,0.6624,1
g6_00026_17.tif,6822431,7.75,0.0059,0
g6_00026_17.tif,6831989,20.96,0.5839,1
g6_00026_17.tif,6886249,39.4,0.7701,1
g6_00026_17.tif,6894042,67.92,0.7757,1
g6_00026_17.tif,6894066,36.98,0.16,0
g6_00026_17.tif,6935512,85.1,0.4884,0
g6_00026_17.tif,6935924,10.4,0.011,0
g6_00026_17.tif,6953423,20.96,0.1373,0
g6_00026_17.tif,6965881,24.98,0.4888,0
g6_00026_17.tif,7005035,44.05,0.7262,1
g6_00026_17.tif,7005041,35.35,0.5351,1
g6_00026_18.tif,6084446,49.78,0.6921,1
g6_00026_18.tif,6084450,44.87,0.4621,0
g6_00026_18.tif,6084453,20.96,0.5962,1
g6_00026_18.tif,6084454,16.39,0.0,0
g6_00026_18.tif,6084456,30.49,0.119,0
g6_00026_18.tif,6084458,19.68,0.0,0
g6_00026_18.tif,6097738,94.74,0.9,1
g6_00026_18.tif,6112660,10.4,0.0,0
g6_00026_18.tif,6141485,44.29,0.6269,1
g6_00026_18.tif,6141571,10.4,0.0,0
g6_00026_18.tif,6143038,7.75,0.4091,0
g6_00026_18.tif,6143171,16.39,0.2429,0
g6_00026_18.tif,6143575,36.98,0.4861,0
g6_00026_18.tif,6143576,35.35,0.6111,1
g6_00026_18.tif,6143579,59.17,0.7657,1
g6_00026_18.tif,6143582,67.43,0.2703,0
g6_00026_18.tif,6143586,31.41,0.1264,0
g6_00026_18.tif,6143588,49.78,0.6073,1
g6_00026_18.tif,6143594,16.39,0.0,0
g6_00026_18.tif,6172344,71.27,0.2814,0
g6_00026_18.tif,6172346,30.49,0.2585,0
g6_00026_18.tif,6172492,16.39,0.4824,0
g6_00026_18.tif,6178804,12.58,0.0,0
g6_00026_18.tif,6178806,43.56,0.7847,1
g6_00026_18.tif,6178815,12.58,0.0,0
g6_00026_18.tif,6251600,16.39,0.6333,1
g6_00026_18.tif,6341900,23.65,0.0,0
g6_00026_18.tif,6341901,91.31,0.2675,0
g6_00026_18.tif,6341905,67.43,0.6197,1
g6_00026_18.tif,6341912,19.68,0.0,0
g6_00026_18.tif,6341914,20.96,0.1337,0
g6_00026_18.tif,6341917,91.07,0.6051,1
g6_00026_18.tif,6342217,10.4,0.0,0
g6_00026_18.tif,6363524,82.98,0.7871,1
g6_00026_18.tif,6363528,37.73,0.6061,1
g6_00026_18.tif,6370536,39.57,0.6702,1
g6_00026_18.tif,6374037,47.51,0.6169,1
g6_00026_18.tif,6400392,44.05,0.5102,1
g6_00026_18.tif,6400574,19.68,0.1266,0
g6_00026_18.tif,6409798,44.05,0.5859,1
g6_00026_18.tif,6409817,23.65,0.0,0
g6_00026_18.tif,6409822,30.49,0.6164,1
g6_00026_18.tif,6410071,16.39,0.5125,1
g6_00026_18.tif,6410411,37.73,0.73,1
g6_00026_18.tif,6412748,31.62,0.5143,1
g6_00026_18.tif,6414880,146.72,0.8457,1
g6_00026_18.tif,6414884,114.44,0.5075,1
g6_00026_18.tif,6414901,85.1,0.6937,1
g6_00026_18.tif,6430682,36.98,0.3971,0
g6_00026_18.tif,6430683,54.16,0.371,0
g6_00026_18.tif,6453817,126.6,0.8193,1
g6_00026_18.tif,6575091,16.39,0.4024,0
g6_00026_18.tif,6575147,16.39,0.1359,0
g6_00026_18.tif,6600415,35.35,0.5821,1
g6_00026_18.tif,6600421,20.96,0.6319,1
g6_00026_18.tif,6616246,32.59,0.546,1
g6_00026_18.tif,6616508,23.65,0.004,0
g6_00026_18.tif,6616534,39.4,0.7636,1
g6_00026_18.tif,6621468,79.37,0.6863,1
g6_00026_18.tif,6670704,37.73,0.4499,0
g6_00026_18.tif,6681404,30.49,0.1182,0
g6_00026_18.tif,6681845,46.42,0.693,1
g6_00026_18.tif,6681847,35.35,0.7075,1
g6_00026_18.tif,6699252,79.65,0.836,1
g6_00026_18.tif,6699256,46.42,0.4912,0
g6_00026_18.tif,6702430,20.96,0.0336,0
g6_00026_18.tif,6705302,64.27,0.7984,1
g6_00026_18.tif,6706456,16.39,0.3243,0
g6_00026_18.tif,6707182,36.98,0.5211,1
g6_00026_18.tif,6707196,19.68,0.5789,1
g6_00026_18.tif,6715853,83.33,0.8255,1
g6_00026_18.tif,6715862,80.5,0.5822,1
g6_00026_18.tif,6715870,57.56,0.7671,1
g6_00026_18.tif,6715885,10.4,0.0,0
g6_00026_18.tif,6715886,31.41,0.2596,0
g6_00026_18.tif,6715891,39.57,0.2593,0
g6_00026_18.tif,6715900,20.96,0.2209,0
g6_00026_18.tif,6715914,72.2,0.8163,1
g6_00026_18.tif,6716239,36.98,0.5642,1
g6_00026_18.tif,6758276,35.35,0.6667,1
g6_00026_18.tif,6822392,7.75,0.0,0
g6_00026_18.tif,6859361,37.73,0.0327,0
g6_00026_18.tif,6894042,46.42,0.2743,0
g6_00026_18.tif,6926852,62.88,0.4728,0
g6_00026_18.tif,6935546,44.87,0.5573,1
g6_00026_18.tif,6936735,30.49,0.1312,0
g6_00026_18.tif,6953345,85.85,0.5509,1
g6_00026_18.tif,6953412,44.87,0.6109,1
g6_00026_18.tif,6953423,55.5,0.597,1
g6_00026_18.tif,6953452,19.68,0.0,0
g6_00026_18.tif,6953467,16.39,0.4231,0
g6_00026_18.tif,6988791,67.0,0.6705,1
g6_00026_18.tif,7061043,12.58,0.0,0
g6_00026_18.tif,7077279,12.58,0.1618,0
g6_00027_0.tif,6091551,16.39,0.0,0
g6_00027_0.tif,6094975,31.41,0.66,1
g6_00027_0.tif,6095749,43.56,0.8201,1
g6_00027_0.tif,6095766,39.57,0.479,0
g6_00027_0.tif,6296104,29.34,0.548,1
g6_00027_0.tif,6371240,19.68,0.2874,0
g6_00027_0.tif,6371309,19.68,0.2165,0
g6_00027_0.tif,6371321,10.4,0.2576,0
g6_00027_0.tif,6395249,12.58,0.0377,0
g6_00027_0.tif,6395255,55.7,0.3913,0
g6_00027_0.tif,6400392,30.49,0.4492,0
g6_00027_0.tif,6400640,10.4,0.0,0
g6_00027_0.tif,6409850,31.41,0.0,0
g6_00027_0.tif,6409859,55.5,0.0544,0
g6_00027_0.tif,6425681,19.68,0.0,0
g6_00027_0.tif,6469358,30.49,0.0,0
g6_00027_0.tif,6469359,7.75,0.0,0
g6_00027_0.tif,6469360,24.98,0.0,0
g6_00027_0.tif,6509323,39.4,0.6291,1
g6_00027_0.tif,6509333,24.98,0.0,0
g6_00027_0.tif,6600415,39.57,0.7122,1
g6_00027_0.tif,6616251,16.39,0.0,0
g6_00027_0.tif,6624743,12.58,0.0,0
g6_00027_0.tif,6638511,19.68,0.0,0
g6_00027_0.tif,6638512,71.84,0.5854,1
g6_00027_0.tif,6638513,44.29,0.4577,0
g6_00027_0.tif,6638517,31.62,0.102,0
g6_00027_0.tif,6638521,64.27,0.6046,1
g6_00027_0.tif,6638526,12.58,0.0,0
g6_00027_0.tif,6638909,7.75,0.0,0
g6_00027_0.tif,6640413,29.34,0.3485,0
g6_00027_0.tif,6643191,39.57,0.6369,1
g6_00027_0.tif,6643193,111.14,0.8297,1
g6_00027_0.tif,6643197,54.16,0.5707,1
g6_00027_0.tif,6643510,12.58,0.0,0
g6_00027_0.tif,6643587,19.68,0.0643,0
g6_00027_0.tif,6649780,12.58,0.0,0
g6_00027_0.tif,6649782,30.49,0.5487,1
g6_00027_0.tif,6649783,30.49,0.0,0
g6_00027_0.tif,6649856,16.39,0.1091,0
g6_00027_0.tif,6653855,67.43,0.7308,1
g6_00027_0.tif,6663322,19.68,0.0248,0
g6_00027_0.tif,6663324,10.4,0.0,0
g6_00027_0.tif,6670690,10.4,0.0,0
g6_00027_0.tif,6675372,19.68,0.0,0
g6_00027_0.tif,6685749,20.96,0.0,0
g6_00027_0.tif,6685752,12.58,0.0,0
g6_00027_0.tif,6705316,12.58,0.0,0
g6_00027_0.tif,6705317,12.58,0.0,0
g6_00027_0.tif,6707995,16.39,0.0,0
g6_00027_0.tif,6716978,10.4,0.0,0
g6_00027_0.tif,6717015,10.4,0.0,0
g6_00027_0.tif,6926859,49.78,0.6411,1
g6_00027_0.tif,6926875,30.49,0.2269,0
g6_00027_0.tif,6953520,91.68,0.3848,0
g6_00027_0.tif,7014843,29.34,0.3267,0
g6_00027_0.tif,7077273,12.58,0.0,0
g6_00027_1.tif,6094974,29.15,0.0119,0
g6_00027_1.tif,6095753,43.59,0.4776,0
g6_00027_1.tif,6095756,19.71,0.0,0
g6_00027_1.tif,6102195,102.71,0.6894,1
g6_00027_1.tif,6116249,16.33,0.0448,0
g6_00027_1.tif,6116252,30.4,0.5851,1
g6_00027_1.tif,6116253,29.15,0.1069,0
g6_00027_1.tif,6116254,31.65,0.3608,0
g6_00027_1.tif,6116257,43.59,0.5603,1
g6_00027_1.tif,6116258,20.82,0.0,0
g6_00027_1.tif,6116260,31.65,0.0,0
g6_00027_1.tif,6116261,12.49,0.0,0
g6_00027_1.tif,6116262,19.71,0.3484,0
g6_00027_1.tif,6116337,4.16,0.009,0
g6_00027_1.tif,6243437,12.49,0.1685,0
g6_00027_1.tif,6293793,37.48,0.0742,0
g6_00027_1.tif,6296090,54.14,0.6504,1
g6_00027_1.tif,6296104,36.82,0.6286,1
g6_00027_1.tif,6296107,43.59,0.615,1
g6_00027_1.tif,6296115,71.7,0.732,1
g6_00027_1.tif,6296217,19.71,0.0118,0
g6_00027_1.tif,6395249,71.2,0.2033,0
g6_00027_1.tif,6395253,62.47,0.0,0
g6_00027_1.tif,6395255,36.82,0.7338,1
g6_00027_1.tif,6399723,12.49,0.0,0
g6_00027_1.tif,6409809,39.5,0.5217,1
g6_00027_1.tif,6613260,79.13,0.7241,1
g6_00027_1.tif,6613265,31.65,0.0909,0
g6_00027_1.tif,6613267,19.71,0.3962,0
g6_00027_1.tif,6613268,43.59,0.5525,1
g6_00027_1.tif,6613275,29.15,0.5732,1
g6_00027_1.tif,6613276,19.71,0.122,0
g6_00027_1.tif,6613278,16.33,0.0,0
g6_00027_1.tif,6613279,10.39,0.0,0
g6_00027_1.tif,6638519,71.48,0.6597,1
g6_00027_1.tif,6638521,12.49,0.0,0
g6_00027_1.tif,6638525,19.71,0.0,0
g6_00027_1.tif,6638527,23.53,0.0069,0
g6_00027_1.tif,6644551,43.84,0.5541,1
g6_00027_1.tif,6644800,16.33,0.1009,0
g6_00027_1.tif,6707995,39.16,0.8095,1
g6_00027_1.tif,6862997,12.49,0.0,0
g6_00027_1.tif,6862998,120.78,0.272,0
g6_00027_1.tif,6863000,151.03,0.4173,0
g6_00027_1.tif,6863003,62.47,0.7807,1
g6_00027_1.tif,6863004,31.23,0.6095,1
g6_00027_1.tif,6863005,85.8,0.7229,1
g6_00027_1.tif,7014835,91.34,0.0,0
g6_00027_1.tif,7014836,45.81,0.0,0
g6_00027_1.tif,7014843,23.53,0.5212,1
g6_00027_1.tif,7014846,29.15,0.4135,0
g6_00027_2.tif,6094065,31.62,0.3737,0
g6_00027_2.tif,6094067,23.65,0.4537,0
g6_00027_2.tif,6094069,31.62,0.3316,0
g6_00027_2.tif,6095608,30.49,0.5421,1
g6_00027_2.tif,6095612,20.96,0.0,0
g6_00027_2.tif,6095613,12.58,0.0,0
g6_00027_2.tif,6095615,35.35,0.3404,0
g6_00027_2.tif,6102191,49.78,0.5042,1
g6_00027_2.tif,6102194,39.57,0.5,1
g6_00027_2.tif,6102211,37.73,0.6747,1
g6_00027_2.tif,6102519,10.4,0.1562,0
g6_00027_2.tif,6102522,12.58,0.5606,1
g6_00027_2.tif,6121756,12.58,0.0,0
g6_00027_2.tif,6121764,50.94,0.0,0
g6_00027_2.tif,6121961,16.39,0.0,0
g6_00027_2.tif,6165263,19.68,0.0,0
g6_00027_2.tif,6165266,29.34,0.0,0
g6_00027_2.tif,6165274,31.62,0.0,0
g6_00027_2.tif,6165284,19.68,0.0056,0
g6_00027_2.tif,6165357,4.19,0.0,0
g6_00027_2.tif,6167140,16.39,0.0,0
g6_00027_2.tif,6167141,10.4,0.0,0
g6_00027_2.tif,6169138,19.68,0.0,0
g6_00027_2.tif,6212156,23.65,0.0,0
g6_00027_2.tif,6243444,10.4,0.0,0
g6_00027_2.tif,6243446,16.39,0.0,0
g6_00027_2.tif,6243453,16.39,0.0,0
g6_00027_2.tif,6370529,29.34,0.437,0
g6_00027_2.tif,6370530,23.65,0.4242,0
g6_00027_2.tif,6370531,10.4,0.0,0
g6_00027_2.tif,6370539,31.41,0.3262,0
g6_00027_2.tif,6370546,46.11,0.6335,1
g6_00027_2.tif,6370634,16.39,0.367,0
g6_00027_2.tif,6370653,4.19,0.0128,0
g6_00027_2.tif,6396935,12.58,0.0286,0
g6_00027_2.tif,6399723,12.58,0.0,0
g6_00027_2.tif,6399728,12.58,0.0,0
g6_00027_2.tif,6399744,16.39,0.0,0
g6_00027_2.tif,6401108,49.78,0.435,0
g6_00027_2.tif,6401117,10.4,0.0,0
g6_00027_2.tif,6401237,10.4,0.1244,0
g6_00027_2.tif,6401248,10.4,0.186,0
g6_00027_2.tif,6406006,16.39,0.0,0
g6_00027_2.tif,6406007,20.96,0.0,0
g6_00027_2.tif,6406009,12.58,0.0,0
g6_00027_2.tif,6463972,12.58,0.0,0
g6_00027_2.tif,6463980,16.39,0.0,0
g6_00027_2.tif,6469356,21.11,0.0,0
g6_00027_2.tif,6469357,7.75,0.0,0
g6_00027_2.tif,6505457,10.4,0.0,0
g6_00027_2.tif,6505493,10.4,0.0,0
g6_00027_2.tif,6563156,12.58,0.0,0
g6_00027_2.tif,6613267,19.68,0.0,0
g6_00027_2.tif,6613281,16.39,0.0522,0
g6_00027_2.tif,6939036,16.39,0.0,0
g6_00027_2.tif,6945219,10.4,0.0,0
g6_00027_2.tif,6945306,30.49,0.4726,0
g6_00027_2.tif,6945462,12.58,0.0,0
g6_00027_2.tif,7025844,19.68,0.0,0
g6_00027_2.tif,7025845,16.39,0.0,0
g6_00029_17.tif,6102119,55.89,0.0,0
g6_00029_17.tif,6102131,57.7,0.0,0
g6_00029_17.tif,6102137,31.86,0.0698,0
g6_00029_17.tif,6102234,30.6,0.5263,1
g6_00029_17.tif,6155085,10.46,0.0479,0
g6_00029_17.tif,6205363,43.87,0.1603,0
g6_00029_17.tif,6212478,44.6,0.2151,0
g6_00029_17.tif,6212481,39.77,0.5319,1
g6_00029_17.tif,6212482,46.71,0.3711,0
g6_00029_17.tif,6212486,25.11,0.2817,0
g6_00029_17.tif,6212487,39.43,0.5818,1
g6_00029_17.tif,6212489,47.54,0.5274,1
g6_00029_17.tif,6212532,16.44,0.1615,0
g6_00029_17.tif,6224891,21.26,0.0,0
g6_00029_17.tif,6225102,21.26,0.0799,0
g6_00029_17.tif,6225136,20.97,0.6235,1
g6_00029_17.tif,6225250,30.6,0.4196,0
g6_00029_17.tif,6225320,7.82,0.0526,0
g6_00029_17.tif,6248986,55.89,0.7622,1
g6_00029_17.tif,6248987,31.86,0.4686,0
g6_00029_17.tif,6248993,46.12,0.0,0
g6_00029_17.tif,6249062,29.35,0.1331,0
g6_00029_17.tif,6265796,10.46,0.4091,0
g6_00029_17.tif,6265869,30.6,0.3287,0
g6_00029_17.tif,6265884,10.46,0.2871,0
g6_00029_17.tif,6298192,37.07,0.5984,1
g6_00029_17.tif,6298194,30.6,0.3684,0
g6_00029_17.tif,6298195,21.26,0.127,0
g6_00029_17.tif,6298198,16.44,0.0,0
g6_00029_17.tif,6298199,16.44,0.4,0
g6_00029_17.tif,6298234,43.87,0.4667,0
g6_00029_17.tif,6333421,16.44,0.32,0
g6_00029_17.tif,6333439,10.46,0.1702,0
g6_00029_17.tif,6359097,23.69,0.625,1
g6_00029_17.tif,6408129,71.68,0.6318,1
g6_00029_17.tif,6408146,37.07,0.2344,0
g6_00029_17.tif,6408148,35.57,0.3448,0
g6_00029_17.tif,6408183,12.58,0.0,0
g6_00029_17.tif,6409811,46.12,0.6693,1
g6_00029_17.tif,6412763,12.58,0.0,0
g6_00029_17.tif,6414888,98.97,0.7942,1
g6_00029_17.tif,6416489,12.58,0.0,0
g6_00029_17.tif,6420875,46.12,0.6792,1
g6_00029_17.tif,6486817,25.11,0.0,0
g6_00029_17.tif,6491986,54.42,0.0,0
g6_00029_17.tif,6491989,35.57,0.0,0
g6_00029_17.tif,6491996,10.46,0.0871,0
g6_00029_17.tif,6491998,21.26,0.6964,1
g6_00029_17.tif,6621489,30.6,0.1023,0
g6_00029_17.tif,6621493,30.6,0.3364,0
g6_00029_17.tif,6621494,19.84,0.0,0
g6_00029_17.tif,6640844,75.02,0.741,1
g6_00029_17.tif,6640845,51.1,0.7273,1
g6_00029_17.tif,6640860,25.11,0.1571,0
g6_00029_17.tif,6640951,19.84,0.0,0
g6_00029_17.tif,6641026,10.46,0.0,0
g6_00029_17.tif,6661240,50.06,0.3947,0
g6_00029_17.tif,6661243,10.46,0.0,0
g6_00029_17.tif,6661251,51.57,0.6136,1
g6_00029_17.tif,6661252,59.24,0.6445,1
g6_00029_17.tif,6661254,57.7,0.6272,1
g6_00029_17.tif,6661256,20.97,0.316,0
g6_00029_17.tif,6661262,35.57,0.6432,1
g6_00029_17.tif,6699956,69.07,0.7094,1
g6_00029_17.tif,6699957,25.11,0.0,0
g6_00029_17.tif,6726219,116.26,0.7924,1
g6_00029_17.tif,6726224,88.78,0.0,0
g6_00029_17.tif,6726227,31.86,0.2451,0
g6_00029_17.tif,6726229,37.07,0.6414,1
g6_00029_17.tif,6726231,54.51,0.1075,0
g6_00029_17.tif,6726488,10.46,0.2941,0
g6_00029_17.tif,6758266,19.84,0.2749,0
g6_00029_17.tif,6781691,37.74,0.7681,1
g6_00029_17.tif,6781695,30.6,0.3939,0
g6_00029_17.tif,6918318,31.86,0.3963,0
g6_00029_17.tif,6918324,39.43,0.7057,1
g6_00029_17.tif,6918335,60.94,0.7551,1
g6_00029_17.tif,6918348,30.6,0.2663,0
g6_00029_17.tif,7005028,50.06,0.4897,0
g6_00029_17.tif,7045982,30.6,0.6316,1
g6_00029_17.tif,7045984,78.34,0.0,0
g6_00029_17.tif,7045993,23.69,0.4,0
g6_00029_17.tif,7045994,23.69,0.656,1
g6_00029_17.tif,7045996,30.6,0.4221,0
g6_00029_17.tif,7046464,37.07,0.3908,0
g6_00029_18.tif,6084447,12.58,0.0,0
g6_00029_18.tif,6086052,55.89,0.3358,0
g6_00029_18.tif,6086738,23.69,0.3082,0
g6_00029_18.tif,6086741,29.35,0.5101,1
g6_00029_18.tif,6086750,39.43,0.0,0
g6_00029_18.tif,6097740,91.13,0.7329,1
g6_00029_18.tif,6097748,25.11,0.0,0
g6_00029_18.tif,6097845,10.46,0.0048,0
g6_00029_18.tif,6143569,10.46,0.0,0
g6_00029_18.tif,6143571,7.82,0.0217,0
g6_00029_18.tif,6168454,30.6,0.0,0
g6_00029_18.tif,6168483,20.97,0.0,0
g6_00029_18.tif,6168492,31.86,0.0,0
g6_00029_18.tif,6168522,10.46,0.0,0
g6_00029_18.tif,6194371,75.02,0.7335,1
g6_00029_18.tif,6194381,20.97,0.5577,1
g6_00029_18.tif,6194383,23.69,0.3026,0
g6_00029_18.tif,6194416,39.43,0.662,1
g6_00029_18.tif,6194429,4.19,0.0,0
g6_00029_18.tif,6196970,20.97,0.4854,0
g6_00029_18.tif,6197169,44.14,0.3974,0
g6_00029_18.tif,6197181,10.46,0.2653,0
g6_00029_18.tif,6212484,23.69,0.5238,1
g6_00029_18.tif,6212491,39.77,0.6567,1
g6_00029_18.tif,6212493,29.35,0.6117,1
g6_00029_18.tif,6265897,20.97,0.4861,0
g6_00029_18.tif,6298198,12.58,0.0,0
g6_00029_18.tif,6359096,44.14,0.6476,1
g6_00029_18.tif,6359097,4.19,0.0,0
g6_00029_18.tif,6374038,29.35,0.0801,0
g6_00029_18.tif,6374040,29.35,0.6821,1
g6_00029_18.tif,6408081,12.58,0.0,0
g6_00029_18.tif,6408105,4.19,0.0259,0
g6_00029_18.tif,6408140,64.62,0.5287,1
g6_00029_18.tif,6408148,23.69,0.5063,1
g6_00029_18.tif,6408149,29.35,0.1944,0
g6_00029_18.tif,6408186,31.86,0.0,0
g6_00029_18.tif,6408506,10.46,0.0,0
g6_00029_18.tif,6408549,54.51,0.6575,1
g6_00029_18.tif,6409806,19.84,0.3444,0
g6_00029_18.tif,6410302,16.44,0.064,0
g6_00029_18.tif,6412757,63.96,0.6996,1
g6_00029_18.tif,6412759,10.46,0.08,0
g6_00029_18.tif,6412763,37.74,0.6694,1
g6_00029_18.tif,6412766,12.58,0.4058,0
g6_00029_18.tif,6412802,12.58,0.2462,0
g6_00029_18.tif,6412916,55.89,0.625,1
g6_00029_18.tif,6412917,10.46,0.0735,0
g6_00029_18.tif,6414888,10.46,0.0882,0
g6_00029_18.tif,6414917,30.6,0.3223,0
g6_00029_18.tif,6414925,20.97,0.0,0
g6_00029_18.tif,6416489,67.07,0.6644,1
g6_00029_18.tif,6416492,12.58,0.0,0
g6_00029_18.tif,6418434,23.69,0.8114,1
g6_00029_18.tif,6418442,19.84,0.5963,1
g6_00029_18.tif,6418789,29.35,0.6358,1
g6_00029_18.tif,6418790,63.96,0.7132,1
g6_00029_18.tif,6420954,20.97,0.0,0
g6_00029_18.tif,6453804,10.46,0.0,0
g6_00029_18.tif,6453806,16.44,0.0,0
g6_00029_18.tif,6453809,30.6,0.4808,0
g6_00029_18.tif,6453851,25.11,0.0,0
g6_00029_18.tif,6454184,7.82,0.0,0
g6_00029_18.tif,6501399,55.73,0.6296,1
g6_00029_18.tif,6621487,91.94,0.7556,1
g6_00029_18.tif,6640855,20.97,0.4701,0
g6_00029_18.tif,6661260,29.35,0.0,0
g6_00029_18.tif,6681401,50.06,0.6831,1
g6_00029_18.tif,6694131,29.35,0.4112,0
g6_00029_18.tif,6694177,31.44,0.488,0
g6_00029_18.tif,6694456,16.44,0.2833,0
g6_00029_18.tif,6702800,45.05,0.4837,0
g6_00029_18.tif,6702829,16.44,0.7,1
g6_00029_18.tif,6702830,20.97,0.0227,0
g6_00029_18.tif,6702912,7.82,0.2232,0
g6_00029_18.tif,6705311,10.46,0.0,0
g6_00029_18.tif,6707186,16.44,0.0,0
g6_00029_18.tif,6707190,19.84,0.0,0
g6_00029_18.tif,6707251,12.58,0.2653,0
g6_00029_18.tif,6707294,12.58,0.2588,0
g6_00029_18.tif,6714336,10.46,0.0323,0
g6_00029_18.tif,6715871,45.05,0.6357,1
g6_00029_18.tif,6715872,51.1,0.7817,1
g6_00029_18.tif,6715884,37.07,0.6259,1
g6_00029_18.tif,6715888,10.46,0.0,0
g6_00029_18.tif,6715893,23.69,0.0,0
g6_00029_18.tif,6715894,10.46,0.0,0
g6_00029_18.tif,6715897,10.46,0.0,0
g6_00029_18.tif,6758266,12.58,0.2,0
g6_00029_18.tif,6905777,57.7,0.6931,1
g6_00029_18.tif,6905783,20.97,0.5543,1
g6_00029_18.tif,6953326,46.12,0.6289,1
g6_00029_18.tif,6953331,91.13,0.4101,0
g6_00029_18.tif,6953338,67.9,0.1826,0
g6_00029_18.tif,6953370,44.14,0.525,1
g6_00029_18.tif,6953416,60.94,0.1873,0
g6_00029_18.tif,6953425,55.89,0.799,1
g6_00029_18.tif,6953438,43.87,0.3021,0
g6_00029_18.tif,6953447,20.97,0.5583,1
g6_00029_18.tif,6953490,32.82,0.0,0
g6_00029_18.tif,6954821,10.46,0.0122,0
g6_00029_18.tif,7005041,19.84,0.0,0
g6_00030_0.tif,6084446,39.77,0.429,0
g6_00030_0.tif,6084447,29.35,0.0,0
g6_00030_0.tif,6084448,30.6,0.3776,0
g6_00030_0.tif,6086049,75.33,0.7358,1
g6_00030_0.tif,6086090,59.59,0.7484,1
g6_00030_0.tif,6086731,50.06,0.2894,0
g6_00030_0.tif,6091545,10.46,0.0,0
g6_00030_0.tif,6143036,30.6,0.0,0
g6_00030_0.tif,6143038,7.82,0.0512,0
g6_00030_0.tif,6143079,7.82,0.0,0
g6_00030_0.tif,6143115,7.82,0.0,0
g6_00030_0.tif,6143171,10.46,0.0901,0
g6_00030_0.tif,6143571,21.26,0.2723,0
g6_00030_0.tif,6143576,55.89,0.5791,1
g6_00030_0.tif,6168449,16.44,0.0265,0
g6_00030_0.tif,6251594,79.81,0.7662,1
g6_00030_0.tif,6251600,16.44,0.4595,0
g6_00030_0.tif,6359098,29.35,0.4388,0
g6_00030_0.tif,6408142,62.9,0.6287,1
g6_00030_0.tif,6409824,39.77,0.3941,0
g6_00030_0.tif,6409826,44.14,0.4512,0
g6_00030_0.tif,6409862,29.35,0.6272,1
g6_00030_0.tif,6412761,43.87,0.4663,0
g6_00030_0.tif,6430684,31.44,0.1342,0
g6_00030_0.tif,6680023,12.58,0.0677,0
g6_00030_0.tif,6680270,12.58,0.2015,0
g6_00030_0.tif,6680362,12.58,0.2703,0
g6_00030_0.tif,6681401,4.19,0.0,0
g6_00030_0.tif,6681403,23.69,0.0079,0
g6_00030_0.tif,6681404,30.6,0.2876,0
g6_00030_0.tif,6681405,23.69,0.4712,0
g6_00030_0.tif,6681406,20.97,0.0,0
g6_00030_0.tif,6681841,23.69,0.1768,0
g6_00030_0.tif,6686373,51.57,0.3591,0
g6_00030_0.tif,6686390,57.7,0.6186,1
g6_00030_0.tif,6686392,25.11,0.3445,0
g6_00030_0.tif,6686398,16.44,0.11,0
g6_00030_0.tif,6691917,12.58,0.0,0
g6_00030_0.tif,6691920,44.14,0.4886,0
g6_00030_0.tif,6691938,16.44,0.4769,0
g6_00030_0.tif,6694127,64.7,0.1193,0
g6_00030_0.tif,6694140,64.62,0.5396,1
g6_00030_0.tif,6694154,59.24,0.672,1
g6_00030_0.tif,6694174,20.97,0.5168,1
g6_00030_0.tif,6699250,37.07,0.3357,0
g6_00030_0.tif,6699263,20.97,0.4941,0
g6_00030_0.tif,6699270,10.46,0.0,0
g6_00030_0.tif,6699943,10.46,0.025,0
g6_00030_0.tif,6699988,10.46,0.0,0
g6_00030_0.tif,6702430,10.46,0.0,0
g6_00030_0.tif,6702443,10.46,0.0,0
g6_00030_0.tif,6702444,12.58,0.0,0
g6_00030_0.tif,6702448,4.19,0.0,0
g6_00030_0.tif,6702815,31.44,0.3656,0
g6_00030_0.tif,6702816,32.82,0.1667,0
g6_00030_0.tif,6702817,31.86,0.6795,1
g6_00030_0.tif,6702823,23.69,0.4332,0
g6_00030_0.tif,6702834,30.6,0.3737,0
g6_00030_0.tif,6706456,10.46,0.0,0
g6_00030_0.tif,6707071,21.26,0.3291,0
g6_00030_0.tif,6707072,16.44,0.0,0
g6_00030_0.tif,6707110,7.82,0.2391,0
g6_00030_0.tif,6707196,25.11,0.3323,0
g6_00030_0.tif,6715853,55.89,0.583,1
g6_00030_0.tif,6715879,44.6,0.5549,1
g6_00030_0.tif,6715884,46.12,0.7681,1
g6_00030_0.tif,6715889,29.35,0.4279,0
g6_00030_0.tif,6718646,10.46,0.049,0
g6_00030_0.tif,6718647,39.43,0.2517,0
g6_00030_0.tif,6750763,68.39,0.1702,0
g6_00030_0.tif,6758271,12.58,0.0,0
g6_00030_0.tif,6758276,7.82,0.0,0
g6_00030_0.tif,6791686,30.6,0.0,0
g6_00030_0.tif,6894033,100.68,0.6528,1
g6_00030_0.tif,6894044,51.57,0.1636,0
g6_00030_0.tif,6927190,19.84,0.0,0
g6_00030_0.tif,6953370,29.35,0.6184,1
g6_00030_0.tif,6953393,83.04,0.7086,1
g6_00030_0.tif,6953408,31.44,0.6359,1
g6_00030_0.tif,6953418,37.74,0.6766,1
g6_00030_0.tif,6953443,31.44,0.5055,1
g6_00030_0.tif,6953444,37.07,0.7175,1
g6_00030_0.tif,6953451,20.97,0.3944,0
g6_00030_0.tif,6953453,37.74,0.6596,1
g6_00030_0.tif,6953454,30.6,0.2886,0
g6_00030_0.tif,6953460,19.84,0.3784,0
g6_00030_1.tif,6086060,31.44,0.6453,1
g6_00030_1.tif,6091541,10.46,0.0,0
g6_00030_1.tif,6091546,51.57,0.5822,1
g6_00030_1.tif,6091556,30.6,0.3592,0
g6_00030_1.tif,6091563,25.11,0.2308,0
g6_00030_1.tif,6360198,43.87,0.2191,0
g6_00030_1.tif,6409814,46.12,0.6067,1
g6_00030_1.tif,6502713,20.97,0.0,0
g6_00030_1.tif,6502722,44.14,0.0,0
g6_00030_1.tif,6638528,64.62,0.0089,0
g6_00030_1.tif,6681841,50.06,0.559,1
g6_00030_1.tif,6686388,39.43,0.3958,0
g6_00030_1.tif,6691917,46.12,0.3742,0
g6_00030_1.tif,6691920,4.19,0.0,0
g6_00030_1.tif,6694123,51.57,0.7455,1
g6_00030_1.tif,6694180,29.35,0.5135,1
g6_00030_1.tif,6699255,58.19,0.7479,1
g6_00030_1.tif,6702817,44.14,0.7481,1
g6_00030_1.tif,6717334,29.35,0.4183,0
g6_00030_1.tif,6717335,16.44,0.0,0
g6_00030_1.tif,6753792,51.1,0.558,1
g6_00030_1.tif,6753794,37.74,0.0,0
g6_00030_1.tif,6753797,10.46,0.0,0
g6_00030_1.tif,6760066,31.44,0.0,0
g6_00030_1.tif,6879122,19.84,0.2321,0
g6_00030_1.tif,6894044,54.51,0.5333,1
g6_00030_1.tif,6953349,10.46,0.0,0
g6_00030_1.tif,7005985,31.86,0.0,0
g6_00030_1.tif,7005986,10.46,0.0,0
g6_00030_1.tif,7005987,25.11,0.0,0
g6_00030_2.tif,6343097,43.9,0.4327,0
g6_00030_2.tif,6343105,36.92,0.0,0
g6_00030_2.tif,6343106,79.1,0.7362,1
g6_00030_2.tif,6343107,55.92,0.4788,0
g6_00030_2.tif,6498885,54.32,0.7264,1
g6_00030_2.tif,6498886,25.08,0.1016,0
g6_00030_2.tif,6498889,79.03,0.6891,1
g6_00030_2.tif,6498891,19.87,0.0,0
g6_00030_2.tif,6498896,23.57,0.0,0
g6_00030_2.tif,6499008,10.46,0.0091,0
g6_00030_2.tif,6499026,67.93,0.1669,0
g6_00030_2.tif,6500913,12.5,0.0,0
g6_00030_2.tif,6500921,54.15,0.6459,1
g6_00030_2.tif,6500923,39.19,0.6278,1
g6_00030_2.tif,6502707,10.46,0.0,0
g6_00030_2.tif,6502713,30.51,0.0,0
g6_00030_2.tif,6502714,39.7,0.6497,1
g6_00030_2.tif,6502719,21.27,0.0,0
g6_00030_2.tif,6502722,29.16,0.0,0
g6_00030_2.tif,6502726,23.57,0.4951,0
g6_00030_2.tif,6502739,19.87,0.0,0
g6_00030_2.tif,6502740,10.46,0.0444,0
g6_00030_2.tif,6502742,29.16,0.0,0
g6_00030_2.tif,6507001,19.87,0.0,0
g6_00030_2.tif,6600251,19.87,0.0,0
g6_00030_2.tif,6753792,12.5,0.0,0
g6_00030_2.tif,6814381,30.51,0.0,0
g6_00030_2.tif,6953349,62.49,0.3423,0
g6_00030_2.tif,6953390,103.98,0.4186,0
g6_00030_3.tif,6095618,16.44,0.0,0
g6_00030_3.tif,6095619,20.97,0.0,0
g6_00030_3.tif,6102198,43.87,0.4918,0
g6_00030_3.tif,6102200,20.97,0.0,0
g6_00030_3.tif,6165790,19.84,0.0,0
g6_00030_3.tif,6256808,46.71,0.6321,1
g6_00030_3.tif,6256811,30.6,0.0,0
g6_00030_3.tif,6256815,99.27,0.6982,1
g6_00030_3.tif,6256825,12.58,0.0,0
g6_00030_3.tif,6256896,19.84,0.0,0
g6_00030_3.tif,6341913,54.42,0.525,1
g6_00030_3.tif,6370066,12.58,0.0,0
g6_00030_3.tif,6370543,12.58,0.0,0
g6_00030_3.tif,6406018,12.58,0.0,0
g6_00030_3.tif,6424491,12.58,0.0,0
g6_00030_3.tif,6424492,4.19,0.0,0
g6_00030_3.tif,6463982,20.97,0.0,0
g6_00030_3.tif,6469356,10.46,0.0,0
g6_00030_3.tif,6469357,35.57,0.0,0
g6_00030_3.tif,6486562,54.51,0.7661,1
g6_00030_3.tif,6502745,12.58,0.0,0
g6_00030_3.tif,6507017,10.46,0.0,0
g6_00030_3.tif,6597515,44.6,0.5754,1
g6_00030_3.tif,6638599,16.44,0.0,0
g6_00030_3.tif,6644565,10.46,0.0,0
g6_00030_3.tif,6644566,10.46,0.0,0
g6_00030_3.tif,6699665,44.14,0.493,0
g6_00030_3.tif,6699672,19.84,0.0,0
g6_00030_3.tif,6699864,25.11,0.0,0
g6_00030_3.tif,6699930,16.44,0.0,0
g6_00030_3.tif,6700619,10.46,0.0862,0
g6_00030_3.tif,6772531,12.58,0.0,0
g6_00030_3.tif,6912184,20.97,0.0,0
g6_00032_10.tif,6103343,10.46,0.0,0
g6_00032_10.tif,6103344,19.84,0.0,0
g6_00032_10.tif,6114823,10.46,0.0,0
g6_00032_10.tif,6114824,10.46,0.0,0
g6_00032_10.tif,6114830,12.58,0.0,0
g6_00032_11.tif,6103346,16.44,0.3934,0
g6_00032_11.tif,6112353,21.26,0.0,0
g6_00032_11.tif,6112357,10.46,0.0,0
g6_00032_11.tif,6114822,20.97,0.129,0
g6_00032_11.tif,6114849,29.36,0.0323,0
g6_00032_11.tif,6114856,12.58,0.2931,0
g6_00032_11.tif,6130823,12.58,0.0,0
g6_00032_11.tif,6130912,4.19,0.0,0
g6_00032_11.tif,6144269,25.11,0.0,0
g6_00032_11.tif,6219017,23.69,0.0,0
g6_00032_11.tif,6219018,20.97,0.0,0
g6_00032_11.tif,6566069,29.36,0.0081,0
g6_00032_11.tif,6566070,20.97,0.5,1
g6_00032_11.tif,6566071,23.69,0.5243,1
g6_00032_11.tif,6566087,12.58,0.0,0
g6_00032_11.tif,6566353,10.46,0.0928,0
g6_00032_11.tif,6713829,29.36,0.4107,0
g6_00032_11.tif,6780259,19.84,0.0,0
g6_00032_11.tif,6780261,19.84,0.0,0
g6_00032_11.tif,6780268,54.52,0.6667,1
g6_00032_11.tif,6780568,21.26,0.0641,0
g6_00032_11.tif,6780580,16.44,0.6389,1
g6_00032_11.tif,6865058,12.58,0.0,0
g6_00032_11.tif,6934073,29.36,0.5165,1
g6_00032_11.tif,6973439,30.6,0.2663,0
g6_00032_11.tif,6973445,31.85,0.4886,0
g6_00032_11.tif,6973468,25.11,0.0,0
g6_00032_11.tif,6973535,35.57,0.4615,0
g6_00032_11.tif,6973575,10.46,0.0,0
g6_00032_11.tif,6973878,7.82,0.0926,0
g6_00032_11.tif,7004274,21.26,0.0,0
g6_00032_11.tif,7073789,12.58,0.0,0
g6_00032_11.tif,7073790,29.36,0.0,0
g6_00032_11.tif,7073793,20.97,0.5581,1
g6_00032_11.tif,7073794,19.84,0.0,0
g6_00032_11.tif,7073796,16.44,0.0,0
g6_00032_9.tif,6788962,21.27,0.0,0
g6_00034_6.tif,6092269,10.46,0.0,0
g6_00034_6.tif,6092277,25.12,0.0,0
g6_00034_6.tif,6094566,10.46,0.0,0
g6_00034_6.tif,6106888,12.59,0.0,0
g6_00034_6.tif,6106898,10.46,0.0,0
g6_00034_6.tif,6287195,20.98,0.0,0
g6_00034_6.tif,6287197,10.46,0.0,0
g6_00034_6.tif,6287198,10.46,0.0,0
g6_00034_6.tif,6287204,10.46,0.0,0
g6_00034_6.tif,6350692,20.98,0.0,0
g6_00034_6.tif,6350694,10.46,0.0,0
g6_00034_6.tif,6350696,10.46,0.0,0
g6_00034_6.tif,6350698,10.46,0.0,0
g6_00034_6.tif,6350974,10.46,0.0,0
g6_00034_6.tif,6382218,16.44,0.0,0
g6_00034_6.tif,6426821,29.37,0.0,0
g6_00034_6.tif,6522243,10.46,0.0,0
g6_00034_6.tif,6522253,16.44,0.0,0
g6_00034_7.tif,6091075,16.44,0.0,0
g6_00034_7.tif,6091076,12.59,0.0,0
g6_00034_7.tif,6091079,16.44,0.0,0
g6_00034_7.tif,6092501,10.46,0.0,0
g6_00034_7.tif,6092508,31.45,0.0,0
g6_00034_7.tif,6092509,7.82,0.0,0
g6_00034_7.tif,6100702,10.46,0.0,0
g6_00034_7.tif,6198392,10.46,0.0,0
g6_00034_7.tif,6291881,19.84,0.0,0
g6_00034_7.tif,6291889,16.44,0.0,0
g6_00034_7.tif,6314049,47.56,0.0,0
g6_00034_7.tif,6332592,25.12,0.0,0
g6_00034_7.tif,6332594,10.46,0.0,0
g6_00034_7.tif,6418581,10.46,0.0,0
g6_00034_7.tif,6418582,10.46,0.0,0
g6_00034_7.tif,6452693,31.45,0.0,0
g6_00034_7.tif,6544280,10.46,0.0,0
g6_00034_7.tif,6627590,10.46,0.0,0
g6_00034_7.tif,6627597,16.44,0.0,0
g6_00034_7.tif,6627601,10.46,0.0,0
g6_00034_7.tif,6627606,39.77,0.0,0
g6_00034_7.tif,6629578,16.44,0.0,0
g6_00034_7.tif,6629579,10.46,0.0,0
g6_00034_7.tif,6641448,16.44,0.0,0
g6_00034_7.tif,6641449,10.46,0.0,0
g6_00034_7.tif,6819377,10.46,0.0,0
g6_00034_7.tif,6867383,21.26,0.0,0
g6_00034_7.tif,6929642,10.46,0.0,0
g6_00034_7.tif,6929643,32.82,0.0,0
g6_00034_7.tif,6929651,10.46,0.0,0
g6_00034_7.tif,7008831,16.44,0.0,0
g6_00034_7.tif,7008848,10.46,0.0,0
g6_00034_7.tif,7008870,25.12,0.0,0
g6_00035_10.tif,6125005,19.86,0.0,0
g6_00035_10.tif,6519963,19.86,0.0,0
g6_00035_10.tif,6519964,10.46,0.0,0
g6_00035_10.tif,6519966,19.86,0.0,0
g6_00035_10.tif,6719032,55.41,0.0,0
g6_00035_10.tif,6744273,43.94,0.0,0
g6_00035_10.tif,6744279,25.08,0.0,0
g6_00035_11.tif,6340443,21.26,0.0,0
g6_00035_11.tif,6340535,10.46,0.0,0
g6_00035_11.tif,6788964,25.12,0.0,0
g6_00035_12.tif,6084420,19.84,0.0,0
g6_00035_12.tif,6084428,23.7,0.0,0
g6_00035_12.tif,6116267,20.98,0.3878,0
g6_00035_12.tif,6116268,10.46,0.0,0
g6_00035_12.tif,6116273,20.98,0.0,0
g6_00035_12.tif,6116275,21.26,0.2907,0
g6_00035_12.tif,6116281,12.59,0.3896,0
g6_00035_12.tif,6116309,10.46,0.0,0
g6_00035_12.tif,6116366,20.98,0.2126,0
g6_00035_12.tif,6116384,23.7,0.2102,0
g6_00035_12.tif,6140480,55.89,0.0,0
g6_00035_12.tif,6140481,19.84,0.6149,1
g6_00035_12.tif,6140484,55.89,0.4897,0
g6_00035_12.tif,6140497,23.7,0.0,0
g6_00035_12.tif,6140535,10.46,0.0,0
g6_00035_12.tif,6140579,7.82,0.0,0
g6_00035_12.tif,6189607,16.44,0.0,0
g6_00035_12.tif,6228535,12.59,0.0,0
g6_00035_12.tif,6269077,20.98,0.5303,1
g6_00035_12.tif,6269243,12.59,0.0,0
g6_00035_12.tif,6269250,16.44,0.0,0
g6_00035_12.tif,6399611,12.59,0.0,0
g6_00035_12.tif,6523719,19.84,0.0,0
g6_00035_12.tif,6523720,19.84,0.0,0
g6_00035_12.tif,6523992,7.82,0.0,0
g6_00035_12.tif,6541082,31.45,0.0,0
g6_00035_12.tif,6541083,4.2,0.0,0
g6_00035_12.tif,6541084,16.44,0.0,0
g6_00035_12.tif,6598732,16.44,0.0,0
g6_00035_12.tif,6598768,10.46,0.0,0
g6_00035_12.tif,6598771,10.46,0.0,0
g6_00035_12.tif,6614924,19.84,0.3947,0
g6_00035_12.tif,6615036,16.44,0.0,0
g6_00035_12.tif,6615069,19.84,0.1045,0
g6_00035_12.tif,6635960,19.84,0.0,0
g6_00035_12.tif,6757987,16.44,0.4118,0
g6_00035_12.tif,6757989,16.44,0.3784,0
g6_00035_12.tif,6757991,10.46,0.0,0
g6_00035_12.tif,6758123,21.26,0.1754,0
g6_00035_12.tif,6758174,10.46,0.0,0
g6_00035_12.tif,6758348,10.46,0.0758,0
g6_00035_12.tif,6969246,12.59,0.0,0
g6_00035_12.tif,6969247,23.7,0.0,0
g6_00035_12.tif,6969252,20.98,0.5175,1
g6_00035_12.tif,6969325,20.98,0.0,0
g6_00035_12.tif,6969343,12.59,0.0,0
g6_00035_12.tif,7006049,10.46,0.04,0
g6_00037_7.tif,6198406,19.84,0.0,0
g6_00037_8.tif,6091065,10.46,0.0,0
g6_00038_11.tif,6145510,7.85,0.0,0
g6_00038_11.tif,6719326,31.88,0.0,0
g6_00038_13.tif,6116267,23.7,0.2265,0
g6_00038_13.tif,6116268,10.46,0.0,0
g6_00038_13.tif,6116281,10.46,0.0412,0
g6_00038_13.tif,6116366,16.45,0.092,0
g6_00038_13.tif,6116384,19.84,0.1296,0
g6_00038_13.tif,6140481,31.85,0.5721,1
g6_00038_13.tif,6140488,37.09,0.6433,1
g6_00038_13.tif,6140490,21.26,0.0,0
g6_00038_13.tif,6140491,16.45,0.4351,0
g6_00038_13.tif,6140496,16.45,0.0,0
g6_00038_13.tif,6140498,19.84,0.0,0
g6_00038_13.tif,6175364,4.2,0.0,0
g6_00038_13.tif,6244662,31.85,0.0,0
g6_00038_13.tif,6269077,20.98,0.4875,0
g6_00038_13.tif,6360692,20.98,0.5417,1
g6_00038_13.tif,6360696,30.61,0.406,0
g6_00038_13.tif,6360698,21.26,0.0,0
g6_00038_13.tif,6364420,87.14,0.5322,1
g6_00038_13.tif,6364438,37.09,0.0,0
g6_00038_13.tif,6364446,19.84,0.3467,0
g6_00038_13.tif,6364457,16.45,0.0,0
g6_00038_13.tif,6364596,20.98,0.03,0
g6_00038_13.tif,6431719,16.45,0.1184,0
g6_00038_13.tif,6431774,21.26,0.3833,0
g6_00038_13.tif,6598732,16.45,0.0,0
g6_00038_13.tif,6635573,19.84,0.3097,0
g6_00038_13.tif,6678624,39.45,0.6587,1
g6_00038_13.tif,6678639,4.2,0.0,0
g6_00038_13.tif,6678641,4.2,0.0,0
g6_00038_13.tif,6678649,4.2,0.0,0
g6_00038_13.tif,6691815,30.61,0.1156,0
g6_00038_13.tif,6691819,16.45,0.1562,0
g6_00038_13.tif,6691918,19.84,0.0,0
g6_00038_13.tif,6693987,57.73,0.1765,0
g6_00038_13.tif,6718225,140.0,0.8501,1
g6_00038_13.tif,6718271,12.59,0.0,0
g6_00038_13.tif,6718286,10.46,0.0,0
g6_00038_13.tif,6718374,10.46,0.0,0
g6_00038_13.tif,6767241,12.59,0.0,0
g6_00038_13.tif,6767369,12.59,0.0,0
g6_00038_13.tif,6969246,12.59,0.0929,0
g6_00038_13.tif,6969252,23.7,0.2991,0
g6_00038_13.tif,7006049,7.82,0.0338,0
g6_00038_13.tif,7032951,45.06,0.3758,0
g6_00038_13.tif,7032952,50.06,0.4243,0
g6_00039_14.tif,6361165,10.46,0.0,0
g6_00039_14.tif,6361166,10.46,0.0,0
g6_00039_14.tif,6522770,37.78,0.6204,1
g6_00039_14.tif,6609039,10.46,0.0,0
g6_00039_14.tif,6723891,30.61,0.0,0
g6_00039_14.tif,6723893,30.61,0.0,0
g6_00039_14.tif,6723913,10.46,0.0,0
g6_00039_14.tif,6838980,10.46,0.0,0
g6_00039_14.tif,6869902,10.46,0.0,0
g6_00039_14.tif,6960460,37.09,0.0,0
g6_00039_14.tif,6960462,12.59,0.0,0
g6_00039_14.tif,6960464,7.82,0.0,0
g6_00039_15.tif,6161108,51.61,0.6813,1
g6_00039_15.tif,6161111,45.07,0.0512,0
g6_00039_15.tif,6161115,39.46,0.0,0
g6_00039_15.tif,6294798,10.46,0.0,0
g6_00039_15.tif,6294800,12.59,0.0,0
g6_00039_15.tif,6483319,10.46,0.0,0
g6_00039_15.tif,6483357,10.46,0.0,0
g6_00039_15.tif,6540429,12.59,0.0,0
g6_00039_15.tif,6540432,12.59,0.0,0
g6_00039_15.tif,6599322,37.78,0.0,0
g6_00039_15.tif,6599325,10.46,0.0,0
g6_00039_15.tif,6609039,10.46,0.0,0
g6_00039_15.tif,6656784,16.45,0.0,0
g6_00039_15.tif,6656808,10.46,0.0432,0
g6_00039_15.tif,6705780,10.46,0.0,0
g6_00039_15.tif,6716617,12.59,0.0,0
g6_00039_15.tif,6716619,31.85,0.0,0
g6_00039_15.tif,6716646,20.99,0.2826,0
g6_00039_15.tif,6838988,12.59,0.0,0
g6_00039_15.tif,6838990,12.59,0.0,0
g6_00039_15.tif,6868244,60.95,0.474,0
g6_00039_15.tif,6868261,31.47,0.4146,0
g6_00039_15.tif,6897760,20.99,0.0,0
g6_00039_15.tif,6897779,16.45,0.0,0
g6_00041_16.tif,6085836,10.46,0.0,0
g6_00041_16.tif,6085838,16.45,0.0,0
g6_00041_16.tif,6085843,12.59,0.0,0
g6_00041_16.tif,6114079,19.83,0.5455,1
g6_00041_16.tif,6114081,10.46,0.0,0
g6_00041_16.tif,6128660,16.45,0.0,0
g6_00041_16.tif,6296180,19.83,0.0,0
g6_00041_16.tif,6296200,19.83,0.1525,0
g6_00041_16.tif,6296208,7.82,0.3667,0
g6_00041_16.tif,6403368,20.99,0.0,0
g6_00041_16.tif,6403370,16.45,0.0,0
g6_00041_16.tif,6403454,29.38,0.0,0
g6_00041_16.tif,6589550,21.26,0.0,0
g6_00041_16.tif,6589609,16.45,0.0,0
g6_00041_16.tif,6589811,7.82,0.0,0
g6_00041_16.tif,6748353,7.82,0.0,0
g6_00041_16.tif,6748354,16.45,0.0,0
g6_00041_16.tif,6768170,16.45,0.0,0
g6_00041_16.tif,6768171,12.59,0.0,0
g6_00041_16.tif,6768172,35.57,0.0,0
g6_00041_16.tif,6768182,31.47,0.3667,0
g6_00041_16.tif,6983642,37.09,0.7128,1
g6_00041_16.tif,6983644,12.59,0.0,0
g6_00041_16.tif,6983648,20.99,0.0,0
g6_00041_16.tif,7045592,43.87,0.4286,0
g6_00041_16.tif,7045600,31.85,0.2584,0
g6_00041_16.tif,7045603,32.82,0.4031,0
g6_00041_16.tif,7045717,20.99,0.0,0
g6_00041_16.tif,7045750,12.59,0.0,0
g6_00041_17.tif,6088426,16.45,0.0,0
g6_00041_17.tif,6088433,16.45,0.0,0
g6_00041_17.tif,6088437,16.45,0.0,0
g6_00041_17.tif,6114076,12.59,0.0,0
g6_00041_17.tif,6114081,10.46,0.0,0
g6_00041_17.tif,6114097,12.59,0.0,0
g6_00041_17.tif,6128673,12.59,0.0,0
g6_00041_17.tif,6129178,10.46,0.0,0
g6_00041_17.tif,6129183,10.46,0.0,0
g6_00041_17.tif,6129210,16.45,0.0,0
g6_00041_17.tif,6139295,20.99,0.2627,0
g6_00041_17.tif,6139304,20.99,0.0,0
g6_00041_17.tif,6139318,37.78,0.5339,1
g6_00041_17.tif,6139349,29.38,0.3967,0
g6_00041_17.tif,6196758,12.59,0.0,0
g6_00041_17.tif,6196860,10.46,0.0,0
g6_00041_17.tif,6197093,10.46,0.0,0
g6_00041_17.tif,6227315,29.38,0.0,0
g6_00041_17.tif,6243304,12.59,0.0,0
g6_00041_17.tif,6243307,12.59,0.0,0
g6_00041_17.tif,6243308,23.71,0.5579,1
g6_00041_17.tif,6243383,29.38,0.0,0
g6_00041_17.tif,6252688,10.46,0.0,0
g6_00041_17.tif,6252728,4.2,0.0,0
g6_00041_17.tif,6260720,10.46,0.0,0
g6_00041_17.tif,6304740,16.45,0.0,0
g6_00041_17.tif,6304743,20.99,0.0,0
g6_00041_17.tif,6304840,12.59,0.0,0
g6_00041_17.tif,6568718,12.59,0.0,0
g6_00041_17.tif,6718423,16.45,0.0,0
g6_00041_17.tif,6748353,4.2,0.0,0
g6_00041_17.tif,6748354,10.46,0.0,0
g6_00041_17.tif,6768178,20.99,0.0,0
g6_00041_17.tif,6773373,10.46,0.0,0
g6_00041_17.tif,6773382,12.59,0.0,0
g6_00041_17.tif,6773383,12.59,0.0,0
g6_00041_17.tif,6773601,4.2,0.0,0
g6_00041_17.tif,6808499,10.46,0.0,0
g6_00041_17.tif,6808517,30.61,0.0,0
g6_00041_17.tif,6808629,16.45,0.0,0
g6_00041_17.tif,6808725,12.59,0.0423,0
g6_00041_17.tif,6824848,4.2,0.0,0
g6_00041_17.tif,6943905,20.99,0.0,0
g6_00041_17.tif,6952611,20.99,0.0,0
g6_00041_17.tif,6952642,10.46,0.0706,0
g6_00041_17.tif,6995942,10.46,0.0,0
g6_00041_17.tif,6995949,20.99,0.0,0
g6_00041_17.tif,6996298,16.45,0.0,0
g6_00041_17.tif,6996317,16.45,0.0,0
g6_00041_17.tif,7045592,43.87,0.5354,1
g6_00041_17.tif,7068454,20.99,0.0,0
g6_00041_17.tif,7068457,16.45,0.0,0
g6_00042_10.tif,6087167,10.46,0.0,0
g6_00042_10.tif,6130101,12.59,0.0,0
g6_00042_10.tif,6130114,16.45,0.0,0
g6_00042_10.tif,6131568,21.26,0.0,0
g6_00042_10.tif,6131575,16.45,0.0145,0
g6_00042_10.tif,6135115,19.83,0.0,0
g6_00042_10.tif,6204602,20.99,0.0,0
g6_00042_10.tif,6206292,16.45,0.0,0
g6_00042_10.tif,6206305,20.99,0.5443,1
g6_00042_10.tif,6206308,39.78,0.0,0
g6_00042_10.tif,6206309,20.99,0.5217,1
g6_00042_10.tif,6206310,19.83,0.0,0
g6_00042_10.tif,6206311,12.59,0.0,0
g6_00042_10.tif,6206780,4.2,0.0091,0
g6_00042_10.tif,6208574,19.83,0.0,0
g6_00042_10.tif,6208577,54.43,0.4,0
g6_00042_10.tif,6208579,45.07,0.6506,1
g6_00042_10.tif,6259628,12.59,0.85,1
g6_00042_10.tif,6259636,37.78,0.4438,0
g6_00042_10.tif,6259637,29.38,0.6735,1
g6_00042_10.tif,6259971,4.2,0.0,0
g6_00042_10.tif,6264511,43.87,0.5487,1
g6_00042_10.tif,6264516,12.59,0.0,0
g6_00042_10.tif,6282282,4.2,0.0465,0
g6_00042_10.tif,6316183,20.99,0.0,0
g6_00042_10.tif,6316201,20.99,0.6923,1
g6_00042_10.tif,6316202,23.71,0.4235,0
g6_00042_10.tif,6316259,7.82,0.0484,0
g6_00042_10.tif,6317052,30.61,0.4248,0
g6_00042_10.tif,6319188,21.26,0.3077,0
g6_00042_10.tif,6319190,10.46,0.0,0
g6_00042_10.tif,6319194,39.46,0.6942,1
g6_00042_10.tif,6320917,23.71,0.6613,1
g6_00042_10.tif,6320922,30.61,0.3298,0
g6_00042_10.tif,6323683,44.17,0.5415,1
g6_00042_10.tif,6323684,21.26,0.0992,0
g6_00042_10.tif,6323686,30.61,0.1755,0
g6_00042_10.tif,6323688,64.63,0.701,1
g6_00042_10.tif,6323697,39.78,0.6091,1
g6_00042_10.tif,6323724,12.59,0.0,0
g6_00042_10.tif,6325412,37.09,0.7359,1
g6_00042_10.tif,6325421,31.85,0.4298,0
g6_00042_10.tif,6325426,29.38,0.4937,0
g6_00042_10.tif,6327401,30.61,0.0,0
g6_00042_10.tif,6330860,12.59,0.0,0
g6_00042_10.tif,6399083,16.45,0.0,0
g6_00042_10.tif,6399084,10.46,0.15,0
g6_00042_10.tif,6401144,20.99,0.0,0
g6_00042_10.tif,6401220,20.99,0.0,0
g6_00042_10.tif,6401333,4.2,0.0196,0
g6_00042_10.tif,6413884,12.59,0.0,0
g6_00042_10.tif,6455462,25.12,0.5185,1
g6_00042_10.tif,6455463,10.46,0.0,0
g6_00042_10.tif,6455473,16.45,0.0,0
g6_00042_10.tif,6455707,20.99,0.3821,0
g6_00042_10.tif,6455843,23.71,0.3182,0
g6_00042_10.tif,6486301,4.2,0.0,0
g6_00042_10.tif,6489338,16.45,0.0,0
g6_00042_10.tif,6489346,16.45,0.5354,1
g6_00042_10.tif,6489363,10.46,0.5952,1
g6_00042_10.tif,6489399,10.46,0.0,0
g6_00042_10.tif,6508474,16.45,0.4435,0
g6_00042_10.tif,6508500,12.59,0.4257,0
g6_00042_10.tif,6508548,12.59,0.5714,1
g6_00042_10.tif,6508606,7.82,0.0149,0
g6_00042_10.tif,6568698,39.46,0.0,0
g6_00042_10.tif,6568866,21.26,0.0,0
g6_00042_10.tif,6589075,31.85,0.2947,0
g6_00042_10.tif,6593892,30.61,0.2952,0
g6_00042_10.tif,6593894,44.17,0.46,0
g6_00042_10.tif,6593895,51.61,0.6879,1
g6_00042_10.tif,6593897,4.2,0.0,0
g6_00042_10.tif,6593924,21.26,0.4018,0
g6_00042_10.tif,6594136,4.2,0.0769,0
g6_00042_10.tif,6594242,4.2,0.0,0
g6_00042_10.tif,6604728,69.09,0.0,0
g6_00042_10.tif,6604730,20.99,0.2897,0
g6_00042_10.tif,6604732,35.57,0.6377,1
g6_00042_10.tif,6604733,31.47,0.5833,1
g6_00042_10.tif,6604734,31.47,0.0,0
g6_00042_10.tif,6604768,12.59,0.2821,0
g6_00042_10.tif,6681022,16.45,0.0,0
g6_00042_10.tif,6681027,10.46,0.0,0
g6_00042_10.tif,6683962,21.26,0.141,0
g6_00042_10.tif,6683971,16.45,0.0,0
g6_00042_10.tif,6762496,54.43,0.0897,0
g6_00042_10.tif,6762499,21.26,0.0,0
g6_00042_10.tif,6762549,19.83,0.1316,0
g6_00042_10.tif,6762552,19.83,0.1837,0
g6_00042_10.tif,6763976,10.46,0.0,0
g6_00042_10.tif,6765436,12.59,0.1532,0
g6_00042_10.tif,6765437,39.78,0.457,0
g6_00042_10.tif,6786617,31.85,0.0,0
g6_00042_10.tif,6808789,21.26,0.0,0
g6_00042_10.tif,6808791,67.13,0.2998,0
g6_00042_10.tif,6808792,29.38,0.2073,0
g6_00042_10.tif,6808806,23.71,0.3136,0
g6_00042_10.tif,6808881,20.99,0.0,0
g6_00042_10.tif,6900314,16.45,0.0,0
g6_00042_10.tif,6900412,25.12,0.537,1
g6_00042_10.tif,6900495,23.71,0.0,0
g6_00042_10.tif,6900501,4.2,0.0,0
g6_00042_10.tif,6900773,10.46,0.0,0
g6_00042_10.tif,6945929,30.61,0.4109,0
g6_00042_10.tif,6945946,16.45,0.0214,0
g6_00042_10.tif,6948302,37.78,0.8191,1
g6_00042_10.tif,6948322,10.46,0.0,0
g6_00042_10.tif,6948335,30.61,0.1812,0
g6_00042_10.tif,6948584,12.59,0.0,0
g6_00042_10.tif,6966536,29.38,0.2114,0
g6_00042_10.tif,7065629,30.61,0.3377,0
g6_00042_15.tif,6483312,20.99,0.0,0
g6_00042_16.tif,6220123,20.99,0.0,0
g6_00042_16.tif,6483357,10.4,0.0,0
g6_00042_16.tif,6542018,10.4,0.0,0
g6_00042_16.tif,6566618,16.41,0.0,0
g6_00042_16.tif,6619821,16.41,0.0,0
g6_00042_16.tif,6716624,23.68,0.3952,0
g6_00042_16.tif,6716634,10.4,0.0,0
g6_00042_16.tif,6838986,19.68,0.0,0
g6_00042_16.tif,6868251,19.68,0.0,0
g6_00042_16.tif,6868261,7.74,0.0,0
g6_00042_16.tif,6868268,21.11,0.2804,0
g6_00042_16.tif,6891483,10.4,0.0,0
g6_00042_16.tif,6927018,31.45,0.5743,1
g6_00042_16.tif,6927028,10.4,0.0,0
g6_00042_16.tif,6927030,20.99,0.0,0
g6_00042_16.tif,6927033,30.51,0.4271,0
g6_00042_17.tif,6635774,20.99,0.0,0
g6_00042_17.tif,6716624,10.4,0.0,0
g6_00042_8.tif,6083900,19.83,0.0,0
g6_00042_8.tif,6130604,10.46,0.0,0
g6_00042_8.tif,6130606,12.59,0.0,0
g6_00042_8.tif,6130607,10.46,0.0,0
g6_00042_8.tif,6130975,19.83,0.0,0
g6_00042_8.tif,6130976,16.45,0.0,0
g6_00042_8.tif,6148010,19.83,0.0,0
g6_00042_8.tif,6148011,10.46,0.0,0
g6_00042_8.tif,6164061,19.83,0.0,0
g6_00042_8.tif,6175261,19.83,0.0,0
g6_00042_8.tif,6182316,21.26,0.0,0
g6_00042_8.tif,6184121,21.26,0.0,0
g6_00042_8.tif,6184125,21.26,0.0,0
g6_00042_8.tif,6184227,12.59,0.0,0
g6_00042_8.tif,6184229,16.45,0.0,0
g6_00042_8.tif,6188335,16.45,0.0,0
g6_00042_8.tif,6188338,16.45,0.0,0
g6_00042_8.tif,6206298,10.46,0.0,0
g6_00042_8.tif,6206299,21.26,0.0,0
g6_00042_8.tif,6206300,20.99,0.0,0
g6_00042_8.tif,6206302,16.45,0.0,0
g6_00042_8.tif,6206303,16.45,0.0,0
g6_00042_8.tif,6208585,16.45,0.0,0
g6_00042_8.tif,6208586,23.71,0.0,0
g6_00042_8.tif,6215457,19.83,0.0,0
g6_00042_8.tif,6215458,19.83,0.0,0
g6_00042_8.tif,6215459,16.45,0.0,0
g6_00042_8.tif,6219241,25.12,0.0,0
g6_00042_8.tif,6226656,16.45,0.0,0
g6_00042_8.tif,6226657,10.46,0.0,0
g6_00042_8.tif,6233256,21.26,0.0,0
g6_00042_8.tif,6236981,10.46,0.0,0
g6_00042_8.tif,6240365,10.46,0.0,0
g6_00042_8.tif,6240366,16.45,0.0,0
g6_00042_8.tif,6248620,20.99,0.0,0
g6_00042_8.tif,6248621,12.59,0.0,0
g6_00042_8.tif,6252114,7.82,0.0,0
g6_00042_8.tif,6258828,19.83,0.0,0
g6_00042_8.tif,6258830,7.82,0.0,0
g6_00042_8.tif,6260877,21.26,0.0,0
g6_00042_8.tif,6264248,21.26,0.0,0
g6_00042_8.tif,6264249,16.45,0.0,0
g6_00042_8.tif,6264250,30.61,0.0,0
g6_00042_8.tif,6264251,19.83,0.0,0
g6_00042_8.tif,6267666,7.82,0.0,0
g6_00042_8.tif,6267668,12.59,0.0,0
g6_00042_8.tif,6268241,30.61,0.0,0
g6_00042_8.tif,6268884,7.82,0.0,0
g6_00042_8.tif,6268885,10.46,0.0,0
g6_00042_8.tif,6281351,25.12,0.0,0
g6_00042_8.tif,6313077,19.83,0.0,0
g6_00042_8.tif,6314301,19.83,0.0,0
g6_00042_8.tif,6314304,19.83,0.0,0
g6_00042_8.tif,6319091,25.12,0.0,0
g6_00042_8.tif,6319093,20.99,0.0,0
g6_00042_8.tif,6319094,10.46,0.0,0
g6_00042_8.tif,6319318,16.45,0.0,0
g6_00042_8.tif,6393598,23.71,0.0,0
g6_00042_8.tif,6413883,21.26,0.0,0
g6_00042_8.tif,6436459,29.38,0.0,0
g6_00042_8.tif,6449575,16.45,0.0,0
g6_00042_8.tif,6452895,21.26,0.0,0
g6_00042_8.tif,6455491,16.45,0.0,0
g6_00042_8.tif,6465221,19.83,0.0,0
g6_00042_8.tif,6465222,19.83,0.0,0
g6_00042_8.tif,6486315,16.45,0.0,0
g6_00042_8.tif,6486316,21.26,0.0,0
g6_00042_8.tif,6489352,12.59,0.0,0
g6_00042_8.tif,6489355,10.46,0.0,0
g6_00042_8.tif,6556740,32.82,0.0,0
g6_00042_8.tif,6558643,10.46,0.0,0
g6_00042_8.tif,6558645,16.45,0.0,0
g6_00042_8.tif,6568712,10.46,0.0,0
g6_00042_8.tif,6587155,12.59,0.0,0
g6_00042_8.tif,6587157,10.46,0.0,0
g6_00042_8.tif,6606817,19.83,0.0,0
g6_00042_8.tif,6627355,16.45,0.0,0
g6_00042_8.tif,6659970,16.45,0.0,0
g6_00042_8.tif,6659972,19.83,0.0,0
g6_00042_8.tif,6681024,10.46,0.0,0
g6_00042_8.tif,6681026,12.59,0.0,0
g6_00042_8.tif,6706713,10.46,0.0,0
g6_00042_8.tif,6755801,19.83,0.0,0
g6_00042_8.tif,6755804,19.83,0.0,0
g6_00042_8.tif,6757177,31.47,0.0,0
g6_00042_8.tif,6763965,21.26,0.0,0
g6_00042_8.tif,6790423,21.26,0.0,0
g6_00042_8.tif,6801923,16.45,0.0,0
g6_00042_8.tif,6801924,10.46,0.0,0
g6_00042_8.tif,6801925,16.45,0.0,0
g6_00042_8.tif,6811524,19.83,0.0,0
g6_00042_8.tif,6823259,10.46,0.0,0
g6_00042_8.tif,6823260,16.45,0.0,0
g6_00042_8.tif,6823264,10.46,0.0,0
g6_00042_8.tif,6868937,10.46,0.0,0
g6_00042_8.tif,6868938,16.45,0.0,0
g6_00042_8.tif,6868939,16.45,0.0,0
g6_00042_8.tif,6897993,25.12,0.0,0
g6_00042_8.tif,6897996,19.83,0.0,0
g6_00042_8.tif,6908712,43.87,0.0,0
g6_00042_8.tif,7011885,19.83,0.0,0
g6_00042_9.tif,6087163,10.46,0.0,0
g6_00042_9.tif,6130103,54.56,0.7249,1
g6_00042_9.tif,6130113,21.26,0.0,0
g6_00042_9.tif,6206267,29.38,0.0,0
g6_00042_9.tif,6206272,23.71,0.0,0
g6_00042_9.tif,6206276,10.46,0.0,0
g6_00042_9.tif,6206282,16.45,0.6179,1
g6_00042_9.tif,6206284,29.38,0.0,0
g6_00042_9.tif,6206286,20.99,0.2923,0
g6_00042_9.tif,6206288,23.71,0.0,0
g6_00042_9.tif,6206498,23.71,0.0,0
g6_00042_9.tif,6231810,19.83,0.0,0
g6_00042_9.tif,6259628,39.46,0.6445,1
g6_00042_9.tif,6259631,37.09,0.4909,0
g6_00042_9.tif,6264515,4.2,0.0238,0
g6_00042_9.tif,6392924,23.71,0.2917,0
g6_00042_9.tif,6401145,25.12,0.0,0
g6_00042_9.tif,6401151,20.99,0.0,0
g6_00042_9.tif,6413881,29.38,0.5417,1
g6_00042_9.tif,6486296,7.82,0.011,0
g6_00042_9.tif,6486301,43.87,0.0,0
g6_00042_9.tif,6486303,23.71,0.1754,0
g6_00042_9.tif,6486319,10.46,0.2277,0
g6_00042_9.tif,6489338,21.26,0.3151,0
g6_00042_9.tif,6489346,10.46,0.2941,0
g6_00042_9.tif,6489357,37.09,0.512,1
g6_00042_9.tif,6489363,10.46,0.1143,0
g6_00042_9.tif,6568698,21.26,0.0,0
g6_00042_9.tif,6568708,20.99,0.0,0
g6_00042_9.tif,6589077,16.45,0.2,0
g6_00042_9.tif,6604721,99.03,0.6212,1
g6_00042_9.tif,6604737,20.99,0.5668,1
g6_00042_9.tif,6648850,16.45,0.0,0
g6_00042_9.tif,6683962,25.12,0.1469,0
g6_00042_9.tif,6683971,16.45,0.0,0
g6_00042_9.tif,6683993,23.71,0.0,0
g6_00042_9.tif,6762496,51.13,0.1293,0
g6_00042_9.tif,6762503,71.35,0.0,0
g6_00042_9.tif,6762549,30.61,0.0,0
g6_00042_9.tif,6762552,10.46,0.2846,0
g6_00042_9.tif,6762553,29.38,0.0,0
g6_00042_9.tif,6765437,35.57,0.1742,0
g6_00042_9.tif,6900315,29.38,0.4896,0
g6_00042_9.tif,6900322,21.26,0.0,0
g6_00042_9.tif,6900412,25.12,0.5312,1
g6_00042_9.tif,6945933,20.99,0.4492,0
g6_00042_9.tif,6945934,30.61,0.1076,0
g6_00042_9.tif,6948302,132.7,0.6616,1
g6_00042_9.tif,6948887,30.61,0.0,0
g6_00042_9.tif,6948888,4.2,0.0,0
g6_00042_9.tif,6966499,20.99,0.1754,0
g6_00042_9.tif,6966556,7.82,0.0,0
g6_00042_9.tif,7065626,16.45,0.0702,0
g6_00042_9.tif,7065629,30.61,0.3718,0
g6_00043_4.tif,6302586,31.61,0.0,0
g6_00043_4.tif,6302591,21.11,0.0,0
g6_00043_4.tif,6302592,10.4,0.0,0
g6_00043_4.tif,6302602,10.4,0.0,0
g6_00043_4.tif,6906747,37.01,0.0,0
g6_00043_4.tif,7065074,12.59,0.0,0
g6_00043_4.tif,7065075,10.4,0.0,0
g6_00043_4.tif,7065082,31.45,0.0,0
g6_00043_4.tif,7065083,10.4,0.0,0
g6_00043_4.tif,7072608,23.68,0.0,0
g6_00043_5.tif,6681503,12.59,0.0,0
g6_00043_6.tif,6790753,31.61,0.0,0
g6_00043_6.tif,6790755,10.4,0.0,0
g6_00043_6.tif,6790756,12.59,0.0,0
g6_00043_6.tif,7003773,20.99,0.0,0
g6_00043_6.tif,7003775,16.41,0.0,0
g6_00043_6.tif,7003776,12.59,0.0,0
g6_00044_16.tif,6142696,12.59,0.0,0
g6_00044_16.tif,6220032,12.59,0.0,0
g6_00044_16.tif,6220043,16.41,0.0,0
g6_00044_16.tif,6220183,10.4,0.0,0
g6_00044_16.tif,6221100,12.59,0.0,0
g6_00044_16.tif,6408224,19.68,0.0,0
g6_00044_16.tif,6408226,21.11,0.0,0
g6_00044_16.tif,6505369,21.11,0.0,0
g6_00044_16.tif,6832571,7.74,0.0,0
g6_00044_17.tif,6297107,24.99,0.0,0
g6_00044_17.tif,6297108,37.01,0.0,0
g6_00044_17.tif,6297110,37.01,0.0,0
g6_00044_17.tif,6297111,37.01,0.0,0
g6_00044_17.tif,6297121,30.51,0.0,0
g6_00044_17.tif,6297123,10.4,0.0,0
g6_00044_17.tif,6297350,16.41,0.0,0
g6_00044_17.tif,6297389,10.4,0.0,0
g6_00044_17.tif,6983642,37.01,0.0,0
g6_00044_17.tif,6983643,37.01,0.0,0
g6_00044_17.tif,6983644,20.99,0.0,0
g6_00044_17.tif,6984228,16.41,0.0,0
g6_00044_18.tif,6103512,47.58,0.0,0
g6_00044_18.tif,6103514,16.41,0.0,0
g6_00044_18.tif,6103515,12.59,0.0,0
g6_00044_18.tif,6117991,20.99,0.0,0
g6_00044_18.tif,6117993,19.68,0.0,0
g6_00044_18.tif,6118053,16.41,0.0,0
g6_00044_18.tif,6118061,10.4,0.0,0
g6_00044_18.tif,6118092,21.11,0.0,0
g6_00044_18.tif,6141211,19.68,0.0,0
g6_00044_18.tif,6141214,10.4,0.0,0
g6_00044_18.tif,6141222,10.4,0.0,0
g6_00044_18.tif,6141356,16.41,0.0,0
g6_00044_18.tif,6173507,10.4,0.0,0
g6_00044_18.tif,6183993,20.99,0.0,0
g6_00044_18.tif,6184003,19.68,0.0,0
g6_00044_18.tif,6435282,20.99,0.0,0
g6_00044_18.tif,6534923,10.4,0.0,0
g6_00044_18.tif,6534936,20.99,0.0,0
g6_00044_18.tif,6534938,12.59,0.0,0
g6_00044_18.tif,6534941,10.4,0.0,0
g6_00044_18.tif,6534942,31.61,0.0,0
g6_00044_18.tif,6748355,29.39,0.0,0
g6_00044_18.tif,6778466,12.59,0.0,0
g6_00044_18.tif,6778470,23.68,0.0,0
g6_00044_18.tif,6778472,12.59,0.0,0
g6_00045_10.tif,6130111,19.68,0.0,0
g6_00045_10.tif,6181062,49.79,0.0,0
g6_00045_10.tif,6181070,62.97,0.8142,1
g6_00045_10.tif,6181074,30.51,0.3433,0
g6_00045_10.tif,6181092,16.41,0.2471,0
g6_00045_10.tif,6182310,16.41,0.46,0
g6_00045_10.tif,6182311,16.41,0.4141,0
g6_00045_10.tif,6182314,23.68,0.541,1
g6_00045_10.tif,6182341,16.41,0.0988,0
g6_00045_10.tif,6184222,54.58,0.5896,1
g6_00045_10.tif,6184225,35.36,0.0,0
g6_00045_10.tif,6184234,46.18,0.4185,0
g6_00045_10.tif,6184408,20.99,0.4026,0
g6_00045_10.tif,6188325,20.99,0.0,0
g6_00045_10.tif,6188326,10.4,0.0,0
g6_00045_10.tif,6192557,44.1,0.0,0
g6_00045_10.tif,6192558,71.93,0.6875,1
g6_00045_10.tif,6192560,24.99,0.3529,0
g6_00045_10.tif,6192564,29.39,0.4859,0
g6_00045_10.tif,6192570,16.41,0.1757,0
g6_00045_10.tif,6192572,20.99,0.2542,0
g6_00045_10.tif,6192618,10.4,0.0,0
g6_00045_10.tif,6206280,30.51,0.0,0
g6_00045_10.tif,6206296,20.99,0.0,0
g6_00045_10.tif,6226650,29.39,0.0,0
g6_00045_10.tif,6226651,24.99,0.0,0
g6_00045_10.tif,6226652,10.4,0.0,0
g6_00045_10.tif,6426419,16.41,0.0,0
g6_00045_10.tif,6486301,31.45,0.0,0
g6_00045_10.tif,6558621,54.18,0.6512,1
g6_00045_10.tif,6558623,12.59,0.2927,0
g6_00045_10.tif,6558626,50.98,0.554,1
g6_00045_10.tif,6558629,37.01,0.5167,1
g6_00045_10.tif,6558638,16.41,0.419,0
g6_00045_10.tif,6558639,12.59,0.0117,0
g6_00045_10.tif,6558641,24.99,0.0,0
g6_00045_10.tif,6558751,12.59,0.0,0
g6_00045_10.tif,6568708,12.59,0.0,0
g6_00045_10.tif,6587140,12.59,0.0,0
g6_00045_10.tif,6587441,29.39,0.0,0
g6_00045_10.tif,6587459,16.41,0.0,0
g6_00045_10.tif,6667631,55.78,0.6667,1
g6_00045_10.tif,6667636,31.61,0.4133,0
g6_00045_10.tif,6692402,20.99,0.0,0
g6_00045_10.tif,6706696,10.4,0.0,0
g6_00045_10.tif,6706697,20.99,0.0,0
g6_00045_10.tif,6706702,29.39,0.0,0
g6_00045_10.tif,6706703,23.68,0.284,0
g6_00045_10.tif,6706704,20.99,0.0,0
g6_00045_10.tif,6706708,29.39,0.0,0
g6_00045_10.tif,6706719,24.99,0.0,0
g6_00045_10.tif,6706776,10.4,0.0,0
g6_00045_10.tif,6706905,16.41,0.0766,0
g6_00045_10.tif,6707081,4.2,0.0341,0
g6_00045_10.tif,6780784,51.55,0.0,0
g6_00045_10.tif,6780788,31.45,0.4178,0
g6_00045_10.tif,6823234,37.78,0.5703,1
g6_00045_10.tif,6823236,39.45,0.4056,0
g6_00045_10.tif,6823243,29.39,0.4833,0
g6_00045_10.tif,6823370,10.4,0.0062,0
g6_00045_10.tif,6823454,20.99,0.1579,0
g6_00045_10.tif,6823514,23.68,0.4538,0
g6_00045_10.tif,6823577,10.4,0.0,0
g6_00045_10.tif,6948318,37.01,0.125,0
g6_00045_10.tif,6948887,29.39,0.0,0
g6_00045_10.tif,6966462,16.41,0.0,0
g6_00045_11.tif,6181092,10.4,0.2121,0
g6_00045_11.tif,6182314,23.68,0.6296,1
g6_00045_11.tif,6316168,44.1,0.5693,1
g6_00045_11.tif,6316201,20.99,0.4459,0
g6_00045_11.tif,6319194,7.74,0.0,0
g6_00045_11.tif,6323688,44.1,0.5929,1
g6_00045_11.tif,6323697,37.78,0.7358,1
g6_00045_11.tif,6330860,20.99,0.0,0
g6_00045_11.tif,6330868,16.41,0.3878,0
g6_00045_11.tif,6330909,12.59,0.0625,0
g6_00045_11.tif,6786617,37.01,0.0,0
g6_00045_11.tif,6808806,20.99,0.0,0
g6_00045_11.tif,6808911,12.59,0.2034,0
g6_00045_16.tif,6092333,10.46,0.0,0
g6_00045_16.tif,6238825,30.62,0.0,0
g6_00045_16.tif,6238830,12.6,0.0,0
g6_00045_16.tif,6238831,4.2,0.0,0
g6_00045_16.tif,6457574,10.46,0.0,0
g6_00045_16.tif,6457576,12.6,0.0,0
g6_00045_16.tif,6457578,12.6,0.0,0
g6_00045_16.tif,6562588,10.46,0.0,0
g6_00045_16.tif,6562594,10.46,0.0,0
g6_00045_16.tif,6593595,16.45,0.0,0
g6_00045_16.tif,6616082,16.45,0.0,0
g6_00045_16.tif,6650483,21.0,0.0,0
g6_00045_16.tif,6650484,12.6,0.0,0
g6_00045_16.tif,6651812,12.6,0.0,0
g6_00045_16.tif,6705892,37.11,0.0,0
g6_00045_16.tif,6705913,10.46,0.0,0
g6_00045_16.tif,6705920,12.6,0.0,0
g6_00045_16.tif,6706102,10.46,0.0,0
g6_00045_16.tif,6744939,16.45,0.0,0
g6_00045_17.tif,6457581,25.12,0.0063,0
g6_00045_17.tif,6593576,10.46,0.0,0
g6_00045_17.tif,6705936,25.12,0.0,0
g6_00045_17.tif,6984926,19.83,0.0,0
g6_00045_17.tif,6984927,7.82,0.0,0
g6_00045_9.tif,6086255,30.51,0.0,0
g6_00045_9.tif,6181088,21.11,0.0,0
g6_00045_9.tif,6192574,31.45,0.0,0
g6_00045_9.tif,6226653,31.61,0.5784,1
g6_00045_9.tif,6258830,12.59,0.0,0
g6_00045_9.tif,6455468,20.99,0.0,0
g6_00045_9.tif,6455471,16.41,0.0,0
g6_00045_9.tif,6558647,12.59,0.0,0
g6_00045_9.tif,6587155,10.4,0.0,0
g6_00045_9.tif,6706713,10.4,0.0,0
g6_00045_9.tif,6823258,10.4,0.0,0
g6_00045_9.tif,6823259,4.2,0.0,0
g6_00045_9.tif,6823260,16.41,0.0,0
g6_00045_9.tif,6823265,10.4,0.0,0
g6_00045_9.tif,6948339,21.11,0.0,0
g6_00046_6.tif,6123886,12.6,0.0,0
g6_00046_6.tif,6123890,10.46,0.0,0
g6_00046_6.tif,6153591,12.6,0.0,0
g6_00046_6.tif,6220128,16.45,0.0,0
g6_00046_6.tif,6220129,21.26,0.0,0
g6_00046_6.tif,6220134,25.12,0.0,0
g6_00046_6.tif,6220142,29.4,0.0,0
g6_00046_6.tif,6272425,10.46,0.0,0
g6_00046_6.tif,6307917,10.46,0.0,0
g6_00046_6.tif,6307931,30.62,0.0,0
g6_00046_6.tif,6404191,21.0,0.0,0
g6_00046_6.tif,6404192,16.45,0.0,0
g6_00046_6.tif,6404193,30.62,0.0,0
g6_00046_6.tif,6504527,51.14,0.0,0
g6_00046_6.tif,6876239,10.46,0.0,0
g6_00046_6.tif,6876240,10.46,0.0,0
g6_00046_6.tif,6876248,10.46,0.0,0
g6_00046_6.tif,6877839,10.46,0.0,0
g6_00046_6.tif,6879700,12.6,0.0,0
g6_00046_6.tif,6906876,21.0,0.0,0
g6_00046_6.tif,7070587,10.46,0.0,0
g6_00046_6.tif,7070595,10.46,0.0,0
g6_00046_6.tif,7070597,10.46,0.0,0
g6_00046_6.tif,7073450,29.4,0.0,0
g6_00046_6.tif,7073457,16.45,0.0,0
g6_00046_6.tif,7073459,10.46,0.0,0
g6_00046_7.tif,6448177,25.12,0.0,0
g6_00046_7.tif,6448178,10.46,0.0,0
g6_00046_7.tif,6906856,16.45,0.0,0
g6_00046_7.tif,6906857,21.26,0.4211,0
g6_00046_7.tif,6906864,25.12,0.6667,1
g6_00046_7.tif,6906876,35.57,0.0,0
g6_00046_7.tif,6907731,25.12,0.0441,0
g6_00046_8.tif,6138886,10.46,0.0,0
g6_00046_8.tif,6138889,30.53,0.0,0
g6_00046_8.tif,6138894,10.46,0.0,0
g6_00046_8.tif,6164924,16.39,0.0,0
g6_00046_8.tif,6644709,32.83,0.0,0
g6_00047_17.tif,6086521,16.45,0.0,0
g6_00047_17.tif,6086528,12.6,0.0,0
g6_00047_17.tif,6142696,16.45,0.0,0
g6_00047_17.tif,6162260,19.83,0.0,0
g6_00047_17.tif,6162261,19.83,0.0,0
g6_00047_17.tif,6162268,16.45,0.0,0
g6_00047_17.tif,6162271,31.48,0.0,0
g6_00047_17.tif,6220112,19.83,0.0,0
g6_00047_17.tif,6221081,10.46,0.0,0
g6_00047_17.tif,6221091,12.6,0.0,0
g6_00047_17.tif,6221095,25.12,0.0,0
g6_00047_17.tif,6221190,10.46,0.0,0
g6_00047_17.tif,6266674,21.26,0.0,0
g6_00047_17.tif,6432343,10.46,0.0,0
g6_00047_17.tif,6832571,16.45,0.0,0
g6_00047_17.tif,7063179,10.46,0.0,0
g6_00047_18.tif,6128701,16.45,0.0,0
g6_00047_18.tif,6580323,19.83,0.0,0
g6_00047_18.tif,6990969,10.46,0.0,0
g6_00047_18.tif,6990987,10.46,0.0,0
g6_00047_18.tif,6991012,10.46,0.0,0
g6_00048_0.tif,6128697,10.46,0.0,0
g6_00048_0.tif,6161997,12.6,0.0,0
g6_00048_0.tif,6162000,12.6,0.0,0
g6_00048_0.tif,6162008,31.48,0.0,0
g6_00048_0.tif,6162058,10.46,0.0,0
g6_00048_0.tif,6179761,21.26,0.0,0
g6_00048_0.tif,6220050,19.83,0.0,0
g6_00048_0.tif,6268988,16.45,0.0,0
g6_00048_0.tif,6290574,12.6,0.0,0
g6_00048_0.tif,6290585,16.45,0.0,0
g6_00048_0.tif,6307803,16.45,0.0,0
g6_00048_0.tif,6307804,16.45,0.0,0
g6_00048_0.tif,6325901,12.6,0.0,0
g6_00048_0.tif,6325902,10.46,0.0,0
g6_00048_0.tif,6494494,10.46,0.0,0
g6_00048_0.tif,6580314,10.46,0.0,0
g6_00048_0.tif,6580320,16.45,0.0,0
g6_00048_0.tif,6610561,10.46,0.0,0
g6_00048_0.tif,6610635,4.2,0.0,0
g6_00048_0.tif,6613621,19.83,0.0,0
g6_00048_0.tif,6688746,16.45,0.0,0
g6_00048_0.tif,6688883,10.46,0.0,0
g6_00048_0.tif,6688950,7.82,0.0,0
g6_00048_0.tif,6689063,7.82,0.0,0
g6_00048_0.tif,6690034,44.59,0.0,0
g6_00048_0.tif,6690037,10.46,0.0,0
g6_00048_0.tif,6690216,10.46,0.0,0
g6_00048_0.tif,6978856,16.45,0.0,0
g6_00048_0.tif,6990991,16.45,0.0,0
g6_00048_0.tif,7016573,10.46,0.0,0
g6_00048_10.tif,6756353,37.79,0.0,0
g6_00048_10.tif,6756354,30.62,0.0,0
g6_00048_10.tif,6756375,21.26,0.0,0
g6_00048_10.tif,6756382,19.83,0.0,0
g6_00050_12.tif,6114954,35.57,0.0,0
g6_00050_12.tif,6149526,10.46,0.0,0
g6_00050_12.tif,6149529,16.46,0.0,0
g6_00050_12.tif,6223616,57.77,0.4028,0
g6_00050_12.tif,6258200,10.46,0.0,0
g6_00050_12.tif,6318857,10.46,0.0,0
g6_00050_12.tif,6405246,39.78,0.0,0
g6_00050_12.tif,6433137,10.46,0.0,0
g6_00050_12.tif,6433292,23.72,0.0,0
g6_00050_12.tif,6433579,10.46,0.0,0
g6_00050_12.tif,6554186,37.11,0.497,0
g6_00050_12.tif,6559582,44.19,0.622,1
g6_00050_12.tif,6559583,23.72,0.0,0
g6_00050_12.tif,6559585,21.26,0.0,0
g6_00050_12.tif,6559586,21.26,0.0,0
g6_00050_12.tif,6571695,30.62,0.325,0
g6_00050_12.tif,6571699,10.46,0.0,0
g6_00050_12.tif,6571701,16.46,0.0,0
g6_00050_12.tif,6571711,16.46,0.5042,1
g6_00050_12.tif,6571801,16.46,0.0,0
g6_00050_12.tif,6606930,10.46,0.0,0
g6_00050_12.tif,6607059,16.46,0.0,0
g6_00050_12.tif,6634276,16.46,0.0,0
g6_00050_12.tif,6691957,37.11,0.6628,1
g6_00050_12.tif,6691960,59.63,0.3724,0
g6_00050_12.tif,6692069,7.82,0.0513,0
g6_00050_12.tif,6698793,45.08,0.0,0
g6_00050_12.tif,6745445,23.72,0.0,0
g6_00050_12.tif,6745451,7.82,0.0,0
g6_00050_12.tif,6747013,10.46,0.0,0
g6_00050_12.tif,6757191,21.26,0.0,0
g6_00050_12.tif,6757422,10.46,0.0,0
g6_00050_12.tif,6762937,39.78,0.0953,0
g6_00050_12.tif,6774479,39.78,0.0,0
g6_00050_12.tif,6831424,30.62,0.5113,1
g6_00050_12.tif,6831437,19.83,0.2442,0
g6_00050_12.tif,6831476,21.26,0.4561,0
g6_00050_12.tif,6835935,23.72,0.2979,0
g6_00050_12.tif,6835943,23.72,0.2,0
g6_00050_12.tif,6845065,10.46,0.0,0
g6_00050_12.tif,6879397,16.46,0.0,0
g6_00050_12.tif,6879401,19.83,0.0,0
g6_00050_12.tif,6884497,50.07,0.7325,1
g6_00050_12.tif,6884511,7.82,0.2,0
g6_00050_12.tif,6884938,10.46,0.0,0
g6_00050_12.tif,6951717,39.78,0.594,1
g6_00050_12.tif,7001634,51.15,0.1048,0
g6_00050_12.tif,7001636,30.62,0.7107,1
g6_00050_12.tif,7001642,50.07,0.7179,1
g6_00050_12.tif,7001647,25.12,0.3172,0
g6_00050_12.tif,7001651,23.72,0.4848,0
g6_00050_12.tif,7001689,10.46,0.0,0
g6_00050_12.tif,7011842,16.46,0.0,0
g6_00050_12.tif,7017015,12.6,0.0625,0
g6_00050_12.tif,7017104,10.46,0.0,0
g6_00050_12.tif,7018909,45.08,0.747,1
g6_00050_12.tif,7043319,79.24,0.3189,0
g6_00050_12.tif,7043323,35.57,0.2015,0
g6_00050_13.tif,6109339,19.83,0.0,0
g6_00050_13.tif,6109676,10.46,0.0,0
g6_00050_13.tif,6114954,37.11,0.5536,1
g6_00050_13.tif,6149529,16.46,0.0,0
g6_00050_13.tif,6150562,10.46,0.0,0
g6_00050_13.tif,6150564,16.46,0.0,0
g6_00050_13.tif,6150567,21.26,0.0,0
g6_00050_13.tif,6185915,10.46,0.0,0
g6_00050_13.tif,6185917,16.46,0.0,0
g6_00050_13.tif,6223480,16.46,0.0,0
g6_00050_13.tif,6223745,10.46,0.0,0
g6_00050_13.tif,6223847,10.46,0.0,0
g6_00050_13.tif,6317228,16.46,0.0,0
g6_00050_13.tif,6318042,12.6,0.0,0
g6_00050_13.tif,6558913,10.46,0.0,0
g6_00050_13.tif,6558914,7.82,0.0,0
g6_00050_13.tif,6559583,29.4,0.0,0
g6_00050_13.tif,6563991,10.46,0.0,0
g6_00050_13.tif,6623090,10.46,0.0,0
g6_00050_13.tif,6623473,10.46,0.0,0
g6_00050_13.tif,6698814,16.46,0.0,0
g6_00050_13.tif,6747544,10.46,0.0,0
g6_00050_13.tif,6747545,12.6,0.0,0
g6_00050_13.tif,6747678,16.46,0.0,0
g6_00050_13.tif,6774485,10.46,0.0,0
g6_00050_13.tif,6774487,10.46,0.0,0
g6_00050_13.tif,6774488,10.46,0.0,0
g6_00050_13.tif,6831424,16.46,0.4,0
g6_00050_13.tif,6831476,21.26,0.3571,0
g6_00050_13.tif,6831555,10.46,0.0,0
g6_00050_13.tif,6884511,10.46,0.1111,0
g6_00050_13.tif,6884938,10.46,0.0,0
g6_00050_13.tif,6915397,10.46,0.0,0
g6_00050_13.tif,7006995,10.46,0.0,0
g6_00050_13.tif,7015417,39.78,0.0,0
g6_00050_13.tif,7043317,12.6,0.0,0
g6_00053_13.tif,6454097,10.46,0.0,0
g6_00053_13.tif,6691957,35.57,0.1327,0
g6_00053_13.tif,6692069,10.46,0.0921,0
g6_00053_13.tif,6797880,21.26,0.0,0
g6_00053_13.tif,6835943,23.72,0.0,0
g6_00053_13.tif,7043323,30.63,0.3619,0
g6_00053_14.tif,6114938,21.26,0.0,0
g6_00053_14.tif,6114947,16.46,0.0,0
g6_00053_14.tif,6114956,10.46,0.0,0
g6_00053_14.tif,6115033,10.46,0.2375,0
g6_00053_14.tif,6115139,10.46,0.0,0
g6_00053_14.tif,6143808,21.26,0.0,0
g6_00053_14.tif,6151729,10.46,0.0,0
g6_00053_14.tif,6151738,10.46,0.0,0
g6_00053_14.tif,6185961,10.46,0.1695,0
g6_00053_14.tif,6216863,19.83,0.0,0
g6_00053_14.tif,6273889,16.46,0.0,0
g6_00053_14.tif,6274038,10.46,0.1923,0
g6_00053_14.tif,6318054,21.26,0.0,0
g6_00053_14.tif,6318059,37.12,0.3294,0
g6_00053_14.tif,6318064,16.46,0.0,0
g6_00053_14.tif,6318069,16.46,0.0,0
g6_00053_14.tif,6318072,19.83,0.4211,0
g6_00053_14.tif,6401528,16.46,0.0,0
g6_00053_14.tif,6401529,30.63,0.0,0
g6_00053_14.tif,6558914,10.46,0.0,0
g6_00053_14.tif,6563991,7.81,0.0,0
g6_00053_14.tif,6563996,10.46,0.0,0
g6_00053_14.tif,6610927,16.46,0.25,0
g6_00053_14.tif,6610928,10.46,0.0172,0
g6_00053_14.tif,6610929,10.46,0.0,0
g6_00053_14.tif,6623065,10.46,0.0,0
g6_00053_14.tif,6623072,16.46,0.0,0
g6_00053_14.tif,6623086,10.46,0.0,0
g6_00053_14.tif,6692000,10.46,0.0,0
g6_00053_14.tif,6694118,10.46,0.0,0
g6_00053_14.tif,6698800,19.83,0.0,0
g6_00053_14.tif,6698805,32.81,0.3977,0
g6_00053_14.tif,6698811,16.46,0.0,0
g6_00053_14.tif,6698815,91.3,0.7794,1
g6_00053_14.tif,6698824,10.46,0.0,0
g6_00053_14.tif,6698831,19.83,0.0,0
g6_00053_14.tif,6724914,16.46,0.0,0
g6_00053_14.tif,6788277,12.6,0.0,0
g6_00053_14.tif,6788282,10.46,0.0149,0
g6_00053_14.tif,6788334,10.46,0.0,0
g6_00053_14.tif,6827116,16.46,0.0,0
g6_00053_14.tif,6827119,10.46,0.0,0
g6_00053_14.tif,6828983,16.46,0.0,0
g6_00053_14.tif,6884499,30.63,0.3404,0
g6_00053_14.tif,6884501,23.72,0.0,0
g6_00053_14.tif,6884510,23.72,0.0,0
g6_00053_14.tif,6884525,16.46,0.0,0
g6_00053_14.tif,6884532,16.46,0.0,0
g6_00053_14.tif,6884538,10.46,0.0,0
g6_00053_14.tif,6884557,10.46,0.0,0
g6_00053_14.tif,6884577,31.49,0.4371,0
g6_00053_14.tif,6951770,39.79,0.0,0
g6_00053_14.tif,6952925,16.46,0.0,0
g6_00053_14.tif,7015417,12.6,0.0,0
g6_00053_14.tif,7015418,21.01,0.0,0
g6_00053_14.tif,7019970,16.46,0.0391,0
g6_00053_14.tif,7030600,64.79,0.0,0
g6_00053_14.tif,7030602,29.41,0.0,0
g6_00053_14.tif,7030603,10.46,0.0,0
g6_00053_14.tif,7043318,10.46,0.0,0
g6_00053_14.tif,7043326,30.63,0.5263,1
g6_00053_14.tif,7043328,16.46,0.0,0
g6_00053_14.tif,7043335,35.57,0.637,1
g6_00053_14.tif,7043338,23.72,0.0,0
g6_00053_15.tif,6115033,10.46,0.233,0
g6_00053_15.tif,6184155,23.72,0.0,0
g6_00053_15.tif,6184671,16.46,0.0,0
g6_00053_15.tif,6216863,21.26,0.0,0
g6_00053_15.tif,6216872,21.26,0.0,0
g6_00053_15.tif,6604920,10.46,0.0,0
g6_00053_15.tif,6604921,10.46,0.0,0
g6_00053_15.tif,6605060,21.26,0.0,0
g6_00053_15.tif,6605075,10.46,0.0,0
g6_00053_15.tif,6623086,10.46,0.0,0
g6_00053_15.tif,6774478,44.59,0.0,0
g6_00053_15.tif,6831426,29.41,0.0,0
g6_00053_15.tif,6884499,69.11,0.7521,1
g6_00053_15.tif,6884501,21.01,0.0,0
g6_00053_15.tif,6884516,25.12,0.4536,0
g6_00053_15.tif,6884575,54.45,0.0,0
g6_00053_15.tif,6915372,16.46,0.0,0
g6_00053_15.tif,7030603,10.46,0.0,0
g6_00056_14.tif,6826642,16.46,0.0,0
g6_00056_16.tif,6698798,21.26,0.0913,0
g6_00056_16.tif,6969654,30.63,0.5377,1
g6_00056_16.tif,7030510,37.12,0.0,0
g6_00056_16.tif,7030597,25.13,0.0,0
g6_00056_16.tif,7030598,30.63,0.0,0
g6_00060_17.tif,6126915,31.84,0.0,0
g6_00060_17.tif,6126918,19.83,0.0,0
g6_00060_17.tif,6126929,7.81,0.0,0
g6_00060_17.tif,6126930,16.46,0.0,0
g6_00060_17.tif,6126931,23.73,0.0,0
g6_00060_17.tif,6126932,19.83,0.0,0
g6_00060_17.tif,6126945,21.26,0.0,0
g6_00060_18.tif,6126927,31.87,0.6623,1
g6_00060_18.tif,6128516,19.86,0.0,0
g6_00060_18.tif,6128518,19.86,0.0,0
g6_00060_18.tif,6128520,10.46,0.0,0
g6_00060_18.tif,6128521,23.61,0.0,0
g6_00060_18.tif,6139563,19.86,0.0,0
g6_00060_18.tif,6139566,19.86,0.0,0
g6_00060_18.tif,6139576,20.88,0.0,0
g6_00060_18.tif,6139583,19.86,0.0,0
g6_00060_18.tif,6139618,16.4,0.0,0
g6_00060_18.tif,6139744,16.4,0.0,0
g6_00060_18.tif,6142403,31.33,0.6622,1
g6_00060_18.tif,6142408,19.86,0.0,0
g6_00060_18.tif,6142409,19.86,0.0,0
g6_00060_18.tif,6142411,19.86,0.0,0
g6_00060_18.tif,6142413,23.61,0.0,0
g6_00060_18.tif,6142562,16.4,0.0,0
g6_00060_18.tif,6142609,10.46,0.0,0
g6_00060_18.tif,6260964,31.87,0.0,0
g6_00060_18.tif,6260973,20.88,0.0,0
g6_00060_18.tif,6285503,19.86,0.0,0
g6_00060_18.tif,6314546,19.86,0.0,0
g6_00060_18.tif,6460914,31.87,0.0,0
g6_00060_18.tif,6460916,16.4,0.0,0
g6_00060_18.tif,6460917,19.86,0.2714,0
g6_00060_18.tif,6461064,23.61,0.2373,0
g6_00060_18.tif,6461086,20.88,0.0781,0
g6_00060_18.tif,6498371,19.86,0.0,0
g6_00060_18.tif,6498373,16.4,0.0,0
g6_00060_18.tif,6498445,19.86,0.0,0
g6_00060_18.tif,6498558,16.4,0.0,0
g6_00060_18.tif,6607430,4.18,0.0,0
g6_00060_18.tif,6620126,23.61,0.0,0
g6_00061_0.tif,6139573,32.81,0.0,0
g6_00061_0.tif,6142403,21.02,0.619,1
g6_00061_0.tif,6142404,12.61,0.0,0
g6_00061_0.tif,6176161,10.46,0.0,0
g6_00061_0.tif,6176164,21.26,0.0,0
g6_00061_0.tif,6176166,16.46,0.0,0
g6_00061_0.tif,6285501,21.26,0.0,0
g6_00061_0.tif,6285506,16.46,0.0,0
g6_00061_0.tif,6285622,19.83,0.0,0
g6_00061_0.tif,6607430,19.83,0.0,0
g6_00061_0.tif,6611795,21.02,0.0,0
g6_00061_0.tif,6612479,25.13,0.0,0
g6_00061_0.tif,6648423,10.46,0.0,0
g6_00061_0.tif,6648424,16.46,0.0,0
g6_00061_0.tif,6650066,54.65,0.0,0
g6_00061_0.tif,6650076,19.83,0.0,0
g6_00061_0.tif,6671553,10.46,0.0,0
g6_00061_0.tif,6671554,16.46,0.0,0
g6_00061_0.tif,6673026,16.46,0.0,0
g6_00061_0.tif,6673029,10.46,0.0,0
g6_00061_0.tif,6673157,16.46,0.0,0
g6_00061_0.tif,6673158,16.46,0.0,0
g6_00061_0.tif,6673277,43.86,0.6062,1
g6_00061_0.tif,6704599,59.65,0.1637,0
g6_00061_0.tif,6716066,93.87,0.7351,1
g6_00061_0.tif,6719536,79.25,0.4662,0
g6_00061_0.tif,6719835,83.61,0.6861,1
g6_00061_0.tif,6719879,83.61,0.7935,1
g6_00061_0.tif,6772468,12.61,0.0,0
g6_00061_0.tif,6934832,16.46,0.0,0
g6_00061_0.tif,6998732,12.61,0.0,0
g6_00064_1.tif,6297076,64.7,0.1357,0
g6_00064_1.tif,6297174,30.53,0.3505,0
g6_00064_1.tif,6297284,10.4,0.0781,0
g6_00064_1.tif,6497111,10.4,0.0,0
g6_00064_1.tif,6497112,21.11,0.4556,0
g6_00064_1.tif,6497113,19.67,0.18,0
g6_00064_1.tif,6497114,30.53,0.0,0
g6_00064_1.tif,6497121,31.61,0.0,0
g6_00064_1.tif,6497126,54.2,0.3478,0
g6_00064_1.tif,6497129,21.11,0.1961,0
g6_00064_1.tif,6497133,10.4,0.0899,0
g6_00064_1.tif,6497345,19.67,0.4179,0
g6_00064_1.tif,6611712,39.6,0.1019,0
g6_00064_1.tif,6611717,25.0,0.0338,0
g6_00064_1.tif,6611747,69.37,0.2131,0
g6_00064_1.tif,6611751,25.0,0.2796,0
g6_00064_1.tif,6611752,46.42,0.5251,1
g6_00064_1.tif,6611758,39.6,0.5987,1
g6_00064_1.tif,6611761,16.42,0.4536,0
g6_00064_1.tif,6611764,10.4,0.0,0
g6_00064_1.tif,6611767,35.36,0.3284,0
g6_00064_1.tif,6611772,10.4,0.0833,0
g6_00064_1.tif,6611783,21.11,0.0,0
g6_00064_1.tif,6611797,30.53,0.3231,0
g6_00064_1.tif,6611814,30.53,0.0,0
g6_00064_1.tif,6612229,19.67,0.0,0
g6_00064_1.tif,6612348,4.2,0.0,0
g6_00064_1.tif,6673010,39.6,0.538,1
g6_00064_1.tif,6673011,30.53,0.4112,0
g6_00064_1.tif,6673015,37.04,0.0,0
g6_00064_1.tif,6673024,19.67,0.0969,0
g6_00064_1.tif,6673121,30.53,0.0,0
g6_00064_1.tif,6673122,35.36,0.7063,1
g6_00064_1.tif,6673277,154.01,0.8182,1
g6_00064_1.tif,6682712,29.43,0.5375,1
g6_00064_1.tif,6719536,31.61,0.6786,1
g6_00064_1.tif,6998728,32.58,0.0,0
g6_00064_1.tif,6998729,71.59,0.0,0
g6_00064_1.tif,6998856,10.4,0.0,0
g6_00064_1.tif,6998909,16.42,0.0,0
